[2026-05-31T11:38:13.255+0000] {processor.py:161} INFO - Started process (PID=102) to work on /home/airflow/.local/lib/python3.12/site-packages/airflow/example_dags/example_local_kubernetes_executor.py
[2026-05-31T11:38:13.257+0000] {processor.py:830} INFO - Processing file /home/airflow/.local/lib/python3.12/site-packages/airflow/example_dags/example_local_kubernetes_executor.py for tasks to queue
[2026-05-31T11:38:13.259+0000] {logging_mixin.py:188} INFO - [2026-05-31T11:38:13.259+0000] {dagbag.py:540} INFO - Filling up the DagBag from /home/airflow/.local/lib/python3.12/site-packages/airflow/example_dags/example_local_kubernetes_executor.py
[2026-05-31T11:38:13.279+0000] {processor.py:840} INFO - DAG(s) 'example_local_kubernetes_executor' retrieved from /home/airflow/.local/lib/python3.12/site-packages/airflow/example_dags/example_local_kubernetes_executor.py
[2026-05-31T11:38:13.294+0000] {logging_mixin.py:188} INFO - [2026-05-31T11:38:13.294+0000] {dag.py:3096} INFO - Sync 1 DAGs
[2026-05-31T11:38:13.308+0000] {logging_mixin.py:188} INFO - [2026-05-31T11:38:13.308+0000] {dag.py:3954} INFO - Setting next_dagrun for example_local_kubernetes_executor to None, run_after=None
[2026-05-31T11:38:13.345+0000] {processor.py:183} INFO - Processing /home/airflow/.local/lib/python3.12/site-packages/airflow/example_dags/example_local_kubernetes_executor.py took 0.096 seconds
[2026-05-31T11:38:43.463+0000] {processor.py:161} INFO - Started process (PID=160) to work on /home/airflow/.local/lib/python3.12/site-packages/airflow/example_dags/example_local_kubernetes_executor.py
[2026-05-31T11:38:43.464+0000] {processor.py:830} INFO - Processing file /home/airflow/.local/lib/python3.12/site-packages/airflow/example_dags/example_local_kubernetes_executor.py for tasks to queue
[2026-05-31T11:38:43.466+0000] {logging_mixin.py:188} INFO - [2026-05-31T11:38:43.466+0000] {dagbag.py:540} INFO - Filling up the DagBag from /home/airflow/.local/lib/python3.12/site-packages/airflow/example_dags/example_local_kubernetes_executor.py
[2026-05-31T11:38:43.473+0000] {processor.py:840} INFO - DAG(s) 'example_local_kubernetes_executor' retrieved from /home/airflow/.local/lib/python3.12/site-packages/airflow/example_dags/example_local_kubernetes_executor.py
[2026-05-31T11:38:43.560+0000] {logging_mixin.py:188} INFO - [2026-05-31T11:38:43.559+0000] {dag.py:3096} INFO - Sync 1 DAGs
[2026-05-31T11:38:43.568+0000] {logging_mixin.py:188} INFO - [2026-05-31T11:38:43.567+0000] {dag.py:3954} INFO - Setting next_dagrun for example_local_kubernetes_executor to None, run_after=None
[2026-05-31T11:38:43.583+0000] {processor.py:183} INFO - Processing /home/airflow/.local/lib/python3.12/site-packages/airflow/example_dags/example_local_kubernetes_executor.py took 0.125 seconds
[2026-05-31T11:39:13.972+0000] {processor.py:161} INFO - Started process (PID=218) to work on /home/airflow/.local/lib/python3.12/site-packages/airflow/example_dags/example_local_kubernetes_executor.py
[2026-05-31T11:39:13.973+0000] {processor.py:830} INFO - Processing file /home/airflow/.local/lib/python3.12/site-packages/airflow/example_dags/example_local_kubernetes_executor.py for tasks to queue
[2026-05-31T11:39:13.975+0000] {logging_mixin.py:188} INFO - [2026-05-31T11:39:13.974+0000] {dagbag.py:540} INFO - Filling up the DagBag from /home/airflow/.local/lib/python3.12/site-packages/airflow/example_dags/example_local_kubernetes_executor.py
[2026-05-31T11:39:13.980+0000] {processor.py:840} INFO - DAG(s) 'example_local_kubernetes_executor' retrieved from /home/airflow/.local/lib/python3.12/site-packages/airflow/example_dags/example_local_kubernetes_executor.py
[2026-05-31T11:39:14.009+0000] {logging_mixin.py:188} INFO - [2026-05-31T11:39:14.009+0000] {dag.py:3096} INFO - Sync 1 DAGs
[2026-05-31T11:39:14.020+0000] {logging_mixin.py:188} INFO - [2026-05-31T11:39:14.020+0000] {dag.py:3954} INFO - Setting next_dagrun for example_local_kubernetes_executor to None, run_after=None
[2026-05-31T11:39:14.035+0000] {processor.py:183} INFO - Processing /home/airflow/.local/lib/python3.12/site-packages/airflow/example_dags/example_local_kubernetes_executor.py took 0.067 seconds
[2026-05-31T11:39:44.803+0000] {processor.py:161} INFO - Started process (PID=276) to work on /home/airflow/.local/lib/python3.12/site-packages/airflow/example_dags/example_local_kubernetes_executor.py
[2026-05-31T11:39:44.804+0000] {processor.py:830} INFO - Processing file /home/airflow/.local/lib/python3.12/site-packages/airflow/example_dags/example_local_kubernetes_executor.py for tasks to queue
[2026-05-31T11:39:44.806+0000] {logging_mixin.py:188} INFO - [2026-05-31T11:39:44.806+0000] {dagbag.py:540} INFO - Filling up the DagBag from /home/airflow/.local/lib/python3.12/site-packages/airflow/example_dags/example_local_kubernetes_executor.py
[2026-05-31T11:39:44.812+0000] {processor.py:840} INFO - DAG(s) 'example_local_kubernetes_executor' retrieved from /home/airflow/.local/lib/python3.12/site-packages/airflow/example_dags/example_local_kubernetes_executor.py
[2026-05-31T11:39:44.847+0000] {logging_mixin.py:188} INFO - [2026-05-31T11:39:44.846+0000] {dag.py:3096} INFO - Sync 1 DAGs
[2026-05-31T11:39:44.857+0000] {logging_mixin.py:188} INFO - [2026-05-31T11:39:44.857+0000] {dag.py:3954} INFO - Setting next_dagrun for example_local_kubernetes_executor to None, run_after=None
[2026-05-31T11:39:44.873+0000] {processor.py:183} INFO - Processing /home/airflow/.local/lib/python3.12/site-packages/airflow/example_dags/example_local_kubernetes_executor.py took 0.074 seconds
[2026-05-31T11:40:15.062+0000] {processor.py:161} INFO - Started process (PID=334) to work on /home/airflow/.local/lib/python3.12/site-packages/airflow/example_dags/example_local_kubernetes_executor.py
[2026-05-31T11:40:15.063+0000] {processor.py:830} INFO - Processing file /home/airflow/.local/lib/python3.12/site-packages/airflow/example_dags/example_local_kubernetes_executor.py for tasks to queue
[2026-05-31T11:40:15.065+0000] {logging_mixin.py:188} INFO - [2026-05-31T11:40:15.065+0000] {dagbag.py:540} INFO - Filling up the DagBag from /home/airflow/.local/lib/python3.12/site-packages/airflow/example_dags/example_local_kubernetes_executor.py
[2026-05-31T11:40:15.071+0000] {processor.py:840} INFO - DAG(s) 'example_local_kubernetes_executor' retrieved from /home/airflow/.local/lib/python3.12/site-packages/airflow/example_dags/example_local_kubernetes_executor.py
[2026-05-31T11:40:15.115+0000] {logging_mixin.py:188} INFO - [2026-05-31T11:40:15.114+0000] {dag.py:3096} INFO - Sync 1 DAGs
[2026-05-31T11:40:15.138+0000] {logging_mixin.py:188} INFO - [2026-05-31T11:40:15.137+0000] {dag.py:3954} INFO - Setting next_dagrun for example_local_kubernetes_executor to None, run_after=None
[2026-05-31T11:40:15.163+0000] {processor.py:183} INFO - Processing /home/airflow/.local/lib/python3.12/site-packages/airflow/example_dags/example_local_kubernetes_executor.py took 0.106 seconds
[2026-05-31T11:40:46.193+0000] {processor.py:161} INFO - Started process (PID=392) to work on /home/airflow/.local/lib/python3.12/site-packages/airflow/example_dags/example_local_kubernetes_executor.py
[2026-05-31T11:40:46.195+0000] {processor.py:830} INFO - Processing file /home/airflow/.local/lib/python3.12/site-packages/airflow/example_dags/example_local_kubernetes_executor.py for tasks to queue
[2026-05-31T11:40:46.197+0000] {logging_mixin.py:188} INFO - [2026-05-31T11:40:46.197+0000] {dagbag.py:540} INFO - Filling up the DagBag from /home/airflow/.local/lib/python3.12/site-packages/airflow/example_dags/example_local_kubernetes_executor.py
[2026-05-31T11:40:46.204+0000] {processor.py:840} INFO - DAG(s) 'example_local_kubernetes_executor' retrieved from /home/airflow/.local/lib/python3.12/site-packages/airflow/example_dags/example_local_kubernetes_executor.py
[2026-05-31T11:40:46.235+0000] {logging_mixin.py:188} INFO - [2026-05-31T11:40:46.235+0000] {dag.py:3096} INFO - Sync 1 DAGs
[2026-05-31T11:40:46.247+0000] {logging_mixin.py:188} INFO - [2026-05-31T11:40:46.247+0000] {dag.py:3954} INFO - Setting next_dagrun for example_local_kubernetes_executor to None, run_after=None
[2026-05-31T11:40:46.263+0000] {processor.py:183} INFO - Processing /home/airflow/.local/lib/python3.12/site-packages/airflow/example_dags/example_local_kubernetes_executor.py took 0.075 seconds
[2026-05-31T11:41:17.215+0000] {processor.py:161} INFO - Started process (PID=450) to work on /home/airflow/.local/lib/python3.12/site-packages/airflow/example_dags/example_local_kubernetes_executor.py
[2026-05-31T11:41:17.216+0000] {processor.py:830} INFO - Processing file /home/airflow/.local/lib/python3.12/site-packages/airflow/example_dags/example_local_kubernetes_executor.py for tasks to queue
[2026-05-31T11:41:17.218+0000] {logging_mixin.py:188} INFO - [2026-05-31T11:41:17.218+0000] {dagbag.py:540} INFO - Filling up the DagBag from /home/airflow/.local/lib/python3.12/site-packages/airflow/example_dags/example_local_kubernetes_executor.py
[2026-05-31T11:41:17.226+0000] {processor.py:840} INFO - DAG(s) 'example_local_kubernetes_executor' retrieved from /home/airflow/.local/lib/python3.12/site-packages/airflow/example_dags/example_local_kubernetes_executor.py
[2026-05-31T11:41:17.261+0000] {logging_mixin.py:188} INFO - [2026-05-31T11:41:17.261+0000] {dag.py:3096} INFO - Sync 1 DAGs
[2026-05-31T11:41:17.275+0000] {logging_mixin.py:188} INFO - [2026-05-31T11:41:17.274+0000] {dag.py:3954} INFO - Setting next_dagrun for example_local_kubernetes_executor to None, run_after=None
[2026-05-31T11:41:17.295+0000] {processor.py:183} INFO - Processing /home/airflow/.local/lib/python3.12/site-packages/airflow/example_dags/example_local_kubernetes_executor.py took 0.087 seconds
[2026-05-31T11:41:47.506+0000] {processor.py:161} INFO - Started process (PID=508) to work on /home/airflow/.local/lib/python3.12/site-packages/airflow/example_dags/example_local_kubernetes_executor.py
[2026-05-31T11:41:47.508+0000] {processor.py:830} INFO - Processing file /home/airflow/.local/lib/python3.12/site-packages/airflow/example_dags/example_local_kubernetes_executor.py for tasks to queue
[2026-05-31T11:41:47.510+0000] {logging_mixin.py:188} INFO - [2026-05-31T11:41:47.509+0000] {dagbag.py:540} INFO - Filling up the DagBag from /home/airflow/.local/lib/python3.12/site-packages/airflow/example_dags/example_local_kubernetes_executor.py
[2026-05-31T11:41:47.516+0000] {processor.py:840} INFO - DAG(s) 'example_local_kubernetes_executor' retrieved from /home/airflow/.local/lib/python3.12/site-packages/airflow/example_dags/example_local_kubernetes_executor.py
[2026-05-31T11:41:47.545+0000] {logging_mixin.py:188} INFO - [2026-05-31T11:41:47.545+0000] {dag.py:3096} INFO - Sync 1 DAGs
[2026-05-31T11:41:47.556+0000] {logging_mixin.py:188} INFO - [2026-05-31T11:41:47.556+0000] {dag.py:3954} INFO - Setting next_dagrun for example_local_kubernetes_executor to None, run_after=None
[2026-05-31T11:41:47.573+0000] {processor.py:183} INFO - Processing /home/airflow/.local/lib/python3.12/site-packages/airflow/example_dags/example_local_kubernetes_executor.py took 0.072 seconds
[2026-05-31T11:42:17.820+0000] {processor.py:161} INFO - Started process (PID=566) to work on /home/airflow/.local/lib/python3.12/site-packages/airflow/example_dags/example_local_kubernetes_executor.py
[2026-05-31T11:42:17.821+0000] {processor.py:830} INFO - Processing file /home/airflow/.local/lib/python3.12/site-packages/airflow/example_dags/example_local_kubernetes_executor.py for tasks to queue
[2026-05-31T11:42:17.823+0000] {logging_mixin.py:188} INFO - [2026-05-31T11:42:17.822+0000] {dagbag.py:540} INFO - Filling up the DagBag from /home/airflow/.local/lib/python3.12/site-packages/airflow/example_dags/example_local_kubernetes_executor.py
[2026-05-31T11:42:17.831+0000] {processor.py:840} INFO - DAG(s) 'example_local_kubernetes_executor' retrieved from /home/airflow/.local/lib/python3.12/site-packages/airflow/example_dags/example_local_kubernetes_executor.py
[2026-05-31T11:42:17.862+0000] {logging_mixin.py:188} INFO - [2026-05-31T11:42:17.862+0000] {dag.py:3096} INFO - Sync 1 DAGs
[2026-05-31T11:42:17.872+0000] {logging_mixin.py:188} INFO - [2026-05-31T11:42:17.872+0000] {dag.py:3954} INFO - Setting next_dagrun for example_local_kubernetes_executor to None, run_after=None
[2026-05-31T11:42:17.891+0000] {processor.py:183} INFO - Processing /home/airflow/.local/lib/python3.12/site-packages/airflow/example_dags/example_local_kubernetes_executor.py took 0.078 seconds
[2026-05-31T11:42:47.994+0000] {processor.py:161} INFO - Started process (PID=624) to work on /home/airflow/.local/lib/python3.12/site-packages/airflow/example_dags/example_local_kubernetes_executor.py
[2026-05-31T11:42:47.995+0000] {processor.py:830} INFO - Processing file /home/airflow/.local/lib/python3.12/site-packages/airflow/example_dags/example_local_kubernetes_executor.py for tasks to queue
[2026-05-31T11:42:47.996+0000] {logging_mixin.py:188} INFO - [2026-05-31T11:42:47.996+0000] {dagbag.py:540} INFO - Filling up the DagBag from /home/airflow/.local/lib/python3.12/site-packages/airflow/example_dags/example_local_kubernetes_executor.py
[2026-05-31T11:42:48.003+0000] {processor.py:840} INFO - DAG(s) 'example_local_kubernetes_executor' retrieved from /home/airflow/.local/lib/python3.12/site-packages/airflow/example_dags/example_local_kubernetes_executor.py
[2026-05-31T11:42:48.033+0000] {logging_mixin.py:188} INFO - [2026-05-31T11:42:48.032+0000] {dag.py:3096} INFO - Sync 1 DAGs
[2026-05-31T11:42:48.045+0000] {logging_mixin.py:188} INFO - [2026-05-31T11:42:48.045+0000] {dag.py:3954} INFO - Setting next_dagrun for example_local_kubernetes_executor to None, run_after=None
[2026-05-31T11:42:48.064+0000] {processor.py:183} INFO - Processing /home/airflow/.local/lib/python3.12/site-packages/airflow/example_dags/example_local_kubernetes_executor.py took 0.076 seconds
[2026-05-31T11:43:18.154+0000] {processor.py:161} INFO - Started process (PID=682) to work on /home/airflow/.local/lib/python3.12/site-packages/airflow/example_dags/example_local_kubernetes_executor.py
[2026-05-31T11:43:18.156+0000] {processor.py:830} INFO - Processing file /home/airflow/.local/lib/python3.12/site-packages/airflow/example_dags/example_local_kubernetes_executor.py for tasks to queue
[2026-05-31T11:43:18.157+0000] {logging_mixin.py:188} INFO - [2026-05-31T11:43:18.157+0000] {dagbag.py:540} INFO - Filling up the DagBag from /home/airflow/.local/lib/python3.12/site-packages/airflow/example_dags/example_local_kubernetes_executor.py
[2026-05-31T11:43:18.164+0000] {processor.py:840} INFO - DAG(s) 'example_local_kubernetes_executor' retrieved from /home/airflow/.local/lib/python3.12/site-packages/airflow/example_dags/example_local_kubernetes_executor.py
[2026-05-31T11:43:18.193+0000] {logging_mixin.py:188} INFO - [2026-05-31T11:43:18.193+0000] {dag.py:3096} INFO - Sync 1 DAGs
[2026-05-31T11:43:18.203+0000] {logging_mixin.py:188} INFO - [2026-05-31T11:43:18.203+0000] {dag.py:3954} INFO - Setting next_dagrun for example_local_kubernetes_executor to None, run_after=None
[2026-05-31T11:43:18.219+0000] {processor.py:183} INFO - Processing /home/airflow/.local/lib/python3.12/site-packages/airflow/example_dags/example_local_kubernetes_executor.py took 0.070 seconds
[2026-05-31T11:43:49.126+0000] {processor.py:161} INFO - Started process (PID=740) to work on /home/airflow/.local/lib/python3.12/site-packages/airflow/example_dags/example_local_kubernetes_executor.py
[2026-05-31T11:43:49.127+0000] {processor.py:830} INFO - Processing file /home/airflow/.local/lib/python3.12/site-packages/airflow/example_dags/example_local_kubernetes_executor.py for tasks to queue
[2026-05-31T11:43:49.128+0000] {logging_mixin.py:188} INFO - [2026-05-31T11:43:49.128+0000] {dagbag.py:540} INFO - Filling up the DagBag from /home/airflow/.local/lib/python3.12/site-packages/airflow/example_dags/example_local_kubernetes_executor.py
[2026-05-31T11:43:49.134+0000] {processor.py:840} INFO - DAG(s) 'example_local_kubernetes_executor' retrieved from /home/airflow/.local/lib/python3.12/site-packages/airflow/example_dags/example_local_kubernetes_executor.py
[2026-05-31T11:43:49.163+0000] {logging_mixin.py:188} INFO - [2026-05-31T11:43:49.163+0000] {dag.py:3096} INFO - Sync 1 DAGs
[2026-05-31T11:43:49.173+0000] {logging_mixin.py:188} INFO - [2026-05-31T11:43:49.173+0000] {dag.py:3954} INFO - Setting next_dagrun for example_local_kubernetes_executor to None, run_after=None
[2026-05-31T11:43:49.187+0000] {processor.py:183} INFO - Processing /home/airflow/.local/lib/python3.12/site-packages/airflow/example_dags/example_local_kubernetes_executor.py took 0.066 seconds
[2026-05-31T11:44:19.775+0000] {processor.py:161} INFO - Started process (PID=798) to work on /home/airflow/.local/lib/python3.12/site-packages/airflow/example_dags/example_local_kubernetes_executor.py
[2026-05-31T11:44:19.776+0000] {processor.py:830} INFO - Processing file /home/airflow/.local/lib/python3.12/site-packages/airflow/example_dags/example_local_kubernetes_executor.py for tasks to queue
[2026-05-31T11:44:19.778+0000] {logging_mixin.py:188} INFO - [2026-05-31T11:44:19.777+0000] {dagbag.py:540} INFO - Filling up the DagBag from /home/airflow/.local/lib/python3.12/site-packages/airflow/example_dags/example_local_kubernetes_executor.py
[2026-05-31T11:44:19.784+0000] {processor.py:840} INFO - DAG(s) 'example_local_kubernetes_executor' retrieved from /home/airflow/.local/lib/python3.12/site-packages/airflow/example_dags/example_local_kubernetes_executor.py
[2026-05-31T11:44:19.814+0000] {logging_mixin.py:188} INFO - [2026-05-31T11:44:19.814+0000] {dag.py:3096} INFO - Sync 1 DAGs
[2026-05-31T11:44:19.825+0000] {logging_mixin.py:188} INFO - [2026-05-31T11:44:19.824+0000] {dag.py:3954} INFO - Setting next_dagrun for example_local_kubernetes_executor to None, run_after=None
[2026-05-31T11:44:19.843+0000] {processor.py:183} INFO - Processing /home/airflow/.local/lib/python3.12/site-packages/airflow/example_dags/example_local_kubernetes_executor.py took 0.073 seconds
[2026-05-31T11:44:50.138+0000] {processor.py:161} INFO - Started process (PID=856) to work on /home/airflow/.local/lib/python3.12/site-packages/airflow/example_dags/example_local_kubernetes_executor.py
[2026-05-31T11:44:50.140+0000] {processor.py:830} INFO - Processing file /home/airflow/.local/lib/python3.12/site-packages/airflow/example_dags/example_local_kubernetes_executor.py for tasks to queue
[2026-05-31T11:44:50.142+0000] {logging_mixin.py:188} INFO - [2026-05-31T11:44:50.141+0000] {dagbag.py:540} INFO - Filling up the DagBag from /home/airflow/.local/lib/python3.12/site-packages/airflow/example_dags/example_local_kubernetes_executor.py
[2026-05-31T11:44:50.149+0000] {processor.py:840} INFO - DAG(s) 'example_local_kubernetes_executor' retrieved from /home/airflow/.local/lib/python3.12/site-packages/airflow/example_dags/example_local_kubernetes_executor.py
[2026-05-31T11:44:50.182+0000] {logging_mixin.py:188} INFO - [2026-05-31T11:44:50.181+0000] {dag.py:3096} INFO - Sync 1 DAGs
[2026-05-31T11:44:50.193+0000] {logging_mixin.py:188} INFO - [2026-05-31T11:44:50.192+0000] {dag.py:3954} INFO - Setting next_dagrun for example_local_kubernetes_executor to None, run_after=None
[2026-05-31T11:44:50.210+0000] {processor.py:183} INFO - Processing /home/airflow/.local/lib/python3.12/site-packages/airflow/example_dags/example_local_kubernetes_executor.py took 0.077 seconds
[2026-05-31T11:45:20.247+0000] {processor.py:161} INFO - Started process (PID=914) to work on /home/airflow/.local/lib/python3.12/site-packages/airflow/example_dags/example_local_kubernetes_executor.py
[2026-05-31T11:45:20.248+0000] {processor.py:830} INFO - Processing file /home/airflow/.local/lib/python3.12/site-packages/airflow/example_dags/example_local_kubernetes_executor.py for tasks to queue
[2026-05-31T11:45:20.250+0000] {logging_mixin.py:188} INFO - [2026-05-31T11:45:20.250+0000] {dagbag.py:540} INFO - Filling up the DagBag from /home/airflow/.local/lib/python3.12/site-packages/airflow/example_dags/example_local_kubernetes_executor.py
[2026-05-31T11:45:20.256+0000] {processor.py:840} INFO - DAG(s) 'example_local_kubernetes_executor' retrieved from /home/airflow/.local/lib/python3.12/site-packages/airflow/example_dags/example_local_kubernetes_executor.py
[2026-05-31T11:45:20.286+0000] {logging_mixin.py:188} INFO - [2026-05-31T11:45:20.286+0000] {dag.py:3096} INFO - Sync 1 DAGs
[2026-05-31T11:45:20.296+0000] {logging_mixin.py:188} INFO - [2026-05-31T11:45:20.296+0000] {dag.py:3954} INFO - Setting next_dagrun for example_local_kubernetes_executor to None, run_after=None
[2026-05-31T11:45:20.311+0000] {processor.py:183} INFO - Processing /home/airflow/.local/lib/python3.12/site-packages/airflow/example_dags/example_local_kubernetes_executor.py took 0.069 seconds
[2026-05-31T11:45:50.909+0000] {processor.py:161} INFO - Started process (PID=972) to work on /home/airflow/.local/lib/python3.12/site-packages/airflow/example_dags/example_local_kubernetes_executor.py
[2026-05-31T11:45:50.911+0000] {processor.py:830} INFO - Processing file /home/airflow/.local/lib/python3.12/site-packages/airflow/example_dags/example_local_kubernetes_executor.py for tasks to queue
[2026-05-31T11:45:50.913+0000] {logging_mixin.py:188} INFO - [2026-05-31T11:45:50.912+0000] {dagbag.py:540} INFO - Filling up the DagBag from /home/airflow/.local/lib/python3.12/site-packages/airflow/example_dags/example_local_kubernetes_executor.py
[2026-05-31T11:45:50.920+0000] {processor.py:840} INFO - DAG(s) 'example_local_kubernetes_executor' retrieved from /home/airflow/.local/lib/python3.12/site-packages/airflow/example_dags/example_local_kubernetes_executor.py
[2026-05-31T11:45:50.949+0000] {logging_mixin.py:188} INFO - [2026-05-31T11:45:50.949+0000] {dag.py:3096} INFO - Sync 1 DAGs
[2026-05-31T11:45:50.959+0000] {logging_mixin.py:188} INFO - [2026-05-31T11:45:50.958+0000] {dag.py:3954} INFO - Setting next_dagrun for example_local_kubernetes_executor to None, run_after=None
[2026-05-31T11:45:50.974+0000] {processor.py:183} INFO - Processing /home/airflow/.local/lib/python3.12/site-packages/airflow/example_dags/example_local_kubernetes_executor.py took 0.070 seconds
[2026-05-31T11:46:21.791+0000] {processor.py:161} INFO - Started process (PID=1030) to work on /home/airflow/.local/lib/python3.12/site-packages/airflow/example_dags/example_local_kubernetes_executor.py
[2026-05-31T11:46:21.793+0000] {processor.py:830} INFO - Processing file /home/airflow/.local/lib/python3.12/site-packages/airflow/example_dags/example_local_kubernetes_executor.py for tasks to queue
[2026-05-31T11:46:21.794+0000] {logging_mixin.py:188} INFO - [2026-05-31T11:46:21.794+0000] {dagbag.py:540} INFO - Filling up the DagBag from /home/airflow/.local/lib/python3.12/site-packages/airflow/example_dags/example_local_kubernetes_executor.py
[2026-05-31T11:46:21.801+0000] {processor.py:840} INFO - DAG(s) 'example_local_kubernetes_executor' retrieved from /home/airflow/.local/lib/python3.12/site-packages/airflow/example_dags/example_local_kubernetes_executor.py
[2026-05-31T11:46:21.953+0000] {logging_mixin.py:188} INFO - [2026-05-31T11:46:21.953+0000] {dag.py:3096} INFO - Sync 1 DAGs
[2026-05-31T11:46:21.966+0000] {logging_mixin.py:188} INFO - [2026-05-31T11:46:21.965+0000] {dag.py:3954} INFO - Setting next_dagrun for example_local_kubernetes_executor to None, run_after=None
[2026-05-31T11:46:21.983+0000] {processor.py:183} INFO - Processing /home/airflow/.local/lib/python3.12/site-packages/airflow/example_dags/example_local_kubernetes_executor.py took 0.197 seconds
[2026-05-31T11:46:52.743+0000] {processor.py:161} INFO - Started process (PID=1088) to work on /home/airflow/.local/lib/python3.12/site-packages/airflow/example_dags/example_local_kubernetes_executor.py
[2026-05-31T11:46:52.745+0000] {processor.py:830} INFO - Processing file /home/airflow/.local/lib/python3.12/site-packages/airflow/example_dags/example_local_kubernetes_executor.py for tasks to queue
[2026-05-31T11:46:52.747+0000] {logging_mixin.py:188} INFO - [2026-05-31T11:46:52.747+0000] {dagbag.py:540} INFO - Filling up the DagBag from /home/airflow/.local/lib/python3.12/site-packages/airflow/example_dags/example_local_kubernetes_executor.py
[2026-05-31T11:46:52.755+0000] {processor.py:840} INFO - DAG(s) 'example_local_kubernetes_executor' retrieved from /home/airflow/.local/lib/python3.12/site-packages/airflow/example_dags/example_local_kubernetes_executor.py
[2026-05-31T11:46:52.793+0000] {logging_mixin.py:188} INFO - [2026-05-31T11:46:52.793+0000] {dag.py:3096} INFO - Sync 1 DAGs
[2026-05-31T11:46:52.923+0000] {logging_mixin.py:188} INFO - [2026-05-31T11:46:52.923+0000] {dag.py:3954} INFO - Setting next_dagrun for example_local_kubernetes_executor to None, run_after=None
[2026-05-31T11:46:52.939+0000] {processor.py:183} INFO - Processing /home/airflow/.local/lib/python3.12/site-packages/airflow/example_dags/example_local_kubernetes_executor.py took 0.202 seconds
[2026-05-31T11:47:22.990+0000] {processor.py:161} INFO - Started process (PID=1146) to work on /home/airflow/.local/lib/python3.12/site-packages/airflow/example_dags/example_local_kubernetes_executor.py
[2026-05-31T11:47:22.991+0000] {processor.py:830} INFO - Processing file /home/airflow/.local/lib/python3.12/site-packages/airflow/example_dags/example_local_kubernetes_executor.py for tasks to queue
[2026-05-31T11:47:22.992+0000] {logging_mixin.py:188} INFO - [2026-05-31T11:47:22.992+0000] {dagbag.py:540} INFO - Filling up the DagBag from /home/airflow/.local/lib/python3.12/site-packages/airflow/example_dags/example_local_kubernetes_executor.py
[2026-05-31T11:47:22.998+0000] {processor.py:840} INFO - DAG(s) 'example_local_kubernetes_executor' retrieved from /home/airflow/.local/lib/python3.12/site-packages/airflow/example_dags/example_local_kubernetes_executor.py
[2026-05-31T11:47:23.027+0000] {logging_mixin.py:188} INFO - [2026-05-31T11:47:23.027+0000] {dag.py:3096} INFO - Sync 1 DAGs
[2026-05-31T11:47:23.039+0000] {logging_mixin.py:188} INFO - [2026-05-31T11:47:23.039+0000] {dag.py:3954} INFO - Setting next_dagrun for example_local_kubernetes_executor to None, run_after=None
[2026-05-31T11:47:23.177+0000] {processor.py:183} INFO - Processing /home/airflow/.local/lib/python3.12/site-packages/airflow/example_dags/example_local_kubernetes_executor.py took 0.192 seconds
[2026-05-31T11:47:54.138+0000] {processor.py:161} INFO - Started process (PID=1204) to work on /home/airflow/.local/lib/python3.12/site-packages/airflow/example_dags/example_local_kubernetes_executor.py
[2026-05-31T11:47:54.139+0000] {processor.py:830} INFO - Processing file /home/airflow/.local/lib/python3.12/site-packages/airflow/example_dags/example_local_kubernetes_executor.py for tasks to queue
[2026-05-31T11:47:54.142+0000] {logging_mixin.py:188} INFO - [2026-05-31T11:47:54.141+0000] {dagbag.py:540} INFO - Filling up the DagBag from /home/airflow/.local/lib/python3.12/site-packages/airflow/example_dags/example_local_kubernetes_executor.py
[2026-05-31T11:47:54.150+0000] {processor.py:840} INFO - DAG(s) 'example_local_kubernetes_executor' retrieved from /home/airflow/.local/lib/python3.12/site-packages/airflow/example_dags/example_local_kubernetes_executor.py
[2026-05-31T11:47:54.187+0000] {logging_mixin.py:188} INFO - [2026-05-31T11:47:54.186+0000] {dag.py:3096} INFO - Sync 1 DAGs
[2026-05-31T11:47:54.198+0000] {logging_mixin.py:188} INFO - [2026-05-31T11:47:54.198+0000] {dag.py:3954} INFO - Setting next_dagrun for example_local_kubernetes_executor to None, run_after=None
[2026-05-31T11:47:54.220+0000] {processor.py:183} INFO - Processing /home/airflow/.local/lib/python3.12/site-packages/airflow/example_dags/example_local_kubernetes_executor.py took 0.089 seconds
[2026-05-31T11:48:24.918+0000] {processor.py:161} INFO - Started process (PID=1262) to work on /home/airflow/.local/lib/python3.12/site-packages/airflow/example_dags/example_local_kubernetes_executor.py
[2026-05-31T11:48:24.919+0000] {processor.py:830} INFO - Processing file /home/airflow/.local/lib/python3.12/site-packages/airflow/example_dags/example_local_kubernetes_executor.py for tasks to queue
[2026-05-31T11:48:24.921+0000] {logging_mixin.py:188} INFO - [2026-05-31T11:48:24.921+0000] {dagbag.py:540} INFO - Filling up the DagBag from /home/airflow/.local/lib/python3.12/site-packages/airflow/example_dags/example_local_kubernetes_executor.py
[2026-05-31T11:48:24.930+0000] {processor.py:840} INFO - DAG(s) 'example_local_kubernetes_executor' retrieved from /home/airflow/.local/lib/python3.12/site-packages/airflow/example_dags/example_local_kubernetes_executor.py
[2026-05-31T11:48:24.964+0000] {logging_mixin.py:188} INFO - [2026-05-31T11:48:24.964+0000] {dag.py:3096} INFO - Sync 1 DAGs
[2026-05-31T11:48:24.978+0000] {logging_mixin.py:188} INFO - [2026-05-31T11:48:24.978+0000] {dag.py:3954} INFO - Setting next_dagrun for example_local_kubernetes_executor to None, run_after=None
[2026-05-31T11:48:24.997+0000] {processor.py:183} INFO - Processing /home/airflow/.local/lib/python3.12/site-packages/airflow/example_dags/example_local_kubernetes_executor.py took 0.084 seconds
[2026-05-31T11:48:55.504+0000] {processor.py:161} INFO - Started process (PID=1320) to work on /home/airflow/.local/lib/python3.12/site-packages/airflow/example_dags/example_local_kubernetes_executor.py
[2026-05-31T11:48:55.505+0000] {processor.py:830} INFO - Processing file /home/airflow/.local/lib/python3.12/site-packages/airflow/example_dags/example_local_kubernetes_executor.py for tasks to queue
[2026-05-31T11:48:55.507+0000] {logging_mixin.py:188} INFO - [2026-05-31T11:48:55.507+0000] {dagbag.py:540} INFO - Filling up the DagBag from /home/airflow/.local/lib/python3.12/site-packages/airflow/example_dags/example_local_kubernetes_executor.py
[2026-05-31T11:48:55.515+0000] {processor.py:840} INFO - DAG(s) 'example_local_kubernetes_executor' retrieved from /home/airflow/.local/lib/python3.12/site-packages/airflow/example_dags/example_local_kubernetes_executor.py
[2026-05-31T11:48:55.554+0000] {logging_mixin.py:188} INFO - [2026-05-31T11:48:55.554+0000] {dag.py:3096} INFO - Sync 1 DAGs
[2026-05-31T11:48:55.566+0000] {logging_mixin.py:188} INFO - [2026-05-31T11:48:55.566+0000] {dag.py:3954} INFO - Setting next_dagrun for example_local_kubernetes_executor to None, run_after=None
[2026-05-31T11:48:55.589+0000] {processor.py:183} INFO - Processing /home/airflow/.local/lib/python3.12/site-packages/airflow/example_dags/example_local_kubernetes_executor.py took 0.092 seconds
[2026-05-31T11:49:26.247+0000] {processor.py:161} INFO - Started process (PID=1378) to work on /home/airflow/.local/lib/python3.12/site-packages/airflow/example_dags/example_local_kubernetes_executor.py
[2026-05-31T11:49:26.248+0000] {processor.py:830} INFO - Processing file /home/airflow/.local/lib/python3.12/site-packages/airflow/example_dags/example_local_kubernetes_executor.py for tasks to queue
[2026-05-31T11:49:26.251+0000] {logging_mixin.py:188} INFO - [2026-05-31T11:49:26.250+0000] {dagbag.py:540} INFO - Filling up the DagBag from /home/airflow/.local/lib/python3.12/site-packages/airflow/example_dags/example_local_kubernetes_executor.py
[2026-05-31T11:49:26.258+0000] {processor.py:840} INFO - DAG(s) 'example_local_kubernetes_executor' retrieved from /home/airflow/.local/lib/python3.12/site-packages/airflow/example_dags/example_local_kubernetes_executor.py
[2026-05-31T11:49:26.292+0000] {logging_mixin.py:188} INFO - [2026-05-31T11:49:26.292+0000] {dag.py:3096} INFO - Sync 1 DAGs
[2026-05-31T11:49:26.303+0000] {logging_mixin.py:188} INFO - [2026-05-31T11:49:26.303+0000] {dag.py:3954} INFO - Setting next_dagrun for example_local_kubernetes_executor to None, run_after=None
[2026-05-31T11:49:26.321+0000] {processor.py:183} INFO - Processing /home/airflow/.local/lib/python3.12/site-packages/airflow/example_dags/example_local_kubernetes_executor.py took 0.080 seconds
[2026-05-31T11:49:56.890+0000] {processor.py:161} INFO - Started process (PID=1436) to work on /home/airflow/.local/lib/python3.12/site-packages/airflow/example_dags/example_local_kubernetes_executor.py
[2026-05-31T11:49:56.891+0000] {processor.py:830} INFO - Processing file /home/airflow/.local/lib/python3.12/site-packages/airflow/example_dags/example_local_kubernetes_executor.py for tasks to queue
[2026-05-31T11:49:56.893+0000] {logging_mixin.py:188} INFO - [2026-05-31T11:49:56.892+0000] {dagbag.py:540} INFO - Filling up the DagBag from /home/airflow/.local/lib/python3.12/site-packages/airflow/example_dags/example_local_kubernetes_executor.py
[2026-05-31T11:49:56.899+0000] {processor.py:840} INFO - DAG(s) 'example_local_kubernetes_executor' retrieved from /home/airflow/.local/lib/python3.12/site-packages/airflow/example_dags/example_local_kubernetes_executor.py
[2026-05-31T11:49:56.930+0000] {logging_mixin.py:188} INFO - [2026-05-31T11:49:56.930+0000] {dag.py:3096} INFO - Sync 1 DAGs
[2026-05-31T11:49:56.940+0000] {logging_mixin.py:188} INFO - [2026-05-31T11:49:56.940+0000] {dag.py:3954} INFO - Setting next_dagrun for example_local_kubernetes_executor to None, run_after=None
[2026-05-31T11:49:56.955+0000] {processor.py:183} INFO - Processing /home/airflow/.local/lib/python3.12/site-packages/airflow/example_dags/example_local_kubernetes_executor.py took 0.070 seconds
[2026-05-31T11:50:27.881+0000] {processor.py:161} INFO - Started process (PID=1494) to work on /home/airflow/.local/lib/python3.12/site-packages/airflow/example_dags/example_local_kubernetes_executor.py
[2026-05-31T11:50:27.882+0000] {processor.py:830} INFO - Processing file /home/airflow/.local/lib/python3.12/site-packages/airflow/example_dags/example_local_kubernetes_executor.py for tasks to queue
[2026-05-31T11:50:27.885+0000] {logging_mixin.py:188} INFO - [2026-05-31T11:50:27.885+0000] {dagbag.py:540} INFO - Filling up the DagBag from /home/airflow/.local/lib/python3.12/site-packages/airflow/example_dags/example_local_kubernetes_executor.py
[2026-05-31T11:50:27.892+0000] {processor.py:840} INFO - DAG(s) 'example_local_kubernetes_executor' retrieved from /home/airflow/.local/lib/python3.12/site-packages/airflow/example_dags/example_local_kubernetes_executor.py
[2026-05-31T11:50:27.926+0000] {logging_mixin.py:188} INFO - [2026-05-31T11:50:27.926+0000] {dag.py:3096} INFO - Sync 1 DAGs
[2026-05-31T11:50:27.936+0000] {logging_mixin.py:188} INFO - [2026-05-31T11:50:27.936+0000] {dag.py:3954} INFO - Setting next_dagrun for example_local_kubernetes_executor to None, run_after=None
[2026-05-31T11:50:27.953+0000] {processor.py:183} INFO - Processing /home/airflow/.local/lib/python3.12/site-packages/airflow/example_dags/example_local_kubernetes_executor.py took 0.076 seconds
[2026-05-31T11:50:58.266+0000] {processor.py:161} INFO - Started process (PID=1552) to work on /home/airflow/.local/lib/python3.12/site-packages/airflow/example_dags/example_local_kubernetes_executor.py
[2026-05-31T11:50:58.267+0000] {processor.py:830} INFO - Processing file /home/airflow/.local/lib/python3.12/site-packages/airflow/example_dags/example_local_kubernetes_executor.py for tasks to queue
[2026-05-31T11:50:58.269+0000] {logging_mixin.py:188} INFO - [2026-05-31T11:50:58.269+0000] {dagbag.py:540} INFO - Filling up the DagBag from /home/airflow/.local/lib/python3.12/site-packages/airflow/example_dags/example_local_kubernetes_executor.py
[2026-05-31T11:50:58.278+0000] {processor.py:840} INFO - DAG(s) 'example_local_kubernetes_executor' retrieved from /home/airflow/.local/lib/python3.12/site-packages/airflow/example_dags/example_local_kubernetes_executor.py
[2026-05-31T11:50:58.323+0000] {logging_mixin.py:188} INFO - [2026-05-31T11:50:58.323+0000] {dag.py:3096} INFO - Sync 1 DAGs
[2026-05-31T11:50:58.340+0000] {logging_mixin.py:188} INFO - [2026-05-31T11:50:58.339+0000] {dag.py:3954} INFO - Setting next_dagrun for example_local_kubernetes_executor to None, run_after=None
[2026-05-31T11:50:58.362+0000] {processor.py:183} INFO - Processing /home/airflow/.local/lib/python3.12/site-packages/airflow/example_dags/example_local_kubernetes_executor.py took 0.103 seconds
[2026-05-31T11:51:28.394+0000] {processor.py:161} INFO - Started process (PID=1632) to work on /home/airflow/.local/lib/python3.12/site-packages/airflow/example_dags/example_local_kubernetes_executor.py
[2026-05-31T11:51:28.395+0000] {processor.py:830} INFO - Processing file /home/airflow/.local/lib/python3.12/site-packages/airflow/example_dags/example_local_kubernetes_executor.py for tasks to queue
[2026-05-31T11:51:28.397+0000] {logging_mixin.py:188} INFO - [2026-05-31T11:51:28.397+0000] {dagbag.py:540} INFO - Filling up the DagBag from /home/airflow/.local/lib/python3.12/site-packages/airflow/example_dags/example_local_kubernetes_executor.py
[2026-05-31T11:51:28.404+0000] {processor.py:840} INFO - DAG(s) 'example_local_kubernetes_executor' retrieved from /home/airflow/.local/lib/python3.12/site-packages/airflow/example_dags/example_local_kubernetes_executor.py
[2026-05-31T11:51:28.435+0000] {logging_mixin.py:188} INFO - [2026-05-31T11:51:28.435+0000] {dag.py:3096} INFO - Sync 1 DAGs
[2026-05-31T11:51:28.446+0000] {logging_mixin.py:188} INFO - [2026-05-31T11:51:28.446+0000] {dag.py:3954} INFO - Setting next_dagrun for example_local_kubernetes_executor to None, run_after=None
[2026-05-31T11:51:28.463+0000] {processor.py:183} INFO - Processing /home/airflow/.local/lib/python3.12/site-packages/airflow/example_dags/example_local_kubernetes_executor.py took 0.074 seconds
[2026-05-31T11:51:58.699+0000] {processor.py:161} INFO - Started process (PID=1690) to work on /home/airflow/.local/lib/python3.12/site-packages/airflow/example_dags/example_local_kubernetes_executor.py
[2026-05-31T11:51:58.701+0000] {processor.py:830} INFO - Processing file /home/airflow/.local/lib/python3.12/site-packages/airflow/example_dags/example_local_kubernetes_executor.py for tasks to queue
[2026-05-31T11:51:58.703+0000] {logging_mixin.py:188} INFO - [2026-05-31T11:51:58.703+0000] {dagbag.py:540} INFO - Filling up the DagBag from /home/airflow/.local/lib/python3.12/site-packages/airflow/example_dags/example_local_kubernetes_executor.py
[2026-05-31T11:51:58.710+0000] {processor.py:840} INFO - DAG(s) 'example_local_kubernetes_executor' retrieved from /home/airflow/.local/lib/python3.12/site-packages/airflow/example_dags/example_local_kubernetes_executor.py
[2026-05-31T11:51:58.740+0000] {logging_mixin.py:188} INFO - [2026-05-31T11:51:58.740+0000] {dag.py:3096} INFO - Sync 1 DAGs
[2026-05-31T11:51:58.751+0000] {logging_mixin.py:188} INFO - [2026-05-31T11:51:58.751+0000] {dag.py:3954} INFO - Setting next_dagrun for example_local_kubernetes_executor to None, run_after=None
[2026-05-31T11:51:58.770+0000] {processor.py:183} INFO - Processing /home/airflow/.local/lib/python3.12/site-packages/airflow/example_dags/example_local_kubernetes_executor.py took 0.076 seconds
[2026-05-31T11:52:28.879+0000] {processor.py:161} INFO - Started process (PID=1776) to work on /home/airflow/.local/lib/python3.12/site-packages/airflow/example_dags/example_local_kubernetes_executor.py
[2026-05-31T11:52:28.879+0000] {processor.py:830} INFO - Processing file /home/airflow/.local/lib/python3.12/site-packages/airflow/example_dags/example_local_kubernetes_executor.py for tasks to queue
[2026-05-31T11:52:28.881+0000] {logging_mixin.py:188} INFO - [2026-05-31T11:52:28.881+0000] {dagbag.py:540} INFO - Filling up the DagBag from /home/airflow/.local/lib/python3.12/site-packages/airflow/example_dags/example_local_kubernetes_executor.py
[2026-05-31T11:52:28.887+0000] {processor.py:840} INFO - DAG(s) 'example_local_kubernetes_executor' retrieved from /home/airflow/.local/lib/python3.12/site-packages/airflow/example_dags/example_local_kubernetes_executor.py
[2026-05-31T11:52:28.921+0000] {logging_mixin.py:188} INFO - [2026-05-31T11:52:28.921+0000] {dag.py:3096} INFO - Sync 1 DAGs
[2026-05-31T11:52:28.935+0000] {logging_mixin.py:188} INFO - [2026-05-31T11:52:28.935+0000] {dag.py:3954} INFO - Setting next_dagrun for example_local_kubernetes_executor to None, run_after=None
[2026-05-31T11:52:28.954+0000] {processor.py:183} INFO - Processing /home/airflow/.local/lib/python3.12/site-packages/airflow/example_dags/example_local_kubernetes_executor.py took 0.080 seconds
[2026-05-31T11:52:59.885+0000] {processor.py:161} INFO - Started process (PID=1834) to work on /home/airflow/.local/lib/python3.12/site-packages/airflow/example_dags/example_local_kubernetes_executor.py
[2026-05-31T11:52:59.886+0000] {processor.py:830} INFO - Processing file /home/airflow/.local/lib/python3.12/site-packages/airflow/example_dags/example_local_kubernetes_executor.py for tasks to queue
[2026-05-31T11:52:59.887+0000] {logging_mixin.py:188} INFO - [2026-05-31T11:52:59.887+0000] {dagbag.py:540} INFO - Filling up the DagBag from /home/airflow/.local/lib/python3.12/site-packages/airflow/example_dags/example_local_kubernetes_executor.py
[2026-05-31T11:52:59.895+0000] {processor.py:840} INFO - DAG(s) 'example_local_kubernetes_executor' retrieved from /home/airflow/.local/lib/python3.12/site-packages/airflow/example_dags/example_local_kubernetes_executor.py
[2026-05-31T11:52:59.926+0000] {logging_mixin.py:188} INFO - [2026-05-31T11:52:59.925+0000] {dag.py:3096} INFO - Sync 1 DAGs
[2026-05-31T11:52:59.940+0000] {logging_mixin.py:188} INFO - [2026-05-31T11:52:59.940+0000] {dag.py:3954} INFO - Setting next_dagrun for example_local_kubernetes_executor to None, run_after=None
[2026-05-31T11:52:59.963+0000] {processor.py:183} INFO - Processing /home/airflow/.local/lib/python3.12/site-packages/airflow/example_dags/example_local_kubernetes_executor.py took 0.083 seconds
[2026-05-31T11:53:30.626+0000] {processor.py:161} INFO - Started process (PID=1893) to work on /home/airflow/.local/lib/python3.12/site-packages/airflow/example_dags/example_local_kubernetes_executor.py
[2026-05-31T11:53:30.627+0000] {processor.py:830} INFO - Processing file /home/airflow/.local/lib/python3.12/site-packages/airflow/example_dags/example_local_kubernetes_executor.py for tasks to queue
[2026-05-31T11:53:30.629+0000] {logging_mixin.py:188} INFO - [2026-05-31T11:53:30.629+0000] {dagbag.py:540} INFO - Filling up the DagBag from /home/airflow/.local/lib/python3.12/site-packages/airflow/example_dags/example_local_kubernetes_executor.py
[2026-05-31T11:53:30.635+0000] {processor.py:840} INFO - DAG(s) 'example_local_kubernetes_executor' retrieved from /home/airflow/.local/lib/python3.12/site-packages/airflow/example_dags/example_local_kubernetes_executor.py
[2026-05-31T11:53:30.669+0000] {logging_mixin.py:188} INFO - [2026-05-31T11:53:30.668+0000] {dag.py:3096} INFO - Sync 1 DAGs
[2026-05-31T11:53:30.681+0000] {logging_mixin.py:188} INFO - [2026-05-31T11:53:30.681+0000] {dag.py:3954} INFO - Setting next_dagrun for example_local_kubernetes_executor to None, run_after=None
[2026-05-31T11:53:30.697+0000] {processor.py:183} INFO - Processing /home/airflow/.local/lib/python3.12/site-packages/airflow/example_dags/example_local_kubernetes_executor.py took 0.076 seconds
[2026-05-31T13:14:54.317+0000] {processor.py:161} INFO - Started process (PID=122) to work on /home/airflow/.local/lib/python3.12/site-packages/airflow/example_dags/example_local_kubernetes_executor.py
[2026-05-31T13:14:54.347+0000] {processor.py:830} INFO - Processing file /home/airflow/.local/lib/python3.12/site-packages/airflow/example_dags/example_local_kubernetes_executor.py for tasks to queue
[2026-05-31T13:14:54.349+0000] {logging_mixin.py:188} INFO - [2026-05-31T13:14:54.349+0000] {dagbag.py:540} INFO - Filling up the DagBag from /home/airflow/.local/lib/python3.12/site-packages/airflow/example_dags/example_local_kubernetes_executor.py
[2026-05-31T13:14:54.356+0000] {processor.py:840} INFO - DAG(s) 'example_local_kubernetes_executor' retrieved from /home/airflow/.local/lib/python3.12/site-packages/airflow/example_dags/example_local_kubernetes_executor.py
[2026-05-31T13:14:54.365+0000] {logging_mixin.py:188} INFO - [2026-05-31T13:14:54.365+0000] {dag.py:3096} INFO - Sync 1 DAGs
[2026-05-31T13:14:54.376+0000] {logging_mixin.py:188} INFO - [2026-05-31T13:14:54.376+0000] {dag.py:3954} INFO - Setting next_dagrun for example_local_kubernetes_executor to None, run_after=None
[2026-05-31T13:14:54.527+0000] {processor.py:183} INFO - Processing /home/airflow/.local/lib/python3.12/site-packages/airflow/example_dags/example_local_kubernetes_executor.py took 0.216 seconds
[2026-05-31T13:15:25.605+0000] {processor.py:161} INFO - Started process (PID=181) to work on /home/airflow/.local/lib/python3.12/site-packages/airflow/example_dags/example_local_kubernetes_executor.py
[2026-05-31T13:15:25.606+0000] {processor.py:830} INFO - Processing file /home/airflow/.local/lib/python3.12/site-packages/airflow/example_dags/example_local_kubernetes_executor.py for tasks to queue
[2026-05-31T13:15:25.608+0000] {logging_mixin.py:188} INFO - [2026-05-31T13:15:25.608+0000] {dagbag.py:540} INFO - Filling up the DagBag from /home/airflow/.local/lib/python3.12/site-packages/airflow/example_dags/example_local_kubernetes_executor.py
[2026-05-31T13:15:25.615+0000] {processor.py:840} INFO - DAG(s) 'example_local_kubernetes_executor' retrieved from /home/airflow/.local/lib/python3.12/site-packages/airflow/example_dags/example_local_kubernetes_executor.py
[2026-05-31T13:15:25.761+0000] {logging_mixin.py:188} INFO - [2026-05-31T13:15:25.761+0000] {dag.py:3096} INFO - Sync 1 DAGs
[2026-05-31T13:15:25.780+0000] {logging_mixin.py:188} INFO - [2026-05-31T13:15:25.779+0000] {dag.py:3954} INFO - Setting next_dagrun for example_local_kubernetes_executor to None, run_after=None
[2026-05-31T13:15:25.810+0000] {processor.py:183} INFO - Processing /home/airflow/.local/lib/python3.12/site-packages/airflow/example_dags/example_local_kubernetes_executor.py took 0.209 seconds
[2026-05-31T13:15:56.285+0000] {processor.py:161} INFO - Started process (PID=268) to work on /home/airflow/.local/lib/python3.12/site-packages/airflow/example_dags/example_local_kubernetes_executor.py
[2026-05-31T13:15:56.286+0000] {processor.py:830} INFO - Processing file /home/airflow/.local/lib/python3.12/site-packages/airflow/example_dags/example_local_kubernetes_executor.py for tasks to queue
[2026-05-31T13:15:56.289+0000] {logging_mixin.py:188} INFO - [2026-05-31T13:15:56.288+0000] {dagbag.py:540} INFO - Filling up the DagBag from /home/airflow/.local/lib/python3.12/site-packages/airflow/example_dags/example_local_kubernetes_executor.py
[2026-05-31T13:15:56.295+0000] {processor.py:840} INFO - DAG(s) 'example_local_kubernetes_executor' retrieved from /home/airflow/.local/lib/python3.12/site-packages/airflow/example_dags/example_local_kubernetes_executor.py
[2026-05-31T13:15:56.327+0000] {logging_mixin.py:188} INFO - [2026-05-31T13:15:56.327+0000] {dag.py:3096} INFO - Sync 1 DAGs
[2026-05-31T13:15:56.343+0000] {logging_mixin.py:188} INFO - [2026-05-31T13:15:56.342+0000] {dag.py:3954} INFO - Setting next_dagrun for example_local_kubernetes_executor to None, run_after=None
[2026-05-31T13:15:56.369+0000] {processor.py:183} INFO - Processing /home/airflow/.local/lib/python3.12/site-packages/airflow/example_dags/example_local_kubernetes_executor.py took 0.090 seconds
[2026-05-31T13:16:26.770+0000] {processor.py:161} INFO - Started process (PID=327) to work on /home/airflow/.local/lib/python3.12/site-packages/airflow/example_dags/example_local_kubernetes_executor.py
[2026-05-31T13:16:26.771+0000] {processor.py:830} INFO - Processing file /home/airflow/.local/lib/python3.12/site-packages/airflow/example_dags/example_local_kubernetes_executor.py for tasks to queue
[2026-05-31T13:16:26.773+0000] {logging_mixin.py:188} INFO - [2026-05-31T13:16:26.772+0000] {dagbag.py:540} INFO - Filling up the DagBag from /home/airflow/.local/lib/python3.12/site-packages/airflow/example_dags/example_local_kubernetes_executor.py
[2026-05-31T13:16:26.779+0000] {processor.py:840} INFO - DAG(s) 'example_local_kubernetes_executor' retrieved from /home/airflow/.local/lib/python3.12/site-packages/airflow/example_dags/example_local_kubernetes_executor.py
[2026-05-31T13:16:26.807+0000] {logging_mixin.py:188} INFO - [2026-05-31T13:16:26.807+0000] {dag.py:3096} INFO - Sync 1 DAGs
[2026-05-31T13:16:26.817+0000] {logging_mixin.py:188} INFO - [2026-05-31T13:16:26.817+0000] {dag.py:3954} INFO - Setting next_dagrun for example_local_kubernetes_executor to None, run_after=None
[2026-05-31T13:16:26.834+0000] {processor.py:183} INFO - Processing /home/airflow/.local/lib/python3.12/site-packages/airflow/example_dags/example_local_kubernetes_executor.py took 0.069 seconds
[2026-05-31T13:16:57.156+0000] {processor.py:161} INFO - Started process (PID=386) to work on /home/airflow/.local/lib/python3.12/site-packages/airflow/example_dags/example_local_kubernetes_executor.py
[2026-05-31T13:16:57.158+0000] {processor.py:830} INFO - Processing file /home/airflow/.local/lib/python3.12/site-packages/airflow/example_dags/example_local_kubernetes_executor.py for tasks to queue
[2026-05-31T13:16:57.161+0000] {logging_mixin.py:188} INFO - [2026-05-31T13:16:57.160+0000] {dagbag.py:540} INFO - Filling up the DagBag from /home/airflow/.local/lib/python3.12/site-packages/airflow/example_dags/example_local_kubernetes_executor.py
[2026-05-31T13:16:57.175+0000] {processor.py:840} INFO - DAG(s) 'example_local_kubernetes_executor' retrieved from /home/airflow/.local/lib/python3.12/site-packages/airflow/example_dags/example_local_kubernetes_executor.py
[2026-05-31T13:16:57.234+0000] {logging_mixin.py:188} INFO - [2026-05-31T13:16:57.234+0000] {dag.py:3096} INFO - Sync 1 DAGs
[2026-05-31T13:16:57.247+0000] {logging_mixin.py:188} INFO - [2026-05-31T13:16:57.246+0000] {dag.py:3954} INFO - Setting next_dagrun for example_local_kubernetes_executor to None, run_after=None
[2026-05-31T13:16:57.269+0000] {processor.py:183} INFO - Processing /home/airflow/.local/lib/python3.12/site-packages/airflow/example_dags/example_local_kubernetes_executor.py took 0.123 seconds
[2026-05-31T13:17:27.447+0000] {processor.py:161} INFO - Started process (PID=467) to work on /home/airflow/.local/lib/python3.12/site-packages/airflow/example_dags/example_local_kubernetes_executor.py
[2026-05-31T13:17:27.448+0000] {processor.py:830} INFO - Processing file /home/airflow/.local/lib/python3.12/site-packages/airflow/example_dags/example_local_kubernetes_executor.py for tasks to queue
[2026-05-31T13:17:27.450+0000] {logging_mixin.py:188} INFO - [2026-05-31T13:17:27.449+0000] {dagbag.py:540} INFO - Filling up the DagBag from /home/airflow/.local/lib/python3.12/site-packages/airflow/example_dags/example_local_kubernetes_executor.py
[2026-05-31T13:17:27.457+0000] {processor.py:840} INFO - DAG(s) 'example_local_kubernetes_executor' retrieved from /home/airflow/.local/lib/python3.12/site-packages/airflow/example_dags/example_local_kubernetes_executor.py
[2026-05-31T13:17:27.489+0000] {logging_mixin.py:188} INFO - [2026-05-31T13:17:27.488+0000] {dag.py:3096} INFO - Sync 1 DAGs
[2026-05-31T13:17:27.501+0000] {logging_mixin.py:188} INFO - [2026-05-31T13:17:27.500+0000] {dag.py:3954} INFO - Setting next_dagrun for example_local_kubernetes_executor to None, run_after=None
[2026-05-31T13:17:27.519+0000] {processor.py:183} INFO - Processing /home/airflow/.local/lib/python3.12/site-packages/airflow/example_dags/example_local_kubernetes_executor.py took 0.078 seconds
[2026-05-31T13:17:57.785+0000] {processor.py:161} INFO - Started process (PID=526) to work on /home/airflow/.local/lib/python3.12/site-packages/airflow/example_dags/example_local_kubernetes_executor.py
[2026-05-31T13:17:57.787+0000] {processor.py:830} INFO - Processing file /home/airflow/.local/lib/python3.12/site-packages/airflow/example_dags/example_local_kubernetes_executor.py for tasks to queue
[2026-05-31T13:17:57.792+0000] {logging_mixin.py:188} INFO - [2026-05-31T13:17:57.791+0000] {dagbag.py:540} INFO - Filling up the DagBag from /home/airflow/.local/lib/python3.12/site-packages/airflow/example_dags/example_local_kubernetes_executor.py
[2026-05-31T13:17:57.801+0000] {processor.py:840} INFO - DAG(s) 'example_local_kubernetes_executor' retrieved from /home/airflow/.local/lib/python3.12/site-packages/airflow/example_dags/example_local_kubernetes_executor.py
[2026-05-31T13:17:57.847+0000] {logging_mixin.py:188} INFO - [2026-05-31T13:17:57.847+0000] {dag.py:3096} INFO - Sync 1 DAGs
[2026-05-31T13:17:57.867+0000] {logging_mixin.py:188} INFO - [2026-05-31T13:17:57.867+0000] {dag.py:3954} INFO - Setting next_dagrun for example_local_kubernetes_executor to None, run_after=None
[2026-05-31T13:17:57.901+0000] {processor.py:183} INFO - Processing /home/airflow/.local/lib/python3.12/site-packages/airflow/example_dags/example_local_kubernetes_executor.py took 0.124 seconds
[2026-05-31T13:18:28.949+0000] {processor.py:161} INFO - Started process (PID=585) to work on /home/airflow/.local/lib/python3.12/site-packages/airflow/example_dags/example_local_kubernetes_executor.py
[2026-05-31T13:18:28.950+0000] {processor.py:830} INFO - Processing file /home/airflow/.local/lib/python3.12/site-packages/airflow/example_dags/example_local_kubernetes_executor.py for tasks to queue
[2026-05-31T13:18:28.955+0000] {logging_mixin.py:188} INFO - [2026-05-31T13:18:28.954+0000] {dagbag.py:540} INFO - Filling up the DagBag from /home/airflow/.local/lib/python3.12/site-packages/airflow/example_dags/example_local_kubernetes_executor.py
[2026-05-31T13:18:28.965+0000] {processor.py:840} INFO - DAG(s) 'example_local_kubernetes_executor' retrieved from /home/airflow/.local/lib/python3.12/site-packages/airflow/example_dags/example_local_kubernetes_executor.py
[2026-05-31T13:18:29.003+0000] {logging_mixin.py:188} INFO - [2026-05-31T13:18:29.002+0000] {dag.py:3096} INFO - Sync 1 DAGs
[2026-05-31T13:18:29.015+0000] {logging_mixin.py:188} INFO - [2026-05-31T13:18:29.015+0000] {dag.py:3954} INFO - Setting next_dagrun for example_local_kubernetes_executor to None, run_after=None
[2026-05-31T13:18:29.039+0000] {processor.py:183} INFO - Processing /home/airflow/.local/lib/python3.12/site-packages/airflow/example_dags/example_local_kubernetes_executor.py took 0.096 seconds
[2026-05-31T13:18:59.943+0000] {processor.py:161} INFO - Started process (PID=644) to work on /home/airflow/.local/lib/python3.12/site-packages/airflow/example_dags/example_local_kubernetes_executor.py
[2026-05-31T13:18:59.945+0000] {processor.py:830} INFO - Processing file /home/airflow/.local/lib/python3.12/site-packages/airflow/example_dags/example_local_kubernetes_executor.py for tasks to queue
[2026-05-31T13:18:59.946+0000] {logging_mixin.py:188} INFO - [2026-05-31T13:18:59.946+0000] {dagbag.py:540} INFO - Filling up the DagBag from /home/airflow/.local/lib/python3.12/site-packages/airflow/example_dags/example_local_kubernetes_executor.py
[2026-05-31T13:18:59.953+0000] {processor.py:840} INFO - DAG(s) 'example_local_kubernetes_executor' retrieved from /home/airflow/.local/lib/python3.12/site-packages/airflow/example_dags/example_local_kubernetes_executor.py
[2026-05-31T13:18:59.984+0000] {logging_mixin.py:188} INFO - [2026-05-31T13:18:59.983+0000] {dag.py:3096} INFO - Sync 1 DAGs
[2026-05-31T13:18:59.994+0000] {logging_mixin.py:188} INFO - [2026-05-31T13:18:59.993+0000] {dag.py:3954} INFO - Setting next_dagrun for example_local_kubernetes_executor to None, run_after=None
[2026-05-31T13:19:00.017+0000] {processor.py:183} INFO - Processing /home/airflow/.local/lib/python3.12/site-packages/airflow/example_dags/example_local_kubernetes_executor.py took 0.079 seconds
[2026-05-31T13:19:30.218+0000] {processor.py:161} INFO - Started process (PID=703) to work on /home/airflow/.local/lib/python3.12/site-packages/airflow/example_dags/example_local_kubernetes_executor.py
[2026-05-31T13:19:30.221+0000] {processor.py:830} INFO - Processing file /home/airflow/.local/lib/python3.12/site-packages/airflow/example_dags/example_local_kubernetes_executor.py for tasks to queue
[2026-05-31T13:19:30.223+0000] {logging_mixin.py:188} INFO - [2026-05-31T13:19:30.222+0000] {dagbag.py:540} INFO - Filling up the DagBag from /home/airflow/.local/lib/python3.12/site-packages/airflow/example_dags/example_local_kubernetes_executor.py
[2026-05-31T13:19:30.229+0000] {processor.py:840} INFO - DAG(s) 'example_local_kubernetes_executor' retrieved from /home/airflow/.local/lib/python3.12/site-packages/airflow/example_dags/example_local_kubernetes_executor.py
[2026-05-31T13:19:30.258+0000] {logging_mixin.py:188} INFO - [2026-05-31T13:19:30.258+0000] {dag.py:3096} INFO - Sync 1 DAGs
[2026-05-31T13:19:30.268+0000] {logging_mixin.py:188} INFO - [2026-05-31T13:19:30.268+0000] {dag.py:3954} INFO - Setting next_dagrun for example_local_kubernetes_executor to None, run_after=None
[2026-05-31T13:19:30.285+0000] {processor.py:183} INFO - Processing /home/airflow/.local/lib/python3.12/site-packages/airflow/example_dags/example_local_kubernetes_executor.py took 0.074 seconds
[2026-05-31T13:20:00.867+0000] {processor.py:161} INFO - Started process (PID=762) to work on /home/airflow/.local/lib/python3.12/site-packages/airflow/example_dags/example_local_kubernetes_executor.py
[2026-05-31T13:20:00.868+0000] {processor.py:830} INFO - Processing file /home/airflow/.local/lib/python3.12/site-packages/airflow/example_dags/example_local_kubernetes_executor.py for tasks to queue
[2026-05-31T13:20:00.872+0000] {logging_mixin.py:188} INFO - [2026-05-31T13:20:00.871+0000] {dagbag.py:540} INFO - Filling up the DagBag from /home/airflow/.local/lib/python3.12/site-packages/airflow/example_dags/example_local_kubernetes_executor.py
[2026-05-31T13:20:00.883+0000] {processor.py:840} INFO - DAG(s) 'example_local_kubernetes_executor' retrieved from /home/airflow/.local/lib/python3.12/site-packages/airflow/example_dags/example_local_kubernetes_executor.py
[2026-05-31T13:20:00.937+0000] {logging_mixin.py:188} INFO - [2026-05-31T13:20:00.937+0000] {dag.py:3096} INFO - Sync 1 DAGs
[2026-05-31T13:20:00.965+0000] {logging_mixin.py:188} INFO - [2026-05-31T13:20:00.964+0000] {dag.py:3954} INFO - Setting next_dagrun for example_local_kubernetes_executor to None, run_after=None
[2026-05-31T13:20:01.015+0000] {processor.py:183} INFO - Processing /home/airflow/.local/lib/python3.12/site-packages/airflow/example_dags/example_local_kubernetes_executor.py took 0.157 seconds
[2026-05-31T13:20:31.923+0000] {processor.py:161} INFO - Started process (PID=821) to work on /home/airflow/.local/lib/python3.12/site-packages/airflow/example_dags/example_local_kubernetes_executor.py
[2026-05-31T13:20:31.923+0000] {processor.py:830} INFO - Processing file /home/airflow/.local/lib/python3.12/site-packages/airflow/example_dags/example_local_kubernetes_executor.py for tasks to queue
[2026-05-31T13:20:31.925+0000] {logging_mixin.py:188} INFO - [2026-05-31T13:20:31.924+0000] {dagbag.py:540} INFO - Filling up the DagBag from /home/airflow/.local/lib/python3.12/site-packages/airflow/example_dags/example_local_kubernetes_executor.py
[2026-05-31T13:20:31.931+0000] {processor.py:840} INFO - DAG(s) 'example_local_kubernetes_executor' retrieved from /home/airflow/.local/lib/python3.12/site-packages/airflow/example_dags/example_local_kubernetes_executor.py
[2026-05-31T13:20:31.957+0000] {logging_mixin.py:188} INFO - [2026-05-31T13:20:31.957+0000] {dag.py:3096} INFO - Sync 1 DAGs
[2026-05-31T13:20:31.967+0000] {logging_mixin.py:188} INFO - [2026-05-31T13:20:31.967+0000] {dag.py:3954} INFO - Setting next_dagrun for example_local_kubernetes_executor to None, run_after=None
[2026-05-31T13:20:31.981+0000] {processor.py:183} INFO - Processing /home/airflow/.local/lib/python3.12/site-packages/airflow/example_dags/example_local_kubernetes_executor.py took 0.063 seconds
[2026-05-31T13:21:02.525+0000] {processor.py:161} INFO - Started process (PID=880) to work on /home/airflow/.local/lib/python3.12/site-packages/airflow/example_dags/example_local_kubernetes_executor.py
[2026-05-31T13:21:02.527+0000] {processor.py:830} INFO - Processing file /home/airflow/.local/lib/python3.12/site-packages/airflow/example_dags/example_local_kubernetes_executor.py for tasks to queue
[2026-05-31T13:21:02.529+0000] {logging_mixin.py:188} INFO - [2026-05-31T13:21:02.529+0000] {dagbag.py:540} INFO - Filling up the DagBag from /home/airflow/.local/lib/python3.12/site-packages/airflow/example_dags/example_local_kubernetes_executor.py
[2026-05-31T13:21:02.541+0000] {processor.py:840} INFO - DAG(s) 'example_local_kubernetes_executor' retrieved from /home/airflow/.local/lib/python3.12/site-packages/airflow/example_dags/example_local_kubernetes_executor.py
[2026-05-31T13:21:02.587+0000] {logging_mixin.py:188} INFO - [2026-05-31T13:21:02.587+0000] {dag.py:3096} INFO - Sync 1 DAGs
[2026-05-31T13:21:02.604+0000] {logging_mixin.py:188} INFO - [2026-05-31T13:21:02.604+0000] {dag.py:3954} INFO - Setting next_dagrun for example_local_kubernetes_executor to None, run_after=None
[2026-05-31T13:21:02.627+0000] {processor.py:183} INFO - Processing /home/airflow/.local/lib/python3.12/site-packages/airflow/example_dags/example_local_kubernetes_executor.py took 0.109 seconds
[2026-05-31T13:21:33.018+0000] {processor.py:161} INFO - Started process (PID=939) to work on /home/airflow/.local/lib/python3.12/site-packages/airflow/example_dags/example_local_kubernetes_executor.py
[2026-05-31T13:21:33.019+0000] {processor.py:830} INFO - Processing file /home/airflow/.local/lib/python3.12/site-packages/airflow/example_dags/example_local_kubernetes_executor.py for tasks to queue
[2026-05-31T13:21:33.021+0000] {logging_mixin.py:188} INFO - [2026-05-31T13:21:33.020+0000] {dagbag.py:540} INFO - Filling up the DagBag from /home/airflow/.local/lib/python3.12/site-packages/airflow/example_dags/example_local_kubernetes_executor.py
[2026-05-31T13:21:33.027+0000] {processor.py:840} INFO - DAG(s) 'example_local_kubernetes_executor' retrieved from /home/airflow/.local/lib/python3.12/site-packages/airflow/example_dags/example_local_kubernetes_executor.py
[2026-05-31T13:21:33.053+0000] {logging_mixin.py:188} INFO - [2026-05-31T13:21:33.053+0000] {dag.py:3096} INFO - Sync 1 DAGs
[2026-05-31T13:21:33.062+0000] {logging_mixin.py:188} INFO - [2026-05-31T13:21:33.062+0000] {dag.py:3954} INFO - Setting next_dagrun for example_local_kubernetes_executor to None, run_after=None
[2026-05-31T13:21:33.078+0000] {processor.py:183} INFO - Processing /home/airflow/.local/lib/python3.12/site-packages/airflow/example_dags/example_local_kubernetes_executor.py took 0.065 seconds
[2026-05-31T13:22:03.252+0000] {processor.py:161} INFO - Started process (PID=1002) to work on /home/airflow/.local/lib/python3.12/site-packages/airflow/example_dags/example_local_kubernetes_executor.py
[2026-05-31T13:22:03.253+0000] {processor.py:830} INFO - Processing file /home/airflow/.local/lib/python3.12/site-packages/airflow/example_dags/example_local_kubernetes_executor.py for tasks to queue
[2026-05-31T13:22:03.255+0000] {logging_mixin.py:188} INFO - [2026-05-31T13:22:03.255+0000] {dagbag.py:540} INFO - Filling up the DagBag from /home/airflow/.local/lib/python3.12/site-packages/airflow/example_dags/example_local_kubernetes_executor.py
[2026-05-31T13:22:03.261+0000] {processor.py:840} INFO - DAG(s) 'example_local_kubernetes_executor' retrieved from /home/airflow/.local/lib/python3.12/site-packages/airflow/example_dags/example_local_kubernetes_executor.py
[2026-05-31T13:22:03.289+0000] {logging_mixin.py:188} INFO - [2026-05-31T13:22:03.289+0000] {dag.py:3096} INFO - Sync 1 DAGs
[2026-05-31T13:22:03.427+0000] {logging_mixin.py:188} INFO - [2026-05-31T13:22:03.426+0000] {dag.py:3954} INFO - Setting next_dagrun for example_local_kubernetes_executor to None, run_after=None
[2026-05-31T13:22:03.445+0000] {processor.py:183} INFO - Processing /home/airflow/.local/lib/python3.12/site-packages/airflow/example_dags/example_local_kubernetes_executor.py took 0.198 seconds
[2026-05-31T13:22:33.530+0000] {processor.py:161} INFO - Started process (PID=1061) to work on /home/airflow/.local/lib/python3.12/site-packages/airflow/example_dags/example_local_kubernetes_executor.py
[2026-05-31T13:22:33.532+0000] {processor.py:830} INFO - Processing file /home/airflow/.local/lib/python3.12/site-packages/airflow/example_dags/example_local_kubernetes_executor.py for tasks to queue
[2026-05-31T13:22:33.534+0000] {logging_mixin.py:188} INFO - [2026-05-31T13:22:33.534+0000] {dagbag.py:540} INFO - Filling up the DagBag from /home/airflow/.local/lib/python3.12/site-packages/airflow/example_dags/example_local_kubernetes_executor.py
[2026-05-31T13:22:33.545+0000] {processor.py:840} INFO - DAG(s) 'example_local_kubernetes_executor' retrieved from /home/airflow/.local/lib/python3.12/site-packages/airflow/example_dags/example_local_kubernetes_executor.py
[2026-05-31T13:22:33.588+0000] {logging_mixin.py:188} INFO - [2026-05-31T13:22:33.587+0000] {dag.py:3096} INFO - Sync 1 DAGs
[2026-05-31T13:22:33.603+0000] {logging_mixin.py:188} INFO - [2026-05-31T13:22:33.603+0000] {dag.py:3954} INFO - Setting next_dagrun for example_local_kubernetes_executor to None, run_after=None
[2026-05-31T13:22:33.770+0000] {processor.py:183} INFO - Processing /home/airflow/.local/lib/python3.12/site-packages/airflow/example_dags/example_local_kubernetes_executor.py took 0.251 seconds
[2026-05-31T13:23:04.691+0000] {processor.py:161} INFO - Started process (PID=1120) to work on /home/airflow/.local/lib/python3.12/site-packages/airflow/example_dags/example_local_kubernetes_executor.py
[2026-05-31T13:23:04.693+0000] {processor.py:830} INFO - Processing file /home/airflow/.local/lib/python3.12/site-packages/airflow/example_dags/example_local_kubernetes_executor.py for tasks to queue
[2026-05-31T13:23:04.695+0000] {logging_mixin.py:188} INFO - [2026-05-31T13:23:04.695+0000] {dagbag.py:540} INFO - Filling up the DagBag from /home/airflow/.local/lib/python3.12/site-packages/airflow/example_dags/example_local_kubernetes_executor.py
[2026-05-31T13:23:04.702+0000] {processor.py:840} INFO - DAG(s) 'example_local_kubernetes_executor' retrieved from /home/airflow/.local/lib/python3.12/site-packages/airflow/example_dags/example_local_kubernetes_executor.py
[2026-05-31T13:23:04.754+0000] {logging_mixin.py:188} INFO - [2026-05-31T13:23:04.753+0000] {dag.py:3096} INFO - Sync 1 DAGs
[2026-05-31T13:23:04.777+0000] {logging_mixin.py:188} INFO - [2026-05-31T13:23:04.777+0000] {dag.py:3954} INFO - Setting next_dagrun for example_local_kubernetes_executor to None, run_after=None
[2026-05-31T13:23:04.808+0000] {processor.py:183} INFO - Processing /home/airflow/.local/lib/python3.12/site-packages/airflow/example_dags/example_local_kubernetes_executor.py took 0.123 seconds
[2026-05-31T13:23:34.866+0000] {processor.py:161} INFO - Started process (PID=1179) to work on /home/airflow/.local/lib/python3.12/site-packages/airflow/example_dags/example_local_kubernetes_executor.py
[2026-05-31T13:23:34.867+0000] {processor.py:830} INFO - Processing file /home/airflow/.local/lib/python3.12/site-packages/airflow/example_dags/example_local_kubernetes_executor.py for tasks to queue
[2026-05-31T13:23:34.869+0000] {logging_mixin.py:188} INFO - [2026-05-31T13:23:34.869+0000] {dagbag.py:540} INFO - Filling up the DagBag from /home/airflow/.local/lib/python3.12/site-packages/airflow/example_dags/example_local_kubernetes_executor.py
[2026-05-31T13:23:34.877+0000] {processor.py:840} INFO - DAG(s) 'example_local_kubernetes_executor' retrieved from /home/airflow/.local/lib/python3.12/site-packages/airflow/example_dags/example_local_kubernetes_executor.py
[2026-05-31T13:23:34.911+0000] {logging_mixin.py:188} INFO - [2026-05-31T13:23:34.910+0000] {dag.py:3096} INFO - Sync 1 DAGs
[2026-05-31T13:23:34.923+0000] {logging_mixin.py:188} INFO - [2026-05-31T13:23:34.922+0000] {dag.py:3954} INFO - Setting next_dagrun for example_local_kubernetes_executor to None, run_after=None
[2026-05-31T13:23:34.941+0000] {processor.py:183} INFO - Processing /home/airflow/.local/lib/python3.12/site-packages/airflow/example_dags/example_local_kubernetes_executor.py took 0.080 seconds
[2026-05-31T13:24:05.425+0000] {processor.py:161} INFO - Started process (PID=1238) to work on /home/airflow/.local/lib/python3.12/site-packages/airflow/example_dags/example_local_kubernetes_executor.py
[2026-05-31T13:24:05.427+0000] {processor.py:830} INFO - Processing file /home/airflow/.local/lib/python3.12/site-packages/airflow/example_dags/example_local_kubernetes_executor.py for tasks to queue
[2026-05-31T13:24:05.430+0000] {logging_mixin.py:188} INFO - [2026-05-31T13:24:05.430+0000] {dagbag.py:540} INFO - Filling up the DagBag from /home/airflow/.local/lib/python3.12/site-packages/airflow/example_dags/example_local_kubernetes_executor.py
[2026-05-31T13:24:05.442+0000] {processor.py:840} INFO - DAG(s) 'example_local_kubernetes_executor' retrieved from /home/airflow/.local/lib/python3.12/site-packages/airflow/example_dags/example_local_kubernetes_executor.py
[2026-05-31T13:24:05.490+0000] {logging_mixin.py:188} INFO - [2026-05-31T13:24:05.489+0000] {dag.py:3096} INFO - Sync 1 DAGs
[2026-05-31T13:24:05.510+0000] {logging_mixin.py:188} INFO - [2026-05-31T13:24:05.510+0000] {dag.py:3954} INFO - Setting next_dagrun for example_local_kubernetes_executor to None, run_after=None
[2026-05-31T13:24:05.544+0000] {processor.py:183} INFO - Processing /home/airflow/.local/lib/python3.12/site-packages/airflow/example_dags/example_local_kubernetes_executor.py took 0.127 seconds
[2026-05-31T13:24:36.324+0000] {processor.py:161} INFO - Started process (PID=1297) to work on /home/airflow/.local/lib/python3.12/site-packages/airflow/example_dags/example_local_kubernetes_executor.py
[2026-05-31T13:24:36.325+0000] {processor.py:830} INFO - Processing file /home/airflow/.local/lib/python3.12/site-packages/airflow/example_dags/example_local_kubernetes_executor.py for tasks to queue
[2026-05-31T13:24:36.327+0000] {logging_mixin.py:188} INFO - [2026-05-31T13:24:36.326+0000] {dagbag.py:540} INFO - Filling up the DagBag from /home/airflow/.local/lib/python3.12/site-packages/airflow/example_dags/example_local_kubernetes_executor.py
[2026-05-31T13:24:36.334+0000] {processor.py:840} INFO - DAG(s) 'example_local_kubernetes_executor' retrieved from /home/airflow/.local/lib/python3.12/site-packages/airflow/example_dags/example_local_kubernetes_executor.py
[2026-05-31T13:24:36.368+0000] {logging_mixin.py:188} INFO - [2026-05-31T13:24:36.368+0000] {dag.py:3096} INFO - Sync 1 DAGs
[2026-05-31T13:24:36.380+0000] {logging_mixin.py:188} INFO - [2026-05-31T13:24:36.380+0000] {dag.py:3954} INFO - Setting next_dagrun for example_local_kubernetes_executor to None, run_after=None
[2026-05-31T13:24:36.398+0000] {processor.py:183} INFO - Processing /home/airflow/.local/lib/python3.12/site-packages/airflow/example_dags/example_local_kubernetes_executor.py took 0.079 seconds
[2026-05-31T13:25:06.575+0000] {processor.py:161} INFO - Started process (PID=1356) to work on /home/airflow/.local/lib/python3.12/site-packages/airflow/example_dags/example_local_kubernetes_executor.py
[2026-05-31T13:25:06.576+0000] {processor.py:830} INFO - Processing file /home/airflow/.local/lib/python3.12/site-packages/airflow/example_dags/example_local_kubernetes_executor.py for tasks to queue
[2026-05-31T13:25:06.578+0000] {logging_mixin.py:188} INFO - [2026-05-31T13:25:06.577+0000] {dagbag.py:540} INFO - Filling up the DagBag from /home/airflow/.local/lib/python3.12/site-packages/airflow/example_dags/example_local_kubernetes_executor.py
[2026-05-31T13:25:06.584+0000] {processor.py:840} INFO - DAG(s) 'example_local_kubernetes_executor' retrieved from /home/airflow/.local/lib/python3.12/site-packages/airflow/example_dags/example_local_kubernetes_executor.py
[2026-05-31T13:25:06.617+0000] {logging_mixin.py:188} INFO - [2026-05-31T13:25:06.617+0000] {dag.py:3096} INFO - Sync 1 DAGs
[2026-05-31T13:25:06.630+0000] {logging_mixin.py:188} INFO - [2026-05-31T13:25:06.630+0000] {dag.py:3954} INFO - Setting next_dagrun for example_local_kubernetes_executor to None, run_after=None
[2026-05-31T13:25:06.649+0000] {processor.py:183} INFO - Processing /home/airflow/.local/lib/python3.12/site-packages/airflow/example_dags/example_local_kubernetes_executor.py took 0.081 seconds
[2026-05-31T13:25:36.740+0000] {processor.py:161} INFO - Started process (PID=1415) to work on /home/airflow/.local/lib/python3.12/site-packages/airflow/example_dags/example_local_kubernetes_executor.py
[2026-05-31T13:25:36.741+0000] {processor.py:830} INFO - Processing file /home/airflow/.local/lib/python3.12/site-packages/airflow/example_dags/example_local_kubernetes_executor.py for tasks to queue
[2026-05-31T13:25:36.743+0000] {logging_mixin.py:188} INFO - [2026-05-31T13:25:36.743+0000] {dagbag.py:540} INFO - Filling up the DagBag from /home/airflow/.local/lib/python3.12/site-packages/airflow/example_dags/example_local_kubernetes_executor.py
[2026-05-31T13:25:36.751+0000] {processor.py:840} INFO - DAG(s) 'example_local_kubernetes_executor' retrieved from /home/airflow/.local/lib/python3.12/site-packages/airflow/example_dags/example_local_kubernetes_executor.py
[2026-05-31T13:25:36.783+0000] {logging_mixin.py:188} INFO - [2026-05-31T13:25:36.783+0000] {dag.py:3096} INFO - Sync 1 DAGs
[2026-05-31T13:25:36.799+0000] {logging_mixin.py:188} INFO - [2026-05-31T13:25:36.799+0000] {dag.py:3954} INFO - Setting next_dagrun for example_local_kubernetes_executor to None, run_after=None
[2026-05-31T13:25:36.816+0000] {processor.py:183} INFO - Processing /home/airflow/.local/lib/python3.12/site-packages/airflow/example_dags/example_local_kubernetes_executor.py took 0.082 seconds
[2026-05-31T13:26:07.403+0000] {processor.py:161} INFO - Started process (PID=1474) to work on /home/airflow/.local/lib/python3.12/site-packages/airflow/example_dags/example_local_kubernetes_executor.py
[2026-05-31T13:26:07.404+0000] {processor.py:830} INFO - Processing file /home/airflow/.local/lib/python3.12/site-packages/airflow/example_dags/example_local_kubernetes_executor.py for tasks to queue
[2026-05-31T13:26:07.406+0000] {logging_mixin.py:188} INFO - [2026-05-31T13:26:07.406+0000] {dagbag.py:540} INFO - Filling up the DagBag from /home/airflow/.local/lib/python3.12/site-packages/airflow/example_dags/example_local_kubernetes_executor.py
[2026-05-31T13:26:07.413+0000] {processor.py:840} INFO - DAG(s) 'example_local_kubernetes_executor' retrieved from /home/airflow/.local/lib/python3.12/site-packages/airflow/example_dags/example_local_kubernetes_executor.py
[2026-05-31T13:26:07.440+0000] {logging_mixin.py:188} INFO - [2026-05-31T13:26:07.440+0000] {dag.py:3096} INFO - Sync 1 DAGs
[2026-05-31T13:26:07.450+0000] {logging_mixin.py:188} INFO - [2026-05-31T13:26:07.450+0000] {dag.py:3954} INFO - Setting next_dagrun for example_local_kubernetes_executor to None, run_after=None
[2026-05-31T13:26:07.464+0000] {processor.py:183} INFO - Processing /home/airflow/.local/lib/python3.12/site-packages/airflow/example_dags/example_local_kubernetes_executor.py took 0.066 seconds
[2026-05-31T13:26:38.238+0000] {processor.py:161} INFO - Started process (PID=1533) to work on /home/airflow/.local/lib/python3.12/site-packages/airflow/example_dags/example_local_kubernetes_executor.py
[2026-05-31T13:26:38.239+0000] {processor.py:830} INFO - Processing file /home/airflow/.local/lib/python3.12/site-packages/airflow/example_dags/example_local_kubernetes_executor.py for tasks to queue
[2026-05-31T13:26:38.241+0000] {logging_mixin.py:188} INFO - [2026-05-31T13:26:38.241+0000] {dagbag.py:540} INFO - Filling up the DagBag from /home/airflow/.local/lib/python3.12/site-packages/airflow/example_dags/example_local_kubernetes_executor.py
[2026-05-31T13:26:38.247+0000] {processor.py:840} INFO - DAG(s) 'example_local_kubernetes_executor' retrieved from /home/airflow/.local/lib/python3.12/site-packages/airflow/example_dags/example_local_kubernetes_executor.py
[2026-05-31T13:26:38.278+0000] {logging_mixin.py:188} INFO - [2026-05-31T13:26:38.277+0000] {dag.py:3096} INFO - Sync 1 DAGs
[2026-05-31T13:26:38.288+0000] {logging_mixin.py:188} INFO - [2026-05-31T13:26:38.288+0000] {dag.py:3954} INFO - Setting next_dagrun for example_local_kubernetes_executor to None, run_after=None
[2026-05-31T13:26:38.304+0000] {processor.py:183} INFO - Processing /home/airflow/.local/lib/python3.12/site-packages/airflow/example_dags/example_local_kubernetes_executor.py took 0.071 seconds
[2026-05-31T13:27:09.312+0000] {processor.py:161} INFO - Started process (PID=1592) to work on /home/airflow/.local/lib/python3.12/site-packages/airflow/example_dags/example_local_kubernetes_executor.py
[2026-05-31T13:27:09.313+0000] {processor.py:830} INFO - Processing file /home/airflow/.local/lib/python3.12/site-packages/airflow/example_dags/example_local_kubernetes_executor.py for tasks to queue
[2026-05-31T13:27:09.315+0000] {logging_mixin.py:188} INFO - [2026-05-31T13:27:09.314+0000] {dagbag.py:540} INFO - Filling up the DagBag from /home/airflow/.local/lib/python3.12/site-packages/airflow/example_dags/example_local_kubernetes_executor.py
[2026-05-31T13:27:09.321+0000] {processor.py:840} INFO - DAG(s) 'example_local_kubernetes_executor' retrieved from /home/airflow/.local/lib/python3.12/site-packages/airflow/example_dags/example_local_kubernetes_executor.py
[2026-05-31T13:27:09.348+0000] {logging_mixin.py:188} INFO - [2026-05-31T13:27:09.348+0000] {dag.py:3096} INFO - Sync 1 DAGs
[2026-05-31T13:27:09.359+0000] {logging_mixin.py:188} INFO - [2026-05-31T13:27:09.359+0000] {dag.py:3954} INFO - Setting next_dagrun for example_local_kubernetes_executor to None, run_after=None
[2026-05-31T13:27:09.374+0000] {processor.py:183} INFO - Processing /home/airflow/.local/lib/python3.12/site-packages/airflow/example_dags/example_local_kubernetes_executor.py took 0.067 seconds
[2026-05-31T13:27:39.529+0000] {processor.py:161} INFO - Started process (PID=1655) to work on /home/airflow/.local/lib/python3.12/site-packages/airflow/example_dags/example_local_kubernetes_executor.py
[2026-05-31T13:27:39.530+0000] {processor.py:830} INFO - Processing file /home/airflow/.local/lib/python3.12/site-packages/airflow/example_dags/example_local_kubernetes_executor.py for tasks to queue
[2026-05-31T13:27:39.532+0000] {logging_mixin.py:188} INFO - [2026-05-31T13:27:39.531+0000] {dagbag.py:540} INFO - Filling up the DagBag from /home/airflow/.local/lib/python3.12/site-packages/airflow/example_dags/example_local_kubernetes_executor.py
[2026-05-31T13:27:39.538+0000] {processor.py:840} INFO - DAG(s) 'example_local_kubernetes_executor' retrieved from /home/airflow/.local/lib/python3.12/site-packages/airflow/example_dags/example_local_kubernetes_executor.py
[2026-05-31T13:27:39.567+0000] {logging_mixin.py:188} INFO - [2026-05-31T13:27:39.566+0000] {dag.py:3096} INFO - Sync 1 DAGs
[2026-05-31T13:27:39.577+0000] {logging_mixin.py:188} INFO - [2026-05-31T13:27:39.577+0000] {dag.py:3954} INFO - Setting next_dagrun for example_local_kubernetes_executor to None, run_after=None
[2026-05-31T13:27:39.592+0000] {processor.py:183} INFO - Processing /home/airflow/.local/lib/python3.12/site-packages/airflow/example_dags/example_local_kubernetes_executor.py took 0.069 seconds
[2026-05-31T13:28:09.889+0000] {processor.py:161} INFO - Started process (PID=1718) to work on /home/airflow/.local/lib/python3.12/site-packages/airflow/example_dags/example_local_kubernetes_executor.py
[2026-05-31T13:28:09.890+0000] {processor.py:830} INFO - Processing file /home/airflow/.local/lib/python3.12/site-packages/airflow/example_dags/example_local_kubernetes_executor.py for tasks to queue
[2026-05-31T13:28:09.893+0000] {logging_mixin.py:188} INFO - [2026-05-31T13:28:09.892+0000] {dagbag.py:540} INFO - Filling up the DagBag from /home/airflow/.local/lib/python3.12/site-packages/airflow/example_dags/example_local_kubernetes_executor.py
[2026-05-31T13:28:09.900+0000] {processor.py:840} INFO - DAG(s) 'example_local_kubernetes_executor' retrieved from /home/airflow/.local/lib/python3.12/site-packages/airflow/example_dags/example_local_kubernetes_executor.py
[2026-05-31T13:28:09.934+0000] {logging_mixin.py:188} INFO - [2026-05-31T13:28:09.933+0000] {dag.py:3096} INFO - Sync 1 DAGs
[2026-05-31T13:28:09.946+0000] {logging_mixin.py:188} INFO - [2026-05-31T13:28:09.946+0000] {dag.py:3954} INFO - Setting next_dagrun for example_local_kubernetes_executor to None, run_after=None
[2026-05-31T13:28:09.966+0000] {processor.py:183} INFO - Processing /home/airflow/.local/lib/python3.12/site-packages/airflow/example_dags/example_local_kubernetes_executor.py took 0.081 seconds
[2026-05-31T13:28:40.401+0000] {processor.py:161} INFO - Started process (PID=1777) to work on /home/airflow/.local/lib/python3.12/site-packages/airflow/example_dags/example_local_kubernetes_executor.py
[2026-05-31T13:28:40.402+0000] {processor.py:830} INFO - Processing file /home/airflow/.local/lib/python3.12/site-packages/airflow/example_dags/example_local_kubernetes_executor.py for tasks to queue
[2026-05-31T13:28:40.404+0000] {logging_mixin.py:188} INFO - [2026-05-31T13:28:40.403+0000] {dagbag.py:540} INFO - Filling up the DagBag from /home/airflow/.local/lib/python3.12/site-packages/airflow/example_dags/example_local_kubernetes_executor.py
[2026-05-31T13:28:40.412+0000] {processor.py:840} INFO - DAG(s) 'example_local_kubernetes_executor' retrieved from /home/airflow/.local/lib/python3.12/site-packages/airflow/example_dags/example_local_kubernetes_executor.py
[2026-05-31T13:28:40.446+0000] {logging_mixin.py:188} INFO - [2026-05-31T13:28:40.446+0000] {dag.py:3096} INFO - Sync 1 DAGs
[2026-05-31T13:28:40.457+0000] {logging_mixin.py:188} INFO - [2026-05-31T13:28:40.457+0000] {dag.py:3954} INFO - Setting next_dagrun for example_local_kubernetes_executor to None, run_after=None
[2026-05-31T13:28:40.474+0000] {processor.py:183} INFO - Processing /home/airflow/.local/lib/python3.12/site-packages/airflow/example_dags/example_local_kubernetes_executor.py took 0.079 seconds
[2026-05-31T13:29:11.228+0000] {processor.py:161} INFO - Started process (PID=1836) to work on /home/airflow/.local/lib/python3.12/site-packages/airflow/example_dags/example_local_kubernetes_executor.py
[2026-05-31T13:29:11.230+0000] {processor.py:830} INFO - Processing file /home/airflow/.local/lib/python3.12/site-packages/airflow/example_dags/example_local_kubernetes_executor.py for tasks to queue
[2026-05-31T13:29:11.232+0000] {logging_mixin.py:188} INFO - [2026-05-31T13:29:11.231+0000] {dagbag.py:540} INFO - Filling up the DagBag from /home/airflow/.local/lib/python3.12/site-packages/airflow/example_dags/example_local_kubernetes_executor.py
[2026-05-31T13:29:11.239+0000] {processor.py:840} INFO - DAG(s) 'example_local_kubernetes_executor' retrieved from /home/airflow/.local/lib/python3.12/site-packages/airflow/example_dags/example_local_kubernetes_executor.py
[2026-05-31T13:29:11.270+0000] {logging_mixin.py:188} INFO - [2026-05-31T13:29:11.270+0000] {dag.py:3096} INFO - Sync 1 DAGs
[2026-05-31T13:29:11.281+0000] {logging_mixin.py:188} INFO - [2026-05-31T13:29:11.281+0000] {dag.py:3954} INFO - Setting next_dagrun for example_local_kubernetes_executor to None, run_after=None
[2026-05-31T13:29:11.297+0000] {processor.py:183} INFO - Processing /home/airflow/.local/lib/python3.12/site-packages/airflow/example_dags/example_local_kubernetes_executor.py took 0.074 seconds
[2026-05-31T13:29:41.995+0000] {processor.py:161} INFO - Started process (PID=1895) to work on /home/airflow/.local/lib/python3.12/site-packages/airflow/example_dags/example_local_kubernetes_executor.py
[2026-05-31T13:29:41.996+0000] {processor.py:830} INFO - Processing file /home/airflow/.local/lib/python3.12/site-packages/airflow/example_dags/example_local_kubernetes_executor.py for tasks to queue
[2026-05-31T13:29:41.998+0000] {logging_mixin.py:188} INFO - [2026-05-31T13:29:41.998+0000] {dagbag.py:540} INFO - Filling up the DagBag from /home/airflow/.local/lib/python3.12/site-packages/airflow/example_dags/example_local_kubernetes_executor.py
[2026-05-31T13:29:42.005+0000] {processor.py:840} INFO - DAG(s) 'example_local_kubernetes_executor' retrieved from /home/airflow/.local/lib/python3.12/site-packages/airflow/example_dags/example_local_kubernetes_executor.py
[2026-05-31T13:29:42.034+0000] {logging_mixin.py:188} INFO - [2026-05-31T13:29:42.034+0000] {dag.py:3096} INFO - Sync 1 DAGs
[2026-05-31T13:29:42.044+0000] {logging_mixin.py:188} INFO - [2026-05-31T13:29:42.044+0000] {dag.py:3954} INFO - Setting next_dagrun for example_local_kubernetes_executor to None, run_after=None
[2026-05-31T13:29:42.061+0000] {processor.py:183} INFO - Processing /home/airflow/.local/lib/python3.12/site-packages/airflow/example_dags/example_local_kubernetes_executor.py took 0.071 seconds
[2026-05-31T13:30:13.182+0000] {processor.py:161} INFO - Started process (PID=1954) to work on /home/airflow/.local/lib/python3.12/site-packages/airflow/example_dags/example_local_kubernetes_executor.py
[2026-05-31T13:30:13.183+0000] {processor.py:830} INFO - Processing file /home/airflow/.local/lib/python3.12/site-packages/airflow/example_dags/example_local_kubernetes_executor.py for tasks to queue
[2026-05-31T13:30:13.185+0000] {logging_mixin.py:188} INFO - [2026-05-31T13:30:13.184+0000] {dagbag.py:540} INFO - Filling up the DagBag from /home/airflow/.local/lib/python3.12/site-packages/airflow/example_dags/example_local_kubernetes_executor.py
[2026-05-31T13:30:13.192+0000] {processor.py:840} INFO - DAG(s) 'example_local_kubernetes_executor' retrieved from /home/airflow/.local/lib/python3.12/site-packages/airflow/example_dags/example_local_kubernetes_executor.py
[2026-05-31T13:30:13.226+0000] {logging_mixin.py:188} INFO - [2026-05-31T13:30:13.225+0000] {dag.py:3096} INFO - Sync 1 DAGs
[2026-05-31T13:30:13.239+0000] {logging_mixin.py:188} INFO - [2026-05-31T13:30:13.239+0000] {dag.py:3954} INFO - Setting next_dagrun for example_local_kubernetes_executor to None, run_after=None
[2026-05-31T13:30:13.260+0000] {processor.py:183} INFO - Processing /home/airflow/.local/lib/python3.12/site-packages/airflow/example_dags/example_local_kubernetes_executor.py took 0.084 seconds
[2026-05-31T13:30:43.387+0000] {processor.py:161} INFO - Started process (PID=2013) to work on /home/airflow/.local/lib/python3.12/site-packages/airflow/example_dags/example_local_kubernetes_executor.py
[2026-05-31T13:30:43.388+0000] {processor.py:830} INFO - Processing file /home/airflow/.local/lib/python3.12/site-packages/airflow/example_dags/example_local_kubernetes_executor.py for tasks to queue
[2026-05-31T13:30:43.390+0000] {logging_mixin.py:188} INFO - [2026-05-31T13:30:43.390+0000] {dagbag.py:540} INFO - Filling up the DagBag from /home/airflow/.local/lib/python3.12/site-packages/airflow/example_dags/example_local_kubernetes_executor.py
[2026-05-31T13:30:43.397+0000] {processor.py:840} INFO - DAG(s) 'example_local_kubernetes_executor' retrieved from /home/airflow/.local/lib/python3.12/site-packages/airflow/example_dags/example_local_kubernetes_executor.py
[2026-05-31T13:30:43.427+0000] {logging_mixin.py:188} INFO - [2026-05-31T13:30:43.426+0000] {dag.py:3096} INFO - Sync 1 DAGs
[2026-05-31T13:30:43.441+0000] {logging_mixin.py:188} INFO - [2026-05-31T13:30:43.441+0000] {dag.py:3954} INFO - Setting next_dagrun for example_local_kubernetes_executor to None, run_after=None
[2026-05-31T13:30:43.458+0000] {processor.py:183} INFO - Processing /home/airflow/.local/lib/python3.12/site-packages/airflow/example_dags/example_local_kubernetes_executor.py took 0.076 seconds
[2026-05-31T13:31:13.626+0000] {processor.py:161} INFO - Started process (PID=2072) to work on /home/airflow/.local/lib/python3.12/site-packages/airflow/example_dags/example_local_kubernetes_executor.py
[2026-05-31T13:31:13.627+0000] {processor.py:830} INFO - Processing file /home/airflow/.local/lib/python3.12/site-packages/airflow/example_dags/example_local_kubernetes_executor.py for tasks to queue
[2026-05-31T13:31:13.628+0000] {logging_mixin.py:188} INFO - [2026-05-31T13:31:13.628+0000] {dagbag.py:540} INFO - Filling up the DagBag from /home/airflow/.local/lib/python3.12/site-packages/airflow/example_dags/example_local_kubernetes_executor.py
[2026-05-31T13:31:13.635+0000] {processor.py:840} INFO - DAG(s) 'example_local_kubernetes_executor' retrieved from /home/airflow/.local/lib/python3.12/site-packages/airflow/example_dags/example_local_kubernetes_executor.py
[2026-05-31T13:31:13.663+0000] {logging_mixin.py:188} INFO - [2026-05-31T13:31:13.662+0000] {dag.py:3096} INFO - Sync 1 DAGs
[2026-05-31T13:31:13.674+0000] {logging_mixin.py:188} INFO - [2026-05-31T13:31:13.674+0000] {dag.py:3954} INFO - Setting next_dagrun for example_local_kubernetes_executor to None, run_after=None
[2026-05-31T13:31:13.692+0000] {processor.py:183} INFO - Processing /home/airflow/.local/lib/python3.12/site-packages/airflow/example_dags/example_local_kubernetes_executor.py took 0.071 seconds
[2026-05-31T13:31:44.534+0000] {processor.py:161} INFO - Started process (PID=2131) to work on /home/airflow/.local/lib/python3.12/site-packages/airflow/example_dags/example_local_kubernetes_executor.py
[2026-05-31T13:31:44.535+0000] {processor.py:830} INFO - Processing file /home/airflow/.local/lib/python3.12/site-packages/airflow/example_dags/example_local_kubernetes_executor.py for tasks to queue
[2026-05-31T13:31:44.537+0000] {logging_mixin.py:188} INFO - [2026-05-31T13:31:44.537+0000] {dagbag.py:540} INFO - Filling up the DagBag from /home/airflow/.local/lib/python3.12/site-packages/airflow/example_dags/example_local_kubernetes_executor.py
[2026-05-31T13:31:44.544+0000] {processor.py:840} INFO - DAG(s) 'example_local_kubernetes_executor' retrieved from /home/airflow/.local/lib/python3.12/site-packages/airflow/example_dags/example_local_kubernetes_executor.py
[2026-05-31T13:31:44.571+0000] {logging_mixin.py:188} INFO - [2026-05-31T13:31:44.571+0000] {dag.py:3096} INFO - Sync 1 DAGs
[2026-05-31T13:31:44.582+0000] {logging_mixin.py:188} INFO - [2026-05-31T13:31:44.582+0000] {dag.py:3954} INFO - Setting next_dagrun for example_local_kubernetes_executor to None, run_after=None
[2026-05-31T13:31:44.600+0000] {processor.py:183} INFO - Processing /home/airflow/.local/lib/python3.12/site-packages/airflow/example_dags/example_local_kubernetes_executor.py took 0.071 seconds
[2026-05-31T13:32:15.384+0000] {processor.py:161} INFO - Started process (PID=2190) to work on /home/airflow/.local/lib/python3.12/site-packages/airflow/example_dags/example_local_kubernetes_executor.py
[2026-05-31T13:32:15.385+0000] {processor.py:830} INFO - Processing file /home/airflow/.local/lib/python3.12/site-packages/airflow/example_dags/example_local_kubernetes_executor.py for tasks to queue
[2026-05-31T13:32:15.387+0000] {logging_mixin.py:188} INFO - [2026-05-31T13:32:15.387+0000] {dagbag.py:540} INFO - Filling up the DagBag from /home/airflow/.local/lib/python3.12/site-packages/airflow/example_dags/example_local_kubernetes_executor.py
[2026-05-31T13:32:15.394+0000] {processor.py:840} INFO - DAG(s) 'example_local_kubernetes_executor' retrieved from /home/airflow/.local/lib/python3.12/site-packages/airflow/example_dags/example_local_kubernetes_executor.py
[2026-05-31T13:32:15.426+0000] {logging_mixin.py:188} INFO - [2026-05-31T13:32:15.425+0000] {dag.py:3096} INFO - Sync 1 DAGs
[2026-05-31T13:32:15.436+0000] {logging_mixin.py:188} INFO - [2026-05-31T13:32:15.436+0000] {dag.py:3954} INFO - Setting next_dagrun for example_local_kubernetes_executor to None, run_after=None
[2026-05-31T13:32:15.453+0000] {processor.py:183} INFO - Processing /home/airflow/.local/lib/python3.12/site-packages/airflow/example_dags/example_local_kubernetes_executor.py took 0.074 seconds
[2026-05-31T13:32:46.151+0000] {processor.py:161} INFO - Started process (PID=2250) to work on /home/airflow/.local/lib/python3.12/site-packages/airflow/example_dags/example_local_kubernetes_executor.py
[2026-05-31T13:32:46.152+0000] {processor.py:830} INFO - Processing file /home/airflow/.local/lib/python3.12/site-packages/airflow/example_dags/example_local_kubernetes_executor.py for tasks to queue
[2026-05-31T13:32:46.154+0000] {logging_mixin.py:188} INFO - [2026-05-31T13:32:46.154+0000] {dagbag.py:540} INFO - Filling up the DagBag from /home/airflow/.local/lib/python3.12/site-packages/airflow/example_dags/example_local_kubernetes_executor.py
[2026-05-31T13:32:46.161+0000] {processor.py:840} INFO - DAG(s) 'example_local_kubernetes_executor' retrieved from /home/airflow/.local/lib/python3.12/site-packages/airflow/example_dags/example_local_kubernetes_executor.py
[2026-05-31T13:32:46.192+0000] {logging_mixin.py:188} INFO - [2026-05-31T13:32:46.192+0000] {dag.py:3096} INFO - Sync 1 DAGs
[2026-05-31T13:32:46.207+0000] {logging_mixin.py:188} INFO - [2026-05-31T13:32:46.206+0000] {dag.py:3954} INFO - Setting next_dagrun for example_local_kubernetes_executor to None, run_after=None
[2026-05-31T13:32:46.230+0000] {processor.py:183} INFO - Processing /home/airflow/.local/lib/python3.12/site-packages/airflow/example_dags/example_local_kubernetes_executor.py took 0.085 seconds
[2026-05-31T13:33:16.832+0000] {processor.py:161} INFO - Started process (PID=2309) to work on /home/airflow/.local/lib/python3.12/site-packages/airflow/example_dags/example_local_kubernetes_executor.py
[2026-05-31T13:33:16.833+0000] {processor.py:830} INFO - Processing file /home/airflow/.local/lib/python3.12/site-packages/airflow/example_dags/example_local_kubernetes_executor.py for tasks to queue
[2026-05-31T13:33:16.835+0000] {logging_mixin.py:188} INFO - [2026-05-31T13:33:16.835+0000] {dagbag.py:540} INFO - Filling up the DagBag from /home/airflow/.local/lib/python3.12/site-packages/airflow/example_dags/example_local_kubernetes_executor.py
[2026-05-31T13:33:16.842+0000] {processor.py:840} INFO - DAG(s) 'example_local_kubernetes_executor' retrieved from /home/airflow/.local/lib/python3.12/site-packages/airflow/example_dags/example_local_kubernetes_executor.py
[2026-05-31T13:33:16.870+0000] {logging_mixin.py:188} INFO - [2026-05-31T13:33:16.870+0000] {dag.py:3096} INFO - Sync 1 DAGs
[2026-05-31T13:33:16.880+0000] {logging_mixin.py:188} INFO - [2026-05-31T13:33:16.880+0000] {dag.py:3954} INFO - Setting next_dagrun for example_local_kubernetes_executor to None, run_after=None
[2026-05-31T13:33:16.895+0000] {processor.py:183} INFO - Processing /home/airflow/.local/lib/python3.12/site-packages/airflow/example_dags/example_local_kubernetes_executor.py took 0.068 seconds
[2026-05-31T13:33:47.366+0000] {processor.py:161} INFO - Started process (PID=2368) to work on /home/airflow/.local/lib/python3.12/site-packages/airflow/example_dags/example_local_kubernetes_executor.py
[2026-05-31T13:33:47.367+0000] {processor.py:830} INFO - Processing file /home/airflow/.local/lib/python3.12/site-packages/airflow/example_dags/example_local_kubernetes_executor.py for tasks to queue
[2026-05-31T13:33:47.369+0000] {logging_mixin.py:188} INFO - [2026-05-31T13:33:47.369+0000] {dagbag.py:540} INFO - Filling up the DagBag from /home/airflow/.local/lib/python3.12/site-packages/airflow/example_dags/example_local_kubernetes_executor.py
[2026-05-31T13:33:47.376+0000] {processor.py:840} INFO - DAG(s) 'example_local_kubernetes_executor' retrieved from /home/airflow/.local/lib/python3.12/site-packages/airflow/example_dags/example_local_kubernetes_executor.py
[2026-05-31T13:33:47.407+0000] {logging_mixin.py:188} INFO - [2026-05-31T13:33:47.407+0000] {dag.py:3096} INFO - Sync 1 DAGs
[2026-05-31T13:33:47.420+0000] {logging_mixin.py:188} INFO - [2026-05-31T13:33:47.420+0000] {dag.py:3954} INFO - Setting next_dagrun for example_local_kubernetes_executor to None, run_after=None
[2026-05-31T13:33:47.451+0000] {processor.py:183} INFO - Processing /home/airflow/.local/lib/python3.12/site-packages/airflow/example_dags/example_local_kubernetes_executor.py took 0.091 seconds
[2026-05-31T13:34:18.242+0000] {processor.py:161} INFO - Started process (PID=2427) to work on /home/airflow/.local/lib/python3.12/site-packages/airflow/example_dags/example_local_kubernetes_executor.py
[2026-05-31T13:34:18.243+0000] {processor.py:830} INFO - Processing file /home/airflow/.local/lib/python3.12/site-packages/airflow/example_dags/example_local_kubernetes_executor.py for tasks to queue
[2026-05-31T13:34:18.245+0000] {logging_mixin.py:188} INFO - [2026-05-31T13:34:18.244+0000] {dagbag.py:540} INFO - Filling up the DagBag from /home/airflow/.local/lib/python3.12/site-packages/airflow/example_dags/example_local_kubernetes_executor.py
[2026-05-31T13:34:18.252+0000] {processor.py:840} INFO - DAG(s) 'example_local_kubernetes_executor' retrieved from /home/airflow/.local/lib/python3.12/site-packages/airflow/example_dags/example_local_kubernetes_executor.py
[2026-05-31T13:34:18.285+0000] {logging_mixin.py:188} INFO - [2026-05-31T13:34:18.285+0000] {dag.py:3096} INFO - Sync 1 DAGs
[2026-05-31T13:34:18.296+0000] {logging_mixin.py:188} INFO - [2026-05-31T13:34:18.296+0000] {dag.py:3954} INFO - Setting next_dagrun for example_local_kubernetes_executor to None, run_after=None
[2026-05-31T13:34:18.322+0000] {processor.py:183} INFO - Processing /home/airflow/.local/lib/python3.12/site-packages/airflow/example_dags/example_local_kubernetes_executor.py took 0.085 seconds
[2026-05-31T13:34:48.640+0000] {processor.py:161} INFO - Started process (PID=2486) to work on /home/airflow/.local/lib/python3.12/site-packages/airflow/example_dags/example_local_kubernetes_executor.py
[2026-05-31T13:34:48.642+0000] {processor.py:830} INFO - Processing file /home/airflow/.local/lib/python3.12/site-packages/airflow/example_dags/example_local_kubernetes_executor.py for tasks to queue
[2026-05-31T13:34:48.644+0000] {logging_mixin.py:188} INFO - [2026-05-31T13:34:48.643+0000] {dagbag.py:540} INFO - Filling up the DagBag from /home/airflow/.local/lib/python3.12/site-packages/airflow/example_dags/example_local_kubernetes_executor.py
[2026-05-31T13:34:48.650+0000] {processor.py:840} INFO - DAG(s) 'example_local_kubernetes_executor' retrieved from /home/airflow/.local/lib/python3.12/site-packages/airflow/example_dags/example_local_kubernetes_executor.py
[2026-05-31T13:34:48.680+0000] {logging_mixin.py:188} INFO - [2026-05-31T13:34:48.680+0000] {dag.py:3096} INFO - Sync 1 DAGs
[2026-05-31T13:34:48.693+0000] {logging_mixin.py:188} INFO - [2026-05-31T13:34:48.693+0000] {dag.py:3954} INFO - Setting next_dagrun for example_local_kubernetes_executor to None, run_after=None
[2026-05-31T13:34:48.709+0000] {processor.py:183} INFO - Processing /home/airflow/.local/lib/python3.12/site-packages/airflow/example_dags/example_local_kubernetes_executor.py took 0.074 seconds
[2026-05-31T13:35:19.685+0000] {processor.py:161} INFO - Started process (PID=2545) to work on /home/airflow/.local/lib/python3.12/site-packages/airflow/example_dags/example_local_kubernetes_executor.py
[2026-05-31T13:35:19.687+0000] {processor.py:830} INFO - Processing file /home/airflow/.local/lib/python3.12/site-packages/airflow/example_dags/example_local_kubernetes_executor.py for tasks to queue
[2026-05-31T13:35:19.689+0000] {logging_mixin.py:188} INFO - [2026-05-31T13:35:19.689+0000] {dagbag.py:540} INFO - Filling up the DagBag from /home/airflow/.local/lib/python3.12/site-packages/airflow/example_dags/example_local_kubernetes_executor.py
[2026-05-31T13:35:19.696+0000] {processor.py:840} INFO - DAG(s) 'example_local_kubernetes_executor' retrieved from /home/airflow/.local/lib/python3.12/site-packages/airflow/example_dags/example_local_kubernetes_executor.py
[2026-05-31T13:35:19.729+0000] {logging_mixin.py:188} INFO - [2026-05-31T13:35:19.729+0000] {dag.py:3096} INFO - Sync 1 DAGs
[2026-05-31T13:35:19.741+0000] {logging_mixin.py:188} INFO - [2026-05-31T13:35:19.741+0000] {dag.py:3954} INFO - Setting next_dagrun for example_local_kubernetes_executor to None, run_after=None
[2026-05-31T13:35:19.759+0000] {processor.py:183} INFO - Processing /home/airflow/.local/lib/python3.12/site-packages/airflow/example_dags/example_local_kubernetes_executor.py took 0.079 seconds
[2026-05-31T13:35:49.917+0000] {processor.py:161} INFO - Started process (PID=2604) to work on /home/airflow/.local/lib/python3.12/site-packages/airflow/example_dags/example_local_kubernetes_executor.py
[2026-05-31T13:35:49.918+0000] {processor.py:830} INFO - Processing file /home/airflow/.local/lib/python3.12/site-packages/airflow/example_dags/example_local_kubernetes_executor.py for tasks to queue
[2026-05-31T13:35:49.921+0000] {logging_mixin.py:188} INFO - [2026-05-31T13:35:49.920+0000] {dagbag.py:540} INFO - Filling up the DagBag from /home/airflow/.local/lib/python3.12/site-packages/airflow/example_dags/example_local_kubernetes_executor.py
[2026-05-31T13:35:49.929+0000] {processor.py:840} INFO - DAG(s) 'example_local_kubernetes_executor' retrieved from /home/airflow/.local/lib/python3.12/site-packages/airflow/example_dags/example_local_kubernetes_executor.py
[2026-05-31T13:35:49.957+0000] {logging_mixin.py:188} INFO - [2026-05-31T13:35:49.957+0000] {dag.py:3096} INFO - Sync 1 DAGs
[2026-05-31T13:35:49.968+0000] {logging_mixin.py:188} INFO - [2026-05-31T13:35:49.968+0000] {dag.py:3954} INFO - Setting next_dagrun for example_local_kubernetes_executor to None, run_after=None
[2026-05-31T13:35:49.984+0000] {processor.py:183} INFO - Processing /home/airflow/.local/lib/python3.12/site-packages/airflow/example_dags/example_local_kubernetes_executor.py took 0.073 seconds
[2026-05-31T13:36:20.177+0000] {processor.py:161} INFO - Started process (PID=2663) to work on /home/airflow/.local/lib/python3.12/site-packages/airflow/example_dags/example_local_kubernetes_executor.py
[2026-05-31T13:36:20.178+0000] {processor.py:830} INFO - Processing file /home/airflow/.local/lib/python3.12/site-packages/airflow/example_dags/example_local_kubernetes_executor.py for tasks to queue
[2026-05-31T13:36:20.180+0000] {logging_mixin.py:188} INFO - [2026-05-31T13:36:20.180+0000] {dagbag.py:540} INFO - Filling up the DagBag from /home/airflow/.local/lib/python3.12/site-packages/airflow/example_dags/example_local_kubernetes_executor.py
[2026-05-31T13:36:20.188+0000] {processor.py:840} INFO - DAG(s) 'example_local_kubernetes_executor' retrieved from /home/airflow/.local/lib/python3.12/site-packages/airflow/example_dags/example_local_kubernetes_executor.py
[2026-05-31T13:36:20.221+0000] {logging_mixin.py:188} INFO - [2026-05-31T13:36:20.220+0000] {dag.py:3096} INFO - Sync 1 DAGs
[2026-05-31T13:36:20.235+0000] {logging_mixin.py:188} INFO - [2026-05-31T13:36:20.235+0000] {dag.py:3954} INFO - Setting next_dagrun for example_local_kubernetes_executor to None, run_after=None
[2026-05-31T13:36:20.260+0000] {processor.py:183} INFO - Processing /home/airflow/.local/lib/python3.12/site-packages/airflow/example_dags/example_local_kubernetes_executor.py took 0.089 seconds
[2026-05-31T13:36:50.958+0000] {processor.py:161} INFO - Started process (PID=2722) to work on /home/airflow/.local/lib/python3.12/site-packages/airflow/example_dags/example_local_kubernetes_executor.py
[2026-05-31T13:36:50.959+0000] {processor.py:830} INFO - Processing file /home/airflow/.local/lib/python3.12/site-packages/airflow/example_dags/example_local_kubernetes_executor.py for tasks to queue
[2026-05-31T13:36:50.962+0000] {logging_mixin.py:188} INFO - [2026-05-31T13:36:50.962+0000] {dagbag.py:540} INFO - Filling up the DagBag from /home/airflow/.local/lib/python3.12/site-packages/airflow/example_dags/example_local_kubernetes_executor.py
[2026-05-31T13:36:50.969+0000] {processor.py:840} INFO - DAG(s) 'example_local_kubernetes_executor' retrieved from /home/airflow/.local/lib/python3.12/site-packages/airflow/example_dags/example_local_kubernetes_executor.py
[2026-05-31T13:36:51.001+0000] {logging_mixin.py:188} INFO - [2026-05-31T13:36:51.000+0000] {dag.py:3096} INFO - Sync 1 DAGs
[2026-05-31T13:36:51.018+0000] {logging_mixin.py:188} INFO - [2026-05-31T13:36:51.018+0000] {dag.py:3954} INFO - Setting next_dagrun for example_local_kubernetes_executor to None, run_after=None
[2026-05-31T13:36:51.037+0000] {processor.py:183} INFO - Processing /home/airflow/.local/lib/python3.12/site-packages/airflow/example_dags/example_local_kubernetes_executor.py took 0.085 seconds
[2026-05-31T13:37:21.697+0000] {processor.py:161} INFO - Started process (PID=2781) to work on /home/airflow/.local/lib/python3.12/site-packages/airflow/example_dags/example_local_kubernetes_executor.py
[2026-05-31T13:37:21.698+0000] {processor.py:830} INFO - Processing file /home/airflow/.local/lib/python3.12/site-packages/airflow/example_dags/example_local_kubernetes_executor.py for tasks to queue
[2026-05-31T13:37:21.699+0000] {logging_mixin.py:188} INFO - [2026-05-31T13:37:21.699+0000] {dagbag.py:540} INFO - Filling up the DagBag from /home/airflow/.local/lib/python3.12/site-packages/airflow/example_dags/example_local_kubernetes_executor.py
[2026-05-31T13:37:21.705+0000] {processor.py:840} INFO - DAG(s) 'example_local_kubernetes_executor' retrieved from /home/airflow/.local/lib/python3.12/site-packages/airflow/example_dags/example_local_kubernetes_executor.py
[2026-05-31T13:37:21.732+0000] {logging_mixin.py:188} INFO - [2026-05-31T13:37:21.732+0000] {dag.py:3096} INFO - Sync 1 DAGs
[2026-05-31T13:37:21.743+0000] {logging_mixin.py:188} INFO - [2026-05-31T13:37:21.743+0000] {dag.py:3954} INFO - Setting next_dagrun for example_local_kubernetes_executor to None, run_after=None
[2026-05-31T13:37:21.758+0000] {processor.py:183} INFO - Processing /home/airflow/.local/lib/python3.12/site-packages/airflow/example_dags/example_local_kubernetes_executor.py took 0.066 seconds
[2026-05-31T13:37:52.649+0000] {processor.py:161} INFO - Started process (PID=2840) to work on /home/airflow/.local/lib/python3.12/site-packages/airflow/example_dags/example_local_kubernetes_executor.py
[2026-05-31T13:37:52.650+0000] {processor.py:830} INFO - Processing file /home/airflow/.local/lib/python3.12/site-packages/airflow/example_dags/example_local_kubernetes_executor.py for tasks to queue
[2026-05-31T13:37:52.652+0000] {logging_mixin.py:188} INFO - [2026-05-31T13:37:52.652+0000] {dagbag.py:540} INFO - Filling up the DagBag from /home/airflow/.local/lib/python3.12/site-packages/airflow/example_dags/example_local_kubernetes_executor.py
[2026-05-31T13:37:52.658+0000] {processor.py:840} INFO - DAG(s) 'example_local_kubernetes_executor' retrieved from /home/airflow/.local/lib/python3.12/site-packages/airflow/example_dags/example_local_kubernetes_executor.py
[2026-05-31T13:37:52.688+0000] {logging_mixin.py:188} INFO - [2026-05-31T13:37:52.687+0000] {dag.py:3096} INFO - Sync 1 DAGs
[2026-05-31T13:37:52.699+0000] {logging_mixin.py:188} INFO - [2026-05-31T13:37:52.698+0000] {dag.py:3954} INFO - Setting next_dagrun for example_local_kubernetes_executor to None, run_after=None
[2026-05-31T13:37:52.718+0000] {processor.py:183} INFO - Processing /home/airflow/.local/lib/python3.12/site-packages/airflow/example_dags/example_local_kubernetes_executor.py took 0.074 seconds
[2026-05-31T13:38:23.296+0000] {processor.py:161} INFO - Started process (PID=2899) to work on /home/airflow/.local/lib/python3.12/site-packages/airflow/example_dags/example_local_kubernetes_executor.py
[2026-05-31T13:38:23.297+0000] {processor.py:830} INFO - Processing file /home/airflow/.local/lib/python3.12/site-packages/airflow/example_dags/example_local_kubernetes_executor.py for tasks to queue
[2026-05-31T13:38:23.299+0000] {logging_mixin.py:188} INFO - [2026-05-31T13:38:23.298+0000] {dagbag.py:540} INFO - Filling up the DagBag from /home/airflow/.local/lib/python3.12/site-packages/airflow/example_dags/example_local_kubernetes_executor.py
[2026-05-31T13:38:23.307+0000] {processor.py:840} INFO - DAG(s) 'example_local_kubernetes_executor' retrieved from /home/airflow/.local/lib/python3.12/site-packages/airflow/example_dags/example_local_kubernetes_executor.py
[2026-05-31T13:38:23.345+0000] {logging_mixin.py:188} INFO - [2026-05-31T13:38:23.344+0000] {dag.py:3096} INFO - Sync 1 DAGs
[2026-05-31T13:38:23.364+0000] {logging_mixin.py:188} INFO - [2026-05-31T13:38:23.364+0000] {dag.py:3954} INFO - Setting next_dagrun for example_local_kubernetes_executor to None, run_after=None
[2026-05-31T13:38:23.392+0000] {processor.py:183} INFO - Processing /home/airflow/.local/lib/python3.12/site-packages/airflow/example_dags/example_local_kubernetes_executor.py took 0.103 seconds
[2026-05-31T13:38:54.140+0000] {processor.py:161} INFO - Started process (PID=2958) to work on /home/airflow/.local/lib/python3.12/site-packages/airflow/example_dags/example_local_kubernetes_executor.py
[2026-05-31T13:38:54.141+0000] {processor.py:830} INFO - Processing file /home/airflow/.local/lib/python3.12/site-packages/airflow/example_dags/example_local_kubernetes_executor.py for tasks to queue
[2026-05-31T13:38:54.143+0000] {logging_mixin.py:188} INFO - [2026-05-31T13:38:54.143+0000] {dagbag.py:540} INFO - Filling up the DagBag from /home/airflow/.local/lib/python3.12/site-packages/airflow/example_dags/example_local_kubernetes_executor.py
[2026-05-31T13:38:54.149+0000] {processor.py:840} INFO - DAG(s) 'example_local_kubernetes_executor' retrieved from /home/airflow/.local/lib/python3.12/site-packages/airflow/example_dags/example_local_kubernetes_executor.py
[2026-05-31T13:38:54.181+0000] {logging_mixin.py:188} INFO - [2026-05-31T13:38:54.181+0000] {dag.py:3096} INFO - Sync 1 DAGs
[2026-05-31T13:38:54.193+0000] {logging_mixin.py:188} INFO - [2026-05-31T13:38:54.193+0000] {dag.py:3954} INFO - Setting next_dagrun for example_local_kubernetes_executor to None, run_after=None
[2026-05-31T13:38:54.209+0000] {processor.py:183} INFO - Processing /home/airflow/.local/lib/python3.12/site-packages/airflow/example_dags/example_local_kubernetes_executor.py took 0.076 seconds
[2026-05-31T13:39:24.854+0000] {processor.py:161} INFO - Started process (PID=3017) to work on /home/airflow/.local/lib/python3.12/site-packages/airflow/example_dags/example_local_kubernetes_executor.py
[2026-05-31T13:39:24.855+0000] {processor.py:830} INFO - Processing file /home/airflow/.local/lib/python3.12/site-packages/airflow/example_dags/example_local_kubernetes_executor.py for tasks to queue
[2026-05-31T13:39:24.857+0000] {logging_mixin.py:188} INFO - [2026-05-31T13:39:24.856+0000] {dagbag.py:540} INFO - Filling up the DagBag from /home/airflow/.local/lib/python3.12/site-packages/airflow/example_dags/example_local_kubernetes_executor.py
[2026-05-31T13:39:24.866+0000] {processor.py:840} INFO - DAG(s) 'example_local_kubernetes_executor' retrieved from /home/airflow/.local/lib/python3.12/site-packages/airflow/example_dags/example_local_kubernetes_executor.py
[2026-05-31T13:39:24.901+0000] {logging_mixin.py:188} INFO - [2026-05-31T13:39:24.901+0000] {dag.py:3096} INFO - Sync 1 DAGs
[2026-05-31T13:39:24.913+0000] {logging_mixin.py:188} INFO - [2026-05-31T13:39:24.912+0000] {dag.py:3954} INFO - Setting next_dagrun for example_local_kubernetes_executor to None, run_after=None
[2026-05-31T13:39:24.935+0000] {processor.py:183} INFO - Processing /home/airflow/.local/lib/python3.12/site-packages/airflow/example_dags/example_local_kubernetes_executor.py took 0.087 seconds
[2026-05-31T13:39:55.906+0000] {processor.py:161} INFO - Started process (PID=3076) to work on /home/airflow/.local/lib/python3.12/site-packages/airflow/example_dags/example_local_kubernetes_executor.py
[2026-05-31T13:39:55.907+0000] {processor.py:830} INFO - Processing file /home/airflow/.local/lib/python3.12/site-packages/airflow/example_dags/example_local_kubernetes_executor.py for tasks to queue
[2026-05-31T13:39:55.909+0000] {logging_mixin.py:188} INFO - [2026-05-31T13:39:55.908+0000] {dagbag.py:540} INFO - Filling up the DagBag from /home/airflow/.local/lib/python3.12/site-packages/airflow/example_dags/example_local_kubernetes_executor.py
[2026-05-31T13:39:55.915+0000] {processor.py:840} INFO - DAG(s) 'example_local_kubernetes_executor' retrieved from /home/airflow/.local/lib/python3.12/site-packages/airflow/example_dags/example_local_kubernetes_executor.py
[2026-05-31T13:39:55.944+0000] {logging_mixin.py:188} INFO - [2026-05-31T13:39:55.943+0000] {dag.py:3096} INFO - Sync 1 DAGs
[2026-05-31T13:39:55.954+0000] {logging_mixin.py:188} INFO - [2026-05-31T13:39:55.954+0000] {dag.py:3954} INFO - Setting next_dagrun for example_local_kubernetes_executor to None, run_after=None
[2026-05-31T13:39:55.970+0000] {processor.py:183} INFO - Processing /home/airflow/.local/lib/python3.12/site-packages/airflow/example_dags/example_local_kubernetes_executor.py took 0.070 seconds
[2026-05-31T13:40:26.806+0000] {processor.py:161} INFO - Started process (PID=3135) to work on /home/airflow/.local/lib/python3.12/site-packages/airflow/example_dags/example_local_kubernetes_executor.py
[2026-05-31T13:40:26.807+0000] {processor.py:830} INFO - Processing file /home/airflow/.local/lib/python3.12/site-packages/airflow/example_dags/example_local_kubernetes_executor.py for tasks to queue
[2026-05-31T13:40:26.809+0000] {logging_mixin.py:188} INFO - [2026-05-31T13:40:26.809+0000] {dagbag.py:540} INFO - Filling up the DagBag from /home/airflow/.local/lib/python3.12/site-packages/airflow/example_dags/example_local_kubernetes_executor.py
[2026-05-31T13:40:26.816+0000] {processor.py:840} INFO - DAG(s) 'example_local_kubernetes_executor' retrieved from /home/airflow/.local/lib/python3.12/site-packages/airflow/example_dags/example_local_kubernetes_executor.py
[2026-05-31T13:40:26.844+0000] {logging_mixin.py:188} INFO - [2026-05-31T13:40:26.844+0000] {dag.py:3096} INFO - Sync 1 DAGs
[2026-05-31T13:40:26.855+0000] {logging_mixin.py:188} INFO - [2026-05-31T13:40:26.855+0000] {dag.py:3954} INFO - Setting next_dagrun for example_local_kubernetes_executor to None, run_after=None
[2026-05-31T13:40:26.870+0000] {processor.py:183} INFO - Processing /home/airflow/.local/lib/python3.12/site-packages/airflow/example_dags/example_local_kubernetes_executor.py took 0.069 seconds
[2026-05-31T13:40:57.208+0000] {processor.py:161} INFO - Started process (PID=3194) to work on /home/airflow/.local/lib/python3.12/site-packages/airflow/example_dags/example_local_kubernetes_executor.py
[2026-05-31T13:40:57.209+0000] {processor.py:830} INFO - Processing file /home/airflow/.local/lib/python3.12/site-packages/airflow/example_dags/example_local_kubernetes_executor.py for tasks to queue
[2026-05-31T13:40:57.211+0000] {logging_mixin.py:188} INFO - [2026-05-31T13:40:57.211+0000] {dagbag.py:540} INFO - Filling up the DagBag from /home/airflow/.local/lib/python3.12/site-packages/airflow/example_dags/example_local_kubernetes_executor.py
[2026-05-31T13:40:57.218+0000] {processor.py:840} INFO - DAG(s) 'example_local_kubernetes_executor' retrieved from /home/airflow/.local/lib/python3.12/site-packages/airflow/example_dags/example_local_kubernetes_executor.py
[2026-05-31T13:40:57.246+0000] {logging_mixin.py:188} INFO - [2026-05-31T13:40:57.246+0000] {dag.py:3096} INFO - Sync 1 DAGs
[2026-05-31T13:40:57.257+0000] {logging_mixin.py:188} INFO - [2026-05-31T13:40:57.256+0000] {dag.py:3954} INFO - Setting next_dagrun for example_local_kubernetes_executor to None, run_after=None
[2026-05-31T13:40:57.272+0000] {processor.py:183} INFO - Processing /home/airflow/.local/lib/python3.12/site-packages/airflow/example_dags/example_local_kubernetes_executor.py took 0.069 seconds
[2026-05-31T13:41:27.864+0000] {processor.py:161} INFO - Started process (PID=3253) to work on /home/airflow/.local/lib/python3.12/site-packages/airflow/example_dags/example_local_kubernetes_executor.py
[2026-05-31T13:41:27.865+0000] {processor.py:830} INFO - Processing file /home/airflow/.local/lib/python3.12/site-packages/airflow/example_dags/example_local_kubernetes_executor.py for tasks to queue
[2026-05-31T13:41:27.867+0000] {logging_mixin.py:188} INFO - [2026-05-31T13:41:27.866+0000] {dagbag.py:540} INFO - Filling up the DagBag from /home/airflow/.local/lib/python3.12/site-packages/airflow/example_dags/example_local_kubernetes_executor.py
[2026-05-31T13:41:27.874+0000] {processor.py:840} INFO - DAG(s) 'example_local_kubernetes_executor' retrieved from /home/airflow/.local/lib/python3.12/site-packages/airflow/example_dags/example_local_kubernetes_executor.py
[2026-05-31T13:41:27.900+0000] {logging_mixin.py:188} INFO - [2026-05-31T13:41:27.900+0000] {dag.py:3096} INFO - Sync 1 DAGs
[2026-05-31T13:41:27.910+0000] {logging_mixin.py:188} INFO - [2026-05-31T13:41:27.910+0000] {dag.py:3954} INFO - Setting next_dagrun for example_local_kubernetes_executor to None, run_after=None
[2026-05-31T13:41:27.925+0000] {processor.py:183} INFO - Processing /home/airflow/.local/lib/python3.12/site-packages/airflow/example_dags/example_local_kubernetes_executor.py took 0.067 seconds
[2026-05-31T13:41:58.398+0000] {processor.py:161} INFO - Started process (PID=3318) to work on /home/airflow/.local/lib/python3.12/site-packages/airflow/example_dags/example_local_kubernetes_executor.py
[2026-05-31T13:41:58.400+0000] {processor.py:830} INFO - Processing file /home/airflow/.local/lib/python3.12/site-packages/airflow/example_dags/example_local_kubernetes_executor.py for tasks to queue
[2026-05-31T13:41:58.401+0000] {logging_mixin.py:188} INFO - [2026-05-31T13:41:58.401+0000] {dagbag.py:540} INFO - Filling up the DagBag from /home/airflow/.local/lib/python3.12/site-packages/airflow/example_dags/example_local_kubernetes_executor.py
[2026-05-31T13:41:58.408+0000] {processor.py:840} INFO - DAG(s) 'example_local_kubernetes_executor' retrieved from /home/airflow/.local/lib/python3.12/site-packages/airflow/example_dags/example_local_kubernetes_executor.py
[2026-05-31T13:41:58.436+0000] {logging_mixin.py:188} INFO - [2026-05-31T13:41:58.436+0000] {dag.py:3096} INFO - Sync 1 DAGs
[2026-05-31T13:41:58.447+0000] {logging_mixin.py:188} INFO - [2026-05-31T13:41:58.447+0000] {dag.py:3954} INFO - Setting next_dagrun for example_local_kubernetes_executor to None, run_after=None
[2026-05-31T13:41:58.464+0000] {processor.py:183} INFO - Processing /home/airflow/.local/lib/python3.12/site-packages/airflow/example_dags/example_local_kubernetes_executor.py took 0.071 seconds
[2026-05-31T13:42:28.857+0000] {processor.py:161} INFO - Started process (PID=3377) to work on /home/airflow/.local/lib/python3.12/site-packages/airflow/example_dags/example_local_kubernetes_executor.py
[2026-05-31T13:42:28.858+0000] {processor.py:830} INFO - Processing file /home/airflow/.local/lib/python3.12/site-packages/airflow/example_dags/example_local_kubernetes_executor.py for tasks to queue
[2026-05-31T13:42:28.860+0000] {logging_mixin.py:188} INFO - [2026-05-31T13:42:28.860+0000] {dagbag.py:540} INFO - Filling up the DagBag from /home/airflow/.local/lib/python3.12/site-packages/airflow/example_dags/example_local_kubernetes_executor.py
[2026-05-31T13:42:28.866+0000] {processor.py:840} INFO - DAG(s) 'example_local_kubernetes_executor' retrieved from /home/airflow/.local/lib/python3.12/site-packages/airflow/example_dags/example_local_kubernetes_executor.py
[2026-05-31T13:42:28.893+0000] {logging_mixin.py:188} INFO - [2026-05-31T13:42:28.892+0000] {dag.py:3096} INFO - Sync 1 DAGs
[2026-05-31T13:42:28.902+0000] {logging_mixin.py:188} INFO - [2026-05-31T13:42:28.902+0000] {dag.py:3954} INFO - Setting next_dagrun for example_local_kubernetes_executor to None, run_after=None
[2026-05-31T13:42:28.917+0000] {processor.py:183} INFO - Processing /home/airflow/.local/lib/python3.12/site-packages/airflow/example_dags/example_local_kubernetes_executor.py took 0.064 seconds
[2026-05-31T13:42:59.356+0000] {processor.py:161} INFO - Started process (PID=3436) to work on /home/airflow/.local/lib/python3.12/site-packages/airflow/example_dags/example_local_kubernetes_executor.py
[2026-05-31T13:42:59.357+0000] {processor.py:830} INFO - Processing file /home/airflow/.local/lib/python3.12/site-packages/airflow/example_dags/example_local_kubernetes_executor.py for tasks to queue
[2026-05-31T13:42:59.359+0000] {logging_mixin.py:188} INFO - [2026-05-31T13:42:59.359+0000] {dagbag.py:540} INFO - Filling up the DagBag from /home/airflow/.local/lib/python3.12/site-packages/airflow/example_dags/example_local_kubernetes_executor.py
[2026-05-31T13:42:59.367+0000] {processor.py:840} INFO - DAG(s) 'example_local_kubernetes_executor' retrieved from /home/airflow/.local/lib/python3.12/site-packages/airflow/example_dags/example_local_kubernetes_executor.py
[2026-05-31T13:42:59.396+0000] {logging_mixin.py:188} INFO - [2026-05-31T13:42:59.396+0000] {dag.py:3096} INFO - Sync 1 DAGs
[2026-05-31T13:42:59.406+0000] {logging_mixin.py:188} INFO - [2026-05-31T13:42:59.406+0000] {dag.py:3954} INFO - Setting next_dagrun for example_local_kubernetes_executor to None, run_after=None
[2026-05-31T13:42:59.423+0000] {processor.py:183} INFO - Processing /home/airflow/.local/lib/python3.12/site-packages/airflow/example_dags/example_local_kubernetes_executor.py took 0.072 seconds
[2026-05-31T13:43:30.155+0000] {processor.py:161} INFO - Started process (PID=3495) to work on /home/airflow/.local/lib/python3.12/site-packages/airflow/example_dags/example_local_kubernetes_executor.py
[2026-05-31T13:43:30.156+0000] {processor.py:830} INFO - Processing file /home/airflow/.local/lib/python3.12/site-packages/airflow/example_dags/example_local_kubernetes_executor.py for tasks to queue
[2026-05-31T13:43:30.158+0000] {logging_mixin.py:188} INFO - [2026-05-31T13:43:30.157+0000] {dagbag.py:540} INFO - Filling up the DagBag from /home/airflow/.local/lib/python3.12/site-packages/airflow/example_dags/example_local_kubernetes_executor.py
[2026-05-31T13:43:30.165+0000] {processor.py:840} INFO - DAG(s) 'example_local_kubernetes_executor' retrieved from /home/airflow/.local/lib/python3.12/site-packages/airflow/example_dags/example_local_kubernetes_executor.py
[2026-05-31T13:43:30.193+0000] {logging_mixin.py:188} INFO - [2026-05-31T13:43:30.192+0000] {dag.py:3096} INFO - Sync 1 DAGs
[2026-05-31T13:43:30.203+0000] {logging_mixin.py:188} INFO - [2026-05-31T13:43:30.203+0000] {dag.py:3954} INFO - Setting next_dagrun for example_local_kubernetes_executor to None, run_after=None
[2026-05-31T13:43:30.221+0000] {processor.py:183} INFO - Processing /home/airflow/.local/lib/python3.12/site-packages/airflow/example_dags/example_local_kubernetes_executor.py took 0.071 seconds
[2026-05-31T13:44:01.066+0000] {processor.py:161} INFO - Started process (PID=3554) to work on /home/airflow/.local/lib/python3.12/site-packages/airflow/example_dags/example_local_kubernetes_executor.py
[2026-05-31T13:44:01.067+0000] {processor.py:830} INFO - Processing file /home/airflow/.local/lib/python3.12/site-packages/airflow/example_dags/example_local_kubernetes_executor.py for tasks to queue
[2026-05-31T13:44:01.071+0000] {logging_mixin.py:188} INFO - [2026-05-31T13:44:01.070+0000] {dagbag.py:540} INFO - Filling up the DagBag from /home/airflow/.local/lib/python3.12/site-packages/airflow/example_dags/example_local_kubernetes_executor.py
[2026-05-31T13:44:01.080+0000] {processor.py:840} INFO - DAG(s) 'example_local_kubernetes_executor' retrieved from /home/airflow/.local/lib/python3.12/site-packages/airflow/example_dags/example_local_kubernetes_executor.py
[2026-05-31T13:44:01.118+0000] {logging_mixin.py:188} INFO - [2026-05-31T13:44:01.117+0000] {dag.py:3096} INFO - Sync 1 DAGs
[2026-05-31T13:44:01.134+0000] {logging_mixin.py:188} INFO - [2026-05-31T13:44:01.133+0000] {dag.py:3954} INFO - Setting next_dagrun for example_local_kubernetes_executor to None, run_after=None
[2026-05-31T13:44:01.159+0000] {processor.py:183} INFO - Processing /home/airflow/.local/lib/python3.12/site-packages/airflow/example_dags/example_local_kubernetes_executor.py took 0.099 seconds
[2026-05-31T13:44:32.085+0000] {processor.py:161} INFO - Started process (PID=3613) to work on /home/airflow/.local/lib/python3.12/site-packages/airflow/example_dags/example_local_kubernetes_executor.py
[2026-05-31T13:44:32.086+0000] {processor.py:830} INFO - Processing file /home/airflow/.local/lib/python3.12/site-packages/airflow/example_dags/example_local_kubernetes_executor.py for tasks to queue
[2026-05-31T13:44:32.087+0000] {logging_mixin.py:188} INFO - [2026-05-31T13:44:32.087+0000] {dagbag.py:540} INFO - Filling up the DagBag from /home/airflow/.local/lib/python3.12/site-packages/airflow/example_dags/example_local_kubernetes_executor.py
[2026-05-31T13:44:32.095+0000] {processor.py:840} INFO - DAG(s) 'example_local_kubernetes_executor' retrieved from /home/airflow/.local/lib/python3.12/site-packages/airflow/example_dags/example_local_kubernetes_executor.py
[2026-05-31T13:44:32.122+0000] {logging_mixin.py:188} INFO - [2026-05-31T13:44:32.122+0000] {dag.py:3096} INFO - Sync 1 DAGs
[2026-05-31T13:44:32.134+0000] {logging_mixin.py:188} INFO - [2026-05-31T13:44:32.134+0000] {dag.py:3954} INFO - Setting next_dagrun for example_local_kubernetes_executor to None, run_after=None
[2026-05-31T13:44:32.153+0000] {processor.py:183} INFO - Processing /home/airflow/.local/lib/python3.12/site-packages/airflow/example_dags/example_local_kubernetes_executor.py took 0.074 seconds
[2026-05-31T13:45:02.382+0000] {processor.py:161} INFO - Started process (PID=3672) to work on /home/airflow/.local/lib/python3.12/site-packages/airflow/example_dags/example_local_kubernetes_executor.py
[2026-05-31T13:45:02.383+0000] {processor.py:830} INFO - Processing file /home/airflow/.local/lib/python3.12/site-packages/airflow/example_dags/example_local_kubernetes_executor.py for tasks to queue
[2026-05-31T13:45:02.384+0000] {logging_mixin.py:188} INFO - [2026-05-31T13:45:02.384+0000] {dagbag.py:540} INFO - Filling up the DagBag from /home/airflow/.local/lib/python3.12/site-packages/airflow/example_dags/example_local_kubernetes_executor.py
[2026-05-31T13:45:02.393+0000] {processor.py:840} INFO - DAG(s) 'example_local_kubernetes_executor' retrieved from /home/airflow/.local/lib/python3.12/site-packages/airflow/example_dags/example_local_kubernetes_executor.py
[2026-05-31T13:45:02.420+0000] {logging_mixin.py:188} INFO - [2026-05-31T13:45:02.419+0000] {dag.py:3096} INFO - Sync 1 DAGs
[2026-05-31T13:45:02.430+0000] {logging_mixin.py:188} INFO - [2026-05-31T13:45:02.430+0000] {dag.py:3954} INFO - Setting next_dagrun for example_local_kubernetes_executor to None, run_after=None
[2026-05-31T13:45:02.446+0000] {processor.py:183} INFO - Processing /home/airflow/.local/lib/python3.12/site-packages/airflow/example_dags/example_local_kubernetes_executor.py took 0.069 seconds
[2026-05-31T13:45:32.730+0000] {processor.py:161} INFO - Started process (PID=3731) to work on /home/airflow/.local/lib/python3.12/site-packages/airflow/example_dags/example_local_kubernetes_executor.py
[2026-05-31T13:45:32.731+0000] {processor.py:830} INFO - Processing file /home/airflow/.local/lib/python3.12/site-packages/airflow/example_dags/example_local_kubernetes_executor.py for tasks to queue
[2026-05-31T13:45:32.732+0000] {logging_mixin.py:188} INFO - [2026-05-31T13:45:32.732+0000] {dagbag.py:540} INFO - Filling up the DagBag from /home/airflow/.local/lib/python3.12/site-packages/airflow/example_dags/example_local_kubernetes_executor.py
[2026-05-31T13:45:32.738+0000] {processor.py:840} INFO - DAG(s) 'example_local_kubernetes_executor' retrieved from /home/airflow/.local/lib/python3.12/site-packages/airflow/example_dags/example_local_kubernetes_executor.py
[2026-05-31T13:45:32.762+0000] {logging_mixin.py:188} INFO - [2026-05-31T13:45:32.762+0000] {dag.py:3096} INFO - Sync 1 DAGs
[2026-05-31T13:45:32.773+0000] {logging_mixin.py:188} INFO - [2026-05-31T13:45:32.773+0000] {dag.py:3954} INFO - Setting next_dagrun for example_local_kubernetes_executor to None, run_after=None
[2026-05-31T13:45:32.794+0000] {processor.py:183} INFO - Processing /home/airflow/.local/lib/python3.12/site-packages/airflow/example_dags/example_local_kubernetes_executor.py took 0.069 seconds
[2026-05-31T13:46:03.017+0000] {processor.py:161} INFO - Started process (PID=3790) to work on /home/airflow/.local/lib/python3.12/site-packages/airflow/example_dags/example_local_kubernetes_executor.py
[2026-05-31T13:46:03.018+0000] {processor.py:830} INFO - Processing file /home/airflow/.local/lib/python3.12/site-packages/airflow/example_dags/example_local_kubernetes_executor.py for tasks to queue
[2026-05-31T13:46:03.019+0000] {logging_mixin.py:188} INFO - [2026-05-31T13:46:03.019+0000] {dagbag.py:540} INFO - Filling up the DagBag from /home/airflow/.local/lib/python3.12/site-packages/airflow/example_dags/example_local_kubernetes_executor.py
[2026-05-31T13:46:03.025+0000] {processor.py:840} INFO - DAG(s) 'example_local_kubernetes_executor' retrieved from /home/airflow/.local/lib/python3.12/site-packages/airflow/example_dags/example_local_kubernetes_executor.py
[2026-05-31T13:46:03.050+0000] {logging_mixin.py:188} INFO - [2026-05-31T13:46:03.050+0000] {dag.py:3096} INFO - Sync 1 DAGs
[2026-05-31T13:46:03.060+0000] {logging_mixin.py:188} INFO - [2026-05-31T13:46:03.060+0000] {dag.py:3954} INFO - Setting next_dagrun for example_local_kubernetes_executor to None, run_after=None
[2026-05-31T13:46:03.080+0000] {processor.py:183} INFO - Processing /home/airflow/.local/lib/python3.12/site-packages/airflow/example_dags/example_local_kubernetes_executor.py took 0.068 seconds
[2026-05-31T13:46:33.200+0000] {processor.py:161} INFO - Started process (PID=3849) to work on /home/airflow/.local/lib/python3.12/site-packages/airflow/example_dags/example_local_kubernetes_executor.py
[2026-05-31T13:46:33.201+0000] {processor.py:830} INFO - Processing file /home/airflow/.local/lib/python3.12/site-packages/airflow/example_dags/example_local_kubernetes_executor.py for tasks to queue
[2026-05-31T13:46:33.203+0000] {logging_mixin.py:188} INFO - [2026-05-31T13:46:33.202+0000] {dagbag.py:540} INFO - Filling up the DagBag from /home/airflow/.local/lib/python3.12/site-packages/airflow/example_dags/example_local_kubernetes_executor.py
[2026-05-31T13:46:33.209+0000] {processor.py:840} INFO - DAG(s) 'example_local_kubernetes_executor' retrieved from /home/airflow/.local/lib/python3.12/site-packages/airflow/example_dags/example_local_kubernetes_executor.py
[2026-05-31T13:46:33.234+0000] {logging_mixin.py:188} INFO - [2026-05-31T13:46:33.234+0000] {dag.py:3096} INFO - Sync 1 DAGs
[2026-05-31T13:46:33.246+0000] {logging_mixin.py:188} INFO - [2026-05-31T13:46:33.245+0000] {dag.py:3954} INFO - Setting next_dagrun for example_local_kubernetes_executor to None, run_after=None
[2026-05-31T13:46:33.265+0000] {processor.py:183} INFO - Processing /home/airflow/.local/lib/python3.12/site-packages/airflow/example_dags/example_local_kubernetes_executor.py took 0.069 seconds
[2026-05-31T13:47:03.747+0000] {processor.py:161} INFO - Started process (PID=3908) to work on /home/airflow/.local/lib/python3.12/site-packages/airflow/example_dags/example_local_kubernetes_executor.py
[2026-05-31T13:47:03.748+0000] {processor.py:830} INFO - Processing file /home/airflow/.local/lib/python3.12/site-packages/airflow/example_dags/example_local_kubernetes_executor.py for tasks to queue
[2026-05-31T13:47:03.749+0000] {logging_mixin.py:188} INFO - [2026-05-31T13:47:03.749+0000] {dagbag.py:540} INFO - Filling up the DagBag from /home/airflow/.local/lib/python3.12/site-packages/airflow/example_dags/example_local_kubernetes_executor.py
[2026-05-31T13:47:03.755+0000] {processor.py:840} INFO - DAG(s) 'example_local_kubernetes_executor' retrieved from /home/airflow/.local/lib/python3.12/site-packages/airflow/example_dags/example_local_kubernetes_executor.py
[2026-05-31T13:47:03.781+0000] {logging_mixin.py:188} INFO - [2026-05-31T13:47:03.781+0000] {dag.py:3096} INFO - Sync 1 DAGs
[2026-05-31T13:47:03.791+0000] {logging_mixin.py:188} INFO - [2026-05-31T13:47:03.791+0000] {dag.py:3954} INFO - Setting next_dagrun for example_local_kubernetes_executor to None, run_after=None
[2026-05-31T13:47:03.806+0000] {processor.py:183} INFO - Processing /home/airflow/.local/lib/python3.12/site-packages/airflow/example_dags/example_local_kubernetes_executor.py took 0.064 seconds
[2026-05-31T13:47:34.522+0000] {processor.py:161} INFO - Started process (PID=3967) to work on /home/airflow/.local/lib/python3.12/site-packages/airflow/example_dags/example_local_kubernetes_executor.py
[2026-05-31T13:47:34.523+0000] {processor.py:830} INFO - Processing file /home/airflow/.local/lib/python3.12/site-packages/airflow/example_dags/example_local_kubernetes_executor.py for tasks to queue
[2026-05-31T13:47:34.524+0000] {logging_mixin.py:188} INFO - [2026-05-31T13:47:34.524+0000] {dagbag.py:540} INFO - Filling up the DagBag from /home/airflow/.local/lib/python3.12/site-packages/airflow/example_dags/example_local_kubernetes_executor.py
[2026-05-31T13:47:34.533+0000] {processor.py:840} INFO - DAG(s) 'example_local_kubernetes_executor' retrieved from /home/airflow/.local/lib/python3.12/site-packages/airflow/example_dags/example_local_kubernetes_executor.py
[2026-05-31T13:47:34.564+0000] {logging_mixin.py:188} INFO - [2026-05-31T13:47:34.564+0000] {dag.py:3096} INFO - Sync 1 DAGs
[2026-05-31T13:47:34.575+0000] {logging_mixin.py:188} INFO - [2026-05-31T13:47:34.575+0000] {dag.py:3954} INFO - Setting next_dagrun for example_local_kubernetes_executor to None, run_after=None
[2026-05-31T13:47:34.594+0000] {processor.py:183} INFO - Processing /home/airflow/.local/lib/python3.12/site-packages/airflow/example_dags/example_local_kubernetes_executor.py took 0.080 seconds
[2026-05-31T14:07:19.452+0000] {processor.py:161} INFO - Started process (PID=122) to work on /home/airflow/.local/lib/python3.12/site-packages/airflow/example_dags/example_local_kubernetes_executor.py
[2026-05-31T14:07:19.454+0000] {processor.py:830} INFO - Processing file /home/airflow/.local/lib/python3.12/site-packages/airflow/example_dags/example_local_kubernetes_executor.py for tasks to queue
[2026-05-31T14:07:19.456+0000] {logging_mixin.py:188} INFO - [2026-05-31T14:07:19.456+0000] {dagbag.py:540} INFO - Filling up the DagBag from /home/airflow/.local/lib/python3.12/site-packages/airflow/example_dags/example_local_kubernetes_executor.py
[2026-05-31T14:07:19.465+0000] {processor.py:840} INFO - DAG(s) 'example_local_kubernetes_executor' retrieved from /home/airflow/.local/lib/python3.12/site-packages/airflow/example_dags/example_local_kubernetes_executor.py
[2026-05-31T14:07:19.480+0000] {logging_mixin.py:188} INFO - [2026-05-31T14:07:19.479+0000] {dag.py:3096} INFO - Sync 1 DAGs
[2026-05-31T14:07:19.494+0000] {logging_mixin.py:188} INFO - [2026-05-31T14:07:19.493+0000] {dag.py:3954} INFO - Setting next_dagrun for example_local_kubernetes_executor to None, run_after=None
[2026-05-31T14:07:19.516+0000] {processor.py:183} INFO - Processing /home/airflow/.local/lib/python3.12/site-packages/airflow/example_dags/example_local_kubernetes_executor.py took 0.071 seconds
[2026-05-31T14:07:50.784+0000] {processor.py:161} INFO - Started process (PID=181) to work on /home/airflow/.local/lib/python3.12/site-packages/airflow/example_dags/example_local_kubernetes_executor.py
[2026-05-31T14:07:50.785+0000] {processor.py:830} INFO - Processing file /home/airflow/.local/lib/python3.12/site-packages/airflow/example_dags/example_local_kubernetes_executor.py for tasks to queue
[2026-05-31T14:07:50.787+0000] {logging_mixin.py:188} INFO - [2026-05-31T14:07:50.787+0000] {dagbag.py:540} INFO - Filling up the DagBag from /home/airflow/.local/lib/python3.12/site-packages/airflow/example_dags/example_local_kubernetes_executor.py
[2026-05-31T14:07:50.796+0000] {processor.py:840} INFO - DAG(s) 'example_local_kubernetes_executor' retrieved from /home/airflow/.local/lib/python3.12/site-packages/airflow/example_dags/example_local_kubernetes_executor.py
[2026-05-31T14:07:50.915+0000] {logging_mixin.py:188} INFO - [2026-05-31T14:07:50.914+0000] {dag.py:3096} INFO - Sync 1 DAGs
[2026-05-31T14:07:50.931+0000] {logging_mixin.py:188} INFO - [2026-05-31T14:07:50.931+0000] {dag.py:3954} INFO - Setting next_dagrun for example_local_kubernetes_executor to None, run_after=None
[2026-05-31T14:07:50.960+0000] {processor.py:183} INFO - Processing /home/airflow/.local/lib/python3.12/site-packages/airflow/example_dags/example_local_kubernetes_executor.py took 0.181 seconds
[2026-05-31T14:08:21.620+0000] {processor.py:161} INFO - Started process (PID=246) to work on /home/airflow/.local/lib/python3.12/site-packages/airflow/example_dags/example_local_kubernetes_executor.py
[2026-05-31T14:08:21.621+0000] {processor.py:830} INFO - Processing file /home/airflow/.local/lib/python3.12/site-packages/airflow/example_dags/example_local_kubernetes_executor.py for tasks to queue
[2026-05-31T14:08:21.623+0000] {logging_mixin.py:188} INFO - [2026-05-31T14:08:21.623+0000] {dagbag.py:540} INFO - Filling up the DagBag from /home/airflow/.local/lib/python3.12/site-packages/airflow/example_dags/example_local_kubernetes_executor.py
[2026-05-31T14:08:21.631+0000] {processor.py:840} INFO - DAG(s) 'example_local_kubernetes_executor' retrieved from /home/airflow/.local/lib/python3.12/site-packages/airflow/example_dags/example_local_kubernetes_executor.py
[2026-05-31T14:08:21.660+0000] {logging_mixin.py:188} INFO - [2026-05-31T14:08:21.660+0000] {dag.py:3096} INFO - Sync 1 DAGs
[2026-05-31T14:08:21.672+0000] {logging_mixin.py:188} INFO - [2026-05-31T14:08:21.671+0000] {dag.py:3954} INFO - Setting next_dagrun for example_local_kubernetes_executor to None, run_after=None
[2026-05-31T14:08:21.689+0000] {processor.py:183} INFO - Processing /home/airflow/.local/lib/python3.12/site-packages/airflow/example_dags/example_local_kubernetes_executor.py took 0.073 seconds
[2026-05-31T14:08:51.843+0000] {processor.py:161} INFO - Started process (PID=305) to work on /home/airflow/.local/lib/python3.12/site-packages/airflow/example_dags/example_local_kubernetes_executor.py
[2026-05-31T14:08:51.845+0000] {processor.py:830} INFO - Processing file /home/airflow/.local/lib/python3.12/site-packages/airflow/example_dags/example_local_kubernetes_executor.py for tasks to queue
[2026-05-31T14:08:51.846+0000] {logging_mixin.py:188} INFO - [2026-05-31T14:08:51.846+0000] {dagbag.py:540} INFO - Filling up the DagBag from /home/airflow/.local/lib/python3.12/site-packages/airflow/example_dags/example_local_kubernetes_executor.py
[2026-05-31T14:08:51.853+0000] {processor.py:840} INFO - DAG(s) 'example_local_kubernetes_executor' retrieved from /home/airflow/.local/lib/python3.12/site-packages/airflow/example_dags/example_local_kubernetes_executor.py
[2026-05-31T14:08:51.885+0000] {logging_mixin.py:188} INFO - [2026-05-31T14:08:51.884+0000] {dag.py:3096} INFO - Sync 1 DAGs
[2026-05-31T14:08:51.899+0000] {logging_mixin.py:188} INFO - [2026-05-31T14:08:51.898+0000] {dag.py:3954} INFO - Setting next_dagrun for example_local_kubernetes_executor to None, run_after=None
[2026-05-31T14:08:51.917+0000] {processor.py:183} INFO - Processing /home/airflow/.local/lib/python3.12/site-packages/airflow/example_dags/example_local_kubernetes_executor.py took 0.080 seconds
[2026-05-31T14:09:22.076+0000] {processor.py:161} INFO - Started process (PID=364) to work on /home/airflow/.local/lib/python3.12/site-packages/airflow/example_dags/example_local_kubernetes_executor.py
[2026-05-31T14:09:22.077+0000] {processor.py:830} INFO - Processing file /home/airflow/.local/lib/python3.12/site-packages/airflow/example_dags/example_local_kubernetes_executor.py for tasks to queue
[2026-05-31T14:09:22.079+0000] {logging_mixin.py:188} INFO - [2026-05-31T14:09:22.078+0000] {dagbag.py:540} INFO - Filling up the DagBag from /home/airflow/.local/lib/python3.12/site-packages/airflow/example_dags/example_local_kubernetes_executor.py
[2026-05-31T14:09:22.085+0000] {processor.py:840} INFO - DAG(s) 'example_local_kubernetes_executor' retrieved from /home/airflow/.local/lib/python3.12/site-packages/airflow/example_dags/example_local_kubernetes_executor.py
[2026-05-31T14:09:22.111+0000] {logging_mixin.py:188} INFO - [2026-05-31T14:09:22.111+0000] {dag.py:3096} INFO - Sync 1 DAGs
[2026-05-31T14:09:22.122+0000] {logging_mixin.py:188} INFO - [2026-05-31T14:09:22.122+0000] {dag.py:3954} INFO - Setting next_dagrun for example_local_kubernetes_executor to None, run_after=None
[2026-05-31T14:09:22.139+0000] {processor.py:183} INFO - Processing /home/airflow/.local/lib/python3.12/site-packages/airflow/example_dags/example_local_kubernetes_executor.py took 0.068 seconds
[2026-05-31T14:09:52.302+0000] {processor.py:161} INFO - Started process (PID=424) to work on /home/airflow/.local/lib/python3.12/site-packages/airflow/example_dags/example_local_kubernetes_executor.py
[2026-05-31T14:09:52.303+0000] {processor.py:830} INFO - Processing file /home/airflow/.local/lib/python3.12/site-packages/airflow/example_dags/example_local_kubernetes_executor.py for tasks to queue
[2026-05-31T14:09:52.305+0000] {logging_mixin.py:188} INFO - [2026-05-31T14:09:52.305+0000] {dagbag.py:540} INFO - Filling up the DagBag from /home/airflow/.local/lib/python3.12/site-packages/airflow/example_dags/example_local_kubernetes_executor.py
[2026-05-31T14:09:52.312+0000] {processor.py:840} INFO - DAG(s) 'example_local_kubernetes_executor' retrieved from /home/airflow/.local/lib/python3.12/site-packages/airflow/example_dags/example_local_kubernetes_executor.py
[2026-05-31T14:09:52.338+0000] {logging_mixin.py:188} INFO - [2026-05-31T14:09:52.338+0000] {dag.py:3096} INFO - Sync 1 DAGs
[2026-05-31T14:09:52.350+0000] {logging_mixin.py:188} INFO - [2026-05-31T14:09:52.350+0000] {dag.py:3954} INFO - Setting next_dagrun for example_local_kubernetes_executor to None, run_after=None
[2026-05-31T14:09:52.365+0000] {processor.py:183} INFO - Processing /home/airflow/.local/lib/python3.12/site-packages/airflow/example_dags/example_local_kubernetes_executor.py took 0.069 seconds
[2026-05-31T14:10:22.534+0000] {processor.py:161} INFO - Started process (PID=483) to work on /home/airflow/.local/lib/python3.12/site-packages/airflow/example_dags/example_local_kubernetes_executor.py
[2026-05-31T14:10:22.535+0000] {processor.py:830} INFO - Processing file /home/airflow/.local/lib/python3.12/site-packages/airflow/example_dags/example_local_kubernetes_executor.py for tasks to queue
[2026-05-31T14:10:22.537+0000] {logging_mixin.py:188} INFO - [2026-05-31T14:10:22.536+0000] {dagbag.py:540} INFO - Filling up the DagBag from /home/airflow/.local/lib/python3.12/site-packages/airflow/example_dags/example_local_kubernetes_executor.py
[2026-05-31T14:10:22.543+0000] {processor.py:840} INFO - DAG(s) 'example_local_kubernetes_executor' retrieved from /home/airflow/.local/lib/python3.12/site-packages/airflow/example_dags/example_local_kubernetes_executor.py
[2026-05-31T14:10:22.574+0000] {logging_mixin.py:188} INFO - [2026-05-31T14:10:22.574+0000] {dag.py:3096} INFO - Sync 1 DAGs
[2026-05-31T14:10:22.585+0000] {logging_mixin.py:188} INFO - [2026-05-31T14:10:22.585+0000] {dag.py:3954} INFO - Setting next_dagrun for example_local_kubernetes_executor to None, run_after=None
[2026-05-31T14:10:22.605+0000] {processor.py:183} INFO - Processing /home/airflow/.local/lib/python3.12/site-packages/airflow/example_dags/example_local_kubernetes_executor.py took 0.076 seconds
[2026-05-31T14:10:53.648+0000] {processor.py:161} INFO - Started process (PID=542) to work on /home/airflow/.local/lib/python3.12/site-packages/airflow/example_dags/example_local_kubernetes_executor.py
[2026-05-31T14:10:53.649+0000] {processor.py:830} INFO - Processing file /home/airflow/.local/lib/python3.12/site-packages/airflow/example_dags/example_local_kubernetes_executor.py for tasks to queue
[2026-05-31T14:10:53.651+0000] {logging_mixin.py:188} INFO - [2026-05-31T14:10:53.650+0000] {dagbag.py:540} INFO - Filling up the DagBag from /home/airflow/.local/lib/python3.12/site-packages/airflow/example_dags/example_local_kubernetes_executor.py
[2026-05-31T14:10:53.657+0000] {processor.py:840} INFO - DAG(s) 'example_local_kubernetes_executor' retrieved from /home/airflow/.local/lib/python3.12/site-packages/airflow/example_dags/example_local_kubernetes_executor.py
[2026-05-31T14:10:53.684+0000] {logging_mixin.py:188} INFO - [2026-05-31T14:10:53.683+0000] {dag.py:3096} INFO - Sync 1 DAGs
[2026-05-31T14:10:53.694+0000] {logging_mixin.py:188} INFO - [2026-05-31T14:10:53.693+0000] {dag.py:3954} INFO - Setting next_dagrun for example_local_kubernetes_executor to None, run_after=None
[2026-05-31T14:10:53.708+0000] {processor.py:183} INFO - Processing /home/airflow/.local/lib/python3.12/site-packages/airflow/example_dags/example_local_kubernetes_executor.py took 0.066 seconds
[2026-05-31T14:11:24.140+0000] {processor.py:161} INFO - Started process (PID=601) to work on /home/airflow/.local/lib/python3.12/site-packages/airflow/example_dags/example_local_kubernetes_executor.py
[2026-05-31T14:11:24.142+0000] {processor.py:830} INFO - Processing file /home/airflow/.local/lib/python3.12/site-packages/airflow/example_dags/example_local_kubernetes_executor.py for tasks to queue
[2026-05-31T14:11:24.146+0000] {logging_mixin.py:188} INFO - [2026-05-31T14:11:24.145+0000] {dagbag.py:540} INFO - Filling up the DagBag from /home/airflow/.local/lib/python3.12/site-packages/airflow/example_dags/example_local_kubernetes_executor.py
[2026-05-31T14:11:24.155+0000] {processor.py:840} INFO - DAG(s) 'example_local_kubernetes_executor' retrieved from /home/airflow/.local/lib/python3.12/site-packages/airflow/example_dags/example_local_kubernetes_executor.py
[2026-05-31T14:11:24.190+0000] {logging_mixin.py:188} INFO - [2026-05-31T14:11:24.189+0000] {dag.py:3096} INFO - Sync 1 DAGs
[2026-05-31T14:11:24.204+0000] {logging_mixin.py:188} INFO - [2026-05-31T14:11:24.203+0000] {dag.py:3954} INFO - Setting next_dagrun for example_local_kubernetes_executor to None, run_after=None
[2026-05-31T14:11:24.232+0000] {processor.py:183} INFO - Processing /home/airflow/.local/lib/python3.12/site-packages/airflow/example_dags/example_local_kubernetes_executor.py took 0.099 seconds
[2026-05-31T14:11:55.202+0000] {processor.py:161} INFO - Started process (PID=660) to work on /home/airflow/.local/lib/python3.12/site-packages/airflow/example_dags/example_local_kubernetes_executor.py
[2026-05-31T14:11:55.203+0000] {processor.py:830} INFO - Processing file /home/airflow/.local/lib/python3.12/site-packages/airflow/example_dags/example_local_kubernetes_executor.py for tasks to queue
[2026-05-31T14:11:55.205+0000] {logging_mixin.py:188} INFO - [2026-05-31T14:11:55.205+0000] {dagbag.py:540} INFO - Filling up the DagBag from /home/airflow/.local/lib/python3.12/site-packages/airflow/example_dags/example_local_kubernetes_executor.py
[2026-05-31T14:11:55.215+0000] {processor.py:840} INFO - DAG(s) 'example_local_kubernetes_executor' retrieved from /home/airflow/.local/lib/python3.12/site-packages/airflow/example_dags/example_local_kubernetes_executor.py
[2026-05-31T14:11:55.242+0000] {logging_mixin.py:188} INFO - [2026-05-31T14:11:55.242+0000] {dag.py:3096} INFO - Sync 1 DAGs
[2026-05-31T14:11:55.253+0000] {logging_mixin.py:188} INFO - [2026-05-31T14:11:55.253+0000] {dag.py:3954} INFO - Setting next_dagrun for example_local_kubernetes_executor to None, run_after=None
[2026-05-31T14:11:55.268+0000] {processor.py:183} INFO - Processing /home/airflow/.local/lib/python3.12/site-packages/airflow/example_dags/example_local_kubernetes_executor.py took 0.073 seconds
[2026-05-31T14:12:26.131+0000] {processor.py:161} INFO - Started process (PID=719) to work on /home/airflow/.local/lib/python3.12/site-packages/airflow/example_dags/example_local_kubernetes_executor.py
[2026-05-31T14:12:26.132+0000] {processor.py:830} INFO - Processing file /home/airflow/.local/lib/python3.12/site-packages/airflow/example_dags/example_local_kubernetes_executor.py for tasks to queue
[2026-05-31T14:12:26.134+0000] {logging_mixin.py:188} INFO - [2026-05-31T14:12:26.134+0000] {dagbag.py:540} INFO - Filling up the DagBag from /home/airflow/.local/lib/python3.12/site-packages/airflow/example_dags/example_local_kubernetes_executor.py
[2026-05-31T14:12:26.140+0000] {processor.py:840} INFO - DAG(s) 'example_local_kubernetes_executor' retrieved from /home/airflow/.local/lib/python3.12/site-packages/airflow/example_dags/example_local_kubernetes_executor.py
[2026-05-31T14:12:26.168+0000] {logging_mixin.py:188} INFO - [2026-05-31T14:12:26.167+0000] {dag.py:3096} INFO - Sync 1 DAGs
[2026-05-31T14:12:26.179+0000] {logging_mixin.py:188} INFO - [2026-05-31T14:12:26.179+0000] {dag.py:3954} INFO - Setting next_dagrun for example_local_kubernetes_executor to None, run_after=None
[2026-05-31T14:12:26.202+0000] {processor.py:183} INFO - Processing /home/airflow/.local/lib/python3.12/site-packages/airflow/example_dags/example_local_kubernetes_executor.py took 0.075 seconds
[2026-05-31T14:12:56.915+0000] {processor.py:161} INFO - Started process (PID=778) to work on /home/airflow/.local/lib/python3.12/site-packages/airflow/example_dags/example_local_kubernetes_executor.py
[2026-05-31T14:12:56.916+0000] {processor.py:830} INFO - Processing file /home/airflow/.local/lib/python3.12/site-packages/airflow/example_dags/example_local_kubernetes_executor.py for tasks to queue
[2026-05-31T14:12:56.918+0000] {logging_mixin.py:188} INFO - [2026-05-31T14:12:56.918+0000] {dagbag.py:540} INFO - Filling up the DagBag from /home/airflow/.local/lib/python3.12/site-packages/airflow/example_dags/example_local_kubernetes_executor.py
[2026-05-31T14:12:56.924+0000] {processor.py:840} INFO - DAG(s) 'example_local_kubernetes_executor' retrieved from /home/airflow/.local/lib/python3.12/site-packages/airflow/example_dags/example_local_kubernetes_executor.py
[2026-05-31T14:12:56.948+0000] {logging_mixin.py:188} INFO - [2026-05-31T14:12:56.948+0000] {dag.py:3096} INFO - Sync 1 DAGs
[2026-05-31T14:12:56.957+0000] {logging_mixin.py:188} INFO - [2026-05-31T14:12:56.957+0000] {dag.py:3954} INFO - Setting next_dagrun for example_local_kubernetes_executor to None, run_after=None
[2026-05-31T14:12:56.979+0000] {processor.py:183} INFO - Processing /home/airflow/.local/lib/python3.12/site-packages/airflow/example_dags/example_local_kubernetes_executor.py took 0.068 seconds
[2026-05-31T14:13:27.634+0000] {processor.py:161} INFO - Started process (PID=837) to work on /home/airflow/.local/lib/python3.12/site-packages/airflow/example_dags/example_local_kubernetes_executor.py
[2026-05-31T14:13:27.635+0000] {processor.py:830} INFO - Processing file /home/airflow/.local/lib/python3.12/site-packages/airflow/example_dags/example_local_kubernetes_executor.py for tasks to queue
[2026-05-31T14:13:27.637+0000] {logging_mixin.py:188} INFO - [2026-05-31T14:13:27.637+0000] {dagbag.py:540} INFO - Filling up the DagBag from /home/airflow/.local/lib/python3.12/site-packages/airflow/example_dags/example_local_kubernetes_executor.py
[2026-05-31T14:13:27.642+0000] {processor.py:840} INFO - DAG(s) 'example_local_kubernetes_executor' retrieved from /home/airflow/.local/lib/python3.12/site-packages/airflow/example_dags/example_local_kubernetes_executor.py
[2026-05-31T14:13:27.666+0000] {logging_mixin.py:188} INFO - [2026-05-31T14:13:27.665+0000] {dag.py:3096} INFO - Sync 1 DAGs
[2026-05-31T14:13:27.675+0000] {logging_mixin.py:188} INFO - [2026-05-31T14:13:27.674+0000] {dag.py:3954} INFO - Setting next_dagrun for example_local_kubernetes_executor to None, run_after=None
[2026-05-31T14:13:27.697+0000] {processor.py:183} INFO - Processing /home/airflow/.local/lib/python3.12/site-packages/airflow/example_dags/example_local_kubernetes_executor.py took 0.067 seconds
