[2026-05-31T11:38:13.471+0000] {processor.py:161} INFO - Started process (PID=105) to work on /home/airflow/.local/lib/python3.12/site-packages/airflow/example_dags/example_dynamic_task_mapping.py
[2026-05-31T11:38:13.473+0000] {processor.py:830} INFO - Processing file /home/airflow/.local/lib/python3.12/site-packages/airflow/example_dags/example_dynamic_task_mapping.py for tasks to queue
[2026-05-31T11:38:13.475+0000] {logging_mixin.py:188} INFO - [2026-05-31T11:38:13.475+0000] {dagbag.py:540} INFO - Filling up the DagBag from /home/airflow/.local/lib/python3.12/site-packages/airflow/example_dags/example_dynamic_task_mapping.py
[2026-05-31T11:38:13.483+0000] {processor.py:840} INFO - DAG(s) 'example_dynamic_task_mapping' retrieved from /home/airflow/.local/lib/python3.12/site-packages/airflow/example_dags/example_dynamic_task_mapping.py
[2026-05-31T11:38:13.498+0000] {logging_mixin.py:188} INFO - [2026-05-31T11:38:13.497+0000] {dag.py:3096} INFO - Sync 1 DAGs
[2026-05-31T11:38:13.545+0000] {logging_mixin.py:188} INFO - [2026-05-31T11:38:13.545+0000] {dag.py:3954} INFO - Setting next_dagrun for example_dynamic_task_mapping to 2022-03-04 00:00:00+00:00, run_after=2022-03-05 00:00:00+00:00
[2026-05-31T11:38:13.577+0000] {processor.py:183} INFO - Processing /home/airflow/.local/lib/python3.12/site-packages/airflow/example_dags/example_dynamic_task_mapping.py took 0.114 seconds
[2026-05-31T11:38:43.632+0000] {processor.py:161} INFO - Started process (PID=163) to work on /home/airflow/.local/lib/python3.12/site-packages/airflow/example_dags/example_dynamic_task_mapping.py
[2026-05-31T11:38:43.633+0000] {processor.py:830} INFO - Processing file /home/airflow/.local/lib/python3.12/site-packages/airflow/example_dags/example_dynamic_task_mapping.py for tasks to queue
[2026-05-31T11:38:43.635+0000] {logging_mixin.py:188} INFO - [2026-05-31T11:38:43.635+0000] {dagbag.py:540} INFO - Filling up the DagBag from /home/airflow/.local/lib/python3.12/site-packages/airflow/example_dags/example_dynamic_task_mapping.py
[2026-05-31T11:38:43.641+0000] {processor.py:840} INFO - DAG(s) 'example_dynamic_task_mapping' retrieved from /home/airflow/.local/lib/python3.12/site-packages/airflow/example_dags/example_dynamic_task_mapping.py
[2026-05-31T11:38:43.719+0000] {logging_mixin.py:188} INFO - [2026-05-31T11:38:43.719+0000] {dag.py:3096} INFO - Sync 1 DAGs
[2026-05-31T11:38:43.733+0000] {logging_mixin.py:188} INFO - [2026-05-31T11:38:43.733+0000] {dag.py:3954} INFO - Setting next_dagrun for example_dynamic_task_mapping to 2022-03-04 00:00:00+00:00, run_after=2022-03-05 00:00:00+00:00
[2026-05-31T11:38:43.748+0000] {processor.py:183} INFO - Processing /home/airflow/.local/lib/python3.12/site-packages/airflow/example_dags/example_dynamic_task_mapping.py took 0.122 seconds
[2026-05-31T11:39:14.153+0000] {processor.py:161} INFO - Started process (PID=221) to work on /home/airflow/.local/lib/python3.12/site-packages/airflow/example_dags/example_dynamic_task_mapping.py
[2026-05-31T11:39:14.154+0000] {processor.py:830} INFO - Processing file /home/airflow/.local/lib/python3.12/site-packages/airflow/example_dags/example_dynamic_task_mapping.py for tasks to queue
[2026-05-31T11:39:14.155+0000] {logging_mixin.py:188} INFO - [2026-05-31T11:39:14.155+0000] {dagbag.py:540} INFO - Filling up the DagBag from /home/airflow/.local/lib/python3.12/site-packages/airflow/example_dags/example_dynamic_task_mapping.py
[2026-05-31T11:39:14.160+0000] {processor.py:840} INFO - DAG(s) 'example_dynamic_task_mapping' retrieved from /home/airflow/.local/lib/python3.12/site-packages/airflow/example_dags/example_dynamic_task_mapping.py
[2026-05-31T11:39:14.175+0000] {logging_mixin.py:188} INFO - [2026-05-31T11:39:14.175+0000] {dag.py:3096} INFO - Sync 1 DAGs
[2026-05-31T11:39:14.192+0000] {logging_mixin.py:188} INFO - [2026-05-31T11:39:14.192+0000] {dag.py:3954} INFO - Setting next_dagrun for example_dynamic_task_mapping to 2022-03-04 00:00:00+00:00, run_after=2022-03-05 00:00:00+00:00
[2026-05-31T11:39:14.207+0000] {processor.py:183} INFO - Processing /home/airflow/.local/lib/python3.12/site-packages/airflow/example_dags/example_dynamic_task_mapping.py took 0.058 seconds
[2026-05-31T11:39:44.911+0000] {processor.py:161} INFO - Started process (PID=279) to work on /home/airflow/.local/lib/python3.12/site-packages/airflow/example_dags/example_dynamic_task_mapping.py
[2026-05-31T11:39:44.912+0000] {processor.py:830} INFO - Processing file /home/airflow/.local/lib/python3.12/site-packages/airflow/example_dags/example_dynamic_task_mapping.py for tasks to queue
[2026-05-31T11:39:44.914+0000] {logging_mixin.py:188} INFO - [2026-05-31T11:39:44.914+0000] {dagbag.py:540} INFO - Filling up the DagBag from /home/airflow/.local/lib/python3.12/site-packages/airflow/example_dags/example_dynamic_task_mapping.py
[2026-05-31T11:39:44.920+0000] {processor.py:840} INFO - DAG(s) 'example_dynamic_task_mapping' retrieved from /home/airflow/.local/lib/python3.12/site-packages/airflow/example_dags/example_dynamic_task_mapping.py
[2026-05-31T11:39:44.935+0000] {logging_mixin.py:188} INFO - [2026-05-31T11:39:44.935+0000] {dag.py:3096} INFO - Sync 1 DAGs
[2026-05-31T11:39:44.953+0000] {logging_mixin.py:188} INFO - [2026-05-31T11:39:44.953+0000] {dag.py:3954} INFO - Setting next_dagrun for example_dynamic_task_mapping to 2022-03-04 00:00:00+00:00, run_after=2022-03-05 00:00:00+00:00
[2026-05-31T11:39:44.968+0000] {processor.py:183} INFO - Processing /home/airflow/.local/lib/python3.12/site-packages/airflow/example_dags/example_dynamic_task_mapping.py took 0.062 seconds
[2026-05-31T11:40:15.272+0000] {processor.py:161} INFO - Started process (PID=337) to work on /home/airflow/.local/lib/python3.12/site-packages/airflow/example_dags/example_dynamic_task_mapping.py
[2026-05-31T11:40:15.273+0000] {processor.py:830} INFO - Processing file /home/airflow/.local/lib/python3.12/site-packages/airflow/example_dags/example_dynamic_task_mapping.py for tasks to queue
[2026-05-31T11:40:15.278+0000] {logging_mixin.py:188} INFO - [2026-05-31T11:40:15.277+0000] {dagbag.py:540} INFO - Filling up the DagBag from /home/airflow/.local/lib/python3.12/site-packages/airflow/example_dags/example_dynamic_task_mapping.py
[2026-05-31T11:40:15.292+0000] {processor.py:840} INFO - DAG(s) 'example_dynamic_task_mapping' retrieved from /home/airflow/.local/lib/python3.12/site-packages/airflow/example_dags/example_dynamic_task_mapping.py
[2026-05-31T11:40:15.314+0000] {logging_mixin.py:188} INFO - [2026-05-31T11:40:15.314+0000] {dag.py:3096} INFO - Sync 1 DAGs
[2026-05-31T11:40:15.365+0000] {logging_mixin.py:188} INFO - [2026-05-31T11:40:15.365+0000] {dag.py:3954} INFO - Setting next_dagrun for example_dynamic_task_mapping to 2022-03-04 00:00:00+00:00, run_after=2022-03-05 00:00:00+00:00
[2026-05-31T11:40:15.414+0000] {processor.py:183} INFO - Processing /home/airflow/.local/lib/python3.12/site-packages/airflow/example_dags/example_dynamic_task_mapping.py took 0.147 seconds
[2026-05-31T11:40:46.396+0000] {processor.py:161} INFO - Started process (PID=395) to work on /home/airflow/.local/lib/python3.12/site-packages/airflow/example_dags/example_dynamic_task_mapping.py
[2026-05-31T11:40:46.398+0000] {processor.py:830} INFO - Processing file /home/airflow/.local/lib/python3.12/site-packages/airflow/example_dags/example_dynamic_task_mapping.py for tasks to queue
[2026-05-31T11:40:46.399+0000] {logging_mixin.py:188} INFO - [2026-05-31T11:40:46.399+0000] {dagbag.py:540} INFO - Filling up the DagBag from /home/airflow/.local/lib/python3.12/site-packages/airflow/example_dags/example_dynamic_task_mapping.py
[2026-05-31T11:40:46.405+0000] {processor.py:840} INFO - DAG(s) 'example_dynamic_task_mapping' retrieved from /home/airflow/.local/lib/python3.12/site-packages/airflow/example_dags/example_dynamic_task_mapping.py
[2026-05-31T11:40:46.421+0000] {logging_mixin.py:188} INFO - [2026-05-31T11:40:46.421+0000] {dag.py:3096} INFO - Sync 1 DAGs
[2026-05-31T11:40:46.438+0000] {logging_mixin.py:188} INFO - [2026-05-31T11:40:46.438+0000] {dag.py:3954} INFO - Setting next_dagrun for example_dynamic_task_mapping to 2022-03-04 00:00:00+00:00, run_after=2022-03-05 00:00:00+00:00
[2026-05-31T11:40:46.456+0000] {processor.py:183} INFO - Processing /home/airflow/.local/lib/python3.12/site-packages/airflow/example_dags/example_dynamic_task_mapping.py took 0.065 seconds
[2026-05-31T11:41:17.352+0000] {processor.py:161} INFO - Started process (PID=453) to work on /home/airflow/.local/lib/python3.12/site-packages/airflow/example_dags/example_dynamic_task_mapping.py
[2026-05-31T11:41:17.353+0000] {processor.py:830} INFO - Processing file /home/airflow/.local/lib/python3.12/site-packages/airflow/example_dags/example_dynamic_task_mapping.py for tasks to queue
[2026-05-31T11:41:17.355+0000] {logging_mixin.py:188} INFO - [2026-05-31T11:41:17.355+0000] {dagbag.py:540} INFO - Filling up the DagBag from /home/airflow/.local/lib/python3.12/site-packages/airflow/example_dags/example_dynamic_task_mapping.py
[2026-05-31T11:41:17.361+0000] {processor.py:840} INFO - DAG(s) 'example_dynamic_task_mapping' retrieved from /home/airflow/.local/lib/python3.12/site-packages/airflow/example_dags/example_dynamic_task_mapping.py
[2026-05-31T11:41:17.379+0000] {logging_mixin.py:188} INFO - [2026-05-31T11:41:17.379+0000] {dag.py:3096} INFO - Sync 1 DAGs
[2026-05-31T11:41:17.399+0000] {logging_mixin.py:188} INFO - [2026-05-31T11:41:17.399+0000] {dag.py:3954} INFO - Setting next_dagrun for example_dynamic_task_mapping to 2022-03-04 00:00:00+00:00, run_after=2022-03-05 00:00:00+00:00
[2026-05-31T11:41:17.418+0000] {processor.py:183} INFO - Processing /home/airflow/.local/lib/python3.12/site-packages/airflow/example_dags/example_dynamic_task_mapping.py took 0.072 seconds
[2026-05-31T11:41:47.617+0000] {processor.py:161} INFO - Started process (PID=511) to work on /home/airflow/.local/lib/python3.12/site-packages/airflow/example_dags/example_dynamic_task_mapping.py
[2026-05-31T11:41:47.618+0000] {processor.py:830} INFO - Processing file /home/airflow/.local/lib/python3.12/site-packages/airflow/example_dags/example_dynamic_task_mapping.py for tasks to queue
[2026-05-31T11:41:47.620+0000] {logging_mixin.py:188} INFO - [2026-05-31T11:41:47.619+0000] {dagbag.py:540} INFO - Filling up the DagBag from /home/airflow/.local/lib/python3.12/site-packages/airflow/example_dags/example_dynamic_task_mapping.py
[2026-05-31T11:41:47.625+0000] {processor.py:840} INFO - DAG(s) 'example_dynamic_task_mapping' retrieved from /home/airflow/.local/lib/python3.12/site-packages/airflow/example_dags/example_dynamic_task_mapping.py
[2026-05-31T11:41:47.641+0000] {logging_mixin.py:188} INFO - [2026-05-31T11:41:47.640+0000] {dag.py:3096} INFO - Sync 1 DAGs
[2026-05-31T11:41:47.658+0000] {logging_mixin.py:188} INFO - [2026-05-31T11:41:47.658+0000] {dag.py:3954} INFO - Setting next_dagrun for example_dynamic_task_mapping to 2022-03-04 00:00:00+00:00, run_after=2022-03-05 00:00:00+00:00
[2026-05-31T11:41:47.674+0000] {processor.py:183} INFO - Processing /home/airflow/.local/lib/python3.12/site-packages/airflow/example_dags/example_dynamic_task_mapping.py took 0.062 seconds
[2026-05-31T11:42:17.936+0000] {processor.py:161} INFO - Started process (PID=569) to work on /home/airflow/.local/lib/python3.12/site-packages/airflow/example_dags/example_dynamic_task_mapping.py
[2026-05-31T11:42:17.937+0000] {processor.py:830} INFO - Processing file /home/airflow/.local/lib/python3.12/site-packages/airflow/example_dags/example_dynamic_task_mapping.py for tasks to queue
[2026-05-31T11:42:17.939+0000] {logging_mixin.py:188} INFO - [2026-05-31T11:42:17.939+0000] {dagbag.py:540} INFO - Filling up the DagBag from /home/airflow/.local/lib/python3.12/site-packages/airflow/example_dags/example_dynamic_task_mapping.py
[2026-05-31T11:42:17.947+0000] {processor.py:840} INFO - DAG(s) 'example_dynamic_task_mapping' retrieved from /home/airflow/.local/lib/python3.12/site-packages/airflow/example_dags/example_dynamic_task_mapping.py
[2026-05-31T11:42:17.967+0000] {logging_mixin.py:188} INFO - [2026-05-31T11:42:17.967+0000] {dag.py:3096} INFO - Sync 1 DAGs
[2026-05-31T11:42:17.990+0000] {logging_mixin.py:188} INFO - [2026-05-31T11:42:17.990+0000] {dag.py:3954} INFO - Setting next_dagrun for example_dynamic_task_mapping to 2022-03-04 00:00:00+00:00, run_after=2022-03-05 00:00:00+00:00
[2026-05-31T11:42:18.011+0000] {processor.py:183} INFO - Processing /home/airflow/.local/lib/python3.12/site-packages/airflow/example_dags/example_dynamic_task_mapping.py took 0.081 seconds
[2026-05-31T11:42:48.108+0000] {processor.py:161} INFO - Started process (PID=627) to work on /home/airflow/.local/lib/python3.12/site-packages/airflow/example_dags/example_dynamic_task_mapping.py
[2026-05-31T11:42:48.109+0000] {processor.py:830} INFO - Processing file /home/airflow/.local/lib/python3.12/site-packages/airflow/example_dags/example_dynamic_task_mapping.py for tasks to queue
[2026-05-31T11:42:48.111+0000] {logging_mixin.py:188} INFO - [2026-05-31T11:42:48.111+0000] {dagbag.py:540} INFO - Filling up the DagBag from /home/airflow/.local/lib/python3.12/site-packages/airflow/example_dags/example_dynamic_task_mapping.py
[2026-05-31T11:42:48.117+0000] {processor.py:840} INFO - DAG(s) 'example_dynamic_task_mapping' retrieved from /home/airflow/.local/lib/python3.12/site-packages/airflow/example_dags/example_dynamic_task_mapping.py
[2026-05-31T11:42:48.134+0000] {logging_mixin.py:188} INFO - [2026-05-31T11:42:48.134+0000] {dag.py:3096} INFO - Sync 1 DAGs
[2026-05-31T11:42:48.154+0000] {logging_mixin.py:188} INFO - [2026-05-31T11:42:48.154+0000] {dag.py:3954} INFO - Setting next_dagrun for example_dynamic_task_mapping to 2022-03-04 00:00:00+00:00, run_after=2022-03-05 00:00:00+00:00
[2026-05-31T11:42:48.174+0000] {processor.py:183} INFO - Processing /home/airflow/.local/lib/python3.12/site-packages/airflow/example_dags/example_dynamic_task_mapping.py took 0.072 seconds
[2026-05-31T11:43:18.352+0000] {processor.py:161} INFO - Started process (PID=685) to work on /home/airflow/.local/lib/python3.12/site-packages/airflow/example_dags/example_dynamic_task_mapping.py
[2026-05-31T11:43:18.353+0000] {processor.py:830} INFO - Processing file /home/airflow/.local/lib/python3.12/site-packages/airflow/example_dags/example_dynamic_task_mapping.py for tasks to queue
[2026-05-31T11:43:18.355+0000] {logging_mixin.py:188} INFO - [2026-05-31T11:43:18.355+0000] {dagbag.py:540} INFO - Filling up the DagBag from /home/airflow/.local/lib/python3.12/site-packages/airflow/example_dags/example_dynamic_task_mapping.py
[2026-05-31T11:43:18.362+0000] {processor.py:840} INFO - DAG(s) 'example_dynamic_task_mapping' retrieved from /home/airflow/.local/lib/python3.12/site-packages/airflow/example_dags/example_dynamic_task_mapping.py
[2026-05-31T11:43:18.382+0000] {logging_mixin.py:188} INFO - [2026-05-31T11:43:18.382+0000] {dag.py:3096} INFO - Sync 1 DAGs
[2026-05-31T11:43:18.404+0000] {logging_mixin.py:188} INFO - [2026-05-31T11:43:18.404+0000] {dag.py:3954} INFO - Setting next_dagrun for example_dynamic_task_mapping to 2022-03-04 00:00:00+00:00, run_after=2022-03-05 00:00:00+00:00
[2026-05-31T11:43:18.421+0000] {processor.py:183} INFO - Processing /home/airflow/.local/lib/python3.12/site-packages/airflow/example_dags/example_dynamic_task_mapping.py took 0.074 seconds
[2026-05-31T11:43:49.301+0000] {processor.py:161} INFO - Started process (PID=743) to work on /home/airflow/.local/lib/python3.12/site-packages/airflow/example_dags/example_dynamic_task_mapping.py
[2026-05-31T11:43:49.302+0000] {processor.py:830} INFO - Processing file /home/airflow/.local/lib/python3.12/site-packages/airflow/example_dags/example_dynamic_task_mapping.py for tasks to queue
[2026-05-31T11:43:49.304+0000] {logging_mixin.py:188} INFO - [2026-05-31T11:43:49.303+0000] {dagbag.py:540} INFO - Filling up the DagBag from /home/airflow/.local/lib/python3.12/site-packages/airflow/example_dags/example_dynamic_task_mapping.py
[2026-05-31T11:43:49.308+0000] {processor.py:840} INFO - DAG(s) 'example_dynamic_task_mapping' retrieved from /home/airflow/.local/lib/python3.12/site-packages/airflow/example_dags/example_dynamic_task_mapping.py
[2026-05-31T11:43:49.324+0000] {logging_mixin.py:188} INFO - [2026-05-31T11:43:49.323+0000] {dag.py:3096} INFO - Sync 1 DAGs
[2026-05-31T11:43:49.344+0000] {logging_mixin.py:188} INFO - [2026-05-31T11:43:49.344+0000] {dag.py:3954} INFO - Setting next_dagrun for example_dynamic_task_mapping to 2022-03-04 00:00:00+00:00, run_after=2022-03-05 00:00:00+00:00
[2026-05-31T11:43:49.363+0000] {processor.py:183} INFO - Processing /home/airflow/.local/lib/python3.12/site-packages/airflow/example_dags/example_dynamic_task_mapping.py took 0.066 seconds
[2026-05-31T11:44:19.980+0000] {processor.py:161} INFO - Started process (PID=801) to work on /home/airflow/.local/lib/python3.12/site-packages/airflow/example_dags/example_dynamic_task_mapping.py
[2026-05-31T11:44:19.981+0000] {processor.py:830} INFO - Processing file /home/airflow/.local/lib/python3.12/site-packages/airflow/example_dags/example_dynamic_task_mapping.py for tasks to queue
[2026-05-31T11:44:19.983+0000] {logging_mixin.py:188} INFO - [2026-05-31T11:44:19.983+0000] {dagbag.py:540} INFO - Filling up the DagBag from /home/airflow/.local/lib/python3.12/site-packages/airflow/example_dags/example_dynamic_task_mapping.py
[2026-05-31T11:44:19.989+0000] {processor.py:840} INFO - DAG(s) 'example_dynamic_task_mapping' retrieved from /home/airflow/.local/lib/python3.12/site-packages/airflow/example_dags/example_dynamic_task_mapping.py
[2026-05-31T11:44:20.006+0000] {logging_mixin.py:188} INFO - [2026-05-31T11:44:20.006+0000] {dag.py:3096} INFO - Sync 1 DAGs
[2026-05-31T11:44:20.025+0000] {logging_mixin.py:188} INFO - [2026-05-31T11:44:20.025+0000] {dag.py:3954} INFO - Setting next_dagrun for example_dynamic_task_mapping to 2022-03-04 00:00:00+00:00, run_after=2022-03-05 00:00:00+00:00
[2026-05-31T11:44:20.042+0000] {processor.py:183} INFO - Processing /home/airflow/.local/lib/python3.12/site-packages/airflow/example_dags/example_dynamic_task_mapping.py took 0.068 seconds
[2026-05-31T11:44:50.330+0000] {processor.py:161} INFO - Started process (PID=860) to work on /home/airflow/.local/lib/python3.12/site-packages/airflow/example_dags/example_dynamic_task_mapping.py
[2026-05-31T11:44:50.331+0000] {processor.py:830} INFO - Processing file /home/airflow/.local/lib/python3.12/site-packages/airflow/example_dags/example_dynamic_task_mapping.py for tasks to queue
[2026-05-31T11:44:50.333+0000] {logging_mixin.py:188} INFO - [2026-05-31T11:44:50.333+0000] {dagbag.py:540} INFO - Filling up the DagBag from /home/airflow/.local/lib/python3.12/site-packages/airflow/example_dags/example_dynamic_task_mapping.py
[2026-05-31T11:44:50.339+0000] {processor.py:840} INFO - DAG(s) 'example_dynamic_task_mapping' retrieved from /home/airflow/.local/lib/python3.12/site-packages/airflow/example_dags/example_dynamic_task_mapping.py
[2026-05-31T11:44:50.357+0000] {logging_mixin.py:188} INFO - [2026-05-31T11:44:50.357+0000] {dag.py:3096} INFO - Sync 1 DAGs
[2026-05-31T11:44:50.379+0000] {logging_mixin.py:188} INFO - [2026-05-31T11:44:50.379+0000] {dag.py:3954} INFO - Setting next_dagrun for example_dynamic_task_mapping to 2022-03-04 00:00:00+00:00, run_after=2022-03-05 00:00:00+00:00
[2026-05-31T11:44:50.396+0000] {processor.py:183} INFO - Processing /home/airflow/.local/lib/python3.12/site-packages/airflow/example_dags/example_dynamic_task_mapping.py took 0.072 seconds
[2026-05-31T11:45:20.422+0000] {processor.py:161} INFO - Started process (PID=918) to work on /home/airflow/.local/lib/python3.12/site-packages/airflow/example_dags/example_dynamic_task_mapping.py
[2026-05-31T11:45:20.423+0000] {processor.py:830} INFO - Processing file /home/airflow/.local/lib/python3.12/site-packages/airflow/example_dags/example_dynamic_task_mapping.py for tasks to queue
[2026-05-31T11:45:20.425+0000] {logging_mixin.py:188} INFO - [2026-05-31T11:45:20.425+0000] {dagbag.py:540} INFO - Filling up the DagBag from /home/airflow/.local/lib/python3.12/site-packages/airflow/example_dags/example_dynamic_task_mapping.py
[2026-05-31T11:45:20.431+0000] {processor.py:840} INFO - DAG(s) 'example_dynamic_task_mapping' retrieved from /home/airflow/.local/lib/python3.12/site-packages/airflow/example_dags/example_dynamic_task_mapping.py
[2026-05-31T11:45:20.448+0000] {logging_mixin.py:188} INFO - [2026-05-31T11:45:20.448+0000] {dag.py:3096} INFO - Sync 1 DAGs
[2026-05-31T11:45:20.466+0000] {logging_mixin.py:188} INFO - [2026-05-31T11:45:20.466+0000] {dag.py:3954} INFO - Setting next_dagrun for example_dynamic_task_mapping to 2022-03-04 00:00:00+00:00, run_after=2022-03-05 00:00:00+00:00
[2026-05-31T11:45:20.480+0000] {processor.py:183} INFO - Processing /home/airflow/.local/lib/python3.12/site-packages/airflow/example_dags/example_dynamic_task_mapping.py took 0.063 seconds
[2026-05-31T11:45:51.073+0000] {processor.py:161} INFO - Started process (PID=975) to work on /home/airflow/.local/lib/python3.12/site-packages/airflow/example_dags/example_dynamic_task_mapping.py
[2026-05-31T11:45:51.074+0000] {processor.py:830} INFO - Processing file /home/airflow/.local/lib/python3.12/site-packages/airflow/example_dags/example_dynamic_task_mapping.py for tasks to queue
[2026-05-31T11:45:51.076+0000] {logging_mixin.py:188} INFO - [2026-05-31T11:45:51.076+0000] {dagbag.py:540} INFO - Filling up the DagBag from /home/airflow/.local/lib/python3.12/site-packages/airflow/example_dags/example_dynamic_task_mapping.py
[2026-05-31T11:45:51.083+0000] {processor.py:840} INFO - DAG(s) 'example_dynamic_task_mapping' retrieved from /home/airflow/.local/lib/python3.12/site-packages/airflow/example_dags/example_dynamic_task_mapping.py
[2026-05-31T11:45:51.099+0000] {logging_mixin.py:188} INFO - [2026-05-31T11:45:51.099+0000] {dag.py:3096} INFO - Sync 1 DAGs
[2026-05-31T11:45:51.117+0000] {logging_mixin.py:188} INFO - [2026-05-31T11:45:51.117+0000] {dag.py:3954} INFO - Setting next_dagrun for example_dynamic_task_mapping to 2022-03-04 00:00:00+00:00, run_after=2022-03-05 00:00:00+00:00
[2026-05-31T11:45:51.133+0000] {processor.py:183} INFO - Processing /home/airflow/.local/lib/python3.12/site-packages/airflow/example_dags/example_dynamic_task_mapping.py took 0.066 seconds
[2026-05-31T11:46:22.200+0000] {processor.py:161} INFO - Started process (PID=1033) to work on /home/airflow/.local/lib/python3.12/site-packages/airflow/example_dags/example_dynamic_task_mapping.py
[2026-05-31T11:46:22.201+0000] {processor.py:830} INFO - Processing file /home/airflow/.local/lib/python3.12/site-packages/airflow/example_dags/example_dynamic_task_mapping.py for tasks to queue
[2026-05-31T11:46:22.203+0000] {logging_mixin.py:188} INFO - [2026-05-31T11:46:22.203+0000] {dagbag.py:540} INFO - Filling up the DagBag from /home/airflow/.local/lib/python3.12/site-packages/airflow/example_dags/example_dynamic_task_mapping.py
[2026-05-31T11:46:22.210+0000] {processor.py:840} INFO - DAG(s) 'example_dynamic_task_mapping' retrieved from /home/airflow/.local/lib/python3.12/site-packages/airflow/example_dags/example_dynamic_task_mapping.py
[2026-05-31T11:46:22.230+0000] {logging_mixin.py:188} INFO - [2026-05-31T11:46:22.229+0000] {dag.py:3096} INFO - Sync 1 DAGs
[2026-05-31T11:46:22.360+0000] {logging_mixin.py:188} INFO - [2026-05-31T11:46:22.359+0000] {dag.py:3954} INFO - Setting next_dagrun for example_dynamic_task_mapping to 2022-03-04 00:00:00+00:00, run_after=2022-03-05 00:00:00+00:00
[2026-05-31T11:46:22.374+0000] {processor.py:183} INFO - Processing /home/airflow/.local/lib/python3.12/site-packages/airflow/example_dags/example_dynamic_task_mapping.py took 0.180 seconds
[2026-05-31T11:46:52.994+0000] {processor.py:161} INFO - Started process (PID=1091) to work on /home/airflow/.local/lib/python3.12/site-packages/airflow/example_dags/example_dynamic_task_mapping.py
[2026-05-31T11:46:52.995+0000] {processor.py:830} INFO - Processing file /home/airflow/.local/lib/python3.12/site-packages/airflow/example_dags/example_dynamic_task_mapping.py for tasks to queue
[2026-05-31T11:46:52.997+0000] {logging_mixin.py:188} INFO - [2026-05-31T11:46:52.997+0000] {dagbag.py:540} INFO - Filling up the DagBag from /home/airflow/.local/lib/python3.12/site-packages/airflow/example_dags/example_dynamic_task_mapping.py
[2026-05-31T11:46:53.005+0000] {processor.py:840} INFO - DAG(s) 'example_dynamic_task_mapping' retrieved from /home/airflow/.local/lib/python3.12/site-packages/airflow/example_dags/example_dynamic_task_mapping.py
[2026-05-31T11:46:53.026+0000] {logging_mixin.py:188} INFO - [2026-05-31T11:46:53.026+0000] {dag.py:3096} INFO - Sync 1 DAGs
[2026-05-31T11:46:53.175+0000] {logging_mixin.py:188} INFO - [2026-05-31T11:46:53.174+0000] {dag.py:3954} INFO - Setting next_dagrun for example_dynamic_task_mapping to 2022-03-04 00:00:00+00:00, run_after=2022-03-05 00:00:00+00:00
[2026-05-31T11:46:53.190+0000] {processor.py:183} INFO - Processing /home/airflow/.local/lib/python3.12/site-packages/airflow/example_dags/example_dynamic_task_mapping.py took 0.201 seconds
[2026-05-31T11:47:23.395+0000] {processor.py:161} INFO - Started process (PID=1149) to work on /home/airflow/.local/lib/python3.12/site-packages/airflow/example_dags/example_dynamic_task_mapping.py
[2026-05-31T11:47:23.396+0000] {processor.py:830} INFO - Processing file /home/airflow/.local/lib/python3.12/site-packages/airflow/example_dags/example_dynamic_task_mapping.py for tasks to queue
[2026-05-31T11:47:23.398+0000] {logging_mixin.py:188} INFO - [2026-05-31T11:47:23.397+0000] {dagbag.py:540} INFO - Filling up the DagBag from /home/airflow/.local/lib/python3.12/site-packages/airflow/example_dags/example_dynamic_task_mapping.py
[2026-05-31T11:47:23.404+0000] {processor.py:840} INFO - DAG(s) 'example_dynamic_task_mapping' retrieved from /home/airflow/.local/lib/python3.12/site-packages/airflow/example_dags/example_dynamic_task_mapping.py
[2026-05-31T11:47:23.421+0000] {logging_mixin.py:188} INFO - [2026-05-31T11:47:23.421+0000] {dag.py:3096} INFO - Sync 1 DAGs
[2026-05-31T11:47:23.443+0000] {logging_mixin.py:188} INFO - [2026-05-31T11:47:23.442+0000] {dag.py:3954} INFO - Setting next_dagrun for example_dynamic_task_mapping to 2022-03-04 00:00:00+00:00, run_after=2022-03-05 00:00:00+00:00
[2026-05-31T11:47:23.589+0000] {processor.py:183} INFO - Processing /home/airflow/.local/lib/python3.12/site-packages/airflow/example_dags/example_dynamic_task_mapping.py took 0.199 seconds
[2026-05-31T11:47:54.354+0000] {processor.py:161} INFO - Started process (PID=1207) to work on /home/airflow/.local/lib/python3.12/site-packages/airflow/example_dags/example_dynamic_task_mapping.py
[2026-05-31T11:47:54.355+0000] {processor.py:830} INFO - Processing file /home/airflow/.local/lib/python3.12/site-packages/airflow/example_dags/example_dynamic_task_mapping.py for tasks to queue
[2026-05-31T11:47:54.357+0000] {logging_mixin.py:188} INFO - [2026-05-31T11:47:54.357+0000] {dagbag.py:540} INFO - Filling up the DagBag from /home/airflow/.local/lib/python3.12/site-packages/airflow/example_dags/example_dynamic_task_mapping.py
[2026-05-31T11:47:54.362+0000] {processor.py:840} INFO - DAG(s) 'example_dynamic_task_mapping' retrieved from /home/airflow/.local/lib/python3.12/site-packages/airflow/example_dags/example_dynamic_task_mapping.py
[2026-05-31T11:47:54.379+0000] {logging_mixin.py:188} INFO - [2026-05-31T11:47:54.379+0000] {dag.py:3096} INFO - Sync 1 DAGs
[2026-05-31T11:47:54.398+0000] {logging_mixin.py:188} INFO - [2026-05-31T11:47:54.398+0000] {dag.py:3954} INFO - Setting next_dagrun for example_dynamic_task_mapping to 2022-03-04 00:00:00+00:00, run_after=2022-03-05 00:00:00+00:00
[2026-05-31T11:47:54.417+0000] {processor.py:183} INFO - Processing /home/airflow/.local/lib/python3.12/site-packages/airflow/example_dags/example_dynamic_task_mapping.py took 0.068 seconds
[2026-05-31T11:48:25.128+0000] {processor.py:161} INFO - Started process (PID=1265) to work on /home/airflow/.local/lib/python3.12/site-packages/airflow/example_dags/example_dynamic_task_mapping.py
[2026-05-31T11:48:25.129+0000] {processor.py:830} INFO - Processing file /home/airflow/.local/lib/python3.12/site-packages/airflow/example_dags/example_dynamic_task_mapping.py for tasks to queue
[2026-05-31T11:48:25.131+0000] {logging_mixin.py:188} INFO - [2026-05-31T11:48:25.131+0000] {dagbag.py:540} INFO - Filling up the DagBag from /home/airflow/.local/lib/python3.12/site-packages/airflow/example_dags/example_dynamic_task_mapping.py
[2026-05-31T11:48:25.137+0000] {processor.py:840} INFO - DAG(s) 'example_dynamic_task_mapping' retrieved from /home/airflow/.local/lib/python3.12/site-packages/airflow/example_dags/example_dynamic_task_mapping.py
[2026-05-31T11:48:25.153+0000] {logging_mixin.py:188} INFO - [2026-05-31T11:48:25.153+0000] {dag.py:3096} INFO - Sync 1 DAGs
[2026-05-31T11:48:25.171+0000] {logging_mixin.py:188} INFO - [2026-05-31T11:48:25.171+0000] {dag.py:3954} INFO - Setting next_dagrun for example_dynamic_task_mapping to 2022-03-04 00:00:00+00:00, run_after=2022-03-05 00:00:00+00:00
[2026-05-31T11:48:25.187+0000] {processor.py:183} INFO - Processing /home/airflow/.local/lib/python3.12/site-packages/airflow/example_dags/example_dynamic_task_mapping.py took 0.064 seconds
[2026-05-31T11:48:55.757+0000] {processor.py:161} INFO - Started process (PID=1323) to work on /home/airflow/.local/lib/python3.12/site-packages/airflow/example_dags/example_dynamic_task_mapping.py
[2026-05-31T11:48:55.759+0000] {processor.py:830} INFO - Processing file /home/airflow/.local/lib/python3.12/site-packages/airflow/example_dags/example_dynamic_task_mapping.py for tasks to queue
[2026-05-31T11:48:55.761+0000] {logging_mixin.py:188} INFO - [2026-05-31T11:48:55.761+0000] {dagbag.py:540} INFO - Filling up the DagBag from /home/airflow/.local/lib/python3.12/site-packages/airflow/example_dags/example_dynamic_task_mapping.py
[2026-05-31T11:48:55.769+0000] {processor.py:840} INFO - DAG(s) 'example_dynamic_task_mapping' retrieved from /home/airflow/.local/lib/python3.12/site-packages/airflow/example_dags/example_dynamic_task_mapping.py
[2026-05-31T11:48:55.792+0000] {logging_mixin.py:188} INFO - [2026-05-31T11:48:55.791+0000] {dag.py:3096} INFO - Sync 1 DAGs
[2026-05-31T11:48:55.822+0000] {logging_mixin.py:188} INFO - [2026-05-31T11:48:55.822+0000] {dag.py:3954} INFO - Setting next_dagrun for example_dynamic_task_mapping to 2022-03-04 00:00:00+00:00, run_after=2022-03-05 00:00:00+00:00
[2026-05-31T11:48:55.856+0000] {processor.py:183} INFO - Processing /home/airflow/.local/lib/python3.12/site-packages/airflow/example_dags/example_dynamic_task_mapping.py took 0.105 seconds
[2026-05-31T11:49:26.446+0000] {processor.py:161} INFO - Started process (PID=1381) to work on /home/airflow/.local/lib/python3.12/site-packages/airflow/example_dags/example_dynamic_task_mapping.py
[2026-05-31T11:49:26.447+0000] {processor.py:830} INFO - Processing file /home/airflow/.local/lib/python3.12/site-packages/airflow/example_dags/example_dynamic_task_mapping.py for tasks to queue
[2026-05-31T11:49:26.449+0000] {logging_mixin.py:188} INFO - [2026-05-31T11:49:26.449+0000] {dagbag.py:540} INFO - Filling up the DagBag from /home/airflow/.local/lib/python3.12/site-packages/airflow/example_dags/example_dynamic_task_mapping.py
[2026-05-31T11:49:26.455+0000] {processor.py:840} INFO - DAG(s) 'example_dynamic_task_mapping' retrieved from /home/airflow/.local/lib/python3.12/site-packages/airflow/example_dags/example_dynamic_task_mapping.py
[2026-05-31T11:49:26.470+0000] {logging_mixin.py:188} INFO - [2026-05-31T11:49:26.470+0000] {dag.py:3096} INFO - Sync 1 DAGs
[2026-05-31T11:49:26.488+0000] {logging_mixin.py:188} INFO - [2026-05-31T11:49:26.487+0000] {dag.py:3954} INFO - Setting next_dagrun for example_dynamic_task_mapping to 2022-03-04 00:00:00+00:00, run_after=2022-03-05 00:00:00+00:00
[2026-05-31T11:49:26.502+0000] {processor.py:183} INFO - Processing /home/airflow/.local/lib/python3.12/site-packages/airflow/example_dags/example_dynamic_task_mapping.py took 0.061 seconds
[2026-05-31T11:49:57.094+0000] {processor.py:161} INFO - Started process (PID=1439) to work on /home/airflow/.local/lib/python3.12/site-packages/airflow/example_dags/example_dynamic_task_mapping.py
[2026-05-31T11:49:57.095+0000] {processor.py:830} INFO - Processing file /home/airflow/.local/lib/python3.12/site-packages/airflow/example_dags/example_dynamic_task_mapping.py for tasks to queue
[2026-05-31T11:49:57.098+0000] {logging_mixin.py:188} INFO - [2026-05-31T11:49:57.097+0000] {dagbag.py:540} INFO - Filling up the DagBag from /home/airflow/.local/lib/python3.12/site-packages/airflow/example_dags/example_dynamic_task_mapping.py
[2026-05-31T11:49:57.104+0000] {processor.py:840} INFO - DAG(s) 'example_dynamic_task_mapping' retrieved from /home/airflow/.local/lib/python3.12/site-packages/airflow/example_dags/example_dynamic_task_mapping.py
[2026-05-31T11:49:57.119+0000] {logging_mixin.py:188} INFO - [2026-05-31T11:49:57.119+0000] {dag.py:3096} INFO - Sync 1 DAGs
[2026-05-31T11:49:57.135+0000] {logging_mixin.py:188} INFO - [2026-05-31T11:49:57.135+0000] {dag.py:3954} INFO - Setting next_dagrun for example_dynamic_task_mapping to 2022-03-04 00:00:00+00:00, run_after=2022-03-05 00:00:00+00:00
[2026-05-31T11:49:57.152+0000] {processor.py:183} INFO - Processing /home/airflow/.local/lib/python3.12/site-packages/airflow/example_dags/example_dynamic_task_mapping.py took 0.063 seconds
[2026-05-31T11:50:28.086+0000] {processor.py:161} INFO - Started process (PID=1497) to work on /home/airflow/.local/lib/python3.12/site-packages/airflow/example_dags/example_dynamic_task_mapping.py
[2026-05-31T11:50:28.087+0000] {processor.py:830} INFO - Processing file /home/airflow/.local/lib/python3.12/site-packages/airflow/example_dags/example_dynamic_task_mapping.py for tasks to queue
[2026-05-31T11:50:28.090+0000] {logging_mixin.py:188} INFO - [2026-05-31T11:50:28.089+0000] {dagbag.py:540} INFO - Filling up the DagBag from /home/airflow/.local/lib/python3.12/site-packages/airflow/example_dags/example_dynamic_task_mapping.py
[2026-05-31T11:50:28.096+0000] {processor.py:840} INFO - DAG(s) 'example_dynamic_task_mapping' retrieved from /home/airflow/.local/lib/python3.12/site-packages/airflow/example_dags/example_dynamic_task_mapping.py
[2026-05-31T11:50:28.114+0000] {logging_mixin.py:188} INFO - [2026-05-31T11:50:28.114+0000] {dag.py:3096} INFO - Sync 1 DAGs
[2026-05-31T11:50:28.132+0000] {logging_mixin.py:188} INFO - [2026-05-31T11:50:28.132+0000] {dag.py:3954} INFO - Setting next_dagrun for example_dynamic_task_mapping to 2022-03-04 00:00:00+00:00, run_after=2022-03-05 00:00:00+00:00
[2026-05-31T11:50:28.148+0000] {processor.py:183} INFO - Processing /home/airflow/.local/lib/python3.12/site-packages/airflow/example_dags/example_dynamic_task_mapping.py took 0.067 seconds
[2026-05-31T11:50:58.489+0000] {processor.py:161} INFO - Started process (PID=1555) to work on /home/airflow/.local/lib/python3.12/site-packages/airflow/example_dags/example_dynamic_task_mapping.py
[2026-05-31T11:50:58.491+0000] {processor.py:830} INFO - Processing file /home/airflow/.local/lib/python3.12/site-packages/airflow/example_dags/example_dynamic_task_mapping.py for tasks to queue
[2026-05-31T11:50:58.493+0000] {logging_mixin.py:188} INFO - [2026-05-31T11:50:58.493+0000] {dagbag.py:540} INFO - Filling up the DagBag from /home/airflow/.local/lib/python3.12/site-packages/airflow/example_dags/example_dynamic_task_mapping.py
[2026-05-31T11:50:58.500+0000] {processor.py:840} INFO - DAG(s) 'example_dynamic_task_mapping' retrieved from /home/airflow/.local/lib/python3.12/site-packages/airflow/example_dags/example_dynamic_task_mapping.py
[2026-05-31T11:50:58.522+0000] {logging_mixin.py:188} INFO - [2026-05-31T11:50:58.521+0000] {dag.py:3096} INFO - Sync 1 DAGs
[2026-05-31T11:50:58.545+0000] {logging_mixin.py:188} INFO - [2026-05-31T11:50:58.545+0000] {dag.py:3954} INFO - Setting next_dagrun for example_dynamic_task_mapping to 2022-03-04 00:00:00+00:00, run_after=2022-03-05 00:00:00+00:00
[2026-05-31T11:50:58.569+0000] {processor.py:183} INFO - Processing /home/airflow/.local/lib/python3.12/site-packages/airflow/example_dags/example_dynamic_task_mapping.py took 0.086 seconds
[2026-05-31T11:51:28.699+0000] {processor.py:161} INFO - Started process (PID=1635) to work on /home/airflow/.local/lib/python3.12/site-packages/airflow/example_dags/example_dynamic_task_mapping.py
[2026-05-31T11:51:28.700+0000] {processor.py:830} INFO - Processing file /home/airflow/.local/lib/python3.12/site-packages/airflow/example_dags/example_dynamic_task_mapping.py for tasks to queue
[2026-05-31T11:51:28.702+0000] {logging_mixin.py:188} INFO - [2026-05-31T11:51:28.702+0000] {dagbag.py:540} INFO - Filling up the DagBag from /home/airflow/.local/lib/python3.12/site-packages/airflow/example_dags/example_dynamic_task_mapping.py
[2026-05-31T11:51:28.708+0000] {processor.py:840} INFO - DAG(s) 'example_dynamic_task_mapping' retrieved from /home/airflow/.local/lib/python3.12/site-packages/airflow/example_dags/example_dynamic_task_mapping.py
[2026-05-31T11:51:28.725+0000] {logging_mixin.py:188} INFO - [2026-05-31T11:51:28.725+0000] {dag.py:3096} INFO - Sync 1 DAGs
[2026-05-31T11:51:28.744+0000] {logging_mixin.py:188} INFO - [2026-05-31T11:51:28.744+0000] {dag.py:3954} INFO - Setting next_dagrun for example_dynamic_task_mapping to 2022-03-04 00:00:00+00:00, run_after=2022-03-05 00:00:00+00:00
[2026-05-31T11:51:28.762+0000] {processor.py:183} INFO - Processing /home/airflow/.local/lib/python3.12/site-packages/airflow/example_dags/example_dynamic_task_mapping.py took 0.069 seconds
[2026-05-31T11:51:58.919+0000] {processor.py:161} INFO - Started process (PID=1693) to work on /home/airflow/.local/lib/python3.12/site-packages/airflow/example_dags/example_dynamic_task_mapping.py
[2026-05-31T11:51:58.920+0000] {processor.py:830} INFO - Processing file /home/airflow/.local/lib/python3.12/site-packages/airflow/example_dags/example_dynamic_task_mapping.py for tasks to queue
[2026-05-31T11:51:58.922+0000] {logging_mixin.py:188} INFO - [2026-05-31T11:51:58.922+0000] {dagbag.py:540} INFO - Filling up the DagBag from /home/airflow/.local/lib/python3.12/site-packages/airflow/example_dags/example_dynamic_task_mapping.py
[2026-05-31T11:51:58.928+0000] {processor.py:840} INFO - DAG(s) 'example_dynamic_task_mapping' retrieved from /home/airflow/.local/lib/python3.12/site-packages/airflow/example_dags/example_dynamic_task_mapping.py
[2026-05-31T11:51:58.946+0000] {logging_mixin.py:188} INFO - [2026-05-31T11:51:58.946+0000] {dag.py:3096} INFO - Sync 1 DAGs
[2026-05-31T11:51:58.966+0000] {logging_mixin.py:188} INFO - [2026-05-31T11:51:58.966+0000] {dag.py:3954} INFO - Setting next_dagrun for example_dynamic_task_mapping to 2022-03-04 00:00:00+00:00, run_after=2022-03-05 00:00:00+00:00
[2026-05-31T11:51:58.982+0000] {processor.py:183} INFO - Processing /home/airflow/.local/lib/python3.12/site-packages/airflow/example_dags/example_dynamic_task_mapping.py took 0.070 seconds
[2026-05-31T11:52:29.110+0000] {processor.py:161} INFO - Started process (PID=1779) to work on /home/airflow/.local/lib/python3.12/site-packages/airflow/example_dags/example_dynamic_task_mapping.py
[2026-05-31T11:52:29.111+0000] {processor.py:830} INFO - Processing file /home/airflow/.local/lib/python3.12/site-packages/airflow/example_dags/example_dynamic_task_mapping.py for tasks to queue
[2026-05-31T11:52:29.113+0000] {logging_mixin.py:188} INFO - [2026-05-31T11:52:29.113+0000] {dagbag.py:540} INFO - Filling up the DagBag from /home/airflow/.local/lib/python3.12/site-packages/airflow/example_dags/example_dynamic_task_mapping.py
[2026-05-31T11:52:29.119+0000] {processor.py:840} INFO - DAG(s) 'example_dynamic_task_mapping' retrieved from /home/airflow/.local/lib/python3.12/site-packages/airflow/example_dags/example_dynamic_task_mapping.py
[2026-05-31T11:52:29.136+0000] {logging_mixin.py:188} INFO - [2026-05-31T11:52:29.136+0000] {dag.py:3096} INFO - Sync 1 DAGs
[2026-05-31T11:52:29.156+0000] {logging_mixin.py:188} INFO - [2026-05-31T11:52:29.155+0000] {dag.py:3954} INFO - Setting next_dagrun for example_dynamic_task_mapping to 2022-03-04 00:00:00+00:00, run_after=2022-03-05 00:00:00+00:00
[2026-05-31T11:52:29.172+0000] {processor.py:183} INFO - Processing /home/airflow/.local/lib/python3.12/site-packages/airflow/example_dags/example_dynamic_task_mapping.py took 0.067 seconds
[2026-05-31T11:53:00.116+0000] {processor.py:161} INFO - Started process (PID=1837) to work on /home/airflow/.local/lib/python3.12/site-packages/airflow/example_dags/example_dynamic_task_mapping.py
[2026-05-31T11:53:00.118+0000] {processor.py:830} INFO - Processing file /home/airflow/.local/lib/python3.12/site-packages/airflow/example_dags/example_dynamic_task_mapping.py for tasks to queue
[2026-05-31T11:53:00.120+0000] {logging_mixin.py:188} INFO - [2026-05-31T11:53:00.120+0000] {dagbag.py:540} INFO - Filling up the DagBag from /home/airflow/.local/lib/python3.12/site-packages/airflow/example_dags/example_dynamic_task_mapping.py
[2026-05-31T11:53:00.127+0000] {processor.py:840} INFO - DAG(s) 'example_dynamic_task_mapping' retrieved from /home/airflow/.local/lib/python3.12/site-packages/airflow/example_dags/example_dynamic_task_mapping.py
[2026-05-31T11:53:00.146+0000] {logging_mixin.py:188} INFO - [2026-05-31T11:53:00.146+0000] {dag.py:3096} INFO - Sync 1 DAGs
[2026-05-31T11:53:00.165+0000] {logging_mixin.py:188} INFO - [2026-05-31T11:53:00.165+0000] {dag.py:3954} INFO - Setting next_dagrun for example_dynamic_task_mapping to 2022-03-04 00:00:00+00:00, run_after=2022-03-05 00:00:00+00:00
[2026-05-31T11:53:00.180+0000] {processor.py:183} INFO - Processing /home/airflow/.local/lib/python3.12/site-packages/airflow/example_dags/example_dynamic_task_mapping.py took 0.070 seconds
[2026-05-31T11:53:30.833+0000] {processor.py:161} INFO - Started process (PID=1896) to work on /home/airflow/.local/lib/python3.12/site-packages/airflow/example_dags/example_dynamic_task_mapping.py
[2026-05-31T11:53:30.834+0000] {processor.py:830} INFO - Processing file /home/airflow/.local/lib/python3.12/site-packages/airflow/example_dags/example_dynamic_task_mapping.py for tasks to queue
[2026-05-31T11:53:30.836+0000] {logging_mixin.py:188} INFO - [2026-05-31T11:53:30.836+0000] {dagbag.py:540} INFO - Filling up the DagBag from /home/airflow/.local/lib/python3.12/site-packages/airflow/example_dags/example_dynamic_task_mapping.py
[2026-05-31T11:53:30.841+0000] {processor.py:840} INFO - DAG(s) 'example_dynamic_task_mapping' retrieved from /home/airflow/.local/lib/python3.12/site-packages/airflow/example_dags/example_dynamic_task_mapping.py
[2026-05-31T11:53:30.857+0000] {logging_mixin.py:188} INFO - [2026-05-31T11:53:30.857+0000] {dag.py:3096} INFO - Sync 1 DAGs
[2026-05-31T11:53:30.875+0000] {logging_mixin.py:188} INFO - [2026-05-31T11:53:30.875+0000] {dag.py:3954} INFO - Setting next_dagrun for example_dynamic_task_mapping to 2022-03-04 00:00:00+00:00, run_after=2022-03-05 00:00:00+00:00
[2026-05-31T11:53:30.894+0000] {processor.py:183} INFO - Processing /home/airflow/.local/lib/python3.12/site-packages/airflow/example_dags/example_dynamic_task_mapping.py took 0.066 seconds
[2026-05-31T13:14:54.616+0000] {processor.py:161} INFO - Started process (PID=125) to work on /home/airflow/.local/lib/python3.12/site-packages/airflow/example_dags/example_dynamic_task_mapping.py
[2026-05-31T13:14:54.628+0000] {processor.py:830} INFO - Processing file /home/airflow/.local/lib/python3.12/site-packages/airflow/example_dags/example_dynamic_task_mapping.py for tasks to queue
[2026-05-31T13:14:54.630+0000] {logging_mixin.py:188} INFO - [2026-05-31T13:14:54.630+0000] {dagbag.py:540} INFO - Filling up the DagBag from /home/airflow/.local/lib/python3.12/site-packages/airflow/example_dags/example_dynamic_task_mapping.py
[2026-05-31T13:14:54.637+0000] {processor.py:840} INFO - DAG(s) 'example_dynamic_task_mapping' retrieved from /home/airflow/.local/lib/python3.12/site-packages/airflow/example_dags/example_dynamic_task_mapping.py
[2026-05-31T13:14:54.649+0000] {logging_mixin.py:188} INFO - [2026-05-31T13:14:54.648+0000] {dag.py:3096} INFO - Sync 1 DAGs
[2026-05-31T13:14:54.669+0000] {logging_mixin.py:188} INFO - [2026-05-31T13:14:54.669+0000] {dag.py:3954} INFO - Setting next_dagrun for example_dynamic_task_mapping to 2022-03-04 00:00:00+00:00, run_after=2022-03-05 00:00:00+00:00
[2026-05-31T13:14:54.783+0000] {processor.py:183} INFO - Processing /home/airflow/.local/lib/python3.12/site-packages/airflow/example_dags/example_dynamic_task_mapping.py took 0.173 seconds
[2026-05-31T13:15:26.195+0000] {processor.py:161} INFO - Started process (PID=190) to work on /home/airflow/.local/lib/python3.12/site-packages/airflow/example_dags/example_dynamic_task_mapping.py
[2026-05-31T13:15:26.196+0000] {processor.py:830} INFO - Processing file /home/airflow/.local/lib/python3.12/site-packages/airflow/example_dags/example_dynamic_task_mapping.py for tasks to queue
[2026-05-31T13:15:26.198+0000] {logging_mixin.py:188} INFO - [2026-05-31T13:15:26.198+0000] {dagbag.py:540} INFO - Filling up the DagBag from /home/airflow/.local/lib/python3.12/site-packages/airflow/example_dags/example_dynamic_task_mapping.py
[2026-05-31T13:15:26.203+0000] {processor.py:840} INFO - DAG(s) 'example_dynamic_task_mapping' retrieved from /home/airflow/.local/lib/python3.12/site-packages/airflow/example_dags/example_dynamic_task_mapping.py
[2026-05-31T13:15:26.307+0000] {logging_mixin.py:188} INFO - [2026-05-31T13:15:26.307+0000] {dag.py:3096} INFO - Sync 1 DAGs
[2026-05-31T13:15:26.343+0000] {logging_mixin.py:188} INFO - [2026-05-31T13:15:26.343+0000] {dag.py:3954} INFO - Setting next_dagrun for example_dynamic_task_mapping to 2022-03-04 00:00:00+00:00, run_after=2022-03-05 00:00:00+00:00
[2026-05-31T13:15:26.371+0000] {processor.py:183} INFO - Processing /home/airflow/.local/lib/python3.12/site-packages/airflow/example_dags/example_dynamic_task_mapping.py took 0.181 seconds
[2026-05-31T13:15:56.535+0000] {processor.py:161} INFO - Started process (PID=271) to work on /home/airflow/.local/lib/python3.12/site-packages/airflow/example_dags/example_dynamic_task_mapping.py
[2026-05-31T13:15:56.536+0000] {processor.py:830} INFO - Processing file /home/airflow/.local/lib/python3.12/site-packages/airflow/example_dags/example_dynamic_task_mapping.py for tasks to queue
[2026-05-31T13:15:56.539+0000] {logging_mixin.py:188} INFO - [2026-05-31T13:15:56.538+0000] {dagbag.py:540} INFO - Filling up the DagBag from /home/airflow/.local/lib/python3.12/site-packages/airflow/example_dags/example_dynamic_task_mapping.py
[2026-05-31T13:15:56.546+0000] {processor.py:840} INFO - DAG(s) 'example_dynamic_task_mapping' retrieved from /home/airflow/.local/lib/python3.12/site-packages/airflow/example_dags/example_dynamic_task_mapping.py
[2026-05-31T13:15:56.562+0000] {logging_mixin.py:188} INFO - [2026-05-31T13:15:56.562+0000] {dag.py:3096} INFO - Sync 1 DAGs
[2026-05-31T13:15:56.584+0000] {logging_mixin.py:188} INFO - [2026-05-31T13:15:56.583+0000] {dag.py:3954} INFO - Setting next_dagrun for example_dynamic_task_mapping to 2022-03-04 00:00:00+00:00, run_after=2022-03-05 00:00:00+00:00
[2026-05-31T13:15:56.607+0000] {processor.py:183} INFO - Processing /home/airflow/.local/lib/python3.12/site-packages/airflow/example_dags/example_dynamic_task_mapping.py took 0.077 seconds
[2026-05-31T13:16:26.970+0000] {processor.py:161} INFO - Started process (PID=330) to work on /home/airflow/.local/lib/python3.12/site-packages/airflow/example_dags/example_dynamic_task_mapping.py
[2026-05-31T13:16:26.971+0000] {processor.py:830} INFO - Processing file /home/airflow/.local/lib/python3.12/site-packages/airflow/example_dags/example_dynamic_task_mapping.py for tasks to queue
[2026-05-31T13:16:26.973+0000] {logging_mixin.py:188} INFO - [2026-05-31T13:16:26.972+0000] {dagbag.py:540} INFO - Filling up the DagBag from /home/airflow/.local/lib/python3.12/site-packages/airflow/example_dags/example_dynamic_task_mapping.py
[2026-05-31T13:16:26.978+0000] {processor.py:840} INFO - DAG(s) 'example_dynamic_task_mapping' retrieved from /home/airflow/.local/lib/python3.12/site-packages/airflow/example_dags/example_dynamic_task_mapping.py
[2026-05-31T13:16:26.993+0000] {logging_mixin.py:188} INFO - [2026-05-31T13:16:26.992+0000] {dag.py:3096} INFO - Sync 1 DAGs
[2026-05-31T13:16:27.011+0000] {logging_mixin.py:188} INFO - [2026-05-31T13:16:27.010+0000] {dag.py:3954} INFO - Setting next_dagrun for example_dynamic_task_mapping to 2022-03-04 00:00:00+00:00, run_after=2022-03-05 00:00:00+00:00
[2026-05-31T13:16:27.036+0000] {processor.py:183} INFO - Processing /home/airflow/.local/lib/python3.12/site-packages/airflow/example_dags/example_dynamic_task_mapping.py took 0.071 seconds
[2026-05-31T13:16:57.360+0000] {processor.py:161} INFO - Started process (PID=389) to work on /home/airflow/.local/lib/python3.12/site-packages/airflow/example_dags/example_dynamic_task_mapping.py
[2026-05-31T13:16:57.361+0000] {processor.py:830} INFO - Processing file /home/airflow/.local/lib/python3.12/site-packages/airflow/example_dags/example_dynamic_task_mapping.py for tasks to queue
[2026-05-31T13:16:57.363+0000] {logging_mixin.py:188} INFO - [2026-05-31T13:16:57.363+0000] {dagbag.py:540} INFO - Filling up the DagBag from /home/airflow/.local/lib/python3.12/site-packages/airflow/example_dags/example_dynamic_task_mapping.py
[2026-05-31T13:16:57.368+0000] {processor.py:840} INFO - DAG(s) 'example_dynamic_task_mapping' retrieved from /home/airflow/.local/lib/python3.12/site-packages/airflow/example_dags/example_dynamic_task_mapping.py
[2026-05-31T13:16:57.383+0000] {logging_mixin.py:188} INFO - [2026-05-31T13:16:57.383+0000] {dag.py:3096} INFO - Sync 1 DAGs
[2026-05-31T13:16:57.405+0000] {logging_mixin.py:188} INFO - [2026-05-31T13:16:57.405+0000] {dag.py:3954} INFO - Setting next_dagrun for example_dynamic_task_mapping to 2022-03-04 00:00:00+00:00, run_after=2022-03-05 00:00:00+00:00
[2026-05-31T13:16:57.428+0000] {processor.py:183} INFO - Processing /home/airflow/.local/lib/python3.12/site-packages/airflow/example_dags/example_dynamic_task_mapping.py took 0.073 seconds
[2026-05-31T13:17:27.648+0000] {processor.py:161} INFO - Started process (PID=470) to work on /home/airflow/.local/lib/python3.12/site-packages/airflow/example_dags/example_dynamic_task_mapping.py
[2026-05-31T13:17:27.649+0000] {processor.py:830} INFO - Processing file /home/airflow/.local/lib/python3.12/site-packages/airflow/example_dags/example_dynamic_task_mapping.py for tasks to queue
[2026-05-31T13:17:27.651+0000] {logging_mixin.py:188} INFO - [2026-05-31T13:17:27.650+0000] {dagbag.py:540} INFO - Filling up the DagBag from /home/airflow/.local/lib/python3.12/site-packages/airflow/example_dags/example_dynamic_task_mapping.py
[2026-05-31T13:17:27.657+0000] {processor.py:840} INFO - DAG(s) 'example_dynamic_task_mapping' retrieved from /home/airflow/.local/lib/python3.12/site-packages/airflow/example_dags/example_dynamic_task_mapping.py
[2026-05-31T13:17:27.682+0000] {logging_mixin.py:188} INFO - [2026-05-31T13:17:27.682+0000] {dag.py:3096} INFO - Sync 1 DAGs
[2026-05-31T13:17:27.704+0000] {logging_mixin.py:188} INFO - [2026-05-31T13:17:27.704+0000] {dag.py:3954} INFO - Setting next_dagrun for example_dynamic_task_mapping to 2022-03-04 00:00:00+00:00, run_after=2022-03-05 00:00:00+00:00
[2026-05-31T13:17:27.744+0000] {processor.py:183} INFO - Processing /home/airflow/.local/lib/python3.12/site-packages/airflow/example_dags/example_dynamic_task_mapping.py took 0.102 seconds
[2026-05-31T13:17:58.022+0000] {processor.py:161} INFO - Started process (PID=529) to work on /home/airflow/.local/lib/python3.12/site-packages/airflow/example_dags/example_dynamic_task_mapping.py
[2026-05-31T13:17:58.023+0000] {processor.py:830} INFO - Processing file /home/airflow/.local/lib/python3.12/site-packages/airflow/example_dags/example_dynamic_task_mapping.py for tasks to queue
[2026-05-31T13:17:58.025+0000] {logging_mixin.py:188} INFO - [2026-05-31T13:17:58.025+0000] {dagbag.py:540} INFO - Filling up the DagBag from /home/airflow/.local/lib/python3.12/site-packages/airflow/example_dags/example_dynamic_task_mapping.py
[2026-05-31T13:17:58.033+0000] {processor.py:840} INFO - DAG(s) 'example_dynamic_task_mapping' retrieved from /home/airflow/.local/lib/python3.12/site-packages/airflow/example_dags/example_dynamic_task_mapping.py
[2026-05-31T13:17:58.064+0000] {logging_mixin.py:188} INFO - [2026-05-31T13:17:58.064+0000] {dag.py:3096} INFO - Sync 1 DAGs
[2026-05-31T13:17:58.088+0000] {logging_mixin.py:188} INFO - [2026-05-31T13:17:58.088+0000] {dag.py:3954} INFO - Setting next_dagrun for example_dynamic_task_mapping to 2022-03-04 00:00:00+00:00, run_after=2022-03-05 00:00:00+00:00
[2026-05-31T13:17:58.110+0000] {processor.py:183} INFO - Processing /home/airflow/.local/lib/python3.12/site-packages/airflow/example_dags/example_dynamic_task_mapping.py took 0.095 seconds
[2026-05-31T13:18:29.090+0000] {processor.py:161} INFO - Started process (PID=588) to work on /home/airflow/.local/lib/python3.12/site-packages/airflow/example_dags/example_dynamic_task_mapping.py
[2026-05-31T13:18:29.091+0000] {processor.py:830} INFO - Processing file /home/airflow/.local/lib/python3.12/site-packages/airflow/example_dags/example_dynamic_task_mapping.py for tasks to queue
[2026-05-31T13:18:29.093+0000] {logging_mixin.py:188} INFO - [2026-05-31T13:18:29.092+0000] {dagbag.py:540} INFO - Filling up the DagBag from /home/airflow/.local/lib/python3.12/site-packages/airflow/example_dags/example_dynamic_task_mapping.py
[2026-05-31T13:18:29.098+0000] {processor.py:840} INFO - DAG(s) 'example_dynamic_task_mapping' retrieved from /home/airflow/.local/lib/python3.12/site-packages/airflow/example_dags/example_dynamic_task_mapping.py
[2026-05-31T13:18:29.126+0000] {logging_mixin.py:188} INFO - [2026-05-31T13:18:29.126+0000] {dag.py:3096} INFO - Sync 1 DAGs
[2026-05-31T13:18:29.145+0000] {logging_mixin.py:188} INFO - [2026-05-31T13:18:29.145+0000] {dag.py:3954} INFO - Setting next_dagrun for example_dynamic_task_mapping to 2022-03-04 00:00:00+00:00, run_after=2022-03-05 00:00:00+00:00
[2026-05-31T13:18:29.163+0000] {processor.py:183} INFO - Processing /home/airflow/.local/lib/python3.12/site-packages/airflow/example_dags/example_dynamic_task_mapping.py took 0.078 seconds
[2026-05-31T13:19:00.148+0000] {processor.py:161} INFO - Started process (PID=647) to work on /home/airflow/.local/lib/python3.12/site-packages/airflow/example_dags/example_dynamic_task_mapping.py
[2026-05-31T13:19:00.149+0000] {processor.py:830} INFO - Processing file /home/airflow/.local/lib/python3.12/site-packages/airflow/example_dags/example_dynamic_task_mapping.py for tasks to queue
[2026-05-31T13:19:00.151+0000] {logging_mixin.py:188} INFO - [2026-05-31T13:19:00.151+0000] {dagbag.py:540} INFO - Filling up the DagBag from /home/airflow/.local/lib/python3.12/site-packages/airflow/example_dags/example_dynamic_task_mapping.py
[2026-05-31T13:19:00.157+0000] {processor.py:840} INFO - DAG(s) 'example_dynamic_task_mapping' retrieved from /home/airflow/.local/lib/python3.12/site-packages/airflow/example_dags/example_dynamic_task_mapping.py
[2026-05-31T13:19:00.174+0000] {logging_mixin.py:188} INFO - [2026-05-31T13:19:00.174+0000] {dag.py:3096} INFO - Sync 1 DAGs
[2026-05-31T13:19:00.196+0000] {logging_mixin.py:188} INFO - [2026-05-31T13:19:00.196+0000] {dag.py:3954} INFO - Setting next_dagrun for example_dynamic_task_mapping to 2022-03-04 00:00:00+00:00, run_after=2022-03-05 00:00:00+00:00
[2026-05-31T13:19:00.220+0000] {processor.py:183} INFO - Processing /home/airflow/.local/lib/python3.12/site-packages/airflow/example_dags/example_dynamic_task_mapping.py took 0.077 seconds
[2026-05-31T13:19:30.408+0000] {processor.py:161} INFO - Started process (PID=706) to work on /home/airflow/.local/lib/python3.12/site-packages/airflow/example_dags/example_dynamic_task_mapping.py
[2026-05-31T13:19:30.410+0000] {processor.py:830} INFO - Processing file /home/airflow/.local/lib/python3.12/site-packages/airflow/example_dags/example_dynamic_task_mapping.py for tasks to queue
[2026-05-31T13:19:30.412+0000] {logging_mixin.py:188} INFO - [2026-05-31T13:19:30.411+0000] {dagbag.py:540} INFO - Filling up the DagBag from /home/airflow/.local/lib/python3.12/site-packages/airflow/example_dags/example_dynamic_task_mapping.py
[2026-05-31T13:19:30.420+0000] {processor.py:840} INFO - DAG(s) 'example_dynamic_task_mapping' retrieved from /home/airflow/.local/lib/python3.12/site-packages/airflow/example_dags/example_dynamic_task_mapping.py
[2026-05-31T13:19:30.438+0000] {logging_mixin.py:188} INFO - [2026-05-31T13:19:30.438+0000] {dag.py:3096} INFO - Sync 1 DAGs
[2026-05-31T13:19:30.457+0000] {logging_mixin.py:188} INFO - [2026-05-31T13:19:30.457+0000] {dag.py:3954} INFO - Setting next_dagrun for example_dynamic_task_mapping to 2022-03-04 00:00:00+00:00, run_after=2022-03-05 00:00:00+00:00
[2026-05-31T13:19:30.475+0000] {processor.py:183} INFO - Processing /home/airflow/.local/lib/python3.12/site-packages/airflow/example_dags/example_dynamic_task_mapping.py took 0.071 seconds
[2026-05-31T13:20:01.138+0000] {processor.py:161} INFO - Started process (PID=765) to work on /home/airflow/.local/lib/python3.12/site-packages/airflow/example_dags/example_dynamic_task_mapping.py
[2026-05-31T13:20:01.139+0000] {processor.py:830} INFO - Processing file /home/airflow/.local/lib/python3.12/site-packages/airflow/example_dags/example_dynamic_task_mapping.py for tasks to queue
[2026-05-31T13:20:01.141+0000] {logging_mixin.py:188} INFO - [2026-05-31T13:20:01.141+0000] {dagbag.py:540} INFO - Filling up the DagBag from /home/airflow/.local/lib/python3.12/site-packages/airflow/example_dags/example_dynamic_task_mapping.py
[2026-05-31T13:20:01.148+0000] {processor.py:840} INFO - DAG(s) 'example_dynamic_task_mapping' retrieved from /home/airflow/.local/lib/python3.12/site-packages/airflow/example_dags/example_dynamic_task_mapping.py
[2026-05-31T13:20:01.177+0000] {logging_mixin.py:188} INFO - [2026-05-31T13:20:01.176+0000] {dag.py:3096} INFO - Sync 1 DAGs
[2026-05-31T13:20:01.199+0000] {logging_mixin.py:188} INFO - [2026-05-31T13:20:01.199+0000] {dag.py:3954} INFO - Setting next_dagrun for example_dynamic_task_mapping to 2022-03-04 00:00:00+00:00, run_after=2022-03-05 00:00:00+00:00
[2026-05-31T13:20:01.217+0000] {processor.py:183} INFO - Processing /home/airflow/.local/lib/python3.12/site-packages/airflow/example_dags/example_dynamic_task_mapping.py took 0.084 seconds
[2026-05-31T13:20:32.098+0000] {processor.py:161} INFO - Started process (PID=824) to work on /home/airflow/.local/lib/python3.12/site-packages/airflow/example_dags/example_dynamic_task_mapping.py
[2026-05-31T13:20:32.100+0000] {processor.py:830} INFO - Processing file /home/airflow/.local/lib/python3.12/site-packages/airflow/example_dags/example_dynamic_task_mapping.py for tasks to queue
[2026-05-31T13:20:32.101+0000] {logging_mixin.py:188} INFO - [2026-05-31T13:20:32.101+0000] {dagbag.py:540} INFO - Filling up the DagBag from /home/airflow/.local/lib/python3.12/site-packages/airflow/example_dags/example_dynamic_task_mapping.py
[2026-05-31T13:20:32.107+0000] {processor.py:840} INFO - DAG(s) 'example_dynamic_task_mapping' retrieved from /home/airflow/.local/lib/python3.12/site-packages/airflow/example_dags/example_dynamic_task_mapping.py
[2026-05-31T13:20:32.123+0000] {logging_mixin.py:188} INFO - [2026-05-31T13:20:32.123+0000] {dag.py:3096} INFO - Sync 1 DAGs
[2026-05-31T13:20:32.140+0000] {logging_mixin.py:188} INFO - [2026-05-31T13:20:32.140+0000] {dag.py:3954} INFO - Setting next_dagrun for example_dynamic_task_mapping to 2022-03-04 00:00:00+00:00, run_after=2022-03-05 00:00:00+00:00
[2026-05-31T13:20:32.156+0000] {processor.py:183} INFO - Processing /home/airflow/.local/lib/python3.12/site-packages/airflow/example_dags/example_dynamic_task_mapping.py took 0.063 seconds
[2026-05-31T13:21:02.761+0000] {processor.py:161} INFO - Started process (PID=883) to work on /home/airflow/.local/lib/python3.12/site-packages/airflow/example_dags/example_dynamic_task_mapping.py
[2026-05-31T13:21:02.763+0000] {processor.py:830} INFO - Processing file /home/airflow/.local/lib/python3.12/site-packages/airflow/example_dags/example_dynamic_task_mapping.py for tasks to queue
[2026-05-31T13:21:02.765+0000] {logging_mixin.py:188} INFO - [2026-05-31T13:21:02.764+0000] {dagbag.py:540} INFO - Filling up the DagBag from /home/airflow/.local/lib/python3.12/site-packages/airflow/example_dags/example_dynamic_task_mapping.py
[2026-05-31T13:21:02.770+0000] {processor.py:840} INFO - DAG(s) 'example_dynamic_task_mapping' retrieved from /home/airflow/.local/lib/python3.12/site-packages/airflow/example_dags/example_dynamic_task_mapping.py
[2026-05-31T13:21:02.786+0000] {logging_mixin.py:188} INFO - [2026-05-31T13:21:02.786+0000] {dag.py:3096} INFO - Sync 1 DAGs
[2026-05-31T13:21:02.801+0000] {logging_mixin.py:188} INFO - [2026-05-31T13:21:02.801+0000] {dag.py:3954} INFO - Setting next_dagrun for example_dynamic_task_mapping to 2022-03-04 00:00:00+00:00, run_after=2022-03-05 00:00:00+00:00
[2026-05-31T13:21:02.816+0000] {processor.py:183} INFO - Processing /home/airflow/.local/lib/python3.12/site-packages/airflow/example_dags/example_dynamic_task_mapping.py took 0.059 seconds
[2026-05-31T13:21:33.198+0000] {processor.py:161} INFO - Started process (PID=942) to work on /home/airflow/.local/lib/python3.12/site-packages/airflow/example_dags/example_dynamic_task_mapping.py
[2026-05-31T13:21:33.199+0000] {processor.py:830} INFO - Processing file /home/airflow/.local/lib/python3.12/site-packages/airflow/example_dags/example_dynamic_task_mapping.py for tasks to queue
[2026-05-31T13:21:33.201+0000] {logging_mixin.py:188} INFO - [2026-05-31T13:21:33.201+0000] {dagbag.py:540} INFO - Filling up the DagBag from /home/airflow/.local/lib/python3.12/site-packages/airflow/example_dags/example_dynamic_task_mapping.py
[2026-05-31T13:21:33.206+0000] {processor.py:840} INFO - DAG(s) 'example_dynamic_task_mapping' retrieved from /home/airflow/.local/lib/python3.12/site-packages/airflow/example_dags/example_dynamic_task_mapping.py
[2026-05-31T13:21:33.221+0000] {logging_mixin.py:188} INFO - [2026-05-31T13:21:33.221+0000] {dag.py:3096} INFO - Sync 1 DAGs
[2026-05-31T13:21:33.238+0000] {logging_mixin.py:188} INFO - [2026-05-31T13:21:33.238+0000] {dag.py:3954} INFO - Setting next_dagrun for example_dynamic_task_mapping to 2022-03-04 00:00:00+00:00, run_after=2022-03-05 00:00:00+00:00
[2026-05-31T13:21:33.251+0000] {processor.py:183} INFO - Processing /home/airflow/.local/lib/python3.12/site-packages/airflow/example_dags/example_dynamic_task_mapping.py took 0.058 seconds
[2026-05-31T13:22:03.986+0000] {processor.py:161} INFO - Started process (PID=1005) to work on /home/airflow/.local/lib/python3.12/site-packages/airflow/example_dags/example_dynamic_task_mapping.py
[2026-05-31T13:22:03.988+0000] {processor.py:830} INFO - Processing file /home/airflow/.local/lib/python3.12/site-packages/airflow/example_dags/example_dynamic_task_mapping.py for tasks to queue
[2026-05-31T13:22:03.990+0000] {logging_mixin.py:188} INFO - [2026-05-31T13:22:03.989+0000] {dagbag.py:540} INFO - Filling up the DagBag from /home/airflow/.local/lib/python3.12/site-packages/airflow/example_dags/example_dynamic_task_mapping.py
[2026-05-31T13:22:03.995+0000] {processor.py:840} INFO - DAG(s) 'example_dynamic_task_mapping' retrieved from /home/airflow/.local/lib/python3.12/site-packages/airflow/example_dags/example_dynamic_task_mapping.py
[2026-05-31T13:22:04.012+0000] {logging_mixin.py:188} INFO - [2026-05-31T13:22:04.012+0000] {dag.py:3096} INFO - Sync 1 DAGs
[2026-05-31T13:22:04.160+0000] {logging_mixin.py:188} INFO - [2026-05-31T13:22:04.160+0000] {dag.py:3954} INFO - Setting next_dagrun for example_dynamic_task_mapping to 2022-03-04 00:00:00+00:00, run_after=2022-03-05 00:00:00+00:00
[2026-05-31T13:22:04.177+0000] {processor.py:183} INFO - Processing /home/airflow/.local/lib/python3.12/site-packages/airflow/example_dags/example_dynamic_task_mapping.py took 0.196 seconds
[2026-05-31T13:22:34.286+0000] {processor.py:161} INFO - Started process (PID=1064) to work on /home/airflow/.local/lib/python3.12/site-packages/airflow/example_dags/example_dynamic_task_mapping.py
[2026-05-31T13:22:34.287+0000] {processor.py:830} INFO - Processing file /home/airflow/.local/lib/python3.12/site-packages/airflow/example_dags/example_dynamic_task_mapping.py for tasks to queue
[2026-05-31T13:22:34.290+0000] {logging_mixin.py:188} INFO - [2026-05-31T13:22:34.289+0000] {dagbag.py:540} INFO - Filling up the DagBag from /home/airflow/.local/lib/python3.12/site-packages/airflow/example_dags/example_dynamic_task_mapping.py
[2026-05-31T13:22:34.297+0000] {processor.py:840} INFO - DAG(s) 'example_dynamic_task_mapping' retrieved from /home/airflow/.local/lib/python3.12/site-packages/airflow/example_dags/example_dynamic_task_mapping.py
[2026-05-31T13:22:34.324+0000] {logging_mixin.py:188} INFO - [2026-05-31T13:22:34.323+0000] {dag.py:3096} INFO - Sync 1 DAGs
[2026-05-31T13:22:34.352+0000] {logging_mixin.py:188} INFO - [2026-05-31T13:22:34.352+0000] {dag.py:3954} INFO - Setting next_dagrun for example_dynamic_task_mapping to 2022-03-04 00:00:00+00:00, run_after=2022-03-05 00:00:00+00:00
[2026-05-31T13:22:34.569+0000] {processor.py:183} INFO - Processing /home/airflow/.local/lib/python3.12/site-packages/airflow/example_dags/example_dynamic_task_mapping.py took 0.287 seconds
[2026-05-31T13:23:04.975+0000] {processor.py:161} INFO - Started process (PID=1123) to work on /home/airflow/.local/lib/python3.12/site-packages/airflow/example_dags/example_dynamic_task_mapping.py
[2026-05-31T13:23:04.976+0000] {processor.py:830} INFO - Processing file /home/airflow/.local/lib/python3.12/site-packages/airflow/example_dags/example_dynamic_task_mapping.py for tasks to queue
[2026-05-31T13:23:04.978+0000] {logging_mixin.py:188} INFO - [2026-05-31T13:23:04.978+0000] {dagbag.py:540} INFO - Filling up the DagBag from /home/airflow/.local/lib/python3.12/site-packages/airflow/example_dags/example_dynamic_task_mapping.py
[2026-05-31T13:23:04.984+0000] {processor.py:840} INFO - DAG(s) 'example_dynamic_task_mapping' retrieved from /home/airflow/.local/lib/python3.12/site-packages/airflow/example_dags/example_dynamic_task_mapping.py
[2026-05-31T13:23:05.001+0000] {logging_mixin.py:188} INFO - [2026-05-31T13:23:05.001+0000] {dag.py:3096} INFO - Sync 1 DAGs
[2026-05-31T13:23:05.023+0000] {logging_mixin.py:188} INFO - [2026-05-31T13:23:05.023+0000] {dag.py:3954} INFO - Setting next_dagrun for example_dynamic_task_mapping to 2022-03-04 00:00:00+00:00, run_after=2022-03-05 00:00:00+00:00
[2026-05-31T13:23:05.048+0000] {processor.py:183} INFO - Processing /home/airflow/.local/lib/python3.12/site-packages/airflow/example_dags/example_dynamic_task_mapping.py took 0.079 seconds
[2026-05-31T13:23:35.133+0000] {processor.py:161} INFO - Started process (PID=1182) to work on /home/airflow/.local/lib/python3.12/site-packages/airflow/example_dags/example_dynamic_task_mapping.py
[2026-05-31T13:23:35.134+0000] {processor.py:830} INFO - Processing file /home/airflow/.local/lib/python3.12/site-packages/airflow/example_dags/example_dynamic_task_mapping.py for tasks to queue
[2026-05-31T13:23:35.136+0000] {logging_mixin.py:188} INFO - [2026-05-31T13:23:35.135+0000] {dagbag.py:540} INFO - Filling up the DagBag from /home/airflow/.local/lib/python3.12/site-packages/airflow/example_dags/example_dynamic_task_mapping.py
[2026-05-31T13:23:35.144+0000] {processor.py:840} INFO - DAG(s) 'example_dynamic_task_mapping' retrieved from /home/airflow/.local/lib/python3.12/site-packages/airflow/example_dags/example_dynamic_task_mapping.py
[2026-05-31T13:23:35.166+0000] {logging_mixin.py:188} INFO - [2026-05-31T13:23:35.166+0000] {dag.py:3096} INFO - Sync 1 DAGs
[2026-05-31T13:23:35.190+0000] {logging_mixin.py:188} INFO - [2026-05-31T13:23:35.189+0000] {dag.py:3954} INFO - Setting next_dagrun for example_dynamic_task_mapping to 2022-03-04 00:00:00+00:00, run_after=2022-03-05 00:00:00+00:00
[2026-05-31T13:23:35.215+0000] {processor.py:183} INFO - Processing /home/airflow/.local/lib/python3.12/site-packages/airflow/example_dags/example_dynamic_task_mapping.py took 0.089 seconds
[2026-05-31T13:24:05.753+0000] {processor.py:161} INFO - Started process (PID=1241) to work on /home/airflow/.local/lib/python3.12/site-packages/airflow/example_dags/example_dynamic_task_mapping.py
[2026-05-31T13:24:05.754+0000] {processor.py:830} INFO - Processing file /home/airflow/.local/lib/python3.12/site-packages/airflow/example_dags/example_dynamic_task_mapping.py for tasks to queue
[2026-05-31T13:24:05.756+0000] {logging_mixin.py:188} INFO - [2026-05-31T13:24:05.756+0000] {dagbag.py:540} INFO - Filling up the DagBag from /home/airflow/.local/lib/python3.12/site-packages/airflow/example_dags/example_dynamic_task_mapping.py
[2026-05-31T13:24:05.763+0000] {processor.py:840} INFO - DAG(s) 'example_dynamic_task_mapping' retrieved from /home/airflow/.local/lib/python3.12/site-packages/airflow/example_dags/example_dynamic_task_mapping.py
[2026-05-31T13:24:05.780+0000] {logging_mixin.py:188} INFO - [2026-05-31T13:24:05.780+0000] {dag.py:3096} INFO - Sync 1 DAGs
[2026-05-31T13:24:05.800+0000] {logging_mixin.py:188} INFO - [2026-05-31T13:24:05.799+0000] {dag.py:3954} INFO - Setting next_dagrun for example_dynamic_task_mapping to 2022-03-04 00:00:00+00:00, run_after=2022-03-05 00:00:00+00:00
[2026-05-31T13:24:05.826+0000] {processor.py:183} INFO - Processing /home/airflow/.local/lib/python3.12/site-packages/airflow/example_dags/example_dynamic_task_mapping.py took 0.079 seconds
[2026-05-31T13:24:36.505+0000] {processor.py:161} INFO - Started process (PID=1300) to work on /home/airflow/.local/lib/python3.12/site-packages/airflow/example_dags/example_dynamic_task_mapping.py
[2026-05-31T13:24:36.507+0000] {processor.py:830} INFO - Processing file /home/airflow/.local/lib/python3.12/site-packages/airflow/example_dags/example_dynamic_task_mapping.py for tasks to queue
[2026-05-31T13:24:36.508+0000] {logging_mixin.py:188} INFO - [2026-05-31T13:24:36.508+0000] {dagbag.py:540} INFO - Filling up the DagBag from /home/airflow/.local/lib/python3.12/site-packages/airflow/example_dags/example_dynamic_task_mapping.py
[2026-05-31T13:24:36.514+0000] {processor.py:840} INFO - DAG(s) 'example_dynamic_task_mapping' retrieved from /home/airflow/.local/lib/python3.12/site-packages/airflow/example_dags/example_dynamic_task_mapping.py
[2026-05-31T13:24:36.529+0000] {logging_mixin.py:188} INFO - [2026-05-31T13:24:36.529+0000] {dag.py:3096} INFO - Sync 1 DAGs
[2026-05-31T13:24:36.547+0000] {logging_mixin.py:188} INFO - [2026-05-31T13:24:36.547+0000] {dag.py:3954} INFO - Setting next_dagrun for example_dynamic_task_mapping to 2022-03-04 00:00:00+00:00, run_after=2022-03-05 00:00:00+00:00
[2026-05-31T13:24:36.563+0000] {processor.py:183} INFO - Processing /home/airflow/.local/lib/python3.12/site-packages/airflow/example_dags/example_dynamic_task_mapping.py took 0.062 seconds
[2026-05-31T13:25:06.762+0000] {processor.py:161} INFO - Started process (PID=1359) to work on /home/airflow/.local/lib/python3.12/site-packages/airflow/example_dags/example_dynamic_task_mapping.py
[2026-05-31T13:25:06.763+0000] {processor.py:830} INFO - Processing file /home/airflow/.local/lib/python3.12/site-packages/airflow/example_dags/example_dynamic_task_mapping.py for tasks to queue
[2026-05-31T13:25:06.765+0000] {logging_mixin.py:188} INFO - [2026-05-31T13:25:06.765+0000] {dagbag.py:540} INFO - Filling up the DagBag from /home/airflow/.local/lib/python3.12/site-packages/airflow/example_dags/example_dynamic_task_mapping.py
[2026-05-31T13:25:06.771+0000] {processor.py:840} INFO - DAG(s) 'example_dynamic_task_mapping' retrieved from /home/airflow/.local/lib/python3.12/site-packages/airflow/example_dags/example_dynamic_task_mapping.py
[2026-05-31T13:25:06.790+0000] {logging_mixin.py:188} INFO - [2026-05-31T13:25:06.790+0000] {dag.py:3096} INFO - Sync 1 DAGs
[2026-05-31T13:25:06.809+0000] {logging_mixin.py:188} INFO - [2026-05-31T13:25:06.809+0000] {dag.py:3954} INFO - Setting next_dagrun for example_dynamic_task_mapping to 2022-03-04 00:00:00+00:00, run_after=2022-03-05 00:00:00+00:00
[2026-05-31T13:25:06.827+0000] {processor.py:183} INFO - Processing /home/airflow/.local/lib/python3.12/site-packages/airflow/example_dags/example_dynamic_task_mapping.py took 0.071 seconds
[2026-05-31T13:25:36.881+0000] {processor.py:161} INFO - Started process (PID=1418) to work on /home/airflow/.local/lib/python3.12/site-packages/airflow/example_dags/example_dynamic_task_mapping.py
[2026-05-31T13:25:36.882+0000] {processor.py:830} INFO - Processing file /home/airflow/.local/lib/python3.12/site-packages/airflow/example_dags/example_dynamic_task_mapping.py for tasks to queue
[2026-05-31T13:25:36.884+0000] {logging_mixin.py:188} INFO - [2026-05-31T13:25:36.884+0000] {dagbag.py:540} INFO - Filling up the DagBag from /home/airflow/.local/lib/python3.12/site-packages/airflow/example_dags/example_dynamic_task_mapping.py
[2026-05-31T13:25:36.890+0000] {processor.py:840} INFO - DAG(s) 'example_dynamic_task_mapping' retrieved from /home/airflow/.local/lib/python3.12/site-packages/airflow/example_dags/example_dynamic_task_mapping.py
[2026-05-31T13:25:36.906+0000] {logging_mixin.py:188} INFO - [2026-05-31T13:25:36.906+0000] {dag.py:3096} INFO - Sync 1 DAGs
[2026-05-31T13:25:36.925+0000] {logging_mixin.py:188} INFO - [2026-05-31T13:25:36.925+0000] {dag.py:3954} INFO - Setting next_dagrun for example_dynamic_task_mapping to 2022-03-04 00:00:00+00:00, run_after=2022-03-05 00:00:00+00:00
[2026-05-31T13:25:36.942+0000] {processor.py:183} INFO - Processing /home/airflow/.local/lib/python3.12/site-packages/airflow/example_dags/example_dynamic_task_mapping.py took 0.067 seconds
[2026-05-31T13:26:07.528+0000] {processor.py:161} INFO - Started process (PID=1477) to work on /home/airflow/.local/lib/python3.12/site-packages/airflow/example_dags/example_dynamic_task_mapping.py
[2026-05-31T13:26:07.529+0000] {processor.py:830} INFO - Processing file /home/airflow/.local/lib/python3.12/site-packages/airflow/example_dags/example_dynamic_task_mapping.py for tasks to queue
[2026-05-31T13:26:07.530+0000] {logging_mixin.py:188} INFO - [2026-05-31T13:26:07.530+0000] {dagbag.py:540} INFO - Filling up the DagBag from /home/airflow/.local/lib/python3.12/site-packages/airflow/example_dags/example_dynamic_task_mapping.py
[2026-05-31T13:26:07.536+0000] {processor.py:840} INFO - DAG(s) 'example_dynamic_task_mapping' retrieved from /home/airflow/.local/lib/python3.12/site-packages/airflow/example_dags/example_dynamic_task_mapping.py
[2026-05-31T13:26:07.551+0000] {logging_mixin.py:188} INFO - [2026-05-31T13:26:07.550+0000] {dag.py:3096} INFO - Sync 1 DAGs
[2026-05-31T13:26:07.568+0000] {logging_mixin.py:188} INFO - [2026-05-31T13:26:07.568+0000] {dag.py:3954} INFO - Setting next_dagrun for example_dynamic_task_mapping to 2022-03-04 00:00:00+00:00, run_after=2022-03-05 00:00:00+00:00
[2026-05-31T13:26:07.582+0000] {processor.py:183} INFO - Processing /home/airflow/.local/lib/python3.12/site-packages/airflow/example_dags/example_dynamic_task_mapping.py took 0.060 seconds
[2026-05-31T13:26:38.373+0000] {processor.py:161} INFO - Started process (PID=1536) to work on /home/airflow/.local/lib/python3.12/site-packages/airflow/example_dags/example_dynamic_task_mapping.py
[2026-05-31T13:26:38.375+0000] {processor.py:830} INFO - Processing file /home/airflow/.local/lib/python3.12/site-packages/airflow/example_dags/example_dynamic_task_mapping.py for tasks to queue
[2026-05-31T13:26:38.377+0000] {logging_mixin.py:188} INFO - [2026-05-31T13:26:38.377+0000] {dagbag.py:540} INFO - Filling up the DagBag from /home/airflow/.local/lib/python3.12/site-packages/airflow/example_dags/example_dynamic_task_mapping.py
[2026-05-31T13:26:38.383+0000] {processor.py:840} INFO - DAG(s) 'example_dynamic_task_mapping' retrieved from /home/airflow/.local/lib/python3.12/site-packages/airflow/example_dags/example_dynamic_task_mapping.py
[2026-05-31T13:26:38.407+0000] {logging_mixin.py:188} INFO - [2026-05-31T13:26:38.406+0000] {dag.py:3096} INFO - Sync 1 DAGs
[2026-05-31T13:26:38.432+0000] {logging_mixin.py:188} INFO - [2026-05-31T13:26:38.431+0000] {dag.py:3954} INFO - Setting next_dagrun for example_dynamic_task_mapping to 2022-03-04 00:00:00+00:00, run_after=2022-03-05 00:00:00+00:00
[2026-05-31T13:26:38.450+0000] {processor.py:183} INFO - Processing /home/airflow/.local/lib/python3.12/site-packages/airflow/example_dags/example_dynamic_task_mapping.py took 0.083 seconds
[2026-05-31T13:27:09.520+0000] {processor.py:161} INFO - Started process (PID=1595) to work on /home/airflow/.local/lib/python3.12/site-packages/airflow/example_dags/example_dynamic_task_mapping.py
[2026-05-31T13:27:09.522+0000] {processor.py:830} INFO - Processing file /home/airflow/.local/lib/python3.12/site-packages/airflow/example_dags/example_dynamic_task_mapping.py for tasks to queue
[2026-05-31T13:27:09.523+0000] {logging_mixin.py:188} INFO - [2026-05-31T13:27:09.523+0000] {dagbag.py:540} INFO - Filling up the DagBag from /home/airflow/.local/lib/python3.12/site-packages/airflow/example_dags/example_dynamic_task_mapping.py
[2026-05-31T13:27:09.529+0000] {processor.py:840} INFO - DAG(s) 'example_dynamic_task_mapping' retrieved from /home/airflow/.local/lib/python3.12/site-packages/airflow/example_dags/example_dynamic_task_mapping.py
[2026-05-31T13:27:09.545+0000] {logging_mixin.py:188} INFO - [2026-05-31T13:27:09.545+0000] {dag.py:3096} INFO - Sync 1 DAGs
[2026-05-31T13:27:09.561+0000] {logging_mixin.py:188} INFO - [2026-05-31T13:27:09.561+0000] {dag.py:3954} INFO - Setting next_dagrun for example_dynamic_task_mapping to 2022-03-04 00:00:00+00:00, run_after=2022-03-05 00:00:00+00:00
[2026-05-31T13:27:09.577+0000] {processor.py:183} INFO - Processing /home/airflow/.local/lib/python3.12/site-packages/airflow/example_dags/example_dynamic_task_mapping.py took 0.061 seconds
[2026-05-31T13:27:39.725+0000] {processor.py:161} INFO - Started process (PID=1658) to work on /home/airflow/.local/lib/python3.12/site-packages/airflow/example_dags/example_dynamic_task_mapping.py
[2026-05-31T13:27:39.726+0000] {processor.py:830} INFO - Processing file /home/airflow/.local/lib/python3.12/site-packages/airflow/example_dags/example_dynamic_task_mapping.py for tasks to queue
[2026-05-31T13:27:39.728+0000] {logging_mixin.py:188} INFO - [2026-05-31T13:27:39.727+0000] {dagbag.py:540} INFO - Filling up the DagBag from /home/airflow/.local/lib/python3.12/site-packages/airflow/example_dags/example_dynamic_task_mapping.py
[2026-05-31T13:27:39.734+0000] {processor.py:840} INFO - DAG(s) 'example_dynamic_task_mapping' retrieved from /home/airflow/.local/lib/python3.12/site-packages/airflow/example_dags/example_dynamic_task_mapping.py
[2026-05-31T13:27:39.750+0000] {logging_mixin.py:188} INFO - [2026-05-31T13:27:39.749+0000] {dag.py:3096} INFO - Sync 1 DAGs
[2026-05-31T13:27:39.767+0000] {logging_mixin.py:188} INFO - [2026-05-31T13:27:39.767+0000] {dag.py:3954} INFO - Setting next_dagrun for example_dynamic_task_mapping to 2022-03-04 00:00:00+00:00, run_after=2022-03-05 00:00:00+00:00
[2026-05-31T13:27:39.783+0000] {processor.py:183} INFO - Processing /home/airflow/.local/lib/python3.12/site-packages/airflow/example_dags/example_dynamic_task_mapping.py took 0.063 seconds
[2026-05-31T13:28:10.127+0000] {processor.py:161} INFO - Started process (PID=1721) to work on /home/airflow/.local/lib/python3.12/site-packages/airflow/example_dags/example_dynamic_task_mapping.py
[2026-05-31T13:28:10.128+0000] {processor.py:830} INFO - Processing file /home/airflow/.local/lib/python3.12/site-packages/airflow/example_dags/example_dynamic_task_mapping.py for tasks to queue
[2026-05-31T13:28:10.130+0000] {logging_mixin.py:188} INFO - [2026-05-31T13:28:10.129+0000] {dagbag.py:540} INFO - Filling up the DagBag from /home/airflow/.local/lib/python3.12/site-packages/airflow/example_dags/example_dynamic_task_mapping.py
[2026-05-31T13:28:10.137+0000] {processor.py:840} INFO - DAG(s) 'example_dynamic_task_mapping' retrieved from /home/airflow/.local/lib/python3.12/site-packages/airflow/example_dags/example_dynamic_task_mapping.py
[2026-05-31T13:28:10.157+0000] {logging_mixin.py:188} INFO - [2026-05-31T13:28:10.157+0000] {dag.py:3096} INFO - Sync 1 DAGs
[2026-05-31T13:28:10.180+0000] {logging_mixin.py:188} INFO - [2026-05-31T13:28:10.180+0000] {dag.py:3954} INFO - Setting next_dagrun for example_dynamic_task_mapping to 2022-03-04 00:00:00+00:00, run_after=2022-03-05 00:00:00+00:00
[2026-05-31T13:28:10.198+0000] {processor.py:183} INFO - Processing /home/airflow/.local/lib/python3.12/site-packages/airflow/example_dags/example_dynamic_task_mapping.py took 0.077 seconds
[2026-05-31T13:28:40.626+0000] {processor.py:161} INFO - Started process (PID=1780) to work on /home/airflow/.local/lib/python3.12/site-packages/airflow/example_dags/example_dynamic_task_mapping.py
[2026-05-31T13:28:40.627+0000] {processor.py:830} INFO - Processing file /home/airflow/.local/lib/python3.12/site-packages/airflow/example_dags/example_dynamic_task_mapping.py for tasks to queue
[2026-05-31T13:28:40.629+0000] {logging_mixin.py:188} INFO - [2026-05-31T13:28:40.629+0000] {dagbag.py:540} INFO - Filling up the DagBag from /home/airflow/.local/lib/python3.12/site-packages/airflow/example_dags/example_dynamic_task_mapping.py
[2026-05-31T13:28:40.636+0000] {processor.py:840} INFO - DAG(s) 'example_dynamic_task_mapping' retrieved from /home/airflow/.local/lib/python3.12/site-packages/airflow/example_dags/example_dynamic_task_mapping.py
[2026-05-31T13:28:40.653+0000] {logging_mixin.py:188} INFO - [2026-05-31T13:28:40.653+0000] {dag.py:3096} INFO - Sync 1 DAGs
[2026-05-31T13:28:40.675+0000] {logging_mixin.py:188} INFO - [2026-05-31T13:28:40.674+0000] {dag.py:3954} INFO - Setting next_dagrun for example_dynamic_task_mapping to 2022-03-04 00:00:00+00:00, run_after=2022-03-05 00:00:00+00:00
[2026-05-31T13:28:40.694+0000] {processor.py:183} INFO - Processing /home/airflow/.local/lib/python3.12/site-packages/airflow/example_dags/example_dynamic_task_mapping.py took 0.073 seconds
[2026-05-31T13:29:11.361+0000] {processor.py:161} INFO - Started process (PID=1839) to work on /home/airflow/.local/lib/python3.12/site-packages/airflow/example_dags/example_dynamic_task_mapping.py
[2026-05-31T13:29:11.362+0000] {processor.py:830} INFO - Processing file /home/airflow/.local/lib/python3.12/site-packages/airflow/example_dags/example_dynamic_task_mapping.py for tasks to queue
[2026-05-31T13:29:11.365+0000] {logging_mixin.py:188} INFO - [2026-05-31T13:29:11.364+0000] {dagbag.py:540} INFO - Filling up the DagBag from /home/airflow/.local/lib/python3.12/site-packages/airflow/example_dags/example_dynamic_task_mapping.py
[2026-05-31T13:29:11.371+0000] {processor.py:840} INFO - DAG(s) 'example_dynamic_task_mapping' retrieved from /home/airflow/.local/lib/python3.12/site-packages/airflow/example_dags/example_dynamic_task_mapping.py
[2026-05-31T13:29:11.388+0000] {logging_mixin.py:188} INFO - [2026-05-31T13:29:11.388+0000] {dag.py:3096} INFO - Sync 1 DAGs
[2026-05-31T13:29:11.409+0000] {logging_mixin.py:188} INFO - [2026-05-31T13:29:11.409+0000] {dag.py:3954} INFO - Setting next_dagrun for example_dynamic_task_mapping to 2022-03-04 00:00:00+00:00, run_after=2022-03-05 00:00:00+00:00
[2026-05-31T13:29:11.429+0000] {processor.py:183} INFO - Processing /home/airflow/.local/lib/python3.12/site-packages/airflow/example_dags/example_dynamic_task_mapping.py took 0.073 seconds
[2026-05-31T13:29:42.194+0000] {processor.py:161} INFO - Started process (PID=1898) to work on /home/airflow/.local/lib/python3.12/site-packages/airflow/example_dags/example_dynamic_task_mapping.py
[2026-05-31T13:29:42.195+0000] {processor.py:830} INFO - Processing file /home/airflow/.local/lib/python3.12/site-packages/airflow/example_dags/example_dynamic_task_mapping.py for tasks to queue
[2026-05-31T13:29:42.196+0000] {logging_mixin.py:188} INFO - [2026-05-31T13:29:42.196+0000] {dagbag.py:540} INFO - Filling up the DagBag from /home/airflow/.local/lib/python3.12/site-packages/airflow/example_dags/example_dynamic_task_mapping.py
[2026-05-31T13:29:42.204+0000] {processor.py:840} INFO - DAG(s) 'example_dynamic_task_mapping' retrieved from /home/airflow/.local/lib/python3.12/site-packages/airflow/example_dags/example_dynamic_task_mapping.py
[2026-05-31T13:29:42.220+0000] {logging_mixin.py:188} INFO - [2026-05-31T13:29:42.220+0000] {dag.py:3096} INFO - Sync 1 DAGs
[2026-05-31T13:29:42.238+0000] {logging_mixin.py:188} INFO - [2026-05-31T13:29:42.238+0000] {dag.py:3954} INFO - Setting next_dagrun for example_dynamic_task_mapping to 2022-03-04 00:00:00+00:00, run_after=2022-03-05 00:00:00+00:00
[2026-05-31T13:29:42.255+0000] {processor.py:183} INFO - Processing /home/airflow/.local/lib/python3.12/site-packages/airflow/example_dags/example_dynamic_task_mapping.py took 0.067 seconds
[2026-05-31T13:30:13.405+0000] {processor.py:161} INFO - Started process (PID=1957) to work on /home/airflow/.local/lib/python3.12/site-packages/airflow/example_dags/example_dynamic_task_mapping.py
[2026-05-31T13:30:13.406+0000] {processor.py:830} INFO - Processing file /home/airflow/.local/lib/python3.12/site-packages/airflow/example_dags/example_dynamic_task_mapping.py for tasks to queue
[2026-05-31T13:30:13.408+0000] {logging_mixin.py:188} INFO - [2026-05-31T13:30:13.408+0000] {dagbag.py:540} INFO - Filling up the DagBag from /home/airflow/.local/lib/python3.12/site-packages/airflow/example_dags/example_dynamic_task_mapping.py
[2026-05-31T13:30:13.415+0000] {processor.py:840} INFO - DAG(s) 'example_dynamic_task_mapping' retrieved from /home/airflow/.local/lib/python3.12/site-packages/airflow/example_dags/example_dynamic_task_mapping.py
[2026-05-31T13:30:13.441+0000] {logging_mixin.py:188} INFO - [2026-05-31T13:30:13.441+0000] {dag.py:3096} INFO - Sync 1 DAGs
[2026-05-31T13:30:13.468+0000] {logging_mixin.py:188} INFO - [2026-05-31T13:30:13.468+0000] {dag.py:3954} INFO - Setting next_dagrun for example_dynamic_task_mapping to 2022-03-04 00:00:00+00:00, run_after=2022-03-05 00:00:00+00:00
[2026-05-31T13:30:13.496+0000] {processor.py:183} INFO - Processing /home/airflow/.local/lib/python3.12/site-packages/airflow/example_dags/example_dynamic_task_mapping.py took 0.097 seconds
[2026-05-31T13:30:43.565+0000] {processor.py:161} INFO - Started process (PID=2016) to work on /home/airflow/.local/lib/python3.12/site-packages/airflow/example_dags/example_dynamic_task_mapping.py
[2026-05-31T13:30:43.567+0000] {processor.py:830} INFO - Processing file /home/airflow/.local/lib/python3.12/site-packages/airflow/example_dags/example_dynamic_task_mapping.py for tasks to queue
[2026-05-31T13:30:43.569+0000] {logging_mixin.py:188} INFO - [2026-05-31T13:30:43.568+0000] {dagbag.py:540} INFO - Filling up the DagBag from /home/airflow/.local/lib/python3.12/site-packages/airflow/example_dags/example_dynamic_task_mapping.py
[2026-05-31T13:30:43.575+0000] {processor.py:840} INFO - DAG(s) 'example_dynamic_task_mapping' retrieved from /home/airflow/.local/lib/python3.12/site-packages/airflow/example_dags/example_dynamic_task_mapping.py
[2026-05-31T13:30:43.593+0000] {logging_mixin.py:188} INFO - [2026-05-31T13:30:43.593+0000] {dag.py:3096} INFO - Sync 1 DAGs
[2026-05-31T13:30:43.617+0000] {logging_mixin.py:188} INFO - [2026-05-31T13:30:43.617+0000] {dag.py:3954} INFO - Setting next_dagrun for example_dynamic_task_mapping to 2022-03-04 00:00:00+00:00, run_after=2022-03-05 00:00:00+00:00
[2026-05-31T13:30:43.636+0000] {processor.py:183} INFO - Processing /home/airflow/.local/lib/python3.12/site-packages/airflow/example_dags/example_dynamic_task_mapping.py took 0.076 seconds
[2026-05-31T13:31:13.933+0000] {processor.py:161} INFO - Started process (PID=2075) to work on /home/airflow/.local/lib/python3.12/site-packages/airflow/example_dags/example_dynamic_task_mapping.py
[2026-05-31T13:31:13.934+0000] {processor.py:830} INFO - Processing file /home/airflow/.local/lib/python3.12/site-packages/airflow/example_dags/example_dynamic_task_mapping.py for tasks to queue
[2026-05-31T13:31:13.936+0000] {logging_mixin.py:188} INFO - [2026-05-31T13:31:13.936+0000] {dagbag.py:540} INFO - Filling up the DagBag from /home/airflow/.local/lib/python3.12/site-packages/airflow/example_dags/example_dynamic_task_mapping.py
[2026-05-31T13:31:13.942+0000] {processor.py:840} INFO - DAG(s) 'example_dynamic_task_mapping' retrieved from /home/airflow/.local/lib/python3.12/site-packages/airflow/example_dags/example_dynamic_task_mapping.py
[2026-05-31T13:31:13.958+0000] {logging_mixin.py:188} INFO - [2026-05-31T13:31:13.958+0000] {dag.py:3096} INFO - Sync 1 DAGs
[2026-05-31T13:31:13.977+0000] {logging_mixin.py:188} INFO - [2026-05-31T13:31:13.976+0000] {dag.py:3954} INFO - Setting next_dagrun for example_dynamic_task_mapping to 2022-03-04 00:00:00+00:00, run_after=2022-03-05 00:00:00+00:00
[2026-05-31T13:31:13.994+0000] {processor.py:183} INFO - Processing /home/airflow/.local/lib/python3.12/site-packages/airflow/example_dags/example_dynamic_task_mapping.py took 0.066 seconds
[2026-05-31T13:31:44.704+0000] {processor.py:161} INFO - Started process (PID=2134) to work on /home/airflow/.local/lib/python3.12/site-packages/airflow/example_dags/example_dynamic_task_mapping.py
[2026-05-31T13:31:44.705+0000] {processor.py:830} INFO - Processing file /home/airflow/.local/lib/python3.12/site-packages/airflow/example_dags/example_dynamic_task_mapping.py for tasks to queue
[2026-05-31T13:31:44.707+0000] {logging_mixin.py:188} INFO - [2026-05-31T13:31:44.707+0000] {dagbag.py:540} INFO - Filling up the DagBag from /home/airflow/.local/lib/python3.12/site-packages/airflow/example_dags/example_dynamic_task_mapping.py
[2026-05-31T13:31:44.715+0000] {processor.py:840} INFO - DAG(s) 'example_dynamic_task_mapping' retrieved from /home/airflow/.local/lib/python3.12/site-packages/airflow/example_dags/example_dynamic_task_mapping.py
[2026-05-31T13:31:44.740+0000] {logging_mixin.py:188} INFO - [2026-05-31T13:31:44.740+0000] {dag.py:3096} INFO - Sync 1 DAGs
[2026-05-31T13:31:44.767+0000] {logging_mixin.py:188} INFO - [2026-05-31T13:31:44.767+0000] {dag.py:3954} INFO - Setting next_dagrun for example_dynamic_task_mapping to 2022-03-04 00:00:00+00:00, run_after=2022-03-05 00:00:00+00:00
[2026-05-31T13:31:44.793+0000] {processor.py:183} INFO - Processing /home/airflow/.local/lib/python3.12/site-packages/airflow/example_dags/example_dynamic_task_mapping.py took 0.094 seconds
[2026-05-31T13:32:15.559+0000] {processor.py:161} INFO - Started process (PID=2193) to work on /home/airflow/.local/lib/python3.12/site-packages/airflow/example_dags/example_dynamic_task_mapping.py
[2026-05-31T13:32:15.561+0000] {processor.py:830} INFO - Processing file /home/airflow/.local/lib/python3.12/site-packages/airflow/example_dags/example_dynamic_task_mapping.py for tasks to queue
[2026-05-31T13:32:15.563+0000] {logging_mixin.py:188} INFO - [2026-05-31T13:32:15.562+0000] {dagbag.py:540} INFO - Filling up the DagBag from /home/airflow/.local/lib/python3.12/site-packages/airflow/example_dags/example_dynamic_task_mapping.py
[2026-05-31T13:32:15.569+0000] {processor.py:840} INFO - DAG(s) 'example_dynamic_task_mapping' retrieved from /home/airflow/.local/lib/python3.12/site-packages/airflow/example_dags/example_dynamic_task_mapping.py
[2026-05-31T13:32:15.586+0000] {logging_mixin.py:188} INFO - [2026-05-31T13:32:15.586+0000] {dag.py:3096} INFO - Sync 1 DAGs
[2026-05-31T13:32:15.606+0000] {logging_mixin.py:188} INFO - [2026-05-31T13:32:15.606+0000] {dag.py:3954} INFO - Setting next_dagrun for example_dynamic_task_mapping to 2022-03-04 00:00:00+00:00, run_after=2022-03-05 00:00:00+00:00
[2026-05-31T13:32:15.624+0000] {processor.py:183} INFO - Processing /home/airflow/.local/lib/python3.12/site-packages/airflow/example_dags/example_dynamic_task_mapping.py took 0.070 seconds
[2026-05-31T13:32:46.332+0000] {processor.py:161} INFO - Started process (PID=2253) to work on /home/airflow/.local/lib/python3.12/site-packages/airflow/example_dags/example_dynamic_task_mapping.py
[2026-05-31T13:32:46.333+0000] {processor.py:830} INFO - Processing file /home/airflow/.local/lib/python3.12/site-packages/airflow/example_dags/example_dynamic_task_mapping.py for tasks to queue
[2026-05-31T13:32:46.335+0000] {logging_mixin.py:188} INFO - [2026-05-31T13:32:46.335+0000] {dagbag.py:540} INFO - Filling up the DagBag from /home/airflow/.local/lib/python3.12/site-packages/airflow/example_dags/example_dynamic_task_mapping.py
[2026-05-31T13:32:46.341+0000] {processor.py:840} INFO - DAG(s) 'example_dynamic_task_mapping' retrieved from /home/airflow/.local/lib/python3.12/site-packages/airflow/example_dags/example_dynamic_task_mapping.py
[2026-05-31T13:32:46.358+0000] {logging_mixin.py:188} INFO - [2026-05-31T13:32:46.358+0000] {dag.py:3096} INFO - Sync 1 DAGs
[2026-05-31T13:32:46.375+0000] {logging_mixin.py:188} INFO - [2026-05-31T13:32:46.375+0000] {dag.py:3954} INFO - Setting next_dagrun for example_dynamic_task_mapping to 2022-03-04 00:00:00+00:00, run_after=2022-03-05 00:00:00+00:00
[2026-05-31T13:32:46.390+0000] {processor.py:183} INFO - Processing /home/airflow/.local/lib/python3.12/site-packages/airflow/example_dags/example_dynamic_task_mapping.py took 0.063 seconds
[2026-05-31T13:33:16.953+0000] {processor.py:161} INFO - Started process (PID=2312) to work on /home/airflow/.local/lib/python3.12/site-packages/airflow/example_dags/example_dynamic_task_mapping.py
[2026-05-31T13:33:16.954+0000] {processor.py:830} INFO - Processing file /home/airflow/.local/lib/python3.12/site-packages/airflow/example_dags/example_dynamic_task_mapping.py for tasks to queue
[2026-05-31T13:33:16.956+0000] {logging_mixin.py:188} INFO - [2026-05-31T13:33:16.956+0000] {dagbag.py:540} INFO - Filling up the DagBag from /home/airflow/.local/lib/python3.12/site-packages/airflow/example_dags/example_dynamic_task_mapping.py
[2026-05-31T13:33:16.962+0000] {processor.py:840} INFO - DAG(s) 'example_dynamic_task_mapping' retrieved from /home/airflow/.local/lib/python3.12/site-packages/airflow/example_dags/example_dynamic_task_mapping.py
[2026-05-31T13:33:16.977+0000] {logging_mixin.py:188} INFO - [2026-05-31T13:33:16.977+0000] {dag.py:3096} INFO - Sync 1 DAGs
[2026-05-31T13:33:16.996+0000] {logging_mixin.py:188} INFO - [2026-05-31T13:33:16.996+0000] {dag.py:3954} INFO - Setting next_dagrun for example_dynamic_task_mapping to 2022-03-04 00:00:00+00:00, run_after=2022-03-05 00:00:00+00:00
[2026-05-31T13:33:17.012+0000] {processor.py:183} INFO - Processing /home/airflow/.local/lib/python3.12/site-packages/airflow/example_dags/example_dynamic_task_mapping.py took 0.064 seconds
[2026-05-31T13:33:47.520+0000] {processor.py:161} INFO - Started process (PID=2371) to work on /home/airflow/.local/lib/python3.12/site-packages/airflow/example_dags/example_dynamic_task_mapping.py
[2026-05-31T13:33:47.521+0000] {processor.py:830} INFO - Processing file /home/airflow/.local/lib/python3.12/site-packages/airflow/example_dags/example_dynamic_task_mapping.py for tasks to queue
[2026-05-31T13:33:47.523+0000] {logging_mixin.py:188} INFO - [2026-05-31T13:33:47.523+0000] {dagbag.py:540} INFO - Filling up the DagBag from /home/airflow/.local/lib/python3.12/site-packages/airflow/example_dags/example_dynamic_task_mapping.py
[2026-05-31T13:33:47.529+0000] {processor.py:840} INFO - DAG(s) 'example_dynamic_task_mapping' retrieved from /home/airflow/.local/lib/python3.12/site-packages/airflow/example_dags/example_dynamic_task_mapping.py
[2026-05-31T13:33:47.546+0000] {logging_mixin.py:188} INFO - [2026-05-31T13:33:47.545+0000] {dag.py:3096} INFO - Sync 1 DAGs
[2026-05-31T13:33:47.565+0000] {logging_mixin.py:188} INFO - [2026-05-31T13:33:47.565+0000] {dag.py:3954} INFO - Setting next_dagrun for example_dynamic_task_mapping to 2022-03-04 00:00:00+00:00, run_after=2022-03-05 00:00:00+00:00
[2026-05-31T13:33:47.582+0000] {processor.py:183} INFO - Processing /home/airflow/.local/lib/python3.12/site-packages/airflow/example_dags/example_dynamic_task_mapping.py took 0.067 seconds
[2026-05-31T13:34:18.394+0000] {processor.py:161} INFO - Started process (PID=2430) to work on /home/airflow/.local/lib/python3.12/site-packages/airflow/example_dags/example_dynamic_task_mapping.py
[2026-05-31T13:34:18.395+0000] {processor.py:830} INFO - Processing file /home/airflow/.local/lib/python3.12/site-packages/airflow/example_dags/example_dynamic_task_mapping.py for tasks to queue
[2026-05-31T13:34:18.397+0000] {logging_mixin.py:188} INFO - [2026-05-31T13:34:18.396+0000] {dagbag.py:540} INFO - Filling up the DagBag from /home/airflow/.local/lib/python3.12/site-packages/airflow/example_dags/example_dynamic_task_mapping.py
[2026-05-31T13:34:18.403+0000] {processor.py:840} INFO - DAG(s) 'example_dynamic_task_mapping' retrieved from /home/airflow/.local/lib/python3.12/site-packages/airflow/example_dags/example_dynamic_task_mapping.py
[2026-05-31T13:34:18.421+0000] {logging_mixin.py:188} INFO - [2026-05-31T13:34:18.421+0000] {dag.py:3096} INFO - Sync 1 DAGs
[2026-05-31T13:34:18.442+0000] {logging_mixin.py:188} INFO - [2026-05-31T13:34:18.442+0000] {dag.py:3954} INFO - Setting next_dagrun for example_dynamic_task_mapping to 2022-03-04 00:00:00+00:00, run_after=2022-03-05 00:00:00+00:00
[2026-05-31T13:34:18.459+0000] {processor.py:183} INFO - Processing /home/airflow/.local/lib/python3.12/site-packages/airflow/example_dags/example_dynamic_task_mapping.py took 0.071 seconds
[2026-05-31T13:34:48.816+0000] {processor.py:161} INFO - Started process (PID=2489) to work on /home/airflow/.local/lib/python3.12/site-packages/airflow/example_dags/example_dynamic_task_mapping.py
[2026-05-31T13:34:48.818+0000] {processor.py:830} INFO - Processing file /home/airflow/.local/lib/python3.12/site-packages/airflow/example_dags/example_dynamic_task_mapping.py for tasks to queue
[2026-05-31T13:34:48.820+0000] {logging_mixin.py:188} INFO - [2026-05-31T13:34:48.820+0000] {dagbag.py:540} INFO - Filling up the DagBag from /home/airflow/.local/lib/python3.12/site-packages/airflow/example_dags/example_dynamic_task_mapping.py
[2026-05-31T13:34:48.828+0000] {processor.py:840} INFO - DAG(s) 'example_dynamic_task_mapping' retrieved from /home/airflow/.local/lib/python3.12/site-packages/airflow/example_dags/example_dynamic_task_mapping.py
[2026-05-31T13:34:48.845+0000] {logging_mixin.py:188} INFO - [2026-05-31T13:34:48.845+0000] {dag.py:3096} INFO - Sync 1 DAGs
[2026-05-31T13:34:48.863+0000] {logging_mixin.py:188} INFO - [2026-05-31T13:34:48.863+0000] {dag.py:3954} INFO - Setting next_dagrun for example_dynamic_task_mapping to 2022-03-04 00:00:00+00:00, run_after=2022-03-05 00:00:00+00:00
[2026-05-31T13:34:48.878+0000] {processor.py:183} INFO - Processing /home/airflow/.local/lib/python3.12/site-packages/airflow/example_dags/example_dynamic_task_mapping.py took 0.068 seconds
[2026-05-31T13:35:19.823+0000] {processor.py:161} INFO - Started process (PID=2548) to work on /home/airflow/.local/lib/python3.12/site-packages/airflow/example_dags/example_dynamic_task_mapping.py
[2026-05-31T13:35:19.824+0000] {processor.py:830} INFO - Processing file /home/airflow/.local/lib/python3.12/site-packages/airflow/example_dags/example_dynamic_task_mapping.py for tasks to queue
[2026-05-31T13:35:19.827+0000] {logging_mixin.py:188} INFO - [2026-05-31T13:35:19.826+0000] {dagbag.py:540} INFO - Filling up the DagBag from /home/airflow/.local/lib/python3.12/site-packages/airflow/example_dags/example_dynamic_task_mapping.py
[2026-05-31T13:35:19.833+0000] {processor.py:840} INFO - DAG(s) 'example_dynamic_task_mapping' retrieved from /home/airflow/.local/lib/python3.12/site-packages/airflow/example_dags/example_dynamic_task_mapping.py
[2026-05-31T13:35:19.852+0000] {logging_mixin.py:188} INFO - [2026-05-31T13:35:19.852+0000] {dag.py:3096} INFO - Sync 1 DAGs
[2026-05-31T13:35:19.874+0000] {logging_mixin.py:188} INFO - [2026-05-31T13:35:19.874+0000] {dag.py:3954} INFO - Setting next_dagrun for example_dynamic_task_mapping to 2022-03-04 00:00:00+00:00, run_after=2022-03-05 00:00:00+00:00
[2026-05-31T13:35:19.893+0000] {processor.py:183} INFO - Processing /home/airflow/.local/lib/python3.12/site-packages/airflow/example_dags/example_dynamic_task_mapping.py took 0.075 seconds
[2026-05-31T13:35:50.061+0000] {processor.py:161} INFO - Started process (PID=2607) to work on /home/airflow/.local/lib/python3.12/site-packages/airflow/example_dags/example_dynamic_task_mapping.py
[2026-05-31T13:35:50.062+0000] {processor.py:830} INFO - Processing file /home/airflow/.local/lib/python3.12/site-packages/airflow/example_dags/example_dynamic_task_mapping.py for tasks to queue
[2026-05-31T13:35:50.064+0000] {logging_mixin.py:188} INFO - [2026-05-31T13:35:50.064+0000] {dagbag.py:540} INFO - Filling up the DagBag from /home/airflow/.local/lib/python3.12/site-packages/airflow/example_dags/example_dynamic_task_mapping.py
[2026-05-31T13:35:50.070+0000] {processor.py:840} INFO - DAG(s) 'example_dynamic_task_mapping' retrieved from /home/airflow/.local/lib/python3.12/site-packages/airflow/example_dags/example_dynamic_task_mapping.py
[2026-05-31T13:35:50.086+0000] {logging_mixin.py:188} INFO - [2026-05-31T13:35:50.086+0000] {dag.py:3096} INFO - Sync 1 DAGs
[2026-05-31T13:35:50.105+0000] {logging_mixin.py:188} INFO - [2026-05-31T13:35:50.104+0000] {dag.py:3954} INFO - Setting next_dagrun for example_dynamic_task_mapping to 2022-03-04 00:00:00+00:00, run_after=2022-03-05 00:00:00+00:00
[2026-05-31T13:35:50.120+0000] {processor.py:183} INFO - Processing /home/airflow/.local/lib/python3.12/site-packages/airflow/example_dags/example_dynamic_task_mapping.py took 0.065 seconds
[2026-05-31T13:36:20.345+0000] {processor.py:161} INFO - Started process (PID=2666) to work on /home/airflow/.local/lib/python3.12/site-packages/airflow/example_dags/example_dynamic_task_mapping.py
[2026-05-31T13:36:20.346+0000] {processor.py:830} INFO - Processing file /home/airflow/.local/lib/python3.12/site-packages/airflow/example_dags/example_dynamic_task_mapping.py for tasks to queue
[2026-05-31T13:36:20.348+0000] {logging_mixin.py:188} INFO - [2026-05-31T13:36:20.348+0000] {dagbag.py:540} INFO - Filling up the DagBag from /home/airflow/.local/lib/python3.12/site-packages/airflow/example_dags/example_dynamic_task_mapping.py
[2026-05-31T13:36:20.355+0000] {processor.py:840} INFO - DAG(s) 'example_dynamic_task_mapping' retrieved from /home/airflow/.local/lib/python3.12/site-packages/airflow/example_dags/example_dynamic_task_mapping.py
[2026-05-31T13:36:20.373+0000] {logging_mixin.py:188} INFO - [2026-05-31T13:36:20.373+0000] {dag.py:3096} INFO - Sync 1 DAGs
[2026-05-31T13:36:20.396+0000] {logging_mixin.py:188} INFO - [2026-05-31T13:36:20.396+0000] {dag.py:3954} INFO - Setting next_dagrun for example_dynamic_task_mapping to 2022-03-04 00:00:00+00:00, run_after=2022-03-05 00:00:00+00:00
[2026-05-31T13:36:20.418+0000] {processor.py:183} INFO - Processing /home/airflow/.local/lib/python3.12/site-packages/airflow/example_dags/example_dynamic_task_mapping.py took 0.080 seconds
[2026-05-31T13:36:51.159+0000] {processor.py:161} INFO - Started process (PID=2725) to work on /home/airflow/.local/lib/python3.12/site-packages/airflow/example_dags/example_dynamic_task_mapping.py
[2026-05-31T13:36:51.161+0000] {processor.py:830} INFO - Processing file /home/airflow/.local/lib/python3.12/site-packages/airflow/example_dags/example_dynamic_task_mapping.py for tasks to queue
[2026-05-31T13:36:51.163+0000] {logging_mixin.py:188} INFO - [2026-05-31T13:36:51.163+0000] {dagbag.py:540} INFO - Filling up the DagBag from /home/airflow/.local/lib/python3.12/site-packages/airflow/example_dags/example_dynamic_task_mapping.py
[2026-05-31T13:36:51.170+0000] {processor.py:840} INFO - DAG(s) 'example_dynamic_task_mapping' retrieved from /home/airflow/.local/lib/python3.12/site-packages/airflow/example_dags/example_dynamic_task_mapping.py
[2026-05-31T13:36:51.190+0000] {logging_mixin.py:188} INFO - [2026-05-31T13:36:51.190+0000] {dag.py:3096} INFO - Sync 1 DAGs
[2026-05-31T13:36:51.217+0000] {logging_mixin.py:188} INFO - [2026-05-31T13:36:51.217+0000] {dag.py:3954} INFO - Setting next_dagrun for example_dynamic_task_mapping to 2022-03-04 00:00:00+00:00, run_after=2022-03-05 00:00:00+00:00
[2026-05-31T13:36:51.237+0000] {processor.py:183} INFO - Processing /home/airflow/.local/lib/python3.12/site-packages/airflow/example_dags/example_dynamic_task_mapping.py took 0.084 seconds
[2026-05-31T13:37:21.960+0000] {processor.py:161} INFO - Started process (PID=2784) to work on /home/airflow/.local/lib/python3.12/site-packages/airflow/example_dags/example_dynamic_task_mapping.py
[2026-05-31T13:37:21.961+0000] {processor.py:830} INFO - Processing file /home/airflow/.local/lib/python3.12/site-packages/airflow/example_dags/example_dynamic_task_mapping.py for tasks to queue
[2026-05-31T13:37:21.963+0000] {logging_mixin.py:188} INFO - [2026-05-31T13:37:21.963+0000] {dagbag.py:540} INFO - Filling up the DagBag from /home/airflow/.local/lib/python3.12/site-packages/airflow/example_dags/example_dynamic_task_mapping.py
[2026-05-31T13:37:21.968+0000] {processor.py:840} INFO - DAG(s) 'example_dynamic_task_mapping' retrieved from /home/airflow/.local/lib/python3.12/site-packages/airflow/example_dags/example_dynamic_task_mapping.py
[2026-05-31T13:37:21.984+0000] {logging_mixin.py:188} INFO - [2026-05-31T13:37:21.983+0000] {dag.py:3096} INFO - Sync 1 DAGs
[2026-05-31T13:37:22.000+0000] {logging_mixin.py:188} INFO - [2026-05-31T13:37:22.000+0000] {dag.py:3954} INFO - Setting next_dagrun for example_dynamic_task_mapping to 2022-03-04 00:00:00+00:00, run_after=2022-03-05 00:00:00+00:00
[2026-05-31T13:37:22.015+0000] {processor.py:183} INFO - Processing /home/airflow/.local/lib/python3.12/site-packages/airflow/example_dags/example_dynamic_task_mapping.py took 0.060 seconds
[2026-05-31T13:37:52.815+0000] {processor.py:161} INFO - Started process (PID=2843) to work on /home/airflow/.local/lib/python3.12/site-packages/airflow/example_dags/example_dynamic_task_mapping.py
[2026-05-31T13:37:52.816+0000] {processor.py:830} INFO - Processing file /home/airflow/.local/lib/python3.12/site-packages/airflow/example_dags/example_dynamic_task_mapping.py for tasks to queue
[2026-05-31T13:37:52.817+0000] {logging_mixin.py:188} INFO - [2026-05-31T13:37:52.817+0000] {dagbag.py:540} INFO - Filling up the DagBag from /home/airflow/.local/lib/python3.12/site-packages/airflow/example_dags/example_dynamic_task_mapping.py
[2026-05-31T13:37:52.824+0000] {processor.py:840} INFO - DAG(s) 'example_dynamic_task_mapping' retrieved from /home/airflow/.local/lib/python3.12/site-packages/airflow/example_dags/example_dynamic_task_mapping.py
[2026-05-31T13:37:52.840+0000] {logging_mixin.py:188} INFO - [2026-05-31T13:37:52.839+0000] {dag.py:3096} INFO - Sync 1 DAGs
[2026-05-31T13:37:52.857+0000] {logging_mixin.py:188} INFO - [2026-05-31T13:37:52.856+0000] {dag.py:3954} INFO - Setting next_dagrun for example_dynamic_task_mapping to 2022-03-04 00:00:00+00:00, run_after=2022-03-05 00:00:00+00:00
[2026-05-31T13:37:52.871+0000] {processor.py:183} INFO - Processing /home/airflow/.local/lib/python3.12/site-packages/airflow/example_dags/example_dynamic_task_mapping.py took 0.062 seconds
[2026-05-31T13:38:23.471+0000] {processor.py:161} INFO - Started process (PID=2902) to work on /home/airflow/.local/lib/python3.12/site-packages/airflow/example_dags/example_dynamic_task_mapping.py
[2026-05-31T13:38:23.473+0000] {processor.py:830} INFO - Processing file /home/airflow/.local/lib/python3.12/site-packages/airflow/example_dags/example_dynamic_task_mapping.py for tasks to queue
[2026-05-31T13:38:23.476+0000] {logging_mixin.py:188} INFO - [2026-05-31T13:38:23.475+0000] {dagbag.py:540} INFO - Filling up the DagBag from /home/airflow/.local/lib/python3.12/site-packages/airflow/example_dags/example_dynamic_task_mapping.py
[2026-05-31T13:38:23.490+0000] {processor.py:840} INFO - DAG(s) 'example_dynamic_task_mapping' retrieved from /home/airflow/.local/lib/python3.12/site-packages/airflow/example_dags/example_dynamic_task_mapping.py
[2026-05-31T13:38:23.508+0000] {logging_mixin.py:188} INFO - [2026-05-31T13:38:23.508+0000] {dag.py:3096} INFO - Sync 1 DAGs
[2026-05-31T13:38:23.529+0000] {logging_mixin.py:188} INFO - [2026-05-31T13:38:23.529+0000] {dag.py:3954} INFO - Setting next_dagrun for example_dynamic_task_mapping to 2022-03-04 00:00:00+00:00, run_after=2022-03-05 00:00:00+00:00
[2026-05-31T13:38:23.547+0000] {processor.py:183} INFO - Processing /home/airflow/.local/lib/python3.12/site-packages/airflow/example_dags/example_dynamic_task_mapping.py took 0.082 seconds
[2026-05-31T13:38:54.268+0000] {processor.py:161} INFO - Started process (PID=2961) to work on /home/airflow/.local/lib/python3.12/site-packages/airflow/example_dags/example_dynamic_task_mapping.py
[2026-05-31T13:38:54.269+0000] {processor.py:830} INFO - Processing file /home/airflow/.local/lib/python3.12/site-packages/airflow/example_dags/example_dynamic_task_mapping.py for tasks to queue
[2026-05-31T13:38:54.271+0000] {logging_mixin.py:188} INFO - [2026-05-31T13:38:54.271+0000] {dagbag.py:540} INFO - Filling up the DagBag from /home/airflow/.local/lib/python3.12/site-packages/airflow/example_dags/example_dynamic_task_mapping.py
[2026-05-31T13:38:54.277+0000] {processor.py:840} INFO - DAG(s) 'example_dynamic_task_mapping' retrieved from /home/airflow/.local/lib/python3.12/site-packages/airflow/example_dags/example_dynamic_task_mapping.py
[2026-05-31T13:38:54.293+0000] {logging_mixin.py:188} INFO - [2026-05-31T13:38:54.293+0000] {dag.py:3096} INFO - Sync 1 DAGs
[2026-05-31T13:38:54.315+0000] {logging_mixin.py:188} INFO - [2026-05-31T13:38:54.315+0000] {dag.py:3954} INFO - Setting next_dagrun for example_dynamic_task_mapping to 2022-03-04 00:00:00+00:00, run_after=2022-03-05 00:00:00+00:00
[2026-05-31T13:38:54.331+0000] {processor.py:183} INFO - Processing /home/airflow/.local/lib/python3.12/site-packages/airflow/example_dags/example_dynamic_task_mapping.py took 0.068 seconds
[2026-05-31T13:39:25.044+0000] {processor.py:161} INFO - Started process (PID=3020) to work on /home/airflow/.local/lib/python3.12/site-packages/airflow/example_dags/example_dynamic_task_mapping.py
[2026-05-31T13:39:25.047+0000] {processor.py:830} INFO - Processing file /home/airflow/.local/lib/python3.12/site-packages/airflow/example_dags/example_dynamic_task_mapping.py for tasks to queue
[2026-05-31T13:39:25.050+0000] {logging_mixin.py:188} INFO - [2026-05-31T13:39:25.050+0000] {dagbag.py:540} INFO - Filling up the DagBag from /home/airflow/.local/lib/python3.12/site-packages/airflow/example_dags/example_dynamic_task_mapping.py
[2026-05-31T13:39:25.059+0000] {processor.py:840} INFO - DAG(s) 'example_dynamic_task_mapping' retrieved from /home/airflow/.local/lib/python3.12/site-packages/airflow/example_dags/example_dynamic_task_mapping.py
[2026-05-31T13:39:25.082+0000] {logging_mixin.py:188} INFO - [2026-05-31T13:39:25.082+0000] {dag.py:3096} INFO - Sync 1 DAGs
[2026-05-31T13:39:25.109+0000] {logging_mixin.py:188} INFO - [2026-05-31T13:39:25.108+0000] {dag.py:3954} INFO - Setting next_dagrun for example_dynamic_task_mapping to 2022-03-04 00:00:00+00:00, run_after=2022-03-05 00:00:00+00:00
[2026-05-31T13:39:25.129+0000] {processor.py:183} INFO - Processing /home/airflow/.local/lib/python3.12/site-packages/airflow/example_dags/example_dynamic_task_mapping.py took 0.092 seconds
[2026-05-31T13:39:56.038+0000] {processor.py:161} INFO - Started process (PID=3079) to work on /home/airflow/.local/lib/python3.12/site-packages/airflow/example_dags/example_dynamic_task_mapping.py
[2026-05-31T13:39:56.040+0000] {processor.py:830} INFO - Processing file /home/airflow/.local/lib/python3.12/site-packages/airflow/example_dags/example_dynamic_task_mapping.py for tasks to queue
[2026-05-31T13:39:56.042+0000] {logging_mixin.py:188} INFO - [2026-05-31T13:39:56.041+0000] {dagbag.py:540} INFO - Filling up the DagBag from /home/airflow/.local/lib/python3.12/site-packages/airflow/example_dags/example_dynamic_task_mapping.py
[2026-05-31T13:39:56.048+0000] {processor.py:840} INFO - DAG(s) 'example_dynamic_task_mapping' retrieved from /home/airflow/.local/lib/python3.12/site-packages/airflow/example_dags/example_dynamic_task_mapping.py
[2026-05-31T13:39:56.064+0000] {logging_mixin.py:188} INFO - [2026-05-31T13:39:56.064+0000] {dag.py:3096} INFO - Sync 1 DAGs
[2026-05-31T13:39:56.083+0000] {logging_mixin.py:188} INFO - [2026-05-31T13:39:56.083+0000] {dag.py:3954} INFO - Setting next_dagrun for example_dynamic_task_mapping to 2022-03-04 00:00:00+00:00, run_after=2022-03-05 00:00:00+00:00
[2026-05-31T13:39:56.099+0000] {processor.py:183} INFO - Processing /home/airflow/.local/lib/python3.12/site-packages/airflow/example_dags/example_dynamic_task_mapping.py took 0.065 seconds
[2026-05-31T13:40:27.008+0000] {processor.py:161} INFO - Started process (PID=3138) to work on /home/airflow/.local/lib/python3.12/site-packages/airflow/example_dags/example_dynamic_task_mapping.py
[2026-05-31T13:40:27.009+0000] {processor.py:830} INFO - Processing file /home/airflow/.local/lib/python3.12/site-packages/airflow/example_dags/example_dynamic_task_mapping.py for tasks to queue
[2026-05-31T13:40:27.011+0000] {logging_mixin.py:188} INFO - [2026-05-31T13:40:27.011+0000] {dagbag.py:540} INFO - Filling up the DagBag from /home/airflow/.local/lib/python3.12/site-packages/airflow/example_dags/example_dynamic_task_mapping.py
[2026-05-31T13:40:27.017+0000] {processor.py:840} INFO - DAG(s) 'example_dynamic_task_mapping' retrieved from /home/airflow/.local/lib/python3.12/site-packages/airflow/example_dags/example_dynamic_task_mapping.py
[2026-05-31T13:40:27.034+0000] {logging_mixin.py:188} INFO - [2026-05-31T13:40:27.033+0000] {dag.py:3096} INFO - Sync 1 DAGs
[2026-05-31T13:40:27.052+0000] {logging_mixin.py:188} INFO - [2026-05-31T13:40:27.052+0000] {dag.py:3954} INFO - Setting next_dagrun for example_dynamic_task_mapping to 2022-03-04 00:00:00+00:00, run_after=2022-03-05 00:00:00+00:00
[2026-05-31T13:40:27.069+0000] {processor.py:183} INFO - Processing /home/airflow/.local/lib/python3.12/site-packages/airflow/example_dags/example_dynamic_task_mapping.py took 0.066 seconds
[2026-05-31T13:40:57.363+0000] {processor.py:161} INFO - Started process (PID=3197) to work on /home/airflow/.local/lib/python3.12/site-packages/airflow/example_dags/example_dynamic_task_mapping.py
[2026-05-31T13:40:57.364+0000] {processor.py:830} INFO - Processing file /home/airflow/.local/lib/python3.12/site-packages/airflow/example_dags/example_dynamic_task_mapping.py for tasks to queue
[2026-05-31T13:40:57.366+0000] {logging_mixin.py:188} INFO - [2026-05-31T13:40:57.366+0000] {dagbag.py:540} INFO - Filling up the DagBag from /home/airflow/.local/lib/python3.12/site-packages/airflow/example_dags/example_dynamic_task_mapping.py
[2026-05-31T13:40:57.372+0000] {processor.py:840} INFO - DAG(s) 'example_dynamic_task_mapping' retrieved from /home/airflow/.local/lib/python3.12/site-packages/airflow/example_dags/example_dynamic_task_mapping.py
[2026-05-31T13:40:57.387+0000] {logging_mixin.py:188} INFO - [2026-05-31T13:40:57.387+0000] {dag.py:3096} INFO - Sync 1 DAGs
[2026-05-31T13:40:57.405+0000] {logging_mixin.py:188} INFO - [2026-05-31T13:40:57.405+0000] {dag.py:3954} INFO - Setting next_dagrun for example_dynamic_task_mapping to 2022-03-04 00:00:00+00:00, run_after=2022-03-05 00:00:00+00:00
[2026-05-31T13:40:57.419+0000] {processor.py:183} INFO - Processing /home/airflow/.local/lib/python3.12/site-packages/airflow/example_dags/example_dynamic_task_mapping.py took 0.061 seconds
[2026-05-31T13:41:27.982+0000] {processor.py:161} INFO - Started process (PID=3256) to work on /home/airflow/.local/lib/python3.12/site-packages/airflow/example_dags/example_dynamic_task_mapping.py
[2026-05-31T13:41:27.983+0000] {processor.py:830} INFO - Processing file /home/airflow/.local/lib/python3.12/site-packages/airflow/example_dags/example_dynamic_task_mapping.py for tasks to queue
[2026-05-31T13:41:27.986+0000] {logging_mixin.py:188} INFO - [2026-05-31T13:41:27.985+0000] {dagbag.py:540} INFO - Filling up the DagBag from /home/airflow/.local/lib/python3.12/site-packages/airflow/example_dags/example_dynamic_task_mapping.py
[2026-05-31T13:41:27.994+0000] {processor.py:840} INFO - DAG(s) 'example_dynamic_task_mapping' retrieved from /home/airflow/.local/lib/python3.12/site-packages/airflow/example_dags/example_dynamic_task_mapping.py
[2026-05-31T13:41:28.010+0000] {logging_mixin.py:188} INFO - [2026-05-31T13:41:28.010+0000] {dag.py:3096} INFO - Sync 1 DAGs
[2026-05-31T13:41:28.029+0000] {logging_mixin.py:188} INFO - [2026-05-31T13:41:28.029+0000] {dag.py:3954} INFO - Setting next_dagrun for example_dynamic_task_mapping to 2022-03-04 00:00:00+00:00, run_after=2022-03-05 00:00:00+00:00
[2026-05-31T13:41:28.044+0000] {processor.py:183} INFO - Processing /home/airflow/.local/lib/python3.12/site-packages/airflow/example_dags/example_dynamic_task_mapping.py took 0.068 seconds
[2026-05-31T13:41:58.518+0000] {processor.py:161} INFO - Started process (PID=3321) to work on /home/airflow/.local/lib/python3.12/site-packages/airflow/example_dags/example_dynamic_task_mapping.py
[2026-05-31T13:41:58.520+0000] {processor.py:830} INFO - Processing file /home/airflow/.local/lib/python3.12/site-packages/airflow/example_dags/example_dynamic_task_mapping.py for tasks to queue
[2026-05-31T13:41:58.521+0000] {logging_mixin.py:188} INFO - [2026-05-31T13:41:58.521+0000] {dagbag.py:540} INFO - Filling up the DagBag from /home/airflow/.local/lib/python3.12/site-packages/airflow/example_dags/example_dynamic_task_mapping.py
[2026-05-31T13:41:58.527+0000] {processor.py:840} INFO - DAG(s) 'example_dynamic_task_mapping' retrieved from /home/airflow/.local/lib/python3.12/site-packages/airflow/example_dags/example_dynamic_task_mapping.py
[2026-05-31T13:41:58.543+0000] {logging_mixin.py:188} INFO - [2026-05-31T13:41:58.543+0000] {dag.py:3096} INFO - Sync 1 DAGs
[2026-05-31T13:41:58.562+0000] {logging_mixin.py:188} INFO - [2026-05-31T13:41:58.562+0000] {dag.py:3954} INFO - Setting next_dagrun for example_dynamic_task_mapping to 2022-03-04 00:00:00+00:00, run_after=2022-03-05 00:00:00+00:00
[2026-05-31T13:41:58.579+0000] {processor.py:183} INFO - Processing /home/airflow/.local/lib/python3.12/site-packages/airflow/example_dags/example_dynamic_task_mapping.py took 0.066 seconds
[2026-05-31T13:42:29.043+0000] {processor.py:161} INFO - Started process (PID=3380) to work on /home/airflow/.local/lib/python3.12/site-packages/airflow/example_dags/example_dynamic_task_mapping.py
[2026-05-31T13:42:29.044+0000] {processor.py:830} INFO - Processing file /home/airflow/.local/lib/python3.12/site-packages/airflow/example_dags/example_dynamic_task_mapping.py for tasks to queue
[2026-05-31T13:42:29.046+0000] {logging_mixin.py:188} INFO - [2026-05-31T13:42:29.046+0000] {dagbag.py:540} INFO - Filling up the DagBag from /home/airflow/.local/lib/python3.12/site-packages/airflow/example_dags/example_dynamic_task_mapping.py
[2026-05-31T13:42:29.052+0000] {processor.py:840} INFO - DAG(s) 'example_dynamic_task_mapping' retrieved from /home/airflow/.local/lib/python3.12/site-packages/airflow/example_dags/example_dynamic_task_mapping.py
[2026-05-31T13:42:29.068+0000] {logging_mixin.py:188} INFO - [2026-05-31T13:42:29.067+0000] {dag.py:3096} INFO - Sync 1 DAGs
[2026-05-31T13:42:29.084+0000] {logging_mixin.py:188} INFO - [2026-05-31T13:42:29.084+0000] {dag.py:3954} INFO - Setting next_dagrun for example_dynamic_task_mapping to 2022-03-04 00:00:00+00:00, run_after=2022-03-05 00:00:00+00:00
[2026-05-31T13:42:29.099+0000] {processor.py:183} INFO - Processing /home/airflow/.local/lib/python3.12/site-packages/airflow/example_dags/example_dynamic_task_mapping.py took 0.060 seconds
[2026-05-31T13:42:59.547+0000] {processor.py:161} INFO - Started process (PID=3439) to work on /home/airflow/.local/lib/python3.12/site-packages/airflow/example_dags/example_dynamic_task_mapping.py
[2026-05-31T13:42:59.548+0000] {processor.py:830} INFO - Processing file /home/airflow/.local/lib/python3.12/site-packages/airflow/example_dags/example_dynamic_task_mapping.py for tasks to queue
[2026-05-31T13:42:59.550+0000] {logging_mixin.py:188} INFO - [2026-05-31T13:42:59.549+0000] {dagbag.py:540} INFO - Filling up the DagBag from /home/airflow/.local/lib/python3.12/site-packages/airflow/example_dags/example_dynamic_task_mapping.py
[2026-05-31T13:42:59.555+0000] {processor.py:840} INFO - DAG(s) 'example_dynamic_task_mapping' retrieved from /home/airflow/.local/lib/python3.12/site-packages/airflow/example_dags/example_dynamic_task_mapping.py
[2026-05-31T13:42:59.572+0000] {logging_mixin.py:188} INFO - [2026-05-31T13:42:59.571+0000] {dag.py:3096} INFO - Sync 1 DAGs
[2026-05-31T13:42:59.588+0000] {logging_mixin.py:188} INFO - [2026-05-31T13:42:59.588+0000] {dag.py:3954} INFO - Setting next_dagrun for example_dynamic_task_mapping to 2022-03-04 00:00:00+00:00, run_after=2022-03-05 00:00:00+00:00
[2026-05-31T13:42:59.602+0000] {processor.py:183} INFO - Processing /home/airflow/.local/lib/python3.12/site-packages/airflow/example_dags/example_dynamic_task_mapping.py took 0.060 seconds
[2026-05-31T13:43:30.280+0000] {processor.py:161} INFO - Started process (PID=3498) to work on /home/airflow/.local/lib/python3.12/site-packages/airflow/example_dags/example_dynamic_task_mapping.py
[2026-05-31T13:43:30.281+0000] {processor.py:830} INFO - Processing file /home/airflow/.local/lib/python3.12/site-packages/airflow/example_dags/example_dynamic_task_mapping.py for tasks to queue
[2026-05-31T13:43:30.283+0000] {logging_mixin.py:188} INFO - [2026-05-31T13:43:30.282+0000] {dagbag.py:540} INFO - Filling up the DagBag from /home/airflow/.local/lib/python3.12/site-packages/airflow/example_dags/example_dynamic_task_mapping.py
[2026-05-31T13:43:30.289+0000] {processor.py:840} INFO - DAG(s) 'example_dynamic_task_mapping' retrieved from /home/airflow/.local/lib/python3.12/site-packages/airflow/example_dags/example_dynamic_task_mapping.py
[2026-05-31T13:43:30.305+0000] {logging_mixin.py:188} INFO - [2026-05-31T13:43:30.305+0000] {dag.py:3096} INFO - Sync 1 DAGs
[2026-05-31T13:43:30.323+0000] {logging_mixin.py:188} INFO - [2026-05-31T13:43:30.323+0000] {dag.py:3954} INFO - Setting next_dagrun for example_dynamic_task_mapping to 2022-03-04 00:00:00+00:00, run_after=2022-03-05 00:00:00+00:00
[2026-05-31T13:43:30.338+0000] {processor.py:183} INFO - Processing /home/airflow/.local/lib/python3.12/site-packages/airflow/example_dags/example_dynamic_task_mapping.py took 0.063 seconds
[2026-05-31T13:44:01.355+0000] {processor.py:161} INFO - Started process (PID=3557) to work on /home/airflow/.local/lib/python3.12/site-packages/airflow/example_dags/example_dynamic_task_mapping.py
[2026-05-31T13:44:01.356+0000] {processor.py:830} INFO - Processing file /home/airflow/.local/lib/python3.12/site-packages/airflow/example_dags/example_dynamic_task_mapping.py for tasks to queue
[2026-05-31T13:44:01.358+0000] {logging_mixin.py:188} INFO - [2026-05-31T13:44:01.358+0000] {dagbag.py:540} INFO - Filling up the DagBag from /home/airflow/.local/lib/python3.12/site-packages/airflow/example_dags/example_dynamic_task_mapping.py
[2026-05-31T13:44:01.367+0000] {processor.py:840} INFO - DAG(s) 'example_dynamic_task_mapping' retrieved from /home/airflow/.local/lib/python3.12/site-packages/airflow/example_dags/example_dynamic_task_mapping.py
[2026-05-31T13:44:01.388+0000] {logging_mixin.py:188} INFO - [2026-05-31T13:44:01.388+0000] {dag.py:3096} INFO - Sync 1 DAGs
[2026-05-31T13:44:01.411+0000] {logging_mixin.py:188} INFO - [2026-05-31T13:44:01.411+0000] {dag.py:3954} INFO - Setting next_dagrun for example_dynamic_task_mapping to 2022-03-04 00:00:00+00:00, run_after=2022-03-05 00:00:00+00:00
[2026-05-31T13:44:01.438+0000] {processor.py:183} INFO - Processing /home/airflow/.local/lib/python3.12/site-packages/airflow/example_dags/example_dynamic_task_mapping.py took 0.091 seconds
[2026-05-31T13:44:32.272+0000] {processor.py:161} INFO - Started process (PID=3616) to work on /home/airflow/.local/lib/python3.12/site-packages/airflow/example_dags/example_dynamic_task_mapping.py
[2026-05-31T13:44:32.273+0000] {processor.py:830} INFO - Processing file /home/airflow/.local/lib/python3.12/site-packages/airflow/example_dags/example_dynamic_task_mapping.py for tasks to queue
[2026-05-31T13:44:32.274+0000] {logging_mixin.py:188} INFO - [2026-05-31T13:44:32.274+0000] {dagbag.py:540} INFO - Filling up the DagBag from /home/airflow/.local/lib/python3.12/site-packages/airflow/example_dags/example_dynamic_task_mapping.py
[2026-05-31T13:44:32.280+0000] {processor.py:840} INFO - DAG(s) 'example_dynamic_task_mapping' retrieved from /home/airflow/.local/lib/python3.12/site-packages/airflow/example_dags/example_dynamic_task_mapping.py
[2026-05-31T13:44:32.296+0000] {logging_mixin.py:188} INFO - [2026-05-31T13:44:32.295+0000] {dag.py:3096} INFO - Sync 1 DAGs
[2026-05-31T13:44:32.316+0000] {logging_mixin.py:188} INFO - [2026-05-31T13:44:32.316+0000] {dag.py:3954} INFO - Setting next_dagrun for example_dynamic_task_mapping to 2022-03-04 00:00:00+00:00, run_after=2022-03-05 00:00:00+00:00
[2026-05-31T13:44:32.334+0000] {processor.py:183} INFO - Processing /home/airflow/.local/lib/python3.12/site-packages/airflow/example_dags/example_dynamic_task_mapping.py took 0.067 seconds
[2026-05-31T13:45:02.563+0000] {processor.py:161} INFO - Started process (PID=3675) to work on /home/airflow/.local/lib/python3.12/site-packages/airflow/example_dags/example_dynamic_task_mapping.py
[2026-05-31T13:45:02.564+0000] {processor.py:830} INFO - Processing file /home/airflow/.local/lib/python3.12/site-packages/airflow/example_dags/example_dynamic_task_mapping.py for tasks to queue
[2026-05-31T13:45:02.565+0000] {logging_mixin.py:188} INFO - [2026-05-31T13:45:02.565+0000] {dagbag.py:540} INFO - Filling up the DagBag from /home/airflow/.local/lib/python3.12/site-packages/airflow/example_dags/example_dynamic_task_mapping.py
[2026-05-31T13:45:02.571+0000] {processor.py:840} INFO - DAG(s) 'example_dynamic_task_mapping' retrieved from /home/airflow/.local/lib/python3.12/site-packages/airflow/example_dags/example_dynamic_task_mapping.py
[2026-05-31T13:45:02.586+0000] {logging_mixin.py:188} INFO - [2026-05-31T13:45:02.585+0000] {dag.py:3096} INFO - Sync 1 DAGs
[2026-05-31T13:45:02.601+0000] {logging_mixin.py:188} INFO - [2026-05-31T13:45:02.601+0000] {dag.py:3954} INFO - Setting next_dagrun for example_dynamic_task_mapping to 2022-03-04 00:00:00+00:00, run_after=2022-03-05 00:00:00+00:00
[2026-05-31T13:45:02.615+0000] {processor.py:183} INFO - Processing /home/airflow/.local/lib/python3.12/site-packages/airflow/example_dags/example_dynamic_task_mapping.py took 0.057 seconds
[2026-05-31T13:45:32.914+0000] {processor.py:161} INFO - Started process (PID=3734) to work on /home/airflow/.local/lib/python3.12/site-packages/airflow/example_dags/example_dynamic_task_mapping.py
[2026-05-31T13:45:32.915+0000] {processor.py:830} INFO - Processing file /home/airflow/.local/lib/python3.12/site-packages/airflow/example_dags/example_dynamic_task_mapping.py for tasks to queue
[2026-05-31T13:45:32.917+0000] {logging_mixin.py:188} INFO - [2026-05-31T13:45:32.917+0000] {dagbag.py:540} INFO - Filling up the DagBag from /home/airflow/.local/lib/python3.12/site-packages/airflow/example_dags/example_dynamic_task_mapping.py
[2026-05-31T13:45:32.922+0000] {processor.py:840} INFO - DAG(s) 'example_dynamic_task_mapping' retrieved from /home/airflow/.local/lib/python3.12/site-packages/airflow/example_dags/example_dynamic_task_mapping.py
[2026-05-31T13:45:32.937+0000] {logging_mixin.py:188} INFO - [2026-05-31T13:45:32.937+0000] {dag.py:3096} INFO - Sync 1 DAGs
[2026-05-31T13:45:32.953+0000] {logging_mixin.py:188} INFO - [2026-05-31T13:45:32.953+0000] {dag.py:3954} INFO - Setting next_dagrun for example_dynamic_task_mapping to 2022-03-04 00:00:00+00:00, run_after=2022-03-05 00:00:00+00:00
[2026-05-31T13:45:32.968+0000] {processor.py:183} INFO - Processing /home/airflow/.local/lib/python3.12/site-packages/airflow/example_dags/example_dynamic_task_mapping.py took 0.059 seconds
[2026-05-31T13:46:03.199+0000] {processor.py:161} INFO - Started process (PID=3793) to work on /home/airflow/.local/lib/python3.12/site-packages/airflow/example_dags/example_dynamic_task_mapping.py
[2026-05-31T13:46:03.201+0000] {processor.py:830} INFO - Processing file /home/airflow/.local/lib/python3.12/site-packages/airflow/example_dags/example_dynamic_task_mapping.py for tasks to queue
[2026-05-31T13:46:03.202+0000] {logging_mixin.py:188} INFO - [2026-05-31T13:46:03.202+0000] {dagbag.py:540} INFO - Filling up the DagBag from /home/airflow/.local/lib/python3.12/site-packages/airflow/example_dags/example_dynamic_task_mapping.py
[2026-05-31T13:46:03.208+0000] {processor.py:840} INFO - DAG(s) 'example_dynamic_task_mapping' retrieved from /home/airflow/.local/lib/python3.12/site-packages/airflow/example_dags/example_dynamic_task_mapping.py
[2026-05-31T13:46:03.223+0000] {logging_mixin.py:188} INFO - [2026-05-31T13:46:03.223+0000] {dag.py:3096} INFO - Sync 1 DAGs
[2026-05-31T13:46:03.239+0000] {logging_mixin.py:188} INFO - [2026-05-31T13:46:03.239+0000] {dag.py:3954} INFO - Setting next_dagrun for example_dynamic_task_mapping to 2022-03-04 00:00:00+00:00, run_after=2022-03-05 00:00:00+00:00
[2026-05-31T13:46:03.253+0000] {processor.py:183} INFO - Processing /home/airflow/.local/lib/python3.12/site-packages/airflow/example_dags/example_dynamic_task_mapping.py took 0.058 seconds
[2026-05-31T13:46:33.471+0000] {processor.py:161} INFO - Started process (PID=3852) to work on /home/airflow/.local/lib/python3.12/site-packages/airflow/example_dags/example_dynamic_task_mapping.py
[2026-05-31T13:46:33.473+0000] {processor.py:830} INFO - Processing file /home/airflow/.local/lib/python3.12/site-packages/airflow/example_dags/example_dynamic_task_mapping.py for tasks to queue
[2026-05-31T13:46:33.474+0000] {logging_mixin.py:188} INFO - [2026-05-31T13:46:33.474+0000] {dagbag.py:540} INFO - Filling up the DagBag from /home/airflow/.local/lib/python3.12/site-packages/airflow/example_dags/example_dynamic_task_mapping.py
[2026-05-31T13:46:33.480+0000] {processor.py:840} INFO - DAG(s) 'example_dynamic_task_mapping' retrieved from /home/airflow/.local/lib/python3.12/site-packages/airflow/example_dags/example_dynamic_task_mapping.py
[2026-05-31T13:46:33.494+0000] {logging_mixin.py:188} INFO - [2026-05-31T13:46:33.494+0000] {dag.py:3096} INFO - Sync 1 DAGs
[2026-05-31T13:46:33.511+0000] {logging_mixin.py:188} INFO - [2026-05-31T13:46:33.510+0000] {dag.py:3954} INFO - Setting next_dagrun for example_dynamic_task_mapping to 2022-03-04 00:00:00+00:00, run_after=2022-03-05 00:00:00+00:00
[2026-05-31T13:46:33.525+0000] {processor.py:183} INFO - Processing /home/airflow/.local/lib/python3.12/site-packages/airflow/example_dags/example_dynamic_task_mapping.py took 0.059 seconds
[2026-05-31T13:47:03.938+0000] {processor.py:161} INFO - Started process (PID=3911) to work on /home/airflow/.local/lib/python3.12/site-packages/airflow/example_dags/example_dynamic_task_mapping.py
[2026-05-31T13:47:03.939+0000] {processor.py:830} INFO - Processing file /home/airflow/.local/lib/python3.12/site-packages/airflow/example_dags/example_dynamic_task_mapping.py for tasks to queue
[2026-05-31T13:47:03.941+0000] {logging_mixin.py:188} INFO - [2026-05-31T13:47:03.941+0000] {dagbag.py:540} INFO - Filling up the DagBag from /home/airflow/.local/lib/python3.12/site-packages/airflow/example_dags/example_dynamic_task_mapping.py
[2026-05-31T13:47:03.948+0000] {processor.py:840} INFO - DAG(s) 'example_dynamic_task_mapping' retrieved from /home/airflow/.local/lib/python3.12/site-packages/airflow/example_dags/example_dynamic_task_mapping.py
[2026-05-31T13:47:03.967+0000] {logging_mixin.py:188} INFO - [2026-05-31T13:47:03.967+0000] {dag.py:3096} INFO - Sync 1 DAGs
[2026-05-31T13:47:03.988+0000] {logging_mixin.py:188} INFO - [2026-05-31T13:47:03.988+0000] {dag.py:3954} INFO - Setting next_dagrun for example_dynamic_task_mapping to 2022-03-04 00:00:00+00:00, run_after=2022-03-05 00:00:00+00:00
[2026-05-31T13:47:04.010+0000] {processor.py:183} INFO - Processing /home/airflow/.local/lib/python3.12/site-packages/airflow/example_dags/example_dynamic_task_mapping.py took 0.078 seconds
[2026-05-31T13:47:34.748+0000] {processor.py:161} INFO - Started process (PID=3970) to work on /home/airflow/.local/lib/python3.12/site-packages/airflow/example_dags/example_dynamic_task_mapping.py
[2026-05-31T13:47:34.750+0000] {processor.py:830} INFO - Processing file /home/airflow/.local/lib/python3.12/site-packages/airflow/example_dags/example_dynamic_task_mapping.py for tasks to queue
[2026-05-31T13:47:34.752+0000] {logging_mixin.py:188} INFO - [2026-05-31T13:47:34.752+0000] {dagbag.py:540} INFO - Filling up the DagBag from /home/airflow/.local/lib/python3.12/site-packages/airflow/example_dags/example_dynamic_task_mapping.py
[2026-05-31T13:47:34.759+0000] {processor.py:840} INFO - DAG(s) 'example_dynamic_task_mapping' retrieved from /home/airflow/.local/lib/python3.12/site-packages/airflow/example_dags/example_dynamic_task_mapping.py
[2026-05-31T13:47:34.780+0000] {logging_mixin.py:188} INFO - [2026-05-31T13:47:34.780+0000] {dag.py:3096} INFO - Sync 1 DAGs
[2026-05-31T13:47:34.803+0000] {logging_mixin.py:188} INFO - [2026-05-31T13:47:34.803+0000] {dag.py:3954} INFO - Setting next_dagrun for example_dynamic_task_mapping to 2022-03-04 00:00:00+00:00, run_after=2022-03-05 00:00:00+00:00
[2026-05-31T13:47:34.825+0000] {processor.py:183} INFO - Processing /home/airflow/.local/lib/python3.12/site-packages/airflow/example_dags/example_dynamic_task_mapping.py took 0.083 seconds
[2026-05-31T14:07:19.601+0000] {processor.py:161} INFO - Started process (PID=125) to work on /home/airflow/.local/lib/python3.12/site-packages/airflow/example_dags/example_dynamic_task_mapping.py
[2026-05-31T14:07:19.603+0000] {processor.py:830} INFO - Processing file /home/airflow/.local/lib/python3.12/site-packages/airflow/example_dags/example_dynamic_task_mapping.py for tasks to queue
[2026-05-31T14:07:19.604+0000] {logging_mixin.py:188} INFO - [2026-05-31T14:07:19.604+0000] {dagbag.py:540} INFO - Filling up the DagBag from /home/airflow/.local/lib/python3.12/site-packages/airflow/example_dags/example_dynamic_task_mapping.py
[2026-05-31T14:07:19.611+0000] {processor.py:840} INFO - DAG(s) 'example_dynamic_task_mapping' retrieved from /home/airflow/.local/lib/python3.12/site-packages/airflow/example_dags/example_dynamic_task_mapping.py
[2026-05-31T14:07:19.625+0000] {logging_mixin.py:188} INFO - [2026-05-31T14:07:19.624+0000] {dag.py:3096} INFO - Sync 1 DAGs
[2026-05-31T14:07:19.650+0000] {logging_mixin.py:188} INFO - [2026-05-31T14:07:19.650+0000] {dag.py:3954} INFO - Setting next_dagrun for example_dynamic_task_mapping to 2022-03-04 00:00:00+00:00, run_after=2022-03-05 00:00:00+00:00
[2026-05-31T14:07:19.673+0000] {processor.py:183} INFO - Processing /home/airflow/.local/lib/python3.12/site-packages/airflow/example_dags/example_dynamic_task_mapping.py took 0.078 seconds
[2026-05-31T14:07:51.179+0000] {processor.py:161} INFO - Started process (PID=184) to work on /home/airflow/.local/lib/python3.12/site-packages/airflow/example_dags/example_dynamic_task_mapping.py
[2026-05-31T14:07:51.181+0000] {processor.py:830} INFO - Processing file /home/airflow/.local/lib/python3.12/site-packages/airflow/example_dags/example_dynamic_task_mapping.py for tasks to queue
[2026-05-31T14:07:51.183+0000] {logging_mixin.py:188} INFO - [2026-05-31T14:07:51.183+0000] {dagbag.py:540} INFO - Filling up the DagBag from /home/airflow/.local/lib/python3.12/site-packages/airflow/example_dags/example_dynamic_task_mapping.py
[2026-05-31T14:07:51.190+0000] {processor.py:840} INFO - DAG(s) 'example_dynamic_task_mapping' retrieved from /home/airflow/.local/lib/python3.12/site-packages/airflow/example_dags/example_dynamic_task_mapping.py
[2026-05-31T14:07:51.293+0000] {logging_mixin.py:188} INFO - [2026-05-31T14:07:51.292+0000] {dag.py:3096} INFO - Sync 1 DAGs
[2026-05-31T14:07:51.313+0000] {logging_mixin.py:188} INFO - [2026-05-31T14:07:51.313+0000] {dag.py:3954} INFO - Setting next_dagrun for example_dynamic_task_mapping to 2022-03-04 00:00:00+00:00, run_after=2022-03-05 00:00:00+00:00
[2026-05-31T14:07:51.334+0000] {processor.py:183} INFO - Processing /home/airflow/.local/lib/python3.12/site-packages/airflow/example_dags/example_dynamic_task_mapping.py took 0.160 seconds
[2026-05-31T14:08:21.829+0000] {processor.py:161} INFO - Started process (PID=249) to work on /home/airflow/.local/lib/python3.12/site-packages/airflow/example_dags/example_dynamic_task_mapping.py
[2026-05-31T14:08:21.831+0000] {processor.py:830} INFO - Processing file /home/airflow/.local/lib/python3.12/site-packages/airflow/example_dags/example_dynamic_task_mapping.py for tasks to queue
[2026-05-31T14:08:21.833+0000] {logging_mixin.py:188} INFO - [2026-05-31T14:08:21.832+0000] {dagbag.py:540} INFO - Filling up the DagBag from /home/airflow/.local/lib/python3.12/site-packages/airflow/example_dags/example_dynamic_task_mapping.py
[2026-05-31T14:08:21.838+0000] {processor.py:840} INFO - DAG(s) 'example_dynamic_task_mapping' retrieved from /home/airflow/.local/lib/python3.12/site-packages/airflow/example_dags/example_dynamic_task_mapping.py
[2026-05-31T14:08:21.854+0000] {logging_mixin.py:188} INFO - [2026-05-31T14:08:21.854+0000] {dag.py:3096} INFO - Sync 1 DAGs
[2026-05-31T14:08:21.873+0000] {logging_mixin.py:188} INFO - [2026-05-31T14:08:21.873+0000] {dag.py:3954} INFO - Setting next_dagrun for example_dynamic_task_mapping to 2022-03-04 00:00:00+00:00, run_after=2022-03-05 00:00:00+00:00
[2026-05-31T14:08:21.888+0000] {processor.py:183} INFO - Processing /home/airflow/.local/lib/python3.12/site-packages/airflow/example_dags/example_dynamic_task_mapping.py took 0.063 seconds
[2026-05-31T14:08:52.065+0000] {processor.py:161} INFO - Started process (PID=308) to work on /home/airflow/.local/lib/python3.12/site-packages/airflow/example_dags/example_dynamic_task_mapping.py
[2026-05-31T14:08:52.066+0000] {processor.py:830} INFO - Processing file /home/airflow/.local/lib/python3.12/site-packages/airflow/example_dags/example_dynamic_task_mapping.py for tasks to queue
[2026-05-31T14:08:52.067+0000] {logging_mixin.py:188} INFO - [2026-05-31T14:08:52.067+0000] {dagbag.py:540} INFO - Filling up the DagBag from /home/airflow/.local/lib/python3.12/site-packages/airflow/example_dags/example_dynamic_task_mapping.py
[2026-05-31T14:08:52.073+0000] {processor.py:840} INFO - DAG(s) 'example_dynamic_task_mapping' retrieved from /home/airflow/.local/lib/python3.12/site-packages/airflow/example_dags/example_dynamic_task_mapping.py
[2026-05-31T14:08:52.091+0000] {logging_mixin.py:188} INFO - [2026-05-31T14:08:52.091+0000] {dag.py:3096} INFO - Sync 1 DAGs
[2026-05-31T14:08:52.110+0000] {logging_mixin.py:188} INFO - [2026-05-31T14:08:52.109+0000] {dag.py:3954} INFO - Setting next_dagrun for example_dynamic_task_mapping to 2022-03-04 00:00:00+00:00, run_after=2022-03-05 00:00:00+00:00
[2026-05-31T14:08:52.129+0000] {processor.py:183} INFO - Processing /home/airflow/.local/lib/python3.12/site-packages/airflow/example_dags/example_dynamic_task_mapping.py took 0.071 seconds
[2026-05-31T14:09:22.254+0000] {processor.py:161} INFO - Started process (PID=367) to work on /home/airflow/.local/lib/python3.12/site-packages/airflow/example_dags/example_dynamic_task_mapping.py
[2026-05-31T14:09:22.255+0000] {processor.py:830} INFO - Processing file /home/airflow/.local/lib/python3.12/site-packages/airflow/example_dags/example_dynamic_task_mapping.py for tasks to queue
[2026-05-31T14:09:22.256+0000] {logging_mixin.py:188} INFO - [2026-05-31T14:09:22.256+0000] {dagbag.py:540} INFO - Filling up the DagBag from /home/airflow/.local/lib/python3.12/site-packages/airflow/example_dags/example_dynamic_task_mapping.py
[2026-05-31T14:09:22.262+0000] {processor.py:840} INFO - DAG(s) 'example_dynamic_task_mapping' retrieved from /home/airflow/.local/lib/python3.12/site-packages/airflow/example_dags/example_dynamic_task_mapping.py
[2026-05-31T14:09:22.276+0000] {logging_mixin.py:188} INFO - [2026-05-31T14:09:22.276+0000] {dag.py:3096} INFO - Sync 1 DAGs
[2026-05-31T14:09:22.294+0000] {logging_mixin.py:188} INFO - [2026-05-31T14:09:22.294+0000] {dag.py:3954} INFO - Setting next_dagrun for example_dynamic_task_mapping to 2022-03-04 00:00:00+00:00, run_after=2022-03-05 00:00:00+00:00
[2026-05-31T14:09:22.310+0000] {processor.py:183} INFO - Processing /home/airflow/.local/lib/python3.12/site-packages/airflow/example_dags/example_dynamic_task_mapping.py took 0.061 seconds
[2026-05-31T14:09:52.410+0000] {processor.py:161} INFO - Started process (PID=427) to work on /home/airflow/.local/lib/python3.12/site-packages/airflow/example_dags/example_dynamic_task_mapping.py
[2026-05-31T14:09:52.411+0000] {processor.py:830} INFO - Processing file /home/airflow/.local/lib/python3.12/site-packages/airflow/example_dags/example_dynamic_task_mapping.py for tasks to queue
[2026-05-31T14:09:52.413+0000] {logging_mixin.py:188} INFO - [2026-05-31T14:09:52.413+0000] {dagbag.py:540} INFO - Filling up the DagBag from /home/airflow/.local/lib/python3.12/site-packages/airflow/example_dags/example_dynamic_task_mapping.py
[2026-05-31T14:09:52.418+0000] {processor.py:840} INFO - DAG(s) 'example_dynamic_task_mapping' retrieved from /home/airflow/.local/lib/python3.12/site-packages/airflow/example_dags/example_dynamic_task_mapping.py
[2026-05-31T14:09:52.434+0000] {logging_mixin.py:188} INFO - [2026-05-31T14:09:52.433+0000] {dag.py:3096} INFO - Sync 1 DAGs
[2026-05-31T14:09:52.450+0000] {logging_mixin.py:188} INFO - [2026-05-31T14:09:52.449+0000] {dag.py:3954} INFO - Setting next_dagrun for example_dynamic_task_mapping to 2022-03-04 00:00:00+00:00, run_after=2022-03-05 00:00:00+00:00
[2026-05-31T14:09:52.466+0000] {processor.py:183} INFO - Processing /home/airflow/.local/lib/python3.12/site-packages/airflow/example_dags/example_dynamic_task_mapping.py took 0.061 seconds
[2026-05-31T14:10:22.644+0000] {processor.py:161} INFO - Started process (PID=486) to work on /home/airflow/.local/lib/python3.12/site-packages/airflow/example_dags/example_dynamic_task_mapping.py
[2026-05-31T14:10:22.645+0000] {processor.py:830} INFO - Processing file /home/airflow/.local/lib/python3.12/site-packages/airflow/example_dags/example_dynamic_task_mapping.py for tasks to queue
[2026-05-31T14:10:22.648+0000] {logging_mixin.py:188} INFO - [2026-05-31T14:10:22.647+0000] {dagbag.py:540} INFO - Filling up the DagBag from /home/airflow/.local/lib/python3.12/site-packages/airflow/example_dags/example_dynamic_task_mapping.py
[2026-05-31T14:10:22.654+0000] {processor.py:840} INFO - DAG(s) 'example_dynamic_task_mapping' retrieved from /home/airflow/.local/lib/python3.12/site-packages/airflow/example_dags/example_dynamic_task_mapping.py
[2026-05-31T14:10:22.670+0000] {logging_mixin.py:188} INFO - [2026-05-31T14:10:22.670+0000] {dag.py:3096} INFO - Sync 1 DAGs
[2026-05-31T14:10:22.687+0000] {logging_mixin.py:188} INFO - [2026-05-31T14:10:22.687+0000] {dag.py:3954} INFO - Setting next_dagrun for example_dynamic_task_mapping to 2022-03-04 00:00:00+00:00, run_after=2022-03-05 00:00:00+00:00
[2026-05-31T14:10:22.702+0000] {processor.py:183} INFO - Processing /home/airflow/.local/lib/python3.12/site-packages/airflow/example_dags/example_dynamic_task_mapping.py took 0.064 seconds
[2026-05-31T14:10:53.761+0000] {processor.py:161} INFO - Started process (PID=545) to work on /home/airflow/.local/lib/python3.12/site-packages/airflow/example_dags/example_dynamic_task_mapping.py
[2026-05-31T14:10:53.762+0000] {processor.py:830} INFO - Processing file /home/airflow/.local/lib/python3.12/site-packages/airflow/example_dags/example_dynamic_task_mapping.py for tasks to queue
[2026-05-31T14:10:53.763+0000] {logging_mixin.py:188} INFO - [2026-05-31T14:10:53.763+0000] {dagbag.py:540} INFO - Filling up the DagBag from /home/airflow/.local/lib/python3.12/site-packages/airflow/example_dags/example_dynamic_task_mapping.py
[2026-05-31T14:10:53.769+0000] {processor.py:840} INFO - DAG(s) 'example_dynamic_task_mapping' retrieved from /home/airflow/.local/lib/python3.12/site-packages/airflow/example_dags/example_dynamic_task_mapping.py
[2026-05-31T14:10:53.787+0000] {logging_mixin.py:188} INFO - [2026-05-31T14:10:53.787+0000] {dag.py:3096} INFO - Sync 1 DAGs
[2026-05-31T14:10:53.804+0000] {logging_mixin.py:188} INFO - [2026-05-31T14:10:53.804+0000] {dag.py:3954} INFO - Setting next_dagrun for example_dynamic_task_mapping to 2022-03-04 00:00:00+00:00, run_after=2022-03-05 00:00:00+00:00
[2026-05-31T14:10:53.822+0000] {processor.py:183} INFO - Processing /home/airflow/.local/lib/python3.12/site-packages/airflow/example_dags/example_dynamic_task_mapping.py took 0.069 seconds
[2026-05-31T14:11:24.374+0000] {processor.py:161} INFO - Started process (PID=604) to work on /home/airflow/.local/lib/python3.12/site-packages/airflow/example_dags/example_dynamic_task_mapping.py
[2026-05-31T14:11:24.376+0000] {processor.py:830} INFO - Processing file /home/airflow/.local/lib/python3.12/site-packages/airflow/example_dags/example_dynamic_task_mapping.py for tasks to queue
[2026-05-31T14:11:24.381+0000] {logging_mixin.py:188} INFO - [2026-05-31T14:11:24.380+0000] {dagbag.py:540} INFO - Filling up the DagBag from /home/airflow/.local/lib/python3.12/site-packages/airflow/example_dags/example_dynamic_task_mapping.py
[2026-05-31T14:11:24.391+0000] {processor.py:840} INFO - DAG(s) 'example_dynamic_task_mapping' retrieved from /home/airflow/.local/lib/python3.12/site-packages/airflow/example_dags/example_dynamic_task_mapping.py
[2026-05-31T14:11:24.415+0000] {logging_mixin.py:188} INFO - [2026-05-31T14:11:24.415+0000] {dag.py:3096} INFO - Sync 1 DAGs
[2026-05-31T14:11:24.441+0000] {logging_mixin.py:188} INFO - [2026-05-31T14:11:24.441+0000] {dag.py:3954} INFO - Setting next_dagrun for example_dynamic_task_mapping to 2022-03-04 00:00:00+00:00, run_after=2022-03-05 00:00:00+00:00
[2026-05-31T14:11:24.464+0000] {processor.py:183} INFO - Processing /home/airflow/.local/lib/python3.12/site-packages/airflow/example_dags/example_dynamic_task_mapping.py took 0.098 seconds
[2026-05-31T14:11:55.394+0000] {processor.py:161} INFO - Started process (PID=663) to work on /home/airflow/.local/lib/python3.12/site-packages/airflow/example_dags/example_dynamic_task_mapping.py
[2026-05-31T14:11:55.395+0000] {processor.py:830} INFO - Processing file /home/airflow/.local/lib/python3.12/site-packages/airflow/example_dags/example_dynamic_task_mapping.py for tasks to queue
[2026-05-31T14:11:55.397+0000] {logging_mixin.py:188} INFO - [2026-05-31T14:11:55.397+0000] {dagbag.py:540} INFO - Filling up the DagBag from /home/airflow/.local/lib/python3.12/site-packages/airflow/example_dags/example_dynamic_task_mapping.py
[2026-05-31T14:11:55.403+0000] {processor.py:840} INFO - DAG(s) 'example_dynamic_task_mapping' retrieved from /home/airflow/.local/lib/python3.12/site-packages/airflow/example_dags/example_dynamic_task_mapping.py
[2026-05-31T14:11:55.417+0000] {logging_mixin.py:188} INFO - [2026-05-31T14:11:55.417+0000] {dag.py:3096} INFO - Sync 1 DAGs
[2026-05-31T14:11:55.434+0000] {logging_mixin.py:188} INFO - [2026-05-31T14:11:55.434+0000] {dag.py:3954} INFO - Setting next_dagrun for example_dynamic_task_mapping to 2022-03-04 00:00:00+00:00, run_after=2022-03-05 00:00:00+00:00
[2026-05-31T14:11:55.447+0000] {processor.py:183} INFO - Processing /home/airflow/.local/lib/python3.12/site-packages/airflow/example_dags/example_dynamic_task_mapping.py took 0.057 seconds
[2026-05-31T14:12:26.322+0000] {processor.py:161} INFO - Started process (PID=722) to work on /home/airflow/.local/lib/python3.12/site-packages/airflow/example_dags/example_dynamic_task_mapping.py
[2026-05-31T14:12:26.323+0000] {processor.py:830} INFO - Processing file /home/airflow/.local/lib/python3.12/site-packages/airflow/example_dags/example_dynamic_task_mapping.py for tasks to queue
[2026-05-31T14:12:26.325+0000] {logging_mixin.py:188} INFO - [2026-05-31T14:12:26.325+0000] {dagbag.py:540} INFO - Filling up the DagBag from /home/airflow/.local/lib/python3.12/site-packages/airflow/example_dags/example_dynamic_task_mapping.py
[2026-05-31T14:12:26.331+0000] {processor.py:840} INFO - DAG(s) 'example_dynamic_task_mapping' retrieved from /home/airflow/.local/lib/python3.12/site-packages/airflow/example_dags/example_dynamic_task_mapping.py
[2026-05-31T14:12:26.347+0000] {logging_mixin.py:188} INFO - [2026-05-31T14:12:26.347+0000] {dag.py:3096} INFO - Sync 1 DAGs
[2026-05-31T14:12:26.369+0000] {logging_mixin.py:188} INFO - [2026-05-31T14:12:26.369+0000] {dag.py:3954} INFO - Setting next_dagrun for example_dynamic_task_mapping to 2022-03-04 00:00:00+00:00, run_after=2022-03-05 00:00:00+00:00
[2026-05-31T14:12:26.385+0000] {processor.py:183} INFO - Processing /home/airflow/.local/lib/python3.12/site-packages/airflow/example_dags/example_dynamic_task_mapping.py took 0.068 seconds
[2026-05-31T14:12:57.113+0000] {processor.py:161} INFO - Started process (PID=781) to work on /home/airflow/.local/lib/python3.12/site-packages/airflow/example_dags/example_dynamic_task_mapping.py
[2026-05-31T14:12:57.115+0000] {processor.py:830} INFO - Processing file /home/airflow/.local/lib/python3.12/site-packages/airflow/example_dags/example_dynamic_task_mapping.py for tasks to queue
[2026-05-31T14:12:57.117+0000] {logging_mixin.py:188} INFO - [2026-05-31T14:12:57.117+0000] {dagbag.py:540} INFO - Filling up the DagBag from /home/airflow/.local/lib/python3.12/site-packages/airflow/example_dags/example_dynamic_task_mapping.py
[2026-05-31T14:12:57.124+0000] {processor.py:840} INFO - DAG(s) 'example_dynamic_task_mapping' retrieved from /home/airflow/.local/lib/python3.12/site-packages/airflow/example_dags/example_dynamic_task_mapping.py
[2026-05-31T14:12:57.141+0000] {logging_mixin.py:188} INFO - [2026-05-31T14:12:57.141+0000] {dag.py:3096} INFO - Sync 1 DAGs
[2026-05-31T14:12:57.159+0000] {logging_mixin.py:188} INFO - [2026-05-31T14:12:57.159+0000] {dag.py:3954} INFO - Setting next_dagrun for example_dynamic_task_mapping to 2022-03-04 00:00:00+00:00, run_after=2022-03-05 00:00:00+00:00
[2026-05-31T14:12:57.175+0000] {processor.py:183} INFO - Processing /home/airflow/.local/lib/python3.12/site-packages/airflow/example_dags/example_dynamic_task_mapping.py took 0.070 seconds
[2026-05-31T14:13:27.819+0000] {processor.py:161} INFO - Started process (PID=840) to work on /home/airflow/.local/lib/python3.12/site-packages/airflow/example_dags/example_dynamic_task_mapping.py
[2026-05-31T14:13:27.820+0000] {processor.py:830} INFO - Processing file /home/airflow/.local/lib/python3.12/site-packages/airflow/example_dags/example_dynamic_task_mapping.py for tasks to queue
[2026-05-31T14:13:27.822+0000] {logging_mixin.py:188} INFO - [2026-05-31T14:13:27.821+0000] {dagbag.py:540} INFO - Filling up the DagBag from /home/airflow/.local/lib/python3.12/site-packages/airflow/example_dags/example_dynamic_task_mapping.py
[2026-05-31T14:13:27.827+0000] {processor.py:840} INFO - DAG(s) 'example_dynamic_task_mapping' retrieved from /home/airflow/.local/lib/python3.12/site-packages/airflow/example_dags/example_dynamic_task_mapping.py
[2026-05-31T14:13:27.843+0000] {logging_mixin.py:188} INFO - [2026-05-31T14:13:27.843+0000] {dag.py:3096} INFO - Sync 1 DAGs
[2026-05-31T14:13:27.862+0000] {logging_mixin.py:188} INFO - [2026-05-31T14:13:27.862+0000] {dag.py:3954} INFO - Setting next_dagrun for example_dynamic_task_mapping to 2022-03-04 00:00:00+00:00, run_after=2022-03-05 00:00:00+00:00
[2026-05-31T14:13:27.879+0000] {processor.py:183} INFO - Processing /home/airflow/.local/lib/python3.12/site-packages/airflow/example_dags/example_dynamic_task_mapping.py took 0.065 seconds
[2026-05-31T14:13:58.815+0000] {processor.py:161} INFO - Started process (PID=899) to work on /home/airflow/.local/lib/python3.12/site-packages/airflow/example_dags/example_dynamic_task_mapping.py
[2026-05-31T14:13:58.815+0000] {processor.py:830} INFO - Processing file /home/airflow/.local/lib/python3.12/site-packages/airflow/example_dags/example_dynamic_task_mapping.py for tasks to queue
[2026-05-31T14:13:58.817+0000] {logging_mixin.py:188} INFO - [2026-05-31T14:13:58.817+0000] {dagbag.py:540} INFO - Filling up the DagBag from /home/airflow/.local/lib/python3.12/site-packages/airflow/example_dags/example_dynamic_task_mapping.py
[2026-05-31T14:13:58.824+0000] {processor.py:840} INFO - DAG(s) 'example_dynamic_task_mapping' retrieved from /home/airflow/.local/lib/python3.12/site-packages/airflow/example_dags/example_dynamic_task_mapping.py
[2026-05-31T14:13:58.844+0000] {logging_mixin.py:188} INFO - [2026-05-31T14:13:58.843+0000] {dag.py:3096} INFO - Sync 1 DAGs
[2026-05-31T14:13:58.865+0000] {logging_mixin.py:188} INFO - [2026-05-31T14:13:58.864+0000] {dag.py:3954} INFO - Setting next_dagrun for example_dynamic_task_mapping to 2022-03-04 00:00:00+00:00, run_after=2022-03-05 00:00:00+00:00
[2026-05-31T14:13:58.883+0000] {processor.py:183} INFO - Processing /home/airflow/.local/lib/python3.12/site-packages/airflow/example_dags/example_dynamic_task_mapping.py took 0.074 seconds
[2026-05-31T14:14:29.069+0000] {processor.py:161} INFO - Started process (PID=958) to work on /home/airflow/.local/lib/python3.12/site-packages/airflow/example_dags/example_dynamic_task_mapping.py
[2026-05-31T14:14:29.071+0000] {processor.py:830} INFO - Processing file /home/airflow/.local/lib/python3.12/site-packages/airflow/example_dags/example_dynamic_task_mapping.py for tasks to queue
[2026-05-31T14:14:29.073+0000] {logging_mixin.py:188} INFO - [2026-05-31T14:14:29.072+0000] {dagbag.py:540} INFO - Filling up the DagBag from /home/airflow/.local/lib/python3.12/site-packages/airflow/example_dags/example_dynamic_task_mapping.py
[2026-05-31T14:14:29.078+0000] {processor.py:840} INFO - DAG(s) 'example_dynamic_task_mapping' retrieved from /home/airflow/.local/lib/python3.12/site-packages/airflow/example_dags/example_dynamic_task_mapping.py
[2026-05-31T14:14:29.097+0000] {logging_mixin.py:188} INFO - [2026-05-31T14:14:29.097+0000] {dag.py:3096} INFO - Sync 1 DAGs
[2026-05-31T14:14:29.118+0000] {logging_mixin.py:188} INFO - [2026-05-31T14:14:29.118+0000] {dag.py:3954} INFO - Setting next_dagrun for example_dynamic_task_mapping to 2022-03-04 00:00:00+00:00, run_after=2022-03-05 00:00:00+00:00
[2026-05-31T14:14:29.136+0000] {processor.py:183} INFO - Processing /home/airflow/.local/lib/python3.12/site-packages/airflow/example_dags/example_dynamic_task_mapping.py took 0.072 seconds
[2026-05-31T14:15:00.416+0000] {processor.py:161} INFO - Started process (PID=1017) to work on /home/airflow/.local/lib/python3.12/site-packages/airflow/example_dags/example_dynamic_task_mapping.py
[2026-05-31T14:15:00.417+0000] {processor.py:830} INFO - Processing file /home/airflow/.local/lib/python3.12/site-packages/airflow/example_dags/example_dynamic_task_mapping.py for tasks to queue
[2026-05-31T14:15:00.419+0000] {logging_mixin.py:188} INFO - [2026-05-31T14:15:00.419+0000] {dagbag.py:540} INFO - Filling up the DagBag from /home/airflow/.local/lib/python3.12/site-packages/airflow/example_dags/example_dynamic_task_mapping.py
[2026-05-31T14:15:00.425+0000] {processor.py:840} INFO - DAG(s) 'example_dynamic_task_mapping' retrieved from /home/airflow/.local/lib/python3.12/site-packages/airflow/example_dags/example_dynamic_task_mapping.py
[2026-05-31T14:15:00.453+0000] {logging_mixin.py:188} INFO - [2026-05-31T14:15:00.452+0000] {dag.py:3096} INFO - Sync 1 DAGs
[2026-05-31T14:15:00.492+0000] {logging_mixin.py:188} INFO - [2026-05-31T14:15:00.491+0000] {dag.py:3954} INFO - Setting next_dagrun for example_dynamic_task_mapping to 2022-03-04 00:00:00+00:00, run_after=2022-03-05 00:00:00+00:00
[2026-05-31T14:15:00.516+0000] {processor.py:183} INFO - Processing /home/airflow/.local/lib/python3.12/site-packages/airflow/example_dags/example_dynamic_task_mapping.py took 0.107 seconds
[2026-05-31T14:15:31.191+0000] {processor.py:161} INFO - Started process (PID=1076) to work on /home/airflow/.local/lib/python3.12/site-packages/airflow/example_dags/example_dynamic_task_mapping.py
[2026-05-31T14:15:31.192+0000] {processor.py:830} INFO - Processing file /home/airflow/.local/lib/python3.12/site-packages/airflow/example_dags/example_dynamic_task_mapping.py for tasks to queue
[2026-05-31T14:15:31.193+0000] {logging_mixin.py:188} INFO - [2026-05-31T14:15:31.193+0000] {dagbag.py:540} INFO - Filling up the DagBag from /home/airflow/.local/lib/python3.12/site-packages/airflow/example_dags/example_dynamic_task_mapping.py
[2026-05-31T14:15:31.200+0000] {processor.py:840} INFO - DAG(s) 'example_dynamic_task_mapping' retrieved from /home/airflow/.local/lib/python3.12/site-packages/airflow/example_dags/example_dynamic_task_mapping.py
[2026-05-31T14:15:31.214+0000] {logging_mixin.py:188} INFO - [2026-05-31T14:15:31.214+0000] {dag.py:3096} INFO - Sync 1 DAGs
[2026-05-31T14:15:31.230+0000] {logging_mixin.py:188} INFO - [2026-05-31T14:15:31.229+0000] {dag.py:3954} INFO - Setting next_dagrun for example_dynamic_task_mapping to 2022-03-04 00:00:00+00:00, run_after=2022-03-05 00:00:00+00:00
[2026-05-31T14:15:31.242+0000] {processor.py:183} INFO - Processing /home/airflow/.local/lib/python3.12/site-packages/airflow/example_dags/example_dynamic_task_mapping.py took 0.056 seconds
[2026-05-31T14:16:02.030+0000] {processor.py:161} INFO - Started process (PID=1135) to work on /home/airflow/.local/lib/python3.12/site-packages/airflow/example_dags/example_dynamic_task_mapping.py
[2026-05-31T14:16:02.031+0000] {processor.py:830} INFO - Processing file /home/airflow/.local/lib/python3.12/site-packages/airflow/example_dags/example_dynamic_task_mapping.py for tasks to queue
[2026-05-31T14:16:02.032+0000] {logging_mixin.py:188} INFO - [2026-05-31T14:16:02.032+0000] {dagbag.py:540} INFO - Filling up the DagBag from /home/airflow/.local/lib/python3.12/site-packages/airflow/example_dags/example_dynamic_task_mapping.py
[2026-05-31T14:16:02.039+0000] {processor.py:840} INFO - DAG(s) 'example_dynamic_task_mapping' retrieved from /home/airflow/.local/lib/python3.12/site-packages/airflow/example_dags/example_dynamic_task_mapping.py
[2026-05-31T14:16:02.054+0000] {logging_mixin.py:188} INFO - [2026-05-31T14:16:02.054+0000] {dag.py:3096} INFO - Sync 1 DAGs
[2026-05-31T14:16:02.071+0000] {logging_mixin.py:188} INFO - [2026-05-31T14:16:02.071+0000] {dag.py:3954} INFO - Setting next_dagrun for example_dynamic_task_mapping to 2022-03-04 00:00:00+00:00, run_after=2022-03-05 00:00:00+00:00
[2026-05-31T14:16:02.085+0000] {processor.py:183} INFO - Processing /home/airflow/.local/lib/python3.12/site-packages/airflow/example_dags/example_dynamic_task_mapping.py took 0.060 seconds
[2026-05-31T14:16:32.768+0000] {processor.py:161} INFO - Started process (PID=1194) to work on /home/airflow/.local/lib/python3.12/site-packages/airflow/example_dags/example_dynamic_task_mapping.py
[2026-05-31T14:16:32.769+0000] {processor.py:830} INFO - Processing file /home/airflow/.local/lib/python3.12/site-packages/airflow/example_dags/example_dynamic_task_mapping.py for tasks to queue
[2026-05-31T14:16:32.770+0000] {logging_mixin.py:188} INFO - [2026-05-31T14:16:32.770+0000] {dagbag.py:540} INFO - Filling up the DagBag from /home/airflow/.local/lib/python3.12/site-packages/airflow/example_dags/example_dynamic_task_mapping.py
[2026-05-31T14:16:32.776+0000] {processor.py:840} INFO - DAG(s) 'example_dynamic_task_mapping' retrieved from /home/airflow/.local/lib/python3.12/site-packages/airflow/example_dags/example_dynamic_task_mapping.py
[2026-05-31T14:16:32.790+0000] {logging_mixin.py:188} INFO - [2026-05-31T14:16:32.790+0000] {dag.py:3096} INFO - Sync 1 DAGs
[2026-05-31T14:16:32.931+0000] {logging_mixin.py:188} INFO - [2026-05-31T14:16:32.931+0000] {dag.py:3954} INFO - Setting next_dagrun for example_dynamic_task_mapping to 2022-03-04 00:00:00+00:00, run_after=2022-03-05 00:00:00+00:00
[2026-05-31T14:16:32.947+0000] {processor.py:183} INFO - Processing /home/airflow/.local/lib/python3.12/site-packages/airflow/example_dags/example_dynamic_task_mapping.py took 0.184 seconds
[2026-05-31T14:17:03.797+0000] {processor.py:161} INFO - Started process (PID=1253) to work on /home/airflow/.local/lib/python3.12/site-packages/airflow/example_dags/example_dynamic_task_mapping.py
[2026-05-31T14:17:03.798+0000] {processor.py:830} INFO - Processing file /home/airflow/.local/lib/python3.12/site-packages/airflow/example_dags/example_dynamic_task_mapping.py for tasks to queue
[2026-05-31T14:17:03.800+0000] {logging_mixin.py:188} INFO - [2026-05-31T14:17:03.800+0000] {dagbag.py:540} INFO - Filling up the DagBag from /home/airflow/.local/lib/python3.12/site-packages/airflow/example_dags/example_dynamic_task_mapping.py
[2026-05-31T14:17:03.806+0000] {processor.py:840} INFO - DAG(s) 'example_dynamic_task_mapping' retrieved from /home/airflow/.local/lib/python3.12/site-packages/airflow/example_dags/example_dynamic_task_mapping.py
[2026-05-31T14:17:03.821+0000] {logging_mixin.py:188} INFO - [2026-05-31T14:17:03.821+0000] {dag.py:3096} INFO - Sync 1 DAGs
[2026-05-31T14:17:03.943+0000] {logging_mixin.py:188} INFO - [2026-05-31T14:17:03.943+0000] {dag.py:3954} INFO - Setting next_dagrun for example_dynamic_task_mapping to 2022-03-04 00:00:00+00:00, run_after=2022-03-05 00:00:00+00:00
[2026-05-31T14:17:03.958+0000] {processor.py:183} INFO - Processing /home/airflow/.local/lib/python3.12/site-packages/airflow/example_dags/example_dynamic_task_mapping.py took 0.166 seconds
[2026-05-31T14:17:35.178+0000] {processor.py:161} INFO - Started process (PID=1322) to work on /home/airflow/.local/lib/python3.12/site-packages/airflow/example_dags/example_dynamic_task_mapping.py
[2026-05-31T14:17:35.179+0000] {processor.py:830} INFO - Processing file /home/airflow/.local/lib/python3.12/site-packages/airflow/example_dags/example_dynamic_task_mapping.py for tasks to queue
[2026-05-31T14:17:35.181+0000] {logging_mixin.py:188} INFO - [2026-05-31T14:17:35.180+0000] {dagbag.py:540} INFO - Filling up the DagBag from /home/airflow/.local/lib/python3.12/site-packages/airflow/example_dags/example_dynamic_task_mapping.py
[2026-05-31T14:17:35.186+0000] {processor.py:840} INFO - DAG(s) 'example_dynamic_task_mapping' retrieved from /home/airflow/.local/lib/python3.12/site-packages/airflow/example_dags/example_dynamic_task_mapping.py
[2026-05-31T14:17:35.200+0000] {logging_mixin.py:188} INFO - [2026-05-31T14:17:35.199+0000] {dag.py:3096} INFO - Sync 1 DAGs
[2026-05-31T14:17:35.336+0000] {logging_mixin.py:188} INFO - [2026-05-31T14:17:35.335+0000] {dag.py:3954} INFO - Setting next_dagrun for example_dynamic_task_mapping to 2022-03-04 00:00:00+00:00, run_after=2022-03-05 00:00:00+00:00
[2026-05-31T14:17:35.351+0000] {processor.py:183} INFO - Processing /home/airflow/.local/lib/python3.12/site-packages/airflow/example_dags/example_dynamic_task_mapping.py took 0.178 seconds
[2026-05-31T14:18:06.005+0000] {processor.py:161} INFO - Started process (PID=1381) to work on /home/airflow/.local/lib/python3.12/site-packages/airflow/example_dags/example_dynamic_task_mapping.py
[2026-05-31T14:18:06.006+0000] {processor.py:830} INFO - Processing file /home/airflow/.local/lib/python3.12/site-packages/airflow/example_dags/example_dynamic_task_mapping.py for tasks to queue
[2026-05-31T14:18:06.008+0000] {logging_mixin.py:188} INFO - [2026-05-31T14:18:06.008+0000] {dagbag.py:540} INFO - Filling up the DagBag from /home/airflow/.local/lib/python3.12/site-packages/airflow/example_dags/example_dynamic_task_mapping.py
[2026-05-31T14:18:06.014+0000] {processor.py:840} INFO - DAG(s) 'example_dynamic_task_mapping' retrieved from /home/airflow/.local/lib/python3.12/site-packages/airflow/example_dags/example_dynamic_task_mapping.py
[2026-05-31T14:18:06.032+0000] {logging_mixin.py:188} INFO - [2026-05-31T14:18:06.032+0000] {dag.py:3096} INFO - Sync 1 DAGs
[2026-05-31T14:18:06.054+0000] {logging_mixin.py:188} INFO - [2026-05-31T14:18:06.054+0000] {dag.py:3954} INFO - Setting next_dagrun for example_dynamic_task_mapping to 2022-03-04 00:00:00+00:00, run_after=2022-03-05 00:00:00+00:00
[2026-05-31T14:18:06.072+0000] {processor.py:183} INFO - Processing /home/airflow/.local/lib/python3.12/site-packages/airflow/example_dags/example_dynamic_task_mapping.py took 0.072 seconds
[2026-05-31T14:18:36.190+0000] {processor.py:161} INFO - Started process (PID=1440) to work on /home/airflow/.local/lib/python3.12/site-packages/airflow/example_dags/example_dynamic_task_mapping.py
[2026-05-31T14:18:36.191+0000] {processor.py:830} INFO - Processing file /home/airflow/.local/lib/python3.12/site-packages/airflow/example_dags/example_dynamic_task_mapping.py for tasks to queue
[2026-05-31T14:18:36.193+0000] {logging_mixin.py:188} INFO - [2026-05-31T14:18:36.193+0000] {dagbag.py:540} INFO - Filling up the DagBag from /home/airflow/.local/lib/python3.12/site-packages/airflow/example_dags/example_dynamic_task_mapping.py
[2026-05-31T14:18:36.199+0000] {processor.py:840} INFO - DAG(s) 'example_dynamic_task_mapping' retrieved from /home/airflow/.local/lib/python3.12/site-packages/airflow/example_dags/example_dynamic_task_mapping.py
[2026-05-31T14:18:36.214+0000] {logging_mixin.py:188} INFO - [2026-05-31T14:18:36.214+0000] {dag.py:3096} INFO - Sync 1 DAGs
[2026-05-31T14:18:36.232+0000] {logging_mixin.py:188} INFO - [2026-05-31T14:18:36.232+0000] {dag.py:3954} INFO - Setting next_dagrun for example_dynamic_task_mapping to 2022-03-04 00:00:00+00:00, run_after=2022-03-05 00:00:00+00:00
[2026-05-31T14:18:36.248+0000] {processor.py:183} INFO - Processing /home/airflow/.local/lib/python3.12/site-packages/airflow/example_dags/example_dynamic_task_mapping.py took 0.063 seconds
[2026-05-31T14:19:06.396+0000] {processor.py:161} INFO - Started process (PID=1499) to work on /home/airflow/.local/lib/python3.12/site-packages/airflow/example_dags/example_dynamic_task_mapping.py
[2026-05-31T14:19:06.397+0000] {processor.py:830} INFO - Processing file /home/airflow/.local/lib/python3.12/site-packages/airflow/example_dags/example_dynamic_task_mapping.py for tasks to queue
[2026-05-31T14:19:06.399+0000] {logging_mixin.py:188} INFO - [2026-05-31T14:19:06.399+0000] {dagbag.py:540} INFO - Filling up the DagBag from /home/airflow/.local/lib/python3.12/site-packages/airflow/example_dags/example_dynamic_task_mapping.py
[2026-05-31T14:19:06.407+0000] {processor.py:840} INFO - DAG(s) 'example_dynamic_task_mapping' retrieved from /home/airflow/.local/lib/python3.12/site-packages/airflow/example_dags/example_dynamic_task_mapping.py
[2026-05-31T14:19:06.428+0000] {logging_mixin.py:188} INFO - [2026-05-31T14:19:06.427+0000] {dag.py:3096} INFO - Sync 1 DAGs
[2026-05-31T14:19:06.450+0000] {logging_mixin.py:188} INFO - [2026-05-31T14:19:06.450+0000] {dag.py:3954} INFO - Setting next_dagrun for example_dynamic_task_mapping to 2022-03-04 00:00:00+00:00, run_after=2022-03-05 00:00:00+00:00
[2026-05-31T14:19:06.470+0000] {processor.py:183} INFO - Processing /home/airflow/.local/lib/python3.12/site-packages/airflow/example_dags/example_dynamic_task_mapping.py took 0.080 seconds
[2026-05-31T14:19:36.511+0000] {processor.py:161} INFO - Started process (PID=1558) to work on /home/airflow/.local/lib/python3.12/site-packages/airflow/example_dags/example_dynamic_task_mapping.py
[2026-05-31T14:19:36.512+0000] {processor.py:830} INFO - Processing file /home/airflow/.local/lib/python3.12/site-packages/airflow/example_dags/example_dynamic_task_mapping.py for tasks to queue
[2026-05-31T14:19:36.514+0000] {logging_mixin.py:188} INFO - [2026-05-31T14:19:36.514+0000] {dagbag.py:540} INFO - Filling up the DagBag from /home/airflow/.local/lib/python3.12/site-packages/airflow/example_dags/example_dynamic_task_mapping.py
[2026-05-31T14:19:36.521+0000] {processor.py:840} INFO - DAG(s) 'example_dynamic_task_mapping' retrieved from /home/airflow/.local/lib/python3.12/site-packages/airflow/example_dags/example_dynamic_task_mapping.py
[2026-05-31T14:19:36.539+0000] {logging_mixin.py:188} INFO - [2026-05-31T14:19:36.539+0000] {dag.py:3096} INFO - Sync 1 DAGs
[2026-05-31T14:19:36.558+0000] {logging_mixin.py:188} INFO - [2026-05-31T14:19:36.558+0000] {dag.py:3954} INFO - Setting next_dagrun for example_dynamic_task_mapping to 2022-03-04 00:00:00+00:00, run_after=2022-03-05 00:00:00+00:00
[2026-05-31T14:19:36.574+0000] {processor.py:183} INFO - Processing /home/airflow/.local/lib/python3.12/site-packages/airflow/example_dags/example_dynamic_task_mapping.py took 0.069 seconds
[2026-05-31T14:20:07.010+0000] {processor.py:161} INFO - Started process (PID=1617) to work on /home/airflow/.local/lib/python3.12/site-packages/airflow/example_dags/example_dynamic_task_mapping.py
[2026-05-31T14:20:07.012+0000] {processor.py:830} INFO - Processing file /home/airflow/.local/lib/python3.12/site-packages/airflow/example_dags/example_dynamic_task_mapping.py for tasks to queue
[2026-05-31T14:20:07.016+0000] {logging_mixin.py:188} INFO - [2026-05-31T14:20:07.015+0000] {dagbag.py:540} INFO - Filling up the DagBag from /home/airflow/.local/lib/python3.12/site-packages/airflow/example_dags/example_dynamic_task_mapping.py
[2026-05-31T14:20:07.026+0000] {processor.py:840} INFO - DAG(s) 'example_dynamic_task_mapping' retrieved from /home/airflow/.local/lib/python3.12/site-packages/airflow/example_dags/example_dynamic_task_mapping.py
[2026-05-31T14:20:07.057+0000] {logging_mixin.py:188} INFO - [2026-05-31T14:20:07.056+0000] {dag.py:3096} INFO - Sync 1 DAGs
[2026-05-31T14:20:07.086+0000] {logging_mixin.py:188} INFO - [2026-05-31T14:20:07.085+0000] {dag.py:3954} INFO - Setting next_dagrun for example_dynamic_task_mapping to 2022-03-04 00:00:00+00:00, run_after=2022-03-05 00:00:00+00:00
[2026-05-31T14:20:07.117+0000] {processor.py:183} INFO - Processing /home/airflow/.local/lib/python3.12/site-packages/airflow/example_dags/example_dynamic_task_mapping.py took 0.116 seconds
[2026-05-31T14:20:37.416+0000] {processor.py:161} INFO - Started process (PID=1676) to work on /home/airflow/.local/lib/python3.12/site-packages/airflow/example_dags/example_dynamic_task_mapping.py
[2026-05-31T14:20:37.417+0000] {processor.py:830} INFO - Processing file /home/airflow/.local/lib/python3.12/site-packages/airflow/example_dags/example_dynamic_task_mapping.py for tasks to queue
[2026-05-31T14:20:37.420+0000] {logging_mixin.py:188} INFO - [2026-05-31T14:20:37.419+0000] {dagbag.py:540} INFO - Filling up the DagBag from /home/airflow/.local/lib/python3.12/site-packages/airflow/example_dags/example_dynamic_task_mapping.py
[2026-05-31T14:20:37.427+0000] {processor.py:840} INFO - DAG(s) 'example_dynamic_task_mapping' retrieved from /home/airflow/.local/lib/python3.12/site-packages/airflow/example_dags/example_dynamic_task_mapping.py
[2026-05-31T14:20:37.444+0000] {logging_mixin.py:188} INFO - [2026-05-31T14:20:37.444+0000] {dag.py:3096} INFO - Sync 1 DAGs
[2026-05-31T14:20:37.461+0000] {logging_mixin.py:188} INFO - [2026-05-31T14:20:37.460+0000] {dag.py:3954} INFO - Setting next_dagrun for example_dynamic_task_mapping to 2022-03-04 00:00:00+00:00, run_after=2022-03-05 00:00:00+00:00
[2026-05-31T14:20:37.475+0000] {processor.py:183} INFO - Processing /home/airflow/.local/lib/python3.12/site-packages/airflow/example_dags/example_dynamic_task_mapping.py took 0.064 seconds
[2026-05-31T14:21:07.647+0000] {processor.py:161} INFO - Started process (PID=1735) to work on /home/airflow/.local/lib/python3.12/site-packages/airflow/example_dags/example_dynamic_task_mapping.py
[2026-05-31T14:21:07.648+0000] {processor.py:830} INFO - Processing file /home/airflow/.local/lib/python3.12/site-packages/airflow/example_dags/example_dynamic_task_mapping.py for tasks to queue
[2026-05-31T14:21:07.650+0000] {logging_mixin.py:188} INFO - [2026-05-31T14:21:07.650+0000] {dagbag.py:540} INFO - Filling up the DagBag from /home/airflow/.local/lib/python3.12/site-packages/airflow/example_dags/example_dynamic_task_mapping.py
[2026-05-31T14:21:07.655+0000] {processor.py:840} INFO - DAG(s) 'example_dynamic_task_mapping' retrieved from /home/airflow/.local/lib/python3.12/site-packages/airflow/example_dags/example_dynamic_task_mapping.py
[2026-05-31T14:21:07.670+0000] {logging_mixin.py:188} INFO - [2026-05-31T14:21:07.670+0000] {dag.py:3096} INFO - Sync 1 DAGs
[2026-05-31T14:21:07.689+0000] {logging_mixin.py:188} INFO - [2026-05-31T14:21:07.689+0000] {dag.py:3954} INFO - Setting next_dagrun for example_dynamic_task_mapping to 2022-03-04 00:00:00+00:00, run_after=2022-03-05 00:00:00+00:00
[2026-05-31T14:21:07.708+0000] {processor.py:183} INFO - Processing /home/airflow/.local/lib/python3.12/site-packages/airflow/example_dags/example_dynamic_task_mapping.py took 0.066 seconds
[2026-05-31T14:21:37.893+0000] {processor.py:161} INFO - Started process (PID=1794) to work on /home/airflow/.local/lib/python3.12/site-packages/airflow/example_dags/example_dynamic_task_mapping.py
[2026-05-31T14:21:37.894+0000] {processor.py:830} INFO - Processing file /home/airflow/.local/lib/python3.12/site-packages/airflow/example_dags/example_dynamic_task_mapping.py for tasks to queue
[2026-05-31T14:21:37.896+0000] {logging_mixin.py:188} INFO - [2026-05-31T14:21:37.895+0000] {dagbag.py:540} INFO - Filling up the DagBag from /home/airflow/.local/lib/python3.12/site-packages/airflow/example_dags/example_dynamic_task_mapping.py
[2026-05-31T14:21:37.901+0000] {processor.py:840} INFO - DAG(s) 'example_dynamic_task_mapping' retrieved from /home/airflow/.local/lib/python3.12/site-packages/airflow/example_dags/example_dynamic_task_mapping.py
[2026-05-31T14:21:37.915+0000] {logging_mixin.py:188} INFO - [2026-05-31T14:21:37.915+0000] {dag.py:3096} INFO - Sync 1 DAGs
[2026-05-31T14:21:37.933+0000] {logging_mixin.py:188} INFO - [2026-05-31T14:21:37.933+0000] {dag.py:3954} INFO - Setting next_dagrun for example_dynamic_task_mapping to 2022-03-04 00:00:00+00:00, run_after=2022-03-05 00:00:00+00:00
[2026-05-31T14:21:37.950+0000] {processor.py:183} INFO - Processing /home/airflow/.local/lib/python3.12/site-packages/airflow/example_dags/example_dynamic_task_mapping.py took 0.062 seconds
[2026-05-31T14:22:08.094+0000] {processor.py:161} INFO - Started process (PID=1853) to work on /home/airflow/.local/lib/python3.12/site-packages/airflow/example_dags/example_dynamic_task_mapping.py
[2026-05-31T14:22:08.095+0000] {processor.py:830} INFO - Processing file /home/airflow/.local/lib/python3.12/site-packages/airflow/example_dags/example_dynamic_task_mapping.py for tasks to queue
[2026-05-31T14:22:08.097+0000] {logging_mixin.py:188} INFO - [2026-05-31T14:22:08.097+0000] {dagbag.py:540} INFO - Filling up the DagBag from /home/airflow/.local/lib/python3.12/site-packages/airflow/example_dags/example_dynamic_task_mapping.py
[2026-05-31T14:22:08.103+0000] {processor.py:840} INFO - DAG(s) 'example_dynamic_task_mapping' retrieved from /home/airflow/.local/lib/python3.12/site-packages/airflow/example_dags/example_dynamic_task_mapping.py
[2026-05-31T14:22:08.117+0000] {logging_mixin.py:188} INFO - [2026-05-31T14:22:08.117+0000] {dag.py:3096} INFO - Sync 1 DAGs
[2026-05-31T14:22:08.134+0000] {logging_mixin.py:188} INFO - [2026-05-31T14:22:08.133+0000] {dag.py:3954} INFO - Setting next_dagrun for example_dynamic_task_mapping to 2022-03-04 00:00:00+00:00, run_after=2022-03-05 00:00:00+00:00
[2026-05-31T14:22:08.149+0000] {processor.py:183} INFO - Processing /home/airflow/.local/lib/python3.12/site-packages/airflow/example_dags/example_dynamic_task_mapping.py took 0.060 seconds
[2026-05-31T14:22:38.189+0000] {processor.py:161} INFO - Started process (PID=1911) to work on /home/airflow/.local/lib/python3.12/site-packages/airflow/example_dags/example_dynamic_task_mapping.py
[2026-05-31T14:22:38.191+0000] {processor.py:830} INFO - Processing file /home/airflow/.local/lib/python3.12/site-packages/airflow/example_dags/example_dynamic_task_mapping.py for tasks to queue
[2026-05-31T14:22:38.193+0000] {logging_mixin.py:188} INFO - [2026-05-31T14:22:38.193+0000] {dagbag.py:540} INFO - Filling up the DagBag from /home/airflow/.local/lib/python3.12/site-packages/airflow/example_dags/example_dynamic_task_mapping.py
[2026-05-31T14:22:38.201+0000] {processor.py:840} INFO - DAG(s) 'example_dynamic_task_mapping' retrieved from /home/airflow/.local/lib/python3.12/site-packages/airflow/example_dags/example_dynamic_task_mapping.py
[2026-05-31T14:22:38.224+0000] {logging_mixin.py:188} INFO - [2026-05-31T14:22:38.224+0000] {dag.py:3096} INFO - Sync 1 DAGs
[2026-05-31T14:22:38.249+0000] {logging_mixin.py:188} INFO - [2026-05-31T14:22:38.249+0000] {dag.py:3954} INFO - Setting next_dagrun for example_dynamic_task_mapping to 2022-03-04 00:00:00+00:00, run_after=2022-03-05 00:00:00+00:00
[2026-05-31T14:22:38.280+0000] {processor.py:183} INFO - Processing /home/airflow/.local/lib/python3.12/site-packages/airflow/example_dags/example_dynamic_task_mapping.py took 0.098 seconds
[2026-05-31T14:23:09.369+0000] {processor.py:161} INFO - Started process (PID=1971) to work on /home/airflow/.local/lib/python3.12/site-packages/airflow/example_dags/example_dynamic_task_mapping.py
[2026-05-31T14:23:09.370+0000] {processor.py:830} INFO - Processing file /home/airflow/.local/lib/python3.12/site-packages/airflow/example_dags/example_dynamic_task_mapping.py for tasks to queue
[2026-05-31T14:23:09.372+0000] {logging_mixin.py:188} INFO - [2026-05-31T14:23:09.372+0000] {dagbag.py:540} INFO - Filling up the DagBag from /home/airflow/.local/lib/python3.12/site-packages/airflow/example_dags/example_dynamic_task_mapping.py
[2026-05-31T14:23:09.378+0000] {processor.py:840} INFO - DAG(s) 'example_dynamic_task_mapping' retrieved from /home/airflow/.local/lib/python3.12/site-packages/airflow/example_dags/example_dynamic_task_mapping.py
[2026-05-31T14:23:09.396+0000] {logging_mixin.py:188} INFO - [2026-05-31T14:23:09.396+0000] {dag.py:3096} INFO - Sync 1 DAGs
[2026-05-31T14:23:09.423+0000] {logging_mixin.py:188} INFO - [2026-05-31T14:23:09.423+0000] {dag.py:3954} INFO - Setting next_dagrun for example_dynamic_task_mapping to 2022-03-04 00:00:00+00:00, run_after=2022-03-05 00:00:00+00:00
[2026-05-31T14:23:09.441+0000] {processor.py:183} INFO - Processing /home/airflow/.local/lib/python3.12/site-packages/airflow/example_dags/example_dynamic_task_mapping.py took 0.078 seconds
[2026-05-31T14:23:40.252+0000] {processor.py:161} INFO - Started process (PID=2030) to work on /home/airflow/.local/lib/python3.12/site-packages/airflow/example_dags/example_dynamic_task_mapping.py
[2026-05-31T14:23:40.254+0000] {processor.py:830} INFO - Processing file /home/airflow/.local/lib/python3.12/site-packages/airflow/example_dags/example_dynamic_task_mapping.py for tasks to queue
[2026-05-31T14:23:40.256+0000] {logging_mixin.py:188} INFO - [2026-05-31T14:23:40.255+0000] {dagbag.py:540} INFO - Filling up the DagBag from /home/airflow/.local/lib/python3.12/site-packages/airflow/example_dags/example_dynamic_task_mapping.py
[2026-05-31T14:23:40.262+0000] {processor.py:840} INFO - DAG(s) 'example_dynamic_task_mapping' retrieved from /home/airflow/.local/lib/python3.12/site-packages/airflow/example_dags/example_dynamic_task_mapping.py
[2026-05-31T14:23:40.278+0000] {logging_mixin.py:188} INFO - [2026-05-31T14:23:40.278+0000] {dag.py:3096} INFO - Sync 1 DAGs
[2026-05-31T14:23:40.297+0000] {logging_mixin.py:188} INFO - [2026-05-31T14:23:40.296+0000] {dag.py:3954} INFO - Setting next_dagrun for example_dynamic_task_mapping to 2022-03-04 00:00:00+00:00, run_after=2022-03-05 00:00:00+00:00
[2026-05-31T14:23:40.312+0000] {processor.py:183} INFO - Processing /home/airflow/.local/lib/python3.12/site-packages/airflow/example_dags/example_dynamic_task_mapping.py took 0.066 seconds
[2026-05-31T14:24:11.500+0000] {processor.py:161} INFO - Started process (PID=2089) to work on /home/airflow/.local/lib/python3.12/site-packages/airflow/example_dags/example_dynamic_task_mapping.py
[2026-05-31T14:24:11.501+0000] {processor.py:830} INFO - Processing file /home/airflow/.local/lib/python3.12/site-packages/airflow/example_dags/example_dynamic_task_mapping.py for tasks to queue
[2026-05-31T14:24:11.503+0000] {logging_mixin.py:188} INFO - [2026-05-31T14:24:11.503+0000] {dagbag.py:540} INFO - Filling up the DagBag from /home/airflow/.local/lib/python3.12/site-packages/airflow/example_dags/example_dynamic_task_mapping.py
[2026-05-31T14:24:11.510+0000] {processor.py:840} INFO - DAG(s) 'example_dynamic_task_mapping' retrieved from /home/airflow/.local/lib/python3.12/site-packages/airflow/example_dags/example_dynamic_task_mapping.py
[2026-05-31T14:24:11.538+0000] {logging_mixin.py:188} INFO - [2026-05-31T14:24:11.538+0000] {dag.py:3096} INFO - Sync 1 DAGs
[2026-05-31T14:24:11.562+0000] {logging_mixin.py:188} INFO - [2026-05-31T14:24:11.562+0000] {dag.py:3954} INFO - Setting next_dagrun for example_dynamic_task_mapping to 2022-03-04 00:00:00+00:00, run_after=2022-03-05 00:00:00+00:00
[2026-05-31T14:24:11.586+0000] {processor.py:183} INFO - Processing /home/airflow/.local/lib/python3.12/site-packages/airflow/example_dags/example_dynamic_task_mapping.py took 0.094 seconds
[2026-05-31T14:24:41.744+0000] {processor.py:161} INFO - Started process (PID=2148) to work on /home/airflow/.local/lib/python3.12/site-packages/airflow/example_dags/example_dynamic_task_mapping.py
[2026-05-31T14:24:41.746+0000] {processor.py:830} INFO - Processing file /home/airflow/.local/lib/python3.12/site-packages/airflow/example_dags/example_dynamic_task_mapping.py for tasks to queue
[2026-05-31T14:24:41.749+0000] {logging_mixin.py:188} INFO - [2026-05-31T14:24:41.749+0000] {dagbag.py:540} INFO - Filling up the DagBag from /home/airflow/.local/lib/python3.12/site-packages/airflow/example_dags/example_dynamic_task_mapping.py
[2026-05-31T14:24:41.757+0000] {processor.py:840} INFO - DAG(s) 'example_dynamic_task_mapping' retrieved from /home/airflow/.local/lib/python3.12/site-packages/airflow/example_dags/example_dynamic_task_mapping.py
[2026-05-31T14:24:41.772+0000] {logging_mixin.py:188} INFO - [2026-05-31T14:24:41.772+0000] {dag.py:3096} INFO - Sync 1 DAGs
[2026-05-31T14:24:41.791+0000] {logging_mixin.py:188} INFO - [2026-05-31T14:24:41.791+0000] {dag.py:3954} INFO - Setting next_dagrun for example_dynamic_task_mapping to 2022-03-04 00:00:00+00:00, run_after=2022-03-05 00:00:00+00:00
[2026-05-31T14:24:41.813+0000] {processor.py:183} INFO - Processing /home/airflow/.local/lib/python3.12/site-packages/airflow/example_dags/example_dynamic_task_mapping.py took 0.075 seconds
[2026-05-31T14:25:12.347+0000] {processor.py:161} INFO - Started process (PID=2207) to work on /home/airflow/.local/lib/python3.12/site-packages/airflow/example_dags/example_dynamic_task_mapping.py
[2026-05-31T14:25:12.349+0000] {processor.py:830} INFO - Processing file /home/airflow/.local/lib/python3.12/site-packages/airflow/example_dags/example_dynamic_task_mapping.py for tasks to queue
[2026-05-31T14:25:12.350+0000] {logging_mixin.py:188} INFO - [2026-05-31T14:25:12.350+0000] {dagbag.py:540} INFO - Filling up the DagBag from /home/airflow/.local/lib/python3.12/site-packages/airflow/example_dags/example_dynamic_task_mapping.py
[2026-05-31T14:25:12.356+0000] {processor.py:840} INFO - DAG(s) 'example_dynamic_task_mapping' retrieved from /home/airflow/.local/lib/python3.12/site-packages/airflow/example_dags/example_dynamic_task_mapping.py
[2026-05-31T14:25:12.371+0000] {logging_mixin.py:188} INFO - [2026-05-31T14:25:12.370+0000] {dag.py:3096} INFO - Sync 1 DAGs
[2026-05-31T14:25:12.391+0000] {logging_mixin.py:188} INFO - [2026-05-31T14:25:12.391+0000] {dag.py:3954} INFO - Setting next_dagrun for example_dynamic_task_mapping to 2022-03-04 00:00:00+00:00, run_after=2022-03-05 00:00:00+00:00
[2026-05-31T14:25:12.411+0000] {processor.py:183} INFO - Processing /home/airflow/.local/lib/python3.12/site-packages/airflow/example_dags/example_dynamic_task_mapping.py took 0.069 seconds
[2026-05-31T14:25:43.093+0000] {processor.py:161} INFO - Started process (PID=2266) to work on /home/airflow/.local/lib/python3.12/site-packages/airflow/example_dags/example_dynamic_task_mapping.py
[2026-05-31T14:25:43.096+0000] {processor.py:830} INFO - Processing file /home/airflow/.local/lib/python3.12/site-packages/airflow/example_dags/example_dynamic_task_mapping.py for tasks to queue
[2026-05-31T14:25:43.098+0000] {logging_mixin.py:188} INFO - [2026-05-31T14:25:43.098+0000] {dagbag.py:540} INFO - Filling up the DagBag from /home/airflow/.local/lib/python3.12/site-packages/airflow/example_dags/example_dynamic_task_mapping.py
[2026-05-31T14:25:43.106+0000] {processor.py:840} INFO - DAG(s) 'example_dynamic_task_mapping' retrieved from /home/airflow/.local/lib/python3.12/site-packages/airflow/example_dags/example_dynamic_task_mapping.py
[2026-05-31T14:25:43.127+0000] {logging_mixin.py:188} INFO - [2026-05-31T14:25:43.126+0000] {dag.py:3096} INFO - Sync 1 DAGs
[2026-05-31T14:25:43.148+0000] {logging_mixin.py:188} INFO - [2026-05-31T14:25:43.148+0000] {dag.py:3954} INFO - Setting next_dagrun for example_dynamic_task_mapping to 2022-03-04 00:00:00+00:00, run_after=2022-03-05 00:00:00+00:00
[2026-05-31T14:25:43.171+0000] {processor.py:183} INFO - Processing /home/airflow/.local/lib/python3.12/site-packages/airflow/example_dags/example_dynamic_task_mapping.py took 0.084 seconds
[2026-05-31T14:26:13.962+0000] {processor.py:161} INFO - Started process (PID=2325) to work on /home/airflow/.local/lib/python3.12/site-packages/airflow/example_dags/example_dynamic_task_mapping.py
[2026-05-31T14:26:13.963+0000] {processor.py:830} INFO - Processing file /home/airflow/.local/lib/python3.12/site-packages/airflow/example_dags/example_dynamic_task_mapping.py for tasks to queue
[2026-05-31T14:26:13.965+0000] {logging_mixin.py:188} INFO - [2026-05-31T14:26:13.965+0000] {dagbag.py:540} INFO - Filling up the DagBag from /home/airflow/.local/lib/python3.12/site-packages/airflow/example_dags/example_dynamic_task_mapping.py
[2026-05-31T14:26:13.970+0000] {processor.py:840} INFO - DAG(s) 'example_dynamic_task_mapping' retrieved from /home/airflow/.local/lib/python3.12/site-packages/airflow/example_dags/example_dynamic_task_mapping.py
[2026-05-31T14:26:13.987+0000] {logging_mixin.py:188} INFO - [2026-05-31T14:26:13.986+0000] {dag.py:3096} INFO - Sync 1 DAGs
[2026-05-31T14:26:14.004+0000] {logging_mixin.py:188} INFO - [2026-05-31T14:26:14.003+0000] {dag.py:3954} INFO - Setting next_dagrun for example_dynamic_task_mapping to 2022-03-04 00:00:00+00:00, run_after=2022-03-05 00:00:00+00:00
[2026-05-31T14:26:14.018+0000] {processor.py:183} INFO - Processing /home/airflow/.local/lib/python3.12/site-packages/airflow/example_dags/example_dynamic_task_mapping.py took 0.061 seconds
[2026-05-31T14:26:44.917+0000] {processor.py:161} INFO - Started process (PID=2384) to work on /home/airflow/.local/lib/python3.12/site-packages/airflow/example_dags/example_dynamic_task_mapping.py
[2026-05-31T14:26:44.919+0000] {processor.py:830} INFO - Processing file /home/airflow/.local/lib/python3.12/site-packages/airflow/example_dags/example_dynamic_task_mapping.py for tasks to queue
[2026-05-31T14:26:44.920+0000] {logging_mixin.py:188} INFO - [2026-05-31T14:26:44.920+0000] {dagbag.py:540} INFO - Filling up the DagBag from /home/airflow/.local/lib/python3.12/site-packages/airflow/example_dags/example_dynamic_task_mapping.py
[2026-05-31T14:26:44.926+0000] {processor.py:840} INFO - DAG(s) 'example_dynamic_task_mapping' retrieved from /home/airflow/.local/lib/python3.12/site-packages/airflow/example_dags/example_dynamic_task_mapping.py
[2026-05-31T14:26:44.943+0000] {logging_mixin.py:188} INFO - [2026-05-31T14:26:44.942+0000] {dag.py:3096} INFO - Sync 1 DAGs
[2026-05-31T14:26:44.963+0000] {logging_mixin.py:188} INFO - [2026-05-31T14:26:44.963+0000] {dag.py:3954} INFO - Setting next_dagrun for example_dynamic_task_mapping to 2022-03-04 00:00:00+00:00, run_after=2022-03-05 00:00:00+00:00
[2026-05-31T14:26:44.979+0000] {processor.py:183} INFO - Processing /home/airflow/.local/lib/python3.12/site-packages/airflow/example_dags/example_dynamic_task_mapping.py took 0.066 seconds
[2026-05-31T14:27:15.727+0000] {processor.py:161} INFO - Started process (PID=2443) to work on /home/airflow/.local/lib/python3.12/site-packages/airflow/example_dags/example_dynamic_task_mapping.py
[2026-05-31T14:27:15.728+0000] {processor.py:830} INFO - Processing file /home/airflow/.local/lib/python3.12/site-packages/airflow/example_dags/example_dynamic_task_mapping.py for tasks to queue
[2026-05-31T14:27:15.731+0000] {logging_mixin.py:188} INFO - [2026-05-31T14:27:15.730+0000] {dagbag.py:540} INFO - Filling up the DagBag from /home/airflow/.local/lib/python3.12/site-packages/airflow/example_dags/example_dynamic_task_mapping.py
[2026-05-31T14:27:15.738+0000] {processor.py:840} INFO - DAG(s) 'example_dynamic_task_mapping' retrieved from /home/airflow/.local/lib/python3.12/site-packages/airflow/example_dags/example_dynamic_task_mapping.py
[2026-05-31T14:27:15.756+0000] {logging_mixin.py:188} INFO - [2026-05-31T14:27:15.755+0000] {dag.py:3096} INFO - Sync 1 DAGs
[2026-05-31T14:27:15.774+0000] {logging_mixin.py:188} INFO - [2026-05-31T14:27:15.774+0000] {dag.py:3954} INFO - Setting next_dagrun for example_dynamic_task_mapping to 2022-03-04 00:00:00+00:00, run_after=2022-03-05 00:00:00+00:00
[2026-05-31T14:27:15.792+0000] {processor.py:183} INFO - Processing /home/airflow/.local/lib/python3.12/site-packages/airflow/example_dags/example_dynamic_task_mapping.py took 0.071 seconds
[2026-05-31T14:27:46.497+0000] {processor.py:161} INFO - Started process (PID=2502) to work on /home/airflow/.local/lib/python3.12/site-packages/airflow/example_dags/example_dynamic_task_mapping.py
[2026-05-31T14:27:46.498+0000] {processor.py:830} INFO - Processing file /home/airflow/.local/lib/python3.12/site-packages/airflow/example_dags/example_dynamic_task_mapping.py for tasks to queue
[2026-05-31T14:27:46.500+0000] {logging_mixin.py:188} INFO - [2026-05-31T14:27:46.499+0000] {dagbag.py:540} INFO - Filling up the DagBag from /home/airflow/.local/lib/python3.12/site-packages/airflow/example_dags/example_dynamic_task_mapping.py
[2026-05-31T14:27:46.505+0000] {processor.py:840} INFO - DAG(s) 'example_dynamic_task_mapping' retrieved from /home/airflow/.local/lib/python3.12/site-packages/airflow/example_dags/example_dynamic_task_mapping.py
[2026-05-31T14:27:46.521+0000] {logging_mixin.py:188} INFO - [2026-05-31T14:27:46.520+0000] {dag.py:3096} INFO - Sync 1 DAGs
[2026-05-31T14:27:46.541+0000] {logging_mixin.py:188} INFO - [2026-05-31T14:27:46.541+0000] {dag.py:3954} INFO - Setting next_dagrun for example_dynamic_task_mapping to 2022-03-04 00:00:00+00:00, run_after=2022-03-05 00:00:00+00:00
[2026-05-31T14:27:46.563+0000] {processor.py:183} INFO - Processing /home/airflow/.local/lib/python3.12/site-packages/airflow/example_dags/example_dynamic_task_mapping.py took 0.070 seconds
[2026-05-31T14:28:16.723+0000] {processor.py:161} INFO - Started process (PID=2561) to work on /home/airflow/.local/lib/python3.12/site-packages/airflow/example_dags/example_dynamic_task_mapping.py
[2026-05-31T14:28:16.725+0000] {processor.py:830} INFO - Processing file /home/airflow/.local/lib/python3.12/site-packages/airflow/example_dags/example_dynamic_task_mapping.py for tasks to queue
[2026-05-31T14:28:16.727+0000] {logging_mixin.py:188} INFO - [2026-05-31T14:28:16.726+0000] {dagbag.py:540} INFO - Filling up the DagBag from /home/airflow/.local/lib/python3.12/site-packages/airflow/example_dags/example_dynamic_task_mapping.py
[2026-05-31T14:28:16.733+0000] {processor.py:840} INFO - DAG(s) 'example_dynamic_task_mapping' retrieved from /home/airflow/.local/lib/python3.12/site-packages/airflow/example_dags/example_dynamic_task_mapping.py
[2026-05-31T14:28:16.750+0000] {logging_mixin.py:188} INFO - [2026-05-31T14:28:16.750+0000] {dag.py:3096} INFO - Sync 1 DAGs
[2026-05-31T14:28:16.767+0000] {logging_mixin.py:188} INFO - [2026-05-31T14:28:16.767+0000] {dag.py:3954} INFO - Setting next_dagrun for example_dynamic_task_mapping to 2022-03-04 00:00:00+00:00, run_after=2022-03-05 00:00:00+00:00
[2026-05-31T14:28:16.783+0000] {processor.py:183} INFO - Processing /home/airflow/.local/lib/python3.12/site-packages/airflow/example_dags/example_dynamic_task_mapping.py took 0.065 seconds
[2026-05-31T14:28:46.884+0000] {processor.py:161} INFO - Started process (PID=2620) to work on /home/airflow/.local/lib/python3.12/site-packages/airflow/example_dags/example_dynamic_task_mapping.py
[2026-05-31T14:28:46.885+0000] {processor.py:830} INFO - Processing file /home/airflow/.local/lib/python3.12/site-packages/airflow/example_dags/example_dynamic_task_mapping.py for tasks to queue
[2026-05-31T14:28:46.886+0000] {logging_mixin.py:188} INFO - [2026-05-31T14:28:46.886+0000] {dagbag.py:540} INFO - Filling up the DagBag from /home/airflow/.local/lib/python3.12/site-packages/airflow/example_dags/example_dynamic_task_mapping.py
[2026-05-31T14:28:46.893+0000] {processor.py:840} INFO - DAG(s) 'example_dynamic_task_mapping' retrieved from /home/airflow/.local/lib/python3.12/site-packages/airflow/example_dags/example_dynamic_task_mapping.py
[2026-05-31T14:28:46.916+0000] {logging_mixin.py:188} INFO - [2026-05-31T14:28:46.916+0000] {dag.py:3096} INFO - Sync 1 DAGs
[2026-05-31T14:28:46.945+0000] {logging_mixin.py:188} INFO - [2026-05-31T14:28:46.945+0000] {dag.py:3954} INFO - Setting next_dagrun for example_dynamic_task_mapping to 2022-03-04 00:00:00+00:00, run_after=2022-03-05 00:00:00+00:00
[2026-05-31T14:28:46.966+0000] {processor.py:183} INFO - Processing /home/airflow/.local/lib/python3.12/site-packages/airflow/example_dags/example_dynamic_task_mapping.py took 0.088 seconds
[2026-05-31T14:29:17.060+0000] {processor.py:161} INFO - Started process (PID=2679) to work on /home/airflow/.local/lib/python3.12/site-packages/airflow/example_dags/example_dynamic_task_mapping.py
[2026-05-31T14:29:17.061+0000] {processor.py:830} INFO - Processing file /home/airflow/.local/lib/python3.12/site-packages/airflow/example_dags/example_dynamic_task_mapping.py for tasks to queue
[2026-05-31T14:29:17.063+0000] {logging_mixin.py:188} INFO - [2026-05-31T14:29:17.063+0000] {dagbag.py:540} INFO - Filling up the DagBag from /home/airflow/.local/lib/python3.12/site-packages/airflow/example_dags/example_dynamic_task_mapping.py
[2026-05-31T14:29:17.068+0000] {processor.py:840} INFO - DAG(s) 'example_dynamic_task_mapping' retrieved from /home/airflow/.local/lib/python3.12/site-packages/airflow/example_dags/example_dynamic_task_mapping.py
[2026-05-31T14:29:17.083+0000] {logging_mixin.py:188} INFO - [2026-05-31T14:29:17.083+0000] {dag.py:3096} INFO - Sync 1 DAGs
[2026-05-31T14:29:17.100+0000] {logging_mixin.py:188} INFO - [2026-05-31T14:29:17.099+0000] {dag.py:3954} INFO - Setting next_dagrun for example_dynamic_task_mapping to 2022-03-04 00:00:00+00:00, run_after=2022-03-05 00:00:00+00:00
[2026-05-31T14:29:17.113+0000] {processor.py:183} INFO - Processing /home/airflow/.local/lib/python3.12/site-packages/airflow/example_dags/example_dynamic_task_mapping.py took 0.058 seconds
[2026-05-31T14:29:47.275+0000] {processor.py:161} INFO - Started process (PID=2738) to work on /home/airflow/.local/lib/python3.12/site-packages/airflow/example_dags/example_dynamic_task_mapping.py
[2026-05-31T14:29:47.276+0000] {processor.py:830} INFO - Processing file /home/airflow/.local/lib/python3.12/site-packages/airflow/example_dags/example_dynamic_task_mapping.py for tasks to queue
[2026-05-31T14:29:47.278+0000] {logging_mixin.py:188} INFO - [2026-05-31T14:29:47.278+0000] {dagbag.py:540} INFO - Filling up the DagBag from /home/airflow/.local/lib/python3.12/site-packages/airflow/example_dags/example_dynamic_task_mapping.py
[2026-05-31T14:29:47.285+0000] {processor.py:840} INFO - DAG(s) 'example_dynamic_task_mapping' retrieved from /home/airflow/.local/lib/python3.12/site-packages/airflow/example_dags/example_dynamic_task_mapping.py
[2026-05-31T14:29:47.308+0000] {logging_mixin.py:188} INFO - [2026-05-31T14:29:47.308+0000] {dag.py:3096} INFO - Sync 1 DAGs
[2026-05-31T14:29:47.327+0000] {logging_mixin.py:188} INFO - [2026-05-31T14:29:47.326+0000] {dag.py:3954} INFO - Setting next_dagrun for example_dynamic_task_mapping to 2022-03-04 00:00:00+00:00, run_after=2022-03-05 00:00:00+00:00
[2026-05-31T14:29:47.343+0000] {processor.py:183} INFO - Processing /home/airflow/.local/lib/python3.12/site-packages/airflow/example_dags/example_dynamic_task_mapping.py took 0.073 seconds
[2026-05-31T14:30:18.311+0000] {processor.py:161} INFO - Started process (PID=2797) to work on /home/airflow/.local/lib/python3.12/site-packages/airflow/example_dags/example_dynamic_task_mapping.py
[2026-05-31T14:30:18.313+0000] {processor.py:830} INFO - Processing file /home/airflow/.local/lib/python3.12/site-packages/airflow/example_dags/example_dynamic_task_mapping.py for tasks to queue
[2026-05-31T14:30:18.315+0000] {logging_mixin.py:188} INFO - [2026-05-31T14:30:18.315+0000] {dagbag.py:540} INFO - Filling up the DagBag from /home/airflow/.local/lib/python3.12/site-packages/airflow/example_dags/example_dynamic_task_mapping.py
[2026-05-31T14:30:18.321+0000] {processor.py:840} INFO - DAG(s) 'example_dynamic_task_mapping' retrieved from /home/airflow/.local/lib/python3.12/site-packages/airflow/example_dags/example_dynamic_task_mapping.py
[2026-05-31T14:30:18.336+0000] {logging_mixin.py:188} INFO - [2026-05-31T14:30:18.336+0000] {dag.py:3096} INFO - Sync 1 DAGs
[2026-05-31T14:30:18.353+0000] {logging_mixin.py:188} INFO - [2026-05-31T14:30:18.353+0000] {dag.py:3954} INFO - Setting next_dagrun for example_dynamic_task_mapping to 2022-03-04 00:00:00+00:00, run_after=2022-03-05 00:00:00+00:00
[2026-05-31T14:30:18.369+0000] {processor.py:183} INFO - Processing /home/airflow/.local/lib/python3.12/site-packages/airflow/example_dags/example_dynamic_task_mapping.py took 0.063 seconds
[2026-05-31T14:30:49.253+0000] {processor.py:161} INFO - Started process (PID=2856) to work on /home/airflow/.local/lib/python3.12/site-packages/airflow/example_dags/example_dynamic_task_mapping.py
[2026-05-31T14:30:49.255+0000] {processor.py:830} INFO - Processing file /home/airflow/.local/lib/python3.12/site-packages/airflow/example_dags/example_dynamic_task_mapping.py for tasks to queue
[2026-05-31T14:30:49.257+0000] {logging_mixin.py:188} INFO - [2026-05-31T14:30:49.257+0000] {dagbag.py:540} INFO - Filling up the DagBag from /home/airflow/.local/lib/python3.12/site-packages/airflow/example_dags/example_dynamic_task_mapping.py
[2026-05-31T14:30:49.267+0000] {processor.py:840} INFO - DAG(s) 'example_dynamic_task_mapping' retrieved from /home/airflow/.local/lib/python3.12/site-packages/airflow/example_dags/example_dynamic_task_mapping.py
[2026-05-31T14:30:49.287+0000] {logging_mixin.py:188} INFO - [2026-05-31T14:30:49.287+0000] {dag.py:3096} INFO - Sync 1 DAGs
[2026-05-31T14:30:49.303+0000] {logging_mixin.py:188} INFO - [2026-05-31T14:30:49.303+0000] {dag.py:3954} INFO - Setting next_dagrun for example_dynamic_task_mapping to 2022-03-04 00:00:00+00:00, run_after=2022-03-05 00:00:00+00:00
[2026-05-31T14:30:49.321+0000] {processor.py:183} INFO - Processing /home/airflow/.local/lib/python3.12/site-packages/airflow/example_dags/example_dynamic_task_mapping.py took 0.075 seconds
[2026-05-31T14:31:20.213+0000] {processor.py:161} INFO - Started process (PID=2921) to work on /home/airflow/.local/lib/python3.12/site-packages/airflow/example_dags/example_dynamic_task_mapping.py
[2026-05-31T14:31:20.215+0000] {processor.py:830} INFO - Processing file /home/airflow/.local/lib/python3.12/site-packages/airflow/example_dags/example_dynamic_task_mapping.py for tasks to queue
[2026-05-31T14:31:20.216+0000] {logging_mixin.py:188} INFO - [2026-05-31T14:31:20.216+0000] {dagbag.py:540} INFO - Filling up the DagBag from /home/airflow/.local/lib/python3.12/site-packages/airflow/example_dags/example_dynamic_task_mapping.py
[2026-05-31T14:31:20.222+0000] {processor.py:840} INFO - DAG(s) 'example_dynamic_task_mapping' retrieved from /home/airflow/.local/lib/python3.12/site-packages/airflow/example_dags/example_dynamic_task_mapping.py
[2026-05-31T14:31:20.237+0000] {logging_mixin.py:188} INFO - [2026-05-31T14:31:20.237+0000] {dag.py:3096} INFO - Sync 1 DAGs
[2026-05-31T14:31:20.254+0000] {logging_mixin.py:188} INFO - [2026-05-31T14:31:20.254+0000] {dag.py:3954} INFO - Setting next_dagrun for example_dynamic_task_mapping to 2022-03-04 00:00:00+00:00, run_after=2022-03-05 00:00:00+00:00
[2026-05-31T14:31:20.267+0000] {processor.py:183} INFO - Processing /home/airflow/.local/lib/python3.12/site-packages/airflow/example_dags/example_dynamic_task_mapping.py took 0.059 seconds
[2026-05-31T14:31:51.107+0000] {processor.py:161} INFO - Started process (PID=2980) to work on /home/airflow/.local/lib/python3.12/site-packages/airflow/example_dags/example_dynamic_task_mapping.py
[2026-05-31T14:31:51.108+0000] {processor.py:830} INFO - Processing file /home/airflow/.local/lib/python3.12/site-packages/airflow/example_dags/example_dynamic_task_mapping.py for tasks to queue
[2026-05-31T14:31:51.110+0000] {logging_mixin.py:188} INFO - [2026-05-31T14:31:51.110+0000] {dagbag.py:540} INFO - Filling up the DagBag from /home/airflow/.local/lib/python3.12/site-packages/airflow/example_dags/example_dynamic_task_mapping.py
[2026-05-31T14:31:51.115+0000] {processor.py:840} INFO - DAG(s) 'example_dynamic_task_mapping' retrieved from /home/airflow/.local/lib/python3.12/site-packages/airflow/example_dags/example_dynamic_task_mapping.py
[2026-05-31T14:31:51.130+0000] {logging_mixin.py:188} INFO - [2026-05-31T14:31:51.130+0000] {dag.py:3096} INFO - Sync 1 DAGs
[2026-05-31T14:31:51.146+0000] {logging_mixin.py:188} INFO - [2026-05-31T14:31:51.146+0000] {dag.py:3954} INFO - Setting next_dagrun for example_dynamic_task_mapping to 2022-03-04 00:00:00+00:00, run_after=2022-03-05 00:00:00+00:00
[2026-05-31T14:31:51.173+0000] {processor.py:183} INFO - Processing /home/airflow/.local/lib/python3.12/site-packages/airflow/example_dags/example_dynamic_task_mapping.py took 0.072 seconds
[2026-05-31T14:32:22.072+0000] {processor.py:161} INFO - Started process (PID=3039) to work on /home/airflow/.local/lib/python3.12/site-packages/airflow/example_dags/example_dynamic_task_mapping.py
[2026-05-31T14:32:22.073+0000] {processor.py:830} INFO - Processing file /home/airflow/.local/lib/python3.12/site-packages/airflow/example_dags/example_dynamic_task_mapping.py for tasks to queue
[2026-05-31T14:32:22.075+0000] {logging_mixin.py:188} INFO - [2026-05-31T14:32:22.074+0000] {dagbag.py:540} INFO - Filling up the DagBag from /home/airflow/.local/lib/python3.12/site-packages/airflow/example_dags/example_dynamic_task_mapping.py
[2026-05-31T14:32:22.080+0000] {processor.py:840} INFO - DAG(s) 'example_dynamic_task_mapping' retrieved from /home/airflow/.local/lib/python3.12/site-packages/airflow/example_dags/example_dynamic_task_mapping.py
[2026-05-31T14:32:22.095+0000] {logging_mixin.py:188} INFO - [2026-05-31T14:32:22.095+0000] {dag.py:3096} INFO - Sync 1 DAGs
[2026-05-31T14:32:22.113+0000] {logging_mixin.py:188} INFO - [2026-05-31T14:32:22.112+0000] {dag.py:3954} INFO - Setting next_dagrun for example_dynamic_task_mapping to 2022-03-04 00:00:00+00:00, run_after=2022-03-05 00:00:00+00:00
[2026-05-31T14:32:22.137+0000] {processor.py:183} INFO - Processing /home/airflow/.local/lib/python3.12/site-packages/airflow/example_dags/example_dynamic_task_mapping.py took 0.070 seconds
[2026-05-31T14:32:52.327+0000] {processor.py:161} INFO - Started process (PID=3098) to work on /home/airflow/.local/lib/python3.12/site-packages/airflow/example_dags/example_dynamic_task_mapping.py
[2026-05-31T14:32:52.329+0000] {processor.py:830} INFO - Processing file /home/airflow/.local/lib/python3.12/site-packages/airflow/example_dags/example_dynamic_task_mapping.py for tasks to queue
[2026-05-31T14:32:52.331+0000] {logging_mixin.py:188} INFO - [2026-05-31T14:32:52.330+0000] {dagbag.py:540} INFO - Filling up the DagBag from /home/airflow/.local/lib/python3.12/site-packages/airflow/example_dags/example_dynamic_task_mapping.py
[2026-05-31T14:32:52.337+0000] {processor.py:840} INFO - DAG(s) 'example_dynamic_task_mapping' retrieved from /home/airflow/.local/lib/python3.12/site-packages/airflow/example_dags/example_dynamic_task_mapping.py
[2026-05-31T14:32:52.355+0000] {logging_mixin.py:188} INFO - [2026-05-31T14:32:52.354+0000] {dag.py:3096} INFO - Sync 1 DAGs
[2026-05-31T14:32:52.375+0000] {logging_mixin.py:188} INFO - [2026-05-31T14:32:52.375+0000] {dag.py:3954} INFO - Setting next_dagrun for example_dynamic_task_mapping to 2022-03-04 00:00:00+00:00, run_after=2022-03-05 00:00:00+00:00
[2026-05-31T14:32:52.395+0000] {processor.py:183} INFO - Processing /home/airflow/.local/lib/python3.12/site-packages/airflow/example_dags/example_dynamic_task_mapping.py took 0.073 seconds
[2026-05-31T14:33:22.959+0000] {processor.py:161} INFO - Started process (PID=3157) to work on /home/airflow/.local/lib/python3.12/site-packages/airflow/example_dags/example_dynamic_task_mapping.py
[2026-05-31T14:33:22.960+0000] {processor.py:830} INFO - Processing file /home/airflow/.local/lib/python3.12/site-packages/airflow/example_dags/example_dynamic_task_mapping.py for tasks to queue
[2026-05-31T14:33:22.961+0000] {logging_mixin.py:188} INFO - [2026-05-31T14:33:22.961+0000] {dagbag.py:540} INFO - Filling up the DagBag from /home/airflow/.local/lib/python3.12/site-packages/airflow/example_dags/example_dynamic_task_mapping.py
[2026-05-31T14:33:22.967+0000] {processor.py:840} INFO - DAG(s) 'example_dynamic_task_mapping' retrieved from /home/airflow/.local/lib/python3.12/site-packages/airflow/example_dags/example_dynamic_task_mapping.py
[2026-05-31T14:33:22.982+0000] {logging_mixin.py:188} INFO - [2026-05-31T14:33:22.982+0000] {dag.py:3096} INFO - Sync 1 DAGs
[2026-05-31T14:33:22.997+0000] {logging_mixin.py:188} INFO - [2026-05-31T14:33:22.997+0000] {dag.py:3954} INFO - Setting next_dagrun for example_dynamic_task_mapping to 2022-03-04 00:00:00+00:00, run_after=2022-03-05 00:00:00+00:00
[2026-05-31T14:33:23.014+0000] {processor.py:183} INFO - Processing /home/airflow/.local/lib/python3.12/site-packages/airflow/example_dags/example_dynamic_task_mapping.py took 0.060 seconds
[2026-05-31T14:33:53.718+0000] {processor.py:161} INFO - Started process (PID=3216) to work on /home/airflow/.local/lib/python3.12/site-packages/airflow/example_dags/example_dynamic_task_mapping.py
[2026-05-31T14:33:53.719+0000] {processor.py:830} INFO - Processing file /home/airflow/.local/lib/python3.12/site-packages/airflow/example_dags/example_dynamic_task_mapping.py for tasks to queue
[2026-05-31T14:33:53.720+0000] {logging_mixin.py:188} INFO - [2026-05-31T14:33:53.720+0000] {dagbag.py:540} INFO - Filling up the DagBag from /home/airflow/.local/lib/python3.12/site-packages/airflow/example_dags/example_dynamic_task_mapping.py
[2026-05-31T14:33:53.726+0000] {processor.py:840} INFO - DAG(s) 'example_dynamic_task_mapping' retrieved from /home/airflow/.local/lib/python3.12/site-packages/airflow/example_dags/example_dynamic_task_mapping.py
[2026-05-31T14:33:53.741+0000] {logging_mixin.py:188} INFO - [2026-05-31T14:33:53.741+0000] {dag.py:3096} INFO - Sync 1 DAGs
[2026-05-31T14:33:53.757+0000] {logging_mixin.py:188} INFO - [2026-05-31T14:33:53.757+0000] {dag.py:3954} INFO - Setting next_dagrun for example_dynamic_task_mapping to 2022-03-04 00:00:00+00:00, run_after=2022-03-05 00:00:00+00:00
[2026-05-31T14:33:53.771+0000] {processor.py:183} INFO - Processing /home/airflow/.local/lib/python3.12/site-packages/airflow/example_dags/example_dynamic_task_mapping.py took 0.059 seconds
[2026-05-31T14:34:24.431+0000] {processor.py:161} INFO - Started process (PID=3275) to work on /home/airflow/.local/lib/python3.12/site-packages/airflow/example_dags/example_dynamic_task_mapping.py
[2026-05-31T14:34:24.432+0000] {processor.py:830} INFO - Processing file /home/airflow/.local/lib/python3.12/site-packages/airflow/example_dags/example_dynamic_task_mapping.py for tasks to queue
[2026-05-31T14:34:24.434+0000] {logging_mixin.py:188} INFO - [2026-05-31T14:34:24.434+0000] {dagbag.py:540} INFO - Filling up the DagBag from /home/airflow/.local/lib/python3.12/site-packages/airflow/example_dags/example_dynamic_task_mapping.py
[2026-05-31T14:34:24.440+0000] {processor.py:840} INFO - DAG(s) 'example_dynamic_task_mapping' retrieved from /home/airflow/.local/lib/python3.12/site-packages/airflow/example_dags/example_dynamic_task_mapping.py
[2026-05-31T14:34:24.456+0000] {logging_mixin.py:188} INFO - [2026-05-31T14:34:24.455+0000] {dag.py:3096} INFO - Sync 1 DAGs
[2026-05-31T14:34:24.472+0000] {logging_mixin.py:188} INFO - [2026-05-31T14:34:24.472+0000] {dag.py:3954} INFO - Setting next_dagrun for example_dynamic_task_mapping to 2022-03-04 00:00:00+00:00, run_after=2022-03-05 00:00:00+00:00
[2026-05-31T14:34:24.487+0000] {processor.py:183} INFO - Processing /home/airflow/.local/lib/python3.12/site-packages/airflow/example_dags/example_dynamic_task_mapping.py took 0.061 seconds
[2026-05-31T14:34:55.080+0000] {processor.py:161} INFO - Started process (PID=3334) to work on /home/airflow/.local/lib/python3.12/site-packages/airflow/example_dags/example_dynamic_task_mapping.py
[2026-05-31T14:34:55.081+0000] {processor.py:830} INFO - Processing file /home/airflow/.local/lib/python3.12/site-packages/airflow/example_dags/example_dynamic_task_mapping.py for tasks to queue
[2026-05-31T14:34:55.084+0000] {logging_mixin.py:188} INFO - [2026-05-31T14:34:55.084+0000] {dagbag.py:540} INFO - Filling up the DagBag from /home/airflow/.local/lib/python3.12/site-packages/airflow/example_dags/example_dynamic_task_mapping.py
[2026-05-31T14:34:55.091+0000] {processor.py:840} INFO - DAG(s) 'example_dynamic_task_mapping' retrieved from /home/airflow/.local/lib/python3.12/site-packages/airflow/example_dags/example_dynamic_task_mapping.py
[2026-05-31T14:34:55.110+0000] {logging_mixin.py:188} INFO - [2026-05-31T14:34:55.110+0000] {dag.py:3096} INFO - Sync 1 DAGs
[2026-05-31T14:34:55.130+0000] {logging_mixin.py:188} INFO - [2026-05-31T14:34:55.130+0000] {dag.py:3954} INFO - Setting next_dagrun for example_dynamic_task_mapping to 2022-03-04 00:00:00+00:00, run_after=2022-03-05 00:00:00+00:00
[2026-05-31T14:34:55.146+0000] {processor.py:183} INFO - Processing /home/airflow/.local/lib/python3.12/site-packages/airflow/example_dags/example_dynamic_task_mapping.py took 0.072 seconds
[2026-05-31T14:35:26.124+0000] {processor.py:161} INFO - Started process (PID=3393) to work on /home/airflow/.local/lib/python3.12/site-packages/airflow/example_dags/example_dynamic_task_mapping.py
[2026-05-31T14:35:26.125+0000] {processor.py:830} INFO - Processing file /home/airflow/.local/lib/python3.12/site-packages/airflow/example_dags/example_dynamic_task_mapping.py for tasks to queue
[2026-05-31T14:35:26.127+0000] {logging_mixin.py:188} INFO - [2026-05-31T14:35:26.126+0000] {dagbag.py:540} INFO - Filling up the DagBag from /home/airflow/.local/lib/python3.12/site-packages/airflow/example_dags/example_dynamic_task_mapping.py
[2026-05-31T14:35:26.133+0000] {processor.py:840} INFO - DAG(s) 'example_dynamic_task_mapping' retrieved from /home/airflow/.local/lib/python3.12/site-packages/airflow/example_dags/example_dynamic_task_mapping.py
[2026-05-31T14:35:26.151+0000] {logging_mixin.py:188} INFO - [2026-05-31T14:35:26.150+0000] {dag.py:3096} INFO - Sync 1 DAGs
[2026-05-31T14:35:26.172+0000] {logging_mixin.py:188} INFO - [2026-05-31T14:35:26.172+0000] {dag.py:3954} INFO - Setting next_dagrun for example_dynamic_task_mapping to 2022-03-04 00:00:00+00:00, run_after=2022-03-05 00:00:00+00:00
[2026-05-31T14:35:26.200+0000] {processor.py:183} INFO - Processing /home/airflow/.local/lib/python3.12/site-packages/airflow/example_dags/example_dynamic_task_mapping.py took 0.081 seconds
[2026-05-31T14:35:57.038+0000] {processor.py:161} INFO - Started process (PID=3452) to work on /home/airflow/.local/lib/python3.12/site-packages/airflow/example_dags/example_dynamic_task_mapping.py
[2026-05-31T14:35:57.040+0000] {processor.py:830} INFO - Processing file /home/airflow/.local/lib/python3.12/site-packages/airflow/example_dags/example_dynamic_task_mapping.py for tasks to queue
[2026-05-31T14:35:57.042+0000] {logging_mixin.py:188} INFO - [2026-05-31T14:35:57.041+0000] {dagbag.py:540} INFO - Filling up the DagBag from /home/airflow/.local/lib/python3.12/site-packages/airflow/example_dags/example_dynamic_task_mapping.py
[2026-05-31T14:35:57.047+0000] {processor.py:840} INFO - DAG(s) 'example_dynamic_task_mapping' retrieved from /home/airflow/.local/lib/python3.12/site-packages/airflow/example_dags/example_dynamic_task_mapping.py
[2026-05-31T14:35:57.063+0000] {logging_mixin.py:188} INFO - [2026-05-31T14:35:57.063+0000] {dag.py:3096} INFO - Sync 1 DAGs
[2026-05-31T14:35:57.080+0000] {logging_mixin.py:188} INFO - [2026-05-31T14:35:57.080+0000] {dag.py:3954} INFO - Setting next_dagrun for example_dynamic_task_mapping to 2022-03-04 00:00:00+00:00, run_after=2022-03-05 00:00:00+00:00
[2026-05-31T14:35:57.094+0000] {processor.py:183} INFO - Processing /home/airflow/.local/lib/python3.12/site-packages/airflow/example_dags/example_dynamic_task_mapping.py took 0.061 seconds
[2026-05-31T14:36:27.222+0000] {processor.py:161} INFO - Started process (PID=3512) to work on /home/airflow/.local/lib/python3.12/site-packages/airflow/example_dags/example_dynamic_task_mapping.py
[2026-05-31T14:36:27.223+0000] {processor.py:830} INFO - Processing file /home/airflow/.local/lib/python3.12/site-packages/airflow/example_dags/example_dynamic_task_mapping.py for tasks to queue
[2026-05-31T14:36:27.225+0000] {logging_mixin.py:188} INFO - [2026-05-31T14:36:27.225+0000] {dagbag.py:540} INFO - Filling up the DagBag from /home/airflow/.local/lib/python3.12/site-packages/airflow/example_dags/example_dynamic_task_mapping.py
[2026-05-31T14:36:27.231+0000] {processor.py:840} INFO - DAG(s) 'example_dynamic_task_mapping' retrieved from /home/airflow/.local/lib/python3.12/site-packages/airflow/example_dags/example_dynamic_task_mapping.py
[2026-05-31T14:36:27.247+0000] {logging_mixin.py:188} INFO - [2026-05-31T14:36:27.247+0000] {dag.py:3096} INFO - Sync 1 DAGs
[2026-05-31T14:36:27.267+0000] {logging_mixin.py:188} INFO - [2026-05-31T14:36:27.267+0000] {dag.py:3954} INFO - Setting next_dagrun for example_dynamic_task_mapping to 2022-03-04 00:00:00+00:00, run_after=2022-03-05 00:00:00+00:00
[2026-05-31T14:36:27.282+0000] {processor.py:183} INFO - Processing /home/airflow/.local/lib/python3.12/site-packages/airflow/example_dags/example_dynamic_task_mapping.py took 0.065 seconds
[2026-05-31T14:36:58.150+0000] {processor.py:161} INFO - Started process (PID=3571) to work on /home/airflow/.local/lib/python3.12/site-packages/airflow/example_dags/example_dynamic_task_mapping.py
[2026-05-31T14:36:58.151+0000] {processor.py:830} INFO - Processing file /home/airflow/.local/lib/python3.12/site-packages/airflow/example_dags/example_dynamic_task_mapping.py for tasks to queue
[2026-05-31T14:36:58.153+0000] {logging_mixin.py:188} INFO - [2026-05-31T14:36:58.153+0000] {dagbag.py:540} INFO - Filling up the DagBag from /home/airflow/.local/lib/python3.12/site-packages/airflow/example_dags/example_dynamic_task_mapping.py
[2026-05-31T14:36:58.159+0000] {processor.py:840} INFO - DAG(s) 'example_dynamic_task_mapping' retrieved from /home/airflow/.local/lib/python3.12/site-packages/airflow/example_dags/example_dynamic_task_mapping.py
[2026-05-31T14:36:58.174+0000] {logging_mixin.py:188} INFO - [2026-05-31T14:36:58.174+0000] {dag.py:3096} INFO - Sync 1 DAGs
[2026-05-31T14:36:58.191+0000] {logging_mixin.py:188} INFO - [2026-05-31T14:36:58.191+0000] {dag.py:3954} INFO - Setting next_dagrun for example_dynamic_task_mapping to 2022-03-04 00:00:00+00:00, run_after=2022-03-05 00:00:00+00:00
[2026-05-31T14:36:58.208+0000] {processor.py:183} INFO - Processing /home/airflow/.local/lib/python3.12/site-packages/airflow/example_dags/example_dynamic_task_mapping.py took 0.063 seconds
[2026-05-31T14:37:28.273+0000] {processor.py:161} INFO - Started process (PID=3630) to work on /home/airflow/.local/lib/python3.12/site-packages/airflow/example_dags/example_dynamic_task_mapping.py
[2026-05-31T14:37:28.274+0000] {processor.py:830} INFO - Processing file /home/airflow/.local/lib/python3.12/site-packages/airflow/example_dags/example_dynamic_task_mapping.py for tasks to queue
[2026-05-31T14:37:28.276+0000] {logging_mixin.py:188} INFO - [2026-05-31T14:37:28.276+0000] {dagbag.py:540} INFO - Filling up the DagBag from /home/airflow/.local/lib/python3.12/site-packages/airflow/example_dags/example_dynamic_task_mapping.py
[2026-05-31T14:37:28.282+0000] {processor.py:840} INFO - DAG(s) 'example_dynamic_task_mapping' retrieved from /home/airflow/.local/lib/python3.12/site-packages/airflow/example_dags/example_dynamic_task_mapping.py
[2026-05-31T14:37:28.301+0000] {logging_mixin.py:188} INFO - [2026-05-31T14:37:28.301+0000] {dag.py:3096} INFO - Sync 1 DAGs
[2026-05-31T14:37:28.324+0000] {logging_mixin.py:188} INFO - [2026-05-31T14:37:28.324+0000] {dag.py:3954} INFO - Setting next_dagrun for example_dynamic_task_mapping to 2022-03-04 00:00:00+00:00, run_after=2022-03-05 00:00:00+00:00
[2026-05-31T14:37:28.341+0000] {processor.py:183} INFO - Processing /home/airflow/.local/lib/python3.12/site-packages/airflow/example_dags/example_dynamic_task_mapping.py took 0.072 seconds
[2026-05-31T14:37:59.309+0000] {processor.py:161} INFO - Started process (PID=3689) to work on /home/airflow/.local/lib/python3.12/site-packages/airflow/example_dags/example_dynamic_task_mapping.py
[2026-05-31T14:37:59.310+0000] {processor.py:830} INFO - Processing file /home/airflow/.local/lib/python3.12/site-packages/airflow/example_dags/example_dynamic_task_mapping.py for tasks to queue
[2026-05-31T14:37:59.313+0000] {logging_mixin.py:188} INFO - [2026-05-31T14:37:59.312+0000] {dagbag.py:540} INFO - Filling up the DagBag from /home/airflow/.local/lib/python3.12/site-packages/airflow/example_dags/example_dynamic_task_mapping.py
[2026-05-31T14:37:59.321+0000] {processor.py:840} INFO - DAG(s) 'example_dynamic_task_mapping' retrieved from /home/airflow/.local/lib/python3.12/site-packages/airflow/example_dags/example_dynamic_task_mapping.py
[2026-05-31T14:37:59.342+0000] {logging_mixin.py:188} INFO - [2026-05-31T14:37:59.342+0000] {dag.py:3096} INFO - Sync 1 DAGs
[2026-05-31T14:37:59.363+0000] {logging_mixin.py:188} INFO - [2026-05-31T14:37:59.363+0000] {dag.py:3954} INFO - Setting next_dagrun for example_dynamic_task_mapping to 2022-03-04 00:00:00+00:00, run_after=2022-03-05 00:00:00+00:00
[2026-05-31T14:37:59.380+0000] {processor.py:183} INFO - Processing /home/airflow/.local/lib/python3.12/site-packages/airflow/example_dags/example_dynamic_task_mapping.py took 0.076 seconds
[2026-05-31T14:38:29.603+0000] {processor.py:161} INFO - Started process (PID=3748) to work on /home/airflow/.local/lib/python3.12/site-packages/airflow/example_dags/example_dynamic_task_mapping.py
[2026-05-31T14:38:29.604+0000] {processor.py:830} INFO - Processing file /home/airflow/.local/lib/python3.12/site-packages/airflow/example_dags/example_dynamic_task_mapping.py for tasks to queue
[2026-05-31T14:38:29.606+0000] {logging_mixin.py:188} INFO - [2026-05-31T14:38:29.606+0000] {dagbag.py:540} INFO - Filling up the DagBag from /home/airflow/.local/lib/python3.12/site-packages/airflow/example_dags/example_dynamic_task_mapping.py
[2026-05-31T14:38:29.611+0000] {processor.py:840} INFO - DAG(s) 'example_dynamic_task_mapping' retrieved from /home/airflow/.local/lib/python3.12/site-packages/airflow/example_dags/example_dynamic_task_mapping.py
[2026-05-31T14:38:29.627+0000] {logging_mixin.py:188} INFO - [2026-05-31T14:38:29.627+0000] {dag.py:3096} INFO - Sync 1 DAGs
[2026-05-31T14:38:29.645+0000] {logging_mixin.py:188} INFO - [2026-05-31T14:38:29.645+0000] {dag.py:3954} INFO - Setting next_dagrun for example_dynamic_task_mapping to 2022-03-04 00:00:00+00:00, run_after=2022-03-05 00:00:00+00:00
[2026-05-31T14:38:29.665+0000] {processor.py:183} INFO - Processing /home/airflow/.local/lib/python3.12/site-packages/airflow/example_dags/example_dynamic_task_mapping.py took 0.066 seconds
[2026-05-31T14:38:59.732+0000] {processor.py:161} INFO - Started process (PID=3807) to work on /home/airflow/.local/lib/python3.12/site-packages/airflow/example_dags/example_dynamic_task_mapping.py
[2026-05-31T14:38:59.733+0000] {processor.py:830} INFO - Processing file /home/airflow/.local/lib/python3.12/site-packages/airflow/example_dags/example_dynamic_task_mapping.py for tasks to queue
[2026-05-31T14:38:59.735+0000] {logging_mixin.py:188} INFO - [2026-05-31T14:38:59.734+0000] {dagbag.py:540} INFO - Filling up the DagBag from /home/airflow/.local/lib/python3.12/site-packages/airflow/example_dags/example_dynamic_task_mapping.py
[2026-05-31T14:38:59.740+0000] {processor.py:840} INFO - DAG(s) 'example_dynamic_task_mapping' retrieved from /home/airflow/.local/lib/python3.12/site-packages/airflow/example_dags/example_dynamic_task_mapping.py
[2026-05-31T14:38:59.754+0000] {logging_mixin.py:188} INFO - [2026-05-31T14:38:59.754+0000] {dag.py:3096} INFO - Sync 1 DAGs
[2026-05-31T14:38:59.772+0000] {logging_mixin.py:188} INFO - [2026-05-31T14:38:59.772+0000] {dag.py:3954} INFO - Setting next_dagrun for example_dynamic_task_mapping to 2022-03-04 00:00:00+00:00, run_after=2022-03-05 00:00:00+00:00
[2026-05-31T14:38:59.789+0000] {processor.py:183} INFO - Processing /home/airflow/.local/lib/python3.12/site-packages/airflow/example_dags/example_dynamic_task_mapping.py took 0.063 seconds
[2026-05-31T14:39:30.564+0000] {processor.py:161} INFO - Started process (PID=3866) to work on /home/airflow/.local/lib/python3.12/site-packages/airflow/example_dags/example_dynamic_task_mapping.py
[2026-05-31T14:39:30.565+0000] {processor.py:830} INFO - Processing file /home/airflow/.local/lib/python3.12/site-packages/airflow/example_dags/example_dynamic_task_mapping.py for tasks to queue
[2026-05-31T14:39:30.567+0000] {logging_mixin.py:188} INFO - [2026-05-31T14:39:30.567+0000] {dagbag.py:540} INFO - Filling up the DagBag from /home/airflow/.local/lib/python3.12/site-packages/airflow/example_dags/example_dynamic_task_mapping.py
[2026-05-31T14:39:30.573+0000] {processor.py:840} INFO - DAG(s) 'example_dynamic_task_mapping' retrieved from /home/airflow/.local/lib/python3.12/site-packages/airflow/example_dags/example_dynamic_task_mapping.py
[2026-05-31T14:39:30.591+0000] {logging_mixin.py:188} INFO - [2026-05-31T14:39:30.591+0000] {dag.py:3096} INFO - Sync 1 DAGs
[2026-05-31T14:39:30.612+0000] {logging_mixin.py:188} INFO - [2026-05-31T14:39:30.612+0000] {dag.py:3954} INFO - Setting next_dagrun for example_dynamic_task_mapping to 2022-03-04 00:00:00+00:00, run_after=2022-03-05 00:00:00+00:00
[2026-05-31T14:39:30.629+0000] {processor.py:183} INFO - Processing /home/airflow/.local/lib/python3.12/site-packages/airflow/example_dags/example_dynamic_task_mapping.py took 0.069 seconds
[2026-05-31T14:40:01.445+0000] {processor.py:161} INFO - Started process (PID=3925) to work on /home/airflow/.local/lib/python3.12/site-packages/airflow/example_dags/example_dynamic_task_mapping.py
[2026-05-31T14:40:01.446+0000] {processor.py:830} INFO - Processing file /home/airflow/.local/lib/python3.12/site-packages/airflow/example_dags/example_dynamic_task_mapping.py for tasks to queue
[2026-05-31T14:40:01.447+0000] {logging_mixin.py:188} INFO - [2026-05-31T14:40:01.447+0000] {dagbag.py:540} INFO - Filling up the DagBag from /home/airflow/.local/lib/python3.12/site-packages/airflow/example_dags/example_dynamic_task_mapping.py
[2026-05-31T14:40:01.453+0000] {processor.py:840} INFO - DAG(s) 'example_dynamic_task_mapping' retrieved from /home/airflow/.local/lib/python3.12/site-packages/airflow/example_dags/example_dynamic_task_mapping.py
[2026-05-31T14:40:01.468+0000] {logging_mixin.py:188} INFO - [2026-05-31T14:40:01.468+0000] {dag.py:3096} INFO - Sync 1 DAGs
[2026-05-31T14:40:01.485+0000] {logging_mixin.py:188} INFO - [2026-05-31T14:40:01.485+0000] {dag.py:3954} INFO - Setting next_dagrun for example_dynamic_task_mapping to 2022-03-04 00:00:00+00:00, run_after=2022-03-05 00:00:00+00:00
[2026-05-31T14:40:01.500+0000] {processor.py:183} INFO - Processing /home/airflow/.local/lib/python3.12/site-packages/airflow/example_dags/example_dynamic_task_mapping.py took 0.060 seconds
[2026-05-31T14:40:31.842+0000] {processor.py:161} INFO - Started process (PID=3984) to work on /home/airflow/.local/lib/python3.12/site-packages/airflow/example_dags/example_dynamic_task_mapping.py
[2026-05-31T14:40:31.844+0000] {processor.py:830} INFO - Processing file /home/airflow/.local/lib/python3.12/site-packages/airflow/example_dags/example_dynamic_task_mapping.py for tasks to queue
[2026-05-31T14:40:31.848+0000] {logging_mixin.py:188} INFO - [2026-05-31T14:40:31.847+0000] {dagbag.py:540} INFO - Filling up the DagBag from /home/airflow/.local/lib/python3.12/site-packages/airflow/example_dags/example_dynamic_task_mapping.py
[2026-05-31T14:40:31.857+0000] {processor.py:840} INFO - DAG(s) 'example_dynamic_task_mapping' retrieved from /home/airflow/.local/lib/python3.12/site-packages/airflow/example_dags/example_dynamic_task_mapping.py
[2026-05-31T14:40:31.887+0000] {logging_mixin.py:188} INFO - [2026-05-31T14:40:31.886+0000] {dag.py:3096} INFO - Sync 1 DAGs
[2026-05-31T14:40:31.914+0000] {logging_mixin.py:188} INFO - [2026-05-31T14:40:31.914+0000] {dag.py:3954} INFO - Setting next_dagrun for example_dynamic_task_mapping to 2022-03-04 00:00:00+00:00, run_after=2022-03-05 00:00:00+00:00
[2026-05-31T14:40:31.940+0000] {processor.py:183} INFO - Processing /home/airflow/.local/lib/python3.12/site-packages/airflow/example_dags/example_dynamic_task_mapping.py took 0.108 seconds
[2026-05-31T14:41:02.013+0000] {processor.py:161} INFO - Started process (PID=4043) to work on /home/airflow/.local/lib/python3.12/site-packages/airflow/example_dags/example_dynamic_task_mapping.py
[2026-05-31T14:41:02.014+0000] {processor.py:830} INFO - Processing file /home/airflow/.local/lib/python3.12/site-packages/airflow/example_dags/example_dynamic_task_mapping.py for tasks to queue
[2026-05-31T14:41:02.016+0000] {logging_mixin.py:188} INFO - [2026-05-31T14:41:02.015+0000] {dagbag.py:540} INFO - Filling up the DagBag from /home/airflow/.local/lib/python3.12/site-packages/airflow/example_dags/example_dynamic_task_mapping.py
[2026-05-31T14:41:02.023+0000] {processor.py:840} INFO - DAG(s) 'example_dynamic_task_mapping' retrieved from /home/airflow/.local/lib/python3.12/site-packages/airflow/example_dags/example_dynamic_task_mapping.py
[2026-05-31T14:41:02.040+0000] {logging_mixin.py:188} INFO - [2026-05-31T14:41:02.040+0000] {dag.py:3096} INFO - Sync 1 DAGs
[2026-05-31T14:41:02.063+0000] {logging_mixin.py:188} INFO - [2026-05-31T14:41:02.063+0000] {dag.py:3954} INFO - Setting next_dagrun for example_dynamic_task_mapping to 2022-03-04 00:00:00+00:00, run_after=2022-03-05 00:00:00+00:00
[2026-05-31T14:41:02.080+0000] {processor.py:183} INFO - Processing /home/airflow/.local/lib/python3.12/site-packages/airflow/example_dags/example_dynamic_task_mapping.py took 0.073 seconds
[2026-05-31T14:41:32.327+0000] {processor.py:161} INFO - Started process (PID=4102) to work on /home/airflow/.local/lib/python3.12/site-packages/airflow/example_dags/example_dynamic_task_mapping.py
[2026-05-31T14:41:32.328+0000] {processor.py:830} INFO - Processing file /home/airflow/.local/lib/python3.12/site-packages/airflow/example_dags/example_dynamic_task_mapping.py for tasks to queue
[2026-05-31T14:41:32.329+0000] {logging_mixin.py:188} INFO - [2026-05-31T14:41:32.329+0000] {dagbag.py:540} INFO - Filling up the DagBag from /home/airflow/.local/lib/python3.12/site-packages/airflow/example_dags/example_dynamic_task_mapping.py
[2026-05-31T14:41:32.337+0000] {processor.py:840} INFO - DAG(s) 'example_dynamic_task_mapping' retrieved from /home/airflow/.local/lib/python3.12/site-packages/airflow/example_dags/example_dynamic_task_mapping.py
[2026-05-31T14:41:32.353+0000] {logging_mixin.py:188} INFO - [2026-05-31T14:41:32.353+0000] {dag.py:3096} INFO - Sync 1 DAGs
[2026-05-31T14:41:32.371+0000] {logging_mixin.py:188} INFO - [2026-05-31T14:41:32.371+0000] {dag.py:3954} INFO - Setting next_dagrun for example_dynamic_task_mapping to 2022-03-04 00:00:00+00:00, run_after=2022-03-05 00:00:00+00:00
[2026-05-31T14:41:32.388+0000] {processor.py:183} INFO - Processing /home/airflow/.local/lib/python3.12/site-packages/airflow/example_dags/example_dynamic_task_mapping.py took 0.066 seconds
