[2026-06-01T02:41:33.194+0000] {processor.py:161} INFO - Started process (PID=37935) to work on /home/airflow/.local/lib/python3.12/site-packages/airflow/example_dags/example_task_group_decorator.py
[2026-06-01T02:41:33.195+0000] {processor.py:830} INFO - Processing file /home/airflow/.local/lib/python3.12/site-packages/airflow/example_dags/example_task_group_decorator.py for tasks to queue
[2026-06-01T02:41:33.198+0000] {logging_mixin.py:188} INFO - [2026-06-01T02:41:33.197+0000] {dagbag.py:540} INFO - Filling up the DagBag from /home/airflow/.local/lib/python3.12/site-packages/airflow/example_dags/example_task_group_decorator.py
[2026-06-01T02:41:33.214+0000] {processor.py:840} INFO - DAG(s) 'example_task_group_decorator' retrieved from /home/airflow/.local/lib/python3.12/site-packages/airflow/example_dags/example_task_group_decorator.py
[2026-06-01T02:41:33.239+0000] {logging_mixin.py:188} INFO - [2026-06-01T02:41:33.239+0000] {dag.py:3096} INFO - Sync 1 DAGs
[2026-06-01T02:41:33.268+0000] {logging_mixin.py:188} INFO - [2026-06-01T02:41:33.267+0000] {dag.py:3954} INFO - Setting next_dagrun for example_task_group_decorator to 2026-05-31 00:00:00+00:00, run_after=2026-06-01 00:00:00+00:00
[2026-06-01T02:41:33.295+0000] {processor.py:183} INFO - Processing /home/airflow/.local/lib/python3.12/site-packages/airflow/example_dags/example_task_group_decorator.py took 0.109 seconds
[2026-06-01T04:20:15.707+0000] {processor.py:161} INFO - Started process (PID=37994) to work on /home/airflow/.local/lib/python3.12/site-packages/airflow/example_dags/example_task_group_decorator.py
[2026-06-01T04:20:15.709+0000] {processor.py:830} INFO - Processing file /home/airflow/.local/lib/python3.12/site-packages/airflow/example_dags/example_task_group_decorator.py for tasks to queue
[2026-06-01T04:20:15.714+0000] {logging_mixin.py:188} INFO - [2026-06-01T04:20:15.712+0000] {dagbag.py:540} INFO - Filling up the DagBag from /home/airflow/.local/lib/python3.12/site-packages/airflow/example_dags/example_task_group_decorator.py
[2026-06-01T04:20:15.739+0000] {processor.py:840} INFO - DAG(s) 'example_task_group_decorator' retrieved from /home/airflow/.local/lib/python3.12/site-packages/airflow/example_dags/example_task_group_decorator.py
[2026-06-01T04:20:15.783+0000] {logging_mixin.py:188} INFO - [2026-06-01T04:20:15.782+0000] {dag.py:3096} INFO - Sync 1 DAGs
[2026-06-01T04:20:15.842+0000] {logging_mixin.py:188} INFO - [2026-06-01T04:20:15.841+0000] {dag.py:3954} INFO - Setting next_dagrun for example_task_group_decorator to 2026-05-31 00:00:00+00:00, run_after=2026-06-01 00:00:00+00:00
[2026-06-01T04:20:15.921+0000] {processor.py:183} INFO - Processing /home/airflow/.local/lib/python3.12/site-packages/airflow/example_dags/example_task_group_decorator.py took 0.222 seconds
[2026-06-01T04:20:46.777+0000] {processor.py:161} INFO - Started process (PID=38053) to work on /home/airflow/.local/lib/python3.12/site-packages/airflow/example_dags/example_task_group_decorator.py
[2026-06-01T04:20:46.779+0000] {processor.py:830} INFO - Processing file /home/airflow/.local/lib/python3.12/site-packages/airflow/example_dags/example_task_group_decorator.py for tasks to queue
[2026-06-01T04:20:46.781+0000] {logging_mixin.py:188} INFO - [2026-06-01T04:20:46.780+0000] {dagbag.py:540} INFO - Filling up the DagBag from /home/airflow/.local/lib/python3.12/site-packages/airflow/example_dags/example_task_group_decorator.py
[2026-06-01T04:20:46.794+0000] {processor.py:840} INFO - DAG(s) 'example_task_group_decorator' retrieved from /home/airflow/.local/lib/python3.12/site-packages/airflow/example_dags/example_task_group_decorator.py
[2026-06-01T04:20:46.819+0000] {logging_mixin.py:188} INFO - [2026-06-01T04:20:46.818+0000] {dag.py:3096} INFO - Sync 1 DAGs
[2026-06-01T04:20:46.841+0000] {logging_mixin.py:188} INFO - [2026-06-01T04:20:46.841+0000] {dag.py:3954} INFO - Setting next_dagrun for example_task_group_decorator to 2026-05-31 00:00:00+00:00, run_after=2026-06-01 00:00:00+00:00
[2026-06-01T04:20:46.863+0000] {processor.py:183} INFO - Processing /home/airflow/.local/lib/python3.12/site-packages/airflow/example_dags/example_task_group_decorator.py took 0.092 seconds
[2026-06-01T04:21:18.268+0000] {processor.py:161} INFO - Started process (PID=38112) to work on /home/airflow/.local/lib/python3.12/site-packages/airflow/example_dags/example_task_group_decorator.py
[2026-06-01T04:21:18.269+0000] {processor.py:830} INFO - Processing file /home/airflow/.local/lib/python3.12/site-packages/airflow/example_dags/example_task_group_decorator.py for tasks to queue
[2026-06-01T04:21:18.271+0000] {logging_mixin.py:188} INFO - [2026-06-01T04:21:18.271+0000] {dagbag.py:540} INFO - Filling up the DagBag from /home/airflow/.local/lib/python3.12/site-packages/airflow/example_dags/example_task_group_decorator.py
[2026-06-01T04:21:18.281+0000] {processor.py:840} INFO - DAG(s) 'example_task_group_decorator' retrieved from /home/airflow/.local/lib/python3.12/site-packages/airflow/example_dags/example_task_group_decorator.py
[2026-06-01T04:21:18.301+0000] {logging_mixin.py:188} INFO - [2026-06-01T04:21:18.301+0000] {dag.py:3096} INFO - Sync 1 DAGs
[2026-06-01T04:21:18.318+0000] {logging_mixin.py:188} INFO - [2026-06-01T04:21:18.317+0000] {dag.py:3954} INFO - Setting next_dagrun for example_task_group_decorator to 2026-05-31 00:00:00+00:00, run_after=2026-06-01 00:00:00+00:00
[2026-06-01T04:21:18.332+0000] {processor.py:183} INFO - Processing /home/airflow/.local/lib/python3.12/site-packages/airflow/example_dags/example_task_group_decorator.py took 0.069 seconds
[2026-06-01T04:21:49.291+0000] {processor.py:161} INFO - Started process (PID=38171) to work on /home/airflow/.local/lib/python3.12/site-packages/airflow/example_dags/example_task_group_decorator.py
[2026-06-01T04:21:49.292+0000] {processor.py:830} INFO - Processing file /home/airflow/.local/lib/python3.12/site-packages/airflow/example_dags/example_task_group_decorator.py for tasks to queue
[2026-06-01T04:21:49.294+0000] {logging_mixin.py:188} INFO - [2026-06-01T04:21:49.294+0000] {dagbag.py:540} INFO - Filling up the DagBag from /home/airflow/.local/lib/python3.12/site-packages/airflow/example_dags/example_task_group_decorator.py
[2026-06-01T04:21:49.305+0000] {processor.py:840} INFO - DAG(s) 'example_task_group_decorator' retrieved from /home/airflow/.local/lib/python3.12/site-packages/airflow/example_dags/example_task_group_decorator.py
[2026-06-01T04:21:49.328+0000] {logging_mixin.py:188} INFO - [2026-06-01T04:21:49.328+0000] {dag.py:3096} INFO - Sync 1 DAGs
[2026-06-01T04:21:49.349+0000] {logging_mixin.py:188} INFO - [2026-06-01T04:21:49.349+0000] {dag.py:3954} INFO - Setting next_dagrun for example_task_group_decorator to 2026-05-31 00:00:00+00:00, run_after=2026-06-01 00:00:00+00:00
[2026-06-01T04:21:49.364+0000] {processor.py:183} INFO - Processing /home/airflow/.local/lib/python3.12/site-packages/airflow/example_dags/example_task_group_decorator.py took 0.078 seconds
[2026-06-01T04:22:20.310+0000] {processor.py:161} INFO - Started process (PID=38230) to work on /home/airflow/.local/lib/python3.12/site-packages/airflow/example_dags/example_task_group_decorator.py
[2026-06-01T04:22:20.311+0000] {processor.py:830} INFO - Processing file /home/airflow/.local/lib/python3.12/site-packages/airflow/example_dags/example_task_group_decorator.py for tasks to queue
[2026-06-01T04:22:20.313+0000] {logging_mixin.py:188} INFO - [2026-06-01T04:22:20.313+0000] {dagbag.py:540} INFO - Filling up the DagBag from /home/airflow/.local/lib/python3.12/site-packages/airflow/example_dags/example_task_group_decorator.py
[2026-06-01T04:22:20.325+0000] {processor.py:840} INFO - DAG(s) 'example_task_group_decorator' retrieved from /home/airflow/.local/lib/python3.12/site-packages/airflow/example_dags/example_task_group_decorator.py
[2026-06-01T04:22:20.346+0000] {logging_mixin.py:188} INFO - [2026-06-01T04:22:20.346+0000] {dag.py:3096} INFO - Sync 1 DAGs
[2026-06-01T04:22:20.363+0000] {logging_mixin.py:188} INFO - [2026-06-01T04:22:20.363+0000] {dag.py:3954} INFO - Setting next_dagrun for example_task_group_decorator to 2026-05-31 00:00:00+00:00, run_after=2026-06-01 00:00:00+00:00
[2026-06-01T04:22:20.382+0000] {processor.py:183} INFO - Processing /home/airflow/.local/lib/python3.12/site-packages/airflow/example_dags/example_task_group_decorator.py took 0.077 seconds
[2026-06-01T04:22:51.196+0000] {processor.py:161} INFO - Started process (PID=38289) to work on /home/airflow/.local/lib/python3.12/site-packages/airflow/example_dags/example_task_group_decorator.py
[2026-06-01T04:22:51.197+0000] {processor.py:830} INFO - Processing file /home/airflow/.local/lib/python3.12/site-packages/airflow/example_dags/example_task_group_decorator.py for tasks to queue
[2026-06-01T04:22:51.199+0000] {logging_mixin.py:188} INFO - [2026-06-01T04:22:51.199+0000] {dagbag.py:540} INFO - Filling up the DagBag from /home/airflow/.local/lib/python3.12/site-packages/airflow/example_dags/example_task_group_decorator.py
[2026-06-01T04:22:51.211+0000] {processor.py:840} INFO - DAG(s) 'example_task_group_decorator' retrieved from /home/airflow/.local/lib/python3.12/site-packages/airflow/example_dags/example_task_group_decorator.py
[2026-06-01T04:22:51.234+0000] {logging_mixin.py:188} INFO - [2026-06-01T04:22:51.234+0000] {dag.py:3096} INFO - Sync 1 DAGs
[2026-06-01T04:22:51.256+0000] {logging_mixin.py:188} INFO - [2026-06-01T04:22:51.255+0000] {dag.py:3954} INFO - Setting next_dagrun for example_task_group_decorator to 2026-05-31 00:00:00+00:00, run_after=2026-06-01 00:00:00+00:00
[2026-06-01T04:22:51.273+0000] {processor.py:183} INFO - Processing /home/airflow/.local/lib/python3.12/site-packages/airflow/example_dags/example_task_group_decorator.py took 0.083 seconds
[2026-06-01T04:23:22.045+0000] {processor.py:161} INFO - Started process (PID=38348) to work on /home/airflow/.local/lib/python3.12/site-packages/airflow/example_dags/example_task_group_decorator.py
[2026-06-01T04:23:22.046+0000] {processor.py:830} INFO - Processing file /home/airflow/.local/lib/python3.12/site-packages/airflow/example_dags/example_task_group_decorator.py for tasks to queue
[2026-06-01T04:23:22.048+0000] {logging_mixin.py:188} INFO - [2026-06-01T04:23:22.047+0000] {dagbag.py:540} INFO - Filling up the DagBag from /home/airflow/.local/lib/python3.12/site-packages/airflow/example_dags/example_task_group_decorator.py
[2026-06-01T04:23:22.059+0000] {processor.py:840} INFO - DAG(s) 'example_task_group_decorator' retrieved from /home/airflow/.local/lib/python3.12/site-packages/airflow/example_dags/example_task_group_decorator.py
[2026-06-01T04:23:22.080+0000] {logging_mixin.py:188} INFO - [2026-06-01T04:23:22.080+0000] {dag.py:3096} INFO - Sync 1 DAGs
[2026-06-01T04:23:22.097+0000] {logging_mixin.py:188} INFO - [2026-06-01T04:23:22.097+0000] {dag.py:3954} INFO - Setting next_dagrun for example_task_group_decorator to 2026-05-31 00:00:00+00:00, run_after=2026-06-01 00:00:00+00:00
[2026-06-01T04:23:22.114+0000] {processor.py:183} INFO - Processing /home/airflow/.local/lib/python3.12/site-packages/airflow/example_dags/example_task_group_decorator.py took 0.075 seconds
[2026-06-01T04:23:52.846+0000] {processor.py:161} INFO - Started process (PID=38407) to work on /home/airflow/.local/lib/python3.12/site-packages/airflow/example_dags/example_task_group_decorator.py
[2026-06-01T04:23:52.847+0000] {processor.py:830} INFO - Processing file /home/airflow/.local/lib/python3.12/site-packages/airflow/example_dags/example_task_group_decorator.py for tasks to queue
[2026-06-01T04:23:52.849+0000] {logging_mixin.py:188} INFO - [2026-06-01T04:23:52.849+0000] {dagbag.py:540} INFO - Filling up the DagBag from /home/airflow/.local/lib/python3.12/site-packages/airflow/example_dags/example_task_group_decorator.py
[2026-06-01T04:23:52.861+0000] {processor.py:840} INFO - DAG(s) 'example_task_group_decorator' retrieved from /home/airflow/.local/lib/python3.12/site-packages/airflow/example_dags/example_task_group_decorator.py
[2026-06-01T04:23:52.882+0000] {logging_mixin.py:188} INFO - [2026-06-01T04:23:52.881+0000] {dag.py:3096} INFO - Sync 1 DAGs
[2026-06-01T04:23:52.901+0000] {logging_mixin.py:188} INFO - [2026-06-01T04:23:52.900+0000] {dag.py:3954} INFO - Setting next_dagrun for example_task_group_decorator to 2026-05-31 00:00:00+00:00, run_after=2026-06-01 00:00:00+00:00
[2026-06-01T04:23:52.917+0000] {processor.py:183} INFO - Processing /home/airflow/.local/lib/python3.12/site-packages/airflow/example_dags/example_task_group_decorator.py took 0.076 seconds
[2026-06-01T04:24:23.591+0000] {processor.py:161} INFO - Started process (PID=38467) to work on /home/airflow/.local/lib/python3.12/site-packages/airflow/example_dags/example_task_group_decorator.py
[2026-06-01T04:24:23.592+0000] {processor.py:830} INFO - Processing file /home/airflow/.local/lib/python3.12/site-packages/airflow/example_dags/example_task_group_decorator.py for tasks to queue
[2026-06-01T04:24:23.594+0000] {logging_mixin.py:188} INFO - [2026-06-01T04:24:23.593+0000] {dagbag.py:540} INFO - Filling up the DagBag from /home/airflow/.local/lib/python3.12/site-packages/airflow/example_dags/example_task_group_decorator.py
[2026-06-01T04:24:23.604+0000] {processor.py:840} INFO - DAG(s) 'example_task_group_decorator' retrieved from /home/airflow/.local/lib/python3.12/site-packages/airflow/example_dags/example_task_group_decorator.py
[2026-06-01T04:24:23.624+0000] {logging_mixin.py:188} INFO - [2026-06-01T04:24:23.623+0000] {dag.py:3096} INFO - Sync 1 DAGs
[2026-06-01T04:24:23.643+0000] {logging_mixin.py:188} INFO - [2026-06-01T04:24:23.642+0000] {dag.py:3954} INFO - Setting next_dagrun for example_task_group_decorator to 2026-05-31 00:00:00+00:00, run_after=2026-06-01 00:00:00+00:00
[2026-06-01T04:24:23.657+0000] {processor.py:183} INFO - Processing /home/airflow/.local/lib/python3.12/site-packages/airflow/example_dags/example_task_group_decorator.py took 0.072 seconds
[2026-06-01T04:24:54.594+0000] {processor.py:161} INFO - Started process (PID=38528) to work on /home/airflow/.local/lib/python3.12/site-packages/airflow/example_dags/example_task_group_decorator.py
[2026-06-01T04:24:54.595+0000] {processor.py:830} INFO - Processing file /home/airflow/.local/lib/python3.12/site-packages/airflow/example_dags/example_task_group_decorator.py for tasks to queue
[2026-06-01T04:24:54.597+0000] {logging_mixin.py:188} INFO - [2026-06-01T04:24:54.596+0000] {dagbag.py:540} INFO - Filling up the DagBag from /home/airflow/.local/lib/python3.12/site-packages/airflow/example_dags/example_task_group_decorator.py
[2026-06-01T04:24:54.608+0000] {processor.py:840} INFO - DAG(s) 'example_task_group_decorator' retrieved from /home/airflow/.local/lib/python3.12/site-packages/airflow/example_dags/example_task_group_decorator.py
[2026-06-01T04:24:54.629+0000] {logging_mixin.py:188} INFO - [2026-06-01T04:24:54.628+0000] {dag.py:3096} INFO - Sync 1 DAGs
[2026-06-01T04:24:54.646+0000] {logging_mixin.py:188} INFO - [2026-06-01T04:24:54.646+0000] {dag.py:3954} INFO - Setting next_dagrun for example_task_group_decorator to 2026-05-31 00:00:00+00:00, run_after=2026-06-01 00:00:00+00:00
[2026-06-01T04:24:54.662+0000] {processor.py:183} INFO - Processing /home/airflow/.local/lib/python3.12/site-packages/airflow/example_dags/example_task_group_decorator.py took 0.074 seconds
[2026-06-01T04:25:25.461+0000] {processor.py:161} INFO - Started process (PID=38587) to work on /home/airflow/.local/lib/python3.12/site-packages/airflow/example_dags/example_task_group_decorator.py
[2026-06-01T04:25:25.462+0000] {processor.py:830} INFO - Processing file /home/airflow/.local/lib/python3.12/site-packages/airflow/example_dags/example_task_group_decorator.py for tasks to queue
[2026-06-01T04:25:25.465+0000] {logging_mixin.py:188} INFO - [2026-06-01T04:25:25.464+0000] {dagbag.py:540} INFO - Filling up the DagBag from /home/airflow/.local/lib/python3.12/site-packages/airflow/example_dags/example_task_group_decorator.py
[2026-06-01T04:25:25.478+0000] {processor.py:840} INFO - DAG(s) 'example_task_group_decorator' retrieved from /home/airflow/.local/lib/python3.12/site-packages/airflow/example_dags/example_task_group_decorator.py
[2026-06-01T04:25:25.500+0000] {logging_mixin.py:188} INFO - [2026-06-01T04:25:25.500+0000] {dag.py:3096} INFO - Sync 1 DAGs
[2026-06-01T04:25:25.519+0000] {logging_mixin.py:188} INFO - [2026-06-01T04:25:25.518+0000] {dag.py:3954} INFO - Setting next_dagrun for example_task_group_decorator to 2026-05-31 00:00:00+00:00, run_after=2026-06-01 00:00:00+00:00
[2026-06-01T04:25:25.538+0000] {processor.py:183} INFO - Processing /home/airflow/.local/lib/python3.12/site-packages/airflow/example_dags/example_task_group_decorator.py took 0.083 seconds
[2026-06-01T04:25:56.442+0000] {processor.py:161} INFO - Started process (PID=38647) to work on /home/airflow/.local/lib/python3.12/site-packages/airflow/example_dags/example_task_group_decorator.py
[2026-06-01T04:25:56.443+0000] {processor.py:830} INFO - Processing file /home/airflow/.local/lib/python3.12/site-packages/airflow/example_dags/example_task_group_decorator.py for tasks to queue
[2026-06-01T04:25:56.445+0000] {logging_mixin.py:188} INFO - [2026-06-01T04:25:56.445+0000] {dagbag.py:540} INFO - Filling up the DagBag from /home/airflow/.local/lib/python3.12/site-packages/airflow/example_dags/example_task_group_decorator.py
[2026-06-01T04:25:56.462+0000] {processor.py:840} INFO - DAG(s) 'example_task_group_decorator' retrieved from /home/airflow/.local/lib/python3.12/site-packages/airflow/example_dags/example_task_group_decorator.py
[2026-06-01T04:25:56.485+0000] {logging_mixin.py:188} INFO - [2026-06-01T04:25:56.485+0000] {dag.py:3096} INFO - Sync 1 DAGs
[2026-06-01T04:25:56.508+0000] {logging_mixin.py:188} INFO - [2026-06-01T04:25:56.508+0000] {dag.py:3954} INFO - Setting next_dagrun for example_task_group_decorator to 2026-05-31 00:00:00+00:00, run_after=2026-06-01 00:00:00+00:00
[2026-06-01T04:25:56.530+0000] {processor.py:183} INFO - Processing /home/airflow/.local/lib/python3.12/site-packages/airflow/example_dags/example_task_group_decorator.py took 0.094 seconds
[2026-06-01T04:26:26.575+0000] {processor.py:161} INFO - Started process (PID=38706) to work on /home/airflow/.local/lib/python3.12/site-packages/airflow/example_dags/example_task_group_decorator.py
[2026-06-01T04:26:26.576+0000] {processor.py:830} INFO - Processing file /home/airflow/.local/lib/python3.12/site-packages/airflow/example_dags/example_task_group_decorator.py for tasks to queue
[2026-06-01T04:26:26.578+0000] {logging_mixin.py:188} INFO - [2026-06-01T04:26:26.578+0000] {dagbag.py:540} INFO - Filling up the DagBag from /home/airflow/.local/lib/python3.12/site-packages/airflow/example_dags/example_task_group_decorator.py
[2026-06-01T04:26:26.589+0000] {processor.py:840} INFO - DAG(s) 'example_task_group_decorator' retrieved from /home/airflow/.local/lib/python3.12/site-packages/airflow/example_dags/example_task_group_decorator.py
[2026-06-01T04:26:26.608+0000] {logging_mixin.py:188} INFO - [2026-06-01T04:26:26.608+0000] {dag.py:3096} INFO - Sync 1 DAGs
[2026-06-01T04:26:26.624+0000] {logging_mixin.py:188} INFO - [2026-06-01T04:26:26.624+0000] {dag.py:3954} INFO - Setting next_dagrun for example_task_group_decorator to 2026-05-31 00:00:00+00:00, run_after=2026-06-01 00:00:00+00:00
[2026-06-01T04:26:26.640+0000] {processor.py:183} INFO - Processing /home/airflow/.local/lib/python3.12/site-packages/airflow/example_dags/example_task_group_decorator.py took 0.070 seconds
[2026-06-01T04:26:57.247+0000] {processor.py:161} INFO - Started process (PID=38765) to work on /home/airflow/.local/lib/python3.12/site-packages/airflow/example_dags/example_task_group_decorator.py
[2026-06-01T04:26:57.248+0000] {processor.py:830} INFO - Processing file /home/airflow/.local/lib/python3.12/site-packages/airflow/example_dags/example_task_group_decorator.py for tasks to queue
[2026-06-01T04:26:57.250+0000] {logging_mixin.py:188} INFO - [2026-06-01T04:26:57.249+0000] {dagbag.py:540} INFO - Filling up the DagBag from /home/airflow/.local/lib/python3.12/site-packages/airflow/example_dags/example_task_group_decorator.py
[2026-06-01T04:26:57.260+0000] {processor.py:840} INFO - DAG(s) 'example_task_group_decorator' retrieved from /home/airflow/.local/lib/python3.12/site-packages/airflow/example_dags/example_task_group_decorator.py
[2026-06-01T04:26:57.278+0000] {logging_mixin.py:188} INFO - [2026-06-01T04:26:57.278+0000] {dag.py:3096} INFO - Sync 1 DAGs
[2026-06-01T04:26:57.294+0000] {logging_mixin.py:188} INFO - [2026-06-01T04:26:57.294+0000] {dag.py:3954} INFO - Setting next_dagrun for example_task_group_decorator to 2026-05-31 00:00:00+00:00, run_after=2026-06-01 00:00:00+00:00
[2026-06-01T04:26:57.309+0000] {processor.py:183} INFO - Processing /home/airflow/.local/lib/python3.12/site-packages/airflow/example_dags/example_task_group_decorator.py took 0.067 seconds
[2026-06-01T11:29:46.649+0000] {processor.py:161} INFO - Started process (PID=38827) to work on /home/airflow/.local/lib/python3.12/site-packages/airflow/example_dags/example_task_group_decorator.py
[2026-06-01T11:29:46.650+0000] {processor.py:830} INFO - Processing file /home/airflow/.local/lib/python3.12/site-packages/airflow/example_dags/example_task_group_decorator.py for tasks to queue
[2026-06-01T11:29:46.654+0000] {logging_mixin.py:188} INFO - [2026-06-01T11:29:46.654+0000] {dagbag.py:540} INFO - Filling up the DagBag from /home/airflow/.local/lib/python3.12/site-packages/airflow/example_dags/example_task_group_decorator.py
[2026-06-01T11:29:46.671+0000] {processor.py:840} INFO - DAG(s) 'example_task_group_decorator' retrieved from /home/airflow/.local/lib/python3.12/site-packages/airflow/example_dags/example_task_group_decorator.py
[2026-06-01T11:29:46.706+0000] {logging_mixin.py:188} INFO - [2026-06-01T11:29:46.705+0000] {dag.py:3096} INFO - Sync 1 DAGs
[2026-06-01T11:29:46.731+0000] {logging_mixin.py:188} INFO - [2026-06-01T11:29:46.730+0000] {dag.py:3954} INFO - Setting next_dagrun for example_task_group_decorator to 2026-05-31 00:00:00+00:00, run_after=2026-06-01 00:00:00+00:00
[2026-06-01T11:29:46.758+0000] {processor.py:183} INFO - Processing /home/airflow/.local/lib/python3.12/site-packages/airflow/example_dags/example_task_group_decorator.py took 0.117 seconds
[2026-06-01T11:30:17.534+0000] {processor.py:161} INFO - Started process (PID=38891) to work on /home/airflow/.local/lib/python3.12/site-packages/airflow/example_dags/example_task_group_decorator.py
[2026-06-01T11:30:17.535+0000] {processor.py:830} INFO - Processing file /home/airflow/.local/lib/python3.12/site-packages/airflow/example_dags/example_task_group_decorator.py for tasks to queue
[2026-06-01T11:30:17.537+0000] {logging_mixin.py:188} INFO - [2026-06-01T11:30:17.536+0000] {dagbag.py:540} INFO - Filling up the DagBag from /home/airflow/.local/lib/python3.12/site-packages/airflow/example_dags/example_task_group_decorator.py
[2026-06-01T11:30:17.548+0000] {processor.py:840} INFO - DAG(s) 'example_task_group_decorator' retrieved from /home/airflow/.local/lib/python3.12/site-packages/airflow/example_dags/example_task_group_decorator.py
[2026-06-01T11:30:17.568+0000] {logging_mixin.py:188} INFO - [2026-06-01T11:30:17.568+0000] {dag.py:3096} INFO - Sync 1 DAGs
[2026-06-01T11:30:17.588+0000] {logging_mixin.py:188} INFO - [2026-06-01T11:30:17.587+0000] {dag.py:3954} INFO - Setting next_dagrun for example_task_group_decorator to 2026-05-31 00:00:00+00:00, run_after=2026-06-01 00:00:00+00:00
[2026-06-01T11:30:17.607+0000] {processor.py:183} INFO - Processing /home/airflow/.local/lib/python3.12/site-packages/airflow/example_dags/example_task_group_decorator.py took 0.078 seconds
[2026-06-01T11:30:48.551+0000] {processor.py:161} INFO - Started process (PID=38950) to work on /home/airflow/.local/lib/python3.12/site-packages/airflow/example_dags/example_task_group_decorator.py
[2026-06-01T11:30:48.552+0000] {processor.py:830} INFO - Processing file /home/airflow/.local/lib/python3.12/site-packages/airflow/example_dags/example_task_group_decorator.py for tasks to queue
[2026-06-01T11:30:48.554+0000] {logging_mixin.py:188} INFO - [2026-06-01T11:30:48.553+0000] {dagbag.py:540} INFO - Filling up the DagBag from /home/airflow/.local/lib/python3.12/site-packages/airflow/example_dags/example_task_group_decorator.py
[2026-06-01T11:30:48.565+0000] {processor.py:840} INFO - DAG(s) 'example_task_group_decorator' retrieved from /home/airflow/.local/lib/python3.12/site-packages/airflow/example_dags/example_task_group_decorator.py
[2026-06-01T11:30:48.583+0000] {logging_mixin.py:188} INFO - [2026-06-01T11:30:48.583+0000] {dag.py:3096} INFO - Sync 1 DAGs
[2026-06-01T11:30:48.601+0000] {logging_mixin.py:188} INFO - [2026-06-01T11:30:48.600+0000] {dag.py:3954} INFO - Setting next_dagrun for example_task_group_decorator to 2026-05-31 00:00:00+00:00, run_after=2026-06-01 00:00:00+00:00
[2026-06-01T11:30:48.615+0000] {processor.py:183} INFO - Processing /home/airflow/.local/lib/python3.12/site-packages/airflow/example_dags/example_task_group_decorator.py took 0.070 seconds
[2026-06-01T11:31:19.441+0000] {processor.py:161} INFO - Started process (PID=39015) to work on /home/airflow/.local/lib/python3.12/site-packages/airflow/example_dags/example_task_group_decorator.py
[2026-06-01T11:31:19.442+0000] {processor.py:830} INFO - Processing file /home/airflow/.local/lib/python3.12/site-packages/airflow/example_dags/example_task_group_decorator.py for tasks to queue
[2026-06-01T11:31:19.443+0000] {logging_mixin.py:188} INFO - [2026-06-01T11:31:19.443+0000] {dagbag.py:540} INFO - Filling up the DagBag from /home/airflow/.local/lib/python3.12/site-packages/airflow/example_dags/example_task_group_decorator.py
[2026-06-01T11:31:19.454+0000] {processor.py:840} INFO - DAG(s) 'example_task_group_decorator' retrieved from /home/airflow/.local/lib/python3.12/site-packages/airflow/example_dags/example_task_group_decorator.py
[2026-06-01T11:31:19.479+0000] {logging_mixin.py:188} INFO - [2026-06-01T11:31:19.479+0000] {dag.py:3096} INFO - Sync 1 DAGs
[2026-06-01T11:31:19.499+0000] {logging_mixin.py:188} INFO - [2026-06-01T11:31:19.498+0000] {dag.py:3954} INFO - Setting next_dagrun for example_task_group_decorator to 2026-05-31 00:00:00+00:00, run_after=2026-06-01 00:00:00+00:00
[2026-06-01T11:31:19.517+0000] {processor.py:183} INFO - Processing /home/airflow/.local/lib/python3.12/site-packages/airflow/example_dags/example_task_group_decorator.py took 0.081 seconds
[2026-06-01T11:31:49.633+0000] {processor.py:161} INFO - Started process (PID=39074) to work on /home/airflow/.local/lib/python3.12/site-packages/airflow/example_dags/example_task_group_decorator.py
[2026-06-01T11:31:49.634+0000] {processor.py:830} INFO - Processing file /home/airflow/.local/lib/python3.12/site-packages/airflow/example_dags/example_task_group_decorator.py for tasks to queue
[2026-06-01T11:31:49.635+0000] {logging_mixin.py:188} INFO - [2026-06-01T11:31:49.635+0000] {dagbag.py:540} INFO - Filling up the DagBag from /home/airflow/.local/lib/python3.12/site-packages/airflow/example_dags/example_task_group_decorator.py
[2026-06-01T11:31:49.647+0000] {processor.py:840} INFO - DAG(s) 'example_task_group_decorator' retrieved from /home/airflow/.local/lib/python3.12/site-packages/airflow/example_dags/example_task_group_decorator.py
[2026-06-01T11:31:49.666+0000] {logging_mixin.py:188} INFO - [2026-06-01T11:31:49.666+0000] {dag.py:3096} INFO - Sync 1 DAGs
[2026-06-01T11:31:49.684+0000] {logging_mixin.py:188} INFO - [2026-06-01T11:31:49.684+0000] {dag.py:3954} INFO - Setting next_dagrun for example_task_group_decorator to 2026-05-31 00:00:00+00:00, run_after=2026-06-01 00:00:00+00:00
[2026-06-01T11:31:49.700+0000] {processor.py:183} INFO - Processing /home/airflow/.local/lib/python3.12/site-packages/airflow/example_dags/example_task_group_decorator.py took 0.074 seconds
[2026-06-01T11:32:19.796+0000] {processor.py:161} INFO - Started process (PID=39133) to work on /home/airflow/.local/lib/python3.12/site-packages/airflow/example_dags/example_task_group_decorator.py
[2026-06-01T11:32:19.797+0000] {processor.py:830} INFO - Processing file /home/airflow/.local/lib/python3.12/site-packages/airflow/example_dags/example_task_group_decorator.py for tasks to queue
[2026-06-01T11:32:19.799+0000] {logging_mixin.py:188} INFO - [2026-06-01T11:32:19.798+0000] {dagbag.py:540} INFO - Filling up the DagBag from /home/airflow/.local/lib/python3.12/site-packages/airflow/example_dags/example_task_group_decorator.py
[2026-06-01T11:32:19.810+0000] {processor.py:840} INFO - DAG(s) 'example_task_group_decorator' retrieved from /home/airflow/.local/lib/python3.12/site-packages/airflow/example_dags/example_task_group_decorator.py
[2026-06-01T11:32:19.831+0000] {logging_mixin.py:188} INFO - [2026-06-01T11:32:19.831+0000] {dag.py:3096} INFO - Sync 1 DAGs
[2026-06-01T11:32:19.848+0000] {logging_mixin.py:188} INFO - [2026-06-01T11:32:19.848+0000] {dag.py:3954} INFO - Setting next_dagrun for example_task_group_decorator to 2026-05-31 00:00:00+00:00, run_after=2026-06-01 00:00:00+00:00
[2026-06-01T11:32:19.865+0000] {processor.py:183} INFO - Processing /home/airflow/.local/lib/python3.12/site-packages/airflow/example_dags/example_task_group_decorator.py took 0.074 seconds
[2026-06-01T11:32:50.565+0000] {processor.py:161} INFO - Started process (PID=39192) to work on /home/airflow/.local/lib/python3.12/site-packages/airflow/example_dags/example_task_group_decorator.py
[2026-06-01T11:32:50.566+0000] {processor.py:830} INFO - Processing file /home/airflow/.local/lib/python3.12/site-packages/airflow/example_dags/example_task_group_decorator.py for tasks to queue
[2026-06-01T11:32:50.568+0000] {logging_mixin.py:188} INFO - [2026-06-01T11:32:50.568+0000] {dagbag.py:540} INFO - Filling up the DagBag from /home/airflow/.local/lib/python3.12/site-packages/airflow/example_dags/example_task_group_decorator.py
[2026-06-01T11:32:50.578+0000] {processor.py:840} INFO - DAG(s) 'example_task_group_decorator' retrieved from /home/airflow/.local/lib/python3.12/site-packages/airflow/example_dags/example_task_group_decorator.py
[2026-06-01T11:32:50.596+0000] {logging_mixin.py:188} INFO - [2026-06-01T11:32:50.596+0000] {dag.py:3096} INFO - Sync 1 DAGs
[2026-06-01T11:32:50.614+0000] {logging_mixin.py:188} INFO - [2026-06-01T11:32:50.614+0000] {dag.py:3954} INFO - Setting next_dagrun for example_task_group_decorator to 2026-05-31 00:00:00+00:00, run_after=2026-06-01 00:00:00+00:00
[2026-06-01T11:32:50.632+0000] {processor.py:183} INFO - Processing /home/airflow/.local/lib/python3.12/site-packages/airflow/example_dags/example_task_group_decorator.py took 0.072 seconds
[2026-06-01T11:33:21.293+0000] {processor.py:161} INFO - Started process (PID=39251) to work on /home/airflow/.local/lib/python3.12/site-packages/airflow/example_dags/example_task_group_decorator.py
[2026-06-01T11:33:21.294+0000] {processor.py:830} INFO - Processing file /home/airflow/.local/lib/python3.12/site-packages/airflow/example_dags/example_task_group_decorator.py for tasks to queue
[2026-06-01T11:33:21.296+0000] {logging_mixin.py:188} INFO - [2026-06-01T11:33:21.295+0000] {dagbag.py:540} INFO - Filling up the DagBag from /home/airflow/.local/lib/python3.12/site-packages/airflow/example_dags/example_task_group_decorator.py
[2026-06-01T11:33:21.307+0000] {processor.py:840} INFO - DAG(s) 'example_task_group_decorator' retrieved from /home/airflow/.local/lib/python3.12/site-packages/airflow/example_dags/example_task_group_decorator.py
[2026-06-01T11:33:21.327+0000] {logging_mixin.py:188} INFO - [2026-06-01T11:33:21.327+0000] {dag.py:3096} INFO - Sync 1 DAGs
[2026-06-01T11:33:21.345+0000] {logging_mixin.py:188} INFO - [2026-06-01T11:33:21.345+0000] {dag.py:3954} INFO - Setting next_dagrun for example_task_group_decorator to 2026-05-31 00:00:00+00:00, run_after=2026-06-01 00:00:00+00:00
[2026-06-01T11:33:21.360+0000] {processor.py:183} INFO - Processing /home/airflow/.local/lib/python3.12/site-packages/airflow/example_dags/example_task_group_decorator.py took 0.072 seconds
[2026-06-01T11:33:51.968+0000] {processor.py:161} INFO - Started process (PID=39310) to work on /home/airflow/.local/lib/python3.12/site-packages/airflow/example_dags/example_task_group_decorator.py
[2026-06-01T11:33:51.969+0000] {processor.py:830} INFO - Processing file /home/airflow/.local/lib/python3.12/site-packages/airflow/example_dags/example_task_group_decorator.py for tasks to queue
[2026-06-01T11:33:51.971+0000] {logging_mixin.py:188} INFO - [2026-06-01T11:33:51.971+0000] {dagbag.py:540} INFO - Filling up the DagBag from /home/airflow/.local/lib/python3.12/site-packages/airflow/example_dags/example_task_group_decorator.py
[2026-06-01T11:33:51.981+0000] {processor.py:840} INFO - DAG(s) 'example_task_group_decorator' retrieved from /home/airflow/.local/lib/python3.12/site-packages/airflow/example_dags/example_task_group_decorator.py
[2026-06-01T11:33:52.000+0000] {logging_mixin.py:188} INFO - [2026-06-01T11:33:52.000+0000] {dag.py:3096} INFO - Sync 1 DAGs
[2026-06-01T11:33:52.016+0000] {logging_mixin.py:188} INFO - [2026-06-01T11:33:52.016+0000] {dag.py:3954} INFO - Setting next_dagrun for example_task_group_decorator to 2026-05-31 00:00:00+00:00, run_after=2026-06-01 00:00:00+00:00
[2026-06-01T11:33:52.032+0000] {processor.py:183} INFO - Processing /home/airflow/.local/lib/python3.12/site-packages/airflow/example_dags/example_task_group_decorator.py took 0.069 seconds
[2026-06-01T11:34:22.903+0000] {processor.py:161} INFO - Started process (PID=39369) to work on /home/airflow/.local/lib/python3.12/site-packages/airflow/example_dags/example_task_group_decorator.py
[2026-06-01T11:34:22.904+0000] {processor.py:830} INFO - Processing file /home/airflow/.local/lib/python3.12/site-packages/airflow/example_dags/example_task_group_decorator.py for tasks to queue
[2026-06-01T11:34:22.906+0000] {logging_mixin.py:188} INFO - [2026-06-01T11:34:22.906+0000] {dagbag.py:540} INFO - Filling up the DagBag from /home/airflow/.local/lib/python3.12/site-packages/airflow/example_dags/example_task_group_decorator.py
[2026-06-01T11:34:22.918+0000] {processor.py:840} INFO - DAG(s) 'example_task_group_decorator' retrieved from /home/airflow/.local/lib/python3.12/site-packages/airflow/example_dags/example_task_group_decorator.py
[2026-06-01T11:34:22.937+0000] {logging_mixin.py:188} INFO - [2026-06-01T11:34:22.937+0000] {dag.py:3096} INFO - Sync 1 DAGs
[2026-06-01T11:34:22.961+0000] {logging_mixin.py:188} INFO - [2026-06-01T11:34:22.961+0000] {dag.py:3954} INFO - Setting next_dagrun for example_task_group_decorator to 2026-05-31 00:00:00+00:00, run_after=2026-06-01 00:00:00+00:00
[2026-06-01T11:34:22.980+0000] {processor.py:183} INFO - Processing /home/airflow/.local/lib/python3.12/site-packages/airflow/example_dags/example_task_group_decorator.py took 0.082 seconds
[2026-06-01T11:34:53.807+0000] {processor.py:161} INFO - Started process (PID=39428) to work on /home/airflow/.local/lib/python3.12/site-packages/airflow/example_dags/example_task_group_decorator.py
[2026-06-01T11:34:53.808+0000] {processor.py:830} INFO - Processing file /home/airflow/.local/lib/python3.12/site-packages/airflow/example_dags/example_task_group_decorator.py for tasks to queue
[2026-06-01T11:34:53.810+0000] {logging_mixin.py:188} INFO - [2026-06-01T11:34:53.809+0000] {dagbag.py:540} INFO - Filling up the DagBag from /home/airflow/.local/lib/python3.12/site-packages/airflow/example_dags/example_task_group_decorator.py
[2026-06-01T11:34:53.823+0000] {processor.py:840} INFO - DAG(s) 'example_task_group_decorator' retrieved from /home/airflow/.local/lib/python3.12/site-packages/airflow/example_dags/example_task_group_decorator.py
[2026-06-01T11:34:53.844+0000] {logging_mixin.py:188} INFO - [2026-06-01T11:34:53.843+0000] {dag.py:3096} INFO - Sync 1 DAGs
[2026-06-01T11:34:53.861+0000] {logging_mixin.py:188} INFO - [2026-06-01T11:34:53.860+0000] {dag.py:3954} INFO - Setting next_dagrun for example_task_group_decorator to 2026-05-31 00:00:00+00:00, run_after=2026-06-01 00:00:00+00:00
[2026-06-01T11:34:53.878+0000] {processor.py:183} INFO - Processing /home/airflow/.local/lib/python3.12/site-packages/airflow/example_dags/example_task_group_decorator.py took 0.076 seconds
[2026-06-01T11:35:24.755+0000] {processor.py:161} INFO - Started process (PID=39491) to work on /home/airflow/.local/lib/python3.12/site-packages/airflow/example_dags/example_task_group_decorator.py
[2026-06-01T11:35:24.755+0000] {processor.py:830} INFO - Processing file /home/airflow/.local/lib/python3.12/site-packages/airflow/example_dags/example_task_group_decorator.py for tasks to queue
[2026-06-01T11:35:24.757+0000] {logging_mixin.py:188} INFO - [2026-06-01T11:35:24.757+0000] {dagbag.py:540} INFO - Filling up the DagBag from /home/airflow/.local/lib/python3.12/site-packages/airflow/example_dags/example_task_group_decorator.py
[2026-06-01T11:35:24.768+0000] {processor.py:840} INFO - DAG(s) 'example_task_group_decorator' retrieved from /home/airflow/.local/lib/python3.12/site-packages/airflow/example_dags/example_task_group_decorator.py
[2026-06-01T11:35:24.786+0000] {logging_mixin.py:188} INFO - [2026-06-01T11:35:24.786+0000] {dag.py:3096} INFO - Sync 1 DAGs
[2026-06-01T11:35:24.803+0000] {logging_mixin.py:188} INFO - [2026-06-01T11:35:24.802+0000] {dag.py:3954} INFO - Setting next_dagrun for example_task_group_decorator to 2026-05-31 00:00:00+00:00, run_after=2026-06-01 00:00:00+00:00
[2026-06-01T11:35:24.818+0000] {processor.py:183} INFO - Processing /home/airflow/.local/lib/python3.12/site-packages/airflow/example_dags/example_task_group_decorator.py took 0.068 seconds
[2026-06-01T11:35:55.594+0000] {processor.py:161} INFO - Started process (PID=39550) to work on /home/airflow/.local/lib/python3.12/site-packages/airflow/example_dags/example_task_group_decorator.py
[2026-06-01T11:35:55.595+0000] {processor.py:830} INFO - Processing file /home/airflow/.local/lib/python3.12/site-packages/airflow/example_dags/example_task_group_decorator.py for tasks to queue
[2026-06-01T11:35:55.596+0000] {logging_mixin.py:188} INFO - [2026-06-01T11:35:55.596+0000] {dagbag.py:540} INFO - Filling up the DagBag from /home/airflow/.local/lib/python3.12/site-packages/airflow/example_dags/example_task_group_decorator.py
[2026-06-01T11:35:55.611+0000] {processor.py:840} INFO - DAG(s) 'example_task_group_decorator' retrieved from /home/airflow/.local/lib/python3.12/site-packages/airflow/example_dags/example_task_group_decorator.py
[2026-06-01T11:35:55.631+0000] {logging_mixin.py:188} INFO - [2026-06-01T11:35:55.631+0000] {dag.py:3096} INFO - Sync 1 DAGs
[2026-06-01T11:35:55.649+0000] {logging_mixin.py:188} INFO - [2026-06-01T11:35:55.648+0000] {dag.py:3954} INFO - Setting next_dagrun for example_task_group_decorator to 2026-05-31 00:00:00+00:00, run_after=2026-06-01 00:00:00+00:00
[2026-06-01T11:35:55.664+0000] {processor.py:183} INFO - Processing /home/airflow/.local/lib/python3.12/site-packages/airflow/example_dags/example_task_group_decorator.py took 0.075 seconds
[2026-06-01T11:36:26.443+0000] {processor.py:161} INFO - Started process (PID=39609) to work on /home/airflow/.local/lib/python3.12/site-packages/airflow/example_dags/example_task_group_decorator.py
[2026-06-01T11:36:26.444+0000] {processor.py:830} INFO - Processing file /home/airflow/.local/lib/python3.12/site-packages/airflow/example_dags/example_task_group_decorator.py for tasks to queue
[2026-06-01T11:36:26.447+0000] {logging_mixin.py:188} INFO - [2026-06-01T11:36:26.446+0000] {dagbag.py:540} INFO - Filling up the DagBag from /home/airflow/.local/lib/python3.12/site-packages/airflow/example_dags/example_task_group_decorator.py
[2026-06-01T11:36:26.459+0000] {processor.py:840} INFO - DAG(s) 'example_task_group_decorator' retrieved from /home/airflow/.local/lib/python3.12/site-packages/airflow/example_dags/example_task_group_decorator.py
[2026-06-01T11:36:26.482+0000] {logging_mixin.py:188} INFO - [2026-06-01T11:36:26.481+0000] {dag.py:3096} INFO - Sync 1 DAGs
[2026-06-01T11:36:26.502+0000] {logging_mixin.py:188} INFO - [2026-06-01T11:36:26.502+0000] {dag.py:3954} INFO - Setting next_dagrun for example_task_group_decorator to 2026-05-31 00:00:00+00:00, run_after=2026-06-01 00:00:00+00:00
[2026-06-01T11:36:26.521+0000] {processor.py:183} INFO - Processing /home/airflow/.local/lib/python3.12/site-packages/airflow/example_dags/example_task_group_decorator.py took 0.084 seconds
[2026-06-01T11:36:57.315+0000] {processor.py:161} INFO - Started process (PID=39668) to work on /home/airflow/.local/lib/python3.12/site-packages/airflow/example_dags/example_task_group_decorator.py
[2026-06-01T11:36:57.316+0000] {processor.py:830} INFO - Processing file /home/airflow/.local/lib/python3.12/site-packages/airflow/example_dags/example_task_group_decorator.py for tasks to queue
[2026-06-01T11:36:57.318+0000] {logging_mixin.py:188} INFO - [2026-06-01T11:36:57.317+0000] {dagbag.py:540} INFO - Filling up the DagBag from /home/airflow/.local/lib/python3.12/site-packages/airflow/example_dags/example_task_group_decorator.py
[2026-06-01T11:36:57.329+0000] {processor.py:840} INFO - DAG(s) 'example_task_group_decorator' retrieved from /home/airflow/.local/lib/python3.12/site-packages/airflow/example_dags/example_task_group_decorator.py
[2026-06-01T11:36:57.347+0000] {logging_mixin.py:188} INFO - [2026-06-01T11:36:57.347+0000] {dag.py:3096} INFO - Sync 1 DAGs
[2026-06-01T11:36:57.363+0000] {logging_mixin.py:188} INFO - [2026-06-01T11:36:57.363+0000] {dag.py:3954} INFO - Setting next_dagrun for example_task_group_decorator to 2026-05-31 00:00:00+00:00, run_after=2026-06-01 00:00:00+00:00
[2026-06-01T11:36:57.378+0000] {processor.py:183} INFO - Processing /home/airflow/.local/lib/python3.12/site-packages/airflow/example_dags/example_task_group_decorator.py took 0.067 seconds
[2026-06-01T11:37:28.058+0000] {processor.py:161} INFO - Started process (PID=39727) to work on /home/airflow/.local/lib/python3.12/site-packages/airflow/example_dags/example_task_group_decorator.py
[2026-06-01T11:37:28.059+0000] {processor.py:830} INFO - Processing file /home/airflow/.local/lib/python3.12/site-packages/airflow/example_dags/example_task_group_decorator.py for tasks to queue
[2026-06-01T11:37:28.061+0000] {logging_mixin.py:188} INFO - [2026-06-01T11:37:28.060+0000] {dagbag.py:540} INFO - Filling up the DagBag from /home/airflow/.local/lib/python3.12/site-packages/airflow/example_dags/example_task_group_decorator.py
[2026-06-01T11:37:28.072+0000] {processor.py:840} INFO - DAG(s) 'example_task_group_decorator' retrieved from /home/airflow/.local/lib/python3.12/site-packages/airflow/example_dags/example_task_group_decorator.py
[2026-06-01T11:37:28.091+0000] {logging_mixin.py:188} INFO - [2026-06-01T11:37:28.091+0000] {dag.py:3096} INFO - Sync 1 DAGs
[2026-06-01T11:37:28.109+0000] {logging_mixin.py:188} INFO - [2026-06-01T11:37:28.108+0000] {dag.py:3954} INFO - Setting next_dagrun for example_task_group_decorator to 2026-05-31 00:00:00+00:00, run_after=2026-06-01 00:00:00+00:00
[2026-06-01T11:37:28.123+0000] {processor.py:183} INFO - Processing /home/airflow/.local/lib/python3.12/site-packages/airflow/example_dags/example_task_group_decorator.py took 0.070 seconds
[2026-06-01T11:37:58.876+0000] {processor.py:161} INFO - Started process (PID=39786) to work on /home/airflow/.local/lib/python3.12/site-packages/airflow/example_dags/example_task_group_decorator.py
[2026-06-01T11:37:58.877+0000] {processor.py:830} INFO - Processing file /home/airflow/.local/lib/python3.12/site-packages/airflow/example_dags/example_task_group_decorator.py for tasks to queue
[2026-06-01T11:37:58.879+0000] {logging_mixin.py:188} INFO - [2026-06-01T11:37:58.879+0000] {dagbag.py:540} INFO - Filling up the DagBag from /home/airflow/.local/lib/python3.12/site-packages/airflow/example_dags/example_task_group_decorator.py
[2026-06-01T11:37:58.891+0000] {processor.py:840} INFO - DAG(s) 'example_task_group_decorator' retrieved from /home/airflow/.local/lib/python3.12/site-packages/airflow/example_dags/example_task_group_decorator.py
[2026-06-01T11:37:58.910+0000] {logging_mixin.py:188} INFO - [2026-06-01T11:37:58.910+0000] {dag.py:3096} INFO - Sync 1 DAGs
[2026-06-01T11:37:58.926+0000] {logging_mixin.py:188} INFO - [2026-06-01T11:37:58.926+0000] {dag.py:3954} INFO - Setting next_dagrun for example_task_group_decorator to 2026-05-31 00:00:00+00:00, run_after=2026-06-01 00:00:00+00:00
[2026-06-01T11:37:58.942+0000] {processor.py:183} INFO - Processing /home/airflow/.local/lib/python3.12/site-packages/airflow/example_dags/example_task_group_decorator.py took 0.071 seconds
[2026-06-01T11:38:29.606+0000] {processor.py:161} INFO - Started process (PID=39845) to work on /home/airflow/.local/lib/python3.12/site-packages/airflow/example_dags/example_task_group_decorator.py
[2026-06-01T11:38:29.607+0000] {processor.py:830} INFO - Processing file /home/airflow/.local/lib/python3.12/site-packages/airflow/example_dags/example_task_group_decorator.py for tasks to queue
[2026-06-01T11:38:29.610+0000] {logging_mixin.py:188} INFO - [2026-06-01T11:38:29.609+0000] {dagbag.py:540} INFO - Filling up the DagBag from /home/airflow/.local/lib/python3.12/site-packages/airflow/example_dags/example_task_group_decorator.py
[2026-06-01T11:38:29.621+0000] {processor.py:840} INFO - DAG(s) 'example_task_group_decorator' retrieved from /home/airflow/.local/lib/python3.12/site-packages/airflow/example_dags/example_task_group_decorator.py
[2026-06-01T11:38:29.641+0000] {logging_mixin.py:188} INFO - [2026-06-01T11:38:29.641+0000] {dag.py:3096} INFO - Sync 1 DAGs
[2026-06-01T11:38:29.659+0000] {logging_mixin.py:188} INFO - [2026-06-01T11:38:29.659+0000] {dag.py:3954} INFO - Setting next_dagrun for example_task_group_decorator to 2026-05-31 00:00:00+00:00, run_after=2026-06-01 00:00:00+00:00
[2026-06-01T11:38:29.676+0000] {processor.py:183} INFO - Processing /home/airflow/.local/lib/python3.12/site-packages/airflow/example_dags/example_task_group_decorator.py took 0.075 seconds
[2026-06-01T11:39:00.498+0000] {processor.py:161} INFO - Started process (PID=39904) to work on /home/airflow/.local/lib/python3.12/site-packages/airflow/example_dags/example_task_group_decorator.py
[2026-06-01T11:39:00.499+0000] {processor.py:830} INFO - Processing file /home/airflow/.local/lib/python3.12/site-packages/airflow/example_dags/example_task_group_decorator.py for tasks to queue
[2026-06-01T11:39:00.500+0000] {logging_mixin.py:188} INFO - [2026-06-01T11:39:00.500+0000] {dagbag.py:540} INFO - Filling up the DagBag from /home/airflow/.local/lib/python3.12/site-packages/airflow/example_dags/example_task_group_decorator.py
[2026-06-01T11:39:00.511+0000] {processor.py:840} INFO - DAG(s) 'example_task_group_decorator' retrieved from /home/airflow/.local/lib/python3.12/site-packages/airflow/example_dags/example_task_group_decorator.py
[2026-06-01T11:39:00.530+0000] {logging_mixin.py:188} INFO - [2026-06-01T11:39:00.530+0000] {dag.py:3096} INFO - Sync 1 DAGs
[2026-06-01T11:39:00.546+0000] {logging_mixin.py:188} INFO - [2026-06-01T11:39:00.546+0000] {dag.py:3954} INFO - Setting next_dagrun for example_task_group_decorator to 2026-05-31 00:00:00+00:00, run_after=2026-06-01 00:00:00+00:00
[2026-06-01T11:39:00.561+0000] {processor.py:183} INFO - Processing /home/airflow/.local/lib/python3.12/site-packages/airflow/example_dags/example_task_group_decorator.py took 0.068 seconds
[2026-06-01T11:39:31.400+0000] {processor.py:161} INFO - Started process (PID=39963) to work on /home/airflow/.local/lib/python3.12/site-packages/airflow/example_dags/example_task_group_decorator.py
[2026-06-01T11:39:31.401+0000] {processor.py:830} INFO - Processing file /home/airflow/.local/lib/python3.12/site-packages/airflow/example_dags/example_task_group_decorator.py for tasks to queue
[2026-06-01T11:39:31.402+0000] {logging_mixin.py:188} INFO - [2026-06-01T11:39:31.402+0000] {dagbag.py:540} INFO - Filling up the DagBag from /home/airflow/.local/lib/python3.12/site-packages/airflow/example_dags/example_task_group_decorator.py
[2026-06-01T11:39:31.413+0000] {processor.py:840} INFO - DAG(s) 'example_task_group_decorator' retrieved from /home/airflow/.local/lib/python3.12/site-packages/airflow/example_dags/example_task_group_decorator.py
[2026-06-01T11:39:31.433+0000] {logging_mixin.py:188} INFO - [2026-06-01T11:39:31.433+0000] {dag.py:3096} INFO - Sync 1 DAGs
[2026-06-01T11:39:31.451+0000] {logging_mixin.py:188} INFO - [2026-06-01T11:39:31.451+0000] {dag.py:3954} INFO - Setting next_dagrun for example_task_group_decorator to 2026-05-31 00:00:00+00:00, run_after=2026-06-01 00:00:00+00:00
[2026-06-01T11:39:31.468+0000] {processor.py:183} INFO - Processing /home/airflow/.local/lib/python3.12/site-packages/airflow/example_dags/example_task_group_decorator.py took 0.073 seconds
[2026-06-01T11:40:01.536+0000] {processor.py:161} INFO - Started process (PID=40022) to work on /home/airflow/.local/lib/python3.12/site-packages/airflow/example_dags/example_task_group_decorator.py
[2026-06-01T11:40:01.537+0000] {processor.py:830} INFO - Processing file /home/airflow/.local/lib/python3.12/site-packages/airflow/example_dags/example_task_group_decorator.py for tasks to queue
[2026-06-01T11:40:01.539+0000] {logging_mixin.py:188} INFO - [2026-06-01T11:40:01.539+0000] {dagbag.py:540} INFO - Filling up the DagBag from /home/airflow/.local/lib/python3.12/site-packages/airflow/example_dags/example_task_group_decorator.py
[2026-06-01T11:40:01.553+0000] {processor.py:840} INFO - DAG(s) 'example_task_group_decorator' retrieved from /home/airflow/.local/lib/python3.12/site-packages/airflow/example_dags/example_task_group_decorator.py
[2026-06-01T11:40:01.576+0000] {logging_mixin.py:188} INFO - [2026-06-01T11:40:01.576+0000] {dag.py:3096} INFO - Sync 1 DAGs
[2026-06-01T11:40:01.596+0000] {logging_mixin.py:188} INFO - [2026-06-01T11:40:01.596+0000] {dag.py:3954} INFO - Setting next_dagrun for example_task_group_decorator to 2026-05-31 00:00:00+00:00, run_after=2026-06-01 00:00:00+00:00
[2026-06-01T11:40:01.612+0000] {processor.py:183} INFO - Processing /home/airflow/.local/lib/python3.12/site-packages/airflow/example_dags/example_task_group_decorator.py took 0.081 seconds
[2026-06-01T11:40:31.722+0000] {processor.py:161} INFO - Started process (PID=40081) to work on /home/airflow/.local/lib/python3.12/site-packages/airflow/example_dags/example_task_group_decorator.py
[2026-06-01T11:40:31.724+0000] {processor.py:830} INFO - Processing file /home/airflow/.local/lib/python3.12/site-packages/airflow/example_dags/example_task_group_decorator.py for tasks to queue
[2026-06-01T11:40:31.725+0000] {logging_mixin.py:188} INFO - [2026-06-01T11:40:31.725+0000] {dagbag.py:540} INFO - Filling up the DagBag from /home/airflow/.local/lib/python3.12/site-packages/airflow/example_dags/example_task_group_decorator.py
[2026-06-01T11:40:31.736+0000] {processor.py:840} INFO - DAG(s) 'example_task_group_decorator' retrieved from /home/airflow/.local/lib/python3.12/site-packages/airflow/example_dags/example_task_group_decorator.py
[2026-06-01T11:40:31.756+0000] {logging_mixin.py:188} INFO - [2026-06-01T11:40:31.755+0000] {dag.py:3096} INFO - Sync 1 DAGs
[2026-06-01T11:40:31.773+0000] {logging_mixin.py:188} INFO - [2026-06-01T11:40:31.773+0000] {dag.py:3954} INFO - Setting next_dagrun for example_task_group_decorator to 2026-05-31 00:00:00+00:00, run_after=2026-06-01 00:00:00+00:00
[2026-06-01T11:40:31.789+0000] {processor.py:183} INFO - Processing /home/airflow/.local/lib/python3.12/site-packages/airflow/example_dags/example_task_group_decorator.py took 0.071 seconds
[2026-06-01T11:41:02.296+0000] {processor.py:161} INFO - Started process (PID=40140) to work on /home/airflow/.local/lib/python3.12/site-packages/airflow/example_dags/example_task_group_decorator.py
[2026-06-01T11:41:02.297+0000] {processor.py:830} INFO - Processing file /home/airflow/.local/lib/python3.12/site-packages/airflow/example_dags/example_task_group_decorator.py for tasks to queue
[2026-06-01T11:41:02.299+0000] {logging_mixin.py:188} INFO - [2026-06-01T11:41:02.299+0000] {dagbag.py:540} INFO - Filling up the DagBag from /home/airflow/.local/lib/python3.12/site-packages/airflow/example_dags/example_task_group_decorator.py
[2026-06-01T11:41:02.309+0000] {processor.py:840} INFO - DAG(s) 'example_task_group_decorator' retrieved from /home/airflow/.local/lib/python3.12/site-packages/airflow/example_dags/example_task_group_decorator.py
[2026-06-01T11:41:02.328+0000] {logging_mixin.py:188} INFO - [2026-06-01T11:41:02.328+0000] {dag.py:3096} INFO - Sync 1 DAGs
[2026-06-01T11:41:02.345+0000] {logging_mixin.py:188} INFO - [2026-06-01T11:41:02.344+0000] {dag.py:3954} INFO - Setting next_dagrun for example_task_group_decorator to 2026-05-31 00:00:00+00:00, run_after=2026-06-01 00:00:00+00:00
[2026-06-01T11:41:02.360+0000] {processor.py:183} INFO - Processing /home/airflow/.local/lib/python3.12/site-packages/airflow/example_dags/example_task_group_decorator.py took 0.069 seconds
[2026-06-01T11:41:32.526+0000] {processor.py:161} INFO - Started process (PID=40199) to work on /home/airflow/.local/lib/python3.12/site-packages/airflow/example_dags/example_task_group_decorator.py
[2026-06-01T11:41:32.527+0000] {processor.py:830} INFO - Processing file /home/airflow/.local/lib/python3.12/site-packages/airflow/example_dags/example_task_group_decorator.py for tasks to queue
[2026-06-01T11:41:32.529+0000] {logging_mixin.py:188} INFO - [2026-06-01T11:41:32.529+0000] {dagbag.py:540} INFO - Filling up the DagBag from /home/airflow/.local/lib/python3.12/site-packages/airflow/example_dags/example_task_group_decorator.py
[2026-06-01T11:41:32.542+0000] {processor.py:840} INFO - DAG(s) 'example_task_group_decorator' retrieved from /home/airflow/.local/lib/python3.12/site-packages/airflow/example_dags/example_task_group_decorator.py
[2026-06-01T11:41:32.563+0000] {logging_mixin.py:188} INFO - [2026-06-01T11:41:32.563+0000] {dag.py:3096} INFO - Sync 1 DAGs
[2026-06-01T11:41:32.580+0000] {logging_mixin.py:188} INFO - [2026-06-01T11:41:32.580+0000] {dag.py:3954} INFO - Setting next_dagrun for example_task_group_decorator to 2026-05-31 00:00:00+00:00, run_after=2026-06-01 00:00:00+00:00
[2026-06-01T11:41:32.596+0000] {processor.py:183} INFO - Processing /home/airflow/.local/lib/python3.12/site-packages/airflow/example_dags/example_task_group_decorator.py took 0.075 seconds
[2026-06-01T11:42:03.232+0000] {processor.py:161} INFO - Started process (PID=40258) to work on /home/airflow/.local/lib/python3.12/site-packages/airflow/example_dags/example_task_group_decorator.py
[2026-06-01T11:42:03.233+0000] {processor.py:830} INFO - Processing file /home/airflow/.local/lib/python3.12/site-packages/airflow/example_dags/example_task_group_decorator.py for tasks to queue
[2026-06-01T11:42:03.235+0000] {logging_mixin.py:188} INFO - [2026-06-01T11:42:03.235+0000] {dagbag.py:540} INFO - Filling up the DagBag from /home/airflow/.local/lib/python3.12/site-packages/airflow/example_dags/example_task_group_decorator.py
[2026-06-01T11:42:03.249+0000] {processor.py:840} INFO - DAG(s) 'example_task_group_decorator' retrieved from /home/airflow/.local/lib/python3.12/site-packages/airflow/example_dags/example_task_group_decorator.py
[2026-06-01T11:42:03.271+0000] {logging_mixin.py:188} INFO - [2026-06-01T11:42:03.271+0000] {dag.py:3096} INFO - Sync 1 DAGs
[2026-06-01T11:42:03.292+0000] {logging_mixin.py:188} INFO - [2026-06-01T11:42:03.292+0000] {dag.py:3954} INFO - Setting next_dagrun for example_task_group_decorator to 2026-05-31 00:00:00+00:00, run_after=2026-06-01 00:00:00+00:00
[2026-06-01T11:42:03.311+0000] {processor.py:183} INFO - Processing /home/airflow/.local/lib/python3.12/site-packages/airflow/example_dags/example_task_group_decorator.py took 0.084 seconds
[2026-06-01T11:42:33.654+0000] {processor.py:161} INFO - Started process (PID=40317) to work on /home/airflow/.local/lib/python3.12/site-packages/airflow/example_dags/example_task_group_decorator.py
[2026-06-01T11:42:33.656+0000] {processor.py:830} INFO - Processing file /home/airflow/.local/lib/python3.12/site-packages/airflow/example_dags/example_task_group_decorator.py for tasks to queue
[2026-06-01T11:42:33.658+0000] {logging_mixin.py:188} INFO - [2026-06-01T11:42:33.657+0000] {dagbag.py:540} INFO - Filling up the DagBag from /home/airflow/.local/lib/python3.12/site-packages/airflow/example_dags/example_task_group_decorator.py
[2026-06-01T11:42:33.671+0000] {processor.py:840} INFO - DAG(s) 'example_task_group_decorator' retrieved from /home/airflow/.local/lib/python3.12/site-packages/airflow/example_dags/example_task_group_decorator.py
[2026-06-01T11:42:33.693+0000] {logging_mixin.py:188} INFO - [2026-06-01T11:42:33.693+0000] {dag.py:3096} INFO - Sync 1 DAGs
[2026-06-01T11:42:33.720+0000] {logging_mixin.py:188} INFO - [2026-06-01T11:42:33.720+0000] {dag.py:3954} INFO - Setting next_dagrun for example_task_group_decorator to 2026-05-31 00:00:00+00:00, run_after=2026-06-01 00:00:00+00:00
[2026-06-01T11:42:33.742+0000] {processor.py:183} INFO - Processing /home/airflow/.local/lib/python3.12/site-packages/airflow/example_dags/example_task_group_decorator.py took 0.092 seconds
[2026-06-01T11:43:03.958+0000] {processor.py:161} INFO - Started process (PID=40376) to work on /home/airflow/.local/lib/python3.12/site-packages/airflow/example_dags/example_task_group_decorator.py
[2026-06-01T11:43:03.959+0000] {processor.py:830} INFO - Processing file /home/airflow/.local/lib/python3.12/site-packages/airflow/example_dags/example_task_group_decorator.py for tasks to queue
[2026-06-01T11:43:03.960+0000] {logging_mixin.py:188} INFO - [2026-06-01T11:43:03.960+0000] {dagbag.py:540} INFO - Filling up the DagBag from /home/airflow/.local/lib/python3.12/site-packages/airflow/example_dags/example_task_group_decorator.py
[2026-06-01T11:43:03.971+0000] {processor.py:840} INFO - DAG(s) 'example_task_group_decorator' retrieved from /home/airflow/.local/lib/python3.12/site-packages/airflow/example_dags/example_task_group_decorator.py
[2026-06-01T11:43:03.993+0000] {logging_mixin.py:188} INFO - [2026-06-01T11:43:03.993+0000] {dag.py:3096} INFO - Sync 1 DAGs
[2026-06-01T11:43:04.009+0000] {logging_mixin.py:188} INFO - [2026-06-01T11:43:04.009+0000] {dag.py:3954} INFO - Setting next_dagrun for example_task_group_decorator to 2026-05-31 00:00:00+00:00, run_after=2026-06-01 00:00:00+00:00
[2026-06-01T11:43:04.025+0000] {processor.py:183} INFO - Processing /home/airflow/.local/lib/python3.12/site-packages/airflow/example_dags/example_task_group_decorator.py took 0.072 seconds
[2026-06-01T11:43:34.119+0000] {processor.py:161} INFO - Started process (PID=40435) to work on /home/airflow/.local/lib/python3.12/site-packages/airflow/example_dags/example_task_group_decorator.py
[2026-06-01T11:43:34.120+0000] {processor.py:830} INFO - Processing file /home/airflow/.local/lib/python3.12/site-packages/airflow/example_dags/example_task_group_decorator.py for tasks to queue
[2026-06-01T11:43:34.122+0000] {logging_mixin.py:188} INFO - [2026-06-01T11:43:34.121+0000] {dagbag.py:540} INFO - Filling up the DagBag from /home/airflow/.local/lib/python3.12/site-packages/airflow/example_dags/example_task_group_decorator.py
[2026-06-01T11:43:34.132+0000] {processor.py:840} INFO - DAG(s) 'example_task_group_decorator' retrieved from /home/airflow/.local/lib/python3.12/site-packages/airflow/example_dags/example_task_group_decorator.py
[2026-06-01T11:43:34.152+0000] {logging_mixin.py:188} INFO - [2026-06-01T11:43:34.152+0000] {dag.py:3096} INFO - Sync 1 DAGs
[2026-06-01T11:43:34.170+0000] {logging_mixin.py:188} INFO - [2026-06-01T11:43:34.170+0000] {dag.py:3954} INFO - Setting next_dagrun for example_task_group_decorator to 2026-05-31 00:00:00+00:00, run_after=2026-06-01 00:00:00+00:00
[2026-06-01T11:43:34.185+0000] {processor.py:183} INFO - Processing /home/airflow/.local/lib/python3.12/site-packages/airflow/example_dags/example_task_group_decorator.py took 0.071 seconds
[2026-06-01T11:44:04.497+0000] {processor.py:161} INFO - Started process (PID=40494) to work on /home/airflow/.local/lib/python3.12/site-packages/airflow/example_dags/example_task_group_decorator.py
[2026-06-01T11:44:04.498+0000] {processor.py:830} INFO - Processing file /home/airflow/.local/lib/python3.12/site-packages/airflow/example_dags/example_task_group_decorator.py for tasks to queue
[2026-06-01T11:44:04.500+0000] {logging_mixin.py:188} INFO - [2026-06-01T11:44:04.500+0000] {dagbag.py:540} INFO - Filling up the DagBag from /home/airflow/.local/lib/python3.12/site-packages/airflow/example_dags/example_task_group_decorator.py
[2026-06-01T11:44:04.512+0000] {processor.py:840} INFO - DAG(s) 'example_task_group_decorator' retrieved from /home/airflow/.local/lib/python3.12/site-packages/airflow/example_dags/example_task_group_decorator.py
[2026-06-01T11:44:04.538+0000] {logging_mixin.py:188} INFO - [2026-06-01T11:44:04.538+0000] {dag.py:3096} INFO - Sync 1 DAGs
[2026-06-01T11:44:04.570+0000] {logging_mixin.py:188} INFO - [2026-06-01T11:44:04.569+0000] {dag.py:3954} INFO - Setting next_dagrun for example_task_group_decorator to 2026-05-31 00:00:00+00:00, run_after=2026-06-01 00:00:00+00:00
[2026-06-01T11:44:04.605+0000] {processor.py:183} INFO - Processing /home/airflow/.local/lib/python3.12/site-packages/airflow/example_dags/example_task_group_decorator.py took 0.114 seconds
[2026-06-01T11:44:34.738+0000] {processor.py:161} INFO - Started process (PID=40554) to work on /home/airflow/.local/lib/python3.12/site-packages/airflow/example_dags/example_task_group_decorator.py
[2026-06-01T11:44:34.740+0000] {processor.py:830} INFO - Processing file /home/airflow/.local/lib/python3.12/site-packages/airflow/example_dags/example_task_group_decorator.py for tasks to queue
[2026-06-01T11:44:34.741+0000] {logging_mixin.py:188} INFO - [2026-06-01T11:44:34.741+0000] {dagbag.py:540} INFO - Filling up the DagBag from /home/airflow/.local/lib/python3.12/site-packages/airflow/example_dags/example_task_group_decorator.py
[2026-06-01T11:44:34.752+0000] {processor.py:840} INFO - DAG(s) 'example_task_group_decorator' retrieved from /home/airflow/.local/lib/python3.12/site-packages/airflow/example_dags/example_task_group_decorator.py
[2026-06-01T11:44:34.773+0000] {logging_mixin.py:188} INFO - [2026-06-01T11:44:34.773+0000] {dag.py:3096} INFO - Sync 1 DAGs
[2026-06-01T11:44:34.790+0000] {logging_mixin.py:188} INFO - [2026-06-01T11:44:34.790+0000] {dag.py:3954} INFO - Setting next_dagrun for example_task_group_decorator to 2026-05-31 00:00:00+00:00, run_after=2026-06-01 00:00:00+00:00
[2026-06-01T11:44:34.806+0000] {processor.py:183} INFO - Processing /home/airflow/.local/lib/python3.12/site-packages/airflow/example_dags/example_task_group_decorator.py took 0.073 seconds
[2026-06-01T11:45:05.003+0000] {processor.py:161} INFO - Started process (PID=40613) to work on /home/airflow/.local/lib/python3.12/site-packages/airflow/example_dags/example_task_group_decorator.py
[2026-06-01T11:45:05.004+0000] {processor.py:830} INFO - Processing file /home/airflow/.local/lib/python3.12/site-packages/airflow/example_dags/example_task_group_decorator.py for tasks to queue
[2026-06-01T11:45:05.006+0000] {logging_mixin.py:188} INFO - [2026-06-01T11:45:05.006+0000] {dagbag.py:540} INFO - Filling up the DagBag from /home/airflow/.local/lib/python3.12/site-packages/airflow/example_dags/example_task_group_decorator.py
[2026-06-01T11:45:05.020+0000] {processor.py:840} INFO - DAG(s) 'example_task_group_decorator' retrieved from /home/airflow/.local/lib/python3.12/site-packages/airflow/example_dags/example_task_group_decorator.py
[2026-06-01T11:45:05.042+0000] {logging_mixin.py:188} INFO - [2026-06-01T11:45:05.042+0000] {dag.py:3096} INFO - Sync 1 DAGs
[2026-06-01T11:45:05.064+0000] {logging_mixin.py:188} INFO - [2026-06-01T11:45:05.063+0000] {dag.py:3954} INFO - Setting next_dagrun for example_task_group_decorator to 2026-05-31 00:00:00+00:00, run_after=2026-06-01 00:00:00+00:00
[2026-06-01T11:45:05.082+0000] {processor.py:183} INFO - Processing /home/airflow/.local/lib/python3.12/site-packages/airflow/example_dags/example_task_group_decorator.py took 0.086 seconds
[2026-06-01T11:45:35.372+0000] {processor.py:161} INFO - Started process (PID=40671) to work on /home/airflow/.local/lib/python3.12/site-packages/airflow/example_dags/example_task_group_decorator.py
[2026-06-01T11:45:35.373+0000] {processor.py:830} INFO - Processing file /home/airflow/.local/lib/python3.12/site-packages/airflow/example_dags/example_task_group_decorator.py for tasks to queue
[2026-06-01T11:45:35.375+0000] {logging_mixin.py:188} INFO - [2026-06-01T11:45:35.375+0000] {dagbag.py:540} INFO - Filling up the DagBag from /home/airflow/.local/lib/python3.12/site-packages/airflow/example_dags/example_task_group_decorator.py
[2026-06-01T11:45:35.385+0000] {processor.py:840} INFO - DAG(s) 'example_task_group_decorator' retrieved from /home/airflow/.local/lib/python3.12/site-packages/airflow/example_dags/example_task_group_decorator.py
[2026-06-01T11:45:35.404+0000] {logging_mixin.py:188} INFO - [2026-06-01T11:45:35.404+0000] {dag.py:3096} INFO - Sync 1 DAGs
[2026-06-01T11:45:35.422+0000] {logging_mixin.py:188} INFO - [2026-06-01T11:45:35.421+0000] {dag.py:3954} INFO - Setting next_dagrun for example_task_group_decorator to 2026-05-31 00:00:00+00:00, run_after=2026-06-01 00:00:00+00:00
[2026-06-01T11:45:35.438+0000] {processor.py:183} INFO - Processing /home/airflow/.local/lib/python3.12/site-packages/airflow/example_dags/example_task_group_decorator.py took 0.071 seconds
[2026-06-01T11:46:05.529+0000] {processor.py:161} INFO - Started process (PID=40729) to work on /home/airflow/.local/lib/python3.12/site-packages/airflow/example_dags/example_task_group_decorator.py
[2026-06-01T11:46:05.531+0000] {processor.py:830} INFO - Processing file /home/airflow/.local/lib/python3.12/site-packages/airflow/example_dags/example_task_group_decorator.py for tasks to queue
[2026-06-01T11:46:05.532+0000] {logging_mixin.py:188} INFO - [2026-06-01T11:46:05.532+0000] {dagbag.py:540} INFO - Filling up the DagBag from /home/airflow/.local/lib/python3.12/site-packages/airflow/example_dags/example_task_group_decorator.py
[2026-06-01T11:46:05.544+0000] {processor.py:840} INFO - DAG(s) 'example_task_group_decorator' retrieved from /home/airflow/.local/lib/python3.12/site-packages/airflow/example_dags/example_task_group_decorator.py
[2026-06-01T11:46:05.567+0000] {logging_mixin.py:188} INFO - [2026-06-01T11:46:05.566+0000] {dag.py:3096} INFO - Sync 1 DAGs
[2026-06-01T11:46:05.586+0000] {logging_mixin.py:188} INFO - [2026-06-01T11:46:05.586+0000] {dag.py:3954} INFO - Setting next_dagrun for example_task_group_decorator to 2026-05-31 00:00:00+00:00, run_after=2026-06-01 00:00:00+00:00
[2026-06-01T11:46:05.605+0000] {processor.py:183} INFO - Processing /home/airflow/.local/lib/python3.12/site-packages/airflow/example_dags/example_task_group_decorator.py took 0.081 seconds
[2026-06-01T11:46:35.708+0000] {processor.py:161} INFO - Started process (PID=40789) to work on /home/airflow/.local/lib/python3.12/site-packages/airflow/example_dags/example_task_group_decorator.py
[2026-06-01T11:46:35.709+0000] {processor.py:830} INFO - Processing file /home/airflow/.local/lib/python3.12/site-packages/airflow/example_dags/example_task_group_decorator.py for tasks to queue
[2026-06-01T11:46:35.711+0000] {logging_mixin.py:188} INFO - [2026-06-01T11:46:35.711+0000] {dagbag.py:540} INFO - Filling up the DagBag from /home/airflow/.local/lib/python3.12/site-packages/airflow/example_dags/example_task_group_decorator.py
[2026-06-01T11:46:35.721+0000] {processor.py:840} INFO - DAG(s) 'example_task_group_decorator' retrieved from /home/airflow/.local/lib/python3.12/site-packages/airflow/example_dags/example_task_group_decorator.py
[2026-06-01T11:46:35.741+0000] {logging_mixin.py:188} INFO - [2026-06-01T11:46:35.741+0000] {dag.py:3096} INFO - Sync 1 DAGs
[2026-06-01T11:46:35.757+0000] {logging_mixin.py:188} INFO - [2026-06-01T11:46:35.757+0000] {dag.py:3954} INFO - Setting next_dagrun for example_task_group_decorator to 2026-05-31 00:00:00+00:00, run_after=2026-06-01 00:00:00+00:00
[2026-06-01T11:46:35.773+0000] {processor.py:183} INFO - Processing /home/airflow/.local/lib/python3.12/site-packages/airflow/example_dags/example_task_group_decorator.py took 0.070 seconds
[2026-06-01T11:47:05.883+0000] {processor.py:161} INFO - Started process (PID=40849) to work on /home/airflow/.local/lib/python3.12/site-packages/airflow/example_dags/example_task_group_decorator.py
[2026-06-01T11:47:05.884+0000] {processor.py:830} INFO - Processing file /home/airflow/.local/lib/python3.12/site-packages/airflow/example_dags/example_task_group_decorator.py for tasks to queue
[2026-06-01T11:47:05.886+0000] {logging_mixin.py:188} INFO - [2026-06-01T11:47:05.886+0000] {dagbag.py:540} INFO - Filling up the DagBag from /home/airflow/.local/lib/python3.12/site-packages/airflow/example_dags/example_task_group_decorator.py
[2026-06-01T11:47:05.903+0000] {processor.py:840} INFO - DAG(s) 'example_task_group_decorator' retrieved from /home/airflow/.local/lib/python3.12/site-packages/airflow/example_dags/example_task_group_decorator.py
[2026-06-01T11:47:05.925+0000] {logging_mixin.py:188} INFO - [2026-06-01T11:47:05.925+0000] {dag.py:3096} INFO - Sync 1 DAGs
[2026-06-01T11:47:05.943+0000] {logging_mixin.py:188} INFO - [2026-06-01T11:47:05.943+0000] {dag.py:3954} INFO - Setting next_dagrun for example_task_group_decorator to 2026-05-31 00:00:00+00:00, run_after=2026-06-01 00:00:00+00:00
[2026-06-01T11:47:05.960+0000] {processor.py:183} INFO - Processing /home/airflow/.local/lib/python3.12/site-packages/airflow/example_dags/example_task_group_decorator.py took 0.082 seconds
[2026-06-01T11:47:37.054+0000] {processor.py:161} INFO - Started process (PID=40907) to work on /home/airflow/.local/lib/python3.12/site-packages/airflow/example_dags/example_task_group_decorator.py
[2026-06-01T11:47:37.055+0000] {processor.py:830} INFO - Processing file /home/airflow/.local/lib/python3.12/site-packages/airflow/example_dags/example_task_group_decorator.py for tasks to queue
[2026-06-01T11:47:37.057+0000] {logging_mixin.py:188} INFO - [2026-06-01T11:47:37.056+0000] {dagbag.py:540} INFO - Filling up the DagBag from /home/airflow/.local/lib/python3.12/site-packages/airflow/example_dags/example_task_group_decorator.py
[2026-06-01T11:47:37.067+0000] {processor.py:840} INFO - DAG(s) 'example_task_group_decorator' retrieved from /home/airflow/.local/lib/python3.12/site-packages/airflow/example_dags/example_task_group_decorator.py
[2026-06-01T11:47:37.088+0000] {logging_mixin.py:188} INFO - [2026-06-01T11:47:37.088+0000] {dag.py:3096} INFO - Sync 1 DAGs
[2026-06-01T11:47:37.106+0000] {logging_mixin.py:188} INFO - [2026-06-01T11:47:37.106+0000] {dag.py:3954} INFO - Setting next_dagrun for example_task_group_decorator to 2026-05-31 00:00:00+00:00, run_after=2026-06-01 00:00:00+00:00
[2026-06-01T11:47:37.124+0000] {processor.py:183} INFO - Processing /home/airflow/.local/lib/python3.12/site-packages/airflow/example_dags/example_task_group_decorator.py took 0.075 seconds
[2026-06-01T11:48:07.327+0000] {processor.py:161} INFO - Started process (PID=40966) to work on /home/airflow/.local/lib/python3.12/site-packages/airflow/example_dags/example_task_group_decorator.py
[2026-06-01T11:48:07.328+0000] {processor.py:830} INFO - Processing file /home/airflow/.local/lib/python3.12/site-packages/airflow/example_dags/example_task_group_decorator.py for tasks to queue
[2026-06-01T11:48:07.330+0000] {logging_mixin.py:188} INFO - [2026-06-01T11:48:07.329+0000] {dagbag.py:540} INFO - Filling up the DagBag from /home/airflow/.local/lib/python3.12/site-packages/airflow/example_dags/example_task_group_decorator.py
[2026-06-01T11:48:07.341+0000] {processor.py:840} INFO - DAG(s) 'example_task_group_decorator' retrieved from /home/airflow/.local/lib/python3.12/site-packages/airflow/example_dags/example_task_group_decorator.py
[2026-06-01T11:48:07.363+0000] {logging_mixin.py:188} INFO - [2026-06-01T11:48:07.362+0000] {dag.py:3096} INFO - Sync 1 DAGs
[2026-06-01T11:48:07.382+0000] {logging_mixin.py:188} INFO - [2026-06-01T11:48:07.382+0000] {dag.py:3954} INFO - Setting next_dagrun for example_task_group_decorator to 2026-05-31 00:00:00+00:00, run_after=2026-06-01 00:00:00+00:00
[2026-06-01T11:48:07.401+0000] {processor.py:183} INFO - Processing /home/airflow/.local/lib/python3.12/site-packages/airflow/example_dags/example_task_group_decorator.py took 0.080 seconds
[2026-06-01T11:48:37.629+0000] {processor.py:161} INFO - Started process (PID=41025) to work on /home/airflow/.local/lib/python3.12/site-packages/airflow/example_dags/example_task_group_decorator.py
[2026-06-01T11:48:37.631+0000] {processor.py:830} INFO - Processing file /home/airflow/.local/lib/python3.12/site-packages/airflow/example_dags/example_task_group_decorator.py for tasks to queue
[2026-06-01T11:48:37.633+0000] {logging_mixin.py:188} INFO - [2026-06-01T11:48:37.632+0000] {dagbag.py:540} INFO - Filling up the DagBag from /home/airflow/.local/lib/python3.12/site-packages/airflow/example_dags/example_task_group_decorator.py
[2026-06-01T11:48:37.644+0000] {processor.py:840} INFO - DAG(s) 'example_task_group_decorator' retrieved from /home/airflow/.local/lib/python3.12/site-packages/airflow/example_dags/example_task_group_decorator.py
[2026-06-01T11:48:37.666+0000] {logging_mixin.py:188} INFO - [2026-06-01T11:48:37.666+0000] {dag.py:3096} INFO - Sync 1 DAGs
[2026-06-01T11:48:37.686+0000] {logging_mixin.py:188} INFO - [2026-06-01T11:48:37.686+0000] {dag.py:3954} INFO - Setting next_dagrun for example_task_group_decorator to 2026-05-31 00:00:00+00:00, run_after=2026-06-01 00:00:00+00:00
[2026-06-01T11:48:37.704+0000] {processor.py:183} INFO - Processing /home/airflow/.local/lib/python3.12/site-packages/airflow/example_dags/example_task_group_decorator.py took 0.080 seconds
[2026-06-01T11:49:07.888+0000] {processor.py:161} INFO - Started process (PID=41084) to work on /home/airflow/.local/lib/python3.12/site-packages/airflow/example_dags/example_task_group_decorator.py
[2026-06-01T11:49:07.890+0000] {processor.py:830} INFO - Processing file /home/airflow/.local/lib/python3.12/site-packages/airflow/example_dags/example_task_group_decorator.py for tasks to queue
[2026-06-01T11:49:07.892+0000] {logging_mixin.py:188} INFO - [2026-06-01T11:49:07.891+0000] {dagbag.py:540} INFO - Filling up the DagBag from /home/airflow/.local/lib/python3.12/site-packages/airflow/example_dags/example_task_group_decorator.py
[2026-06-01T11:49:07.903+0000] {processor.py:840} INFO - DAG(s) 'example_task_group_decorator' retrieved from /home/airflow/.local/lib/python3.12/site-packages/airflow/example_dags/example_task_group_decorator.py
[2026-06-01T11:49:07.926+0000] {logging_mixin.py:188} INFO - [2026-06-01T11:49:07.926+0000] {dag.py:3096} INFO - Sync 1 DAGs
[2026-06-01T11:49:07.945+0000] {logging_mixin.py:188} INFO - [2026-06-01T11:49:07.945+0000] {dag.py:3954} INFO - Setting next_dagrun for example_task_group_decorator to 2026-05-31 00:00:00+00:00, run_after=2026-06-01 00:00:00+00:00
[2026-06-01T11:49:07.961+0000] {processor.py:183} INFO - Processing /home/airflow/.local/lib/python3.12/site-packages/airflow/example_dags/example_task_group_decorator.py took 0.078 seconds
[2026-06-01T11:49:37.993+0000] {processor.py:161} INFO - Started process (PID=41143) to work on /home/airflow/.local/lib/python3.12/site-packages/airflow/example_dags/example_task_group_decorator.py
[2026-06-01T11:49:37.995+0000] {processor.py:830} INFO - Processing file /home/airflow/.local/lib/python3.12/site-packages/airflow/example_dags/example_task_group_decorator.py for tasks to queue
[2026-06-01T11:49:37.997+0000] {logging_mixin.py:188} INFO - [2026-06-01T11:49:37.996+0000] {dagbag.py:540} INFO - Filling up the DagBag from /home/airflow/.local/lib/python3.12/site-packages/airflow/example_dags/example_task_group_decorator.py
[2026-06-01T11:49:38.007+0000] {processor.py:840} INFO - DAG(s) 'example_task_group_decorator' retrieved from /home/airflow/.local/lib/python3.12/site-packages/airflow/example_dags/example_task_group_decorator.py
[2026-06-01T11:49:38.031+0000] {logging_mixin.py:188} INFO - [2026-06-01T11:49:38.031+0000] {dag.py:3096} INFO - Sync 1 DAGs
[2026-06-01T11:49:38.048+0000] {logging_mixin.py:188} INFO - [2026-06-01T11:49:38.048+0000] {dag.py:3954} INFO - Setting next_dagrun for example_task_group_decorator to 2026-05-31 00:00:00+00:00, run_after=2026-06-01 00:00:00+00:00
[2026-06-01T11:49:38.067+0000] {processor.py:183} INFO - Processing /home/airflow/.local/lib/python3.12/site-packages/airflow/example_dags/example_task_group_decorator.py took 0.079 seconds
[2026-06-01T11:50:08.175+0000] {processor.py:161} INFO - Started process (PID=41202) to work on /home/airflow/.local/lib/python3.12/site-packages/airflow/example_dags/example_task_group_decorator.py
[2026-06-01T11:50:08.176+0000] {processor.py:830} INFO - Processing file /home/airflow/.local/lib/python3.12/site-packages/airflow/example_dags/example_task_group_decorator.py for tasks to queue
[2026-06-01T11:50:08.177+0000] {logging_mixin.py:188} INFO - [2026-06-01T11:50:08.177+0000] {dagbag.py:540} INFO - Filling up the DagBag from /home/airflow/.local/lib/python3.12/site-packages/airflow/example_dags/example_task_group_decorator.py
[2026-06-01T11:50:08.189+0000] {processor.py:840} INFO - DAG(s) 'example_task_group_decorator' retrieved from /home/airflow/.local/lib/python3.12/site-packages/airflow/example_dags/example_task_group_decorator.py
[2026-06-01T11:50:08.210+0000] {logging_mixin.py:188} INFO - [2026-06-01T11:50:08.210+0000] {dag.py:3096} INFO - Sync 1 DAGs
[2026-06-01T11:50:08.231+0000] {logging_mixin.py:188} INFO - [2026-06-01T11:50:08.231+0000] {dag.py:3954} INFO - Setting next_dagrun for example_task_group_decorator to 2026-05-31 00:00:00+00:00, run_after=2026-06-01 00:00:00+00:00
[2026-06-01T11:50:08.247+0000] {processor.py:183} INFO - Processing /home/airflow/.local/lib/python3.12/site-packages/airflow/example_dags/example_task_group_decorator.py took 0.078 seconds
[2026-06-01T11:50:38.431+0000] {processor.py:161} INFO - Started process (PID=41261) to work on /home/airflow/.local/lib/python3.12/site-packages/airflow/example_dags/example_task_group_decorator.py
[2026-06-01T11:50:38.433+0000] {processor.py:830} INFO - Processing file /home/airflow/.local/lib/python3.12/site-packages/airflow/example_dags/example_task_group_decorator.py for tasks to queue
[2026-06-01T11:50:38.437+0000] {logging_mixin.py:188} INFO - [2026-06-01T11:50:38.436+0000] {dagbag.py:540} INFO - Filling up the DagBag from /home/airflow/.local/lib/python3.12/site-packages/airflow/example_dags/example_task_group_decorator.py
[2026-06-01T11:50:38.456+0000] {processor.py:840} INFO - DAG(s) 'example_task_group_decorator' retrieved from /home/airflow/.local/lib/python3.12/site-packages/airflow/example_dags/example_task_group_decorator.py
[2026-06-01T11:50:38.492+0000] {logging_mixin.py:188} INFO - [2026-06-01T11:50:38.491+0000] {dag.py:3096} INFO - Sync 1 DAGs
[2026-06-01T11:50:38.524+0000] {logging_mixin.py:188} INFO - [2026-06-01T11:50:38.524+0000] {dag.py:3954} INFO - Setting next_dagrun for example_task_group_decorator to 2026-05-31 00:00:00+00:00, run_after=2026-06-01 00:00:00+00:00
[2026-06-01T11:50:38.562+0000] {processor.py:183} INFO - Processing /home/airflow/.local/lib/python3.12/site-packages/airflow/example_dags/example_task_group_decorator.py took 0.140 seconds
[2026-06-01T11:51:09.454+0000] {processor.py:161} INFO - Started process (PID=41320) to work on /home/airflow/.local/lib/python3.12/site-packages/airflow/example_dags/example_task_group_decorator.py
[2026-06-01T11:51:09.456+0000] {processor.py:830} INFO - Processing file /home/airflow/.local/lib/python3.12/site-packages/airflow/example_dags/example_task_group_decorator.py for tasks to queue
[2026-06-01T11:51:09.458+0000] {logging_mixin.py:188} INFO - [2026-06-01T11:51:09.457+0000] {dagbag.py:540} INFO - Filling up the DagBag from /home/airflow/.local/lib/python3.12/site-packages/airflow/example_dags/example_task_group_decorator.py
[2026-06-01T11:51:09.470+0000] {processor.py:840} INFO - DAG(s) 'example_task_group_decorator' retrieved from /home/airflow/.local/lib/python3.12/site-packages/airflow/example_dags/example_task_group_decorator.py
[2026-06-01T11:51:09.494+0000] {logging_mixin.py:188} INFO - [2026-06-01T11:51:09.494+0000] {dag.py:3096} INFO - Sync 1 DAGs
[2026-06-01T11:51:09.517+0000] {logging_mixin.py:188} INFO - [2026-06-01T11:51:09.517+0000] {dag.py:3954} INFO - Setting next_dagrun for example_task_group_decorator to 2026-05-31 00:00:00+00:00, run_after=2026-06-01 00:00:00+00:00
[2026-06-01T11:51:09.536+0000] {processor.py:183} INFO - Processing /home/airflow/.local/lib/python3.12/site-packages/airflow/example_dags/example_task_group_decorator.py took 0.087 seconds
[2026-06-01T11:51:39.636+0000] {processor.py:161} INFO - Started process (PID=41379) to work on /home/airflow/.local/lib/python3.12/site-packages/airflow/example_dags/example_task_group_decorator.py
[2026-06-01T11:51:39.637+0000] {processor.py:830} INFO - Processing file /home/airflow/.local/lib/python3.12/site-packages/airflow/example_dags/example_task_group_decorator.py for tasks to queue
[2026-06-01T11:51:39.638+0000] {logging_mixin.py:188} INFO - [2026-06-01T11:51:39.638+0000] {dagbag.py:540} INFO - Filling up the DagBag from /home/airflow/.local/lib/python3.12/site-packages/airflow/example_dags/example_task_group_decorator.py
[2026-06-01T11:51:39.650+0000] {processor.py:840} INFO - DAG(s) 'example_task_group_decorator' retrieved from /home/airflow/.local/lib/python3.12/site-packages/airflow/example_dags/example_task_group_decorator.py
[2026-06-01T11:51:39.671+0000] {logging_mixin.py:188} INFO - [2026-06-01T11:51:39.671+0000] {dag.py:3096} INFO - Sync 1 DAGs
[2026-06-01T11:51:39.689+0000] {logging_mixin.py:188} INFO - [2026-06-01T11:51:39.689+0000] {dag.py:3954} INFO - Setting next_dagrun for example_task_group_decorator to 2026-05-31 00:00:00+00:00, run_after=2026-06-01 00:00:00+00:00
[2026-06-01T11:51:39.706+0000] {processor.py:183} INFO - Processing /home/airflow/.local/lib/python3.12/site-packages/airflow/example_dags/example_task_group_decorator.py took 0.075 seconds
[2026-06-01T11:52:10.197+0000] {processor.py:161} INFO - Started process (PID=41438) to work on /home/airflow/.local/lib/python3.12/site-packages/airflow/example_dags/example_task_group_decorator.py
[2026-06-01T11:52:10.198+0000] {processor.py:830} INFO - Processing file /home/airflow/.local/lib/python3.12/site-packages/airflow/example_dags/example_task_group_decorator.py for tasks to queue
[2026-06-01T11:52:10.199+0000] {logging_mixin.py:188} INFO - [2026-06-01T11:52:10.199+0000] {dagbag.py:540} INFO - Filling up the DagBag from /home/airflow/.local/lib/python3.12/site-packages/airflow/example_dags/example_task_group_decorator.py
[2026-06-01T11:52:10.210+0000] {processor.py:840} INFO - DAG(s) 'example_task_group_decorator' retrieved from /home/airflow/.local/lib/python3.12/site-packages/airflow/example_dags/example_task_group_decorator.py
[2026-06-01T11:52:10.229+0000] {logging_mixin.py:188} INFO - [2026-06-01T11:52:10.228+0000] {dag.py:3096} INFO - Sync 1 DAGs
[2026-06-01T11:52:10.247+0000] {logging_mixin.py:188} INFO - [2026-06-01T11:52:10.246+0000] {dag.py:3954} INFO - Setting next_dagrun for example_task_group_decorator to 2026-05-31 00:00:00+00:00, run_after=2026-06-01 00:00:00+00:00
[2026-06-01T11:52:10.262+0000] {processor.py:183} INFO - Processing /home/airflow/.local/lib/python3.12/site-packages/airflow/example_dags/example_task_group_decorator.py took 0.070 seconds
[2026-06-01T11:52:40.886+0000] {processor.py:161} INFO - Started process (PID=41497) to work on /home/airflow/.local/lib/python3.12/site-packages/airflow/example_dags/example_task_group_decorator.py
[2026-06-01T11:52:40.887+0000] {processor.py:830} INFO - Processing file /home/airflow/.local/lib/python3.12/site-packages/airflow/example_dags/example_task_group_decorator.py for tasks to queue
[2026-06-01T11:52:40.888+0000] {logging_mixin.py:188} INFO - [2026-06-01T11:52:40.888+0000] {dagbag.py:540} INFO - Filling up the DagBag from /home/airflow/.local/lib/python3.12/site-packages/airflow/example_dags/example_task_group_decorator.py
[2026-06-01T11:52:40.899+0000] {processor.py:840} INFO - DAG(s) 'example_task_group_decorator' retrieved from /home/airflow/.local/lib/python3.12/site-packages/airflow/example_dags/example_task_group_decorator.py
[2026-06-01T11:52:40.920+0000] {logging_mixin.py:188} INFO - [2026-06-01T11:52:40.920+0000] {dag.py:3096} INFO - Sync 1 DAGs
[2026-06-01T11:52:40.939+0000] {logging_mixin.py:188} INFO - [2026-06-01T11:52:40.939+0000] {dag.py:3954} INFO - Setting next_dagrun for example_task_group_decorator to 2026-05-31 00:00:00+00:00, run_after=2026-06-01 00:00:00+00:00
[2026-06-01T11:52:40.956+0000] {processor.py:183} INFO - Processing /home/airflow/.local/lib/python3.12/site-packages/airflow/example_dags/example_task_group_decorator.py took 0.074 seconds
[2026-06-01T11:53:11.281+0000] {processor.py:161} INFO - Started process (PID=41556) to work on /home/airflow/.local/lib/python3.12/site-packages/airflow/example_dags/example_task_group_decorator.py
[2026-06-01T11:53:11.282+0000] {processor.py:830} INFO - Processing file /home/airflow/.local/lib/python3.12/site-packages/airflow/example_dags/example_task_group_decorator.py for tasks to queue
[2026-06-01T11:53:11.284+0000] {logging_mixin.py:188} INFO - [2026-06-01T11:53:11.284+0000] {dagbag.py:540} INFO - Filling up the DagBag from /home/airflow/.local/lib/python3.12/site-packages/airflow/example_dags/example_task_group_decorator.py
[2026-06-01T11:53:11.299+0000] {processor.py:840} INFO - DAG(s) 'example_task_group_decorator' retrieved from /home/airflow/.local/lib/python3.12/site-packages/airflow/example_dags/example_task_group_decorator.py
[2026-06-01T11:53:11.322+0000] {logging_mixin.py:188} INFO - [2026-06-01T11:53:11.321+0000] {dag.py:3096} INFO - Sync 1 DAGs
[2026-06-01T11:53:11.339+0000] {logging_mixin.py:188} INFO - [2026-06-01T11:53:11.339+0000] {dag.py:3954} INFO - Setting next_dagrun for example_task_group_decorator to 2026-05-31 00:00:00+00:00, run_after=2026-06-01 00:00:00+00:00
[2026-06-01T11:53:11.357+0000] {processor.py:183} INFO - Processing /home/airflow/.local/lib/python3.12/site-packages/airflow/example_dags/example_task_group_decorator.py took 0.080 seconds
[2026-06-01T11:53:41.424+0000] {processor.py:161} INFO - Started process (PID=41615) to work on /home/airflow/.local/lib/python3.12/site-packages/airflow/example_dags/example_task_group_decorator.py
[2026-06-01T11:53:41.425+0000] {processor.py:830} INFO - Processing file /home/airflow/.local/lib/python3.12/site-packages/airflow/example_dags/example_task_group_decorator.py for tasks to queue
[2026-06-01T11:53:41.427+0000] {logging_mixin.py:188} INFO - [2026-06-01T11:53:41.427+0000] {dagbag.py:540} INFO - Filling up the DagBag from /home/airflow/.local/lib/python3.12/site-packages/airflow/example_dags/example_task_group_decorator.py
[2026-06-01T11:53:41.438+0000] {processor.py:840} INFO - DAG(s) 'example_task_group_decorator' retrieved from /home/airflow/.local/lib/python3.12/site-packages/airflow/example_dags/example_task_group_decorator.py
[2026-06-01T11:53:41.460+0000] {logging_mixin.py:188} INFO - [2026-06-01T11:53:41.459+0000] {dag.py:3096} INFO - Sync 1 DAGs
[2026-06-01T11:53:41.478+0000] {logging_mixin.py:188} INFO - [2026-06-01T11:53:41.478+0000] {dag.py:3954} INFO - Setting next_dagrun for example_task_group_decorator to 2026-05-31 00:00:00+00:00, run_after=2026-06-01 00:00:00+00:00
[2026-06-01T11:53:41.498+0000] {processor.py:183} INFO - Processing /home/airflow/.local/lib/python3.12/site-packages/airflow/example_dags/example_task_group_decorator.py took 0.079 seconds
[2026-06-01T11:54:11.843+0000] {processor.py:161} INFO - Started process (PID=41674) to work on /home/airflow/.local/lib/python3.12/site-packages/airflow/example_dags/example_task_group_decorator.py
[2026-06-01T11:54:11.845+0000] {processor.py:830} INFO - Processing file /home/airflow/.local/lib/python3.12/site-packages/airflow/example_dags/example_task_group_decorator.py for tasks to queue
[2026-06-01T11:54:11.847+0000] {logging_mixin.py:188} INFO - [2026-06-01T11:54:11.846+0000] {dagbag.py:540} INFO - Filling up the DagBag from /home/airflow/.local/lib/python3.12/site-packages/airflow/example_dags/example_task_group_decorator.py
[2026-06-01T11:54:11.858+0000] {processor.py:840} INFO - DAG(s) 'example_task_group_decorator' retrieved from /home/airflow/.local/lib/python3.12/site-packages/airflow/example_dags/example_task_group_decorator.py
[2026-06-01T11:54:11.883+0000] {logging_mixin.py:188} INFO - [2026-06-01T11:54:11.883+0000] {dag.py:3096} INFO - Sync 1 DAGs
[2026-06-01T11:54:11.905+0000] {logging_mixin.py:188} INFO - [2026-06-01T11:54:11.904+0000] {dag.py:3954} INFO - Setting next_dagrun for example_task_group_decorator to 2026-05-31 00:00:00+00:00, run_after=2026-06-01 00:00:00+00:00
[2026-06-01T11:54:11.924+0000] {processor.py:183} INFO - Processing /home/airflow/.local/lib/python3.12/site-packages/airflow/example_dags/example_task_group_decorator.py took 0.086 seconds
[2026-06-01T11:54:42.156+0000] {processor.py:161} INFO - Started process (PID=41733) to work on /home/airflow/.local/lib/python3.12/site-packages/airflow/example_dags/example_task_group_decorator.py
[2026-06-01T11:54:42.158+0000] {processor.py:830} INFO - Processing file /home/airflow/.local/lib/python3.12/site-packages/airflow/example_dags/example_task_group_decorator.py for tasks to queue
[2026-06-01T11:54:42.159+0000] {logging_mixin.py:188} INFO - [2026-06-01T11:54:42.159+0000] {dagbag.py:540} INFO - Filling up the DagBag from /home/airflow/.local/lib/python3.12/site-packages/airflow/example_dags/example_task_group_decorator.py
[2026-06-01T11:54:42.172+0000] {processor.py:840} INFO - DAG(s) 'example_task_group_decorator' retrieved from /home/airflow/.local/lib/python3.12/site-packages/airflow/example_dags/example_task_group_decorator.py
[2026-06-01T11:54:42.197+0000] {logging_mixin.py:188} INFO - [2026-06-01T11:54:42.197+0000] {dag.py:3096} INFO - Sync 1 DAGs
[2026-06-01T11:54:42.222+0000] {logging_mixin.py:188} INFO - [2026-06-01T11:54:42.221+0000] {dag.py:3954} INFO - Setting next_dagrun for example_task_group_decorator to 2026-05-31 00:00:00+00:00, run_after=2026-06-01 00:00:00+00:00
[2026-06-01T11:54:42.242+0000] {processor.py:183} INFO - Processing /home/airflow/.local/lib/python3.12/site-packages/airflow/example_dags/example_task_group_decorator.py took 0.090 seconds
[2026-06-01T11:55:12.691+0000] {processor.py:161} INFO - Started process (PID=41792) to work on /home/airflow/.local/lib/python3.12/site-packages/airflow/example_dags/example_task_group_decorator.py
[2026-06-01T11:55:12.692+0000] {processor.py:830} INFO - Processing file /home/airflow/.local/lib/python3.12/site-packages/airflow/example_dags/example_task_group_decorator.py for tasks to queue
[2026-06-01T11:55:12.693+0000] {logging_mixin.py:188} INFO - [2026-06-01T11:55:12.693+0000] {dagbag.py:540} INFO - Filling up the DagBag from /home/airflow/.local/lib/python3.12/site-packages/airflow/example_dags/example_task_group_decorator.py
[2026-06-01T11:55:12.704+0000] {processor.py:840} INFO - DAG(s) 'example_task_group_decorator' retrieved from /home/airflow/.local/lib/python3.12/site-packages/airflow/example_dags/example_task_group_decorator.py
[2026-06-01T11:55:12.724+0000] {logging_mixin.py:188} INFO - [2026-06-01T11:55:12.724+0000] {dag.py:3096} INFO - Sync 1 DAGs
[2026-06-01T11:55:12.743+0000] {logging_mixin.py:188} INFO - [2026-06-01T11:55:12.742+0000] {dag.py:3954} INFO - Setting next_dagrun for example_task_group_decorator to 2026-05-31 00:00:00+00:00, run_after=2026-06-01 00:00:00+00:00
[2026-06-01T11:55:12.762+0000] {processor.py:183} INFO - Processing /home/airflow/.local/lib/python3.12/site-packages/airflow/example_dags/example_task_group_decorator.py took 0.077 seconds
[2026-06-01T11:55:42.832+0000] {processor.py:161} INFO - Started process (PID=41851) to work on /home/airflow/.local/lib/python3.12/site-packages/airflow/example_dags/example_task_group_decorator.py
[2026-06-01T11:55:42.833+0000] {processor.py:830} INFO - Processing file /home/airflow/.local/lib/python3.12/site-packages/airflow/example_dags/example_task_group_decorator.py for tasks to queue
[2026-06-01T11:55:42.835+0000] {logging_mixin.py:188} INFO - [2026-06-01T11:55:42.835+0000] {dagbag.py:540} INFO - Filling up the DagBag from /home/airflow/.local/lib/python3.12/site-packages/airflow/example_dags/example_task_group_decorator.py
[2026-06-01T11:55:42.848+0000] {processor.py:840} INFO - DAG(s) 'example_task_group_decorator' retrieved from /home/airflow/.local/lib/python3.12/site-packages/airflow/example_dags/example_task_group_decorator.py
[2026-06-01T11:55:42.873+0000] {logging_mixin.py:188} INFO - [2026-06-01T11:55:42.873+0000] {dag.py:3096} INFO - Sync 1 DAGs
[2026-06-01T11:55:42.894+0000] {logging_mixin.py:188} INFO - [2026-06-01T11:55:42.894+0000] {dag.py:3954} INFO - Setting next_dagrun for example_task_group_decorator to 2026-05-31 00:00:00+00:00, run_after=2026-06-01 00:00:00+00:00
[2026-06-01T11:55:42.921+0000] {processor.py:183} INFO - Processing /home/airflow/.local/lib/python3.12/site-packages/airflow/example_dags/example_task_group_decorator.py took 0.096 seconds
[2026-06-01T11:56:13.001+0000] {processor.py:161} INFO - Started process (PID=41910) to work on /home/airflow/.local/lib/python3.12/site-packages/airflow/example_dags/example_task_group_decorator.py
[2026-06-01T11:56:13.002+0000] {processor.py:830} INFO - Processing file /home/airflow/.local/lib/python3.12/site-packages/airflow/example_dags/example_task_group_decorator.py for tasks to queue
[2026-06-01T11:56:13.004+0000] {logging_mixin.py:188} INFO - [2026-06-01T11:56:13.004+0000] {dagbag.py:540} INFO - Filling up the DagBag from /home/airflow/.local/lib/python3.12/site-packages/airflow/example_dags/example_task_group_decorator.py
[2026-06-01T11:56:13.015+0000] {processor.py:840} INFO - DAG(s) 'example_task_group_decorator' retrieved from /home/airflow/.local/lib/python3.12/site-packages/airflow/example_dags/example_task_group_decorator.py
[2026-06-01T11:56:13.040+0000] {logging_mixin.py:188} INFO - [2026-06-01T11:56:13.039+0000] {dag.py:3096} INFO - Sync 1 DAGs
[2026-06-01T11:56:13.059+0000] {logging_mixin.py:188} INFO - [2026-06-01T11:56:13.059+0000] {dag.py:3954} INFO - Setting next_dagrun for example_task_group_decorator to 2026-05-31 00:00:00+00:00, run_after=2026-06-01 00:00:00+00:00
[2026-06-01T11:56:13.077+0000] {processor.py:183} INFO - Processing /home/airflow/.local/lib/python3.12/site-packages/airflow/example_dags/example_task_group_decorator.py took 0.080 seconds
[2026-06-01T11:56:43.728+0000] {processor.py:161} INFO - Started process (PID=41969) to work on /home/airflow/.local/lib/python3.12/site-packages/airflow/example_dags/example_task_group_decorator.py
[2026-06-01T11:56:43.729+0000] {processor.py:830} INFO - Processing file /home/airflow/.local/lib/python3.12/site-packages/airflow/example_dags/example_task_group_decorator.py for tasks to queue
[2026-06-01T11:56:43.731+0000] {logging_mixin.py:188} INFO - [2026-06-01T11:56:43.731+0000] {dagbag.py:540} INFO - Filling up the DagBag from /home/airflow/.local/lib/python3.12/site-packages/airflow/example_dags/example_task_group_decorator.py
[2026-06-01T11:56:43.742+0000] {processor.py:840} INFO - DAG(s) 'example_task_group_decorator' retrieved from /home/airflow/.local/lib/python3.12/site-packages/airflow/example_dags/example_task_group_decorator.py
[2026-06-01T11:56:43.763+0000] {logging_mixin.py:188} INFO - [2026-06-01T11:56:43.763+0000] {dag.py:3096} INFO - Sync 1 DAGs
[2026-06-01T11:56:43.781+0000] {logging_mixin.py:188} INFO - [2026-06-01T11:56:43.781+0000] {dag.py:3954} INFO - Setting next_dagrun for example_task_group_decorator to 2026-05-31 00:00:00+00:00, run_after=2026-06-01 00:00:00+00:00
[2026-06-01T11:56:43.805+0000] {processor.py:183} INFO - Processing /home/airflow/.local/lib/python3.12/site-packages/airflow/example_dags/example_task_group_decorator.py took 0.083 seconds
[2026-06-01T11:57:14.514+0000] {processor.py:161} INFO - Started process (PID=42028) to work on /home/airflow/.local/lib/python3.12/site-packages/airflow/example_dags/example_task_group_decorator.py
[2026-06-01T11:57:14.516+0000] {processor.py:830} INFO - Processing file /home/airflow/.local/lib/python3.12/site-packages/airflow/example_dags/example_task_group_decorator.py for tasks to queue
[2026-06-01T11:57:14.518+0000] {logging_mixin.py:188} INFO - [2026-06-01T11:57:14.518+0000] {dagbag.py:540} INFO - Filling up the DagBag from /home/airflow/.local/lib/python3.12/site-packages/airflow/example_dags/example_task_group_decorator.py
[2026-06-01T11:57:14.682+0000] {processor.py:840} INFO - DAG(s) 'example_task_group_decorator' retrieved from /home/airflow/.local/lib/python3.12/site-packages/airflow/example_dags/example_task_group_decorator.py
[2026-06-01T11:57:14.701+0000] {logging_mixin.py:188} INFO - [2026-06-01T11:57:14.701+0000] {dag.py:3096} INFO - Sync 1 DAGs
[2026-06-01T11:57:14.718+0000] {logging_mixin.py:188} INFO - [2026-06-01T11:57:14.717+0000] {dag.py:3954} INFO - Setting next_dagrun for example_task_group_decorator to 2026-05-31 00:00:00+00:00, run_after=2026-06-01 00:00:00+00:00
[2026-06-01T11:57:14.734+0000] {processor.py:183} INFO - Processing /home/airflow/.local/lib/python3.12/site-packages/airflow/example_dags/example_task_group_decorator.py took 0.225 seconds
[2026-06-01T11:57:45.433+0000] {processor.py:161} INFO - Started process (PID=42087) to work on /home/airflow/.local/lib/python3.12/site-packages/airflow/example_dags/example_task_group_decorator.py
[2026-06-01T11:57:45.434+0000] {processor.py:830} INFO - Processing file /home/airflow/.local/lib/python3.12/site-packages/airflow/example_dags/example_task_group_decorator.py for tasks to queue
[2026-06-01T11:57:45.436+0000] {logging_mixin.py:188} INFO - [2026-06-01T11:57:45.436+0000] {dagbag.py:540} INFO - Filling up the DagBag from /home/airflow/.local/lib/python3.12/site-packages/airflow/example_dags/example_task_group_decorator.py
[2026-06-01T11:57:45.447+0000] {processor.py:840} INFO - DAG(s) 'example_task_group_decorator' retrieved from /home/airflow/.local/lib/python3.12/site-packages/airflow/example_dags/example_task_group_decorator.py
[2026-06-01T11:57:45.466+0000] {logging_mixin.py:188} INFO - [2026-06-01T11:57:45.465+0000] {dag.py:3096} INFO - Sync 1 DAGs
[2026-06-01T11:57:45.483+0000] {logging_mixin.py:188} INFO - [2026-06-01T11:57:45.483+0000] {dag.py:3954} INFO - Setting next_dagrun for example_task_group_decorator to 2026-05-31 00:00:00+00:00, run_after=2026-06-01 00:00:00+00:00
[2026-06-01T11:57:45.501+0000] {processor.py:183} INFO - Processing /home/airflow/.local/lib/python3.12/site-packages/airflow/example_dags/example_task_group_decorator.py took 0.074 seconds
[2026-06-01T11:58:16.385+0000] {processor.py:161} INFO - Started process (PID=42146) to work on /home/airflow/.local/lib/python3.12/site-packages/airflow/example_dags/example_task_group_decorator.py
[2026-06-01T11:58:16.387+0000] {processor.py:830} INFO - Processing file /home/airflow/.local/lib/python3.12/site-packages/airflow/example_dags/example_task_group_decorator.py for tasks to queue
[2026-06-01T11:58:16.389+0000] {logging_mixin.py:188} INFO - [2026-06-01T11:58:16.389+0000] {dagbag.py:540} INFO - Filling up the DagBag from /home/airflow/.local/lib/python3.12/site-packages/airflow/example_dags/example_task_group_decorator.py
[2026-06-01T11:58:16.401+0000] {processor.py:840} INFO - DAG(s) 'example_task_group_decorator' retrieved from /home/airflow/.local/lib/python3.12/site-packages/airflow/example_dags/example_task_group_decorator.py
[2026-06-01T11:58:16.427+0000] {logging_mixin.py:188} INFO - [2026-06-01T11:58:16.427+0000] {dag.py:3096} INFO - Sync 1 DAGs
[2026-06-01T11:58:16.448+0000] {logging_mixin.py:188} INFO - [2026-06-01T11:58:16.447+0000] {dag.py:3954} INFO - Setting next_dagrun for example_task_group_decorator to 2026-05-31 00:00:00+00:00, run_after=2026-06-01 00:00:00+00:00
[2026-06-01T11:58:16.468+0000] {processor.py:183} INFO - Processing /home/airflow/.local/lib/python3.12/site-packages/airflow/example_dags/example_task_group_decorator.py took 0.089 seconds
[2026-06-01T11:58:47.662+0000] {processor.py:161} INFO - Started process (PID=42205) to work on /home/airflow/.local/lib/python3.12/site-packages/airflow/example_dags/example_task_group_decorator.py
[2026-06-01T11:58:47.664+0000] {processor.py:830} INFO - Processing file /home/airflow/.local/lib/python3.12/site-packages/airflow/example_dags/example_task_group_decorator.py for tasks to queue
[2026-06-01T11:58:47.668+0000] {logging_mixin.py:188} INFO - [2026-06-01T11:58:47.667+0000] {dagbag.py:540} INFO - Filling up the DagBag from /home/airflow/.local/lib/python3.12/site-packages/airflow/example_dags/example_task_group_decorator.py
[2026-06-01T11:58:47.688+0000] {processor.py:840} INFO - DAG(s) 'example_task_group_decorator' retrieved from /home/airflow/.local/lib/python3.12/site-packages/airflow/example_dags/example_task_group_decorator.py
[2026-06-01T11:58:47.709+0000] {logging_mixin.py:188} INFO - [2026-06-01T11:58:47.709+0000] {dag.py:3096} INFO - Sync 1 DAGs
[2026-06-01T11:58:47.729+0000] {logging_mixin.py:188} INFO - [2026-06-01T11:58:47.729+0000] {dag.py:3954} INFO - Setting next_dagrun for example_task_group_decorator to 2026-05-31 00:00:00+00:00, run_after=2026-06-01 00:00:00+00:00
[2026-06-01T11:58:47.745+0000] {processor.py:183} INFO - Processing /home/airflow/.local/lib/python3.12/site-packages/airflow/example_dags/example_task_group_decorator.py took 0.093 seconds
[2026-06-01T11:59:18.589+0000] {processor.py:161} INFO - Started process (PID=42264) to work on /home/airflow/.local/lib/python3.12/site-packages/airflow/example_dags/example_task_group_decorator.py
[2026-06-01T11:59:18.590+0000] {processor.py:830} INFO - Processing file /home/airflow/.local/lib/python3.12/site-packages/airflow/example_dags/example_task_group_decorator.py for tasks to queue
[2026-06-01T11:59:18.592+0000] {logging_mixin.py:188} INFO - [2026-06-01T11:59:18.592+0000] {dagbag.py:540} INFO - Filling up the DagBag from /home/airflow/.local/lib/python3.12/site-packages/airflow/example_dags/example_task_group_decorator.py
[2026-06-01T11:59:18.606+0000] {processor.py:840} INFO - DAG(s) 'example_task_group_decorator' retrieved from /home/airflow/.local/lib/python3.12/site-packages/airflow/example_dags/example_task_group_decorator.py
[2026-06-01T11:59:18.627+0000] {logging_mixin.py:188} INFO - [2026-06-01T11:59:18.627+0000] {dag.py:3096} INFO - Sync 1 DAGs
[2026-06-01T11:59:18.645+0000] {logging_mixin.py:188} INFO - [2026-06-01T11:59:18.645+0000] {dag.py:3954} INFO - Setting next_dagrun for example_task_group_decorator to 2026-05-31 00:00:00+00:00, run_after=2026-06-01 00:00:00+00:00
[2026-06-01T11:59:18.661+0000] {processor.py:183} INFO - Processing /home/airflow/.local/lib/python3.12/site-packages/airflow/example_dags/example_task_group_decorator.py took 0.080 seconds
[2026-06-01T11:59:49.264+0000] {processor.py:161} INFO - Started process (PID=42323) to work on /home/airflow/.local/lib/python3.12/site-packages/airflow/example_dags/example_task_group_decorator.py
[2026-06-01T11:59:49.265+0000] {processor.py:830} INFO - Processing file /home/airflow/.local/lib/python3.12/site-packages/airflow/example_dags/example_task_group_decorator.py for tasks to queue
[2026-06-01T11:59:49.267+0000] {logging_mixin.py:188} INFO - [2026-06-01T11:59:49.267+0000] {dagbag.py:540} INFO - Filling up the DagBag from /home/airflow/.local/lib/python3.12/site-packages/airflow/example_dags/example_task_group_decorator.py
[2026-06-01T11:59:49.278+0000] {processor.py:840} INFO - DAG(s) 'example_task_group_decorator' retrieved from /home/airflow/.local/lib/python3.12/site-packages/airflow/example_dags/example_task_group_decorator.py
[2026-06-01T11:59:49.299+0000] {logging_mixin.py:188} INFO - [2026-06-01T11:59:49.299+0000] {dag.py:3096} INFO - Sync 1 DAGs
[2026-06-01T11:59:49.319+0000] {logging_mixin.py:188} INFO - [2026-06-01T11:59:49.318+0000] {dag.py:3954} INFO - Setting next_dagrun for example_task_group_decorator to 2026-05-31 00:00:00+00:00, run_after=2026-06-01 00:00:00+00:00
[2026-06-01T11:59:49.341+0000] {processor.py:183} INFO - Processing /home/airflow/.local/lib/python3.12/site-packages/airflow/example_dags/example_task_group_decorator.py took 0.083 seconds
[2026-06-01T12:00:19.479+0000] {processor.py:161} INFO - Started process (PID=42382) to work on /home/airflow/.local/lib/python3.12/site-packages/airflow/example_dags/example_task_group_decorator.py
[2026-06-01T12:00:19.480+0000] {processor.py:830} INFO - Processing file /home/airflow/.local/lib/python3.12/site-packages/airflow/example_dags/example_task_group_decorator.py for tasks to queue
[2026-06-01T12:00:19.481+0000] {logging_mixin.py:188} INFO - [2026-06-01T12:00:19.481+0000] {dagbag.py:540} INFO - Filling up the DagBag from /home/airflow/.local/lib/python3.12/site-packages/airflow/example_dags/example_task_group_decorator.py
[2026-06-01T12:00:19.494+0000] {processor.py:840} INFO - DAG(s) 'example_task_group_decorator' retrieved from /home/airflow/.local/lib/python3.12/site-packages/airflow/example_dags/example_task_group_decorator.py
[2026-06-01T12:00:19.517+0000] {logging_mixin.py:188} INFO - [2026-06-01T12:00:19.517+0000] {dag.py:3096} INFO - Sync 1 DAGs
[2026-06-01T12:00:19.538+0000] {logging_mixin.py:188} INFO - [2026-06-01T12:00:19.538+0000] {dag.py:3954} INFO - Setting next_dagrun for example_task_group_decorator to 2026-05-31 00:00:00+00:00, run_after=2026-06-01 00:00:00+00:00
[2026-06-01T12:00:19.557+0000] {processor.py:183} INFO - Processing /home/airflow/.local/lib/python3.12/site-packages/airflow/example_dags/example_task_group_decorator.py took 0.085 seconds
[2026-06-01T12:00:49.734+0000] {processor.py:161} INFO - Started process (PID=42441) to work on /home/airflow/.local/lib/python3.12/site-packages/airflow/example_dags/example_task_group_decorator.py
[2026-06-01T12:00:49.736+0000] {processor.py:830} INFO - Processing file /home/airflow/.local/lib/python3.12/site-packages/airflow/example_dags/example_task_group_decorator.py for tasks to queue
[2026-06-01T12:00:49.739+0000] {logging_mixin.py:188} INFO - [2026-06-01T12:00:49.739+0000] {dagbag.py:540} INFO - Filling up the DagBag from /home/airflow/.local/lib/python3.12/site-packages/airflow/example_dags/example_task_group_decorator.py
[2026-06-01T12:00:49.763+0000] {processor.py:840} INFO - DAG(s) 'example_task_group_decorator' retrieved from /home/airflow/.local/lib/python3.12/site-packages/airflow/example_dags/example_task_group_decorator.py
[2026-06-01T12:00:49.791+0000] {logging_mixin.py:188} INFO - [2026-06-01T12:00:49.791+0000] {dag.py:3096} INFO - Sync 1 DAGs
[2026-06-01T12:00:49.820+0000] {logging_mixin.py:188} INFO - [2026-06-01T12:00:49.819+0000] {dag.py:3954} INFO - Setting next_dagrun for example_task_group_decorator to 2026-05-31 00:00:00+00:00, run_after=2026-06-01 00:00:00+00:00
[2026-06-01T12:00:49.847+0000] {processor.py:183} INFO - Processing /home/airflow/.local/lib/python3.12/site-packages/airflow/example_dags/example_task_group_decorator.py took 0.121 seconds
[2026-06-01T12:01:19.950+0000] {processor.py:161} INFO - Started process (PID=42500) to work on /home/airflow/.local/lib/python3.12/site-packages/airflow/example_dags/example_task_group_decorator.py
[2026-06-01T12:01:19.951+0000] {processor.py:830} INFO - Processing file /home/airflow/.local/lib/python3.12/site-packages/airflow/example_dags/example_task_group_decorator.py for tasks to queue
[2026-06-01T12:01:19.953+0000] {logging_mixin.py:188} INFO - [2026-06-01T12:01:19.953+0000] {dagbag.py:540} INFO - Filling up the DagBag from /home/airflow/.local/lib/python3.12/site-packages/airflow/example_dags/example_task_group_decorator.py
[2026-06-01T12:01:19.964+0000] {processor.py:840} INFO - DAG(s) 'example_task_group_decorator' retrieved from /home/airflow/.local/lib/python3.12/site-packages/airflow/example_dags/example_task_group_decorator.py
[2026-06-01T12:01:19.985+0000] {logging_mixin.py:188} INFO - [2026-06-01T12:01:19.985+0000] {dag.py:3096} INFO - Sync 1 DAGs
[2026-06-01T12:01:20.004+0000] {logging_mixin.py:188} INFO - [2026-06-01T12:01:20.004+0000] {dag.py:3954} INFO - Setting next_dagrun for example_task_group_decorator to 2026-05-31 00:00:00+00:00, run_after=2026-06-01 00:00:00+00:00
[2026-06-01T12:01:20.021+0000] {processor.py:183} INFO - Processing /home/airflow/.local/lib/python3.12/site-packages/airflow/example_dags/example_task_group_decorator.py took 0.076 seconds
[2026-06-01T12:01:50.693+0000] {processor.py:161} INFO - Started process (PID=42559) to work on /home/airflow/.local/lib/python3.12/site-packages/airflow/example_dags/example_task_group_decorator.py
[2026-06-01T12:01:50.694+0000] {processor.py:830} INFO - Processing file /home/airflow/.local/lib/python3.12/site-packages/airflow/example_dags/example_task_group_decorator.py for tasks to queue
[2026-06-01T12:01:50.696+0000] {logging_mixin.py:188} INFO - [2026-06-01T12:01:50.696+0000] {dagbag.py:540} INFO - Filling up the DagBag from /home/airflow/.local/lib/python3.12/site-packages/airflow/example_dags/example_task_group_decorator.py
[2026-06-01T12:01:50.706+0000] {processor.py:840} INFO - DAG(s) 'example_task_group_decorator' retrieved from /home/airflow/.local/lib/python3.12/site-packages/airflow/example_dags/example_task_group_decorator.py
[2026-06-01T12:01:50.727+0000] {logging_mixin.py:188} INFO - [2026-06-01T12:01:50.727+0000] {dag.py:3096} INFO - Sync 1 DAGs
[2026-06-01T12:01:50.744+0000] {logging_mixin.py:188} INFO - [2026-06-01T12:01:50.744+0000] {dag.py:3954} INFO - Setting next_dagrun for example_task_group_decorator to 2026-05-31 00:00:00+00:00, run_after=2026-06-01 00:00:00+00:00
[2026-06-01T12:01:50.759+0000] {processor.py:183} INFO - Processing /home/airflow/.local/lib/python3.12/site-packages/airflow/example_dags/example_task_group_decorator.py took 0.071 seconds
[2026-06-01T12:02:21.330+0000] {processor.py:161} INFO - Started process (PID=42618) to work on /home/airflow/.local/lib/python3.12/site-packages/airflow/example_dags/example_task_group_decorator.py
[2026-06-01T12:02:21.332+0000] {processor.py:830} INFO - Processing file /home/airflow/.local/lib/python3.12/site-packages/airflow/example_dags/example_task_group_decorator.py for tasks to queue
[2026-06-01T12:02:21.335+0000] {logging_mixin.py:188} INFO - [2026-06-01T12:02:21.334+0000] {dagbag.py:540} INFO - Filling up the DagBag from /home/airflow/.local/lib/python3.12/site-packages/airflow/example_dags/example_task_group_decorator.py
[2026-06-01T12:02:21.353+0000] {processor.py:840} INFO - DAG(s) 'example_task_group_decorator' retrieved from /home/airflow/.local/lib/python3.12/site-packages/airflow/example_dags/example_task_group_decorator.py
[2026-06-01T12:02:21.381+0000] {logging_mixin.py:188} INFO - [2026-06-01T12:02:21.381+0000] {dag.py:3096} INFO - Sync 1 DAGs
[2026-06-01T12:02:21.405+0000] {logging_mixin.py:188} INFO - [2026-06-01T12:02:21.405+0000] {dag.py:3954} INFO - Setting next_dagrun for example_task_group_decorator to 2026-05-31 00:00:00+00:00, run_after=2026-06-01 00:00:00+00:00
[2026-06-01T12:02:21.438+0000] {processor.py:183} INFO - Processing /home/airflow/.local/lib/python3.12/site-packages/airflow/example_dags/example_task_group_decorator.py took 0.117 seconds
[2026-06-01T12:02:51.608+0000] {processor.py:161} INFO - Started process (PID=42683) to work on /home/airflow/.local/lib/python3.12/site-packages/airflow/example_dags/example_task_group_decorator.py
[2026-06-01T12:02:51.609+0000] {processor.py:830} INFO - Processing file /home/airflow/.local/lib/python3.12/site-packages/airflow/example_dags/example_task_group_decorator.py for tasks to queue
[2026-06-01T12:02:51.611+0000] {logging_mixin.py:188} INFO - [2026-06-01T12:02:51.610+0000] {dagbag.py:540} INFO - Filling up the DagBag from /home/airflow/.local/lib/python3.12/site-packages/airflow/example_dags/example_task_group_decorator.py
[2026-06-01T12:02:51.622+0000] {processor.py:840} INFO - DAG(s) 'example_task_group_decorator' retrieved from /home/airflow/.local/lib/python3.12/site-packages/airflow/example_dags/example_task_group_decorator.py
[2026-06-01T12:02:51.645+0000] {logging_mixin.py:188} INFO - [2026-06-01T12:02:51.645+0000] {dag.py:3096} INFO - Sync 1 DAGs
[2026-06-01T12:02:51.665+0000] {logging_mixin.py:188} INFO - [2026-06-01T12:02:51.665+0000] {dag.py:3954} INFO - Setting next_dagrun for example_task_group_decorator to 2026-05-31 00:00:00+00:00, run_after=2026-06-01 00:00:00+00:00
[2026-06-01T12:02:51.685+0000] {processor.py:183} INFO - Processing /home/airflow/.local/lib/python3.12/site-packages/airflow/example_dags/example_task_group_decorator.py took 0.083 seconds
[2026-06-01T12:03:21.759+0000] {processor.py:161} INFO - Started process (PID=42742) to work on /home/airflow/.local/lib/python3.12/site-packages/airflow/example_dags/example_task_group_decorator.py
[2026-06-01T12:03:21.761+0000] {processor.py:830} INFO - Processing file /home/airflow/.local/lib/python3.12/site-packages/airflow/example_dags/example_task_group_decorator.py for tasks to queue
[2026-06-01T12:03:21.764+0000] {logging_mixin.py:188} INFO - [2026-06-01T12:03:21.763+0000] {dagbag.py:540} INFO - Filling up the DagBag from /home/airflow/.local/lib/python3.12/site-packages/airflow/example_dags/example_task_group_decorator.py
[2026-06-01T12:03:21.782+0000] {processor.py:840} INFO - DAG(s) 'example_task_group_decorator' retrieved from /home/airflow/.local/lib/python3.12/site-packages/airflow/example_dags/example_task_group_decorator.py
[2026-06-01T12:03:21.815+0000] {logging_mixin.py:188} INFO - [2026-06-01T12:03:21.815+0000] {dag.py:3096} INFO - Sync 1 DAGs
[2026-06-01T12:03:21.843+0000] {logging_mixin.py:188} INFO - [2026-06-01T12:03:21.843+0000] {dag.py:3954} INFO - Setting next_dagrun for example_task_group_decorator to 2026-05-31 00:00:00+00:00, run_after=2026-06-01 00:00:00+00:00
[2026-06-01T12:03:21.879+0000] {processor.py:183} INFO - Processing /home/airflow/.local/lib/python3.12/site-packages/airflow/example_dags/example_task_group_decorator.py took 0.128 seconds
[2026-06-01T12:03:52.147+0000] {processor.py:161} INFO - Started process (PID=42801) to work on /home/airflow/.local/lib/python3.12/site-packages/airflow/example_dags/example_task_group_decorator.py
[2026-06-01T12:03:52.148+0000] {processor.py:830} INFO - Processing file /home/airflow/.local/lib/python3.12/site-packages/airflow/example_dags/example_task_group_decorator.py for tasks to queue
[2026-06-01T12:03:52.151+0000] {logging_mixin.py:188} INFO - [2026-06-01T12:03:52.150+0000] {dagbag.py:540} INFO - Filling up the DagBag from /home/airflow/.local/lib/python3.12/site-packages/airflow/example_dags/example_task_group_decorator.py
[2026-06-01T12:03:52.165+0000] {processor.py:840} INFO - DAG(s) 'example_task_group_decorator' retrieved from /home/airflow/.local/lib/python3.12/site-packages/airflow/example_dags/example_task_group_decorator.py
[2026-06-01T12:03:52.190+0000] {logging_mixin.py:188} INFO - [2026-06-01T12:03:52.190+0000] {dag.py:3096} INFO - Sync 1 DAGs
[2026-06-01T12:03:52.213+0000] {logging_mixin.py:188} INFO - [2026-06-01T12:03:52.213+0000] {dag.py:3954} INFO - Setting next_dagrun for example_task_group_decorator to 2026-05-31 00:00:00+00:00, run_after=2026-06-01 00:00:00+00:00
[2026-06-01T12:03:52.233+0000] {processor.py:183} INFO - Processing /home/airflow/.local/lib/python3.12/site-packages/airflow/example_dags/example_task_group_decorator.py took 0.093 seconds
[2026-06-01T12:04:22.335+0000] {processor.py:161} INFO - Started process (PID=42860) to work on /home/airflow/.local/lib/python3.12/site-packages/airflow/example_dags/example_task_group_decorator.py
[2026-06-01T12:04:22.336+0000] {processor.py:830} INFO - Processing file /home/airflow/.local/lib/python3.12/site-packages/airflow/example_dags/example_task_group_decorator.py for tasks to queue
[2026-06-01T12:04:22.338+0000] {logging_mixin.py:188} INFO - [2026-06-01T12:04:22.338+0000] {dagbag.py:540} INFO - Filling up the DagBag from /home/airflow/.local/lib/python3.12/site-packages/airflow/example_dags/example_task_group_decorator.py
[2026-06-01T12:04:22.349+0000] {processor.py:840} INFO - DAG(s) 'example_task_group_decorator' retrieved from /home/airflow/.local/lib/python3.12/site-packages/airflow/example_dags/example_task_group_decorator.py
[2026-06-01T12:04:22.370+0000] {logging_mixin.py:188} INFO - [2026-06-01T12:04:22.370+0000] {dag.py:3096} INFO - Sync 1 DAGs
[2026-06-01T12:04:22.390+0000] {logging_mixin.py:188} INFO - [2026-06-01T12:04:22.389+0000] {dag.py:3954} INFO - Setting next_dagrun for example_task_group_decorator to 2026-05-31 00:00:00+00:00, run_after=2026-06-01 00:00:00+00:00
[2026-06-01T12:04:22.409+0000] {processor.py:183} INFO - Processing /home/airflow/.local/lib/python3.12/site-packages/airflow/example_dags/example_task_group_decorator.py took 0.079 seconds
[2026-06-01T12:04:52.879+0000] {processor.py:161} INFO - Started process (PID=42919) to work on /home/airflow/.local/lib/python3.12/site-packages/airflow/example_dags/example_task_group_decorator.py
[2026-06-01T12:04:52.881+0000] {processor.py:830} INFO - Processing file /home/airflow/.local/lib/python3.12/site-packages/airflow/example_dags/example_task_group_decorator.py for tasks to queue
[2026-06-01T12:04:52.883+0000] {logging_mixin.py:188} INFO - [2026-06-01T12:04:52.882+0000] {dagbag.py:540} INFO - Filling up the DagBag from /home/airflow/.local/lib/python3.12/site-packages/airflow/example_dags/example_task_group_decorator.py
[2026-06-01T12:04:52.895+0000] {processor.py:840} INFO - DAG(s) 'example_task_group_decorator' retrieved from /home/airflow/.local/lib/python3.12/site-packages/airflow/example_dags/example_task_group_decorator.py
[2026-06-01T12:04:52.917+0000] {logging_mixin.py:188} INFO - [2026-06-01T12:04:52.917+0000] {dag.py:3096} INFO - Sync 1 DAGs
[2026-06-01T12:04:52.939+0000] {logging_mixin.py:188} INFO - [2026-06-01T12:04:52.939+0000] {dag.py:3954} INFO - Setting next_dagrun for example_task_group_decorator to 2026-05-31 00:00:00+00:00, run_after=2026-06-01 00:00:00+00:00
[2026-06-01T12:04:52.957+0000] {processor.py:183} INFO - Processing /home/airflow/.local/lib/python3.12/site-packages/airflow/example_dags/example_task_group_decorator.py took 0.084 seconds
[2026-06-01T12:05:23.909+0000] {processor.py:161} INFO - Started process (PID=42978) to work on /home/airflow/.local/lib/python3.12/site-packages/airflow/example_dags/example_task_group_decorator.py
[2026-06-01T12:05:23.910+0000] {processor.py:830} INFO - Processing file /home/airflow/.local/lib/python3.12/site-packages/airflow/example_dags/example_task_group_decorator.py for tasks to queue
[2026-06-01T12:05:23.912+0000] {logging_mixin.py:188} INFO - [2026-06-01T12:05:23.912+0000] {dagbag.py:540} INFO - Filling up the DagBag from /home/airflow/.local/lib/python3.12/site-packages/airflow/example_dags/example_task_group_decorator.py
[2026-06-01T12:05:23.926+0000] {processor.py:840} INFO - DAG(s) 'example_task_group_decorator' retrieved from /home/airflow/.local/lib/python3.12/site-packages/airflow/example_dags/example_task_group_decorator.py
[2026-06-01T12:05:23.947+0000] {logging_mixin.py:188} INFO - [2026-06-01T12:05:23.947+0000] {dag.py:3096} INFO - Sync 1 DAGs
[2026-06-01T12:05:23.966+0000] {logging_mixin.py:188} INFO - [2026-06-01T12:05:23.966+0000] {dag.py:3954} INFO - Setting next_dagrun for example_task_group_decorator to 2026-05-31 00:00:00+00:00, run_after=2026-06-01 00:00:00+00:00
[2026-06-01T12:05:23.986+0000] {processor.py:183} INFO - Processing /home/airflow/.local/lib/python3.12/site-packages/airflow/example_dags/example_task_group_decorator.py took 0.082 seconds
[2026-06-01T12:05:54.062+0000] {processor.py:161} INFO - Started process (PID=43038) to work on /home/airflow/.local/lib/python3.12/site-packages/airflow/example_dags/example_task_group_decorator.py
[2026-06-01T12:05:54.064+0000] {processor.py:830} INFO - Processing file /home/airflow/.local/lib/python3.12/site-packages/airflow/example_dags/example_task_group_decorator.py for tasks to queue
[2026-06-01T12:05:54.068+0000] {logging_mixin.py:188} INFO - [2026-06-01T12:05:54.067+0000] {dagbag.py:540} INFO - Filling up the DagBag from /home/airflow/.local/lib/python3.12/site-packages/airflow/example_dags/example_task_group_decorator.py
[2026-06-01T12:05:54.085+0000] {processor.py:840} INFO - DAG(s) 'example_task_group_decorator' retrieved from /home/airflow/.local/lib/python3.12/site-packages/airflow/example_dags/example_task_group_decorator.py
[2026-06-01T12:05:54.121+0000] {logging_mixin.py:188} INFO - [2026-06-01T12:05:54.121+0000] {dag.py:3096} INFO - Sync 1 DAGs
[2026-06-01T12:05:54.139+0000] {logging_mixin.py:188} INFO - [2026-06-01T12:05:54.139+0000] {dag.py:3954} INFO - Setting next_dagrun for example_task_group_decorator to 2026-05-31 00:00:00+00:00, run_after=2026-06-01 00:00:00+00:00
[2026-06-01T12:05:54.157+0000] {processor.py:183} INFO - Processing /home/airflow/.local/lib/python3.12/site-packages/airflow/example_dags/example_task_group_decorator.py took 0.105 seconds
[2026-06-01T12:06:24.272+0000] {processor.py:161} INFO - Started process (PID=43097) to work on /home/airflow/.local/lib/python3.12/site-packages/airflow/example_dags/example_task_group_decorator.py
[2026-06-01T12:06:24.273+0000] {processor.py:830} INFO - Processing file /home/airflow/.local/lib/python3.12/site-packages/airflow/example_dags/example_task_group_decorator.py for tasks to queue
[2026-06-01T12:06:24.275+0000] {logging_mixin.py:188} INFO - [2026-06-01T12:06:24.275+0000] {dagbag.py:540} INFO - Filling up the DagBag from /home/airflow/.local/lib/python3.12/site-packages/airflow/example_dags/example_task_group_decorator.py
[2026-06-01T12:06:24.291+0000] {processor.py:840} INFO - DAG(s) 'example_task_group_decorator' retrieved from /home/airflow/.local/lib/python3.12/site-packages/airflow/example_dags/example_task_group_decorator.py
[2026-06-01T12:06:24.319+0000] {logging_mixin.py:188} INFO - [2026-06-01T12:06:24.318+0000] {dag.py:3096} INFO - Sync 1 DAGs
[2026-06-01T12:06:24.342+0000] {logging_mixin.py:188} INFO - [2026-06-01T12:06:24.342+0000] {dag.py:3954} INFO - Setting next_dagrun for example_task_group_decorator to 2026-05-31 00:00:00+00:00, run_after=2026-06-01 00:00:00+00:00
[2026-06-01T12:06:24.365+0000] {processor.py:183} INFO - Processing /home/airflow/.local/lib/python3.12/site-packages/airflow/example_dags/example_task_group_decorator.py took 0.099 seconds
[2026-06-01T12:06:54.476+0000] {processor.py:161} INFO - Started process (PID=43156) to work on /home/airflow/.local/lib/python3.12/site-packages/airflow/example_dags/example_task_group_decorator.py
[2026-06-01T12:06:54.477+0000] {processor.py:830} INFO - Processing file /home/airflow/.local/lib/python3.12/site-packages/airflow/example_dags/example_task_group_decorator.py for tasks to queue
[2026-06-01T12:06:54.479+0000] {logging_mixin.py:188} INFO - [2026-06-01T12:06:54.478+0000] {dagbag.py:540} INFO - Filling up the DagBag from /home/airflow/.local/lib/python3.12/site-packages/airflow/example_dags/example_task_group_decorator.py
[2026-06-01T12:06:54.490+0000] {processor.py:840} INFO - DAG(s) 'example_task_group_decorator' retrieved from /home/airflow/.local/lib/python3.12/site-packages/airflow/example_dags/example_task_group_decorator.py
[2026-06-01T12:06:54.513+0000] {logging_mixin.py:188} INFO - [2026-06-01T12:06:54.513+0000] {dag.py:3096} INFO - Sync 1 DAGs
[2026-06-01T12:06:54.531+0000] {logging_mixin.py:188} INFO - [2026-06-01T12:06:54.531+0000] {dag.py:3954} INFO - Setting next_dagrun for example_task_group_decorator to 2026-05-31 00:00:00+00:00, run_after=2026-06-01 00:00:00+00:00
[2026-06-01T12:06:54.549+0000] {processor.py:183} INFO - Processing /home/airflow/.local/lib/python3.12/site-packages/airflow/example_dags/example_task_group_decorator.py took 0.078 seconds
[2026-06-01T12:07:24.991+0000] {processor.py:161} INFO - Started process (PID=43215) to work on /home/airflow/.local/lib/python3.12/site-packages/airflow/example_dags/example_task_group_decorator.py
[2026-06-01T12:07:24.994+0000] {processor.py:830} INFO - Processing file /home/airflow/.local/lib/python3.12/site-packages/airflow/example_dags/example_task_group_decorator.py for tasks to queue
[2026-06-01T12:07:24.998+0000] {logging_mixin.py:188} INFO - [2026-06-01T12:07:24.997+0000] {dagbag.py:540} INFO - Filling up the DagBag from /home/airflow/.local/lib/python3.12/site-packages/airflow/example_dags/example_task_group_decorator.py
[2026-06-01T12:07:25.012+0000] {processor.py:840} INFO - DAG(s) 'example_task_group_decorator' retrieved from /home/airflow/.local/lib/python3.12/site-packages/airflow/example_dags/example_task_group_decorator.py
[2026-06-01T12:07:25.049+0000] {logging_mixin.py:188} INFO - [2026-06-01T12:07:25.048+0000] {dag.py:3096} INFO - Sync 1 DAGs
[2026-06-01T12:07:25.073+0000] {logging_mixin.py:188} INFO - [2026-06-01T12:07:25.073+0000] {dag.py:3954} INFO - Setting next_dagrun for example_task_group_decorator to 2026-05-31 00:00:00+00:00, run_after=2026-06-01 00:00:00+00:00
[2026-06-01T12:07:25.099+0000] {processor.py:183} INFO - Processing /home/airflow/.local/lib/python3.12/site-packages/airflow/example_dags/example_task_group_decorator.py took 0.123 seconds
[2026-06-01T12:07:55.177+0000] {processor.py:161} INFO - Started process (PID=43274) to work on /home/airflow/.local/lib/python3.12/site-packages/airflow/example_dags/example_task_group_decorator.py
[2026-06-01T12:07:55.179+0000] {processor.py:830} INFO - Processing file /home/airflow/.local/lib/python3.12/site-packages/airflow/example_dags/example_task_group_decorator.py for tasks to queue
[2026-06-01T12:07:55.181+0000] {logging_mixin.py:188} INFO - [2026-06-01T12:07:55.180+0000] {dagbag.py:540} INFO - Filling up the DagBag from /home/airflow/.local/lib/python3.12/site-packages/airflow/example_dags/example_task_group_decorator.py
[2026-06-01T12:07:55.194+0000] {processor.py:840} INFO - DAG(s) 'example_task_group_decorator' retrieved from /home/airflow/.local/lib/python3.12/site-packages/airflow/example_dags/example_task_group_decorator.py
[2026-06-01T12:07:55.218+0000] {logging_mixin.py:188} INFO - [2026-06-01T12:07:55.218+0000] {dag.py:3096} INFO - Sync 1 DAGs
[2026-06-01T12:07:55.241+0000] {logging_mixin.py:188} INFO - [2026-06-01T12:07:55.241+0000] {dag.py:3954} INFO - Setting next_dagrun for example_task_group_decorator to 2026-05-31 00:00:00+00:00, run_after=2026-06-01 00:00:00+00:00
[2026-06-01T12:07:55.257+0000] {processor.py:183} INFO - Processing /home/airflow/.local/lib/python3.12/site-packages/airflow/example_dags/example_task_group_decorator.py took 0.088 seconds
[2026-06-01T12:08:26.102+0000] {processor.py:161} INFO - Started process (PID=43333) to work on /home/airflow/.local/lib/python3.12/site-packages/airflow/example_dags/example_task_group_decorator.py
[2026-06-01T12:08:26.103+0000] {processor.py:830} INFO - Processing file /home/airflow/.local/lib/python3.12/site-packages/airflow/example_dags/example_task_group_decorator.py for tasks to queue
[2026-06-01T12:08:26.105+0000] {logging_mixin.py:188} INFO - [2026-06-01T12:08:26.104+0000] {dagbag.py:540} INFO - Filling up the DagBag from /home/airflow/.local/lib/python3.12/site-packages/airflow/example_dags/example_task_group_decorator.py
[2026-06-01T12:08:26.115+0000] {processor.py:840} INFO - DAG(s) 'example_task_group_decorator' retrieved from /home/airflow/.local/lib/python3.12/site-packages/airflow/example_dags/example_task_group_decorator.py
[2026-06-01T12:08:26.137+0000] {logging_mixin.py:188} INFO - [2026-06-01T12:08:26.137+0000] {dag.py:3096} INFO - Sync 1 DAGs
[2026-06-01T12:08:26.158+0000] {logging_mixin.py:188} INFO - [2026-06-01T12:08:26.158+0000] {dag.py:3954} INFO - Setting next_dagrun for example_task_group_decorator to 2026-05-31 00:00:00+00:00, run_after=2026-06-01 00:00:00+00:00
[2026-06-01T12:08:26.177+0000] {processor.py:183} INFO - Processing /home/airflow/.local/lib/python3.12/site-packages/airflow/example_dags/example_task_group_decorator.py took 0.080 seconds
[2026-06-01T12:08:57.012+0000] {processor.py:161} INFO - Started process (PID=43393) to work on /home/airflow/.local/lib/python3.12/site-packages/airflow/example_dags/example_task_group_decorator.py
[2026-06-01T12:08:57.013+0000] {processor.py:830} INFO - Processing file /home/airflow/.local/lib/python3.12/site-packages/airflow/example_dags/example_task_group_decorator.py for tasks to queue
[2026-06-01T12:08:57.015+0000] {logging_mixin.py:188} INFO - [2026-06-01T12:08:57.015+0000] {dagbag.py:540} INFO - Filling up the DagBag from /home/airflow/.local/lib/python3.12/site-packages/airflow/example_dags/example_task_group_decorator.py
[2026-06-01T12:08:57.027+0000] {processor.py:840} INFO - DAG(s) 'example_task_group_decorator' retrieved from /home/airflow/.local/lib/python3.12/site-packages/airflow/example_dags/example_task_group_decorator.py
[2026-06-01T12:08:57.049+0000] {logging_mixin.py:188} INFO - [2026-06-01T12:08:57.049+0000] {dag.py:3096} INFO - Sync 1 DAGs
[2026-06-01T12:08:57.066+0000] {logging_mixin.py:188} INFO - [2026-06-01T12:08:57.066+0000] {dag.py:3954} INFO - Setting next_dagrun for example_task_group_decorator to 2026-05-31 00:00:00+00:00, run_after=2026-06-01 00:00:00+00:00
[2026-06-01T12:08:57.086+0000] {processor.py:183} INFO - Processing /home/airflow/.local/lib/python3.12/site-packages/airflow/example_dags/example_task_group_decorator.py took 0.079 seconds
[2026-06-01T12:09:27.828+0000] {processor.py:161} INFO - Started process (PID=43452) to work on /home/airflow/.local/lib/python3.12/site-packages/airflow/example_dags/example_task_group_decorator.py
[2026-06-01T12:09:27.830+0000] {processor.py:830} INFO - Processing file /home/airflow/.local/lib/python3.12/site-packages/airflow/example_dags/example_task_group_decorator.py for tasks to queue
[2026-06-01T12:09:27.831+0000] {logging_mixin.py:188} INFO - [2026-06-01T12:09:27.831+0000] {dagbag.py:540} INFO - Filling up the DagBag from /home/airflow/.local/lib/python3.12/site-packages/airflow/example_dags/example_task_group_decorator.py
[2026-06-01T12:09:27.843+0000] {processor.py:840} INFO - DAG(s) 'example_task_group_decorator' retrieved from /home/airflow/.local/lib/python3.12/site-packages/airflow/example_dags/example_task_group_decorator.py
[2026-06-01T12:09:27.863+0000] {logging_mixin.py:188} INFO - [2026-06-01T12:09:27.863+0000] {dag.py:3096} INFO - Sync 1 DAGs
[2026-06-01T12:09:27.884+0000] {logging_mixin.py:188} INFO - [2026-06-01T12:09:27.884+0000] {dag.py:3954} INFO - Setting next_dagrun for example_task_group_decorator to 2026-05-31 00:00:00+00:00, run_after=2026-06-01 00:00:00+00:00
[2026-06-01T12:09:27.901+0000] {processor.py:183} INFO - Processing /home/airflow/.local/lib/python3.12/site-packages/airflow/example_dags/example_task_group_decorator.py took 0.079 seconds
[2026-06-01T12:09:58.727+0000] {processor.py:161} INFO - Started process (PID=43511) to work on /home/airflow/.local/lib/python3.12/site-packages/airflow/example_dags/example_task_group_decorator.py
[2026-06-01T12:09:58.728+0000] {processor.py:830} INFO - Processing file /home/airflow/.local/lib/python3.12/site-packages/airflow/example_dags/example_task_group_decorator.py for tasks to queue
[2026-06-01T12:09:58.730+0000] {logging_mixin.py:188} INFO - [2026-06-01T12:09:58.730+0000] {dagbag.py:540} INFO - Filling up the DagBag from /home/airflow/.local/lib/python3.12/site-packages/airflow/example_dags/example_task_group_decorator.py
[2026-06-01T12:09:58.742+0000] {processor.py:840} INFO - DAG(s) 'example_task_group_decorator' retrieved from /home/airflow/.local/lib/python3.12/site-packages/airflow/example_dags/example_task_group_decorator.py
[2026-06-01T12:09:58.763+0000] {logging_mixin.py:188} INFO - [2026-06-01T12:09:58.762+0000] {dag.py:3096} INFO - Sync 1 DAGs
[2026-06-01T12:09:58.781+0000] {logging_mixin.py:188} INFO - [2026-06-01T12:09:58.781+0000] {dag.py:3954} INFO - Setting next_dagrun for example_task_group_decorator to 2026-05-31 00:00:00+00:00, run_after=2026-06-01 00:00:00+00:00
[2026-06-01T12:09:58.800+0000] {processor.py:183} INFO - Processing /home/airflow/.local/lib/python3.12/site-packages/airflow/example_dags/example_task_group_decorator.py took 0.078 seconds
[2026-06-01T12:10:29.365+0000] {processor.py:161} INFO - Started process (PID=43570) to work on /home/airflow/.local/lib/python3.12/site-packages/airflow/example_dags/example_task_group_decorator.py
[2026-06-01T12:10:29.367+0000] {processor.py:830} INFO - Processing file /home/airflow/.local/lib/python3.12/site-packages/airflow/example_dags/example_task_group_decorator.py for tasks to queue
[2026-06-01T12:10:29.369+0000] {logging_mixin.py:188} INFO - [2026-06-01T12:10:29.368+0000] {dagbag.py:540} INFO - Filling up the DagBag from /home/airflow/.local/lib/python3.12/site-packages/airflow/example_dags/example_task_group_decorator.py
[2026-06-01T12:10:29.380+0000] {processor.py:840} INFO - DAG(s) 'example_task_group_decorator' retrieved from /home/airflow/.local/lib/python3.12/site-packages/airflow/example_dags/example_task_group_decorator.py
[2026-06-01T12:10:29.402+0000] {logging_mixin.py:188} INFO - [2026-06-01T12:10:29.402+0000] {dag.py:3096} INFO - Sync 1 DAGs
[2026-06-01T12:10:29.422+0000] {logging_mixin.py:188} INFO - [2026-06-01T12:10:29.422+0000] {dag.py:3954} INFO - Setting next_dagrun for example_task_group_decorator to 2026-05-31 00:00:00+00:00, run_after=2026-06-01 00:00:00+00:00
[2026-06-01T12:10:29.442+0000] {processor.py:183} INFO - Processing /home/airflow/.local/lib/python3.12/site-packages/airflow/example_dags/example_task_group_decorator.py took 0.082 seconds
[2026-06-01T12:11:00.206+0000] {processor.py:161} INFO - Started process (PID=43629) to work on /home/airflow/.local/lib/python3.12/site-packages/airflow/example_dags/example_task_group_decorator.py
[2026-06-01T12:11:00.207+0000] {processor.py:830} INFO - Processing file /home/airflow/.local/lib/python3.12/site-packages/airflow/example_dags/example_task_group_decorator.py for tasks to queue
[2026-06-01T12:11:00.209+0000] {logging_mixin.py:188} INFO - [2026-06-01T12:11:00.208+0000] {dagbag.py:540} INFO - Filling up the DagBag from /home/airflow/.local/lib/python3.12/site-packages/airflow/example_dags/example_task_group_decorator.py
[2026-06-01T12:11:00.221+0000] {processor.py:840} INFO - DAG(s) 'example_task_group_decorator' retrieved from /home/airflow/.local/lib/python3.12/site-packages/airflow/example_dags/example_task_group_decorator.py
[2026-06-01T12:11:00.241+0000] {logging_mixin.py:188} INFO - [2026-06-01T12:11:00.240+0000] {dag.py:3096} INFO - Sync 1 DAGs
[2026-06-01T12:11:00.259+0000] {logging_mixin.py:188} INFO - [2026-06-01T12:11:00.258+0000] {dag.py:3954} INFO - Setting next_dagrun for example_task_group_decorator to 2026-05-31 00:00:00+00:00, run_after=2026-06-01 00:00:00+00:00
[2026-06-01T12:11:00.276+0000] {processor.py:183} INFO - Processing /home/airflow/.local/lib/python3.12/site-packages/airflow/example_dags/example_task_group_decorator.py took 0.076 seconds
[2026-06-01T12:11:30.824+0000] {processor.py:161} INFO - Started process (PID=43688) to work on /home/airflow/.local/lib/python3.12/site-packages/airflow/example_dags/example_task_group_decorator.py
[2026-06-01T12:11:30.825+0000] {processor.py:830} INFO - Processing file /home/airflow/.local/lib/python3.12/site-packages/airflow/example_dags/example_task_group_decorator.py for tasks to queue
[2026-06-01T12:11:30.827+0000] {logging_mixin.py:188} INFO - [2026-06-01T12:11:30.827+0000] {dagbag.py:540} INFO - Filling up the DagBag from /home/airflow/.local/lib/python3.12/site-packages/airflow/example_dags/example_task_group_decorator.py
[2026-06-01T12:11:30.838+0000] {processor.py:840} INFO - DAG(s) 'example_task_group_decorator' retrieved from /home/airflow/.local/lib/python3.12/site-packages/airflow/example_dags/example_task_group_decorator.py
[2026-06-01T12:11:30.859+0000] {logging_mixin.py:188} INFO - [2026-06-01T12:11:30.859+0000] {dag.py:3096} INFO - Sync 1 DAGs
[2026-06-01T12:11:30.876+0000] {logging_mixin.py:188} INFO - [2026-06-01T12:11:30.876+0000] {dag.py:3954} INFO - Setting next_dagrun for example_task_group_decorator to 2026-05-31 00:00:00+00:00, run_after=2026-06-01 00:00:00+00:00
[2026-06-01T12:11:30.892+0000] {processor.py:183} INFO - Processing /home/airflow/.local/lib/python3.12/site-packages/airflow/example_dags/example_task_group_decorator.py took 0.073 seconds
[2026-06-01T12:12:01.066+0000] {processor.py:161} INFO - Started process (PID=43749) to work on /home/airflow/.local/lib/python3.12/site-packages/airflow/example_dags/example_task_group_decorator.py
[2026-06-01T12:12:01.067+0000] {processor.py:830} INFO - Processing file /home/airflow/.local/lib/python3.12/site-packages/airflow/example_dags/example_task_group_decorator.py for tasks to queue
[2026-06-01T12:12:01.069+0000] {logging_mixin.py:188} INFO - [2026-06-01T12:12:01.069+0000] {dagbag.py:540} INFO - Filling up the DagBag from /home/airflow/.local/lib/python3.12/site-packages/airflow/example_dags/example_task_group_decorator.py
[2026-06-01T12:12:01.084+0000] {processor.py:840} INFO - DAG(s) 'example_task_group_decorator' retrieved from /home/airflow/.local/lib/python3.12/site-packages/airflow/example_dags/example_task_group_decorator.py
[2026-06-01T12:12:01.117+0000] {logging_mixin.py:188} INFO - [2026-06-01T12:12:01.117+0000] {dag.py:3096} INFO - Sync 1 DAGs
[2026-06-01T12:12:01.148+0000] {logging_mixin.py:188} INFO - [2026-06-01T12:12:01.147+0000] {dag.py:3954} INFO - Setting next_dagrun for example_task_group_decorator to 2026-05-31 00:00:00+00:00, run_after=2026-06-01 00:00:00+00:00
[2026-06-01T12:12:01.180+0000] {processor.py:183} INFO - Processing /home/airflow/.local/lib/python3.12/site-packages/airflow/example_dags/example_task_group_decorator.py took 0.120 seconds
[2026-06-01T12:12:31.314+0000] {processor.py:161} INFO - Started process (PID=43809) to work on /home/airflow/.local/lib/python3.12/site-packages/airflow/example_dags/example_task_group_decorator.py
[2026-06-01T12:12:31.315+0000] {processor.py:830} INFO - Processing file /home/airflow/.local/lib/python3.12/site-packages/airflow/example_dags/example_task_group_decorator.py for tasks to queue
[2026-06-01T12:12:31.317+0000] {logging_mixin.py:188} INFO - [2026-06-01T12:12:31.317+0000] {dagbag.py:540} INFO - Filling up the DagBag from /home/airflow/.local/lib/python3.12/site-packages/airflow/example_dags/example_task_group_decorator.py
[2026-06-01T12:12:31.328+0000] {processor.py:840} INFO - DAG(s) 'example_task_group_decorator' retrieved from /home/airflow/.local/lib/python3.12/site-packages/airflow/example_dags/example_task_group_decorator.py
[2026-06-01T12:12:31.348+0000] {logging_mixin.py:188} INFO - [2026-06-01T12:12:31.348+0000] {dag.py:3096} INFO - Sync 1 DAGs
[2026-06-01T12:12:31.367+0000] {logging_mixin.py:188} INFO - [2026-06-01T12:12:31.366+0000] {dag.py:3954} INFO - Setting next_dagrun for example_task_group_decorator to 2026-05-31 00:00:00+00:00, run_after=2026-06-01 00:00:00+00:00
[2026-06-01T12:12:31.383+0000] {processor.py:183} INFO - Processing /home/airflow/.local/lib/python3.12/site-packages/airflow/example_dags/example_task_group_decorator.py took 0.075 seconds
[2026-06-01T12:13:01.492+0000] {processor.py:161} INFO - Started process (PID=43868) to work on /home/airflow/.local/lib/python3.12/site-packages/airflow/example_dags/example_task_group_decorator.py
[2026-06-01T12:13:01.493+0000] {processor.py:830} INFO - Processing file /home/airflow/.local/lib/python3.12/site-packages/airflow/example_dags/example_task_group_decorator.py for tasks to queue
[2026-06-01T12:13:01.495+0000] {logging_mixin.py:188} INFO - [2026-06-01T12:13:01.495+0000] {dagbag.py:540} INFO - Filling up the DagBag from /home/airflow/.local/lib/python3.12/site-packages/airflow/example_dags/example_task_group_decorator.py
[2026-06-01T12:13:01.507+0000] {processor.py:840} INFO - DAG(s) 'example_task_group_decorator' retrieved from /home/airflow/.local/lib/python3.12/site-packages/airflow/example_dags/example_task_group_decorator.py
[2026-06-01T12:13:01.530+0000] {logging_mixin.py:188} INFO - [2026-06-01T12:13:01.530+0000] {dag.py:3096} INFO - Sync 1 DAGs
[2026-06-01T12:13:01.549+0000] {logging_mixin.py:188} INFO - [2026-06-01T12:13:01.549+0000] {dag.py:3954} INFO - Setting next_dagrun for example_task_group_decorator to 2026-05-31 00:00:00+00:00, run_after=2026-06-01 00:00:00+00:00
[2026-06-01T12:13:01.566+0000] {processor.py:183} INFO - Processing /home/airflow/.local/lib/python3.12/site-packages/airflow/example_dags/example_task_group_decorator.py took 0.080 seconds
[2026-06-01T12:13:31.620+0000] {processor.py:161} INFO - Started process (PID=43927) to work on /home/airflow/.local/lib/python3.12/site-packages/airflow/example_dags/example_task_group_decorator.py
[2026-06-01T12:13:31.622+0000] {processor.py:830} INFO - Processing file /home/airflow/.local/lib/python3.12/site-packages/airflow/example_dags/example_task_group_decorator.py for tasks to queue
[2026-06-01T12:13:31.623+0000] {logging_mixin.py:188} INFO - [2026-06-01T12:13:31.623+0000] {dagbag.py:540} INFO - Filling up the DagBag from /home/airflow/.local/lib/python3.12/site-packages/airflow/example_dags/example_task_group_decorator.py
[2026-06-01T12:13:31.635+0000] {processor.py:840} INFO - DAG(s) 'example_task_group_decorator' retrieved from /home/airflow/.local/lib/python3.12/site-packages/airflow/example_dags/example_task_group_decorator.py
[2026-06-01T12:13:31.656+0000] {logging_mixin.py:188} INFO - [2026-06-01T12:13:31.655+0000] {dag.py:3096} INFO - Sync 1 DAGs
[2026-06-01T12:13:31.674+0000] {logging_mixin.py:188} INFO - [2026-06-01T12:13:31.674+0000] {dag.py:3954} INFO - Setting next_dagrun for example_task_group_decorator to 2026-05-31 00:00:00+00:00, run_after=2026-06-01 00:00:00+00:00
[2026-06-01T12:13:31.690+0000] {processor.py:183} INFO - Processing /home/airflow/.local/lib/python3.12/site-packages/airflow/example_dags/example_task_group_decorator.py took 0.075 seconds
[2026-06-01T12:14:01.758+0000] {processor.py:161} INFO - Started process (PID=43986) to work on /home/airflow/.local/lib/python3.12/site-packages/airflow/example_dags/example_task_group_decorator.py
[2026-06-01T12:14:01.759+0000] {processor.py:830} INFO - Processing file /home/airflow/.local/lib/python3.12/site-packages/airflow/example_dags/example_task_group_decorator.py for tasks to queue
[2026-06-01T12:14:01.761+0000] {logging_mixin.py:188} INFO - [2026-06-01T12:14:01.761+0000] {dagbag.py:540} INFO - Filling up the DagBag from /home/airflow/.local/lib/python3.12/site-packages/airflow/example_dags/example_task_group_decorator.py
[2026-06-01T12:14:01.772+0000] {processor.py:840} INFO - DAG(s) 'example_task_group_decorator' retrieved from /home/airflow/.local/lib/python3.12/site-packages/airflow/example_dags/example_task_group_decorator.py
[2026-06-01T12:14:01.792+0000] {logging_mixin.py:188} INFO - [2026-06-01T12:14:01.792+0000] {dag.py:3096} INFO - Sync 1 DAGs
[2026-06-01T12:14:01.810+0000] {logging_mixin.py:188} INFO - [2026-06-01T12:14:01.810+0000] {dag.py:3954} INFO - Setting next_dagrun for example_task_group_decorator to 2026-05-31 00:00:00+00:00, run_after=2026-06-01 00:00:00+00:00
[2026-06-01T12:14:01.826+0000] {processor.py:183} INFO - Processing /home/airflow/.local/lib/python3.12/site-packages/airflow/example_dags/example_task_group_decorator.py took 0.074 seconds
[2026-06-01T12:14:32.473+0000] {processor.py:161} INFO - Started process (PID=44043) to work on /home/airflow/.local/lib/python3.12/site-packages/airflow/example_dags/example_task_group_decorator.py
[2026-06-01T12:14:32.475+0000] {processor.py:830} INFO - Processing file /home/airflow/.local/lib/python3.12/site-packages/airflow/example_dags/example_task_group_decorator.py for tasks to queue
[2026-06-01T12:14:32.476+0000] {logging_mixin.py:188} INFO - [2026-06-01T12:14:32.476+0000] {dagbag.py:540} INFO - Filling up the DagBag from /home/airflow/.local/lib/python3.12/site-packages/airflow/example_dags/example_task_group_decorator.py
[2026-06-01T12:14:32.490+0000] {processor.py:840} INFO - DAG(s) 'example_task_group_decorator' retrieved from /home/airflow/.local/lib/python3.12/site-packages/airflow/example_dags/example_task_group_decorator.py
[2026-06-01T12:14:32.511+0000] {logging_mixin.py:188} INFO - [2026-06-01T12:14:32.511+0000] {dag.py:3096} INFO - Sync 1 DAGs
[2026-06-01T12:14:32.530+0000] {logging_mixin.py:188} INFO - [2026-06-01T12:14:32.530+0000] {dag.py:3954} INFO - Setting next_dagrun for example_task_group_decorator to 2026-05-31 00:00:00+00:00, run_after=2026-06-01 00:00:00+00:00
[2026-06-01T12:14:32.546+0000] {processor.py:183} INFO - Processing /home/airflow/.local/lib/python3.12/site-packages/airflow/example_dags/example_task_group_decorator.py took 0.079 seconds
[2026-06-01T12:15:03.507+0000] {processor.py:161} INFO - Started process (PID=44102) to work on /home/airflow/.local/lib/python3.12/site-packages/airflow/example_dags/example_task_group_decorator.py
[2026-06-01T12:15:03.508+0000] {processor.py:830} INFO - Processing file /home/airflow/.local/lib/python3.12/site-packages/airflow/example_dags/example_task_group_decorator.py for tasks to queue
[2026-06-01T12:15:03.510+0000] {logging_mixin.py:188} INFO - [2026-06-01T12:15:03.510+0000] {dagbag.py:540} INFO - Filling up the DagBag from /home/airflow/.local/lib/python3.12/site-packages/airflow/example_dags/example_task_group_decorator.py
[2026-06-01T12:15:03.522+0000] {processor.py:840} INFO - DAG(s) 'example_task_group_decorator' retrieved from /home/airflow/.local/lib/python3.12/site-packages/airflow/example_dags/example_task_group_decorator.py
[2026-06-01T12:15:03.546+0000] {logging_mixin.py:188} INFO - [2026-06-01T12:15:03.546+0000] {dag.py:3096} INFO - Sync 1 DAGs
[2026-06-01T12:15:03.565+0000] {logging_mixin.py:188} INFO - [2026-06-01T12:15:03.565+0000] {dag.py:3954} INFO - Setting next_dagrun for example_task_group_decorator to 2026-05-31 00:00:00+00:00, run_after=2026-06-01 00:00:00+00:00
[2026-06-01T12:15:03.587+0000] {processor.py:183} INFO - Processing /home/airflow/.local/lib/python3.12/site-packages/airflow/example_dags/example_task_group_decorator.py took 0.085 seconds
[2026-06-01T12:15:34.343+0000] {processor.py:161} INFO - Started process (PID=44161) to work on /home/airflow/.local/lib/python3.12/site-packages/airflow/example_dags/example_task_group_decorator.py
[2026-06-01T12:15:34.345+0000] {processor.py:830} INFO - Processing file /home/airflow/.local/lib/python3.12/site-packages/airflow/example_dags/example_task_group_decorator.py for tasks to queue
[2026-06-01T12:15:34.347+0000] {logging_mixin.py:188} INFO - [2026-06-01T12:15:34.346+0000] {dagbag.py:540} INFO - Filling up the DagBag from /home/airflow/.local/lib/python3.12/site-packages/airflow/example_dags/example_task_group_decorator.py
[2026-06-01T12:15:34.363+0000] {processor.py:840} INFO - DAG(s) 'example_task_group_decorator' retrieved from /home/airflow/.local/lib/python3.12/site-packages/airflow/example_dags/example_task_group_decorator.py
[2026-06-01T12:15:34.390+0000] {logging_mixin.py:188} INFO - [2026-06-01T12:15:34.390+0000] {dag.py:3096} INFO - Sync 1 DAGs
[2026-06-01T12:15:34.414+0000] {logging_mixin.py:188} INFO - [2026-06-01T12:15:34.414+0000] {dag.py:3954} INFO - Setting next_dagrun for example_task_group_decorator to 2026-05-31 00:00:00+00:00, run_after=2026-06-01 00:00:00+00:00
[2026-06-01T12:15:34.436+0000] {processor.py:183} INFO - Processing /home/airflow/.local/lib/python3.12/site-packages/airflow/example_dags/example_task_group_decorator.py took 0.100 seconds
[2026-06-01T12:16:04.809+0000] {processor.py:161} INFO - Started process (PID=44220) to work on /home/airflow/.local/lib/python3.12/site-packages/airflow/example_dags/example_task_group_decorator.py
[2026-06-01T12:16:04.810+0000] {processor.py:830} INFO - Processing file /home/airflow/.local/lib/python3.12/site-packages/airflow/example_dags/example_task_group_decorator.py for tasks to queue
[2026-06-01T12:16:04.812+0000] {logging_mixin.py:188} INFO - [2026-06-01T12:16:04.812+0000] {dagbag.py:540} INFO - Filling up the DagBag from /home/airflow/.local/lib/python3.12/site-packages/airflow/example_dags/example_task_group_decorator.py
[2026-06-01T12:16:04.823+0000] {processor.py:840} INFO - DAG(s) 'example_task_group_decorator' retrieved from /home/airflow/.local/lib/python3.12/site-packages/airflow/example_dags/example_task_group_decorator.py
[2026-06-01T12:16:04.844+0000] {logging_mixin.py:188} INFO - [2026-06-01T12:16:04.844+0000] {dag.py:3096} INFO - Sync 1 DAGs
[2026-06-01T12:16:04.862+0000] {logging_mixin.py:188} INFO - [2026-06-01T12:16:04.862+0000] {dag.py:3954} INFO - Setting next_dagrun for example_task_group_decorator to 2026-05-31 00:00:00+00:00, run_after=2026-06-01 00:00:00+00:00
[2026-06-01T12:16:04.877+0000] {processor.py:183} INFO - Processing /home/airflow/.local/lib/python3.12/site-packages/airflow/example_dags/example_task_group_decorator.py took 0.074 seconds
[2026-06-01T12:16:35.092+0000] {processor.py:161} INFO - Started process (PID=44279) to work on /home/airflow/.local/lib/python3.12/site-packages/airflow/example_dags/example_task_group_decorator.py
[2026-06-01T12:16:35.093+0000] {processor.py:830} INFO - Processing file /home/airflow/.local/lib/python3.12/site-packages/airflow/example_dags/example_task_group_decorator.py for tasks to queue
[2026-06-01T12:16:35.095+0000] {logging_mixin.py:188} INFO - [2026-06-01T12:16:35.095+0000] {dagbag.py:540} INFO - Filling up the DagBag from /home/airflow/.local/lib/python3.12/site-packages/airflow/example_dags/example_task_group_decorator.py
[2026-06-01T12:16:35.107+0000] {processor.py:840} INFO - DAG(s) 'example_task_group_decorator' retrieved from /home/airflow/.local/lib/python3.12/site-packages/airflow/example_dags/example_task_group_decorator.py
[2026-06-01T12:16:35.129+0000] {logging_mixin.py:188} INFO - [2026-06-01T12:16:35.129+0000] {dag.py:3096} INFO - Sync 1 DAGs
[2026-06-01T12:16:35.149+0000] {logging_mixin.py:188} INFO - [2026-06-01T12:16:35.148+0000] {dag.py:3954} INFO - Setting next_dagrun for example_task_group_decorator to 2026-05-31 00:00:00+00:00, run_after=2026-06-01 00:00:00+00:00
[2026-06-01T12:16:35.165+0000] {processor.py:183} INFO - Processing /home/airflow/.local/lib/python3.12/site-packages/airflow/example_dags/example_task_group_decorator.py took 0.078 seconds
[2026-06-01T12:17:05.205+0000] {processor.py:161} INFO - Started process (PID=44338) to work on /home/airflow/.local/lib/python3.12/site-packages/airflow/example_dags/example_task_group_decorator.py
[2026-06-01T12:17:05.207+0000] {processor.py:830} INFO - Processing file /home/airflow/.local/lib/python3.12/site-packages/airflow/example_dags/example_task_group_decorator.py for tasks to queue
[2026-06-01T12:17:05.209+0000] {logging_mixin.py:188} INFO - [2026-06-01T12:17:05.209+0000] {dagbag.py:540} INFO - Filling up the DagBag from /home/airflow/.local/lib/python3.12/site-packages/airflow/example_dags/example_task_group_decorator.py
[2026-06-01T12:17:05.220+0000] {processor.py:840} INFO - DAG(s) 'example_task_group_decorator' retrieved from /home/airflow/.local/lib/python3.12/site-packages/airflow/example_dags/example_task_group_decorator.py
[2026-06-01T12:17:05.239+0000] {logging_mixin.py:188} INFO - [2026-06-01T12:17:05.239+0000] {dag.py:3096} INFO - Sync 1 DAGs
[2026-06-01T12:17:05.259+0000] {logging_mixin.py:188} INFO - [2026-06-01T12:17:05.259+0000] {dag.py:3954} INFO - Setting next_dagrun for example_task_group_decorator to 2026-05-31 00:00:00+00:00, run_after=2026-06-01 00:00:00+00:00
[2026-06-01T12:17:05.274+0000] {processor.py:183} INFO - Processing /home/airflow/.local/lib/python3.12/site-packages/airflow/example_dags/example_task_group_decorator.py took 0.074 seconds
[2026-06-01T12:17:35.816+0000] {processor.py:161} INFO - Started process (PID=44397) to work on /home/airflow/.local/lib/python3.12/site-packages/airflow/example_dags/example_task_group_decorator.py
[2026-06-01T12:17:35.818+0000] {processor.py:830} INFO - Processing file /home/airflow/.local/lib/python3.12/site-packages/airflow/example_dags/example_task_group_decorator.py for tasks to queue
[2026-06-01T12:17:35.820+0000] {logging_mixin.py:188} INFO - [2026-06-01T12:17:35.819+0000] {dagbag.py:540} INFO - Filling up the DagBag from /home/airflow/.local/lib/python3.12/site-packages/airflow/example_dags/example_task_group_decorator.py
[2026-06-01T12:17:35.830+0000] {processor.py:840} INFO - DAG(s) 'example_task_group_decorator' retrieved from /home/airflow/.local/lib/python3.12/site-packages/airflow/example_dags/example_task_group_decorator.py
[2026-06-01T12:17:35.849+0000] {logging_mixin.py:188} INFO - [2026-06-01T12:17:35.849+0000] {dag.py:3096} INFO - Sync 1 DAGs
[2026-06-01T12:17:35.865+0000] {logging_mixin.py:188} INFO - [2026-06-01T12:17:35.865+0000] {dag.py:3954} INFO - Setting next_dagrun for example_task_group_decorator to 2026-05-31 00:00:00+00:00, run_after=2026-06-01 00:00:00+00:00
[2026-06-01T12:17:35.881+0000] {processor.py:183} INFO - Processing /home/airflow/.local/lib/python3.12/site-packages/airflow/example_dags/example_task_group_decorator.py took 0.070 seconds
[2026-06-01T12:18:06.460+0000] {processor.py:161} INFO - Started process (PID=44456) to work on /home/airflow/.local/lib/python3.12/site-packages/airflow/example_dags/example_task_group_decorator.py
[2026-06-01T12:18:06.461+0000] {processor.py:830} INFO - Processing file /home/airflow/.local/lib/python3.12/site-packages/airflow/example_dags/example_task_group_decorator.py for tasks to queue
[2026-06-01T12:18:06.463+0000] {logging_mixin.py:188} INFO - [2026-06-01T12:18:06.462+0000] {dagbag.py:540} INFO - Filling up the DagBag from /home/airflow/.local/lib/python3.12/site-packages/airflow/example_dags/example_task_group_decorator.py
[2026-06-01T12:18:06.473+0000] {processor.py:840} INFO - DAG(s) 'example_task_group_decorator' retrieved from /home/airflow/.local/lib/python3.12/site-packages/airflow/example_dags/example_task_group_decorator.py
[2026-06-01T12:18:06.495+0000] {logging_mixin.py:188} INFO - [2026-06-01T12:18:06.494+0000] {dag.py:3096} INFO - Sync 1 DAGs
[2026-06-01T12:18:06.511+0000] {logging_mixin.py:188} INFO - [2026-06-01T12:18:06.511+0000] {dag.py:3954} INFO - Setting next_dagrun for example_task_group_decorator to 2026-05-31 00:00:00+00:00, run_after=2026-06-01 00:00:00+00:00
[2026-06-01T12:18:06.526+0000] {processor.py:183} INFO - Processing /home/airflow/.local/lib/python3.12/site-packages/airflow/example_dags/example_task_group_decorator.py took 0.072 seconds
[2026-06-01T12:18:36.685+0000] {processor.py:161} INFO - Started process (PID=44515) to work on /home/airflow/.local/lib/python3.12/site-packages/airflow/example_dags/example_task_group_decorator.py
[2026-06-01T12:18:36.686+0000] {processor.py:830} INFO - Processing file /home/airflow/.local/lib/python3.12/site-packages/airflow/example_dags/example_task_group_decorator.py for tasks to queue
[2026-06-01T12:18:36.688+0000] {logging_mixin.py:188} INFO - [2026-06-01T12:18:36.687+0000] {dagbag.py:540} INFO - Filling up the DagBag from /home/airflow/.local/lib/python3.12/site-packages/airflow/example_dags/example_task_group_decorator.py
[2026-06-01T12:18:36.699+0000] {processor.py:840} INFO - DAG(s) 'example_task_group_decorator' retrieved from /home/airflow/.local/lib/python3.12/site-packages/airflow/example_dags/example_task_group_decorator.py
[2026-06-01T12:18:36.719+0000] {logging_mixin.py:188} INFO - [2026-06-01T12:18:36.719+0000] {dag.py:3096} INFO - Sync 1 DAGs
[2026-06-01T12:18:36.736+0000] {logging_mixin.py:188} INFO - [2026-06-01T12:18:36.735+0000] {dag.py:3954} INFO - Setting next_dagrun for example_task_group_decorator to 2026-05-31 00:00:00+00:00, run_after=2026-06-01 00:00:00+00:00
[2026-06-01T12:18:36.751+0000] {processor.py:183} INFO - Processing /home/airflow/.local/lib/python3.12/site-packages/airflow/example_dags/example_task_group_decorator.py took 0.071 seconds
[2026-06-01T12:19:07.195+0000] {processor.py:161} INFO - Started process (PID=44574) to work on /home/airflow/.local/lib/python3.12/site-packages/airflow/example_dags/example_task_group_decorator.py
[2026-06-01T12:19:07.197+0000] {processor.py:830} INFO - Processing file /home/airflow/.local/lib/python3.12/site-packages/airflow/example_dags/example_task_group_decorator.py for tasks to queue
[2026-06-01T12:19:07.199+0000] {logging_mixin.py:188} INFO - [2026-06-01T12:19:07.198+0000] {dagbag.py:540} INFO - Filling up the DagBag from /home/airflow/.local/lib/python3.12/site-packages/airflow/example_dags/example_task_group_decorator.py
[2026-06-01T12:19:07.211+0000] {processor.py:840} INFO - DAG(s) 'example_task_group_decorator' retrieved from /home/airflow/.local/lib/python3.12/site-packages/airflow/example_dags/example_task_group_decorator.py
[2026-06-01T12:19:07.231+0000] {logging_mixin.py:188} INFO - [2026-06-01T12:19:07.230+0000] {dag.py:3096} INFO - Sync 1 DAGs
[2026-06-01T12:19:07.247+0000] {logging_mixin.py:188} INFO - [2026-06-01T12:19:07.247+0000] {dag.py:3954} INFO - Setting next_dagrun for example_task_group_decorator to 2026-05-31 00:00:00+00:00, run_after=2026-06-01 00:00:00+00:00
[2026-06-01T12:19:07.263+0000] {processor.py:183} INFO - Processing /home/airflow/.local/lib/python3.12/site-packages/airflow/example_dags/example_task_group_decorator.py took 0.073 seconds
[2026-06-01T12:19:37.661+0000] {processor.py:161} INFO - Started process (PID=44633) to work on /home/airflow/.local/lib/python3.12/site-packages/airflow/example_dags/example_task_group_decorator.py
[2026-06-01T12:19:37.662+0000] {processor.py:830} INFO - Processing file /home/airflow/.local/lib/python3.12/site-packages/airflow/example_dags/example_task_group_decorator.py for tasks to queue
[2026-06-01T12:19:37.664+0000] {logging_mixin.py:188} INFO - [2026-06-01T12:19:37.664+0000] {dagbag.py:540} INFO - Filling up the DagBag from /home/airflow/.local/lib/python3.12/site-packages/airflow/example_dags/example_task_group_decorator.py
[2026-06-01T12:19:37.680+0000] {processor.py:840} INFO - DAG(s) 'example_task_group_decorator' retrieved from /home/airflow/.local/lib/python3.12/site-packages/airflow/example_dags/example_task_group_decorator.py
[2026-06-01T12:19:37.701+0000] {logging_mixin.py:188} INFO - [2026-06-01T12:19:37.701+0000] {dag.py:3096} INFO - Sync 1 DAGs
[2026-06-01T12:19:37.721+0000] {logging_mixin.py:188} INFO - [2026-06-01T12:19:37.720+0000] {dag.py:3954} INFO - Setting next_dagrun for example_task_group_decorator to 2026-05-31 00:00:00+00:00, run_after=2026-06-01 00:00:00+00:00
[2026-06-01T12:19:37.737+0000] {processor.py:183} INFO - Processing /home/airflow/.local/lib/python3.12/site-packages/airflow/example_dags/example_task_group_decorator.py took 0.082 seconds
[2026-06-01T12:20:08.260+0000] {processor.py:161} INFO - Started process (PID=44692) to work on /home/airflow/.local/lib/python3.12/site-packages/airflow/example_dags/example_task_group_decorator.py
[2026-06-01T12:20:08.261+0000] {processor.py:830} INFO - Processing file /home/airflow/.local/lib/python3.12/site-packages/airflow/example_dags/example_task_group_decorator.py for tasks to queue
[2026-06-01T12:20:08.263+0000] {logging_mixin.py:188} INFO - [2026-06-01T12:20:08.263+0000] {dagbag.py:540} INFO - Filling up the DagBag from /home/airflow/.local/lib/python3.12/site-packages/airflow/example_dags/example_task_group_decorator.py
[2026-06-01T12:20:08.275+0000] {processor.py:840} INFO - DAG(s) 'example_task_group_decorator' retrieved from /home/airflow/.local/lib/python3.12/site-packages/airflow/example_dags/example_task_group_decorator.py
[2026-06-01T12:20:08.294+0000] {logging_mixin.py:188} INFO - [2026-06-01T12:20:08.294+0000] {dag.py:3096} INFO - Sync 1 DAGs
[2026-06-01T12:20:08.311+0000] {logging_mixin.py:188} INFO - [2026-06-01T12:20:08.311+0000] {dag.py:3954} INFO - Setting next_dagrun for example_task_group_decorator to 2026-05-31 00:00:00+00:00, run_after=2026-06-01 00:00:00+00:00
[2026-06-01T12:20:08.327+0000] {processor.py:183} INFO - Processing /home/airflow/.local/lib/python3.12/site-packages/airflow/example_dags/example_task_group_decorator.py took 0.072 seconds
[2026-06-01T12:20:38.728+0000] {processor.py:161} INFO - Started process (PID=44751) to work on /home/airflow/.local/lib/python3.12/site-packages/airflow/example_dags/example_task_group_decorator.py
[2026-06-01T12:20:38.730+0000] {processor.py:830} INFO - Processing file /home/airflow/.local/lib/python3.12/site-packages/airflow/example_dags/example_task_group_decorator.py for tasks to queue
[2026-06-01T12:20:38.731+0000] {logging_mixin.py:188} INFO - [2026-06-01T12:20:38.731+0000] {dagbag.py:540} INFO - Filling up the DagBag from /home/airflow/.local/lib/python3.12/site-packages/airflow/example_dags/example_task_group_decorator.py
[2026-06-01T12:20:38.744+0000] {processor.py:840} INFO - DAG(s) 'example_task_group_decorator' retrieved from /home/airflow/.local/lib/python3.12/site-packages/airflow/example_dags/example_task_group_decorator.py
[2026-06-01T12:20:38.764+0000] {logging_mixin.py:188} INFO - [2026-06-01T12:20:38.764+0000] {dag.py:3096} INFO - Sync 1 DAGs
[2026-06-01T12:20:38.781+0000] {logging_mixin.py:188} INFO - [2026-06-01T12:20:38.780+0000] {dag.py:3954} INFO - Setting next_dagrun for example_task_group_decorator to 2026-05-31 00:00:00+00:00, run_after=2026-06-01 00:00:00+00:00
[2026-06-01T12:20:38.797+0000] {processor.py:183} INFO - Processing /home/airflow/.local/lib/python3.12/site-packages/airflow/example_dags/example_task_group_decorator.py took 0.073 seconds
[2026-06-01T12:21:09.223+0000] {processor.py:161} INFO - Started process (PID=44810) to work on /home/airflow/.local/lib/python3.12/site-packages/airflow/example_dags/example_task_group_decorator.py
[2026-06-01T12:21:09.224+0000] {processor.py:830} INFO - Processing file /home/airflow/.local/lib/python3.12/site-packages/airflow/example_dags/example_task_group_decorator.py for tasks to queue
[2026-06-01T12:21:09.226+0000] {logging_mixin.py:188} INFO - [2026-06-01T12:21:09.226+0000] {dagbag.py:540} INFO - Filling up the DagBag from /home/airflow/.local/lib/python3.12/site-packages/airflow/example_dags/example_task_group_decorator.py
[2026-06-01T12:21:09.237+0000] {processor.py:840} INFO - DAG(s) 'example_task_group_decorator' retrieved from /home/airflow/.local/lib/python3.12/site-packages/airflow/example_dags/example_task_group_decorator.py
[2026-06-01T12:21:09.257+0000] {logging_mixin.py:188} INFO - [2026-06-01T12:21:09.257+0000] {dag.py:3096} INFO - Sync 1 DAGs
[2026-06-01T12:21:09.275+0000] {logging_mixin.py:188} INFO - [2026-06-01T12:21:09.274+0000] {dag.py:3954} INFO - Setting next_dagrun for example_task_group_decorator to 2026-05-31 00:00:00+00:00, run_after=2026-06-01 00:00:00+00:00
[2026-06-01T12:21:09.291+0000] {processor.py:183} INFO - Processing /home/airflow/.local/lib/python3.12/site-packages/airflow/example_dags/example_task_group_decorator.py took 0.073 seconds
[2026-06-01T12:21:39.624+0000] {processor.py:161} INFO - Started process (PID=44869) to work on /home/airflow/.local/lib/python3.12/site-packages/airflow/example_dags/example_task_group_decorator.py
[2026-06-01T12:21:39.625+0000] {processor.py:830} INFO - Processing file /home/airflow/.local/lib/python3.12/site-packages/airflow/example_dags/example_task_group_decorator.py for tasks to queue
[2026-06-01T12:21:39.627+0000] {logging_mixin.py:188} INFO - [2026-06-01T12:21:39.626+0000] {dagbag.py:540} INFO - Filling up the DagBag from /home/airflow/.local/lib/python3.12/site-packages/airflow/example_dags/example_task_group_decorator.py
[2026-06-01T12:21:39.639+0000] {processor.py:840} INFO - DAG(s) 'example_task_group_decorator' retrieved from /home/airflow/.local/lib/python3.12/site-packages/airflow/example_dags/example_task_group_decorator.py
[2026-06-01T12:21:39.662+0000] {logging_mixin.py:188} INFO - [2026-06-01T12:21:39.661+0000] {dag.py:3096} INFO - Sync 1 DAGs
[2026-06-01T12:21:39.681+0000] {logging_mixin.py:188} INFO - [2026-06-01T12:21:39.681+0000] {dag.py:3954} INFO - Setting next_dagrun for example_task_group_decorator to 2026-05-31 00:00:00+00:00, run_after=2026-06-01 00:00:00+00:00
[2026-06-01T12:21:39.699+0000] {processor.py:183} INFO - Processing /home/airflow/.local/lib/python3.12/site-packages/airflow/example_dags/example_task_group_decorator.py took 0.081 seconds
[2026-06-01T12:22:10.207+0000] {processor.py:161} INFO - Started process (PID=44928) to work on /home/airflow/.local/lib/python3.12/site-packages/airflow/example_dags/example_task_group_decorator.py
[2026-06-01T12:22:10.208+0000] {processor.py:830} INFO - Processing file /home/airflow/.local/lib/python3.12/site-packages/airflow/example_dags/example_task_group_decorator.py for tasks to queue
[2026-06-01T12:22:10.210+0000] {logging_mixin.py:188} INFO - [2026-06-01T12:22:10.210+0000] {dagbag.py:540} INFO - Filling up the DagBag from /home/airflow/.local/lib/python3.12/site-packages/airflow/example_dags/example_task_group_decorator.py
[2026-06-01T12:22:10.221+0000] {processor.py:840} INFO - DAG(s) 'example_task_group_decorator' retrieved from /home/airflow/.local/lib/python3.12/site-packages/airflow/example_dags/example_task_group_decorator.py
[2026-06-01T12:22:10.241+0000] {logging_mixin.py:188} INFO - [2026-06-01T12:22:10.241+0000] {dag.py:3096} INFO - Sync 1 DAGs
[2026-06-01T12:22:10.257+0000] {logging_mixin.py:188} INFO - [2026-06-01T12:22:10.257+0000] {dag.py:3954} INFO - Setting next_dagrun for example_task_group_decorator to 2026-05-31 00:00:00+00:00, run_after=2026-06-01 00:00:00+00:00
[2026-06-01T12:22:10.272+0000] {processor.py:183} INFO - Processing /home/airflow/.local/lib/python3.12/site-packages/airflow/example_dags/example_task_group_decorator.py took 0.070 seconds
[2026-06-01T12:22:40.734+0000] {processor.py:161} INFO - Started process (PID=44987) to work on /home/airflow/.local/lib/python3.12/site-packages/airflow/example_dags/example_task_group_decorator.py
[2026-06-01T12:22:40.735+0000] {processor.py:830} INFO - Processing file /home/airflow/.local/lib/python3.12/site-packages/airflow/example_dags/example_task_group_decorator.py for tasks to queue
[2026-06-01T12:22:40.737+0000] {logging_mixin.py:188} INFO - [2026-06-01T12:22:40.737+0000] {dagbag.py:540} INFO - Filling up the DagBag from /home/airflow/.local/lib/python3.12/site-packages/airflow/example_dags/example_task_group_decorator.py
[2026-06-01T12:22:40.749+0000] {processor.py:840} INFO - DAG(s) 'example_task_group_decorator' retrieved from /home/airflow/.local/lib/python3.12/site-packages/airflow/example_dags/example_task_group_decorator.py
[2026-06-01T12:22:40.768+0000] {logging_mixin.py:188} INFO - [2026-06-01T12:22:40.768+0000] {dag.py:3096} INFO - Sync 1 DAGs
[2026-06-01T12:22:40.786+0000] {logging_mixin.py:188} INFO - [2026-06-01T12:22:40.786+0000] {dag.py:3954} INFO - Setting next_dagrun for example_task_group_decorator to 2026-05-31 00:00:00+00:00, run_after=2026-06-01 00:00:00+00:00
[2026-06-01T12:22:40.802+0000] {processor.py:183} INFO - Processing /home/airflow/.local/lib/python3.12/site-packages/airflow/example_dags/example_task_group_decorator.py took 0.073 seconds
[2026-06-01T12:23:11.258+0000] {processor.py:161} INFO - Started process (PID=45047) to work on /home/airflow/.local/lib/python3.12/site-packages/airflow/example_dags/example_task_group_decorator.py
[2026-06-01T12:23:11.260+0000] {processor.py:830} INFO - Processing file /home/airflow/.local/lib/python3.12/site-packages/airflow/example_dags/example_task_group_decorator.py for tasks to queue
[2026-06-01T12:23:11.261+0000] {logging_mixin.py:188} INFO - [2026-06-01T12:23:11.261+0000] {dagbag.py:540} INFO - Filling up the DagBag from /home/airflow/.local/lib/python3.12/site-packages/airflow/example_dags/example_task_group_decorator.py
[2026-06-01T12:23:11.272+0000] {processor.py:840} INFO - DAG(s) 'example_task_group_decorator' retrieved from /home/airflow/.local/lib/python3.12/site-packages/airflow/example_dags/example_task_group_decorator.py
[2026-06-01T12:23:11.293+0000] {logging_mixin.py:188} INFO - [2026-06-01T12:23:11.292+0000] {dag.py:3096} INFO - Sync 1 DAGs
[2026-06-01T12:23:11.310+0000] {logging_mixin.py:188} INFO - [2026-06-01T12:23:11.309+0000] {dag.py:3954} INFO - Setting next_dagrun for example_task_group_decorator to 2026-05-31 00:00:00+00:00, run_after=2026-06-01 00:00:00+00:00
[2026-06-01T12:23:11.325+0000] {processor.py:183} INFO - Processing /home/airflow/.local/lib/python3.12/site-packages/airflow/example_dags/example_task_group_decorator.py took 0.072 seconds
[2026-06-01T12:23:41.817+0000] {processor.py:161} INFO - Started process (PID=45106) to work on /home/airflow/.local/lib/python3.12/site-packages/airflow/example_dags/example_task_group_decorator.py
[2026-06-01T12:23:41.819+0000] {processor.py:830} INFO - Processing file /home/airflow/.local/lib/python3.12/site-packages/airflow/example_dags/example_task_group_decorator.py for tasks to queue
[2026-06-01T12:23:41.821+0000] {logging_mixin.py:188} INFO - [2026-06-01T12:23:41.820+0000] {dagbag.py:540} INFO - Filling up the DagBag from /home/airflow/.local/lib/python3.12/site-packages/airflow/example_dags/example_task_group_decorator.py
[2026-06-01T12:23:41.832+0000] {processor.py:840} INFO - DAG(s) 'example_task_group_decorator' retrieved from /home/airflow/.local/lib/python3.12/site-packages/airflow/example_dags/example_task_group_decorator.py
[2026-06-01T12:23:41.852+0000] {logging_mixin.py:188} INFO - [2026-06-01T12:23:41.851+0000] {dag.py:3096} INFO - Sync 1 DAGs
[2026-06-01T12:23:41.870+0000] {logging_mixin.py:188} INFO - [2026-06-01T12:23:41.870+0000] {dag.py:3954} INFO - Setting next_dagrun for example_task_group_decorator to 2026-05-31 00:00:00+00:00, run_after=2026-06-01 00:00:00+00:00
[2026-06-01T12:23:41.884+0000] {processor.py:183} INFO - Processing /home/airflow/.local/lib/python3.12/site-packages/airflow/example_dags/example_task_group_decorator.py took 0.072 seconds
[2026-06-01T12:24:12.369+0000] {processor.py:161} INFO - Started process (PID=45165) to work on /home/airflow/.local/lib/python3.12/site-packages/airflow/example_dags/example_task_group_decorator.py
[2026-06-01T12:24:12.370+0000] {processor.py:830} INFO - Processing file /home/airflow/.local/lib/python3.12/site-packages/airflow/example_dags/example_task_group_decorator.py for tasks to queue
[2026-06-01T12:24:12.372+0000] {logging_mixin.py:188} INFO - [2026-06-01T12:24:12.371+0000] {dagbag.py:540} INFO - Filling up the DagBag from /home/airflow/.local/lib/python3.12/site-packages/airflow/example_dags/example_task_group_decorator.py
[2026-06-01T12:24:12.383+0000] {processor.py:840} INFO - DAG(s) 'example_task_group_decorator' retrieved from /home/airflow/.local/lib/python3.12/site-packages/airflow/example_dags/example_task_group_decorator.py
[2026-06-01T12:24:12.403+0000] {logging_mixin.py:188} INFO - [2026-06-01T12:24:12.403+0000] {dag.py:3096} INFO - Sync 1 DAGs
[2026-06-01T12:24:12.422+0000] {logging_mixin.py:188} INFO - [2026-06-01T12:24:12.422+0000] {dag.py:3954} INFO - Setting next_dagrun for example_task_group_decorator to 2026-05-31 00:00:00+00:00, run_after=2026-06-01 00:00:00+00:00
[2026-06-01T12:24:12.439+0000] {processor.py:183} INFO - Processing /home/airflow/.local/lib/python3.12/site-packages/airflow/example_dags/example_task_group_decorator.py took 0.075 seconds
[2026-06-01T12:24:43.036+0000] {processor.py:161} INFO - Started process (PID=45224) to work on /home/airflow/.local/lib/python3.12/site-packages/airflow/example_dags/example_task_group_decorator.py
[2026-06-01T12:24:43.037+0000] {processor.py:830} INFO - Processing file /home/airflow/.local/lib/python3.12/site-packages/airflow/example_dags/example_task_group_decorator.py for tasks to queue
[2026-06-01T12:24:43.039+0000] {logging_mixin.py:188} INFO - [2026-06-01T12:24:43.039+0000] {dagbag.py:540} INFO - Filling up the DagBag from /home/airflow/.local/lib/python3.12/site-packages/airflow/example_dags/example_task_group_decorator.py
[2026-06-01T12:24:43.050+0000] {processor.py:840} INFO - DAG(s) 'example_task_group_decorator' retrieved from /home/airflow/.local/lib/python3.12/site-packages/airflow/example_dags/example_task_group_decorator.py
[2026-06-01T12:24:43.069+0000] {logging_mixin.py:188} INFO - [2026-06-01T12:24:43.069+0000] {dag.py:3096} INFO - Sync 1 DAGs
[2026-06-01T12:24:43.090+0000] {logging_mixin.py:188} INFO - [2026-06-01T12:24:43.090+0000] {dag.py:3954} INFO - Setting next_dagrun for example_task_group_decorator to 2026-05-31 00:00:00+00:00, run_after=2026-06-01 00:00:00+00:00
[2026-06-01T12:24:43.108+0000] {processor.py:183} INFO - Processing /home/airflow/.local/lib/python3.12/site-packages/airflow/example_dags/example_task_group_decorator.py took 0.077 seconds
[2026-06-01T12:25:13.546+0000] {processor.py:161} INFO - Started process (PID=45283) to work on /home/airflow/.local/lib/python3.12/site-packages/airflow/example_dags/example_task_group_decorator.py
[2026-06-01T12:25:13.548+0000] {processor.py:830} INFO - Processing file /home/airflow/.local/lib/python3.12/site-packages/airflow/example_dags/example_task_group_decorator.py for tasks to queue
[2026-06-01T12:25:13.550+0000] {logging_mixin.py:188} INFO - [2026-06-01T12:25:13.550+0000] {dagbag.py:540} INFO - Filling up the DagBag from /home/airflow/.local/lib/python3.12/site-packages/airflow/example_dags/example_task_group_decorator.py
[2026-06-01T12:25:13.561+0000] {processor.py:840} INFO - DAG(s) 'example_task_group_decorator' retrieved from /home/airflow/.local/lib/python3.12/site-packages/airflow/example_dags/example_task_group_decorator.py
[2026-06-01T12:25:13.582+0000] {logging_mixin.py:188} INFO - [2026-06-01T12:25:13.582+0000] {dag.py:3096} INFO - Sync 1 DAGs
[2026-06-01T12:25:13.601+0000] {logging_mixin.py:188} INFO - [2026-06-01T12:25:13.601+0000] {dag.py:3954} INFO - Setting next_dagrun for example_task_group_decorator to 2026-05-31 00:00:00+00:00, run_after=2026-06-01 00:00:00+00:00
[2026-06-01T12:25:13.618+0000] {processor.py:183} INFO - Processing /home/airflow/.local/lib/python3.12/site-packages/airflow/example_dags/example_task_group_decorator.py took 0.076 seconds
[2026-06-01T12:25:44.134+0000] {processor.py:161} INFO - Started process (PID=45342) to work on /home/airflow/.local/lib/python3.12/site-packages/airflow/example_dags/example_task_group_decorator.py
[2026-06-01T12:25:44.136+0000] {processor.py:830} INFO - Processing file /home/airflow/.local/lib/python3.12/site-packages/airflow/example_dags/example_task_group_decorator.py for tasks to queue
[2026-06-01T12:25:44.138+0000] {logging_mixin.py:188} INFO - [2026-06-01T12:25:44.137+0000] {dagbag.py:540} INFO - Filling up the DagBag from /home/airflow/.local/lib/python3.12/site-packages/airflow/example_dags/example_task_group_decorator.py
[2026-06-01T12:25:44.149+0000] {processor.py:840} INFO - DAG(s) 'example_task_group_decorator' retrieved from /home/airflow/.local/lib/python3.12/site-packages/airflow/example_dags/example_task_group_decorator.py
[2026-06-01T12:25:44.168+0000] {logging_mixin.py:188} INFO - [2026-06-01T12:25:44.168+0000] {dag.py:3096} INFO - Sync 1 DAGs
[2026-06-01T12:25:44.186+0000] {logging_mixin.py:188} INFO - [2026-06-01T12:25:44.186+0000] {dag.py:3954} INFO - Setting next_dagrun for example_task_group_decorator to 2026-05-31 00:00:00+00:00, run_after=2026-06-01 00:00:00+00:00
[2026-06-01T12:25:44.202+0000] {processor.py:183} INFO - Processing /home/airflow/.local/lib/python3.12/site-packages/airflow/example_dags/example_task_group_decorator.py took 0.073 seconds
[2026-06-01T12:26:14.800+0000] {processor.py:161} INFO - Started process (PID=45401) to work on /home/airflow/.local/lib/python3.12/site-packages/airflow/example_dags/example_task_group_decorator.py
[2026-06-01T12:26:14.802+0000] {processor.py:830} INFO - Processing file /home/airflow/.local/lib/python3.12/site-packages/airflow/example_dags/example_task_group_decorator.py for tasks to queue
[2026-06-01T12:26:14.804+0000] {logging_mixin.py:188} INFO - [2026-06-01T12:26:14.803+0000] {dagbag.py:540} INFO - Filling up the DagBag from /home/airflow/.local/lib/python3.12/site-packages/airflow/example_dags/example_task_group_decorator.py
[2026-06-01T12:26:14.819+0000] {processor.py:840} INFO - DAG(s) 'example_task_group_decorator' retrieved from /home/airflow/.local/lib/python3.12/site-packages/airflow/example_dags/example_task_group_decorator.py
[2026-06-01T12:26:14.840+0000] {logging_mixin.py:188} INFO - [2026-06-01T12:26:14.840+0000] {dag.py:3096} INFO - Sync 1 DAGs
[2026-06-01T12:26:14.859+0000] {logging_mixin.py:188} INFO - [2026-06-01T12:26:14.859+0000] {dag.py:3954} INFO - Setting next_dagrun for example_task_group_decorator to 2026-05-31 00:00:00+00:00, run_after=2026-06-01 00:00:00+00:00
[2026-06-01T12:26:14.877+0000] {processor.py:183} INFO - Processing /home/airflow/.local/lib/python3.12/site-packages/airflow/example_dags/example_task_group_decorator.py took 0.082 seconds
[2026-06-01T12:26:45.238+0000] {processor.py:161} INFO - Started process (PID=45460) to work on /home/airflow/.local/lib/python3.12/site-packages/airflow/example_dags/example_task_group_decorator.py
[2026-06-01T12:26:45.240+0000] {processor.py:830} INFO - Processing file /home/airflow/.local/lib/python3.12/site-packages/airflow/example_dags/example_task_group_decorator.py for tasks to queue
[2026-06-01T12:26:45.241+0000] {logging_mixin.py:188} INFO - [2026-06-01T12:26:45.241+0000] {dagbag.py:540} INFO - Filling up the DagBag from /home/airflow/.local/lib/python3.12/site-packages/airflow/example_dags/example_task_group_decorator.py
[2026-06-01T12:26:45.253+0000] {processor.py:840} INFO - DAG(s) 'example_task_group_decorator' retrieved from /home/airflow/.local/lib/python3.12/site-packages/airflow/example_dags/example_task_group_decorator.py
[2026-06-01T12:26:45.272+0000] {logging_mixin.py:188} INFO - [2026-06-01T12:26:45.272+0000] {dag.py:3096} INFO - Sync 1 DAGs
[2026-06-01T12:26:45.290+0000] {logging_mixin.py:188} INFO - [2026-06-01T12:26:45.289+0000] {dag.py:3954} INFO - Setting next_dagrun for example_task_group_decorator to 2026-05-31 00:00:00+00:00, run_after=2026-06-01 00:00:00+00:00
[2026-06-01T12:26:45.304+0000] {processor.py:183} INFO - Processing /home/airflow/.local/lib/python3.12/site-packages/airflow/example_dags/example_task_group_decorator.py took 0.071 seconds
[2026-06-01T12:27:15.783+0000] {processor.py:161} INFO - Started process (PID=45519) to work on /home/airflow/.local/lib/python3.12/site-packages/airflow/example_dags/example_task_group_decorator.py
[2026-06-01T12:27:15.784+0000] {processor.py:830} INFO - Processing file /home/airflow/.local/lib/python3.12/site-packages/airflow/example_dags/example_task_group_decorator.py for tasks to queue
[2026-06-01T12:27:15.786+0000] {logging_mixin.py:188} INFO - [2026-06-01T12:27:15.786+0000] {dagbag.py:540} INFO - Filling up the DagBag from /home/airflow/.local/lib/python3.12/site-packages/airflow/example_dags/example_task_group_decorator.py
[2026-06-01T12:27:15.797+0000] {processor.py:840} INFO - DAG(s) 'example_task_group_decorator' retrieved from /home/airflow/.local/lib/python3.12/site-packages/airflow/example_dags/example_task_group_decorator.py
[2026-06-01T12:27:15.818+0000] {logging_mixin.py:188} INFO - [2026-06-01T12:27:15.818+0000] {dag.py:3096} INFO - Sync 1 DAGs
[2026-06-01T12:27:15.835+0000] {logging_mixin.py:188} INFO - [2026-06-01T12:27:15.834+0000] {dag.py:3954} INFO - Setting next_dagrun for example_task_group_decorator to 2026-05-31 00:00:00+00:00, run_after=2026-06-01 00:00:00+00:00
[2026-06-01T12:27:15.850+0000] {processor.py:183} INFO - Processing /home/airflow/.local/lib/python3.12/site-packages/airflow/example_dags/example_task_group_decorator.py took 0.072 seconds
[2026-06-01T12:27:46.292+0000] {processor.py:161} INFO - Started process (PID=45578) to work on /home/airflow/.local/lib/python3.12/site-packages/airflow/example_dags/example_task_group_decorator.py
[2026-06-01T12:27:46.293+0000] {processor.py:830} INFO - Processing file /home/airflow/.local/lib/python3.12/site-packages/airflow/example_dags/example_task_group_decorator.py for tasks to queue
[2026-06-01T12:27:46.295+0000] {logging_mixin.py:188} INFO - [2026-06-01T12:27:46.295+0000] {dagbag.py:540} INFO - Filling up the DagBag from /home/airflow/.local/lib/python3.12/site-packages/airflow/example_dags/example_task_group_decorator.py
[2026-06-01T12:27:46.306+0000] {processor.py:840} INFO - DAG(s) 'example_task_group_decorator' retrieved from /home/airflow/.local/lib/python3.12/site-packages/airflow/example_dags/example_task_group_decorator.py
[2026-06-01T12:27:46.326+0000] {logging_mixin.py:188} INFO - [2026-06-01T12:27:46.325+0000] {dag.py:3096} INFO - Sync 1 DAGs
[2026-06-01T12:27:46.342+0000] {logging_mixin.py:188} INFO - [2026-06-01T12:27:46.342+0000] {dag.py:3954} INFO - Setting next_dagrun for example_task_group_decorator to 2026-05-31 00:00:00+00:00, run_after=2026-06-01 00:00:00+00:00
[2026-06-01T12:27:46.358+0000] {processor.py:183} INFO - Processing /home/airflow/.local/lib/python3.12/site-packages/airflow/example_dags/example_task_group_decorator.py took 0.071 seconds
[2026-06-01T12:28:16.811+0000] {processor.py:161} INFO - Started process (PID=45637) to work on /home/airflow/.local/lib/python3.12/site-packages/airflow/example_dags/example_task_group_decorator.py
[2026-06-01T12:28:16.812+0000] {processor.py:830} INFO - Processing file /home/airflow/.local/lib/python3.12/site-packages/airflow/example_dags/example_task_group_decorator.py for tasks to queue
[2026-06-01T12:28:16.814+0000] {logging_mixin.py:188} INFO - [2026-06-01T12:28:16.814+0000] {dagbag.py:540} INFO - Filling up the DagBag from /home/airflow/.local/lib/python3.12/site-packages/airflow/example_dags/example_task_group_decorator.py
[2026-06-01T12:28:16.829+0000] {processor.py:840} INFO - DAG(s) 'example_task_group_decorator' retrieved from /home/airflow/.local/lib/python3.12/site-packages/airflow/example_dags/example_task_group_decorator.py
[2026-06-01T12:28:16.855+0000] {logging_mixin.py:188} INFO - [2026-06-01T12:28:16.855+0000] {dag.py:3096} INFO - Sync 1 DAGs
[2026-06-01T12:28:16.880+0000] {logging_mixin.py:188} INFO - [2026-06-01T12:28:16.880+0000] {dag.py:3954} INFO - Setting next_dagrun for example_task_group_decorator to 2026-05-31 00:00:00+00:00, run_after=2026-06-01 00:00:00+00:00
[2026-06-01T12:28:16.901+0000] {processor.py:183} INFO - Processing /home/airflow/.local/lib/python3.12/site-packages/airflow/example_dags/example_task_group_decorator.py took 0.096 seconds
[2026-06-01T12:28:47.287+0000] {processor.py:161} INFO - Started process (PID=45696) to work on /home/airflow/.local/lib/python3.12/site-packages/airflow/example_dags/example_task_group_decorator.py
[2026-06-01T12:28:47.288+0000] {processor.py:830} INFO - Processing file /home/airflow/.local/lib/python3.12/site-packages/airflow/example_dags/example_task_group_decorator.py for tasks to queue
[2026-06-01T12:28:47.290+0000] {logging_mixin.py:188} INFO - [2026-06-01T12:28:47.290+0000] {dagbag.py:540} INFO - Filling up the DagBag from /home/airflow/.local/lib/python3.12/site-packages/airflow/example_dags/example_task_group_decorator.py
[2026-06-01T12:28:47.301+0000] {processor.py:840} INFO - DAG(s) 'example_task_group_decorator' retrieved from /home/airflow/.local/lib/python3.12/site-packages/airflow/example_dags/example_task_group_decorator.py
[2026-06-01T12:28:47.322+0000] {logging_mixin.py:188} INFO - [2026-06-01T12:28:47.322+0000] {dag.py:3096} INFO - Sync 1 DAGs
[2026-06-01T12:28:47.339+0000] {logging_mixin.py:188} INFO - [2026-06-01T12:28:47.339+0000] {dag.py:3954} INFO - Setting next_dagrun for example_task_group_decorator to 2026-05-31 00:00:00+00:00, run_after=2026-06-01 00:00:00+00:00
[2026-06-01T12:28:47.357+0000] {processor.py:183} INFO - Processing /home/airflow/.local/lib/python3.12/site-packages/airflow/example_dags/example_task_group_decorator.py took 0.075 seconds
[2026-06-01T12:29:17.796+0000] {processor.py:161} INFO - Started process (PID=45755) to work on /home/airflow/.local/lib/python3.12/site-packages/airflow/example_dags/example_task_group_decorator.py
[2026-06-01T12:29:17.797+0000] {processor.py:830} INFO - Processing file /home/airflow/.local/lib/python3.12/site-packages/airflow/example_dags/example_task_group_decorator.py for tasks to queue
[2026-06-01T12:29:17.799+0000] {logging_mixin.py:188} INFO - [2026-06-01T12:29:17.798+0000] {dagbag.py:540} INFO - Filling up the DagBag from /home/airflow/.local/lib/python3.12/site-packages/airflow/example_dags/example_task_group_decorator.py
[2026-06-01T12:29:17.809+0000] {processor.py:840} INFO - DAG(s) 'example_task_group_decorator' retrieved from /home/airflow/.local/lib/python3.12/site-packages/airflow/example_dags/example_task_group_decorator.py
[2026-06-01T12:29:17.830+0000] {logging_mixin.py:188} INFO - [2026-06-01T12:29:17.829+0000] {dag.py:3096} INFO - Sync 1 DAGs
[2026-06-01T12:29:17.846+0000] {logging_mixin.py:188} INFO - [2026-06-01T12:29:17.846+0000] {dag.py:3954} INFO - Setting next_dagrun for example_task_group_decorator to 2026-05-31 00:00:00+00:00, run_after=2026-06-01 00:00:00+00:00
[2026-06-01T12:29:17.861+0000] {processor.py:183} INFO - Processing /home/airflow/.local/lib/python3.12/site-packages/airflow/example_dags/example_task_group_decorator.py took 0.070 seconds
[2026-06-01T12:29:48.625+0000] {processor.py:161} INFO - Started process (PID=45814) to work on /home/airflow/.local/lib/python3.12/site-packages/airflow/example_dags/example_task_group_decorator.py
[2026-06-01T12:29:48.626+0000] {processor.py:830} INFO - Processing file /home/airflow/.local/lib/python3.12/site-packages/airflow/example_dags/example_task_group_decorator.py for tasks to queue
[2026-06-01T12:29:48.628+0000] {logging_mixin.py:188} INFO - [2026-06-01T12:29:48.628+0000] {dagbag.py:540} INFO - Filling up the DagBag from /home/airflow/.local/lib/python3.12/site-packages/airflow/example_dags/example_task_group_decorator.py
[2026-06-01T12:29:48.639+0000] {processor.py:840} INFO - DAG(s) 'example_task_group_decorator' retrieved from /home/airflow/.local/lib/python3.12/site-packages/airflow/example_dags/example_task_group_decorator.py
[2026-06-01T12:29:48.659+0000] {logging_mixin.py:188} INFO - [2026-06-01T12:29:48.658+0000] {dag.py:3096} INFO - Sync 1 DAGs
[2026-06-01T12:29:48.676+0000] {logging_mixin.py:188} INFO - [2026-06-01T12:29:48.676+0000] {dag.py:3954} INFO - Setting next_dagrun for example_task_group_decorator to 2026-05-31 00:00:00+00:00, run_after=2026-06-01 00:00:00+00:00
[2026-06-01T12:29:48.694+0000] {processor.py:183} INFO - Processing /home/airflow/.local/lib/python3.12/site-packages/airflow/example_dags/example_task_group_decorator.py took 0.074 seconds
[2026-06-01T12:30:18.828+0000] {processor.py:161} INFO - Started process (PID=45873) to work on /home/airflow/.local/lib/python3.12/site-packages/airflow/example_dags/example_task_group_decorator.py
[2026-06-01T12:30:18.829+0000] {processor.py:830} INFO - Processing file /home/airflow/.local/lib/python3.12/site-packages/airflow/example_dags/example_task_group_decorator.py for tasks to queue
[2026-06-01T12:30:18.831+0000] {logging_mixin.py:188} INFO - [2026-06-01T12:30:18.830+0000] {dagbag.py:540} INFO - Filling up the DagBag from /home/airflow/.local/lib/python3.12/site-packages/airflow/example_dags/example_task_group_decorator.py
[2026-06-01T12:30:18.843+0000] {processor.py:840} INFO - DAG(s) 'example_task_group_decorator' retrieved from /home/airflow/.local/lib/python3.12/site-packages/airflow/example_dags/example_task_group_decorator.py
[2026-06-01T12:30:18.865+0000] {logging_mixin.py:188} INFO - [2026-06-01T12:30:18.865+0000] {dag.py:3096} INFO - Sync 1 DAGs
[2026-06-01T12:30:18.884+0000] {logging_mixin.py:188} INFO - [2026-06-01T12:30:18.883+0000] {dag.py:3954} INFO - Setting next_dagrun for example_task_group_decorator to 2026-05-31 00:00:00+00:00, run_after=2026-06-01 00:00:00+00:00
[2026-06-01T12:30:18.902+0000] {processor.py:183} INFO - Processing /home/airflow/.local/lib/python3.12/site-packages/airflow/example_dags/example_task_group_decorator.py took 0.080 seconds
[2026-06-01T12:30:49.781+0000] {processor.py:161} INFO - Started process (PID=45932) to work on /home/airflow/.local/lib/python3.12/site-packages/airflow/example_dags/example_task_group_decorator.py
[2026-06-01T12:30:49.782+0000] {processor.py:830} INFO - Processing file /home/airflow/.local/lib/python3.12/site-packages/airflow/example_dags/example_task_group_decorator.py for tasks to queue
[2026-06-01T12:30:49.784+0000] {logging_mixin.py:188} INFO - [2026-06-01T12:30:49.784+0000] {dagbag.py:540} INFO - Filling up the DagBag from /home/airflow/.local/lib/python3.12/site-packages/airflow/example_dags/example_task_group_decorator.py
[2026-06-01T12:30:49.799+0000] {processor.py:840} INFO - DAG(s) 'example_task_group_decorator' retrieved from /home/airflow/.local/lib/python3.12/site-packages/airflow/example_dags/example_task_group_decorator.py
[2026-06-01T12:30:49.824+0000] {logging_mixin.py:188} INFO - [2026-06-01T12:30:49.824+0000] {dag.py:3096} INFO - Sync 1 DAGs
[2026-06-01T12:30:49.847+0000] {logging_mixin.py:188} INFO - [2026-06-01T12:30:49.847+0000] {dag.py:3954} INFO - Setting next_dagrun for example_task_group_decorator to 2026-05-31 00:00:00+00:00, run_after=2026-06-01 00:00:00+00:00
[2026-06-01T12:30:49.866+0000] {processor.py:183} INFO - Processing /home/airflow/.local/lib/python3.12/site-packages/airflow/example_dags/example_task_group_decorator.py took 0.091 seconds
[2026-06-01T12:31:20.030+0000] {processor.py:161} INFO - Started process (PID=45991) to work on /home/airflow/.local/lib/python3.12/site-packages/airflow/example_dags/example_task_group_decorator.py
[2026-06-01T12:31:20.031+0000] {processor.py:830} INFO - Processing file /home/airflow/.local/lib/python3.12/site-packages/airflow/example_dags/example_task_group_decorator.py for tasks to queue
[2026-06-01T12:31:20.033+0000] {logging_mixin.py:188} INFO - [2026-06-01T12:31:20.033+0000] {dagbag.py:540} INFO - Filling up the DagBag from /home/airflow/.local/lib/python3.12/site-packages/airflow/example_dags/example_task_group_decorator.py
[2026-06-01T12:31:20.045+0000] {processor.py:840} INFO - DAG(s) 'example_task_group_decorator' retrieved from /home/airflow/.local/lib/python3.12/site-packages/airflow/example_dags/example_task_group_decorator.py
[2026-06-01T12:31:20.066+0000] {logging_mixin.py:188} INFO - [2026-06-01T12:31:20.065+0000] {dag.py:3096} INFO - Sync 1 DAGs
[2026-06-01T12:31:20.084+0000] {logging_mixin.py:188} INFO - [2026-06-01T12:31:20.084+0000] {dag.py:3954} INFO - Setting next_dagrun for example_task_group_decorator to 2026-05-31 00:00:00+00:00, run_after=2026-06-01 00:00:00+00:00
[2026-06-01T12:31:20.100+0000] {processor.py:183} INFO - Processing /home/airflow/.local/lib/python3.12/site-packages/airflow/example_dags/example_task_group_decorator.py took 0.076 seconds
[2026-06-01T12:31:50.341+0000] {processor.py:161} INFO - Started process (PID=46050) to work on /home/airflow/.local/lib/python3.12/site-packages/airflow/example_dags/example_task_group_decorator.py
[2026-06-01T12:31:50.343+0000] {processor.py:830} INFO - Processing file /home/airflow/.local/lib/python3.12/site-packages/airflow/example_dags/example_task_group_decorator.py for tasks to queue
[2026-06-01T12:31:50.344+0000] {logging_mixin.py:188} INFO - [2026-06-01T12:31:50.344+0000] {dagbag.py:540} INFO - Filling up the DagBag from /home/airflow/.local/lib/python3.12/site-packages/airflow/example_dags/example_task_group_decorator.py
[2026-06-01T12:31:50.355+0000] {processor.py:840} INFO - DAG(s) 'example_task_group_decorator' retrieved from /home/airflow/.local/lib/python3.12/site-packages/airflow/example_dags/example_task_group_decorator.py
[2026-06-01T12:31:50.375+0000] {logging_mixin.py:188} INFO - [2026-06-01T12:31:50.375+0000] {dag.py:3096} INFO - Sync 1 DAGs
[2026-06-01T12:31:50.392+0000] {logging_mixin.py:188} INFO - [2026-06-01T12:31:50.392+0000] {dag.py:3954} INFO - Setting next_dagrun for example_task_group_decorator to 2026-05-31 00:00:00+00:00, run_after=2026-06-01 00:00:00+00:00
[2026-06-01T12:31:50.407+0000] {processor.py:183} INFO - Processing /home/airflow/.local/lib/python3.12/site-packages/airflow/example_dags/example_task_group_decorator.py took 0.071 seconds
[2026-06-01T12:32:20.725+0000] {processor.py:161} INFO - Started process (PID=46110) to work on /home/airflow/.local/lib/python3.12/site-packages/airflow/example_dags/example_task_group_decorator.py
[2026-06-01T12:32:20.727+0000] {processor.py:830} INFO - Processing file /home/airflow/.local/lib/python3.12/site-packages/airflow/example_dags/example_task_group_decorator.py for tasks to queue
[2026-06-01T12:32:20.729+0000] {logging_mixin.py:188} INFO - [2026-06-01T12:32:20.728+0000] {dagbag.py:540} INFO - Filling up the DagBag from /home/airflow/.local/lib/python3.12/site-packages/airflow/example_dags/example_task_group_decorator.py
[2026-06-01T12:32:20.740+0000] {processor.py:840} INFO - DAG(s) 'example_task_group_decorator' retrieved from /home/airflow/.local/lib/python3.12/site-packages/airflow/example_dags/example_task_group_decorator.py
[2026-06-01T12:32:20.761+0000] {logging_mixin.py:188} INFO - [2026-06-01T12:32:20.761+0000] {dag.py:3096} INFO - Sync 1 DAGs
[2026-06-01T12:32:20.778+0000] {logging_mixin.py:188} INFO - [2026-06-01T12:32:20.778+0000] {dag.py:3954} INFO - Setting next_dagrun for example_task_group_decorator to 2026-05-31 00:00:00+00:00, run_after=2026-06-01 00:00:00+00:00
[2026-06-01T12:32:20.797+0000] {processor.py:183} INFO - Processing /home/airflow/.local/lib/python3.12/site-packages/airflow/example_dags/example_task_group_decorator.py took 0.077 seconds
[2026-06-01T12:32:50.956+0000] {processor.py:161} INFO - Started process (PID=46169) to work on /home/airflow/.local/lib/python3.12/site-packages/airflow/example_dags/example_task_group_decorator.py
[2026-06-01T12:32:50.958+0000] {processor.py:830} INFO - Processing file /home/airflow/.local/lib/python3.12/site-packages/airflow/example_dags/example_task_group_decorator.py for tasks to queue
[2026-06-01T12:32:50.960+0000] {logging_mixin.py:188} INFO - [2026-06-01T12:32:50.959+0000] {dagbag.py:540} INFO - Filling up the DagBag from /home/airflow/.local/lib/python3.12/site-packages/airflow/example_dags/example_task_group_decorator.py
[2026-06-01T12:32:50.972+0000] {processor.py:840} INFO - DAG(s) 'example_task_group_decorator' retrieved from /home/airflow/.local/lib/python3.12/site-packages/airflow/example_dags/example_task_group_decorator.py
[2026-06-01T12:32:50.991+0000] {logging_mixin.py:188} INFO - [2026-06-01T12:32:50.991+0000] {dag.py:3096} INFO - Sync 1 DAGs
[2026-06-01T12:32:51.008+0000] {logging_mixin.py:188} INFO - [2026-06-01T12:32:51.008+0000] {dag.py:3954} INFO - Setting next_dagrun for example_task_group_decorator to 2026-05-31 00:00:00+00:00, run_after=2026-06-01 00:00:00+00:00
[2026-06-01T12:32:51.022+0000] {processor.py:183} INFO - Processing /home/airflow/.local/lib/python3.12/site-packages/airflow/example_dags/example_task_group_decorator.py took 0.072 seconds
[2026-06-01T12:33:21.130+0000] {processor.py:161} INFO - Started process (PID=46228) to work on /home/airflow/.local/lib/python3.12/site-packages/airflow/example_dags/example_task_group_decorator.py
[2026-06-01T12:33:21.131+0000] {processor.py:830} INFO - Processing file /home/airflow/.local/lib/python3.12/site-packages/airflow/example_dags/example_task_group_decorator.py for tasks to queue
[2026-06-01T12:33:21.133+0000] {logging_mixin.py:188} INFO - [2026-06-01T12:33:21.133+0000] {dagbag.py:540} INFO - Filling up the DagBag from /home/airflow/.local/lib/python3.12/site-packages/airflow/example_dags/example_task_group_decorator.py
[2026-06-01T12:33:21.149+0000] {processor.py:840} INFO - DAG(s) 'example_task_group_decorator' retrieved from /home/airflow/.local/lib/python3.12/site-packages/airflow/example_dags/example_task_group_decorator.py
[2026-06-01T12:33:21.178+0000] {logging_mixin.py:188} INFO - [2026-06-01T12:33:21.177+0000] {dag.py:3096} INFO - Sync 1 DAGs
[2026-06-01T12:33:21.198+0000] {logging_mixin.py:188} INFO - [2026-06-01T12:33:21.198+0000] {dag.py:3954} INFO - Setting next_dagrun for example_task_group_decorator to 2026-05-31 00:00:00+00:00, run_after=2026-06-01 00:00:00+00:00
[2026-06-01T12:33:21.217+0000] {processor.py:183} INFO - Processing /home/airflow/.local/lib/python3.12/site-packages/airflow/example_dags/example_task_group_decorator.py took 0.094 seconds
[2026-06-01T12:33:51.644+0000] {processor.py:161} INFO - Started process (PID=46284) to work on /home/airflow/.local/lib/python3.12/site-packages/airflow/example_dags/example_task_group_decorator.py
[2026-06-01T12:33:51.645+0000] {processor.py:830} INFO - Processing file /home/airflow/.local/lib/python3.12/site-packages/airflow/example_dags/example_task_group_decorator.py for tasks to queue
[2026-06-01T12:33:51.648+0000] {logging_mixin.py:188} INFO - [2026-06-01T12:33:51.647+0000] {dagbag.py:540} INFO - Filling up the DagBag from /home/airflow/.local/lib/python3.12/site-packages/airflow/example_dags/example_task_group_decorator.py
[2026-06-01T12:33:51.659+0000] {processor.py:840} INFO - DAG(s) 'example_task_group_decorator' retrieved from /home/airflow/.local/lib/python3.12/site-packages/airflow/example_dags/example_task_group_decorator.py
[2026-06-01T12:33:51.682+0000] {logging_mixin.py:188} INFO - [2026-06-01T12:33:51.682+0000] {dag.py:3096} INFO - Sync 1 DAGs
[2026-06-01T12:33:51.706+0000] {logging_mixin.py:188} INFO - [2026-06-01T12:33:51.705+0000] {dag.py:3954} INFO - Setting next_dagrun for example_task_group_decorator to 2026-05-31 00:00:00+00:00, run_after=2026-06-01 00:00:00+00:00
[2026-06-01T12:33:51.726+0000] {processor.py:183} INFO - Processing /home/airflow/.local/lib/python3.12/site-packages/airflow/example_dags/example_task_group_decorator.py took 0.087 seconds
[2026-06-01T12:34:22.050+0000] {processor.py:161} INFO - Started process (PID=46343) to work on /home/airflow/.local/lib/python3.12/site-packages/airflow/example_dags/example_task_group_decorator.py
[2026-06-01T12:34:22.051+0000] {processor.py:830} INFO - Processing file /home/airflow/.local/lib/python3.12/site-packages/airflow/example_dags/example_task_group_decorator.py for tasks to queue
[2026-06-01T12:34:22.053+0000] {logging_mixin.py:188} INFO - [2026-06-01T12:34:22.053+0000] {dagbag.py:540} INFO - Filling up the DagBag from /home/airflow/.local/lib/python3.12/site-packages/airflow/example_dags/example_task_group_decorator.py
[2026-06-01T12:34:22.065+0000] {processor.py:840} INFO - DAG(s) 'example_task_group_decorator' retrieved from /home/airflow/.local/lib/python3.12/site-packages/airflow/example_dags/example_task_group_decorator.py
[2026-06-01T12:34:22.085+0000] {logging_mixin.py:188} INFO - [2026-06-01T12:34:22.085+0000] {dag.py:3096} INFO - Sync 1 DAGs
[2026-06-01T12:34:22.221+0000] {logging_mixin.py:188} INFO - [2026-06-01T12:34:22.221+0000] {dag.py:3954} INFO - Setting next_dagrun for example_task_group_decorator to 2026-05-31 00:00:00+00:00, run_after=2026-06-01 00:00:00+00:00
[2026-06-01T12:34:22.235+0000] {processor.py:183} INFO - Processing /home/airflow/.local/lib/python3.12/site-packages/airflow/example_dags/example_task_group_decorator.py took 0.191 seconds
[2026-06-01T12:34:52.579+0000] {processor.py:161} INFO - Started process (PID=46402) to work on /home/airflow/.local/lib/python3.12/site-packages/airflow/example_dags/example_task_group_decorator.py
[2026-06-01T12:34:52.580+0000] {processor.py:830} INFO - Processing file /home/airflow/.local/lib/python3.12/site-packages/airflow/example_dags/example_task_group_decorator.py for tasks to queue
[2026-06-01T12:34:52.582+0000] {logging_mixin.py:188} INFO - [2026-06-01T12:34:52.582+0000] {dagbag.py:540} INFO - Filling up the DagBag from /home/airflow/.local/lib/python3.12/site-packages/airflow/example_dags/example_task_group_decorator.py
[2026-06-01T12:34:52.594+0000] {processor.py:840} INFO - DAG(s) 'example_task_group_decorator' retrieved from /home/airflow/.local/lib/python3.12/site-packages/airflow/example_dags/example_task_group_decorator.py
[2026-06-01T12:34:52.615+0000] {logging_mixin.py:188} INFO - [2026-06-01T12:34:52.615+0000] {dag.py:3096} INFO - Sync 1 DAGs
[2026-06-01T12:34:52.757+0000] {logging_mixin.py:188} INFO - [2026-06-01T12:34:52.756+0000] {dag.py:3954} INFO - Setting next_dagrun for example_task_group_decorator to 2026-05-31 00:00:00+00:00, run_after=2026-06-01 00:00:00+00:00
[2026-06-01T12:34:52.780+0000] {processor.py:183} INFO - Processing /home/airflow/.local/lib/python3.12/site-packages/airflow/example_dags/example_task_group_decorator.py took 0.206 seconds
[2026-06-01T12:35:23.343+0000] {processor.py:161} INFO - Started process (PID=46461) to work on /home/airflow/.local/lib/python3.12/site-packages/airflow/example_dags/example_task_group_decorator.py
[2026-06-01T12:35:23.345+0000] {processor.py:830} INFO - Processing file /home/airflow/.local/lib/python3.12/site-packages/airflow/example_dags/example_task_group_decorator.py for tasks to queue
[2026-06-01T12:35:23.347+0000] {logging_mixin.py:188} INFO - [2026-06-01T12:35:23.347+0000] {dagbag.py:540} INFO - Filling up the DagBag from /home/airflow/.local/lib/python3.12/site-packages/airflow/example_dags/example_task_group_decorator.py
[2026-06-01T12:35:23.359+0000] {processor.py:840} INFO - DAG(s) 'example_task_group_decorator' retrieved from /home/airflow/.local/lib/python3.12/site-packages/airflow/example_dags/example_task_group_decorator.py
[2026-06-01T12:35:23.381+0000] {logging_mixin.py:188} INFO - [2026-06-01T12:35:23.380+0000] {dag.py:3096} INFO - Sync 1 DAGs
[2026-06-01T12:35:23.400+0000] {logging_mixin.py:188} INFO - [2026-06-01T12:35:23.400+0000] {dag.py:3954} INFO - Setting next_dagrun for example_task_group_decorator to 2026-05-31 00:00:00+00:00, run_after=2026-06-01 00:00:00+00:00
[2026-06-01T12:35:23.541+0000] {processor.py:183} INFO - Processing /home/airflow/.local/lib/python3.12/site-packages/airflow/example_dags/example_task_group_decorator.py took 0.203 seconds
[2026-06-01T12:35:53.775+0000] {processor.py:161} INFO - Started process (PID=46520) to work on /home/airflow/.local/lib/python3.12/site-packages/airflow/example_dags/example_task_group_decorator.py
[2026-06-01T12:35:53.776+0000] {processor.py:830} INFO - Processing file /home/airflow/.local/lib/python3.12/site-packages/airflow/example_dags/example_task_group_decorator.py for tasks to queue
[2026-06-01T12:35:53.778+0000] {logging_mixin.py:188} INFO - [2026-06-01T12:35:53.778+0000] {dagbag.py:540} INFO - Filling up the DagBag from /home/airflow/.local/lib/python3.12/site-packages/airflow/example_dags/example_task_group_decorator.py
[2026-06-01T12:35:53.791+0000] {processor.py:840} INFO - DAG(s) 'example_task_group_decorator' retrieved from /home/airflow/.local/lib/python3.12/site-packages/airflow/example_dags/example_task_group_decorator.py
[2026-06-01T12:35:53.811+0000] {logging_mixin.py:188} INFO - [2026-06-01T12:35:53.811+0000] {dag.py:3096} INFO - Sync 1 DAGs
[2026-06-01T12:35:53.830+0000] {logging_mixin.py:188} INFO - [2026-06-01T12:35:53.830+0000] {dag.py:3954} INFO - Setting next_dagrun for example_task_group_decorator to 2026-05-31 00:00:00+00:00, run_after=2026-06-01 00:00:00+00:00
[2026-06-01T12:35:53.848+0000] {processor.py:183} INFO - Processing /home/airflow/.local/lib/python3.12/site-packages/airflow/example_dags/example_task_group_decorator.py took 0.078 seconds
[2026-06-01T12:36:23.910+0000] {processor.py:161} INFO - Started process (PID=46579) to work on /home/airflow/.local/lib/python3.12/site-packages/airflow/example_dags/example_task_group_decorator.py
[2026-06-01T12:36:23.911+0000] {processor.py:830} INFO - Processing file /home/airflow/.local/lib/python3.12/site-packages/airflow/example_dags/example_task_group_decorator.py for tasks to queue
[2026-06-01T12:36:23.912+0000] {logging_mixin.py:188} INFO - [2026-06-01T12:36:23.912+0000] {dagbag.py:540} INFO - Filling up the DagBag from /home/airflow/.local/lib/python3.12/site-packages/airflow/example_dags/example_task_group_decorator.py
[2026-06-01T12:36:23.923+0000] {processor.py:840} INFO - DAG(s) 'example_task_group_decorator' retrieved from /home/airflow/.local/lib/python3.12/site-packages/airflow/example_dags/example_task_group_decorator.py
[2026-06-01T12:36:23.945+0000] {logging_mixin.py:188} INFO - [2026-06-01T12:36:23.945+0000] {dag.py:3096} INFO - Sync 1 DAGs
[2026-06-01T12:36:23.963+0000] {logging_mixin.py:188} INFO - [2026-06-01T12:36:23.963+0000] {dag.py:3954} INFO - Setting next_dagrun for example_task_group_decorator to 2026-05-31 00:00:00+00:00, run_after=2026-06-01 00:00:00+00:00
[2026-06-01T12:36:23.978+0000] {processor.py:183} INFO - Processing /home/airflow/.local/lib/python3.12/site-packages/airflow/example_dags/example_task_group_decorator.py took 0.073 seconds
[2026-06-01T12:36:54.604+0000] {processor.py:161} INFO - Started process (PID=46646) to work on /home/airflow/.local/lib/python3.12/site-packages/airflow/example_dags/example_task_group_decorator.py
[2026-06-01T12:36:54.606+0000] {processor.py:830} INFO - Processing file /home/airflow/.local/lib/python3.12/site-packages/airflow/example_dags/example_task_group_decorator.py for tasks to queue
[2026-06-01T12:36:54.608+0000] {logging_mixin.py:188} INFO - [2026-06-01T12:36:54.607+0000] {dagbag.py:540} INFO - Filling up the DagBag from /home/airflow/.local/lib/python3.12/site-packages/airflow/example_dags/example_task_group_decorator.py
[2026-06-01T12:36:54.619+0000] {processor.py:840} INFO - DAG(s) 'example_task_group_decorator' retrieved from /home/airflow/.local/lib/python3.12/site-packages/airflow/example_dags/example_task_group_decorator.py
[2026-06-01T12:36:54.641+0000] {logging_mixin.py:188} INFO - [2026-06-01T12:36:54.641+0000] {dag.py:3096} INFO - Sync 1 DAGs
[2026-06-01T12:36:54.659+0000] {logging_mixin.py:188} INFO - [2026-06-01T12:36:54.658+0000] {dag.py:3954} INFO - Setting next_dagrun for example_task_group_decorator to 2026-05-31 00:00:00+00:00, run_after=2026-06-01 00:00:00+00:00
[2026-06-01T12:36:54.673+0000] {processor.py:183} INFO - Processing /home/airflow/.local/lib/python3.12/site-packages/airflow/example_dags/example_task_group_decorator.py took 0.074 seconds
[2026-06-01T12:37:25.292+0000] {processor.py:161} INFO - Started process (PID=46705) to work on /home/airflow/.local/lib/python3.12/site-packages/airflow/example_dags/example_task_group_decorator.py
[2026-06-01T12:37:25.293+0000] {processor.py:830} INFO - Processing file /home/airflow/.local/lib/python3.12/site-packages/airflow/example_dags/example_task_group_decorator.py for tasks to queue
[2026-06-01T12:37:25.294+0000] {logging_mixin.py:188} INFO - [2026-06-01T12:37:25.294+0000] {dagbag.py:540} INFO - Filling up the DagBag from /home/airflow/.local/lib/python3.12/site-packages/airflow/example_dags/example_task_group_decorator.py
[2026-06-01T12:37:25.305+0000] {processor.py:840} INFO - DAG(s) 'example_task_group_decorator' retrieved from /home/airflow/.local/lib/python3.12/site-packages/airflow/example_dags/example_task_group_decorator.py
[2026-06-01T12:37:25.325+0000] {logging_mixin.py:188} INFO - [2026-06-01T12:37:25.325+0000] {dag.py:3096} INFO - Sync 1 DAGs
[2026-06-01T12:37:25.341+0000] {logging_mixin.py:188} INFO - [2026-06-01T12:37:25.341+0000] {dag.py:3954} INFO - Setting next_dagrun for example_task_group_decorator to 2026-05-31 00:00:00+00:00, run_after=2026-06-01 00:00:00+00:00
[2026-06-01T12:37:25.357+0000] {processor.py:183} INFO - Processing /home/airflow/.local/lib/python3.12/site-packages/airflow/example_dags/example_task_group_decorator.py took 0.071 seconds
[2026-06-01T12:37:55.881+0000] {processor.py:161} INFO - Started process (PID=46764) to work on /home/airflow/.local/lib/python3.12/site-packages/airflow/example_dags/example_task_group_decorator.py
[2026-06-01T12:37:55.882+0000] {processor.py:830} INFO - Processing file /home/airflow/.local/lib/python3.12/site-packages/airflow/example_dags/example_task_group_decorator.py for tasks to queue
[2026-06-01T12:37:55.883+0000] {logging_mixin.py:188} INFO - [2026-06-01T12:37:55.883+0000] {dagbag.py:540} INFO - Filling up the DagBag from /home/airflow/.local/lib/python3.12/site-packages/airflow/example_dags/example_task_group_decorator.py
[2026-06-01T12:37:55.894+0000] {processor.py:840} INFO - DAG(s) 'example_task_group_decorator' retrieved from /home/airflow/.local/lib/python3.12/site-packages/airflow/example_dags/example_task_group_decorator.py
[2026-06-01T12:37:55.914+0000] {logging_mixin.py:188} INFO - [2026-06-01T12:37:55.914+0000] {dag.py:3096} INFO - Sync 1 DAGs
[2026-06-01T12:37:55.930+0000] {logging_mixin.py:188} INFO - [2026-06-01T12:37:55.930+0000] {dag.py:3954} INFO - Setting next_dagrun for example_task_group_decorator to 2026-05-31 00:00:00+00:00, run_after=2026-06-01 00:00:00+00:00
[2026-06-01T12:37:55.946+0000] {processor.py:183} INFO - Processing /home/airflow/.local/lib/python3.12/site-packages/airflow/example_dags/example_task_group_decorator.py took 0.071 seconds
[2026-06-01T12:38:26.267+0000] {processor.py:161} INFO - Started process (PID=46823) to work on /home/airflow/.local/lib/python3.12/site-packages/airflow/example_dags/example_task_group_decorator.py
[2026-06-01T12:38:26.268+0000] {processor.py:830} INFO - Processing file /home/airflow/.local/lib/python3.12/site-packages/airflow/example_dags/example_task_group_decorator.py for tasks to queue
[2026-06-01T12:38:26.270+0000] {logging_mixin.py:188} INFO - [2026-06-01T12:38:26.270+0000] {dagbag.py:540} INFO - Filling up the DagBag from /home/airflow/.local/lib/python3.12/site-packages/airflow/example_dags/example_task_group_decorator.py
[2026-06-01T12:38:26.284+0000] {processor.py:840} INFO - DAG(s) 'example_task_group_decorator' retrieved from /home/airflow/.local/lib/python3.12/site-packages/airflow/example_dags/example_task_group_decorator.py
[2026-06-01T12:38:26.303+0000] {logging_mixin.py:188} INFO - [2026-06-01T12:38:26.303+0000] {dag.py:3096} INFO - Sync 1 DAGs
[2026-06-01T12:38:26.319+0000] {logging_mixin.py:188} INFO - [2026-06-01T12:38:26.319+0000] {dag.py:3954} INFO - Setting next_dagrun for example_task_group_decorator to 2026-05-31 00:00:00+00:00, run_after=2026-06-01 00:00:00+00:00
[2026-06-01T12:38:26.337+0000] {processor.py:183} INFO - Processing /home/airflow/.local/lib/python3.12/site-packages/airflow/example_dags/example_task_group_decorator.py took 0.074 seconds
[2026-06-01T12:38:56.701+0000] {processor.py:161} INFO - Started process (PID=46882) to work on /home/airflow/.local/lib/python3.12/site-packages/airflow/example_dags/example_task_group_decorator.py
[2026-06-01T12:38:56.702+0000] {processor.py:830} INFO - Processing file /home/airflow/.local/lib/python3.12/site-packages/airflow/example_dags/example_task_group_decorator.py for tasks to queue
[2026-06-01T12:38:56.704+0000] {logging_mixin.py:188} INFO - [2026-06-01T12:38:56.703+0000] {dagbag.py:540} INFO - Filling up the DagBag from /home/airflow/.local/lib/python3.12/site-packages/airflow/example_dags/example_task_group_decorator.py
[2026-06-01T12:38:56.715+0000] {processor.py:840} INFO - DAG(s) 'example_task_group_decorator' retrieved from /home/airflow/.local/lib/python3.12/site-packages/airflow/example_dags/example_task_group_decorator.py
[2026-06-01T12:38:56.735+0000] {logging_mixin.py:188} INFO - [2026-06-01T12:38:56.734+0000] {dag.py:3096} INFO - Sync 1 DAGs
[2026-06-01T12:38:56.751+0000] {logging_mixin.py:188} INFO - [2026-06-01T12:38:56.751+0000] {dag.py:3954} INFO - Setting next_dagrun for example_task_group_decorator to 2026-05-31 00:00:00+00:00, run_after=2026-06-01 00:00:00+00:00
[2026-06-01T12:38:56.766+0000] {processor.py:183} INFO - Processing /home/airflow/.local/lib/python3.12/site-packages/airflow/example_dags/example_task_group_decorator.py took 0.070 seconds
[2026-06-01T12:39:27.178+0000] {processor.py:161} INFO - Started process (PID=46941) to work on /home/airflow/.local/lib/python3.12/site-packages/airflow/example_dags/example_task_group_decorator.py
[2026-06-01T12:39:27.179+0000] {processor.py:830} INFO - Processing file /home/airflow/.local/lib/python3.12/site-packages/airflow/example_dags/example_task_group_decorator.py for tasks to queue
[2026-06-01T12:39:27.182+0000] {logging_mixin.py:188} INFO - [2026-06-01T12:39:27.181+0000] {dagbag.py:540} INFO - Filling up the DagBag from /home/airflow/.local/lib/python3.12/site-packages/airflow/example_dags/example_task_group_decorator.py
[2026-06-01T12:39:27.195+0000] {processor.py:840} INFO - DAG(s) 'example_task_group_decorator' retrieved from /home/airflow/.local/lib/python3.12/site-packages/airflow/example_dags/example_task_group_decorator.py
[2026-06-01T12:39:27.219+0000] {logging_mixin.py:188} INFO - [2026-06-01T12:39:27.219+0000] {dag.py:3096} INFO - Sync 1 DAGs
[2026-06-01T12:39:27.240+0000] {logging_mixin.py:188} INFO - [2026-06-01T12:39:27.240+0000] {dag.py:3954} INFO - Setting next_dagrun for example_task_group_decorator to 2026-05-31 00:00:00+00:00, run_after=2026-06-01 00:00:00+00:00
[2026-06-01T12:39:27.261+0000] {processor.py:183} INFO - Processing /home/airflow/.local/lib/python3.12/site-packages/airflow/example_dags/example_task_group_decorator.py took 0.088 seconds
[2026-06-01T12:39:58.011+0000] {processor.py:161} INFO - Started process (PID=47000) to work on /home/airflow/.local/lib/python3.12/site-packages/airflow/example_dags/example_task_group_decorator.py
[2026-06-01T12:39:58.012+0000] {processor.py:830} INFO - Processing file /home/airflow/.local/lib/python3.12/site-packages/airflow/example_dags/example_task_group_decorator.py for tasks to queue
[2026-06-01T12:39:58.014+0000] {logging_mixin.py:188} INFO - [2026-06-01T12:39:58.013+0000] {dagbag.py:540} INFO - Filling up the DagBag from /home/airflow/.local/lib/python3.12/site-packages/airflow/example_dags/example_task_group_decorator.py
[2026-06-01T12:39:58.026+0000] {processor.py:840} INFO - DAG(s) 'example_task_group_decorator' retrieved from /home/airflow/.local/lib/python3.12/site-packages/airflow/example_dags/example_task_group_decorator.py
[2026-06-01T12:39:58.048+0000] {logging_mixin.py:188} INFO - [2026-06-01T12:39:58.048+0000] {dag.py:3096} INFO - Sync 1 DAGs
[2026-06-01T12:39:58.067+0000] {logging_mixin.py:188} INFO - [2026-06-01T12:39:58.066+0000] {dag.py:3954} INFO - Setting next_dagrun for example_task_group_decorator to 2026-05-31 00:00:00+00:00, run_after=2026-06-01 00:00:00+00:00
[2026-06-01T12:39:58.084+0000] {processor.py:183} INFO - Processing /home/airflow/.local/lib/python3.12/site-packages/airflow/example_dags/example_task_group_decorator.py took 0.079 seconds
[2026-06-01T12:40:28.624+0000] {processor.py:161} INFO - Started process (PID=47059) to work on /home/airflow/.local/lib/python3.12/site-packages/airflow/example_dags/example_task_group_decorator.py
[2026-06-01T12:40:28.625+0000] {processor.py:830} INFO - Processing file /home/airflow/.local/lib/python3.12/site-packages/airflow/example_dags/example_task_group_decorator.py for tasks to queue
[2026-06-01T12:40:28.627+0000] {logging_mixin.py:188} INFO - [2026-06-01T12:40:28.627+0000] {dagbag.py:540} INFO - Filling up the DagBag from /home/airflow/.local/lib/python3.12/site-packages/airflow/example_dags/example_task_group_decorator.py
[2026-06-01T12:40:28.639+0000] {processor.py:840} INFO - DAG(s) 'example_task_group_decorator' retrieved from /home/airflow/.local/lib/python3.12/site-packages/airflow/example_dags/example_task_group_decorator.py
[2026-06-01T12:40:28.659+0000] {logging_mixin.py:188} INFO - [2026-06-01T12:40:28.658+0000] {dag.py:3096} INFO - Sync 1 DAGs
[2026-06-01T12:40:28.681+0000] {logging_mixin.py:188} INFO - [2026-06-01T12:40:28.680+0000] {dag.py:3954} INFO - Setting next_dagrun for example_task_group_decorator to 2026-05-31 00:00:00+00:00, run_after=2026-06-01 00:00:00+00:00
[2026-06-01T12:40:28.697+0000] {processor.py:183} INFO - Processing /home/airflow/.local/lib/python3.12/site-packages/airflow/example_dags/example_task_group_decorator.py took 0.078 seconds
[2026-06-01T12:40:59.161+0000] {processor.py:161} INFO - Started process (PID=47118) to work on /home/airflow/.local/lib/python3.12/site-packages/airflow/example_dags/example_task_group_decorator.py
[2026-06-01T12:40:59.162+0000] {processor.py:830} INFO - Processing file /home/airflow/.local/lib/python3.12/site-packages/airflow/example_dags/example_task_group_decorator.py for tasks to queue
[2026-06-01T12:40:59.164+0000] {logging_mixin.py:188} INFO - [2026-06-01T12:40:59.163+0000] {dagbag.py:540} INFO - Filling up the DagBag from /home/airflow/.local/lib/python3.12/site-packages/airflow/example_dags/example_task_group_decorator.py
[2026-06-01T12:40:59.174+0000] {processor.py:840} INFO - DAG(s) 'example_task_group_decorator' retrieved from /home/airflow/.local/lib/python3.12/site-packages/airflow/example_dags/example_task_group_decorator.py
[2026-06-01T12:40:59.193+0000] {logging_mixin.py:188} INFO - [2026-06-01T12:40:59.193+0000] {dag.py:3096} INFO - Sync 1 DAGs
[2026-06-01T12:40:59.210+0000] {logging_mixin.py:188} INFO - [2026-06-01T12:40:59.210+0000] {dag.py:3954} INFO - Setting next_dagrun for example_task_group_decorator to 2026-05-31 00:00:00+00:00, run_after=2026-06-01 00:00:00+00:00
[2026-06-01T12:40:59.226+0000] {processor.py:183} INFO - Processing /home/airflow/.local/lib/python3.12/site-packages/airflow/example_dags/example_task_group_decorator.py took 0.070 seconds
[2026-06-01T12:41:29.537+0000] {processor.py:161} INFO - Started process (PID=47177) to work on /home/airflow/.local/lib/python3.12/site-packages/airflow/example_dags/example_task_group_decorator.py
[2026-06-01T12:41:29.538+0000] {processor.py:830} INFO - Processing file /home/airflow/.local/lib/python3.12/site-packages/airflow/example_dags/example_task_group_decorator.py for tasks to queue
[2026-06-01T12:41:29.540+0000] {logging_mixin.py:188} INFO - [2026-06-01T12:41:29.539+0000] {dagbag.py:540} INFO - Filling up the DagBag from /home/airflow/.local/lib/python3.12/site-packages/airflow/example_dags/example_task_group_decorator.py
[2026-06-01T12:41:29.551+0000] {processor.py:840} INFO - DAG(s) 'example_task_group_decorator' retrieved from /home/airflow/.local/lib/python3.12/site-packages/airflow/example_dags/example_task_group_decorator.py
[2026-06-01T12:41:29.571+0000] {logging_mixin.py:188} INFO - [2026-06-01T12:41:29.571+0000] {dag.py:3096} INFO - Sync 1 DAGs
[2026-06-01T12:41:29.589+0000] {logging_mixin.py:188} INFO - [2026-06-01T12:41:29.589+0000] {dag.py:3954} INFO - Setting next_dagrun for example_task_group_decorator to 2026-05-31 00:00:00+00:00, run_after=2026-06-01 00:00:00+00:00
[2026-06-01T12:41:29.603+0000] {processor.py:183} INFO - Processing /home/airflow/.local/lib/python3.12/site-packages/airflow/example_dags/example_task_group_decorator.py took 0.071 seconds
[2026-06-01T12:42:00.120+0000] {processor.py:161} INFO - Started process (PID=47236) to work on /home/airflow/.local/lib/python3.12/site-packages/airflow/example_dags/example_task_group_decorator.py
[2026-06-01T12:42:00.121+0000] {processor.py:830} INFO - Processing file /home/airflow/.local/lib/python3.12/site-packages/airflow/example_dags/example_task_group_decorator.py for tasks to queue
[2026-06-01T12:42:00.123+0000] {logging_mixin.py:188} INFO - [2026-06-01T12:42:00.123+0000] {dagbag.py:540} INFO - Filling up the DagBag from /home/airflow/.local/lib/python3.12/site-packages/airflow/example_dags/example_task_group_decorator.py
[2026-06-01T12:42:00.133+0000] {processor.py:840} INFO - DAG(s) 'example_task_group_decorator' retrieved from /home/airflow/.local/lib/python3.12/site-packages/airflow/example_dags/example_task_group_decorator.py
[2026-06-01T12:42:00.151+0000] {logging_mixin.py:188} INFO - [2026-06-01T12:42:00.151+0000] {dag.py:3096} INFO - Sync 1 DAGs
[2026-06-01T12:42:00.168+0000] {logging_mixin.py:188} INFO - [2026-06-01T12:42:00.168+0000] {dag.py:3954} INFO - Setting next_dagrun for example_task_group_decorator to 2026-05-31 00:00:00+00:00, run_after=2026-06-01 00:00:00+00:00
[2026-06-01T12:42:00.183+0000] {processor.py:183} INFO - Processing /home/airflow/.local/lib/python3.12/site-packages/airflow/example_dags/example_task_group_decorator.py took 0.068 seconds
[2026-06-01T12:42:30.474+0000] {processor.py:161} INFO - Started process (PID=47295) to work on /home/airflow/.local/lib/python3.12/site-packages/airflow/example_dags/example_task_group_decorator.py
[2026-06-01T12:42:30.476+0000] {processor.py:830} INFO - Processing file /home/airflow/.local/lib/python3.12/site-packages/airflow/example_dags/example_task_group_decorator.py for tasks to queue
[2026-06-01T12:42:30.478+0000] {logging_mixin.py:188} INFO - [2026-06-01T12:42:30.478+0000] {dagbag.py:540} INFO - Filling up the DagBag from /home/airflow/.local/lib/python3.12/site-packages/airflow/example_dags/example_task_group_decorator.py
[2026-06-01T12:42:30.492+0000] {processor.py:840} INFO - DAG(s) 'example_task_group_decorator' retrieved from /home/airflow/.local/lib/python3.12/site-packages/airflow/example_dags/example_task_group_decorator.py
[2026-06-01T12:42:30.520+0000] {logging_mixin.py:188} INFO - [2026-06-01T12:42:30.519+0000] {dag.py:3096} INFO - Sync 1 DAGs
[2026-06-01T12:42:30.542+0000] {logging_mixin.py:188} INFO - [2026-06-01T12:42:30.542+0000] {dag.py:3954} INFO - Setting next_dagrun for example_task_group_decorator to 2026-05-31 00:00:00+00:00, run_after=2026-06-01 00:00:00+00:00
[2026-06-01T12:42:30.566+0000] {processor.py:183} INFO - Processing /home/airflow/.local/lib/python3.12/site-packages/airflow/example_dags/example_task_group_decorator.py took 0.099 seconds
[2026-06-01T12:43:00.841+0000] {processor.py:161} INFO - Started process (PID=47354) to work on /home/airflow/.local/lib/python3.12/site-packages/airflow/example_dags/example_task_group_decorator.py
[2026-06-01T12:43:00.842+0000] {processor.py:830} INFO - Processing file /home/airflow/.local/lib/python3.12/site-packages/airflow/example_dags/example_task_group_decorator.py for tasks to queue
[2026-06-01T12:43:00.847+0000] {logging_mixin.py:188} INFO - [2026-06-01T12:43:00.846+0000] {dagbag.py:540} INFO - Filling up the DagBag from /home/airflow/.local/lib/python3.12/site-packages/airflow/example_dags/example_task_group_decorator.py
[2026-06-01T12:43:00.861+0000] {processor.py:840} INFO - DAG(s) 'example_task_group_decorator' retrieved from /home/airflow/.local/lib/python3.12/site-packages/airflow/example_dags/example_task_group_decorator.py
[2026-06-01T12:43:00.888+0000] {logging_mixin.py:188} INFO - [2026-06-01T12:43:00.887+0000] {dag.py:3096} INFO - Sync 1 DAGs
[2026-06-01T12:43:00.913+0000] {logging_mixin.py:188} INFO - [2026-06-01T12:43:00.913+0000] {dag.py:3954} INFO - Setting next_dagrun for example_task_group_decorator to 2026-05-31 00:00:00+00:00, run_after=2026-06-01 00:00:00+00:00
[2026-06-01T12:43:00.930+0000] {processor.py:183} INFO - Processing /home/airflow/.local/lib/python3.12/site-packages/airflow/example_dags/example_task_group_decorator.py took 0.095 seconds
[2026-06-01T12:43:31.927+0000] {processor.py:161} INFO - Started process (PID=47412) to work on /home/airflow/.local/lib/python3.12/site-packages/airflow/example_dags/example_task_group_decorator.py
[2026-06-01T12:43:31.928+0000] {processor.py:830} INFO - Processing file /home/airflow/.local/lib/python3.12/site-packages/airflow/example_dags/example_task_group_decorator.py for tasks to queue
[2026-06-01T12:43:31.930+0000] {logging_mixin.py:188} INFO - [2026-06-01T12:43:31.930+0000] {dagbag.py:540} INFO - Filling up the DagBag from /home/airflow/.local/lib/python3.12/site-packages/airflow/example_dags/example_task_group_decorator.py
[2026-06-01T12:43:31.941+0000] {processor.py:840} INFO - DAG(s) 'example_task_group_decorator' retrieved from /home/airflow/.local/lib/python3.12/site-packages/airflow/example_dags/example_task_group_decorator.py
[2026-06-01T12:43:31.961+0000] {logging_mixin.py:188} INFO - [2026-06-01T12:43:31.961+0000] {dag.py:3096} INFO - Sync 1 DAGs
[2026-06-01T12:43:31.977+0000] {logging_mixin.py:188} INFO - [2026-06-01T12:43:31.977+0000] {dag.py:3954} INFO - Setting next_dagrun for example_task_group_decorator to 2026-05-31 00:00:00+00:00, run_after=2026-06-01 00:00:00+00:00
[2026-06-01T12:43:31.993+0000] {processor.py:183} INFO - Processing /home/airflow/.local/lib/python3.12/site-packages/airflow/example_dags/example_task_group_decorator.py took 0.071 seconds
[2026-06-01T12:44:02.709+0000] {processor.py:161} INFO - Started process (PID=47471) to work on /home/airflow/.local/lib/python3.12/site-packages/airflow/example_dags/example_task_group_decorator.py
[2026-06-01T12:44:02.711+0000] {processor.py:830} INFO - Processing file /home/airflow/.local/lib/python3.12/site-packages/airflow/example_dags/example_task_group_decorator.py for tasks to queue
[2026-06-01T12:44:02.715+0000] {logging_mixin.py:188} INFO - [2026-06-01T12:44:02.714+0000] {dagbag.py:540} INFO - Filling up the DagBag from /home/airflow/.local/lib/python3.12/site-packages/airflow/example_dags/example_task_group_decorator.py
[2026-06-01T12:44:02.729+0000] {processor.py:840} INFO - DAG(s) 'example_task_group_decorator' retrieved from /home/airflow/.local/lib/python3.12/site-packages/airflow/example_dags/example_task_group_decorator.py
[2026-06-01T12:44:02.766+0000] {logging_mixin.py:188} INFO - [2026-06-01T12:44:02.766+0000] {dag.py:3096} INFO - Sync 1 DAGs
[2026-06-01T12:44:02.794+0000] {logging_mixin.py:188} INFO - [2026-06-01T12:44:02.794+0000] {dag.py:3954} INFO - Setting next_dagrun for example_task_group_decorator to 2026-05-31 00:00:00+00:00, run_after=2026-06-01 00:00:00+00:00
[2026-06-01T12:44:02.818+0000] {processor.py:183} INFO - Processing /home/airflow/.local/lib/python3.12/site-packages/airflow/example_dags/example_task_group_decorator.py took 0.116 seconds
[2026-06-01T12:44:33.258+0000] {processor.py:161} INFO - Started process (PID=47530) to work on /home/airflow/.local/lib/python3.12/site-packages/airflow/example_dags/example_task_group_decorator.py
[2026-06-01T12:44:33.259+0000] {processor.py:830} INFO - Processing file /home/airflow/.local/lib/python3.12/site-packages/airflow/example_dags/example_task_group_decorator.py for tasks to queue
[2026-06-01T12:44:33.261+0000] {logging_mixin.py:188} INFO - [2026-06-01T12:44:33.260+0000] {dagbag.py:540} INFO - Filling up the DagBag from /home/airflow/.local/lib/python3.12/site-packages/airflow/example_dags/example_task_group_decorator.py
[2026-06-01T12:44:33.274+0000] {processor.py:840} INFO - DAG(s) 'example_task_group_decorator' retrieved from /home/airflow/.local/lib/python3.12/site-packages/airflow/example_dags/example_task_group_decorator.py
[2026-06-01T12:44:33.297+0000] {logging_mixin.py:188} INFO - [2026-06-01T12:44:33.297+0000] {dag.py:3096} INFO - Sync 1 DAGs
[2026-06-01T12:44:33.316+0000] {logging_mixin.py:188} INFO - [2026-06-01T12:44:33.315+0000] {dag.py:3954} INFO - Setting next_dagrun for example_task_group_decorator to 2026-05-31 00:00:00+00:00, run_after=2026-06-01 00:00:00+00:00
[2026-06-01T12:44:33.337+0000] {processor.py:183} INFO - Processing /home/airflow/.local/lib/python3.12/site-packages/airflow/example_dags/example_task_group_decorator.py took 0.085 seconds
[2026-06-01T12:45:03.981+0000] {processor.py:161} INFO - Started process (PID=47589) to work on /home/airflow/.local/lib/python3.12/site-packages/airflow/example_dags/example_task_group_decorator.py
[2026-06-01T12:45:03.982+0000] {processor.py:830} INFO - Processing file /home/airflow/.local/lib/python3.12/site-packages/airflow/example_dags/example_task_group_decorator.py for tasks to queue
[2026-06-01T12:45:03.984+0000] {logging_mixin.py:188} INFO - [2026-06-01T12:45:03.984+0000] {dagbag.py:540} INFO - Filling up the DagBag from /home/airflow/.local/lib/python3.12/site-packages/airflow/example_dags/example_task_group_decorator.py
[2026-06-01T12:45:03.995+0000] {processor.py:840} INFO - DAG(s) 'example_task_group_decorator' retrieved from /home/airflow/.local/lib/python3.12/site-packages/airflow/example_dags/example_task_group_decorator.py
[2026-06-01T12:45:04.015+0000] {logging_mixin.py:188} INFO - [2026-06-01T12:45:04.014+0000] {dag.py:3096} INFO - Sync 1 DAGs
[2026-06-01T12:45:04.031+0000] {logging_mixin.py:188} INFO - [2026-06-01T12:45:04.031+0000] {dag.py:3954} INFO - Setting next_dagrun for example_task_group_decorator to 2026-05-31 00:00:00+00:00, run_after=2026-06-01 00:00:00+00:00
[2026-06-01T12:45:04.051+0000] {processor.py:183} INFO - Processing /home/airflow/.local/lib/python3.12/site-packages/airflow/example_dags/example_task_group_decorator.py took 0.075 seconds
[2026-06-01T12:45:34.941+0000] {processor.py:161} INFO - Started process (PID=47648) to work on /home/airflow/.local/lib/python3.12/site-packages/airflow/example_dags/example_task_group_decorator.py
[2026-06-01T12:45:34.943+0000] {processor.py:830} INFO - Processing file /home/airflow/.local/lib/python3.12/site-packages/airflow/example_dags/example_task_group_decorator.py for tasks to queue
[2026-06-01T12:45:34.945+0000] {logging_mixin.py:188} INFO - [2026-06-01T12:45:34.944+0000] {dagbag.py:540} INFO - Filling up the DagBag from /home/airflow/.local/lib/python3.12/site-packages/airflow/example_dags/example_task_group_decorator.py
[2026-06-01T12:45:34.958+0000] {processor.py:840} INFO - DAG(s) 'example_task_group_decorator' retrieved from /home/airflow/.local/lib/python3.12/site-packages/airflow/example_dags/example_task_group_decorator.py
[2026-06-01T12:45:34.980+0000] {logging_mixin.py:188} INFO - [2026-06-01T12:45:34.980+0000] {dag.py:3096} INFO - Sync 1 DAGs
[2026-06-01T12:45:34.998+0000] {logging_mixin.py:188} INFO - [2026-06-01T12:45:34.998+0000] {dag.py:3954} INFO - Setting next_dagrun for example_task_group_decorator to 2026-05-31 00:00:00+00:00, run_after=2026-06-01 00:00:00+00:00
[2026-06-01T12:45:35.015+0000] {processor.py:183} INFO - Processing /home/airflow/.local/lib/python3.12/site-packages/airflow/example_dags/example_task_group_decorator.py took 0.078 seconds
[2026-06-01T12:46:05.725+0000] {processor.py:161} INFO - Started process (PID=47707) to work on /home/airflow/.local/lib/python3.12/site-packages/airflow/example_dags/example_task_group_decorator.py
[2026-06-01T12:46:05.726+0000] {processor.py:830} INFO - Processing file /home/airflow/.local/lib/python3.12/site-packages/airflow/example_dags/example_task_group_decorator.py for tasks to queue
[2026-06-01T12:46:05.728+0000] {logging_mixin.py:188} INFO - [2026-06-01T12:46:05.728+0000] {dagbag.py:540} INFO - Filling up the DagBag from /home/airflow/.local/lib/python3.12/site-packages/airflow/example_dags/example_task_group_decorator.py
[2026-06-01T12:46:05.739+0000] {processor.py:840} INFO - DAG(s) 'example_task_group_decorator' retrieved from /home/airflow/.local/lib/python3.12/site-packages/airflow/example_dags/example_task_group_decorator.py
[2026-06-01T12:46:05.761+0000] {logging_mixin.py:188} INFO - [2026-06-01T12:46:05.761+0000] {dag.py:3096} INFO - Sync 1 DAGs
[2026-06-01T12:46:05.780+0000] {logging_mixin.py:188} INFO - [2026-06-01T12:46:05.780+0000] {dag.py:3954} INFO - Setting next_dagrun for example_task_group_decorator to 2026-05-31 00:00:00+00:00, run_after=2026-06-01 00:00:00+00:00
[2026-06-01T12:46:05.795+0000] {processor.py:183} INFO - Processing /home/airflow/.local/lib/python3.12/site-packages/airflow/example_dags/example_task_group_decorator.py took 0.075 seconds
[2026-06-01T12:46:36.424+0000] {processor.py:161} INFO - Started process (PID=47765) to work on /home/airflow/.local/lib/python3.12/site-packages/airflow/example_dags/example_task_group_decorator.py
[2026-06-01T12:46:36.425+0000] {processor.py:830} INFO - Processing file /home/airflow/.local/lib/python3.12/site-packages/airflow/example_dags/example_task_group_decorator.py for tasks to queue
[2026-06-01T12:46:36.427+0000] {logging_mixin.py:188} INFO - [2026-06-01T12:46:36.426+0000] {dagbag.py:540} INFO - Filling up the DagBag from /home/airflow/.local/lib/python3.12/site-packages/airflow/example_dags/example_task_group_decorator.py
[2026-06-01T12:46:36.437+0000] {processor.py:840} INFO - DAG(s) 'example_task_group_decorator' retrieved from /home/airflow/.local/lib/python3.12/site-packages/airflow/example_dags/example_task_group_decorator.py
[2026-06-01T12:46:36.456+0000] {logging_mixin.py:188} INFO - [2026-06-01T12:46:36.456+0000] {dag.py:3096} INFO - Sync 1 DAGs
[2026-06-01T12:46:36.472+0000] {logging_mixin.py:188} INFO - [2026-06-01T12:46:36.472+0000] {dag.py:3954} INFO - Setting next_dagrun for example_task_group_decorator to 2026-05-31 00:00:00+00:00, run_after=2026-06-01 00:00:00+00:00
[2026-06-01T12:46:36.488+0000] {processor.py:183} INFO - Processing /home/airflow/.local/lib/python3.12/site-packages/airflow/example_dags/example_task_group_decorator.py took 0.069 seconds
[2026-06-01T12:47:06.841+0000] {processor.py:161} INFO - Started process (PID=47824) to work on /home/airflow/.local/lib/python3.12/site-packages/airflow/example_dags/example_task_group_decorator.py
[2026-06-01T12:47:06.842+0000] {processor.py:830} INFO - Processing file /home/airflow/.local/lib/python3.12/site-packages/airflow/example_dags/example_task_group_decorator.py for tasks to queue
[2026-06-01T12:47:06.843+0000] {logging_mixin.py:188} INFO - [2026-06-01T12:47:06.843+0000] {dagbag.py:540} INFO - Filling up the DagBag from /home/airflow/.local/lib/python3.12/site-packages/airflow/example_dags/example_task_group_decorator.py
[2026-06-01T12:47:06.855+0000] {processor.py:840} INFO - DAG(s) 'example_task_group_decorator' retrieved from /home/airflow/.local/lib/python3.12/site-packages/airflow/example_dags/example_task_group_decorator.py
[2026-06-01T12:47:06.874+0000] {logging_mixin.py:188} INFO - [2026-06-01T12:47:06.873+0000] {dag.py:3096} INFO - Sync 1 DAGs
[2026-06-01T12:47:06.890+0000] {logging_mixin.py:188} INFO - [2026-06-01T12:47:06.890+0000] {dag.py:3954} INFO - Setting next_dagrun for example_task_group_decorator to 2026-05-31 00:00:00+00:00, run_after=2026-06-01 00:00:00+00:00
[2026-06-01T12:47:06.904+0000] {processor.py:183} INFO - Processing /home/airflow/.local/lib/python3.12/site-packages/airflow/example_dags/example_task_group_decorator.py took 0.070 seconds
[2026-06-01T12:47:37.228+0000] {processor.py:161} INFO - Started process (PID=47883) to work on /home/airflow/.local/lib/python3.12/site-packages/airflow/example_dags/example_task_group_decorator.py
[2026-06-01T12:47:37.228+0000] {processor.py:830} INFO - Processing file /home/airflow/.local/lib/python3.12/site-packages/airflow/example_dags/example_task_group_decorator.py for tasks to queue
[2026-06-01T12:47:37.230+0000] {logging_mixin.py:188} INFO - [2026-06-01T12:47:37.230+0000] {dagbag.py:540} INFO - Filling up the DagBag from /home/airflow/.local/lib/python3.12/site-packages/airflow/example_dags/example_task_group_decorator.py
[2026-06-01T12:47:37.240+0000] {processor.py:840} INFO - DAG(s) 'example_task_group_decorator' retrieved from /home/airflow/.local/lib/python3.12/site-packages/airflow/example_dags/example_task_group_decorator.py
[2026-06-01T12:47:37.259+0000] {logging_mixin.py:188} INFO - [2026-06-01T12:47:37.259+0000] {dag.py:3096} INFO - Sync 1 DAGs
[2026-06-01T12:47:37.277+0000] {logging_mixin.py:188} INFO - [2026-06-01T12:47:37.277+0000] {dag.py:3954} INFO - Setting next_dagrun for example_task_group_decorator to 2026-05-31 00:00:00+00:00, run_after=2026-06-01 00:00:00+00:00
[2026-06-01T12:47:37.292+0000] {processor.py:183} INFO - Processing /home/airflow/.local/lib/python3.12/site-packages/airflow/example_dags/example_task_group_decorator.py took 0.069 seconds
[2026-06-01T12:48:07.714+0000] {processor.py:161} INFO - Started process (PID=47942) to work on /home/airflow/.local/lib/python3.12/site-packages/airflow/example_dags/example_task_group_decorator.py
[2026-06-01T12:48:07.716+0000] {processor.py:830} INFO - Processing file /home/airflow/.local/lib/python3.12/site-packages/airflow/example_dags/example_task_group_decorator.py for tasks to queue
[2026-06-01T12:48:07.718+0000] {logging_mixin.py:188} INFO - [2026-06-01T12:48:07.717+0000] {dagbag.py:540} INFO - Filling up the DagBag from /home/airflow/.local/lib/python3.12/site-packages/airflow/example_dags/example_task_group_decorator.py
[2026-06-01T12:48:07.729+0000] {processor.py:840} INFO - DAG(s) 'example_task_group_decorator' retrieved from /home/airflow/.local/lib/python3.12/site-packages/airflow/example_dags/example_task_group_decorator.py
[2026-06-01T12:48:07.751+0000] {logging_mixin.py:188} INFO - [2026-06-01T12:48:07.750+0000] {dag.py:3096} INFO - Sync 1 DAGs
[2026-06-01T12:48:07.769+0000] {logging_mixin.py:188} INFO - [2026-06-01T12:48:07.768+0000] {dag.py:3954} INFO - Setting next_dagrun for example_task_group_decorator to 2026-05-31 00:00:00+00:00, run_after=2026-06-01 00:00:00+00:00
[2026-06-01T12:48:07.783+0000] {processor.py:183} INFO - Processing /home/airflow/.local/lib/python3.12/site-packages/airflow/example_dags/example_task_group_decorator.py took 0.074 seconds
[2026-06-01T12:48:38.056+0000] {processor.py:161} INFO - Started process (PID=48001) to work on /home/airflow/.local/lib/python3.12/site-packages/airflow/example_dags/example_task_group_decorator.py
[2026-06-01T12:48:38.058+0000] {processor.py:830} INFO - Processing file /home/airflow/.local/lib/python3.12/site-packages/airflow/example_dags/example_task_group_decorator.py for tasks to queue
[2026-06-01T12:48:38.060+0000] {logging_mixin.py:188} INFO - [2026-06-01T12:48:38.059+0000] {dagbag.py:540} INFO - Filling up the DagBag from /home/airflow/.local/lib/python3.12/site-packages/airflow/example_dags/example_task_group_decorator.py
[2026-06-01T12:48:38.072+0000] {processor.py:840} INFO - DAG(s) 'example_task_group_decorator' retrieved from /home/airflow/.local/lib/python3.12/site-packages/airflow/example_dags/example_task_group_decorator.py
[2026-06-01T12:48:38.096+0000] {logging_mixin.py:188} INFO - [2026-06-01T12:48:38.096+0000] {dag.py:3096} INFO - Sync 1 DAGs
[2026-06-01T12:48:38.120+0000] {logging_mixin.py:188} INFO - [2026-06-01T12:48:38.118+0000] {dag.py:3954} INFO - Setting next_dagrun for example_task_group_decorator to 2026-05-31 00:00:00+00:00, run_after=2026-06-01 00:00:00+00:00
[2026-06-01T12:48:38.144+0000] {processor.py:183} INFO - Processing /home/airflow/.local/lib/python3.12/site-packages/airflow/example_dags/example_task_group_decorator.py took 0.095 seconds
[2026-06-01T12:49:08.642+0000] {processor.py:161} INFO - Started process (PID=48060) to work on /home/airflow/.local/lib/python3.12/site-packages/airflow/example_dags/example_task_group_decorator.py
[2026-06-01T12:49:08.644+0000] {processor.py:830} INFO - Processing file /home/airflow/.local/lib/python3.12/site-packages/airflow/example_dags/example_task_group_decorator.py for tasks to queue
[2026-06-01T12:49:08.645+0000] {logging_mixin.py:188} INFO - [2026-06-01T12:49:08.645+0000] {dagbag.py:540} INFO - Filling up the DagBag from /home/airflow/.local/lib/python3.12/site-packages/airflow/example_dags/example_task_group_decorator.py
[2026-06-01T12:49:08.657+0000] {processor.py:840} INFO - DAG(s) 'example_task_group_decorator' retrieved from /home/airflow/.local/lib/python3.12/site-packages/airflow/example_dags/example_task_group_decorator.py
[2026-06-01T12:49:08.676+0000] {logging_mixin.py:188} INFO - [2026-06-01T12:49:08.676+0000] {dag.py:3096} INFO - Sync 1 DAGs
[2026-06-01T12:49:08.694+0000] {logging_mixin.py:188} INFO - [2026-06-01T12:49:08.694+0000] {dag.py:3954} INFO - Setting next_dagrun for example_task_group_decorator to 2026-05-31 00:00:00+00:00, run_after=2026-06-01 00:00:00+00:00
[2026-06-01T12:49:08.715+0000] {processor.py:183} INFO - Processing /home/airflow/.local/lib/python3.12/site-packages/airflow/example_dags/example_task_group_decorator.py took 0.077 seconds
[2026-06-01T12:49:38.921+0000] {processor.py:161} INFO - Started process (PID=48119) to work on /home/airflow/.local/lib/python3.12/site-packages/airflow/example_dags/example_task_group_decorator.py
[2026-06-01T12:49:38.923+0000] {processor.py:830} INFO - Processing file /home/airflow/.local/lib/python3.12/site-packages/airflow/example_dags/example_task_group_decorator.py for tasks to queue
[2026-06-01T12:49:38.924+0000] {logging_mixin.py:188} INFO - [2026-06-01T12:49:38.924+0000] {dagbag.py:540} INFO - Filling up the DagBag from /home/airflow/.local/lib/python3.12/site-packages/airflow/example_dags/example_task_group_decorator.py
[2026-06-01T12:49:38.936+0000] {processor.py:840} INFO - DAG(s) 'example_task_group_decorator' retrieved from /home/airflow/.local/lib/python3.12/site-packages/airflow/example_dags/example_task_group_decorator.py
[2026-06-01T12:49:38.955+0000] {logging_mixin.py:188} INFO - [2026-06-01T12:49:38.955+0000] {dag.py:3096} INFO - Sync 1 DAGs
[2026-06-01T12:49:38.972+0000] {logging_mixin.py:188} INFO - [2026-06-01T12:49:38.972+0000] {dag.py:3954} INFO - Setting next_dagrun for example_task_group_decorator to 2026-05-31 00:00:00+00:00, run_after=2026-06-01 00:00:00+00:00
[2026-06-01T12:49:38.995+0000] {processor.py:183} INFO - Processing /home/airflow/.local/lib/python3.12/site-packages/airflow/example_dags/example_task_group_decorator.py took 0.079 seconds
[2026-06-01T12:50:09.331+0000] {processor.py:161} INFO - Started process (PID=48178) to work on /home/airflow/.local/lib/python3.12/site-packages/airflow/example_dags/example_task_group_decorator.py
[2026-06-01T12:50:09.332+0000] {processor.py:830} INFO - Processing file /home/airflow/.local/lib/python3.12/site-packages/airflow/example_dags/example_task_group_decorator.py for tasks to queue
[2026-06-01T12:50:09.334+0000] {logging_mixin.py:188} INFO - [2026-06-01T12:50:09.334+0000] {dagbag.py:540} INFO - Filling up the DagBag from /home/airflow/.local/lib/python3.12/site-packages/airflow/example_dags/example_task_group_decorator.py
[2026-06-01T12:50:09.344+0000] {processor.py:840} INFO - DAG(s) 'example_task_group_decorator' retrieved from /home/airflow/.local/lib/python3.12/site-packages/airflow/example_dags/example_task_group_decorator.py
[2026-06-01T12:50:09.364+0000] {logging_mixin.py:188} INFO - [2026-06-01T12:50:09.364+0000] {dag.py:3096} INFO - Sync 1 DAGs
[2026-06-01T12:50:09.380+0000] {logging_mixin.py:188} INFO - [2026-06-01T12:50:09.380+0000] {dag.py:3954} INFO - Setting next_dagrun for example_task_group_decorator to 2026-05-31 00:00:00+00:00, run_after=2026-06-01 00:00:00+00:00
[2026-06-01T12:50:09.394+0000] {processor.py:183} INFO - Processing /home/airflow/.local/lib/python3.12/site-packages/airflow/example_dags/example_task_group_decorator.py took 0.067 seconds
[2026-06-01T12:50:39.877+0000] {processor.py:161} INFO - Started process (PID=48237) to work on /home/airflow/.local/lib/python3.12/site-packages/airflow/example_dags/example_task_group_decorator.py
[2026-06-01T12:50:39.879+0000] {processor.py:830} INFO - Processing file /home/airflow/.local/lib/python3.12/site-packages/airflow/example_dags/example_task_group_decorator.py for tasks to queue
[2026-06-01T12:50:39.881+0000] {logging_mixin.py:188} INFO - [2026-06-01T12:50:39.880+0000] {dagbag.py:540} INFO - Filling up the DagBag from /home/airflow/.local/lib/python3.12/site-packages/airflow/example_dags/example_task_group_decorator.py
[2026-06-01T12:50:39.892+0000] {processor.py:840} INFO - DAG(s) 'example_task_group_decorator' retrieved from /home/airflow/.local/lib/python3.12/site-packages/airflow/example_dags/example_task_group_decorator.py
[2026-06-01T12:50:39.912+0000] {logging_mixin.py:188} INFO - [2026-06-01T12:50:39.912+0000] {dag.py:3096} INFO - Sync 1 DAGs
[2026-06-01T12:50:39.931+0000] {logging_mixin.py:188} INFO - [2026-06-01T12:50:39.931+0000] {dag.py:3954} INFO - Setting next_dagrun for example_task_group_decorator to 2026-05-31 00:00:00+00:00, run_after=2026-06-01 00:00:00+00:00
[2026-06-01T12:50:39.948+0000] {processor.py:183} INFO - Processing /home/airflow/.local/lib/python3.12/site-packages/airflow/example_dags/example_task_group_decorator.py took 0.075 seconds
[2026-06-01T12:51:10.273+0000] {processor.py:161} INFO - Started process (PID=48296) to work on /home/airflow/.local/lib/python3.12/site-packages/airflow/example_dags/example_task_group_decorator.py
[2026-06-01T12:51:10.274+0000] {processor.py:830} INFO - Processing file /home/airflow/.local/lib/python3.12/site-packages/airflow/example_dags/example_task_group_decorator.py for tasks to queue
[2026-06-01T12:51:10.276+0000] {logging_mixin.py:188} INFO - [2026-06-01T12:51:10.276+0000] {dagbag.py:540} INFO - Filling up the DagBag from /home/airflow/.local/lib/python3.12/site-packages/airflow/example_dags/example_task_group_decorator.py
[2026-06-01T12:51:10.287+0000] {processor.py:840} INFO - DAG(s) 'example_task_group_decorator' retrieved from /home/airflow/.local/lib/python3.12/site-packages/airflow/example_dags/example_task_group_decorator.py
[2026-06-01T12:51:10.307+0000] {logging_mixin.py:188} INFO - [2026-06-01T12:51:10.306+0000] {dag.py:3096} INFO - Sync 1 DAGs
[2026-06-01T12:51:10.324+0000] {logging_mixin.py:188} INFO - [2026-06-01T12:51:10.323+0000] {dag.py:3954} INFO - Setting next_dagrun for example_task_group_decorator to 2026-05-31 00:00:00+00:00, run_after=2026-06-01 00:00:00+00:00
[2026-06-01T12:51:10.342+0000] {processor.py:183} INFO - Processing /home/airflow/.local/lib/python3.12/site-packages/airflow/example_dags/example_task_group_decorator.py took 0.074 seconds
[2026-06-01T12:51:40.709+0000] {processor.py:161} INFO - Started process (PID=48355) to work on /home/airflow/.local/lib/python3.12/site-packages/airflow/example_dags/example_task_group_decorator.py
[2026-06-01T12:51:40.710+0000] {processor.py:830} INFO - Processing file /home/airflow/.local/lib/python3.12/site-packages/airflow/example_dags/example_task_group_decorator.py for tasks to queue
[2026-06-01T12:51:40.712+0000] {logging_mixin.py:188} INFO - [2026-06-01T12:51:40.712+0000] {dagbag.py:540} INFO - Filling up the DagBag from /home/airflow/.local/lib/python3.12/site-packages/airflow/example_dags/example_task_group_decorator.py
[2026-06-01T12:51:40.723+0000] {processor.py:840} INFO - DAG(s) 'example_task_group_decorator' retrieved from /home/airflow/.local/lib/python3.12/site-packages/airflow/example_dags/example_task_group_decorator.py
[2026-06-01T12:51:40.744+0000] {logging_mixin.py:188} INFO - [2026-06-01T12:51:40.744+0000] {dag.py:3096} INFO - Sync 1 DAGs
[2026-06-01T12:51:40.766+0000] {logging_mixin.py:188} INFO - [2026-06-01T12:51:40.766+0000] {dag.py:3954} INFO - Setting next_dagrun for example_task_group_decorator to 2026-05-31 00:00:00+00:00, run_after=2026-06-01 00:00:00+00:00
[2026-06-01T12:51:40.790+0000] {processor.py:183} INFO - Processing /home/airflow/.local/lib/python3.12/site-packages/airflow/example_dags/example_task_group_decorator.py took 0.087 seconds
[2026-06-01T12:52:11.498+0000] {processor.py:161} INFO - Started process (PID=48414) to work on /home/airflow/.local/lib/python3.12/site-packages/airflow/example_dags/example_task_group_decorator.py
[2026-06-01T12:52:11.499+0000] {processor.py:830} INFO - Processing file /home/airflow/.local/lib/python3.12/site-packages/airflow/example_dags/example_task_group_decorator.py for tasks to queue
[2026-06-01T12:52:11.501+0000] {logging_mixin.py:188} INFO - [2026-06-01T12:52:11.500+0000] {dagbag.py:540} INFO - Filling up the DagBag from /home/airflow/.local/lib/python3.12/site-packages/airflow/example_dags/example_task_group_decorator.py
[2026-06-01T12:52:11.511+0000] {processor.py:840} INFO - DAG(s) 'example_task_group_decorator' retrieved from /home/airflow/.local/lib/python3.12/site-packages/airflow/example_dags/example_task_group_decorator.py
[2026-06-01T12:52:11.530+0000] {logging_mixin.py:188} INFO - [2026-06-01T12:52:11.530+0000] {dag.py:3096} INFO - Sync 1 DAGs
[2026-06-01T12:52:11.551+0000] {logging_mixin.py:188} INFO - [2026-06-01T12:52:11.551+0000] {dag.py:3954} INFO - Setting next_dagrun for example_task_group_decorator to 2026-05-31 00:00:00+00:00, run_after=2026-06-01 00:00:00+00:00
[2026-06-01T12:52:11.571+0000] {processor.py:183} INFO - Processing /home/airflow/.local/lib/python3.12/site-packages/airflow/example_dags/example_task_group_decorator.py took 0.078 seconds
[2026-06-01T12:52:41.993+0000] {processor.py:161} INFO - Started process (PID=48473) to work on /home/airflow/.local/lib/python3.12/site-packages/airflow/example_dags/example_task_group_decorator.py
[2026-06-01T12:52:41.994+0000] {processor.py:830} INFO - Processing file /home/airflow/.local/lib/python3.12/site-packages/airflow/example_dags/example_task_group_decorator.py for tasks to queue
[2026-06-01T12:52:41.995+0000] {logging_mixin.py:188} INFO - [2026-06-01T12:52:41.995+0000] {dagbag.py:540} INFO - Filling up the DagBag from /home/airflow/.local/lib/python3.12/site-packages/airflow/example_dags/example_task_group_decorator.py
[2026-06-01T12:52:42.006+0000] {processor.py:840} INFO - DAG(s) 'example_task_group_decorator' retrieved from /home/airflow/.local/lib/python3.12/site-packages/airflow/example_dags/example_task_group_decorator.py
[2026-06-01T12:52:42.026+0000] {logging_mixin.py:188} INFO - [2026-06-01T12:52:42.025+0000] {dag.py:3096} INFO - Sync 1 DAGs
[2026-06-01T12:52:42.042+0000] {logging_mixin.py:188} INFO - [2026-06-01T12:52:42.042+0000] {dag.py:3954} INFO - Setting next_dagrun for example_task_group_decorator to 2026-05-31 00:00:00+00:00, run_after=2026-06-01 00:00:00+00:00
[2026-06-01T12:52:42.060+0000] {processor.py:183} INFO - Processing /home/airflow/.local/lib/python3.12/site-packages/airflow/example_dags/example_task_group_decorator.py took 0.072 seconds
[2026-06-01T12:53:12.272+0000] {processor.py:161} INFO - Started process (PID=48532) to work on /home/airflow/.local/lib/python3.12/site-packages/airflow/example_dags/example_task_group_decorator.py
[2026-06-01T12:53:12.273+0000] {processor.py:830} INFO - Processing file /home/airflow/.local/lib/python3.12/site-packages/airflow/example_dags/example_task_group_decorator.py for tasks to queue
[2026-06-01T12:53:12.275+0000] {logging_mixin.py:188} INFO - [2026-06-01T12:53:12.274+0000] {dagbag.py:540} INFO - Filling up the DagBag from /home/airflow/.local/lib/python3.12/site-packages/airflow/example_dags/example_task_group_decorator.py
[2026-06-01T12:53:12.285+0000] {processor.py:840} INFO - DAG(s) 'example_task_group_decorator' retrieved from /home/airflow/.local/lib/python3.12/site-packages/airflow/example_dags/example_task_group_decorator.py
[2026-06-01T12:53:12.303+0000] {logging_mixin.py:188} INFO - [2026-06-01T12:53:12.303+0000] {dag.py:3096} INFO - Sync 1 DAGs
[2026-06-01T12:53:12.319+0000] {logging_mixin.py:188} INFO - [2026-06-01T12:53:12.319+0000] {dag.py:3954} INFO - Setting next_dagrun for example_task_group_decorator to 2026-05-31 00:00:00+00:00, run_after=2026-06-01 00:00:00+00:00
[2026-06-01T12:53:12.334+0000] {processor.py:183} INFO - Processing /home/airflow/.local/lib/python3.12/site-packages/airflow/example_dags/example_task_group_decorator.py took 0.068 seconds
[2026-06-01T12:53:42.780+0000] {processor.py:161} INFO - Started process (PID=48591) to work on /home/airflow/.local/lib/python3.12/site-packages/airflow/example_dags/example_task_group_decorator.py
[2026-06-01T12:53:42.781+0000] {processor.py:830} INFO - Processing file /home/airflow/.local/lib/python3.12/site-packages/airflow/example_dags/example_task_group_decorator.py for tasks to queue
[2026-06-01T12:53:42.783+0000] {logging_mixin.py:188} INFO - [2026-06-01T12:53:42.783+0000] {dagbag.py:540} INFO - Filling up the DagBag from /home/airflow/.local/lib/python3.12/site-packages/airflow/example_dags/example_task_group_decorator.py
[2026-06-01T12:53:42.793+0000] {processor.py:840} INFO - DAG(s) 'example_task_group_decorator' retrieved from /home/airflow/.local/lib/python3.12/site-packages/airflow/example_dags/example_task_group_decorator.py
[2026-06-01T12:53:42.813+0000] {logging_mixin.py:188} INFO - [2026-06-01T12:53:42.813+0000] {dag.py:3096} INFO - Sync 1 DAGs
[2026-06-01T12:53:42.830+0000] {logging_mixin.py:188} INFO - [2026-06-01T12:53:42.830+0000] {dag.py:3954} INFO - Setting next_dagrun for example_task_group_decorator to 2026-05-31 00:00:00+00:00, run_after=2026-06-01 00:00:00+00:00
[2026-06-01T12:53:42.844+0000] {processor.py:183} INFO - Processing /home/airflow/.local/lib/python3.12/site-packages/airflow/example_dags/example_task_group_decorator.py took 0.069 seconds
[2026-06-01T12:54:13.156+0000] {processor.py:161} INFO - Started process (PID=48650) to work on /home/airflow/.local/lib/python3.12/site-packages/airflow/example_dags/example_task_group_decorator.py
[2026-06-01T12:54:13.157+0000] {processor.py:830} INFO - Processing file /home/airflow/.local/lib/python3.12/site-packages/airflow/example_dags/example_task_group_decorator.py for tasks to queue
[2026-06-01T12:54:13.158+0000] {logging_mixin.py:188} INFO - [2026-06-01T12:54:13.158+0000] {dagbag.py:540} INFO - Filling up the DagBag from /home/airflow/.local/lib/python3.12/site-packages/airflow/example_dags/example_task_group_decorator.py
[2026-06-01T12:54:13.169+0000] {processor.py:840} INFO - DAG(s) 'example_task_group_decorator' retrieved from /home/airflow/.local/lib/python3.12/site-packages/airflow/example_dags/example_task_group_decorator.py
[2026-06-01T12:54:13.188+0000] {logging_mixin.py:188} INFO - [2026-06-01T12:54:13.187+0000] {dag.py:3096} INFO - Sync 1 DAGs
[2026-06-01T12:54:13.205+0000] {logging_mixin.py:188} INFO - [2026-06-01T12:54:13.205+0000] {dag.py:3954} INFO - Setting next_dagrun for example_task_group_decorator to 2026-05-31 00:00:00+00:00, run_after=2026-06-01 00:00:00+00:00
[2026-06-01T12:54:13.220+0000] {processor.py:183} INFO - Processing /home/airflow/.local/lib/python3.12/site-packages/airflow/example_dags/example_task_group_decorator.py took 0.069 seconds
[2026-06-01T12:54:43.836+0000] {processor.py:161} INFO - Started process (PID=48709) to work on /home/airflow/.local/lib/python3.12/site-packages/airflow/example_dags/example_task_group_decorator.py
[2026-06-01T12:54:43.836+0000] {processor.py:830} INFO - Processing file /home/airflow/.local/lib/python3.12/site-packages/airflow/example_dags/example_task_group_decorator.py for tasks to queue
[2026-06-01T12:54:43.838+0000] {logging_mixin.py:188} INFO - [2026-06-01T12:54:43.838+0000] {dagbag.py:540} INFO - Filling up the DagBag from /home/airflow/.local/lib/python3.12/site-packages/airflow/example_dags/example_task_group_decorator.py
[2026-06-01T12:54:43.848+0000] {processor.py:840} INFO - DAG(s) 'example_task_group_decorator' retrieved from /home/airflow/.local/lib/python3.12/site-packages/airflow/example_dags/example_task_group_decorator.py
[2026-06-01T12:54:43.868+0000] {logging_mixin.py:188} INFO - [2026-06-01T12:54:43.867+0000] {dag.py:3096} INFO - Sync 1 DAGs
[2026-06-01T12:54:43.885+0000] {logging_mixin.py:188} INFO - [2026-06-01T12:54:43.885+0000] {dag.py:3954} INFO - Setting next_dagrun for example_task_group_decorator to 2026-05-31 00:00:00+00:00, run_after=2026-06-01 00:00:00+00:00
[2026-06-01T12:54:43.900+0000] {processor.py:183} INFO - Processing /home/airflow/.local/lib/python3.12/site-packages/airflow/example_dags/example_task_group_decorator.py took 0.069 seconds
[2026-06-01T12:55:14.335+0000] {processor.py:161} INFO - Started process (PID=48768) to work on /home/airflow/.local/lib/python3.12/site-packages/airflow/example_dags/example_task_group_decorator.py
[2026-06-01T12:55:14.336+0000] {processor.py:830} INFO - Processing file /home/airflow/.local/lib/python3.12/site-packages/airflow/example_dags/example_task_group_decorator.py for tasks to queue
[2026-06-01T12:55:14.338+0000] {logging_mixin.py:188} INFO - [2026-06-01T12:55:14.338+0000] {dagbag.py:540} INFO - Filling up the DagBag from /home/airflow/.local/lib/python3.12/site-packages/airflow/example_dags/example_task_group_decorator.py
[2026-06-01T12:55:14.349+0000] {processor.py:840} INFO - DAG(s) 'example_task_group_decorator' retrieved from /home/airflow/.local/lib/python3.12/site-packages/airflow/example_dags/example_task_group_decorator.py
[2026-06-01T12:55:14.368+0000] {logging_mixin.py:188} INFO - [2026-06-01T12:55:14.368+0000] {dag.py:3096} INFO - Sync 1 DAGs
[2026-06-01T12:55:14.384+0000] {logging_mixin.py:188} INFO - [2026-06-01T12:55:14.384+0000] {dag.py:3954} INFO - Setting next_dagrun for example_task_group_decorator to 2026-05-31 00:00:00+00:00, run_after=2026-06-01 00:00:00+00:00
[2026-06-01T12:55:14.399+0000] {processor.py:183} INFO - Processing /home/airflow/.local/lib/python3.12/site-packages/airflow/example_dags/example_task_group_decorator.py took 0.069 seconds
[2026-06-01T12:55:44.710+0000] {processor.py:161} INFO - Started process (PID=48827) to work on /home/airflow/.local/lib/python3.12/site-packages/airflow/example_dags/example_task_group_decorator.py
[2026-06-01T12:55:44.711+0000] {processor.py:830} INFO - Processing file /home/airflow/.local/lib/python3.12/site-packages/airflow/example_dags/example_task_group_decorator.py for tasks to queue
[2026-06-01T12:55:44.713+0000] {logging_mixin.py:188} INFO - [2026-06-01T12:55:44.713+0000] {dagbag.py:540} INFO - Filling up the DagBag from /home/airflow/.local/lib/python3.12/site-packages/airflow/example_dags/example_task_group_decorator.py
[2026-06-01T12:55:44.724+0000] {processor.py:840} INFO - DAG(s) 'example_task_group_decorator' retrieved from /home/airflow/.local/lib/python3.12/site-packages/airflow/example_dags/example_task_group_decorator.py
[2026-06-01T12:55:44.743+0000] {logging_mixin.py:188} INFO - [2026-06-01T12:55:44.743+0000] {dag.py:3096} INFO - Sync 1 DAGs
[2026-06-01T12:55:44.763+0000] {logging_mixin.py:188} INFO - [2026-06-01T12:55:44.762+0000] {dag.py:3954} INFO - Setting next_dagrun for example_task_group_decorator to 2026-05-31 00:00:00+00:00, run_after=2026-06-01 00:00:00+00:00
[2026-06-01T12:55:44.781+0000] {processor.py:183} INFO - Processing /home/airflow/.local/lib/python3.12/site-packages/airflow/example_dags/example_task_group_decorator.py took 0.075 seconds
[2026-06-01T12:56:15.376+0000] {processor.py:161} INFO - Started process (PID=48886) to work on /home/airflow/.local/lib/python3.12/site-packages/airflow/example_dags/example_task_group_decorator.py
[2026-06-01T12:56:15.378+0000] {processor.py:830} INFO - Processing file /home/airflow/.local/lib/python3.12/site-packages/airflow/example_dags/example_task_group_decorator.py for tasks to queue
[2026-06-01T12:56:15.380+0000] {logging_mixin.py:188} INFO - [2026-06-01T12:56:15.379+0000] {dagbag.py:540} INFO - Filling up the DagBag from /home/airflow/.local/lib/python3.12/site-packages/airflow/example_dags/example_task_group_decorator.py
[2026-06-01T12:56:15.390+0000] {processor.py:840} INFO - DAG(s) 'example_task_group_decorator' retrieved from /home/airflow/.local/lib/python3.12/site-packages/airflow/example_dags/example_task_group_decorator.py
[2026-06-01T12:56:15.410+0000] {logging_mixin.py:188} INFO - [2026-06-01T12:56:15.409+0000] {dag.py:3096} INFO - Sync 1 DAGs
[2026-06-01T12:56:15.425+0000] {logging_mixin.py:188} INFO - [2026-06-01T12:56:15.425+0000] {dag.py:3954} INFO - Setting next_dagrun for example_task_group_decorator to 2026-05-31 00:00:00+00:00, run_after=2026-06-01 00:00:00+00:00
[2026-06-01T12:56:15.442+0000] {processor.py:183} INFO - Processing /home/airflow/.local/lib/python3.12/site-packages/airflow/example_dags/example_task_group_decorator.py took 0.070 seconds
[2026-06-01T12:56:45.886+0000] {processor.py:161} INFO - Started process (PID=48945) to work on /home/airflow/.local/lib/python3.12/site-packages/airflow/example_dags/example_task_group_decorator.py
[2026-06-01T12:56:45.887+0000] {processor.py:830} INFO - Processing file /home/airflow/.local/lib/python3.12/site-packages/airflow/example_dags/example_task_group_decorator.py for tasks to queue
[2026-06-01T12:56:45.889+0000] {logging_mixin.py:188} INFO - [2026-06-01T12:56:45.889+0000] {dagbag.py:540} INFO - Filling up the DagBag from /home/airflow/.local/lib/python3.12/site-packages/airflow/example_dags/example_task_group_decorator.py
[2026-06-01T12:56:45.901+0000] {processor.py:840} INFO - DAG(s) 'example_task_group_decorator' retrieved from /home/airflow/.local/lib/python3.12/site-packages/airflow/example_dags/example_task_group_decorator.py
[2026-06-01T12:56:45.922+0000] {logging_mixin.py:188} INFO - [2026-06-01T12:56:45.922+0000] {dag.py:3096} INFO - Sync 1 DAGs
[2026-06-01T12:56:45.941+0000] {logging_mixin.py:188} INFO - [2026-06-01T12:56:45.941+0000] {dag.py:3954} INFO - Setting next_dagrun for example_task_group_decorator to 2026-05-31 00:00:00+00:00, run_after=2026-06-01 00:00:00+00:00
[2026-06-01T12:56:45.958+0000] {processor.py:183} INFO - Processing /home/airflow/.local/lib/python3.12/site-packages/airflow/example_dags/example_task_group_decorator.py took 0.078 seconds
[2026-06-01T12:57:16.250+0000] {processor.py:161} INFO - Started process (PID=49004) to work on /home/airflow/.local/lib/python3.12/site-packages/airflow/example_dags/example_task_group_decorator.py
[2026-06-01T12:57:16.252+0000] {processor.py:830} INFO - Processing file /home/airflow/.local/lib/python3.12/site-packages/airflow/example_dags/example_task_group_decorator.py for tasks to queue
[2026-06-01T12:57:16.254+0000] {logging_mixin.py:188} INFO - [2026-06-01T12:57:16.254+0000] {dagbag.py:540} INFO - Filling up the DagBag from /home/airflow/.local/lib/python3.12/site-packages/airflow/example_dags/example_task_group_decorator.py
[2026-06-01T12:57:16.265+0000] {processor.py:840} INFO - DAG(s) 'example_task_group_decorator' retrieved from /home/airflow/.local/lib/python3.12/site-packages/airflow/example_dags/example_task_group_decorator.py
[2026-06-01T12:57:16.286+0000] {logging_mixin.py:188} INFO - [2026-06-01T12:57:16.285+0000] {dag.py:3096} INFO - Sync 1 DAGs
[2026-06-01T12:57:16.302+0000] {logging_mixin.py:188} INFO - [2026-06-01T12:57:16.302+0000] {dag.py:3954} INFO - Setting next_dagrun for example_task_group_decorator to 2026-05-31 00:00:00+00:00, run_after=2026-06-01 00:00:00+00:00
[2026-06-01T12:57:16.321+0000] {processor.py:183} INFO - Processing /home/airflow/.local/lib/python3.12/site-packages/airflow/example_dags/example_task_group_decorator.py took 0.075 seconds
[2026-06-01T12:57:46.917+0000] {processor.py:161} INFO - Started process (PID=49063) to work on /home/airflow/.local/lib/python3.12/site-packages/airflow/example_dags/example_task_group_decorator.py
[2026-06-01T12:57:46.919+0000] {processor.py:830} INFO - Processing file /home/airflow/.local/lib/python3.12/site-packages/airflow/example_dags/example_task_group_decorator.py for tasks to queue
[2026-06-01T12:57:46.921+0000] {logging_mixin.py:188} INFO - [2026-06-01T12:57:46.921+0000] {dagbag.py:540} INFO - Filling up the DagBag from /home/airflow/.local/lib/python3.12/site-packages/airflow/example_dags/example_task_group_decorator.py
[2026-06-01T12:57:46.932+0000] {processor.py:840} INFO - DAG(s) 'example_task_group_decorator' retrieved from /home/airflow/.local/lib/python3.12/site-packages/airflow/example_dags/example_task_group_decorator.py
[2026-06-01T12:57:46.949+0000] {logging_mixin.py:188} INFO - [2026-06-01T12:57:46.949+0000] {dag.py:3096} INFO - Sync 1 DAGs
[2026-06-01T12:57:46.964+0000] {logging_mixin.py:188} INFO - [2026-06-01T12:57:46.964+0000] {dag.py:3954} INFO - Setting next_dagrun for example_task_group_decorator to 2026-05-31 00:00:00+00:00, run_after=2026-06-01 00:00:00+00:00
[2026-06-01T12:57:46.979+0000] {processor.py:183} INFO - Processing /home/airflow/.local/lib/python3.12/site-packages/airflow/example_dags/example_task_group_decorator.py took 0.066 seconds
[2026-06-01T18:02:34.321+0000] {processor.py:161} INFO - Started process (PID=109) to work on /home/airflow/.local/lib/python3.12/site-packages/airflow/example_dags/example_task_group_decorator.py
[2026-06-01T18:02:34.323+0000] {processor.py:830} INFO - Processing file /home/airflow/.local/lib/python3.12/site-packages/airflow/example_dags/example_task_group_decorator.py for tasks to queue
[2026-06-01T18:02:34.326+0000] {logging_mixin.py:188} INFO - [2026-06-01T18:02:34.325+0000] {dagbag.py:540} INFO - Filling up the DagBag from /home/airflow/.local/lib/python3.12/site-packages/airflow/example_dags/example_task_group_decorator.py
[2026-06-01T18:02:34.349+0000] {processor.py:840} INFO - DAG(s) 'example_task_group_decorator' retrieved from /home/airflow/.local/lib/python3.12/site-packages/airflow/example_dags/example_task_group_decorator.py
[2026-06-01T18:02:34.402+0000] {logging_mixin.py:188} INFO - [2026-06-01T18:02:34.401+0000] {dag.py:3096} INFO - Sync 1 DAGs
[2026-06-01T18:02:34.439+0000] {logging_mixin.py:188} INFO - [2026-06-01T18:02:34.439+0000] {dag.py:3954} INFO - Setting next_dagrun for example_task_group_decorator to 2026-05-31 00:00:00+00:00, run_after=2026-06-01 00:00:00+00:00
[2026-06-01T18:02:34.481+0000] {processor.py:183} INFO - Processing /home/airflow/.local/lib/python3.12/site-packages/airflow/example_dags/example_task_group_decorator.py took 0.167 seconds
[2026-06-01T18:03:05.378+0000] {processor.py:161} INFO - Started process (PID=168) to work on /home/airflow/.local/lib/python3.12/site-packages/airflow/example_dags/example_task_group_decorator.py
[2026-06-01T18:03:05.379+0000] {processor.py:830} INFO - Processing file /home/airflow/.local/lib/python3.12/site-packages/airflow/example_dags/example_task_group_decorator.py for tasks to queue
[2026-06-01T18:03:05.381+0000] {logging_mixin.py:188} INFO - [2026-06-01T18:03:05.381+0000] {dagbag.py:540} INFO - Filling up the DagBag from /home/airflow/.local/lib/python3.12/site-packages/airflow/example_dags/example_task_group_decorator.py
[2026-06-01T18:03:05.393+0000] {processor.py:840} INFO - DAG(s) 'example_task_group_decorator' retrieved from /home/airflow/.local/lib/python3.12/site-packages/airflow/example_dags/example_task_group_decorator.py
[2026-06-01T18:03:05.414+0000] {logging_mixin.py:188} INFO - [2026-06-01T18:03:05.414+0000] {dag.py:3096} INFO - Sync 1 DAGs
[2026-06-01T18:03:05.435+0000] {logging_mixin.py:188} INFO - [2026-06-01T18:03:05.434+0000] {dag.py:3954} INFO - Setting next_dagrun for example_task_group_decorator to 2026-05-31 00:00:00+00:00, run_after=2026-06-01 00:00:00+00:00
[2026-06-01T18:03:05.453+0000] {processor.py:183} INFO - Processing /home/airflow/.local/lib/python3.12/site-packages/airflow/example_dags/example_task_group_decorator.py took 0.080 seconds
[2026-06-01T18:03:36.176+0000] {processor.py:161} INFO - Started process (PID=227) to work on /home/airflow/.local/lib/python3.12/site-packages/airflow/example_dags/example_task_group_decorator.py
[2026-06-01T18:03:36.177+0000] {processor.py:830} INFO - Processing file /home/airflow/.local/lib/python3.12/site-packages/airflow/example_dags/example_task_group_decorator.py for tasks to queue
[2026-06-01T18:03:36.179+0000] {logging_mixin.py:188} INFO - [2026-06-01T18:03:36.179+0000] {dagbag.py:540} INFO - Filling up the DagBag from /home/airflow/.local/lib/python3.12/site-packages/airflow/example_dags/example_task_group_decorator.py
[2026-06-01T18:03:36.190+0000] {processor.py:840} INFO - DAG(s) 'example_task_group_decorator' retrieved from /home/airflow/.local/lib/python3.12/site-packages/airflow/example_dags/example_task_group_decorator.py
[2026-06-01T18:03:36.210+0000] {logging_mixin.py:188} INFO - [2026-06-01T18:03:36.210+0000] {dag.py:3096} INFO - Sync 1 DAGs
[2026-06-01T18:03:36.227+0000] {logging_mixin.py:188} INFO - [2026-06-01T18:03:36.227+0000] {dag.py:3954} INFO - Setting next_dagrun for example_task_group_decorator to 2026-05-31 00:00:00+00:00, run_after=2026-06-01 00:00:00+00:00
[2026-06-01T18:03:36.244+0000] {processor.py:183} INFO - Processing /home/airflow/.local/lib/python3.12/site-packages/airflow/example_dags/example_task_group_decorator.py took 0.073 seconds
[2026-06-01T18:04:07.175+0000] {processor.py:161} INFO - Started process (PID=286) to work on /home/airflow/.local/lib/python3.12/site-packages/airflow/example_dags/example_task_group_decorator.py
[2026-06-01T18:04:07.176+0000] {processor.py:830} INFO - Processing file /home/airflow/.local/lib/python3.12/site-packages/airflow/example_dags/example_task_group_decorator.py for tasks to queue
[2026-06-01T18:04:07.178+0000] {logging_mixin.py:188} INFO - [2026-06-01T18:04:07.177+0000] {dagbag.py:540} INFO - Filling up the DagBag from /home/airflow/.local/lib/python3.12/site-packages/airflow/example_dags/example_task_group_decorator.py
[2026-06-01T18:04:07.188+0000] {processor.py:840} INFO - DAG(s) 'example_task_group_decorator' retrieved from /home/airflow/.local/lib/python3.12/site-packages/airflow/example_dags/example_task_group_decorator.py
[2026-06-01T18:04:07.208+0000] {logging_mixin.py:188} INFO - [2026-06-01T18:04:07.208+0000] {dag.py:3096} INFO - Sync 1 DAGs
[2026-06-01T18:04:07.225+0000] {logging_mixin.py:188} INFO - [2026-06-01T18:04:07.225+0000] {dag.py:3954} INFO - Setting next_dagrun for example_task_group_decorator to 2026-05-31 00:00:00+00:00, run_after=2026-06-01 00:00:00+00:00
[2026-06-01T18:04:07.241+0000] {processor.py:183} INFO - Processing /home/airflow/.local/lib/python3.12/site-packages/airflow/example_dags/example_task_group_decorator.py took 0.071 seconds
[2026-06-01T18:04:37.760+0000] {processor.py:161} INFO - Started process (PID=345) to work on /home/airflow/.local/lib/python3.12/site-packages/airflow/example_dags/example_task_group_decorator.py
[2026-06-01T18:04:37.761+0000] {processor.py:830} INFO - Processing file /home/airflow/.local/lib/python3.12/site-packages/airflow/example_dags/example_task_group_decorator.py for tasks to queue
[2026-06-01T18:04:37.763+0000] {logging_mixin.py:188} INFO - [2026-06-01T18:04:37.763+0000] {dagbag.py:540} INFO - Filling up the DagBag from /home/airflow/.local/lib/python3.12/site-packages/airflow/example_dags/example_task_group_decorator.py
[2026-06-01T18:04:37.781+0000] {processor.py:840} INFO - DAG(s) 'example_task_group_decorator' retrieved from /home/airflow/.local/lib/python3.12/site-packages/airflow/example_dags/example_task_group_decorator.py
[2026-06-01T18:04:37.812+0000] {logging_mixin.py:188} INFO - [2026-06-01T18:04:37.811+0000] {dag.py:3096} INFO - Sync 1 DAGs
[2026-06-01T18:04:37.839+0000] {logging_mixin.py:188} INFO - [2026-06-01T18:04:37.839+0000] {dag.py:3954} INFO - Setting next_dagrun for example_task_group_decorator to 2026-05-31 00:00:00+00:00, run_after=2026-06-01 00:00:00+00:00
[2026-06-01T18:04:37.860+0000] {processor.py:183} INFO - Processing /home/airflow/.local/lib/python3.12/site-packages/airflow/example_dags/example_task_group_decorator.py took 0.106 seconds
[2026-06-01T18:05:08.350+0000] {processor.py:161} INFO - Started process (PID=404) to work on /home/airflow/.local/lib/python3.12/site-packages/airflow/example_dags/example_task_group_decorator.py
[2026-06-01T18:05:08.351+0000] {processor.py:830} INFO - Processing file /home/airflow/.local/lib/python3.12/site-packages/airflow/example_dags/example_task_group_decorator.py for tasks to queue
[2026-06-01T18:05:08.353+0000] {logging_mixin.py:188} INFO - [2026-06-01T18:05:08.353+0000] {dagbag.py:540} INFO - Filling up the DagBag from /home/airflow/.local/lib/python3.12/site-packages/airflow/example_dags/example_task_group_decorator.py
[2026-06-01T18:05:08.365+0000] {processor.py:840} INFO - DAG(s) 'example_task_group_decorator' retrieved from /home/airflow/.local/lib/python3.12/site-packages/airflow/example_dags/example_task_group_decorator.py
[2026-06-01T18:05:08.390+0000] {logging_mixin.py:188} INFO - [2026-06-01T18:05:08.390+0000] {dag.py:3096} INFO - Sync 1 DAGs
[2026-06-01T18:05:08.414+0000] {logging_mixin.py:188} INFO - [2026-06-01T18:05:08.413+0000] {dag.py:3954} INFO - Setting next_dagrun for example_task_group_decorator to 2026-05-31 00:00:00+00:00, run_after=2026-06-01 00:00:00+00:00
[2026-06-01T18:05:08.438+0000] {processor.py:183} INFO - Processing /home/airflow/.local/lib/python3.12/site-packages/airflow/example_dags/example_task_group_decorator.py took 0.094 seconds
[2026-06-01T18:06:55.273+0000] {processor.py:161} INFO - Started process (PID=118) to work on /home/airflow/.local/lib/python3.12/site-packages/airflow/example_dags/example_task_group_decorator.py
[2026-06-01T18:06:55.279+0000] {processor.py:830} INFO - Processing file /home/airflow/.local/lib/python3.12/site-packages/airflow/example_dags/example_task_group_decorator.py for tasks to queue
[2026-06-01T18:06:55.285+0000] {logging_mixin.py:188} INFO - [2026-06-01T18:06:55.284+0000] {dagbag.py:540} INFO - Filling up the DagBag from /home/airflow/.local/lib/python3.12/site-packages/airflow/example_dags/example_task_group_decorator.py
[2026-06-01T18:06:55.351+0000] {processor.py:840} INFO - DAG(s) 'example_task_group_decorator' retrieved from /home/airflow/.local/lib/python3.12/site-packages/airflow/example_dags/example_task_group_decorator.py
[2026-06-01T18:06:55.559+0000] {logging_mixin.py:188} INFO - [2026-06-01T18:06:55.557+0000] {dag.py:3096} INFO - Sync 1 DAGs
[2026-06-01T18:06:55.722+0000] {logging_mixin.py:188} INFO - [2026-06-01T18:06:55.721+0000] {dag.py:3954} INFO - Setting next_dagrun for example_task_group_decorator to 2026-05-31 00:00:00+00:00, run_after=2026-06-01 00:00:00+00:00
[2026-06-01T18:06:55.834+0000] {processor.py:183} INFO - Processing /home/airflow/.local/lib/python3.12/site-packages/airflow/example_dags/example_task_group_decorator.py took 0.584 seconds
[2026-06-01T18:07:26.393+0000] {processor.py:161} INFO - Started process (PID=177) to work on /home/airflow/.local/lib/python3.12/site-packages/airflow/example_dags/example_task_group_decorator.py
[2026-06-01T18:07:26.394+0000] {processor.py:830} INFO - Processing file /home/airflow/.local/lib/python3.12/site-packages/airflow/example_dags/example_task_group_decorator.py for tasks to queue
[2026-06-01T18:07:26.396+0000] {logging_mixin.py:188} INFO - [2026-06-01T18:07:26.395+0000] {dagbag.py:540} INFO - Filling up the DagBag from /home/airflow/.local/lib/python3.12/site-packages/airflow/example_dags/example_task_group_decorator.py
[2026-06-01T18:07:26.409+0000] {processor.py:840} INFO - DAG(s) 'example_task_group_decorator' retrieved from /home/airflow/.local/lib/python3.12/site-packages/airflow/example_dags/example_task_group_decorator.py
[2026-06-01T18:07:26.433+0000] {logging_mixin.py:188} INFO - [2026-06-01T18:07:26.433+0000] {dag.py:3096} INFO - Sync 1 DAGs
[2026-06-01T18:07:26.453+0000] {logging_mixin.py:188} INFO - [2026-06-01T18:07:26.453+0000] {dag.py:3954} INFO - Setting next_dagrun for example_task_group_decorator to 2026-05-31 00:00:00+00:00, run_after=2026-06-01 00:00:00+00:00
[2026-06-01T18:07:26.474+0000] {processor.py:183} INFO - Processing /home/airflow/.local/lib/python3.12/site-packages/airflow/example_dags/example_task_group_decorator.py took 0.086 seconds
[2026-06-01T18:07:57.269+0000] {processor.py:161} INFO - Started process (PID=236) to work on /home/airflow/.local/lib/python3.12/site-packages/airflow/example_dags/example_task_group_decorator.py
[2026-06-01T18:07:57.270+0000] {processor.py:830} INFO - Processing file /home/airflow/.local/lib/python3.12/site-packages/airflow/example_dags/example_task_group_decorator.py for tasks to queue
[2026-06-01T18:07:57.272+0000] {logging_mixin.py:188} INFO - [2026-06-01T18:07:57.272+0000] {dagbag.py:540} INFO - Filling up the DagBag from /home/airflow/.local/lib/python3.12/site-packages/airflow/example_dags/example_task_group_decorator.py
[2026-06-01T18:07:57.431+0000] {processor.py:840} INFO - DAG(s) 'example_task_group_decorator' retrieved from /home/airflow/.local/lib/python3.12/site-packages/airflow/example_dags/example_task_group_decorator.py
[2026-06-01T18:07:57.450+0000] {logging_mixin.py:188} INFO - [2026-06-01T18:07:57.450+0000] {dag.py:3096} INFO - Sync 1 DAGs
[2026-06-01T18:07:57.468+0000] {logging_mixin.py:188} INFO - [2026-06-01T18:07:57.468+0000] {dag.py:3954} INFO - Setting next_dagrun for example_task_group_decorator to 2026-05-31 00:00:00+00:00, run_after=2026-06-01 00:00:00+00:00
[2026-06-01T18:07:57.486+0000] {processor.py:183} INFO - Processing /home/airflow/.local/lib/python3.12/site-packages/airflow/example_dags/example_task_group_decorator.py took 0.223 seconds
[2026-06-01T18:08:27.567+0000] {processor.py:161} INFO - Started process (PID=295) to work on /home/airflow/.local/lib/python3.12/site-packages/airflow/example_dags/example_task_group_decorator.py
[2026-06-01T18:08:27.569+0000] {processor.py:830} INFO - Processing file /home/airflow/.local/lib/python3.12/site-packages/airflow/example_dags/example_task_group_decorator.py for tasks to queue
[2026-06-01T18:08:27.570+0000] {logging_mixin.py:188} INFO - [2026-06-01T18:08:27.570+0000] {dagbag.py:540} INFO - Filling up the DagBag from /home/airflow/.local/lib/python3.12/site-packages/airflow/example_dags/example_task_group_decorator.py
[2026-06-01T18:08:27.583+0000] {processor.py:840} INFO - DAG(s) 'example_task_group_decorator' retrieved from /home/airflow/.local/lib/python3.12/site-packages/airflow/example_dags/example_task_group_decorator.py
[2026-06-01T18:08:27.604+0000] {logging_mixin.py:188} INFO - [2026-06-01T18:08:27.604+0000] {dag.py:3096} INFO - Sync 1 DAGs
[2026-06-01T18:08:27.622+0000] {logging_mixin.py:188} INFO - [2026-06-01T18:08:27.622+0000] {dag.py:3954} INFO - Setting next_dagrun for example_task_group_decorator to 2026-05-31 00:00:00+00:00, run_after=2026-06-01 00:00:00+00:00
[2026-06-01T18:08:27.645+0000] {processor.py:183} INFO - Processing /home/airflow/.local/lib/python3.12/site-packages/airflow/example_dags/example_task_group_decorator.py took 0.083 seconds
[2026-06-01T18:08:58.374+0000] {processor.py:161} INFO - Started process (PID=354) to work on /home/airflow/.local/lib/python3.12/site-packages/airflow/example_dags/example_task_group_decorator.py
[2026-06-01T18:08:58.375+0000] {processor.py:830} INFO - Processing file /home/airflow/.local/lib/python3.12/site-packages/airflow/example_dags/example_task_group_decorator.py for tasks to queue
[2026-06-01T18:08:58.377+0000] {logging_mixin.py:188} INFO - [2026-06-01T18:08:58.377+0000] {dagbag.py:540} INFO - Filling up the DagBag from /home/airflow/.local/lib/python3.12/site-packages/airflow/example_dags/example_task_group_decorator.py
[2026-06-01T18:08:58.393+0000] {processor.py:840} INFO - DAG(s) 'example_task_group_decorator' retrieved from /home/airflow/.local/lib/python3.12/site-packages/airflow/example_dags/example_task_group_decorator.py
[2026-06-01T18:08:58.421+0000] {logging_mixin.py:188} INFO - [2026-06-01T18:08:58.420+0000] {dag.py:3096} INFO - Sync 1 DAGs
[2026-06-01T18:08:58.449+0000] {logging_mixin.py:188} INFO - [2026-06-01T18:08:58.448+0000] {dag.py:3954} INFO - Setting next_dagrun for example_task_group_decorator to 2026-05-31 00:00:00+00:00, run_after=2026-06-01 00:00:00+00:00
[2026-06-01T18:08:58.472+0000] {processor.py:183} INFO - Processing /home/airflow/.local/lib/python3.12/site-packages/airflow/example_dags/example_task_group_decorator.py took 0.105 seconds
[2026-06-01T18:09:29.268+0000] {processor.py:161} INFO - Started process (PID=412) to work on /home/airflow/.local/lib/python3.12/site-packages/airflow/example_dags/example_task_group_decorator.py
[2026-06-01T18:09:29.270+0000] {processor.py:830} INFO - Processing file /home/airflow/.local/lib/python3.12/site-packages/airflow/example_dags/example_task_group_decorator.py for tasks to queue
[2026-06-01T18:09:29.272+0000] {logging_mixin.py:188} INFO - [2026-06-01T18:09:29.272+0000] {dagbag.py:540} INFO - Filling up the DagBag from /home/airflow/.local/lib/python3.12/site-packages/airflow/example_dags/example_task_group_decorator.py
[2026-06-01T18:09:29.284+0000] {processor.py:840} INFO - DAG(s) 'example_task_group_decorator' retrieved from /home/airflow/.local/lib/python3.12/site-packages/airflow/example_dags/example_task_group_decorator.py
[2026-06-01T18:09:29.306+0000] {logging_mixin.py:188} INFO - [2026-06-01T18:09:29.305+0000] {dag.py:3096} INFO - Sync 1 DAGs
[2026-06-01T18:09:29.325+0000] {logging_mixin.py:188} INFO - [2026-06-01T18:09:29.324+0000] {dag.py:3954} INFO - Setting next_dagrun for example_task_group_decorator to 2026-05-31 00:00:00+00:00, run_after=2026-06-01 00:00:00+00:00
[2026-06-01T18:09:29.343+0000] {processor.py:183} INFO - Processing /home/airflow/.local/lib/python3.12/site-packages/airflow/example_dags/example_task_group_decorator.py took 0.080 seconds
[2026-06-01T18:09:59.554+0000] {processor.py:161} INFO - Started process (PID=471) to work on /home/airflow/.local/lib/python3.12/site-packages/airflow/example_dags/example_task_group_decorator.py
[2026-06-01T18:09:59.555+0000] {processor.py:830} INFO - Processing file /home/airflow/.local/lib/python3.12/site-packages/airflow/example_dags/example_task_group_decorator.py for tasks to queue
[2026-06-01T18:09:59.557+0000] {logging_mixin.py:188} INFO - [2026-06-01T18:09:59.556+0000] {dagbag.py:540} INFO - Filling up the DagBag from /home/airflow/.local/lib/python3.12/site-packages/airflow/example_dags/example_task_group_decorator.py
[2026-06-01T18:09:59.568+0000] {processor.py:840} INFO - DAG(s) 'example_task_group_decorator' retrieved from /home/airflow/.local/lib/python3.12/site-packages/airflow/example_dags/example_task_group_decorator.py
[2026-06-01T18:09:59.591+0000] {logging_mixin.py:188} INFO - [2026-06-01T18:09:59.591+0000] {dag.py:3096} INFO - Sync 1 DAGs
[2026-06-01T18:09:59.611+0000] {logging_mixin.py:188} INFO - [2026-06-01T18:09:59.610+0000] {dag.py:3954} INFO - Setting next_dagrun for example_task_group_decorator to 2026-05-31 00:00:00+00:00, run_after=2026-06-01 00:00:00+00:00
[2026-06-01T18:09:59.629+0000] {processor.py:183} INFO - Processing /home/airflow/.local/lib/python3.12/site-packages/airflow/example_dags/example_task_group_decorator.py took 0.081 seconds
[2026-06-01T18:10:29.988+0000] {processor.py:161} INFO - Started process (PID=530) to work on /home/airflow/.local/lib/python3.12/site-packages/airflow/example_dags/example_task_group_decorator.py
[2026-06-01T18:10:29.990+0000] {processor.py:830} INFO - Processing file /home/airflow/.local/lib/python3.12/site-packages/airflow/example_dags/example_task_group_decorator.py for tasks to queue
[2026-06-01T18:10:29.993+0000] {logging_mixin.py:188} INFO - [2026-06-01T18:10:29.993+0000] {dagbag.py:540} INFO - Filling up the DagBag from /home/airflow/.local/lib/python3.12/site-packages/airflow/example_dags/example_task_group_decorator.py
[2026-06-01T18:10:30.011+0000] {processor.py:840} INFO - DAG(s) 'example_task_group_decorator' retrieved from /home/airflow/.local/lib/python3.12/site-packages/airflow/example_dags/example_task_group_decorator.py
[2026-06-01T18:10:30.038+0000] {logging_mixin.py:188} INFO - [2026-06-01T18:10:30.037+0000] {dag.py:3096} INFO - Sync 1 DAGs
[2026-06-01T18:10:30.058+0000] {logging_mixin.py:188} INFO - [2026-06-01T18:10:30.058+0000] {dag.py:3954} INFO - Setting next_dagrun for example_task_group_decorator to 2026-05-31 00:00:00+00:00, run_after=2026-06-01 00:00:00+00:00
[2026-06-01T18:10:30.080+0000] {processor.py:183} INFO - Processing /home/airflow/.local/lib/python3.12/site-packages/airflow/example_dags/example_task_group_decorator.py took 0.098 seconds
[2026-06-01T18:11:00.187+0000] {processor.py:161} INFO - Started process (PID=589) to work on /home/airflow/.local/lib/python3.12/site-packages/airflow/example_dags/example_task_group_decorator.py
[2026-06-01T18:11:00.188+0000] {processor.py:830} INFO - Processing file /home/airflow/.local/lib/python3.12/site-packages/airflow/example_dags/example_task_group_decorator.py for tasks to queue
[2026-06-01T18:11:00.191+0000] {logging_mixin.py:188} INFO - [2026-06-01T18:11:00.191+0000] {dagbag.py:540} INFO - Filling up the DagBag from /home/airflow/.local/lib/python3.12/site-packages/airflow/example_dags/example_task_group_decorator.py
[2026-06-01T18:11:00.203+0000] {processor.py:840} INFO - DAG(s) 'example_task_group_decorator' retrieved from /home/airflow/.local/lib/python3.12/site-packages/airflow/example_dags/example_task_group_decorator.py
[2026-06-01T18:11:00.228+0000] {logging_mixin.py:188} INFO - [2026-06-01T18:11:00.228+0000] {dag.py:3096} INFO - Sync 1 DAGs
[2026-06-01T18:11:00.252+0000] {logging_mixin.py:188} INFO - [2026-06-01T18:11:00.251+0000] {dag.py:3954} INFO - Setting next_dagrun for example_task_group_decorator to 2026-05-31 00:00:00+00:00, run_after=2026-06-01 00:00:00+00:00
[2026-06-01T18:11:00.272+0000] {processor.py:183} INFO - Processing /home/airflow/.local/lib/python3.12/site-packages/airflow/example_dags/example_task_group_decorator.py took 0.090 seconds
[2026-06-01T18:11:30.925+0000] {processor.py:161} INFO - Started process (PID=649) to work on /home/airflow/.local/lib/python3.12/site-packages/airflow/example_dags/example_task_group_decorator.py
[2026-06-01T18:11:30.926+0000] {processor.py:830} INFO - Processing file /home/airflow/.local/lib/python3.12/site-packages/airflow/example_dags/example_task_group_decorator.py for tasks to queue
[2026-06-01T18:11:30.928+0000] {logging_mixin.py:188} INFO - [2026-06-01T18:11:30.927+0000] {dagbag.py:540} INFO - Filling up the DagBag from /home/airflow/.local/lib/python3.12/site-packages/airflow/example_dags/example_task_group_decorator.py
[2026-06-01T18:11:30.940+0000] {processor.py:840} INFO - DAG(s) 'example_task_group_decorator' retrieved from /home/airflow/.local/lib/python3.12/site-packages/airflow/example_dags/example_task_group_decorator.py
[2026-06-01T18:11:30.959+0000] {logging_mixin.py:188} INFO - [2026-06-01T18:11:30.959+0000] {dag.py:3096} INFO - Sync 1 DAGs
[2026-06-01T18:11:30.981+0000] {logging_mixin.py:188} INFO - [2026-06-01T18:11:30.980+0000] {dag.py:3954} INFO - Setting next_dagrun for example_task_group_decorator to 2026-05-31 00:00:00+00:00, run_after=2026-06-01 00:00:00+00:00
[2026-06-01T18:11:31.003+0000] {processor.py:183} INFO - Processing /home/airflow/.local/lib/python3.12/site-packages/airflow/example_dags/example_task_group_decorator.py took 0.084 seconds
[2026-06-01T18:12:01.094+0000] {processor.py:161} INFO - Started process (PID=708) to work on /home/airflow/.local/lib/python3.12/site-packages/airflow/example_dags/example_task_group_decorator.py
[2026-06-01T18:12:01.096+0000] {processor.py:830} INFO - Processing file /home/airflow/.local/lib/python3.12/site-packages/airflow/example_dags/example_task_group_decorator.py for tasks to queue
[2026-06-01T18:12:01.101+0000] {logging_mixin.py:188} INFO - [2026-06-01T18:12:01.101+0000] {dagbag.py:540} INFO - Filling up the DagBag from /home/airflow/.local/lib/python3.12/site-packages/airflow/example_dags/example_task_group_decorator.py
[2026-06-01T18:12:01.129+0000] {processor.py:840} INFO - DAG(s) 'example_task_group_decorator' retrieved from /home/airflow/.local/lib/python3.12/site-packages/airflow/example_dags/example_task_group_decorator.py
[2026-06-01T18:12:01.156+0000] {logging_mixin.py:188} INFO - [2026-06-01T18:12:01.155+0000] {dag.py:3096} INFO - Sync 1 DAGs
[2026-06-01T18:12:01.183+0000] {logging_mixin.py:188} INFO - [2026-06-01T18:12:01.183+0000] {dag.py:3954} INFO - Setting next_dagrun for example_task_group_decorator to 2026-05-31 00:00:00+00:00, run_after=2026-06-01 00:00:00+00:00
[2026-06-01T18:12:01.202+0000] {processor.py:183} INFO - Processing /home/airflow/.local/lib/python3.12/site-packages/airflow/example_dags/example_task_group_decorator.py took 0.116 seconds
[2026-06-01T18:12:31.260+0000] {processor.py:161} INFO - Started process (PID=768) to work on /home/airflow/.local/lib/python3.12/site-packages/airflow/example_dags/example_task_group_decorator.py
[2026-06-01T18:12:31.262+0000] {processor.py:830} INFO - Processing file /home/airflow/.local/lib/python3.12/site-packages/airflow/example_dags/example_task_group_decorator.py for tasks to queue
[2026-06-01T18:12:31.263+0000] {logging_mixin.py:188} INFO - [2026-06-01T18:12:31.263+0000] {dagbag.py:540} INFO - Filling up the DagBag from /home/airflow/.local/lib/python3.12/site-packages/airflow/example_dags/example_task_group_decorator.py
[2026-06-01T18:12:31.277+0000] {processor.py:840} INFO - DAG(s) 'example_task_group_decorator' retrieved from /home/airflow/.local/lib/python3.12/site-packages/airflow/example_dags/example_task_group_decorator.py
[2026-06-01T18:12:31.304+0000] {logging_mixin.py:188} INFO - [2026-06-01T18:12:31.304+0000] {dag.py:3096} INFO - Sync 1 DAGs
[2026-06-01T18:12:31.326+0000] {logging_mixin.py:188} INFO - [2026-06-01T18:12:31.325+0000] {dag.py:3954} INFO - Setting next_dagrun for example_task_group_decorator to 2026-05-31 00:00:00+00:00, run_after=2026-06-01 00:00:00+00:00
[2026-06-01T18:12:31.349+0000] {processor.py:183} INFO - Processing /home/airflow/.local/lib/python3.12/site-packages/airflow/example_dags/example_task_group_decorator.py took 0.095 seconds
[2026-06-01T18:13:01.721+0000] {processor.py:161} INFO - Started process (PID=827) to work on /home/airflow/.local/lib/python3.12/site-packages/airflow/example_dags/example_task_group_decorator.py
[2026-06-01T18:13:01.723+0000] {processor.py:830} INFO - Processing file /home/airflow/.local/lib/python3.12/site-packages/airflow/example_dags/example_task_group_decorator.py for tasks to queue
[2026-06-01T18:13:01.725+0000] {logging_mixin.py:188} INFO - [2026-06-01T18:13:01.724+0000] {dagbag.py:540} INFO - Filling up the DagBag from /home/airflow/.local/lib/python3.12/site-packages/airflow/example_dags/example_task_group_decorator.py
[2026-06-01T18:13:01.738+0000] {processor.py:840} INFO - DAG(s) 'example_task_group_decorator' retrieved from /home/airflow/.local/lib/python3.12/site-packages/airflow/example_dags/example_task_group_decorator.py
[2026-06-01T18:13:01.762+0000] {logging_mixin.py:188} INFO - [2026-06-01T18:13:01.762+0000] {dag.py:3096} INFO - Sync 1 DAGs
[2026-06-01T18:13:01.783+0000] {logging_mixin.py:188} INFO - [2026-06-01T18:13:01.782+0000] {dag.py:3954} INFO - Setting next_dagrun for example_task_group_decorator to 2026-05-31 00:00:00+00:00, run_after=2026-06-01 00:00:00+00:00
[2026-06-01T18:13:01.808+0000] {processor.py:183} INFO - Processing /home/airflow/.local/lib/python3.12/site-packages/airflow/example_dags/example_task_group_decorator.py took 0.092 seconds
[2026-06-01T18:13:32.101+0000] {processor.py:161} INFO - Started process (PID=886) to work on /home/airflow/.local/lib/python3.12/site-packages/airflow/example_dags/example_task_group_decorator.py
[2026-06-01T18:13:32.102+0000] {processor.py:830} INFO - Processing file /home/airflow/.local/lib/python3.12/site-packages/airflow/example_dags/example_task_group_decorator.py for tasks to queue
[2026-06-01T18:13:32.104+0000] {logging_mixin.py:188} INFO - [2026-06-01T18:13:32.104+0000] {dagbag.py:540} INFO - Filling up the DagBag from /home/airflow/.local/lib/python3.12/site-packages/airflow/example_dags/example_task_group_decorator.py
[2026-06-01T18:13:32.118+0000] {processor.py:840} INFO - DAG(s) 'example_task_group_decorator' retrieved from /home/airflow/.local/lib/python3.12/site-packages/airflow/example_dags/example_task_group_decorator.py
[2026-06-01T18:13:32.138+0000] {logging_mixin.py:188} INFO - [2026-06-01T18:13:32.138+0000] {dag.py:3096} INFO - Sync 1 DAGs
[2026-06-01T18:13:32.156+0000] {logging_mixin.py:188} INFO - [2026-06-01T18:13:32.156+0000] {dag.py:3954} INFO - Setting next_dagrun for example_task_group_decorator to 2026-05-31 00:00:00+00:00, run_after=2026-06-01 00:00:00+00:00
[2026-06-01T18:13:32.172+0000] {processor.py:183} INFO - Processing /home/airflow/.local/lib/python3.12/site-packages/airflow/example_dags/example_task_group_decorator.py took 0.076 seconds
[2026-06-01T18:14:02.404+0000] {processor.py:161} INFO - Started process (PID=945) to work on /home/airflow/.local/lib/python3.12/site-packages/airflow/example_dags/example_task_group_decorator.py
[2026-06-01T18:14:02.406+0000] {processor.py:830} INFO - Processing file /home/airflow/.local/lib/python3.12/site-packages/airflow/example_dags/example_task_group_decorator.py for tasks to queue
[2026-06-01T18:14:02.409+0000] {logging_mixin.py:188} INFO - [2026-06-01T18:14:02.408+0000] {dagbag.py:540} INFO - Filling up the DagBag from /home/airflow/.local/lib/python3.12/site-packages/airflow/example_dags/example_task_group_decorator.py
[2026-06-01T18:14:02.421+0000] {processor.py:840} INFO - DAG(s) 'example_task_group_decorator' retrieved from /home/airflow/.local/lib/python3.12/site-packages/airflow/example_dags/example_task_group_decorator.py
[2026-06-01T18:14:02.449+0000] {logging_mixin.py:188} INFO - [2026-06-01T18:14:02.449+0000] {dag.py:3096} INFO - Sync 1 DAGs
[2026-06-01T18:14:02.478+0000] {logging_mixin.py:188} INFO - [2026-06-01T18:14:02.478+0000] {dag.py:3954} INFO - Setting next_dagrun for example_task_group_decorator to 2026-05-31 00:00:00+00:00, run_after=2026-06-01 00:00:00+00:00
[2026-06-01T18:14:02.498+0000] {processor.py:183} INFO - Processing /home/airflow/.local/lib/python3.12/site-packages/airflow/example_dags/example_task_group_decorator.py took 0.100 seconds
[2026-06-01T18:14:32.634+0000] {processor.py:161} INFO - Started process (PID=1004) to work on /home/airflow/.local/lib/python3.12/site-packages/airflow/example_dags/example_task_group_decorator.py
[2026-06-01T18:14:32.636+0000] {processor.py:830} INFO - Processing file /home/airflow/.local/lib/python3.12/site-packages/airflow/example_dags/example_task_group_decorator.py for tasks to queue
[2026-06-01T18:14:32.638+0000] {logging_mixin.py:188} INFO - [2026-06-01T18:14:32.637+0000] {dagbag.py:540} INFO - Filling up the DagBag from /home/airflow/.local/lib/python3.12/site-packages/airflow/example_dags/example_task_group_decorator.py
[2026-06-01T18:14:32.650+0000] {processor.py:840} INFO - DAG(s) 'example_task_group_decorator' retrieved from /home/airflow/.local/lib/python3.12/site-packages/airflow/example_dags/example_task_group_decorator.py
[2026-06-01T18:14:32.670+0000] {logging_mixin.py:188} INFO - [2026-06-01T18:14:32.670+0000] {dag.py:3096} INFO - Sync 1 DAGs
[2026-06-01T18:14:32.689+0000] {logging_mixin.py:188} INFO - [2026-06-01T18:14:32.688+0000] {dag.py:3954} INFO - Setting next_dagrun for example_task_group_decorator to 2026-05-31 00:00:00+00:00, run_after=2026-06-01 00:00:00+00:00
[2026-06-01T18:14:32.706+0000] {processor.py:183} INFO - Processing /home/airflow/.local/lib/python3.12/site-packages/airflow/example_dags/example_task_group_decorator.py took 0.077 seconds
[2026-06-01T18:15:03.082+0000] {processor.py:161} INFO - Started process (PID=1063) to work on /home/airflow/.local/lib/python3.12/site-packages/airflow/example_dags/example_task_group_decorator.py
[2026-06-01T18:15:03.084+0000] {processor.py:830} INFO - Processing file /home/airflow/.local/lib/python3.12/site-packages/airflow/example_dags/example_task_group_decorator.py for tasks to queue
[2026-06-01T18:15:03.086+0000] {logging_mixin.py:188} INFO - [2026-06-01T18:15:03.086+0000] {dagbag.py:540} INFO - Filling up the DagBag from /home/airflow/.local/lib/python3.12/site-packages/airflow/example_dags/example_task_group_decorator.py
[2026-06-01T18:15:03.098+0000] {processor.py:840} INFO - DAG(s) 'example_task_group_decorator' retrieved from /home/airflow/.local/lib/python3.12/site-packages/airflow/example_dags/example_task_group_decorator.py
[2026-06-01T18:15:03.120+0000] {logging_mixin.py:188} INFO - [2026-06-01T18:15:03.120+0000] {dag.py:3096} INFO - Sync 1 DAGs
[2026-06-01T18:15:03.139+0000] {logging_mixin.py:188} INFO - [2026-06-01T18:15:03.139+0000] {dag.py:3954} INFO - Setting next_dagrun for example_task_group_decorator to 2026-05-31 00:00:00+00:00, run_after=2026-06-01 00:00:00+00:00
[2026-06-01T18:15:03.156+0000] {processor.py:183} INFO - Processing /home/airflow/.local/lib/python3.12/site-packages/airflow/example_dags/example_task_group_decorator.py took 0.079 seconds
[2026-06-01T18:15:33.366+0000] {processor.py:161} INFO - Started process (PID=1122) to work on /home/airflow/.local/lib/python3.12/site-packages/airflow/example_dags/example_task_group_decorator.py
[2026-06-01T18:15:33.368+0000] {processor.py:830} INFO - Processing file /home/airflow/.local/lib/python3.12/site-packages/airflow/example_dags/example_task_group_decorator.py for tasks to queue
[2026-06-01T18:15:33.371+0000] {logging_mixin.py:188} INFO - [2026-06-01T18:15:33.370+0000] {dagbag.py:540} INFO - Filling up the DagBag from /home/airflow/.local/lib/python3.12/site-packages/airflow/example_dags/example_task_group_decorator.py
[2026-06-01T18:15:33.385+0000] {processor.py:840} INFO - DAG(s) 'example_task_group_decorator' retrieved from /home/airflow/.local/lib/python3.12/site-packages/airflow/example_dags/example_task_group_decorator.py
[2026-06-01T18:15:33.405+0000] {logging_mixin.py:188} INFO - [2026-06-01T18:15:33.405+0000] {dag.py:3096} INFO - Sync 1 DAGs
[2026-06-01T18:15:33.424+0000] {logging_mixin.py:188} INFO - [2026-06-01T18:15:33.423+0000] {dag.py:3954} INFO - Setting next_dagrun for example_task_group_decorator to 2026-05-31 00:00:00+00:00, run_after=2026-06-01 00:00:00+00:00
[2026-06-01T18:15:33.440+0000] {processor.py:183} INFO - Processing /home/airflow/.local/lib/python3.12/site-packages/airflow/example_dags/example_task_group_decorator.py took 0.079 seconds
[2026-06-01T18:16:03.602+0000] {processor.py:161} INFO - Started process (PID=1181) to work on /home/airflow/.local/lib/python3.12/site-packages/airflow/example_dags/example_task_group_decorator.py
[2026-06-01T18:16:03.603+0000] {processor.py:830} INFO - Processing file /home/airflow/.local/lib/python3.12/site-packages/airflow/example_dags/example_task_group_decorator.py for tasks to queue
[2026-06-01T18:16:03.606+0000] {logging_mixin.py:188} INFO - [2026-06-01T18:16:03.605+0000] {dagbag.py:540} INFO - Filling up the DagBag from /home/airflow/.local/lib/python3.12/site-packages/airflow/example_dags/example_task_group_decorator.py
[2026-06-01T18:16:03.620+0000] {processor.py:840} INFO - DAG(s) 'example_task_group_decorator' retrieved from /home/airflow/.local/lib/python3.12/site-packages/airflow/example_dags/example_task_group_decorator.py
[2026-06-01T18:16:03.642+0000] {logging_mixin.py:188} INFO - [2026-06-01T18:16:03.642+0000] {dag.py:3096} INFO - Sync 1 DAGs
[2026-06-01T18:16:03.664+0000] {logging_mixin.py:188} INFO - [2026-06-01T18:16:03.664+0000] {dag.py:3954} INFO - Setting next_dagrun for example_task_group_decorator to 2026-05-31 00:00:00+00:00, run_after=2026-06-01 00:00:00+00:00
[2026-06-01T18:16:03.686+0000] {processor.py:183} INFO - Processing /home/airflow/.local/lib/python3.12/site-packages/airflow/example_dags/example_task_group_decorator.py took 0.091 seconds
[2026-06-01T18:16:33.734+0000] {processor.py:161} INFO - Started process (PID=1240) to work on /home/airflow/.local/lib/python3.12/site-packages/airflow/example_dags/example_task_group_decorator.py
[2026-06-01T18:16:33.735+0000] {processor.py:830} INFO - Processing file /home/airflow/.local/lib/python3.12/site-packages/airflow/example_dags/example_task_group_decorator.py for tasks to queue
[2026-06-01T18:16:33.738+0000] {logging_mixin.py:188} INFO - [2026-06-01T18:16:33.737+0000] {dagbag.py:540} INFO - Filling up the DagBag from /home/airflow/.local/lib/python3.12/site-packages/airflow/example_dags/example_task_group_decorator.py
[2026-06-01T18:16:33.751+0000] {processor.py:840} INFO - DAG(s) 'example_task_group_decorator' retrieved from /home/airflow/.local/lib/python3.12/site-packages/airflow/example_dags/example_task_group_decorator.py
[2026-06-01T18:16:33.775+0000] {logging_mixin.py:188} INFO - [2026-06-01T18:16:33.775+0000] {dag.py:3096} INFO - Sync 1 DAGs
[2026-06-01T18:16:33.797+0000] {logging_mixin.py:188} INFO - [2026-06-01T18:16:33.797+0000] {dag.py:3954} INFO - Setting next_dagrun for example_task_group_decorator to 2026-05-31 00:00:00+00:00, run_after=2026-06-01 00:00:00+00:00
[2026-06-01T18:16:33.817+0000] {processor.py:183} INFO - Processing /home/airflow/.local/lib/python3.12/site-packages/airflow/example_dags/example_task_group_decorator.py took 0.088 seconds
[2026-06-01T18:17:03.999+0000] {processor.py:161} INFO - Started process (PID=1299) to work on /home/airflow/.local/lib/python3.12/site-packages/airflow/example_dags/example_task_group_decorator.py
[2026-06-01T18:17:04.000+0000] {processor.py:830} INFO - Processing file /home/airflow/.local/lib/python3.12/site-packages/airflow/example_dags/example_task_group_decorator.py for tasks to queue
[2026-06-01T18:17:04.002+0000] {logging_mixin.py:188} INFO - [2026-06-01T18:17:04.001+0000] {dagbag.py:540} INFO - Filling up the DagBag from /home/airflow/.local/lib/python3.12/site-packages/airflow/example_dags/example_task_group_decorator.py
[2026-06-01T18:17:04.015+0000] {processor.py:840} INFO - DAG(s) 'example_task_group_decorator' retrieved from /home/airflow/.local/lib/python3.12/site-packages/airflow/example_dags/example_task_group_decorator.py
[2026-06-01T18:17:04.037+0000] {logging_mixin.py:188} INFO - [2026-06-01T18:17:04.036+0000] {dag.py:3096} INFO - Sync 1 DAGs
[2026-06-01T18:17:04.058+0000] {logging_mixin.py:188} INFO - [2026-06-01T18:17:04.057+0000] {dag.py:3954} INFO - Setting next_dagrun for example_task_group_decorator to 2026-05-31 00:00:00+00:00, run_after=2026-06-01 00:00:00+00:00
[2026-06-01T18:17:04.076+0000] {processor.py:183} INFO - Processing /home/airflow/.local/lib/python3.12/site-packages/airflow/example_dags/example_task_group_decorator.py took 0.083 seconds
[2026-06-01T18:17:34.373+0000] {processor.py:161} INFO - Started process (PID=1358) to work on /home/airflow/.local/lib/python3.12/site-packages/airflow/example_dags/example_task_group_decorator.py
[2026-06-01T18:17:34.374+0000] {processor.py:830} INFO - Processing file /home/airflow/.local/lib/python3.12/site-packages/airflow/example_dags/example_task_group_decorator.py for tasks to queue
[2026-06-01T18:17:34.376+0000] {logging_mixin.py:188} INFO - [2026-06-01T18:17:34.376+0000] {dagbag.py:540} INFO - Filling up the DagBag from /home/airflow/.local/lib/python3.12/site-packages/airflow/example_dags/example_task_group_decorator.py
[2026-06-01T18:17:34.389+0000] {processor.py:840} INFO - DAG(s) 'example_task_group_decorator' retrieved from /home/airflow/.local/lib/python3.12/site-packages/airflow/example_dags/example_task_group_decorator.py
[2026-06-01T18:17:34.410+0000] {logging_mixin.py:188} INFO - [2026-06-01T18:17:34.410+0000] {dag.py:3096} INFO - Sync 1 DAGs
[2026-06-01T18:17:34.429+0000] {logging_mixin.py:188} INFO - [2026-06-01T18:17:34.429+0000] {dag.py:3954} INFO - Setting next_dagrun for example_task_group_decorator to 2026-05-31 00:00:00+00:00, run_after=2026-06-01 00:00:00+00:00
[2026-06-01T18:17:34.449+0000] {processor.py:183} INFO - Processing /home/airflow/.local/lib/python3.12/site-packages/airflow/example_dags/example_task_group_decorator.py took 0.082 seconds
[2026-06-01T18:18:04.708+0000] {processor.py:161} INFO - Started process (PID=1417) to work on /home/airflow/.local/lib/python3.12/site-packages/airflow/example_dags/example_task_group_decorator.py
[2026-06-01T18:18:04.710+0000] {processor.py:830} INFO - Processing file /home/airflow/.local/lib/python3.12/site-packages/airflow/example_dags/example_task_group_decorator.py for tasks to queue
[2026-06-01T18:18:04.712+0000] {logging_mixin.py:188} INFO - [2026-06-01T18:18:04.712+0000] {dagbag.py:540} INFO - Filling up the DagBag from /home/airflow/.local/lib/python3.12/site-packages/airflow/example_dags/example_task_group_decorator.py
[2026-06-01T18:18:04.727+0000] {processor.py:840} INFO - DAG(s) 'example_task_group_decorator' retrieved from /home/airflow/.local/lib/python3.12/site-packages/airflow/example_dags/example_task_group_decorator.py
[2026-06-01T18:18:04.754+0000] {logging_mixin.py:188} INFO - [2026-06-01T18:18:04.753+0000] {dag.py:3096} INFO - Sync 1 DAGs
[2026-06-01T18:18:04.774+0000] {logging_mixin.py:188} INFO - [2026-06-01T18:18:04.773+0000] {dag.py:3954} INFO - Setting next_dagrun for example_task_group_decorator to 2026-05-31 00:00:00+00:00, run_after=2026-06-01 00:00:00+00:00
[2026-06-01T18:18:04.797+0000] {processor.py:183} INFO - Processing /home/airflow/.local/lib/python3.12/site-packages/airflow/example_dags/example_task_group_decorator.py took 0.095 seconds
[2026-06-01T18:18:34.850+0000] {processor.py:161} INFO - Started process (PID=1476) to work on /home/airflow/.local/lib/python3.12/site-packages/airflow/example_dags/example_task_group_decorator.py
[2026-06-01T18:18:34.852+0000] {processor.py:830} INFO - Processing file /home/airflow/.local/lib/python3.12/site-packages/airflow/example_dags/example_task_group_decorator.py for tasks to queue
[2026-06-01T18:18:34.854+0000] {logging_mixin.py:188} INFO - [2026-06-01T18:18:34.853+0000] {dagbag.py:540} INFO - Filling up the DagBag from /home/airflow/.local/lib/python3.12/site-packages/airflow/example_dags/example_task_group_decorator.py
[2026-06-01T18:18:34.865+0000] {processor.py:840} INFO - DAG(s) 'example_task_group_decorator' retrieved from /home/airflow/.local/lib/python3.12/site-packages/airflow/example_dags/example_task_group_decorator.py
[2026-06-01T18:18:34.887+0000] {logging_mixin.py:188} INFO - [2026-06-01T18:18:34.887+0000] {dag.py:3096} INFO - Sync 1 DAGs
[2026-06-01T18:18:34.907+0000] {logging_mixin.py:188} INFO - [2026-06-01T18:18:34.907+0000] {dag.py:3954} INFO - Setting next_dagrun for example_task_group_decorator to 2026-05-31 00:00:00+00:00, run_after=2026-06-01 00:00:00+00:00
[2026-06-01T18:18:34.927+0000] {processor.py:183} INFO - Processing /home/airflow/.local/lib/python3.12/site-packages/airflow/example_dags/example_task_group_decorator.py took 0.082 seconds
[2026-06-01T18:19:05.092+0000] {processor.py:161} INFO - Started process (PID=1535) to work on /home/airflow/.local/lib/python3.12/site-packages/airflow/example_dags/example_task_group_decorator.py
[2026-06-01T18:19:05.093+0000] {processor.py:830} INFO - Processing file /home/airflow/.local/lib/python3.12/site-packages/airflow/example_dags/example_task_group_decorator.py for tasks to queue
[2026-06-01T18:19:05.095+0000] {logging_mixin.py:188} INFO - [2026-06-01T18:19:05.095+0000] {dagbag.py:540} INFO - Filling up the DagBag from /home/airflow/.local/lib/python3.12/site-packages/airflow/example_dags/example_task_group_decorator.py
[2026-06-01T18:19:05.108+0000] {processor.py:840} INFO - DAG(s) 'example_task_group_decorator' retrieved from /home/airflow/.local/lib/python3.12/site-packages/airflow/example_dags/example_task_group_decorator.py
[2026-06-01T18:19:05.130+0000] {logging_mixin.py:188} INFO - [2026-06-01T18:19:05.129+0000] {dag.py:3096} INFO - Sync 1 DAGs
[2026-06-01T18:19:05.149+0000] {logging_mixin.py:188} INFO - [2026-06-01T18:19:05.149+0000] {dag.py:3954} INFO - Setting next_dagrun for example_task_group_decorator to 2026-05-31 00:00:00+00:00, run_after=2026-06-01 00:00:00+00:00
[2026-06-01T18:19:05.167+0000] {processor.py:183} INFO - Processing /home/airflow/.local/lib/python3.12/site-packages/airflow/example_dags/example_task_group_decorator.py took 0.081 seconds
[2026-06-01T18:19:35.400+0000] {processor.py:161} INFO - Started process (PID=1594) to work on /home/airflow/.local/lib/python3.12/site-packages/airflow/example_dags/example_task_group_decorator.py
[2026-06-01T18:19:35.401+0000] {processor.py:830} INFO - Processing file /home/airflow/.local/lib/python3.12/site-packages/airflow/example_dags/example_task_group_decorator.py for tasks to queue
[2026-06-01T18:19:35.403+0000] {logging_mixin.py:188} INFO - [2026-06-01T18:19:35.403+0000] {dagbag.py:540} INFO - Filling up the DagBag from /home/airflow/.local/lib/python3.12/site-packages/airflow/example_dags/example_task_group_decorator.py
[2026-06-01T18:19:35.417+0000] {processor.py:840} INFO - DAG(s) 'example_task_group_decorator' retrieved from /home/airflow/.local/lib/python3.12/site-packages/airflow/example_dags/example_task_group_decorator.py
[2026-06-01T18:19:35.439+0000] {logging_mixin.py:188} INFO - [2026-06-01T18:19:35.439+0000] {dag.py:3096} INFO - Sync 1 DAGs
[2026-06-01T18:19:35.458+0000] {logging_mixin.py:188} INFO - [2026-06-01T18:19:35.458+0000] {dag.py:3954} INFO - Setting next_dagrun for example_task_group_decorator to 2026-05-31 00:00:00+00:00, run_after=2026-06-01 00:00:00+00:00
[2026-06-01T18:19:35.476+0000] {processor.py:183} INFO - Processing /home/airflow/.local/lib/python3.12/site-packages/airflow/example_dags/example_task_group_decorator.py took 0.082 seconds
[2026-06-01T18:20:05.662+0000] {processor.py:161} INFO - Started process (PID=1653) to work on /home/airflow/.local/lib/python3.12/site-packages/airflow/example_dags/example_task_group_decorator.py
[2026-06-01T18:20:05.663+0000] {processor.py:830} INFO - Processing file /home/airflow/.local/lib/python3.12/site-packages/airflow/example_dags/example_task_group_decorator.py for tasks to queue
[2026-06-01T18:20:05.665+0000] {logging_mixin.py:188} INFO - [2026-06-01T18:20:05.665+0000] {dagbag.py:540} INFO - Filling up the DagBag from /home/airflow/.local/lib/python3.12/site-packages/airflow/example_dags/example_task_group_decorator.py
[2026-06-01T18:20:05.677+0000] {processor.py:840} INFO - DAG(s) 'example_task_group_decorator' retrieved from /home/airflow/.local/lib/python3.12/site-packages/airflow/example_dags/example_task_group_decorator.py
[2026-06-01T18:20:05.699+0000] {logging_mixin.py:188} INFO - [2026-06-01T18:20:05.698+0000] {dag.py:3096} INFO - Sync 1 DAGs
[2026-06-01T18:20:05.717+0000] {logging_mixin.py:188} INFO - [2026-06-01T18:20:05.717+0000] {dag.py:3954} INFO - Setting next_dagrun for example_task_group_decorator to 2026-05-31 00:00:00+00:00, run_after=2026-06-01 00:00:00+00:00
[2026-06-01T18:20:05.735+0000] {processor.py:183} INFO - Processing /home/airflow/.local/lib/python3.12/site-packages/airflow/example_dags/example_task_group_decorator.py took 0.079 seconds
[2026-06-01T18:20:35.907+0000] {processor.py:161} INFO - Started process (PID=1712) to work on /home/airflow/.local/lib/python3.12/site-packages/airflow/example_dags/example_task_group_decorator.py
[2026-06-01T18:20:35.908+0000] {processor.py:830} INFO - Processing file /home/airflow/.local/lib/python3.12/site-packages/airflow/example_dags/example_task_group_decorator.py for tasks to queue
[2026-06-01T18:20:35.910+0000] {logging_mixin.py:188} INFO - [2026-06-01T18:20:35.909+0000] {dagbag.py:540} INFO - Filling up the DagBag from /home/airflow/.local/lib/python3.12/site-packages/airflow/example_dags/example_task_group_decorator.py
[2026-06-01T18:20:35.922+0000] {processor.py:840} INFO - DAG(s) 'example_task_group_decorator' retrieved from /home/airflow/.local/lib/python3.12/site-packages/airflow/example_dags/example_task_group_decorator.py
[2026-06-01T18:20:35.945+0000] {logging_mixin.py:188} INFO - [2026-06-01T18:20:35.944+0000] {dag.py:3096} INFO - Sync 1 DAGs
[2026-06-01T18:20:35.965+0000] {logging_mixin.py:188} INFO - [2026-06-01T18:20:35.965+0000] {dag.py:3954} INFO - Setting next_dagrun for example_task_group_decorator to 2026-05-31 00:00:00+00:00, run_after=2026-06-01 00:00:00+00:00
[2026-06-01T18:20:35.982+0000] {processor.py:183} INFO - Processing /home/airflow/.local/lib/python3.12/site-packages/airflow/example_dags/example_task_group_decorator.py took 0.080 seconds
[2026-06-01T18:21:06.302+0000] {processor.py:161} INFO - Started process (PID=1771) to work on /home/airflow/.local/lib/python3.12/site-packages/airflow/example_dags/example_task_group_decorator.py
[2026-06-01T18:21:06.303+0000] {processor.py:830} INFO - Processing file /home/airflow/.local/lib/python3.12/site-packages/airflow/example_dags/example_task_group_decorator.py for tasks to queue
[2026-06-01T18:21:06.305+0000] {logging_mixin.py:188} INFO - [2026-06-01T18:21:06.305+0000] {dagbag.py:540} INFO - Filling up the DagBag from /home/airflow/.local/lib/python3.12/site-packages/airflow/example_dags/example_task_group_decorator.py
[2026-06-01T18:21:06.318+0000] {processor.py:840} INFO - DAG(s) 'example_task_group_decorator' retrieved from /home/airflow/.local/lib/python3.12/site-packages/airflow/example_dags/example_task_group_decorator.py
[2026-06-01T18:21:06.340+0000] {logging_mixin.py:188} INFO - [2026-06-01T18:21:06.340+0000] {dag.py:3096} INFO - Sync 1 DAGs
[2026-06-01T18:21:06.359+0000] {logging_mixin.py:188} INFO - [2026-06-01T18:21:06.359+0000] {dag.py:3954} INFO - Setting next_dagrun for example_task_group_decorator to 2026-05-31 00:00:00+00:00, run_after=2026-06-01 00:00:00+00:00
[2026-06-01T18:21:06.382+0000] {processor.py:183} INFO - Processing /home/airflow/.local/lib/python3.12/site-packages/airflow/example_dags/example_task_group_decorator.py took 0.086 seconds
[2026-06-01T18:21:36.423+0000] {processor.py:161} INFO - Started process (PID=1830) to work on /home/airflow/.local/lib/python3.12/site-packages/airflow/example_dags/example_task_group_decorator.py
[2026-06-01T18:21:36.424+0000] {processor.py:830} INFO - Processing file /home/airflow/.local/lib/python3.12/site-packages/airflow/example_dags/example_task_group_decorator.py for tasks to queue
[2026-06-01T18:21:36.426+0000] {logging_mixin.py:188} INFO - [2026-06-01T18:21:36.426+0000] {dagbag.py:540} INFO - Filling up the DagBag from /home/airflow/.local/lib/python3.12/site-packages/airflow/example_dags/example_task_group_decorator.py
[2026-06-01T18:21:36.440+0000] {processor.py:840} INFO - DAG(s) 'example_task_group_decorator' retrieved from /home/airflow/.local/lib/python3.12/site-packages/airflow/example_dags/example_task_group_decorator.py
[2026-06-01T18:21:36.463+0000] {logging_mixin.py:188} INFO - [2026-06-01T18:21:36.463+0000] {dag.py:3096} INFO - Sync 1 DAGs
[2026-06-01T18:21:36.482+0000] {logging_mixin.py:188} INFO - [2026-06-01T18:21:36.482+0000] {dag.py:3954} INFO - Setting next_dagrun for example_task_group_decorator to 2026-05-31 00:00:00+00:00, run_after=2026-06-01 00:00:00+00:00
[2026-06-01T18:21:36.500+0000] {processor.py:183} INFO - Processing /home/airflow/.local/lib/python3.12/site-packages/airflow/example_dags/example_task_group_decorator.py took 0.082 seconds
[2026-06-01T18:22:06.678+0000] {processor.py:161} INFO - Started process (PID=1889) to work on /home/airflow/.local/lib/python3.12/site-packages/airflow/example_dags/example_task_group_decorator.py
[2026-06-01T18:22:06.679+0000] {processor.py:830} INFO - Processing file /home/airflow/.local/lib/python3.12/site-packages/airflow/example_dags/example_task_group_decorator.py for tasks to queue
[2026-06-01T18:22:06.681+0000] {logging_mixin.py:188} INFO - [2026-06-01T18:22:06.680+0000] {dagbag.py:540} INFO - Filling up the DagBag from /home/airflow/.local/lib/python3.12/site-packages/airflow/example_dags/example_task_group_decorator.py
[2026-06-01T18:22:06.693+0000] {processor.py:840} INFO - DAG(s) 'example_task_group_decorator' retrieved from /home/airflow/.local/lib/python3.12/site-packages/airflow/example_dags/example_task_group_decorator.py
[2026-06-01T18:22:06.722+0000] {logging_mixin.py:188} INFO - [2026-06-01T18:22:06.721+0000] {dag.py:3096} INFO - Sync 1 DAGs
[2026-06-01T18:22:06.748+0000] {logging_mixin.py:188} INFO - [2026-06-01T18:22:06.748+0000] {dag.py:3954} INFO - Setting next_dagrun for example_task_group_decorator to 2026-05-31 00:00:00+00:00, run_after=2026-06-01 00:00:00+00:00
[2026-06-01T18:22:06.770+0000] {processor.py:183} INFO - Processing /home/airflow/.local/lib/python3.12/site-packages/airflow/example_dags/example_task_group_decorator.py took 0.097 seconds
[2026-06-01T18:22:37.391+0000] {processor.py:161} INFO - Started process (PID=1948) to work on /home/airflow/.local/lib/python3.12/site-packages/airflow/example_dags/example_task_group_decorator.py
[2026-06-01T18:22:37.392+0000] {processor.py:830} INFO - Processing file /home/airflow/.local/lib/python3.12/site-packages/airflow/example_dags/example_task_group_decorator.py for tasks to queue
[2026-06-01T18:22:37.394+0000] {logging_mixin.py:188} INFO - [2026-06-01T18:22:37.394+0000] {dagbag.py:540} INFO - Filling up the DagBag from /home/airflow/.local/lib/python3.12/site-packages/airflow/example_dags/example_task_group_decorator.py
[2026-06-01T18:22:37.406+0000] {processor.py:840} INFO - DAG(s) 'example_task_group_decorator' retrieved from /home/airflow/.local/lib/python3.12/site-packages/airflow/example_dags/example_task_group_decorator.py
[2026-06-01T18:22:37.432+0000] {logging_mixin.py:188} INFO - [2026-06-01T18:22:37.431+0000] {dag.py:3096} INFO - Sync 1 DAGs
[2026-06-01T18:22:37.451+0000] {logging_mixin.py:188} INFO - [2026-06-01T18:22:37.451+0000] {dag.py:3954} INFO - Setting next_dagrun for example_task_group_decorator to 2026-05-31 00:00:00+00:00, run_after=2026-06-01 00:00:00+00:00
[2026-06-01T18:22:37.469+0000] {processor.py:183} INFO - Processing /home/airflow/.local/lib/python3.12/site-packages/airflow/example_dags/example_task_group_decorator.py took 0.084 seconds
[2026-06-01T18:23:07.542+0000] {processor.py:161} INFO - Started process (PID=2007) to work on /home/airflow/.local/lib/python3.12/site-packages/airflow/example_dags/example_task_group_decorator.py
[2026-06-01T18:23:07.543+0000] {processor.py:830} INFO - Processing file /home/airflow/.local/lib/python3.12/site-packages/airflow/example_dags/example_task_group_decorator.py for tasks to queue
[2026-06-01T18:23:07.545+0000] {logging_mixin.py:188} INFO - [2026-06-01T18:23:07.545+0000] {dagbag.py:540} INFO - Filling up the DagBag from /home/airflow/.local/lib/python3.12/site-packages/airflow/example_dags/example_task_group_decorator.py
[2026-06-01T18:23:07.560+0000] {processor.py:840} INFO - DAG(s) 'example_task_group_decorator' retrieved from /home/airflow/.local/lib/python3.12/site-packages/airflow/example_dags/example_task_group_decorator.py
[2026-06-01T18:23:07.584+0000] {logging_mixin.py:188} INFO - [2026-06-01T18:23:07.583+0000] {dag.py:3096} INFO - Sync 1 DAGs
[2026-06-01T18:23:07.609+0000] {logging_mixin.py:188} INFO - [2026-06-01T18:23:07.609+0000] {dag.py:3954} INFO - Setting next_dagrun for example_task_group_decorator to 2026-05-31 00:00:00+00:00, run_after=2026-06-01 00:00:00+00:00
[2026-06-01T18:23:07.627+0000] {processor.py:183} INFO - Processing /home/airflow/.local/lib/python3.12/site-packages/airflow/example_dags/example_task_group_decorator.py took 0.090 seconds
[2026-06-01T18:23:37.772+0000] {processor.py:161} INFO - Started process (PID=2066) to work on /home/airflow/.local/lib/python3.12/site-packages/airflow/example_dags/example_task_group_decorator.py
[2026-06-01T18:23:37.774+0000] {processor.py:830} INFO - Processing file /home/airflow/.local/lib/python3.12/site-packages/airflow/example_dags/example_task_group_decorator.py for tasks to queue
[2026-06-01T18:23:37.778+0000] {logging_mixin.py:188} INFO - [2026-06-01T18:23:37.777+0000] {dagbag.py:540} INFO - Filling up the DagBag from /home/airflow/.local/lib/python3.12/site-packages/airflow/example_dags/example_task_group_decorator.py
[2026-06-01T18:23:37.791+0000] {processor.py:840} INFO - DAG(s) 'example_task_group_decorator' retrieved from /home/airflow/.local/lib/python3.12/site-packages/airflow/example_dags/example_task_group_decorator.py
[2026-06-01T18:23:37.812+0000] {logging_mixin.py:188} INFO - [2026-06-01T18:23:37.812+0000] {dag.py:3096} INFO - Sync 1 DAGs
[2026-06-01T18:23:37.832+0000] {logging_mixin.py:188} INFO - [2026-06-01T18:23:37.832+0000] {dag.py:3954} INFO - Setting next_dagrun for example_task_group_decorator to 2026-05-31 00:00:00+00:00, run_after=2026-06-01 00:00:00+00:00
[2026-06-01T18:23:37.851+0000] {processor.py:183} INFO - Processing /home/airflow/.local/lib/python3.12/site-packages/airflow/example_dags/example_task_group_decorator.py took 0.085 seconds
[2026-06-01T18:24:07.931+0000] {processor.py:161} INFO - Started process (PID=2125) to work on /home/airflow/.local/lib/python3.12/site-packages/airflow/example_dags/example_task_group_decorator.py
[2026-06-01T18:24:07.932+0000] {processor.py:830} INFO - Processing file /home/airflow/.local/lib/python3.12/site-packages/airflow/example_dags/example_task_group_decorator.py for tasks to queue
[2026-06-01T18:24:07.935+0000] {logging_mixin.py:188} INFO - [2026-06-01T18:24:07.934+0000] {dagbag.py:540} INFO - Filling up the DagBag from /home/airflow/.local/lib/python3.12/site-packages/airflow/example_dags/example_task_group_decorator.py
[2026-06-01T18:24:07.948+0000] {processor.py:840} INFO - DAG(s) 'example_task_group_decorator' retrieved from /home/airflow/.local/lib/python3.12/site-packages/airflow/example_dags/example_task_group_decorator.py
[2026-06-01T18:24:07.971+0000] {logging_mixin.py:188} INFO - [2026-06-01T18:24:07.971+0000] {dag.py:3096} INFO - Sync 1 DAGs
[2026-06-01T18:24:07.992+0000] {logging_mixin.py:188} INFO - [2026-06-01T18:24:07.992+0000] {dag.py:3954} INFO - Setting next_dagrun for example_task_group_decorator to 2026-05-31 00:00:00+00:00, run_after=2026-06-01 00:00:00+00:00
[2026-06-01T18:24:08.017+0000] {processor.py:183} INFO - Processing /home/airflow/.local/lib/python3.12/site-packages/airflow/example_dags/example_task_group_decorator.py took 0.094 seconds
[2026-06-01T18:24:38.206+0000] {processor.py:161} INFO - Started process (PID=2184) to work on /home/airflow/.local/lib/python3.12/site-packages/airflow/example_dags/example_task_group_decorator.py
[2026-06-01T18:24:38.207+0000] {processor.py:830} INFO - Processing file /home/airflow/.local/lib/python3.12/site-packages/airflow/example_dags/example_task_group_decorator.py for tasks to queue
[2026-06-01T18:24:38.209+0000] {logging_mixin.py:188} INFO - [2026-06-01T18:24:38.209+0000] {dagbag.py:540} INFO - Filling up the DagBag from /home/airflow/.local/lib/python3.12/site-packages/airflow/example_dags/example_task_group_decorator.py
[2026-06-01T18:24:38.221+0000] {processor.py:840} INFO - DAG(s) 'example_task_group_decorator' retrieved from /home/airflow/.local/lib/python3.12/site-packages/airflow/example_dags/example_task_group_decorator.py
[2026-06-01T18:24:38.243+0000] {logging_mixin.py:188} INFO - [2026-06-01T18:24:38.243+0000] {dag.py:3096} INFO - Sync 1 DAGs
[2026-06-01T18:24:38.263+0000] {logging_mixin.py:188} INFO - [2026-06-01T18:24:38.263+0000] {dag.py:3954} INFO - Setting next_dagrun for example_task_group_decorator to 2026-05-31 00:00:00+00:00, run_after=2026-06-01 00:00:00+00:00
[2026-06-01T18:24:38.282+0000] {processor.py:183} INFO - Processing /home/airflow/.local/lib/python3.12/site-packages/airflow/example_dags/example_task_group_decorator.py took 0.081 seconds
[2026-06-01T18:25:08.377+0000] {processor.py:161} INFO - Started process (PID=2243) to work on /home/airflow/.local/lib/python3.12/site-packages/airflow/example_dags/example_task_group_decorator.py
[2026-06-01T18:25:08.378+0000] {processor.py:830} INFO - Processing file /home/airflow/.local/lib/python3.12/site-packages/airflow/example_dags/example_task_group_decorator.py for tasks to queue
[2026-06-01T18:25:08.380+0000] {logging_mixin.py:188} INFO - [2026-06-01T18:25:08.380+0000] {dagbag.py:540} INFO - Filling up the DagBag from /home/airflow/.local/lib/python3.12/site-packages/airflow/example_dags/example_task_group_decorator.py
[2026-06-01T18:25:08.400+0000] {processor.py:840} INFO - DAG(s) 'example_task_group_decorator' retrieved from /home/airflow/.local/lib/python3.12/site-packages/airflow/example_dags/example_task_group_decorator.py
[2026-06-01T18:25:08.424+0000] {logging_mixin.py:188} INFO - [2026-06-01T18:25:08.423+0000] {dag.py:3096} INFO - Sync 1 DAGs
[2026-06-01T18:25:08.446+0000] {logging_mixin.py:188} INFO - [2026-06-01T18:25:08.446+0000] {dag.py:3954} INFO - Setting next_dagrun for example_task_group_decorator to 2026-05-31 00:00:00+00:00, run_after=2026-06-01 00:00:00+00:00
[2026-06-01T18:25:08.466+0000] {processor.py:183} INFO - Processing /home/airflow/.local/lib/python3.12/site-packages/airflow/example_dags/example_task_group_decorator.py took 0.096 seconds
[2026-06-01T18:25:38.615+0000] {processor.py:161} INFO - Started process (PID=2302) to work on /home/airflow/.local/lib/python3.12/site-packages/airflow/example_dags/example_task_group_decorator.py
[2026-06-01T18:25:38.616+0000] {processor.py:830} INFO - Processing file /home/airflow/.local/lib/python3.12/site-packages/airflow/example_dags/example_task_group_decorator.py for tasks to queue
[2026-06-01T18:25:38.618+0000] {logging_mixin.py:188} INFO - [2026-06-01T18:25:38.618+0000] {dagbag.py:540} INFO - Filling up the DagBag from /home/airflow/.local/lib/python3.12/site-packages/airflow/example_dags/example_task_group_decorator.py
[2026-06-01T18:25:38.630+0000] {processor.py:840} INFO - DAG(s) 'example_task_group_decorator' retrieved from /home/airflow/.local/lib/python3.12/site-packages/airflow/example_dags/example_task_group_decorator.py
[2026-06-01T18:25:38.651+0000] {logging_mixin.py:188} INFO - [2026-06-01T18:25:38.651+0000] {dag.py:3096} INFO - Sync 1 DAGs
[2026-06-01T18:25:38.671+0000] {logging_mixin.py:188} INFO - [2026-06-01T18:25:38.671+0000] {dag.py:3954} INFO - Setting next_dagrun for example_task_group_decorator to 2026-05-31 00:00:00+00:00, run_after=2026-06-01 00:00:00+00:00
[2026-06-01T18:25:38.688+0000] {processor.py:183} INFO - Processing /home/airflow/.local/lib/python3.12/site-packages/airflow/example_dags/example_task_group_decorator.py took 0.079 seconds
[2026-06-01T18:26:08.894+0000] {processor.py:161} INFO - Started process (PID=2361) to work on /home/airflow/.local/lib/python3.12/site-packages/airflow/example_dags/example_task_group_decorator.py
[2026-06-01T18:26:08.895+0000] {processor.py:830} INFO - Processing file /home/airflow/.local/lib/python3.12/site-packages/airflow/example_dags/example_task_group_decorator.py for tasks to queue
[2026-06-01T18:26:08.898+0000] {logging_mixin.py:188} INFO - [2026-06-01T18:26:08.897+0000] {dagbag.py:540} INFO - Filling up the DagBag from /home/airflow/.local/lib/python3.12/site-packages/airflow/example_dags/example_task_group_decorator.py
[2026-06-01T18:26:08.909+0000] {processor.py:840} INFO - DAG(s) 'example_task_group_decorator' retrieved from /home/airflow/.local/lib/python3.12/site-packages/airflow/example_dags/example_task_group_decorator.py
[2026-06-01T18:26:08.931+0000] {logging_mixin.py:188} INFO - [2026-06-01T18:26:08.931+0000] {dag.py:3096} INFO - Sync 1 DAGs
[2026-06-01T18:26:08.951+0000] {logging_mixin.py:188} INFO - [2026-06-01T18:26:08.951+0000] {dag.py:3954} INFO - Setting next_dagrun for example_task_group_decorator to 2026-05-31 00:00:00+00:00, run_after=2026-06-01 00:00:00+00:00
[2026-06-01T18:26:08.969+0000] {processor.py:183} INFO - Processing /home/airflow/.local/lib/python3.12/site-packages/airflow/example_dags/example_task_group_decorator.py took 0.080 seconds
[2026-06-01T18:26:39.128+0000] {processor.py:161} INFO - Started process (PID=2420) to work on /home/airflow/.local/lib/python3.12/site-packages/airflow/example_dags/example_task_group_decorator.py
[2026-06-01T18:26:39.130+0000] {processor.py:830} INFO - Processing file /home/airflow/.local/lib/python3.12/site-packages/airflow/example_dags/example_task_group_decorator.py for tasks to queue
[2026-06-01T18:26:39.132+0000] {logging_mixin.py:188} INFO - [2026-06-01T18:26:39.132+0000] {dagbag.py:540} INFO - Filling up the DagBag from /home/airflow/.local/lib/python3.12/site-packages/airflow/example_dags/example_task_group_decorator.py
[2026-06-01T18:26:39.145+0000] {processor.py:840} INFO - DAG(s) 'example_task_group_decorator' retrieved from /home/airflow/.local/lib/python3.12/site-packages/airflow/example_dags/example_task_group_decorator.py
[2026-06-01T18:26:39.174+0000] {logging_mixin.py:188} INFO - [2026-06-01T18:26:39.173+0000] {dag.py:3096} INFO - Sync 1 DAGs
[2026-06-01T18:26:39.196+0000] {logging_mixin.py:188} INFO - [2026-06-01T18:26:39.195+0000] {dag.py:3954} INFO - Setting next_dagrun for example_task_group_decorator to 2026-05-31 00:00:00+00:00, run_after=2026-06-01 00:00:00+00:00
[2026-06-01T18:26:39.216+0000] {processor.py:183} INFO - Processing /home/airflow/.local/lib/python3.12/site-packages/airflow/example_dags/example_task_group_decorator.py took 0.093 seconds
[2026-06-01T18:27:09.859+0000] {processor.py:161} INFO - Started process (PID=2479) to work on /home/airflow/.local/lib/python3.12/site-packages/airflow/example_dags/example_task_group_decorator.py
[2026-06-01T18:27:09.860+0000] {processor.py:830} INFO - Processing file /home/airflow/.local/lib/python3.12/site-packages/airflow/example_dags/example_task_group_decorator.py for tasks to queue
[2026-06-01T18:27:09.863+0000] {logging_mixin.py:188} INFO - [2026-06-01T18:27:09.862+0000] {dagbag.py:540} INFO - Filling up the DagBag from /home/airflow/.local/lib/python3.12/site-packages/airflow/example_dags/example_task_group_decorator.py
[2026-06-01T18:27:09.875+0000] {processor.py:840} INFO - DAG(s) 'example_task_group_decorator' retrieved from /home/airflow/.local/lib/python3.12/site-packages/airflow/example_dags/example_task_group_decorator.py
[2026-06-01T18:27:09.898+0000] {logging_mixin.py:188} INFO - [2026-06-01T18:27:09.898+0000] {dag.py:3096} INFO - Sync 1 DAGs
[2026-06-01T18:27:09.917+0000] {logging_mixin.py:188} INFO - [2026-06-01T18:27:09.917+0000] {dag.py:3954} INFO - Setting next_dagrun for example_task_group_decorator to 2026-05-31 00:00:00+00:00, run_after=2026-06-01 00:00:00+00:00
[2026-06-01T18:27:09.937+0000] {processor.py:183} INFO - Processing /home/airflow/.local/lib/python3.12/site-packages/airflow/example_dags/example_task_group_decorator.py took 0.083 seconds
[2026-06-01T18:27:40.638+0000] {processor.py:161} INFO - Started process (PID=2538) to work on /home/airflow/.local/lib/python3.12/site-packages/airflow/example_dags/example_task_group_decorator.py
[2026-06-01T18:27:40.639+0000] {processor.py:830} INFO - Processing file /home/airflow/.local/lib/python3.12/site-packages/airflow/example_dags/example_task_group_decorator.py for tasks to queue
[2026-06-01T18:27:40.641+0000] {logging_mixin.py:188} INFO - [2026-06-01T18:27:40.641+0000] {dagbag.py:540} INFO - Filling up the DagBag from /home/airflow/.local/lib/python3.12/site-packages/airflow/example_dags/example_task_group_decorator.py
[2026-06-01T18:27:40.654+0000] {processor.py:840} INFO - DAG(s) 'example_task_group_decorator' retrieved from /home/airflow/.local/lib/python3.12/site-packages/airflow/example_dags/example_task_group_decorator.py
[2026-06-01T18:27:40.678+0000] {logging_mixin.py:188} INFO - [2026-06-01T18:27:40.678+0000] {dag.py:3096} INFO - Sync 1 DAGs
[2026-06-01T18:27:40.698+0000] {logging_mixin.py:188} INFO - [2026-06-01T18:27:40.698+0000] {dag.py:3954} INFO - Setting next_dagrun for example_task_group_decorator to 2026-05-31 00:00:00+00:00, run_after=2026-06-01 00:00:00+00:00
[2026-06-01T18:27:40.719+0000] {processor.py:183} INFO - Processing /home/airflow/.local/lib/python3.12/site-packages/airflow/example_dags/example_task_group_decorator.py took 0.087 seconds
[2026-06-01T18:28:11.349+0000] {processor.py:161} INFO - Started process (PID=2597) to work on /home/airflow/.local/lib/python3.12/site-packages/airflow/example_dags/example_task_group_decorator.py
[2026-06-01T18:28:11.350+0000] {processor.py:830} INFO - Processing file /home/airflow/.local/lib/python3.12/site-packages/airflow/example_dags/example_task_group_decorator.py for tasks to queue
[2026-06-01T18:28:11.352+0000] {logging_mixin.py:188} INFO - [2026-06-01T18:28:11.352+0000] {dagbag.py:540} INFO - Filling up the DagBag from /home/airflow/.local/lib/python3.12/site-packages/airflow/example_dags/example_task_group_decorator.py
[2026-06-01T18:28:11.364+0000] {processor.py:840} INFO - DAG(s) 'example_task_group_decorator' retrieved from /home/airflow/.local/lib/python3.12/site-packages/airflow/example_dags/example_task_group_decorator.py
[2026-06-01T18:28:11.386+0000] {logging_mixin.py:188} INFO - [2026-06-01T18:28:11.386+0000] {dag.py:3096} INFO - Sync 1 DAGs
[2026-06-01T18:28:11.409+0000] {logging_mixin.py:188} INFO - [2026-06-01T18:28:11.408+0000] {dag.py:3954} INFO - Setting next_dagrun for example_task_group_decorator to 2026-05-31 00:00:00+00:00, run_after=2026-06-01 00:00:00+00:00
[2026-06-01T18:28:11.427+0000] {processor.py:183} INFO - Processing /home/airflow/.local/lib/python3.12/site-packages/airflow/example_dags/example_task_group_decorator.py took 0.083 seconds
[2026-06-01T18:28:42.135+0000] {processor.py:161} INFO - Started process (PID=2656) to work on /home/airflow/.local/lib/python3.12/site-packages/airflow/example_dags/example_task_group_decorator.py
[2026-06-01T18:28:42.136+0000] {processor.py:830} INFO - Processing file /home/airflow/.local/lib/python3.12/site-packages/airflow/example_dags/example_task_group_decorator.py for tasks to queue
[2026-06-01T18:28:42.138+0000] {logging_mixin.py:188} INFO - [2026-06-01T18:28:42.138+0000] {dagbag.py:540} INFO - Filling up the DagBag from /home/airflow/.local/lib/python3.12/site-packages/airflow/example_dags/example_task_group_decorator.py
[2026-06-01T18:28:42.152+0000] {processor.py:840} INFO - DAG(s) 'example_task_group_decorator' retrieved from /home/airflow/.local/lib/python3.12/site-packages/airflow/example_dags/example_task_group_decorator.py
[2026-06-01T18:28:42.174+0000] {logging_mixin.py:188} INFO - [2026-06-01T18:28:42.174+0000] {dag.py:3096} INFO - Sync 1 DAGs
[2026-06-01T18:28:42.193+0000] {logging_mixin.py:188} INFO - [2026-06-01T18:28:42.193+0000] {dag.py:3954} INFO - Setting next_dagrun for example_task_group_decorator to 2026-05-31 00:00:00+00:00, run_after=2026-06-01 00:00:00+00:00
[2026-06-01T18:28:42.212+0000] {processor.py:183} INFO - Processing /home/airflow/.local/lib/python3.12/site-packages/airflow/example_dags/example_task_group_decorator.py took 0.084 seconds
[2026-06-01T18:29:12.850+0000] {processor.py:161} INFO - Started process (PID=2715) to work on /home/airflow/.local/lib/python3.12/site-packages/airflow/example_dags/example_task_group_decorator.py
[2026-06-01T18:29:12.851+0000] {processor.py:830} INFO - Processing file /home/airflow/.local/lib/python3.12/site-packages/airflow/example_dags/example_task_group_decorator.py for tasks to queue
[2026-06-01T18:29:12.853+0000] {logging_mixin.py:188} INFO - [2026-06-01T18:29:12.853+0000] {dagbag.py:540} INFO - Filling up the DagBag from /home/airflow/.local/lib/python3.12/site-packages/airflow/example_dags/example_task_group_decorator.py
[2026-06-01T18:29:12.866+0000] {processor.py:840} INFO - DAG(s) 'example_task_group_decorator' retrieved from /home/airflow/.local/lib/python3.12/site-packages/airflow/example_dags/example_task_group_decorator.py
[2026-06-01T18:29:12.888+0000] {logging_mixin.py:188} INFO - [2026-06-01T18:29:12.888+0000] {dag.py:3096} INFO - Sync 1 DAGs
[2026-06-01T18:29:12.907+0000] {logging_mixin.py:188} INFO - [2026-06-01T18:29:12.907+0000] {dag.py:3954} INFO - Setting next_dagrun for example_task_group_decorator to 2026-05-31 00:00:00+00:00, run_after=2026-06-01 00:00:00+00:00
[2026-06-01T18:29:12.925+0000] {processor.py:183} INFO - Processing /home/airflow/.local/lib/python3.12/site-packages/airflow/example_dags/example_task_group_decorator.py took 0.080 seconds
[2026-06-01T18:29:43.564+0000] {processor.py:161} INFO - Started process (PID=2774) to work on /home/airflow/.local/lib/python3.12/site-packages/airflow/example_dags/example_task_group_decorator.py
[2026-06-01T18:29:43.566+0000] {processor.py:830} INFO - Processing file /home/airflow/.local/lib/python3.12/site-packages/airflow/example_dags/example_task_group_decorator.py for tasks to queue
[2026-06-01T18:29:43.568+0000] {logging_mixin.py:188} INFO - [2026-06-01T18:29:43.567+0000] {dagbag.py:540} INFO - Filling up the DagBag from /home/airflow/.local/lib/python3.12/site-packages/airflow/example_dags/example_task_group_decorator.py
[2026-06-01T18:29:43.580+0000] {processor.py:840} INFO - DAG(s) 'example_task_group_decorator' retrieved from /home/airflow/.local/lib/python3.12/site-packages/airflow/example_dags/example_task_group_decorator.py
[2026-06-01T18:29:43.602+0000] {logging_mixin.py:188} INFO - [2026-06-01T18:29:43.602+0000] {dag.py:3096} INFO - Sync 1 DAGs
[2026-06-01T18:29:43.621+0000] {logging_mixin.py:188} INFO - [2026-06-01T18:29:43.621+0000] {dag.py:3954} INFO - Setting next_dagrun for example_task_group_decorator to 2026-05-31 00:00:00+00:00, run_after=2026-06-01 00:00:00+00:00
[2026-06-01T18:29:43.639+0000] {processor.py:183} INFO - Processing /home/airflow/.local/lib/python3.12/site-packages/airflow/example_dags/example_task_group_decorator.py took 0.080 seconds
[2026-06-01T18:30:14.069+0000] {processor.py:161} INFO - Started process (PID=2833) to work on /home/airflow/.local/lib/python3.12/site-packages/airflow/example_dags/example_task_group_decorator.py
[2026-06-01T18:30:14.070+0000] {processor.py:830} INFO - Processing file /home/airflow/.local/lib/python3.12/site-packages/airflow/example_dags/example_task_group_decorator.py for tasks to queue
[2026-06-01T18:30:14.072+0000] {logging_mixin.py:188} INFO - [2026-06-01T18:30:14.072+0000] {dagbag.py:540} INFO - Filling up the DagBag from /home/airflow/.local/lib/python3.12/site-packages/airflow/example_dags/example_task_group_decorator.py
[2026-06-01T18:30:14.085+0000] {processor.py:840} INFO - DAG(s) 'example_task_group_decorator' retrieved from /home/airflow/.local/lib/python3.12/site-packages/airflow/example_dags/example_task_group_decorator.py
[2026-06-01T18:30:14.109+0000] {logging_mixin.py:188} INFO - [2026-06-01T18:30:14.108+0000] {dag.py:3096} INFO - Sync 1 DAGs
[2026-06-01T18:30:14.130+0000] {logging_mixin.py:188} INFO - [2026-06-01T18:30:14.130+0000] {dag.py:3954} INFO - Setting next_dagrun for example_task_group_decorator to 2026-05-31 00:00:00+00:00, run_after=2026-06-01 00:00:00+00:00
[2026-06-01T18:30:14.151+0000] {processor.py:183} INFO - Processing /home/airflow/.local/lib/python3.12/site-packages/airflow/example_dags/example_task_group_decorator.py took 0.088 seconds
[2026-06-01T18:30:44.240+0000] {processor.py:161} INFO - Started process (PID=2892) to work on /home/airflow/.local/lib/python3.12/site-packages/airflow/example_dags/example_task_group_decorator.py
[2026-06-01T18:30:44.242+0000] {processor.py:830} INFO - Processing file /home/airflow/.local/lib/python3.12/site-packages/airflow/example_dags/example_task_group_decorator.py for tasks to queue
[2026-06-01T18:30:44.243+0000] {logging_mixin.py:188} INFO - [2026-06-01T18:30:44.243+0000] {dagbag.py:540} INFO - Filling up the DagBag from /home/airflow/.local/lib/python3.12/site-packages/airflow/example_dags/example_task_group_decorator.py
[2026-06-01T18:30:44.255+0000] {processor.py:840} INFO - DAG(s) 'example_task_group_decorator' retrieved from /home/airflow/.local/lib/python3.12/site-packages/airflow/example_dags/example_task_group_decorator.py
[2026-06-01T18:30:44.278+0000] {logging_mixin.py:188} INFO - [2026-06-01T18:30:44.278+0000] {dag.py:3096} INFO - Sync 1 DAGs
[2026-06-01T18:30:44.297+0000] {logging_mixin.py:188} INFO - [2026-06-01T18:30:44.296+0000] {dag.py:3954} INFO - Setting next_dagrun for example_task_group_decorator to 2026-05-31 00:00:00+00:00, run_after=2026-06-01 00:00:00+00:00
[2026-06-01T18:30:44.314+0000] {processor.py:183} INFO - Processing /home/airflow/.local/lib/python3.12/site-packages/airflow/example_dags/example_task_group_decorator.py took 0.079 seconds
[2026-06-01T18:31:14.602+0000] {processor.py:161} INFO - Started process (PID=2951) to work on /home/airflow/.local/lib/python3.12/site-packages/airflow/example_dags/example_task_group_decorator.py
[2026-06-01T18:31:14.604+0000] {processor.py:830} INFO - Processing file /home/airflow/.local/lib/python3.12/site-packages/airflow/example_dags/example_task_group_decorator.py for tasks to queue
[2026-06-01T18:31:14.605+0000] {logging_mixin.py:188} INFO - [2026-06-01T18:31:14.605+0000] {dagbag.py:540} INFO - Filling up the DagBag from /home/airflow/.local/lib/python3.12/site-packages/airflow/example_dags/example_task_group_decorator.py
[2026-06-01T18:31:14.618+0000] {processor.py:840} INFO - DAG(s) 'example_task_group_decorator' retrieved from /home/airflow/.local/lib/python3.12/site-packages/airflow/example_dags/example_task_group_decorator.py
[2026-06-01T18:31:14.641+0000] {logging_mixin.py:188} INFO - [2026-06-01T18:31:14.640+0000] {dag.py:3096} INFO - Sync 1 DAGs
[2026-06-01T18:31:14.662+0000] {logging_mixin.py:188} INFO - [2026-06-01T18:31:14.662+0000] {dag.py:3954} INFO - Setting next_dagrun for example_task_group_decorator to 2026-05-31 00:00:00+00:00, run_after=2026-06-01 00:00:00+00:00
[2026-06-01T18:31:14.680+0000] {processor.py:183} INFO - Processing /home/airflow/.local/lib/python3.12/site-packages/airflow/example_dags/example_task_group_decorator.py took 0.083 seconds
[2026-06-01T18:31:45.539+0000] {processor.py:161} INFO - Started process (PID=3014) to work on /home/airflow/.local/lib/python3.12/site-packages/airflow/example_dags/example_task_group_decorator.py
[2026-06-01T18:31:45.540+0000] {processor.py:830} INFO - Processing file /home/airflow/.local/lib/python3.12/site-packages/airflow/example_dags/example_task_group_decorator.py for tasks to queue
[2026-06-01T18:31:45.542+0000] {logging_mixin.py:188} INFO - [2026-06-01T18:31:45.542+0000] {dagbag.py:540} INFO - Filling up the DagBag from /home/airflow/.local/lib/python3.12/site-packages/airflow/example_dags/example_task_group_decorator.py
[2026-06-01T18:31:45.553+0000] {processor.py:840} INFO - DAG(s) 'example_task_group_decorator' retrieved from /home/airflow/.local/lib/python3.12/site-packages/airflow/example_dags/example_task_group_decorator.py
[2026-06-01T18:31:45.576+0000] {logging_mixin.py:188} INFO - [2026-06-01T18:31:45.576+0000] {dag.py:3096} INFO - Sync 1 DAGs
[2026-06-01T18:31:45.596+0000] {logging_mixin.py:188} INFO - [2026-06-01T18:31:45.596+0000] {dag.py:3954} INFO - Setting next_dagrun for example_task_group_decorator to 2026-05-31 00:00:00+00:00, run_after=2026-06-01 00:00:00+00:00
[2026-06-01T18:31:45.614+0000] {processor.py:183} INFO - Processing /home/airflow/.local/lib/python3.12/site-packages/airflow/example_dags/example_task_group_decorator.py took 0.080 seconds
[2026-06-01T18:32:15.818+0000] {processor.py:161} INFO - Started process (PID=3073) to work on /home/airflow/.local/lib/python3.12/site-packages/airflow/example_dags/example_task_group_decorator.py
[2026-06-01T18:32:15.819+0000] {processor.py:830} INFO - Processing file /home/airflow/.local/lib/python3.12/site-packages/airflow/example_dags/example_task_group_decorator.py for tasks to queue
[2026-06-01T18:32:15.821+0000] {logging_mixin.py:188} INFO - [2026-06-01T18:32:15.821+0000] {dagbag.py:540} INFO - Filling up the DagBag from /home/airflow/.local/lib/python3.12/site-packages/airflow/example_dags/example_task_group_decorator.py
[2026-06-01T18:32:15.835+0000] {processor.py:840} INFO - DAG(s) 'example_task_group_decorator' retrieved from /home/airflow/.local/lib/python3.12/site-packages/airflow/example_dags/example_task_group_decorator.py
[2026-06-01T18:32:15.860+0000] {logging_mixin.py:188} INFO - [2026-06-01T18:32:15.859+0000] {dag.py:3096} INFO - Sync 1 DAGs
[2026-06-01T18:32:15.884+0000] {logging_mixin.py:188} INFO - [2026-06-01T18:32:15.884+0000] {dag.py:3954} INFO - Setting next_dagrun for example_task_group_decorator to 2026-05-31 00:00:00+00:00, run_after=2026-06-01 00:00:00+00:00
[2026-06-01T18:32:15.902+0000] {processor.py:183} INFO - Processing /home/airflow/.local/lib/python3.12/site-packages/airflow/example_dags/example_task_group_decorator.py took 0.091 seconds
[2026-06-01T18:32:46.108+0000] {processor.py:161} INFO - Started process (PID=3132) to work on /home/airflow/.local/lib/python3.12/site-packages/airflow/example_dags/example_task_group_decorator.py
[2026-06-01T18:32:46.109+0000] {processor.py:830} INFO - Processing file /home/airflow/.local/lib/python3.12/site-packages/airflow/example_dags/example_task_group_decorator.py for tasks to queue
[2026-06-01T18:32:46.111+0000] {logging_mixin.py:188} INFO - [2026-06-01T18:32:46.110+0000] {dagbag.py:540} INFO - Filling up the DagBag from /home/airflow/.local/lib/python3.12/site-packages/airflow/example_dags/example_task_group_decorator.py
[2026-06-01T18:32:46.123+0000] {processor.py:840} INFO - DAG(s) 'example_task_group_decorator' retrieved from /home/airflow/.local/lib/python3.12/site-packages/airflow/example_dags/example_task_group_decorator.py
[2026-06-01T18:32:46.146+0000] {logging_mixin.py:188} INFO - [2026-06-01T18:32:46.146+0000] {dag.py:3096} INFO - Sync 1 DAGs
[2026-06-01T18:32:46.168+0000] {logging_mixin.py:188} INFO - [2026-06-01T18:32:46.168+0000] {dag.py:3954} INFO - Setting next_dagrun for example_task_group_decorator to 2026-05-31 00:00:00+00:00, run_after=2026-06-01 00:00:00+00:00
[2026-06-01T18:32:46.188+0000] {processor.py:183} INFO - Processing /home/airflow/.local/lib/python3.12/site-packages/airflow/example_dags/example_task_group_decorator.py took 0.086 seconds
[2026-06-01T18:33:16.298+0000] {processor.py:161} INFO - Started process (PID=3191) to work on /home/airflow/.local/lib/python3.12/site-packages/airflow/example_dags/example_task_group_decorator.py
[2026-06-01T18:33:16.299+0000] {processor.py:830} INFO - Processing file /home/airflow/.local/lib/python3.12/site-packages/airflow/example_dags/example_task_group_decorator.py for tasks to queue
[2026-06-01T18:33:16.301+0000] {logging_mixin.py:188} INFO - [2026-06-01T18:33:16.300+0000] {dagbag.py:540} INFO - Filling up the DagBag from /home/airflow/.local/lib/python3.12/site-packages/airflow/example_dags/example_task_group_decorator.py
[2026-06-01T18:33:16.312+0000] {processor.py:840} INFO - DAG(s) 'example_task_group_decorator' retrieved from /home/airflow/.local/lib/python3.12/site-packages/airflow/example_dags/example_task_group_decorator.py
[2026-06-01T18:33:16.334+0000] {logging_mixin.py:188} INFO - [2026-06-01T18:33:16.334+0000] {dag.py:3096} INFO - Sync 1 DAGs
[2026-06-01T18:33:16.357+0000] {logging_mixin.py:188} INFO - [2026-06-01T18:33:16.357+0000] {dag.py:3954} INFO - Setting next_dagrun for example_task_group_decorator to 2026-05-31 00:00:00+00:00, run_after=2026-06-01 00:00:00+00:00
[2026-06-01T18:33:16.380+0000] {processor.py:183} INFO - Processing /home/airflow/.local/lib/python3.12/site-packages/airflow/example_dags/example_task_group_decorator.py took 0.088 seconds
[2026-06-01T18:33:46.749+0000] {processor.py:161} INFO - Started process (PID=3250) to work on /home/airflow/.local/lib/python3.12/site-packages/airflow/example_dags/example_task_group_decorator.py
[2026-06-01T18:33:46.750+0000] {processor.py:830} INFO - Processing file /home/airflow/.local/lib/python3.12/site-packages/airflow/example_dags/example_task_group_decorator.py for tasks to queue
[2026-06-01T18:33:46.753+0000] {logging_mixin.py:188} INFO - [2026-06-01T18:33:46.752+0000] {dagbag.py:540} INFO - Filling up the DagBag from /home/airflow/.local/lib/python3.12/site-packages/airflow/example_dags/example_task_group_decorator.py
[2026-06-01T18:33:46.770+0000] {processor.py:840} INFO - DAG(s) 'example_task_group_decorator' retrieved from /home/airflow/.local/lib/python3.12/site-packages/airflow/example_dags/example_task_group_decorator.py
[2026-06-01T18:33:46.797+0000] {logging_mixin.py:188} INFO - [2026-06-01T18:33:46.797+0000] {dag.py:3096} INFO - Sync 1 DAGs
[2026-06-01T18:33:46.817+0000] {logging_mixin.py:188} INFO - [2026-06-01T18:33:46.817+0000] {dag.py:3954} INFO - Setting next_dagrun for example_task_group_decorator to 2026-05-31 00:00:00+00:00, run_after=2026-06-01 00:00:00+00:00
[2026-06-01T18:33:46.834+0000] {processor.py:183} INFO - Processing /home/airflow/.local/lib/python3.12/site-packages/airflow/example_dags/example_task_group_decorator.py took 0.091 seconds
[2026-06-01T18:34:17.080+0000] {processor.py:161} INFO - Started process (PID=3309) to work on /home/airflow/.local/lib/python3.12/site-packages/airflow/example_dags/example_task_group_decorator.py
[2026-06-01T18:34:17.082+0000] {processor.py:830} INFO - Processing file /home/airflow/.local/lib/python3.12/site-packages/airflow/example_dags/example_task_group_decorator.py for tasks to queue
[2026-06-01T18:34:17.085+0000] {logging_mixin.py:188} INFO - [2026-06-01T18:34:17.084+0000] {dagbag.py:540} INFO - Filling up the DagBag from /home/airflow/.local/lib/python3.12/site-packages/airflow/example_dags/example_task_group_decorator.py
[2026-06-01T18:34:17.099+0000] {processor.py:840} INFO - DAG(s) 'example_task_group_decorator' retrieved from /home/airflow/.local/lib/python3.12/site-packages/airflow/example_dags/example_task_group_decorator.py
[2026-06-01T18:34:17.120+0000] {logging_mixin.py:188} INFO - [2026-06-01T18:34:17.120+0000] {dag.py:3096} INFO - Sync 1 DAGs
[2026-06-01T18:34:17.140+0000] {logging_mixin.py:188} INFO - [2026-06-01T18:34:17.140+0000] {dag.py:3954} INFO - Setting next_dagrun for example_task_group_decorator to 2026-05-31 00:00:00+00:00, run_after=2026-06-01 00:00:00+00:00
[2026-06-01T18:34:17.158+0000] {processor.py:183} INFO - Processing /home/airflow/.local/lib/python3.12/site-packages/airflow/example_dags/example_task_group_decorator.py took 0.084 seconds
[2026-06-01T18:34:47.408+0000] {processor.py:161} INFO - Started process (PID=3368) to work on /home/airflow/.local/lib/python3.12/site-packages/airflow/example_dags/example_task_group_decorator.py
[2026-06-01T18:34:47.410+0000] {processor.py:830} INFO - Processing file /home/airflow/.local/lib/python3.12/site-packages/airflow/example_dags/example_task_group_decorator.py for tasks to queue
[2026-06-01T18:34:47.413+0000] {logging_mixin.py:188} INFO - [2026-06-01T18:34:47.413+0000] {dagbag.py:540} INFO - Filling up the DagBag from /home/airflow/.local/lib/python3.12/site-packages/airflow/example_dags/example_task_group_decorator.py
[2026-06-01T18:34:47.431+0000] {processor.py:840} INFO - DAG(s) 'example_task_group_decorator' retrieved from /home/airflow/.local/lib/python3.12/site-packages/airflow/example_dags/example_task_group_decorator.py
[2026-06-01T18:34:47.454+0000] {logging_mixin.py:188} INFO - [2026-06-01T18:34:47.453+0000] {dag.py:3096} INFO - Sync 1 DAGs
[2026-06-01T18:34:47.473+0000] {logging_mixin.py:188} INFO - [2026-06-01T18:34:47.472+0000] {dag.py:3954} INFO - Setting next_dagrun for example_task_group_decorator to 2026-05-31 00:00:00+00:00, run_after=2026-06-01 00:00:00+00:00
[2026-06-01T18:34:47.489+0000] {processor.py:183} INFO - Processing /home/airflow/.local/lib/python3.12/site-packages/airflow/example_dags/example_task_group_decorator.py took 0.086 seconds
[2026-06-01T18:35:17.645+0000] {processor.py:161} INFO - Started process (PID=3427) to work on /home/airflow/.local/lib/python3.12/site-packages/airflow/example_dags/example_task_group_decorator.py
[2026-06-01T18:35:17.647+0000] {processor.py:830} INFO - Processing file /home/airflow/.local/lib/python3.12/site-packages/airflow/example_dags/example_task_group_decorator.py for tasks to queue
[2026-06-01T18:35:17.649+0000] {logging_mixin.py:188} INFO - [2026-06-01T18:35:17.649+0000] {dagbag.py:540} INFO - Filling up the DagBag from /home/airflow/.local/lib/python3.12/site-packages/airflow/example_dags/example_task_group_decorator.py
[2026-06-01T18:35:17.663+0000] {processor.py:840} INFO - DAG(s) 'example_task_group_decorator' retrieved from /home/airflow/.local/lib/python3.12/site-packages/airflow/example_dags/example_task_group_decorator.py
[2026-06-01T18:35:17.685+0000] {logging_mixin.py:188} INFO - [2026-06-01T18:35:17.684+0000] {dag.py:3096} INFO - Sync 1 DAGs
[2026-06-01T18:35:17.704+0000] {logging_mixin.py:188} INFO - [2026-06-01T18:35:17.704+0000] {dag.py:3954} INFO - Setting next_dagrun for example_task_group_decorator to 2026-05-31 00:00:00+00:00, run_after=2026-06-01 00:00:00+00:00
[2026-06-01T18:35:17.724+0000] {processor.py:183} INFO - Processing /home/airflow/.local/lib/python3.12/site-packages/airflow/example_dags/example_task_group_decorator.py took 0.084 seconds
[2026-06-01T18:35:47.827+0000] {processor.py:161} INFO - Started process (PID=3487) to work on /home/airflow/.local/lib/python3.12/site-packages/airflow/example_dags/example_task_group_decorator.py
[2026-06-01T18:35:47.828+0000] {processor.py:830} INFO - Processing file /home/airflow/.local/lib/python3.12/site-packages/airflow/example_dags/example_task_group_decorator.py for tasks to queue
[2026-06-01T18:35:47.830+0000] {logging_mixin.py:188} INFO - [2026-06-01T18:35:47.830+0000] {dagbag.py:540} INFO - Filling up the DagBag from /home/airflow/.local/lib/python3.12/site-packages/airflow/example_dags/example_task_group_decorator.py
[2026-06-01T18:35:47.842+0000] {processor.py:840} INFO - DAG(s) 'example_task_group_decorator' retrieved from /home/airflow/.local/lib/python3.12/site-packages/airflow/example_dags/example_task_group_decorator.py
[2026-06-01T18:35:47.865+0000] {logging_mixin.py:188} INFO - [2026-06-01T18:35:47.865+0000] {dag.py:3096} INFO - Sync 1 DAGs
[2026-06-01T18:35:47.883+0000] {logging_mixin.py:188} INFO - [2026-06-01T18:35:47.883+0000] {dag.py:3954} INFO - Setting next_dagrun for example_task_group_decorator to 2026-05-31 00:00:00+00:00, run_after=2026-06-01 00:00:00+00:00
[2026-06-01T18:35:47.901+0000] {processor.py:183} INFO - Processing /home/airflow/.local/lib/python3.12/site-packages/airflow/example_dags/example_task_group_decorator.py took 0.079 seconds
[2026-06-01T18:36:18.132+0000] {processor.py:161} INFO - Started process (PID=3546) to work on /home/airflow/.local/lib/python3.12/site-packages/airflow/example_dags/example_task_group_decorator.py
[2026-06-01T18:36:18.133+0000] {processor.py:830} INFO - Processing file /home/airflow/.local/lib/python3.12/site-packages/airflow/example_dags/example_task_group_decorator.py for tasks to queue
[2026-06-01T18:36:18.135+0000] {logging_mixin.py:188} INFO - [2026-06-01T18:36:18.135+0000] {dagbag.py:540} INFO - Filling up the DagBag from /home/airflow/.local/lib/python3.12/site-packages/airflow/example_dags/example_task_group_decorator.py
[2026-06-01T18:36:18.151+0000] {processor.py:840} INFO - DAG(s) 'example_task_group_decorator' retrieved from /home/airflow/.local/lib/python3.12/site-packages/airflow/example_dags/example_task_group_decorator.py
[2026-06-01T18:36:18.174+0000] {logging_mixin.py:188} INFO - [2026-06-01T18:36:18.174+0000] {dag.py:3096} INFO - Sync 1 DAGs
[2026-06-01T18:36:18.193+0000] {logging_mixin.py:188} INFO - [2026-06-01T18:36:18.193+0000] {dag.py:3954} INFO - Setting next_dagrun for example_task_group_decorator to 2026-05-31 00:00:00+00:00, run_after=2026-06-01 00:00:00+00:00
[2026-06-01T18:36:18.213+0000] {processor.py:183} INFO - Processing /home/airflow/.local/lib/python3.12/site-packages/airflow/example_dags/example_task_group_decorator.py took 0.090 seconds
[2026-06-01T18:36:48.328+0000] {processor.py:161} INFO - Started process (PID=3605) to work on /home/airflow/.local/lib/python3.12/site-packages/airflow/example_dags/example_task_group_decorator.py
[2026-06-01T18:36:48.330+0000] {processor.py:830} INFO - Processing file /home/airflow/.local/lib/python3.12/site-packages/airflow/example_dags/example_task_group_decorator.py for tasks to queue
[2026-06-01T18:36:48.332+0000] {logging_mixin.py:188} INFO - [2026-06-01T18:36:48.332+0000] {dagbag.py:540} INFO - Filling up the DagBag from /home/airflow/.local/lib/python3.12/site-packages/airflow/example_dags/example_task_group_decorator.py
[2026-06-01T18:36:48.345+0000] {processor.py:840} INFO - DAG(s) 'example_task_group_decorator' retrieved from /home/airflow/.local/lib/python3.12/site-packages/airflow/example_dags/example_task_group_decorator.py
[2026-06-01T18:36:48.374+0000] {logging_mixin.py:188} INFO - [2026-06-01T18:36:48.373+0000] {dag.py:3096} INFO - Sync 1 DAGs
[2026-06-01T18:36:48.394+0000] {logging_mixin.py:188} INFO - [2026-06-01T18:36:48.394+0000] {dag.py:3954} INFO - Setting next_dagrun for example_task_group_decorator to 2026-05-31 00:00:00+00:00, run_after=2026-06-01 00:00:00+00:00
[2026-06-01T18:36:48.413+0000] {processor.py:183} INFO - Processing /home/airflow/.local/lib/python3.12/site-packages/airflow/example_dags/example_task_group_decorator.py took 0.090 seconds
[2026-06-01T18:37:18.775+0000] {processor.py:161} INFO - Started process (PID=3664) to work on /home/airflow/.local/lib/python3.12/site-packages/airflow/example_dags/example_task_group_decorator.py
[2026-06-01T18:37:18.777+0000] {processor.py:830} INFO - Processing file /home/airflow/.local/lib/python3.12/site-packages/airflow/example_dags/example_task_group_decorator.py for tasks to queue
[2026-06-01T18:37:18.779+0000] {logging_mixin.py:188} INFO - [2026-06-01T18:37:18.779+0000] {dagbag.py:540} INFO - Filling up the DagBag from /home/airflow/.local/lib/python3.12/site-packages/airflow/example_dags/example_task_group_decorator.py
[2026-06-01T18:37:18.792+0000] {processor.py:840} INFO - DAG(s) 'example_task_group_decorator' retrieved from /home/airflow/.local/lib/python3.12/site-packages/airflow/example_dags/example_task_group_decorator.py
[2026-06-01T18:37:18.816+0000] {logging_mixin.py:188} INFO - [2026-06-01T18:37:18.816+0000] {dag.py:3096} INFO - Sync 1 DAGs
[2026-06-01T18:37:18.834+0000] {logging_mixin.py:188} INFO - [2026-06-01T18:37:18.834+0000] {dag.py:3954} INFO - Setting next_dagrun for example_task_group_decorator to 2026-05-31 00:00:00+00:00, run_after=2026-06-01 00:00:00+00:00
[2026-06-01T18:37:18.853+0000] {processor.py:183} INFO - Processing /home/airflow/.local/lib/python3.12/site-packages/airflow/example_dags/example_task_group_decorator.py took 0.083 seconds
[2026-06-01T18:37:49.926+0000] {processor.py:161} INFO - Started process (PID=3723) to work on /home/airflow/.local/lib/python3.12/site-packages/airflow/example_dags/example_task_group_decorator.py
[2026-06-01T18:37:49.927+0000] {processor.py:830} INFO - Processing file /home/airflow/.local/lib/python3.12/site-packages/airflow/example_dags/example_task_group_decorator.py for tasks to queue
[2026-06-01T18:37:49.930+0000] {logging_mixin.py:188} INFO - [2026-06-01T18:37:49.929+0000] {dagbag.py:540} INFO - Filling up the DagBag from /home/airflow/.local/lib/python3.12/site-packages/airflow/example_dags/example_task_group_decorator.py
[2026-06-01T18:37:49.942+0000] {processor.py:840} INFO - DAG(s) 'example_task_group_decorator' retrieved from /home/airflow/.local/lib/python3.12/site-packages/airflow/example_dags/example_task_group_decorator.py
[2026-06-01T18:37:49.963+0000] {logging_mixin.py:188} INFO - [2026-06-01T18:37:49.963+0000] {dag.py:3096} INFO - Sync 1 DAGs
[2026-06-01T18:37:49.983+0000] {logging_mixin.py:188} INFO - [2026-06-01T18:37:49.982+0000] {dag.py:3954} INFO - Setting next_dagrun for example_task_group_decorator to 2026-05-31 00:00:00+00:00, run_after=2026-06-01 00:00:00+00:00
[2026-06-01T18:37:50.000+0000] {processor.py:183} INFO - Processing /home/airflow/.local/lib/python3.12/site-packages/airflow/example_dags/example_task_group_decorator.py took 0.080 seconds
[2026-06-01T18:38:20.418+0000] {processor.py:161} INFO - Started process (PID=3782) to work on /home/airflow/.local/lib/python3.12/site-packages/airflow/example_dags/example_task_group_decorator.py
[2026-06-01T18:38:20.419+0000] {processor.py:830} INFO - Processing file /home/airflow/.local/lib/python3.12/site-packages/airflow/example_dags/example_task_group_decorator.py for tasks to queue
[2026-06-01T18:38:20.421+0000] {logging_mixin.py:188} INFO - [2026-06-01T18:38:20.421+0000] {dagbag.py:540} INFO - Filling up the DagBag from /home/airflow/.local/lib/python3.12/site-packages/airflow/example_dags/example_task_group_decorator.py
[2026-06-01T18:38:20.433+0000] {processor.py:840} INFO - DAG(s) 'example_task_group_decorator' retrieved from /home/airflow/.local/lib/python3.12/site-packages/airflow/example_dags/example_task_group_decorator.py
[2026-06-01T18:38:20.454+0000] {logging_mixin.py:188} INFO - [2026-06-01T18:38:20.454+0000] {dag.py:3096} INFO - Sync 1 DAGs
[2026-06-01T18:38:20.473+0000] {logging_mixin.py:188} INFO - [2026-06-01T18:38:20.472+0000] {dag.py:3954} INFO - Setting next_dagrun for example_task_group_decorator to 2026-05-31 00:00:00+00:00, run_after=2026-06-01 00:00:00+00:00
[2026-06-01T18:38:20.491+0000] {processor.py:183} INFO - Processing /home/airflow/.local/lib/python3.12/site-packages/airflow/example_dags/example_task_group_decorator.py took 0.079 seconds
[2026-06-01T18:38:51.056+0000] {processor.py:161} INFO - Started process (PID=3841) to work on /home/airflow/.local/lib/python3.12/site-packages/airflow/example_dags/example_task_group_decorator.py
[2026-06-01T18:38:51.057+0000] {processor.py:830} INFO - Processing file /home/airflow/.local/lib/python3.12/site-packages/airflow/example_dags/example_task_group_decorator.py for tasks to queue
[2026-06-01T18:38:51.059+0000] {logging_mixin.py:188} INFO - [2026-06-01T18:38:51.059+0000] {dagbag.py:540} INFO - Filling up the DagBag from /home/airflow/.local/lib/python3.12/site-packages/airflow/example_dags/example_task_group_decorator.py
[2026-06-01T18:38:51.071+0000] {processor.py:840} INFO - DAG(s) 'example_task_group_decorator' retrieved from /home/airflow/.local/lib/python3.12/site-packages/airflow/example_dags/example_task_group_decorator.py
[2026-06-01T18:38:51.094+0000] {logging_mixin.py:188} INFO - [2026-06-01T18:38:51.094+0000] {dag.py:3096} INFO - Sync 1 DAGs
[2026-06-01T18:38:51.113+0000] {logging_mixin.py:188} INFO - [2026-06-01T18:38:51.112+0000] {dag.py:3954} INFO - Setting next_dagrun for example_task_group_decorator to 2026-05-31 00:00:00+00:00, run_after=2026-06-01 00:00:00+00:00
[2026-06-01T18:38:51.130+0000] {processor.py:183} INFO - Processing /home/airflow/.local/lib/python3.12/site-packages/airflow/example_dags/example_task_group_decorator.py took 0.079 seconds
[2026-06-01T18:39:21.671+0000] {processor.py:161} INFO - Started process (PID=3900) to work on /home/airflow/.local/lib/python3.12/site-packages/airflow/example_dags/example_task_group_decorator.py
[2026-06-01T18:39:21.672+0000] {processor.py:830} INFO - Processing file /home/airflow/.local/lib/python3.12/site-packages/airflow/example_dags/example_task_group_decorator.py for tasks to queue
[2026-06-01T18:39:21.674+0000] {logging_mixin.py:188} INFO - [2026-06-01T18:39:21.673+0000] {dagbag.py:540} INFO - Filling up the DagBag from /home/airflow/.local/lib/python3.12/site-packages/airflow/example_dags/example_task_group_decorator.py
[2026-06-01T18:39:21.687+0000] {processor.py:840} INFO - DAG(s) 'example_task_group_decorator' retrieved from /home/airflow/.local/lib/python3.12/site-packages/airflow/example_dags/example_task_group_decorator.py
[2026-06-01T18:39:21.710+0000] {logging_mixin.py:188} INFO - [2026-06-01T18:39:21.710+0000] {dag.py:3096} INFO - Sync 1 DAGs
[2026-06-01T18:39:21.731+0000] {logging_mixin.py:188} INFO - [2026-06-01T18:39:21.730+0000] {dag.py:3954} INFO - Setting next_dagrun for example_task_group_decorator to 2026-05-31 00:00:00+00:00, run_after=2026-06-01 00:00:00+00:00
[2026-06-01T18:39:21.747+0000] {processor.py:183} INFO - Processing /home/airflow/.local/lib/python3.12/site-packages/airflow/example_dags/example_task_group_decorator.py took 0.082 seconds
[2026-06-01T18:39:51.857+0000] {processor.py:161} INFO - Started process (PID=3959) to work on /home/airflow/.local/lib/python3.12/site-packages/airflow/example_dags/example_task_group_decorator.py
[2026-06-01T18:39:51.858+0000] {processor.py:830} INFO - Processing file /home/airflow/.local/lib/python3.12/site-packages/airflow/example_dags/example_task_group_decorator.py for tasks to queue
[2026-06-01T18:39:51.860+0000] {logging_mixin.py:188} INFO - [2026-06-01T18:39:51.860+0000] {dagbag.py:540} INFO - Filling up the DagBag from /home/airflow/.local/lib/python3.12/site-packages/airflow/example_dags/example_task_group_decorator.py
[2026-06-01T18:39:51.873+0000] {processor.py:840} INFO - DAG(s) 'example_task_group_decorator' retrieved from /home/airflow/.local/lib/python3.12/site-packages/airflow/example_dags/example_task_group_decorator.py
[2026-06-01T18:39:51.894+0000] {logging_mixin.py:188} INFO - [2026-06-01T18:39:51.893+0000] {dag.py:3096} INFO - Sync 1 DAGs
[2026-06-01T18:39:51.912+0000] {logging_mixin.py:188} INFO - [2026-06-01T18:39:51.912+0000] {dag.py:3954} INFO - Setting next_dagrun for example_task_group_decorator to 2026-05-31 00:00:00+00:00, run_after=2026-06-01 00:00:00+00:00
[2026-06-01T18:39:51.932+0000] {processor.py:183} INFO - Processing /home/airflow/.local/lib/python3.12/site-packages/airflow/example_dags/example_task_group_decorator.py took 0.080 seconds
[2026-06-01T18:40:22.178+0000] {processor.py:161} INFO - Started process (PID=4018) to work on /home/airflow/.local/lib/python3.12/site-packages/airflow/example_dags/example_task_group_decorator.py
[2026-06-01T18:40:22.179+0000] {processor.py:830} INFO - Processing file /home/airflow/.local/lib/python3.12/site-packages/airflow/example_dags/example_task_group_decorator.py for tasks to queue
[2026-06-01T18:40:22.181+0000] {logging_mixin.py:188} INFO - [2026-06-01T18:40:22.180+0000] {dagbag.py:540} INFO - Filling up the DagBag from /home/airflow/.local/lib/python3.12/site-packages/airflow/example_dags/example_task_group_decorator.py
[2026-06-01T18:40:22.194+0000] {processor.py:840} INFO - DAG(s) 'example_task_group_decorator' retrieved from /home/airflow/.local/lib/python3.12/site-packages/airflow/example_dags/example_task_group_decorator.py
[2026-06-01T18:40:22.217+0000] {logging_mixin.py:188} INFO - [2026-06-01T18:40:22.217+0000] {dag.py:3096} INFO - Sync 1 DAGs
[2026-06-01T18:40:22.237+0000] {logging_mixin.py:188} INFO - [2026-06-01T18:40:22.237+0000] {dag.py:3954} INFO - Setting next_dagrun for example_task_group_decorator to 2026-05-31 00:00:00+00:00, run_after=2026-06-01 00:00:00+00:00
[2026-06-01T18:40:22.257+0000] {processor.py:183} INFO - Processing /home/airflow/.local/lib/python3.12/site-packages/airflow/example_dags/example_task_group_decorator.py took 0.085 seconds
[2026-06-01T18:40:52.355+0000] {processor.py:161} INFO - Started process (PID=4077) to work on /home/airflow/.local/lib/python3.12/site-packages/airflow/example_dags/example_task_group_decorator.py
[2026-06-01T18:40:52.356+0000] {processor.py:830} INFO - Processing file /home/airflow/.local/lib/python3.12/site-packages/airflow/example_dags/example_task_group_decorator.py for tasks to queue
[2026-06-01T18:40:52.358+0000] {logging_mixin.py:188} INFO - [2026-06-01T18:40:52.358+0000] {dagbag.py:540} INFO - Filling up the DagBag from /home/airflow/.local/lib/python3.12/site-packages/airflow/example_dags/example_task_group_decorator.py
[2026-06-01T18:40:52.372+0000] {processor.py:840} INFO - DAG(s) 'example_task_group_decorator' retrieved from /home/airflow/.local/lib/python3.12/site-packages/airflow/example_dags/example_task_group_decorator.py
[2026-06-01T18:40:52.393+0000] {logging_mixin.py:188} INFO - [2026-06-01T18:40:52.393+0000] {dag.py:3096} INFO - Sync 1 DAGs
[2026-06-01T18:40:52.415+0000] {logging_mixin.py:188} INFO - [2026-06-01T18:40:52.415+0000] {dag.py:3954} INFO - Setting next_dagrun for example_task_group_decorator to 2026-05-31 00:00:00+00:00, run_after=2026-06-01 00:00:00+00:00
[2026-06-01T18:40:52.434+0000] {processor.py:183} INFO - Processing /home/airflow/.local/lib/python3.12/site-packages/airflow/example_dags/example_task_group_decorator.py took 0.084 seconds
[2026-06-01T18:41:22.657+0000] {processor.py:161} INFO - Started process (PID=4136) to work on /home/airflow/.local/lib/python3.12/site-packages/airflow/example_dags/example_task_group_decorator.py
[2026-06-01T18:41:22.658+0000] {processor.py:830} INFO - Processing file /home/airflow/.local/lib/python3.12/site-packages/airflow/example_dags/example_task_group_decorator.py for tasks to queue
[2026-06-01T18:41:22.660+0000] {logging_mixin.py:188} INFO - [2026-06-01T18:41:22.659+0000] {dagbag.py:540} INFO - Filling up the DagBag from /home/airflow/.local/lib/python3.12/site-packages/airflow/example_dags/example_task_group_decorator.py
[2026-06-01T18:41:22.673+0000] {processor.py:840} INFO - DAG(s) 'example_task_group_decorator' retrieved from /home/airflow/.local/lib/python3.12/site-packages/airflow/example_dags/example_task_group_decorator.py
[2026-06-01T18:41:22.696+0000] {logging_mixin.py:188} INFO - [2026-06-01T18:41:22.696+0000] {dag.py:3096} INFO - Sync 1 DAGs
[2026-06-01T18:41:22.716+0000] {logging_mixin.py:188} INFO - [2026-06-01T18:41:22.716+0000] {dag.py:3954} INFO - Setting next_dagrun for example_task_group_decorator to 2026-05-31 00:00:00+00:00, run_after=2026-06-01 00:00:00+00:00
[2026-06-01T18:41:22.734+0000] {processor.py:183} INFO - Processing /home/airflow/.local/lib/python3.12/site-packages/airflow/example_dags/example_task_group_decorator.py took 0.083 seconds
[2026-06-01T18:41:52.914+0000] {processor.py:161} INFO - Started process (PID=4195) to work on /home/airflow/.local/lib/python3.12/site-packages/airflow/example_dags/example_task_group_decorator.py
[2026-06-01T18:41:52.915+0000] {processor.py:830} INFO - Processing file /home/airflow/.local/lib/python3.12/site-packages/airflow/example_dags/example_task_group_decorator.py for tasks to queue
[2026-06-01T18:41:52.917+0000] {logging_mixin.py:188} INFO - [2026-06-01T18:41:52.916+0000] {dagbag.py:540} INFO - Filling up the DagBag from /home/airflow/.local/lib/python3.12/site-packages/airflow/example_dags/example_task_group_decorator.py
[2026-06-01T18:41:52.930+0000] {processor.py:840} INFO - DAG(s) 'example_task_group_decorator' retrieved from /home/airflow/.local/lib/python3.12/site-packages/airflow/example_dags/example_task_group_decorator.py
[2026-06-01T18:41:52.951+0000] {logging_mixin.py:188} INFO - [2026-06-01T18:41:52.951+0000] {dag.py:3096} INFO - Sync 1 DAGs
[2026-06-01T18:41:52.972+0000] {logging_mixin.py:188} INFO - [2026-06-01T18:41:52.972+0000] {dag.py:3954} INFO - Setting next_dagrun for example_task_group_decorator to 2026-05-31 00:00:00+00:00, run_after=2026-06-01 00:00:00+00:00
[2026-06-01T18:41:52.991+0000] {processor.py:183} INFO - Processing /home/airflow/.local/lib/python3.12/site-packages/airflow/example_dags/example_task_group_decorator.py took 0.083 seconds
[2026-06-01T18:42:23.127+0000] {processor.py:161} INFO - Started process (PID=4254) to work on /home/airflow/.local/lib/python3.12/site-packages/airflow/example_dags/example_task_group_decorator.py
[2026-06-01T18:42:23.129+0000] {processor.py:830} INFO - Processing file /home/airflow/.local/lib/python3.12/site-packages/airflow/example_dags/example_task_group_decorator.py for tasks to queue
[2026-06-01T18:42:23.131+0000] {logging_mixin.py:188} INFO - [2026-06-01T18:42:23.130+0000] {dagbag.py:540} INFO - Filling up the DagBag from /home/airflow/.local/lib/python3.12/site-packages/airflow/example_dags/example_task_group_decorator.py
[2026-06-01T18:42:23.143+0000] {processor.py:840} INFO - DAG(s) 'example_task_group_decorator' retrieved from /home/airflow/.local/lib/python3.12/site-packages/airflow/example_dags/example_task_group_decorator.py
[2026-06-01T18:42:23.165+0000] {logging_mixin.py:188} INFO - [2026-06-01T18:42:23.165+0000] {dag.py:3096} INFO - Sync 1 DAGs
[2026-06-01T18:42:23.189+0000] {logging_mixin.py:188} INFO - [2026-06-01T18:42:23.189+0000] {dag.py:3954} INFO - Setting next_dagrun for example_task_group_decorator to 2026-05-31 00:00:00+00:00, run_after=2026-06-01 00:00:00+00:00
[2026-06-01T18:42:23.207+0000] {processor.py:183} INFO - Processing /home/airflow/.local/lib/python3.12/site-packages/airflow/example_dags/example_task_group_decorator.py took 0.085 seconds
[2026-06-01T18:42:53.575+0000] {processor.py:161} INFO - Started process (PID=4313) to work on /home/airflow/.local/lib/python3.12/site-packages/airflow/example_dags/example_task_group_decorator.py
[2026-06-01T18:42:53.576+0000] {processor.py:830} INFO - Processing file /home/airflow/.local/lib/python3.12/site-packages/airflow/example_dags/example_task_group_decorator.py for tasks to queue
[2026-06-01T18:42:53.578+0000] {logging_mixin.py:188} INFO - [2026-06-01T18:42:53.578+0000] {dagbag.py:540} INFO - Filling up the DagBag from /home/airflow/.local/lib/python3.12/site-packages/airflow/example_dags/example_task_group_decorator.py
[2026-06-01T18:42:53.590+0000] {processor.py:840} INFO - DAG(s) 'example_task_group_decorator' retrieved from /home/airflow/.local/lib/python3.12/site-packages/airflow/example_dags/example_task_group_decorator.py
[2026-06-01T18:42:53.615+0000] {logging_mixin.py:188} INFO - [2026-06-01T18:42:53.615+0000] {dag.py:3096} INFO - Sync 1 DAGs
[2026-06-01T18:42:53.634+0000] {logging_mixin.py:188} INFO - [2026-06-01T18:42:53.634+0000] {dag.py:3954} INFO - Setting next_dagrun for example_task_group_decorator to 2026-05-31 00:00:00+00:00, run_after=2026-06-01 00:00:00+00:00
[2026-06-01T18:42:53.652+0000] {processor.py:183} INFO - Processing /home/airflow/.local/lib/python3.12/site-packages/airflow/example_dags/example_task_group_decorator.py took 0.083 seconds
[2026-06-01T18:43:23.808+0000] {processor.py:161} INFO - Started process (PID=4372) to work on /home/airflow/.local/lib/python3.12/site-packages/airflow/example_dags/example_task_group_decorator.py
[2026-06-01T18:43:23.809+0000] {processor.py:830} INFO - Processing file /home/airflow/.local/lib/python3.12/site-packages/airflow/example_dags/example_task_group_decorator.py for tasks to queue
[2026-06-01T18:43:23.812+0000] {logging_mixin.py:188} INFO - [2026-06-01T18:43:23.811+0000] {dagbag.py:540} INFO - Filling up the DagBag from /home/airflow/.local/lib/python3.12/site-packages/airflow/example_dags/example_task_group_decorator.py
[2026-06-01T18:43:23.824+0000] {processor.py:840} INFO - DAG(s) 'example_task_group_decorator' retrieved from /home/airflow/.local/lib/python3.12/site-packages/airflow/example_dags/example_task_group_decorator.py
[2026-06-01T18:43:23.846+0000] {logging_mixin.py:188} INFO - [2026-06-01T18:43:23.845+0000] {dag.py:3096} INFO - Sync 1 DAGs
[2026-06-01T18:43:23.866+0000] {logging_mixin.py:188} INFO - [2026-06-01T18:43:23.866+0000] {dag.py:3954} INFO - Setting next_dagrun for example_task_group_decorator to 2026-05-31 00:00:00+00:00, run_after=2026-06-01 00:00:00+00:00
[2026-06-01T18:43:23.883+0000] {processor.py:183} INFO - Processing /home/airflow/.local/lib/python3.12/site-packages/airflow/example_dags/example_task_group_decorator.py took 0.080 seconds
[2026-06-01T18:43:54.120+0000] {processor.py:161} INFO - Started process (PID=4431) to work on /home/airflow/.local/lib/python3.12/site-packages/airflow/example_dags/example_task_group_decorator.py
[2026-06-01T18:43:54.121+0000] {processor.py:830} INFO - Processing file /home/airflow/.local/lib/python3.12/site-packages/airflow/example_dags/example_task_group_decorator.py for tasks to queue
[2026-06-01T18:43:54.123+0000] {logging_mixin.py:188} INFO - [2026-06-01T18:43:54.123+0000] {dagbag.py:540} INFO - Filling up the DagBag from /home/airflow/.local/lib/python3.12/site-packages/airflow/example_dags/example_task_group_decorator.py
[2026-06-01T18:43:54.136+0000] {processor.py:840} INFO - DAG(s) 'example_task_group_decorator' retrieved from /home/airflow/.local/lib/python3.12/site-packages/airflow/example_dags/example_task_group_decorator.py
[2026-06-01T18:43:54.158+0000] {logging_mixin.py:188} INFO - [2026-06-01T18:43:54.158+0000] {dag.py:3096} INFO - Sync 1 DAGs
[2026-06-01T18:43:54.185+0000] {logging_mixin.py:188} INFO - [2026-06-01T18:43:54.185+0000] {dag.py:3954} INFO - Setting next_dagrun for example_task_group_decorator to 2026-05-31 00:00:00+00:00, run_after=2026-06-01 00:00:00+00:00
[2026-06-01T18:43:54.214+0000] {processor.py:183} INFO - Processing /home/airflow/.local/lib/python3.12/site-packages/airflow/example_dags/example_task_group_decorator.py took 0.099 seconds
[2026-06-01T18:44:24.592+0000] {processor.py:161} INFO - Started process (PID=4491) to work on /home/airflow/.local/lib/python3.12/site-packages/airflow/example_dags/example_task_group_decorator.py
[2026-06-01T18:44:24.594+0000] {processor.py:830} INFO - Processing file /home/airflow/.local/lib/python3.12/site-packages/airflow/example_dags/example_task_group_decorator.py for tasks to queue
[2026-06-01T18:44:24.595+0000] {logging_mixin.py:188} INFO - [2026-06-01T18:44:24.595+0000] {dagbag.py:540} INFO - Filling up the DagBag from /home/airflow/.local/lib/python3.12/site-packages/airflow/example_dags/example_task_group_decorator.py
[2026-06-01T18:44:24.607+0000] {processor.py:840} INFO - DAG(s) 'example_task_group_decorator' retrieved from /home/airflow/.local/lib/python3.12/site-packages/airflow/example_dags/example_task_group_decorator.py
[2026-06-01T18:44:24.627+0000] {logging_mixin.py:188} INFO - [2026-06-01T18:44:24.627+0000] {dag.py:3096} INFO - Sync 1 DAGs
[2026-06-01T18:44:24.647+0000] {logging_mixin.py:188} INFO - [2026-06-01T18:44:24.647+0000] {dag.py:3954} INFO - Setting next_dagrun for example_task_group_decorator to 2026-05-31 00:00:00+00:00, run_after=2026-06-01 00:00:00+00:00
[2026-06-01T18:44:24.665+0000] {processor.py:183} INFO - Processing /home/airflow/.local/lib/python3.12/site-packages/airflow/example_dags/example_task_group_decorator.py took 0.078 seconds
[2026-06-01T18:44:54.864+0000] {processor.py:161} INFO - Started process (PID=4550) to work on /home/airflow/.local/lib/python3.12/site-packages/airflow/example_dags/example_task_group_decorator.py
[2026-06-01T18:44:54.865+0000] {processor.py:830} INFO - Processing file /home/airflow/.local/lib/python3.12/site-packages/airflow/example_dags/example_task_group_decorator.py for tasks to queue
[2026-06-01T18:44:54.867+0000] {logging_mixin.py:188} INFO - [2026-06-01T18:44:54.867+0000] {dagbag.py:540} INFO - Filling up the DagBag from /home/airflow/.local/lib/python3.12/site-packages/airflow/example_dags/example_task_group_decorator.py
[2026-06-01T18:44:54.879+0000] {processor.py:840} INFO - DAG(s) 'example_task_group_decorator' retrieved from /home/airflow/.local/lib/python3.12/site-packages/airflow/example_dags/example_task_group_decorator.py
[2026-06-01T18:44:54.900+0000] {logging_mixin.py:188} INFO - [2026-06-01T18:44:54.900+0000] {dag.py:3096} INFO - Sync 1 DAGs
[2026-06-01T18:44:54.920+0000] {logging_mixin.py:188} INFO - [2026-06-01T18:44:54.919+0000] {dag.py:3954} INFO - Setting next_dagrun for example_task_group_decorator to 2026-05-31 00:00:00+00:00, run_after=2026-06-01 00:00:00+00:00
[2026-06-01T18:44:54.939+0000] {processor.py:183} INFO - Processing /home/airflow/.local/lib/python3.12/site-packages/airflow/example_dags/example_task_group_decorator.py took 0.080 seconds
[2026-06-01T18:45:25.180+0000] {processor.py:161} INFO - Started process (PID=4609) to work on /home/airflow/.local/lib/python3.12/site-packages/airflow/example_dags/example_task_group_decorator.py
[2026-06-01T18:45:25.181+0000] {processor.py:830} INFO - Processing file /home/airflow/.local/lib/python3.12/site-packages/airflow/example_dags/example_task_group_decorator.py for tasks to queue
[2026-06-01T18:45:25.183+0000] {logging_mixin.py:188} INFO - [2026-06-01T18:45:25.183+0000] {dagbag.py:540} INFO - Filling up the DagBag from /home/airflow/.local/lib/python3.12/site-packages/airflow/example_dags/example_task_group_decorator.py
[2026-06-01T18:45:25.196+0000] {processor.py:840} INFO - DAG(s) 'example_task_group_decorator' retrieved from /home/airflow/.local/lib/python3.12/site-packages/airflow/example_dags/example_task_group_decorator.py
[2026-06-01T18:45:25.221+0000] {logging_mixin.py:188} INFO - [2026-06-01T18:45:25.221+0000] {dag.py:3096} INFO - Sync 1 DAGs
[2026-06-01T18:45:25.240+0000] {logging_mixin.py:188} INFO - [2026-06-01T18:45:25.240+0000] {dag.py:3954} INFO - Setting next_dagrun for example_task_group_decorator to 2026-05-31 00:00:00+00:00, run_after=2026-06-01 00:00:00+00:00
[2026-06-01T18:45:25.259+0000] {processor.py:183} INFO - Processing /home/airflow/.local/lib/python3.12/site-packages/airflow/example_dags/example_task_group_decorator.py took 0.084 seconds
[2026-06-01T18:45:55.551+0000] {processor.py:161} INFO - Started process (PID=4668) to work on /home/airflow/.local/lib/python3.12/site-packages/airflow/example_dags/example_task_group_decorator.py
[2026-06-01T18:45:55.553+0000] {processor.py:830} INFO - Processing file /home/airflow/.local/lib/python3.12/site-packages/airflow/example_dags/example_task_group_decorator.py for tasks to queue
[2026-06-01T18:45:55.555+0000] {logging_mixin.py:188} INFO - [2026-06-01T18:45:55.554+0000] {dagbag.py:540} INFO - Filling up the DagBag from /home/airflow/.local/lib/python3.12/site-packages/airflow/example_dags/example_task_group_decorator.py
[2026-06-01T18:45:55.569+0000] {processor.py:840} INFO - DAG(s) 'example_task_group_decorator' retrieved from /home/airflow/.local/lib/python3.12/site-packages/airflow/example_dags/example_task_group_decorator.py
[2026-06-01T18:45:55.590+0000] {logging_mixin.py:188} INFO - [2026-06-01T18:45:55.590+0000] {dag.py:3096} INFO - Sync 1 DAGs
[2026-06-01T18:45:55.608+0000] {logging_mixin.py:188} INFO - [2026-06-01T18:45:55.608+0000] {dag.py:3954} INFO - Setting next_dagrun for example_task_group_decorator to 2026-05-31 00:00:00+00:00, run_after=2026-06-01 00:00:00+00:00
[2026-06-01T18:45:55.626+0000] {processor.py:183} INFO - Processing /home/airflow/.local/lib/python3.12/site-packages/airflow/example_dags/example_task_group_decorator.py took 0.080 seconds
[2026-06-01T18:46:26.049+0000] {processor.py:161} INFO - Started process (PID=4727) to work on /home/airflow/.local/lib/python3.12/site-packages/airflow/example_dags/example_task_group_decorator.py
[2026-06-01T18:46:26.050+0000] {processor.py:830} INFO - Processing file /home/airflow/.local/lib/python3.12/site-packages/airflow/example_dags/example_task_group_decorator.py for tasks to queue
[2026-06-01T18:46:26.053+0000] {logging_mixin.py:188} INFO - [2026-06-01T18:46:26.052+0000] {dagbag.py:540} INFO - Filling up the DagBag from /home/airflow/.local/lib/python3.12/site-packages/airflow/example_dags/example_task_group_decorator.py
[2026-06-01T18:46:26.066+0000] {processor.py:840} INFO - DAG(s) 'example_task_group_decorator' retrieved from /home/airflow/.local/lib/python3.12/site-packages/airflow/example_dags/example_task_group_decorator.py
[2026-06-01T18:46:26.087+0000] {logging_mixin.py:188} INFO - [2026-06-01T18:46:26.087+0000] {dag.py:3096} INFO - Sync 1 DAGs
[2026-06-01T18:46:26.105+0000] {logging_mixin.py:188} INFO - [2026-06-01T18:46:26.104+0000] {dag.py:3954} INFO - Setting next_dagrun for example_task_group_decorator to 2026-05-31 00:00:00+00:00, run_after=2026-06-01 00:00:00+00:00
[2026-06-01T18:46:26.122+0000] {processor.py:183} INFO - Processing /home/airflow/.local/lib/python3.12/site-packages/airflow/example_dags/example_task_group_decorator.py took 0.077 seconds
[2026-06-01T18:46:56.393+0000] {processor.py:161} INFO - Started process (PID=4786) to work on /home/airflow/.local/lib/python3.12/site-packages/airflow/example_dags/example_task_group_decorator.py
[2026-06-01T18:46:56.394+0000] {processor.py:830} INFO - Processing file /home/airflow/.local/lib/python3.12/site-packages/airflow/example_dags/example_task_group_decorator.py for tasks to queue
[2026-06-01T18:46:56.396+0000] {logging_mixin.py:188} INFO - [2026-06-01T18:46:56.395+0000] {dagbag.py:540} INFO - Filling up the DagBag from /home/airflow/.local/lib/python3.12/site-packages/airflow/example_dags/example_task_group_decorator.py
[2026-06-01T18:46:56.408+0000] {processor.py:840} INFO - DAG(s) 'example_task_group_decorator' retrieved from /home/airflow/.local/lib/python3.12/site-packages/airflow/example_dags/example_task_group_decorator.py
[2026-06-01T18:46:56.431+0000] {logging_mixin.py:188} INFO - [2026-06-01T18:46:56.431+0000] {dag.py:3096} INFO - Sync 1 DAGs
[2026-06-01T18:46:56.450+0000] {logging_mixin.py:188} INFO - [2026-06-01T18:46:56.450+0000] {dag.py:3954} INFO - Setting next_dagrun for example_task_group_decorator to 2026-05-31 00:00:00+00:00, run_after=2026-06-01 00:00:00+00:00
[2026-06-01T18:46:56.468+0000] {processor.py:183} INFO - Processing /home/airflow/.local/lib/python3.12/site-packages/airflow/example_dags/example_task_group_decorator.py took 0.081 seconds
[2026-06-01T18:47:26.654+0000] {processor.py:161} INFO - Started process (PID=4845) to work on /home/airflow/.local/lib/python3.12/site-packages/airflow/example_dags/example_task_group_decorator.py
[2026-06-01T18:47:26.655+0000] {processor.py:830} INFO - Processing file /home/airflow/.local/lib/python3.12/site-packages/airflow/example_dags/example_task_group_decorator.py for tasks to queue
[2026-06-01T18:47:26.657+0000] {logging_mixin.py:188} INFO - [2026-06-01T18:47:26.657+0000] {dagbag.py:540} INFO - Filling up the DagBag from /home/airflow/.local/lib/python3.12/site-packages/airflow/example_dags/example_task_group_decorator.py
[2026-06-01T18:47:26.670+0000] {processor.py:840} INFO - DAG(s) 'example_task_group_decorator' retrieved from /home/airflow/.local/lib/python3.12/site-packages/airflow/example_dags/example_task_group_decorator.py
[2026-06-01T18:47:26.692+0000] {logging_mixin.py:188} INFO - [2026-06-01T18:47:26.692+0000] {dag.py:3096} INFO - Sync 1 DAGs
[2026-06-01T18:47:26.713+0000] {logging_mixin.py:188} INFO - [2026-06-01T18:47:26.713+0000] {dag.py:3954} INFO - Setting next_dagrun for example_task_group_decorator to 2026-05-31 00:00:00+00:00, run_after=2026-06-01 00:00:00+00:00
[2026-06-01T18:47:26.731+0000] {processor.py:183} INFO - Processing /home/airflow/.local/lib/python3.12/site-packages/airflow/example_dags/example_task_group_decorator.py took 0.083 seconds
[2026-06-01T18:47:56.852+0000] {processor.py:161} INFO - Started process (PID=4904) to work on /home/airflow/.local/lib/python3.12/site-packages/airflow/example_dags/example_task_group_decorator.py
[2026-06-01T18:47:56.853+0000] {processor.py:830} INFO - Processing file /home/airflow/.local/lib/python3.12/site-packages/airflow/example_dags/example_task_group_decorator.py for tasks to queue
[2026-06-01T18:47:56.856+0000] {logging_mixin.py:188} INFO - [2026-06-01T18:47:56.855+0000] {dagbag.py:540} INFO - Filling up the DagBag from /home/airflow/.local/lib/python3.12/site-packages/airflow/example_dags/example_task_group_decorator.py
[2026-06-01T18:47:56.868+0000] {processor.py:840} INFO - DAG(s) 'example_task_group_decorator' retrieved from /home/airflow/.local/lib/python3.12/site-packages/airflow/example_dags/example_task_group_decorator.py
[2026-06-01T18:47:56.891+0000] {logging_mixin.py:188} INFO - [2026-06-01T18:47:56.891+0000] {dag.py:3096} INFO - Sync 1 DAGs
[2026-06-01T18:47:56.912+0000] {logging_mixin.py:188} INFO - [2026-06-01T18:47:56.912+0000] {dag.py:3954} INFO - Setting next_dagrun for example_task_group_decorator to 2026-05-31 00:00:00+00:00, run_after=2026-06-01 00:00:00+00:00
[2026-06-01T18:47:56.931+0000] {processor.py:183} INFO - Processing /home/airflow/.local/lib/python3.12/site-packages/airflow/example_dags/example_task_group_decorator.py took 0.084 seconds
[2026-06-01T18:48:27.611+0000] {processor.py:161} INFO - Started process (PID=4964) to work on /home/airflow/.local/lib/python3.12/site-packages/airflow/example_dags/example_task_group_decorator.py
[2026-06-01T18:48:27.612+0000] {processor.py:830} INFO - Processing file /home/airflow/.local/lib/python3.12/site-packages/airflow/example_dags/example_task_group_decorator.py for tasks to queue
[2026-06-01T18:48:27.615+0000] {logging_mixin.py:188} INFO - [2026-06-01T18:48:27.614+0000] {dagbag.py:540} INFO - Filling up the DagBag from /home/airflow/.local/lib/python3.12/site-packages/airflow/example_dags/example_task_group_decorator.py
[2026-06-01T18:48:27.794+0000] {processor.py:840} INFO - DAG(s) 'example_task_group_decorator' retrieved from /home/airflow/.local/lib/python3.12/site-packages/airflow/example_dags/example_task_group_decorator.py
[2026-06-01T18:48:27.813+0000] {logging_mixin.py:188} INFO - [2026-06-01T18:48:27.813+0000] {dag.py:3096} INFO - Sync 1 DAGs
[2026-06-01T18:48:27.833+0000] {logging_mixin.py:188} INFO - [2026-06-01T18:48:27.833+0000] {dag.py:3954} INFO - Setting next_dagrun for example_task_group_decorator to 2026-05-31 00:00:00+00:00, run_after=2026-06-01 00:00:00+00:00
[2026-06-01T18:48:27.854+0000] {processor.py:183} INFO - Processing /home/airflow/.local/lib/python3.12/site-packages/airflow/example_dags/example_task_group_decorator.py took 0.249 seconds
[2026-06-01T18:48:58.632+0000] {processor.py:161} INFO - Started process (PID=5023) to work on /home/airflow/.local/lib/python3.12/site-packages/airflow/example_dags/example_task_group_decorator.py
[2026-06-01T18:48:58.633+0000] {processor.py:830} INFO - Processing file /home/airflow/.local/lib/python3.12/site-packages/airflow/example_dags/example_task_group_decorator.py for tasks to queue
[2026-06-01T18:48:58.635+0000] {logging_mixin.py:188} INFO - [2026-06-01T18:48:58.635+0000] {dagbag.py:540} INFO - Filling up the DagBag from /home/airflow/.local/lib/python3.12/site-packages/airflow/example_dags/example_task_group_decorator.py
[2026-06-01T18:48:58.648+0000] {processor.py:840} INFO - DAG(s) 'example_task_group_decorator' retrieved from /home/airflow/.local/lib/python3.12/site-packages/airflow/example_dags/example_task_group_decorator.py
[2026-06-01T18:48:58.671+0000] {logging_mixin.py:188} INFO - [2026-06-01T18:48:58.670+0000] {dag.py:3096} INFO - Sync 1 DAGs
[2026-06-01T18:48:58.692+0000] {logging_mixin.py:188} INFO - [2026-06-01T18:48:58.692+0000] {dag.py:3954} INFO - Setting next_dagrun for example_task_group_decorator to 2026-05-31 00:00:00+00:00, run_after=2026-06-01 00:00:00+00:00
[2026-06-01T18:48:58.712+0000] {processor.py:183} INFO - Processing /home/airflow/.local/lib/python3.12/site-packages/airflow/example_dags/example_task_group_decorator.py took 0.086 seconds
[2026-06-01T18:49:29.528+0000] {processor.py:161} INFO - Started process (PID=5082) to work on /home/airflow/.local/lib/python3.12/site-packages/airflow/example_dags/example_task_group_decorator.py
[2026-06-01T18:49:29.530+0000] {processor.py:830} INFO - Processing file /home/airflow/.local/lib/python3.12/site-packages/airflow/example_dags/example_task_group_decorator.py for tasks to queue
[2026-06-01T18:49:29.532+0000] {logging_mixin.py:188} INFO - [2026-06-01T18:49:29.531+0000] {dagbag.py:540} INFO - Filling up the DagBag from /home/airflow/.local/lib/python3.12/site-packages/airflow/example_dags/example_task_group_decorator.py
[2026-06-01T18:49:29.543+0000] {processor.py:840} INFO - DAG(s) 'example_task_group_decorator' retrieved from /home/airflow/.local/lib/python3.12/site-packages/airflow/example_dags/example_task_group_decorator.py
[2026-06-01T18:49:29.566+0000] {logging_mixin.py:188} INFO - [2026-06-01T18:49:29.566+0000] {dag.py:3096} INFO - Sync 1 DAGs
[2026-06-01T18:49:29.585+0000] {logging_mixin.py:188} INFO - [2026-06-01T18:49:29.585+0000] {dag.py:3954} INFO - Setting next_dagrun for example_task_group_decorator to 2026-05-31 00:00:00+00:00, run_after=2026-06-01 00:00:00+00:00
[2026-06-01T18:49:29.606+0000] {processor.py:183} INFO - Processing /home/airflow/.local/lib/python3.12/site-packages/airflow/example_dags/example_task_group_decorator.py took 0.082 seconds
[2026-06-01T18:49:59.730+0000] {processor.py:161} INFO - Started process (PID=5141) to work on /home/airflow/.local/lib/python3.12/site-packages/airflow/example_dags/example_task_group_decorator.py
[2026-06-01T18:49:59.732+0000] {processor.py:830} INFO - Processing file /home/airflow/.local/lib/python3.12/site-packages/airflow/example_dags/example_task_group_decorator.py for tasks to queue
[2026-06-01T18:49:59.734+0000] {logging_mixin.py:188} INFO - [2026-06-01T18:49:59.733+0000] {dagbag.py:540} INFO - Filling up the DagBag from /home/airflow/.local/lib/python3.12/site-packages/airflow/example_dags/example_task_group_decorator.py
[2026-06-01T18:49:59.746+0000] {processor.py:840} INFO - DAG(s) 'example_task_group_decorator' retrieved from /home/airflow/.local/lib/python3.12/site-packages/airflow/example_dags/example_task_group_decorator.py
[2026-06-01T18:49:59.767+0000] {logging_mixin.py:188} INFO - [2026-06-01T18:49:59.767+0000] {dag.py:3096} INFO - Sync 1 DAGs
[2026-06-01T18:49:59.786+0000] {logging_mixin.py:188} INFO - [2026-06-01T18:49:59.786+0000] {dag.py:3954} INFO - Setting next_dagrun for example_task_group_decorator to 2026-05-31 00:00:00+00:00, run_after=2026-06-01 00:00:00+00:00
[2026-06-01T18:49:59.803+0000] {processor.py:183} INFO - Processing /home/airflow/.local/lib/python3.12/site-packages/airflow/example_dags/example_task_group_decorator.py took 0.079 seconds
[2026-06-01T18:50:29.847+0000] {processor.py:161} INFO - Started process (PID=5200) to work on /home/airflow/.local/lib/python3.12/site-packages/airflow/example_dags/example_task_group_decorator.py
[2026-06-01T18:50:29.848+0000] {processor.py:830} INFO - Processing file /home/airflow/.local/lib/python3.12/site-packages/airflow/example_dags/example_task_group_decorator.py for tasks to queue
[2026-06-01T18:50:29.851+0000] {logging_mixin.py:188} INFO - [2026-06-01T18:50:29.850+0000] {dagbag.py:540} INFO - Filling up the DagBag from /home/airflow/.local/lib/python3.12/site-packages/airflow/example_dags/example_task_group_decorator.py
[2026-06-01T18:50:29.863+0000] {processor.py:840} INFO - DAG(s) 'example_task_group_decorator' retrieved from /home/airflow/.local/lib/python3.12/site-packages/airflow/example_dags/example_task_group_decorator.py
[2026-06-01T18:50:29.884+0000] {logging_mixin.py:188} INFO - [2026-06-01T18:50:29.884+0000] {dag.py:3096} INFO - Sync 1 DAGs
[2026-06-01T18:50:29.903+0000] {logging_mixin.py:188} INFO - [2026-06-01T18:50:29.903+0000] {dag.py:3954} INFO - Setting next_dagrun for example_task_group_decorator to 2026-05-31 00:00:00+00:00, run_after=2026-06-01 00:00:00+00:00
[2026-06-01T18:50:29.921+0000] {processor.py:183} INFO - Processing /home/airflow/.local/lib/python3.12/site-packages/airflow/example_dags/example_task_group_decorator.py took 0.079 seconds
[2026-06-01T18:51:00.372+0000] {processor.py:161} INFO - Started process (PID=5260) to work on /home/airflow/.local/lib/python3.12/site-packages/airflow/example_dags/example_task_group_decorator.py
[2026-06-01T18:51:00.374+0000] {processor.py:830} INFO - Processing file /home/airflow/.local/lib/python3.12/site-packages/airflow/example_dags/example_task_group_decorator.py for tasks to queue
[2026-06-01T18:51:00.377+0000] {logging_mixin.py:188} INFO - [2026-06-01T18:51:00.376+0000] {dagbag.py:540} INFO - Filling up the DagBag from /home/airflow/.local/lib/python3.12/site-packages/airflow/example_dags/example_task_group_decorator.py
[2026-06-01T18:51:00.400+0000] {processor.py:840} INFO - DAG(s) 'example_task_group_decorator' retrieved from /home/airflow/.local/lib/python3.12/site-packages/airflow/example_dags/example_task_group_decorator.py
[2026-06-01T18:51:00.434+0000] {logging_mixin.py:188} INFO - [2026-06-01T18:51:00.433+0000] {dag.py:3096} INFO - Sync 1 DAGs
[2026-06-01T18:51:00.465+0000] {logging_mixin.py:188} INFO - [2026-06-01T18:51:00.465+0000] {dag.py:3954} INFO - Setting next_dagrun for example_task_group_decorator to 2026-05-31 00:00:00+00:00, run_after=2026-06-01 00:00:00+00:00
[2026-06-01T18:51:00.494+0000] {processor.py:183} INFO - Processing /home/airflow/.local/lib/python3.12/site-packages/airflow/example_dags/example_task_group_decorator.py took 0.130 seconds
[2026-06-01T18:51:30.702+0000] {processor.py:161} INFO - Started process (PID=5318) to work on /home/airflow/.local/lib/python3.12/site-packages/airflow/example_dags/example_task_group_decorator.py
[2026-06-01T18:51:30.703+0000] {processor.py:830} INFO - Processing file /home/airflow/.local/lib/python3.12/site-packages/airflow/example_dags/example_task_group_decorator.py for tasks to queue
[2026-06-01T18:51:30.704+0000] {logging_mixin.py:188} INFO - [2026-06-01T18:51:30.704+0000] {dagbag.py:540} INFO - Filling up the DagBag from /home/airflow/.local/lib/python3.12/site-packages/airflow/example_dags/example_task_group_decorator.py
[2026-06-01T18:51:30.716+0000] {processor.py:840} INFO - DAG(s) 'example_task_group_decorator' retrieved from /home/airflow/.local/lib/python3.12/site-packages/airflow/example_dags/example_task_group_decorator.py
[2026-06-01T18:51:30.737+0000] {logging_mixin.py:188} INFO - [2026-06-01T18:51:30.737+0000] {dag.py:3096} INFO - Sync 1 DAGs
[2026-06-01T18:51:30.756+0000] {logging_mixin.py:188} INFO - [2026-06-01T18:51:30.756+0000] {dag.py:3954} INFO - Setting next_dagrun for example_task_group_decorator to 2026-05-31 00:00:00+00:00, run_after=2026-06-01 00:00:00+00:00
[2026-06-01T18:51:30.774+0000] {processor.py:183} INFO - Processing /home/airflow/.local/lib/python3.12/site-packages/airflow/example_dags/example_task_group_decorator.py took 0.077 seconds
[2026-06-01T18:52:01.658+0000] {processor.py:161} INFO - Started process (PID=5377) to work on /home/airflow/.local/lib/python3.12/site-packages/airflow/example_dags/example_task_group_decorator.py
[2026-06-01T18:52:01.659+0000] {processor.py:830} INFO - Processing file /home/airflow/.local/lib/python3.12/site-packages/airflow/example_dags/example_task_group_decorator.py for tasks to queue
[2026-06-01T18:52:01.661+0000] {logging_mixin.py:188} INFO - [2026-06-01T18:52:01.661+0000] {dagbag.py:540} INFO - Filling up the DagBag from /home/airflow/.local/lib/python3.12/site-packages/airflow/example_dags/example_task_group_decorator.py
[2026-06-01T18:52:01.677+0000] {processor.py:840} INFO - DAG(s) 'example_task_group_decorator' retrieved from /home/airflow/.local/lib/python3.12/site-packages/airflow/example_dags/example_task_group_decorator.py
[2026-06-01T18:52:01.700+0000] {logging_mixin.py:188} INFO - [2026-06-01T18:52:01.700+0000] {dag.py:3096} INFO - Sync 1 DAGs
[2026-06-01T18:52:01.720+0000] {logging_mixin.py:188} INFO - [2026-06-01T18:52:01.720+0000] {dag.py:3954} INFO - Setting next_dagrun for example_task_group_decorator to 2026-05-31 00:00:00+00:00, run_after=2026-06-01 00:00:00+00:00
[2026-06-01T18:52:01.738+0000] {processor.py:183} INFO - Processing /home/airflow/.local/lib/python3.12/site-packages/airflow/example_dags/example_task_group_decorator.py took 0.085 seconds
[2026-06-01T18:52:32.520+0000] {processor.py:161} INFO - Started process (PID=5436) to work on /home/airflow/.local/lib/python3.12/site-packages/airflow/example_dags/example_task_group_decorator.py
[2026-06-01T18:52:32.521+0000] {processor.py:830} INFO - Processing file /home/airflow/.local/lib/python3.12/site-packages/airflow/example_dags/example_task_group_decorator.py for tasks to queue
[2026-06-01T18:52:32.523+0000] {logging_mixin.py:188} INFO - [2026-06-01T18:52:32.522+0000] {dagbag.py:540} INFO - Filling up the DagBag from /home/airflow/.local/lib/python3.12/site-packages/airflow/example_dags/example_task_group_decorator.py
[2026-06-01T18:52:32.535+0000] {processor.py:840} INFO - DAG(s) 'example_task_group_decorator' retrieved from /home/airflow/.local/lib/python3.12/site-packages/airflow/example_dags/example_task_group_decorator.py
[2026-06-01T18:52:32.557+0000] {logging_mixin.py:188} INFO - [2026-06-01T18:52:32.557+0000] {dag.py:3096} INFO - Sync 1 DAGs
[2026-06-01T18:52:32.576+0000] {logging_mixin.py:188} INFO - [2026-06-01T18:52:32.576+0000] {dag.py:3954} INFO - Setting next_dagrun for example_task_group_decorator to 2026-05-31 00:00:00+00:00, run_after=2026-06-01 00:00:00+00:00
[2026-06-01T18:52:32.592+0000] {processor.py:183} INFO - Processing /home/airflow/.local/lib/python3.12/site-packages/airflow/example_dags/example_task_group_decorator.py took 0.078 seconds
[2026-06-01T18:53:03.394+0000] {processor.py:161} INFO - Started process (PID=5495) to work on /home/airflow/.local/lib/python3.12/site-packages/airflow/example_dags/example_task_group_decorator.py
[2026-06-01T18:53:03.395+0000] {processor.py:830} INFO - Processing file /home/airflow/.local/lib/python3.12/site-packages/airflow/example_dags/example_task_group_decorator.py for tasks to queue
[2026-06-01T18:53:03.397+0000] {logging_mixin.py:188} INFO - [2026-06-01T18:53:03.397+0000] {dagbag.py:540} INFO - Filling up the DagBag from /home/airflow/.local/lib/python3.12/site-packages/airflow/example_dags/example_task_group_decorator.py
[2026-06-01T18:53:03.410+0000] {processor.py:840} INFO - DAG(s) 'example_task_group_decorator' retrieved from /home/airflow/.local/lib/python3.12/site-packages/airflow/example_dags/example_task_group_decorator.py
[2026-06-01T18:53:03.433+0000] {logging_mixin.py:188} INFO - [2026-06-01T18:53:03.432+0000] {dag.py:3096} INFO - Sync 1 DAGs
[2026-06-01T18:53:03.451+0000] {logging_mixin.py:188} INFO - [2026-06-01T18:53:03.451+0000] {dag.py:3954} INFO - Setting next_dagrun for example_task_group_decorator to 2026-05-31 00:00:00+00:00, run_after=2026-06-01 00:00:00+00:00
[2026-06-01T18:53:03.467+0000] {processor.py:183} INFO - Processing /home/airflow/.local/lib/python3.12/site-packages/airflow/example_dags/example_task_group_decorator.py took 0.078 seconds
[2026-06-01T18:53:33.602+0000] {processor.py:161} INFO - Started process (PID=5555) to work on /home/airflow/.local/lib/python3.12/site-packages/airflow/example_dags/example_task_group_decorator.py
[2026-06-01T18:53:33.604+0000] {processor.py:830} INFO - Processing file /home/airflow/.local/lib/python3.12/site-packages/airflow/example_dags/example_task_group_decorator.py for tasks to queue
[2026-06-01T18:53:33.606+0000] {logging_mixin.py:188} INFO - [2026-06-01T18:53:33.605+0000] {dagbag.py:540} INFO - Filling up the DagBag from /home/airflow/.local/lib/python3.12/site-packages/airflow/example_dags/example_task_group_decorator.py
[2026-06-01T18:53:33.617+0000] {processor.py:840} INFO - DAG(s) 'example_task_group_decorator' retrieved from /home/airflow/.local/lib/python3.12/site-packages/airflow/example_dags/example_task_group_decorator.py
[2026-06-01T18:53:33.638+0000] {logging_mixin.py:188} INFO - [2026-06-01T18:53:33.638+0000] {dag.py:3096} INFO - Sync 1 DAGs
[2026-06-01T18:53:33.656+0000] {logging_mixin.py:188} INFO - [2026-06-01T18:53:33.656+0000] {dag.py:3954} INFO - Setting next_dagrun for example_task_group_decorator to 2026-05-31 00:00:00+00:00, run_after=2026-06-01 00:00:00+00:00
[2026-06-01T18:53:33.670+0000] {processor.py:183} INFO - Processing /home/airflow/.local/lib/python3.12/site-packages/airflow/example_dags/example_task_group_decorator.py took 0.073 seconds
[2026-06-01T18:54:03.800+0000] {processor.py:161} INFO - Started process (PID=5613) to work on /home/airflow/.local/lib/python3.12/site-packages/airflow/example_dags/example_task_group_decorator.py
[2026-06-01T18:54:03.801+0000] {processor.py:830} INFO - Processing file /home/airflow/.local/lib/python3.12/site-packages/airflow/example_dags/example_task_group_decorator.py for tasks to queue
[2026-06-01T18:54:03.803+0000] {logging_mixin.py:188} INFO - [2026-06-01T18:54:03.803+0000] {dagbag.py:540} INFO - Filling up the DagBag from /home/airflow/.local/lib/python3.12/site-packages/airflow/example_dags/example_task_group_decorator.py
[2026-06-01T18:54:03.814+0000] {processor.py:840} INFO - DAG(s) 'example_task_group_decorator' retrieved from /home/airflow/.local/lib/python3.12/site-packages/airflow/example_dags/example_task_group_decorator.py
[2026-06-01T18:54:03.835+0000] {logging_mixin.py:188} INFO - [2026-06-01T18:54:03.834+0000] {dag.py:3096} INFO - Sync 1 DAGs
[2026-06-01T18:54:03.852+0000] {logging_mixin.py:188} INFO - [2026-06-01T18:54:03.852+0000] {dag.py:3954} INFO - Setting next_dagrun for example_task_group_decorator to 2026-05-31 00:00:00+00:00, run_after=2026-06-01 00:00:00+00:00
[2026-06-01T18:54:03.869+0000] {processor.py:183} INFO - Processing /home/airflow/.local/lib/python3.12/site-packages/airflow/example_dags/example_task_group_decorator.py took 0.074 seconds
[2026-06-01T18:54:34.555+0000] {processor.py:161} INFO - Started process (PID=5672) to work on /home/airflow/.local/lib/python3.12/site-packages/airflow/example_dags/example_task_group_decorator.py
[2026-06-01T18:54:34.556+0000] {processor.py:830} INFO - Processing file /home/airflow/.local/lib/python3.12/site-packages/airflow/example_dags/example_task_group_decorator.py for tasks to queue
[2026-06-01T18:54:34.559+0000] {logging_mixin.py:188} INFO - [2026-06-01T18:54:34.558+0000] {dagbag.py:540} INFO - Filling up the DagBag from /home/airflow/.local/lib/python3.12/site-packages/airflow/example_dags/example_task_group_decorator.py
[2026-06-01T18:54:34.570+0000] {processor.py:840} INFO - DAG(s) 'example_task_group_decorator' retrieved from /home/airflow/.local/lib/python3.12/site-packages/airflow/example_dags/example_task_group_decorator.py
[2026-06-01T18:54:34.590+0000] {logging_mixin.py:188} INFO - [2026-06-01T18:54:34.590+0000] {dag.py:3096} INFO - Sync 1 DAGs
[2026-06-01T18:54:34.608+0000] {logging_mixin.py:188} INFO - [2026-06-01T18:54:34.608+0000] {dag.py:3954} INFO - Setting next_dagrun for example_task_group_decorator to 2026-05-31 00:00:00+00:00, run_after=2026-06-01 00:00:00+00:00
[2026-06-01T18:54:34.625+0000] {processor.py:183} INFO - Processing /home/airflow/.local/lib/python3.12/site-packages/airflow/example_dags/example_task_group_decorator.py took 0.076 seconds
[2026-06-01T18:55:05.252+0000] {processor.py:161} INFO - Started process (PID=5731) to work on /home/airflow/.local/lib/python3.12/site-packages/airflow/example_dags/example_task_group_decorator.py
[2026-06-01T18:55:05.254+0000] {processor.py:830} INFO - Processing file /home/airflow/.local/lib/python3.12/site-packages/airflow/example_dags/example_task_group_decorator.py for tasks to queue
[2026-06-01T18:55:05.255+0000] {logging_mixin.py:188} INFO - [2026-06-01T18:55:05.255+0000] {dagbag.py:540} INFO - Filling up the DagBag from /home/airflow/.local/lib/python3.12/site-packages/airflow/example_dags/example_task_group_decorator.py
[2026-06-01T18:55:05.268+0000] {processor.py:840} INFO - DAG(s) 'example_task_group_decorator' retrieved from /home/airflow/.local/lib/python3.12/site-packages/airflow/example_dags/example_task_group_decorator.py
[2026-06-01T18:55:05.290+0000] {logging_mixin.py:188} INFO - [2026-06-01T18:55:05.290+0000] {dag.py:3096} INFO - Sync 1 DAGs
[2026-06-01T18:55:05.308+0000] {logging_mixin.py:188} INFO - [2026-06-01T18:55:05.308+0000] {dag.py:3954} INFO - Setting next_dagrun for example_task_group_decorator to 2026-05-31 00:00:00+00:00, run_after=2026-06-01 00:00:00+00:00
[2026-06-01T18:55:05.326+0000] {processor.py:183} INFO - Processing /home/airflow/.local/lib/python3.12/site-packages/airflow/example_dags/example_task_group_decorator.py took 0.078 seconds
[2026-06-01T18:55:35.876+0000] {processor.py:161} INFO - Started process (PID=5790) to work on /home/airflow/.local/lib/python3.12/site-packages/airflow/example_dags/example_task_group_decorator.py
[2026-06-01T18:55:35.877+0000] {processor.py:830} INFO - Processing file /home/airflow/.local/lib/python3.12/site-packages/airflow/example_dags/example_task_group_decorator.py for tasks to queue
[2026-06-01T18:55:35.879+0000] {logging_mixin.py:188} INFO - [2026-06-01T18:55:35.879+0000] {dagbag.py:540} INFO - Filling up the DagBag from /home/airflow/.local/lib/python3.12/site-packages/airflow/example_dags/example_task_group_decorator.py
[2026-06-01T18:55:35.891+0000] {processor.py:840} INFO - DAG(s) 'example_task_group_decorator' retrieved from /home/airflow/.local/lib/python3.12/site-packages/airflow/example_dags/example_task_group_decorator.py
[2026-06-01T18:55:35.912+0000] {logging_mixin.py:188} INFO - [2026-06-01T18:55:35.912+0000] {dag.py:3096} INFO - Sync 1 DAGs
[2026-06-01T18:55:35.930+0000] {logging_mixin.py:188} INFO - [2026-06-01T18:55:35.930+0000] {dag.py:3954} INFO - Setting next_dagrun for example_task_group_decorator to 2026-05-31 00:00:00+00:00, run_after=2026-06-01 00:00:00+00:00
[2026-06-01T18:55:35.946+0000] {processor.py:183} INFO - Processing /home/airflow/.local/lib/python3.12/site-packages/airflow/example_dags/example_task_group_decorator.py took 0.076 seconds
[2026-06-01T18:56:06.369+0000] {processor.py:161} INFO - Started process (PID=5849) to work on /home/airflow/.local/lib/python3.12/site-packages/airflow/example_dags/example_task_group_decorator.py
[2026-06-01T18:56:06.370+0000] {processor.py:830} INFO - Processing file /home/airflow/.local/lib/python3.12/site-packages/airflow/example_dags/example_task_group_decorator.py for tasks to queue
[2026-06-01T18:56:06.371+0000] {logging_mixin.py:188} INFO - [2026-06-01T18:56:06.371+0000] {dagbag.py:540} INFO - Filling up the DagBag from /home/airflow/.local/lib/python3.12/site-packages/airflow/example_dags/example_task_group_decorator.py
[2026-06-01T18:56:06.384+0000] {processor.py:840} INFO - DAG(s) 'example_task_group_decorator' retrieved from /home/airflow/.local/lib/python3.12/site-packages/airflow/example_dags/example_task_group_decorator.py
[2026-06-01T18:56:06.406+0000] {logging_mixin.py:188} INFO - [2026-06-01T18:56:06.406+0000] {dag.py:3096} INFO - Sync 1 DAGs
[2026-06-01T18:56:06.426+0000] {logging_mixin.py:188} INFO - [2026-06-01T18:56:06.426+0000] {dag.py:3954} INFO - Setting next_dagrun for example_task_group_decorator to 2026-05-31 00:00:00+00:00, run_after=2026-06-01 00:00:00+00:00
[2026-06-01T18:56:06.445+0000] {processor.py:183} INFO - Processing /home/airflow/.local/lib/python3.12/site-packages/airflow/example_dags/example_task_group_decorator.py took 0.081 seconds
[2026-06-01T18:56:37.083+0000] {processor.py:161} INFO - Started process (PID=5908) to work on /home/airflow/.local/lib/python3.12/site-packages/airflow/example_dags/example_task_group_decorator.py
[2026-06-01T18:56:37.084+0000] {processor.py:830} INFO - Processing file /home/airflow/.local/lib/python3.12/site-packages/airflow/example_dags/example_task_group_decorator.py for tasks to queue
[2026-06-01T18:56:37.086+0000] {logging_mixin.py:188} INFO - [2026-06-01T18:56:37.086+0000] {dagbag.py:540} INFO - Filling up the DagBag from /home/airflow/.local/lib/python3.12/site-packages/airflow/example_dags/example_task_group_decorator.py
[2026-06-01T18:56:37.098+0000] {processor.py:840} INFO - DAG(s) 'example_task_group_decorator' retrieved from /home/airflow/.local/lib/python3.12/site-packages/airflow/example_dags/example_task_group_decorator.py
[2026-06-01T18:56:37.119+0000] {logging_mixin.py:188} INFO - [2026-06-01T18:56:37.119+0000] {dag.py:3096} INFO - Sync 1 DAGs
[2026-06-01T18:56:37.137+0000] {logging_mixin.py:188} INFO - [2026-06-01T18:56:37.136+0000] {dag.py:3954} INFO - Setting next_dagrun for example_task_group_decorator to 2026-05-31 00:00:00+00:00, run_after=2026-06-01 00:00:00+00:00
[2026-06-01T18:56:37.154+0000] {processor.py:183} INFO - Processing /home/airflow/.local/lib/python3.12/site-packages/airflow/example_dags/example_task_group_decorator.py took 0.075 seconds
[2026-06-01T18:57:07.251+0000] {processor.py:161} INFO - Started process (PID=5967) to work on /home/airflow/.local/lib/python3.12/site-packages/airflow/example_dags/example_task_group_decorator.py
[2026-06-01T18:57:07.252+0000] {processor.py:830} INFO - Processing file /home/airflow/.local/lib/python3.12/site-packages/airflow/example_dags/example_task_group_decorator.py for tasks to queue
[2026-06-01T18:57:07.254+0000] {logging_mixin.py:188} INFO - [2026-06-01T18:57:07.254+0000] {dagbag.py:540} INFO - Filling up the DagBag from /home/airflow/.local/lib/python3.12/site-packages/airflow/example_dags/example_task_group_decorator.py
[2026-06-01T18:57:07.266+0000] {processor.py:840} INFO - DAG(s) 'example_task_group_decorator' retrieved from /home/airflow/.local/lib/python3.12/site-packages/airflow/example_dags/example_task_group_decorator.py
[2026-06-01T18:57:07.287+0000] {logging_mixin.py:188} INFO - [2026-06-01T18:57:07.287+0000] {dag.py:3096} INFO - Sync 1 DAGs
[2026-06-01T18:57:07.306+0000] {logging_mixin.py:188} INFO - [2026-06-01T18:57:07.306+0000] {dag.py:3954} INFO - Setting next_dagrun for example_task_group_decorator to 2026-05-31 00:00:00+00:00, run_after=2026-06-01 00:00:00+00:00
[2026-06-01T18:57:07.324+0000] {processor.py:183} INFO - Processing /home/airflow/.local/lib/python3.12/site-packages/airflow/example_dags/example_task_group_decorator.py took 0.078 seconds
[2026-06-01T18:57:38.155+0000] {processor.py:161} INFO - Started process (PID=6024) to work on /home/airflow/.local/lib/python3.12/site-packages/airflow/example_dags/example_task_group_decorator.py
[2026-06-01T18:57:38.156+0000] {processor.py:830} INFO - Processing file /home/airflow/.local/lib/python3.12/site-packages/airflow/example_dags/example_task_group_decorator.py for tasks to queue
[2026-06-01T18:57:38.158+0000] {logging_mixin.py:188} INFO - [2026-06-01T18:57:38.158+0000] {dagbag.py:540} INFO - Filling up the DagBag from /home/airflow/.local/lib/python3.12/site-packages/airflow/example_dags/example_task_group_decorator.py
[2026-06-01T18:57:38.169+0000] {processor.py:840} INFO - DAG(s) 'example_task_group_decorator' retrieved from /home/airflow/.local/lib/python3.12/site-packages/airflow/example_dags/example_task_group_decorator.py
[2026-06-01T18:57:38.194+0000] {logging_mixin.py:188} INFO - [2026-06-01T18:57:38.194+0000] {dag.py:3096} INFO - Sync 1 DAGs
[2026-06-01T18:57:38.215+0000] {logging_mixin.py:188} INFO - [2026-06-01T18:57:38.215+0000] {dag.py:3954} INFO - Setting next_dagrun for example_task_group_decorator to 2026-05-31 00:00:00+00:00, run_after=2026-06-01 00:00:00+00:00
[2026-06-01T18:57:38.236+0000] {processor.py:183} INFO - Processing /home/airflow/.local/lib/python3.12/site-packages/airflow/example_dags/example_task_group_decorator.py took 0.086 seconds
[2026-06-01T18:58:08.283+0000] {processor.py:161} INFO - Started process (PID=6083) to work on /home/airflow/.local/lib/python3.12/site-packages/airflow/example_dags/example_task_group_decorator.py
[2026-06-01T18:58:08.284+0000] {processor.py:830} INFO - Processing file /home/airflow/.local/lib/python3.12/site-packages/airflow/example_dags/example_task_group_decorator.py for tasks to queue
[2026-06-01T18:58:08.286+0000] {logging_mixin.py:188} INFO - [2026-06-01T18:58:08.286+0000] {dagbag.py:540} INFO - Filling up the DagBag from /home/airflow/.local/lib/python3.12/site-packages/airflow/example_dags/example_task_group_decorator.py
[2026-06-01T18:58:08.297+0000] {processor.py:840} INFO - DAG(s) 'example_task_group_decorator' retrieved from /home/airflow/.local/lib/python3.12/site-packages/airflow/example_dags/example_task_group_decorator.py
[2026-06-01T18:58:08.321+0000] {logging_mixin.py:188} INFO - [2026-06-01T18:58:08.320+0000] {dag.py:3096} INFO - Sync 1 DAGs
[2026-06-01T18:58:08.342+0000] {logging_mixin.py:188} INFO - [2026-06-01T18:58:08.342+0000] {dag.py:3954} INFO - Setting next_dagrun for example_task_group_decorator to 2026-05-31 00:00:00+00:00, run_after=2026-06-01 00:00:00+00:00
[2026-06-01T18:58:08.362+0000] {processor.py:183} INFO - Processing /home/airflow/.local/lib/python3.12/site-packages/airflow/example_dags/example_task_group_decorator.py took 0.084 seconds
[2026-06-01T18:58:39.099+0000] {processor.py:161} INFO - Started process (PID=6143) to work on /home/airflow/.local/lib/python3.12/site-packages/airflow/example_dags/example_task_group_decorator.py
[2026-06-01T18:58:39.100+0000] {processor.py:830} INFO - Processing file /home/airflow/.local/lib/python3.12/site-packages/airflow/example_dags/example_task_group_decorator.py for tasks to queue
[2026-06-01T18:58:39.102+0000] {logging_mixin.py:188} INFO - [2026-06-01T18:58:39.102+0000] {dagbag.py:540} INFO - Filling up the DagBag from /home/airflow/.local/lib/python3.12/site-packages/airflow/example_dags/example_task_group_decorator.py
[2026-06-01T18:58:39.114+0000] {processor.py:840} INFO - DAG(s) 'example_task_group_decorator' retrieved from /home/airflow/.local/lib/python3.12/site-packages/airflow/example_dags/example_task_group_decorator.py
[2026-06-01T18:58:39.134+0000] {logging_mixin.py:188} INFO - [2026-06-01T18:58:39.134+0000] {dag.py:3096} INFO - Sync 1 DAGs
[2026-06-01T18:58:39.152+0000] {logging_mixin.py:188} INFO - [2026-06-01T18:58:39.151+0000] {dag.py:3954} INFO - Setting next_dagrun for example_task_group_decorator to 2026-05-31 00:00:00+00:00, run_after=2026-06-01 00:00:00+00:00
[2026-06-01T18:58:39.171+0000] {processor.py:183} INFO - Processing /home/airflow/.local/lib/python3.12/site-packages/airflow/example_dags/example_task_group_decorator.py took 0.077 seconds
[2026-06-01T18:59:09.768+0000] {processor.py:161} INFO - Started process (PID=6203) to work on /home/airflow/.local/lib/python3.12/site-packages/airflow/example_dags/example_task_group_decorator.py
[2026-06-01T18:59:09.769+0000] {processor.py:830} INFO - Processing file /home/airflow/.local/lib/python3.12/site-packages/airflow/example_dags/example_task_group_decorator.py for tasks to queue
[2026-06-01T18:59:09.771+0000] {logging_mixin.py:188} INFO - [2026-06-01T18:59:09.771+0000] {dagbag.py:540} INFO - Filling up the DagBag from /home/airflow/.local/lib/python3.12/site-packages/airflow/example_dags/example_task_group_decorator.py
[2026-06-01T18:59:09.782+0000] {processor.py:840} INFO - DAG(s) 'example_task_group_decorator' retrieved from /home/airflow/.local/lib/python3.12/site-packages/airflow/example_dags/example_task_group_decorator.py
[2026-06-01T18:59:09.803+0000] {logging_mixin.py:188} INFO - [2026-06-01T18:59:09.803+0000] {dag.py:3096} INFO - Sync 1 DAGs
[2026-06-01T18:59:09.820+0000] {logging_mixin.py:188} INFO - [2026-06-01T18:59:09.820+0000] {dag.py:3954} INFO - Setting next_dagrun for example_task_group_decorator to 2026-05-31 00:00:00+00:00, run_after=2026-06-01 00:00:00+00:00
[2026-06-01T18:59:09.838+0000] {processor.py:183} INFO - Processing /home/airflow/.local/lib/python3.12/site-packages/airflow/example_dags/example_task_group_decorator.py took 0.075 seconds
[2026-06-01T18:59:40.762+0000] {processor.py:161} INFO - Started process (PID=6262) to work on /home/airflow/.local/lib/python3.12/site-packages/airflow/example_dags/example_task_group_decorator.py
[2026-06-01T18:59:40.764+0000] {processor.py:830} INFO - Processing file /home/airflow/.local/lib/python3.12/site-packages/airflow/example_dags/example_task_group_decorator.py for tasks to queue
[2026-06-01T18:59:40.766+0000] {logging_mixin.py:188} INFO - [2026-06-01T18:59:40.765+0000] {dagbag.py:540} INFO - Filling up the DagBag from /home/airflow/.local/lib/python3.12/site-packages/airflow/example_dags/example_task_group_decorator.py
[2026-06-01T18:59:40.782+0000] {processor.py:840} INFO - DAG(s) 'example_task_group_decorator' retrieved from /home/airflow/.local/lib/python3.12/site-packages/airflow/example_dags/example_task_group_decorator.py
[2026-06-01T18:59:40.808+0000] {logging_mixin.py:188} INFO - [2026-06-01T18:59:40.808+0000] {dag.py:3096} INFO - Sync 1 DAGs
[2026-06-01T18:59:40.831+0000] {logging_mixin.py:188} INFO - [2026-06-01T18:59:40.831+0000] {dag.py:3954} INFO - Setting next_dagrun for example_task_group_decorator to 2026-05-31 00:00:00+00:00, run_after=2026-06-01 00:00:00+00:00
[2026-06-01T18:59:40.857+0000] {processor.py:183} INFO - Processing /home/airflow/.local/lib/python3.12/site-packages/airflow/example_dags/example_task_group_decorator.py took 0.101 seconds
[2026-06-01T19:00:10.994+0000] {processor.py:161} INFO - Started process (PID=6322) to work on /home/airflow/.local/lib/python3.12/site-packages/airflow/example_dags/example_task_group_decorator.py
[2026-06-01T19:00:10.996+0000] {processor.py:830} INFO - Processing file /home/airflow/.local/lib/python3.12/site-packages/airflow/example_dags/example_task_group_decorator.py for tasks to queue
[2026-06-01T19:00:10.998+0000] {logging_mixin.py:188} INFO - [2026-06-01T19:00:10.997+0000] {dagbag.py:540} INFO - Filling up the DagBag from /home/airflow/.local/lib/python3.12/site-packages/airflow/example_dags/example_task_group_decorator.py
[2026-06-01T19:00:11.011+0000] {processor.py:840} INFO - DAG(s) 'example_task_group_decorator' retrieved from /home/airflow/.local/lib/python3.12/site-packages/airflow/example_dags/example_task_group_decorator.py
[2026-06-01T19:00:11.034+0000] {logging_mixin.py:188} INFO - [2026-06-01T19:00:11.034+0000] {dag.py:3096} INFO - Sync 1 DAGs
[2026-06-01T19:00:11.055+0000] {logging_mixin.py:188} INFO - [2026-06-01T19:00:11.054+0000] {dag.py:3954} INFO - Setting next_dagrun for example_task_group_decorator to 2026-05-31 00:00:00+00:00, run_after=2026-06-01 00:00:00+00:00
[2026-06-01T19:00:11.073+0000] {processor.py:183} INFO - Processing /home/airflow/.local/lib/python3.12/site-packages/airflow/example_dags/example_task_group_decorator.py took 0.085 seconds
[2026-06-01T19:00:41.208+0000] {processor.py:161} INFO - Started process (PID=6381) to work on /home/airflow/.local/lib/python3.12/site-packages/airflow/example_dags/example_task_group_decorator.py
[2026-06-01T19:00:41.209+0000] {processor.py:830} INFO - Processing file /home/airflow/.local/lib/python3.12/site-packages/airflow/example_dags/example_task_group_decorator.py for tasks to queue
[2026-06-01T19:00:41.211+0000] {logging_mixin.py:188} INFO - [2026-06-01T19:00:41.211+0000] {dagbag.py:540} INFO - Filling up the DagBag from /home/airflow/.local/lib/python3.12/site-packages/airflow/example_dags/example_task_group_decorator.py
[2026-06-01T19:00:41.228+0000] {processor.py:840} INFO - DAG(s) 'example_task_group_decorator' retrieved from /home/airflow/.local/lib/python3.12/site-packages/airflow/example_dags/example_task_group_decorator.py
[2026-06-01T19:00:41.255+0000] {logging_mixin.py:188} INFO - [2026-06-01T19:00:41.254+0000] {dag.py:3096} INFO - Sync 1 DAGs
[2026-06-01T19:00:41.277+0000] {logging_mixin.py:188} INFO - [2026-06-01T19:00:41.277+0000] {dag.py:3954} INFO - Setting next_dagrun for example_task_group_decorator to 2026-05-31 00:00:00+00:00, run_after=2026-06-01 00:00:00+00:00
[2026-06-01T19:00:41.296+0000] {processor.py:183} INFO - Processing /home/airflow/.local/lib/python3.12/site-packages/airflow/example_dags/example_task_group_decorator.py took 0.095 seconds
[2026-06-01T19:01:11.326+0000] {processor.py:161} INFO - Started process (PID=6440) to work on /home/airflow/.local/lib/python3.12/site-packages/airflow/example_dags/example_task_group_decorator.py
[2026-06-01T19:01:11.327+0000] {processor.py:830} INFO - Processing file /home/airflow/.local/lib/python3.12/site-packages/airflow/example_dags/example_task_group_decorator.py for tasks to queue
[2026-06-01T19:01:11.329+0000] {logging_mixin.py:188} INFO - [2026-06-01T19:01:11.329+0000] {dagbag.py:540} INFO - Filling up the DagBag from /home/airflow/.local/lib/python3.12/site-packages/airflow/example_dags/example_task_group_decorator.py
[2026-06-01T19:01:11.345+0000] {processor.py:840} INFO - DAG(s) 'example_task_group_decorator' retrieved from /home/airflow/.local/lib/python3.12/site-packages/airflow/example_dags/example_task_group_decorator.py
[2026-06-01T19:01:11.369+0000] {logging_mixin.py:188} INFO - [2026-06-01T19:01:11.368+0000] {dag.py:3096} INFO - Sync 1 DAGs
[2026-06-01T19:01:11.389+0000] {logging_mixin.py:188} INFO - [2026-06-01T19:01:11.389+0000] {dag.py:3954} INFO - Setting next_dagrun for example_task_group_decorator to 2026-05-31 00:00:00+00:00, run_after=2026-06-01 00:00:00+00:00
[2026-06-01T19:01:11.407+0000] {processor.py:183} INFO - Processing /home/airflow/.local/lib/python3.12/site-packages/airflow/example_dags/example_task_group_decorator.py took 0.087 seconds
[2026-06-01T19:01:41.586+0000] {processor.py:161} INFO - Started process (PID=6498) to work on /home/airflow/.local/lib/python3.12/site-packages/airflow/example_dags/example_task_group_decorator.py
[2026-06-01T19:01:41.587+0000] {processor.py:830} INFO - Processing file /home/airflow/.local/lib/python3.12/site-packages/airflow/example_dags/example_task_group_decorator.py for tasks to queue
[2026-06-01T19:01:41.590+0000] {logging_mixin.py:188} INFO - [2026-06-01T19:01:41.589+0000] {dagbag.py:540} INFO - Filling up the DagBag from /home/airflow/.local/lib/python3.12/site-packages/airflow/example_dags/example_task_group_decorator.py
[2026-06-01T19:01:41.602+0000] {processor.py:840} INFO - DAG(s) 'example_task_group_decorator' retrieved from /home/airflow/.local/lib/python3.12/site-packages/airflow/example_dags/example_task_group_decorator.py
[2026-06-01T19:01:41.622+0000] {logging_mixin.py:188} INFO - [2026-06-01T19:01:41.622+0000] {dag.py:3096} INFO - Sync 1 DAGs
[2026-06-01T19:01:41.642+0000] {logging_mixin.py:188} INFO - [2026-06-01T19:01:41.642+0000] {dag.py:3954} INFO - Setting next_dagrun for example_task_group_decorator to 2026-05-31 00:00:00+00:00, run_after=2026-06-01 00:00:00+00:00
[2026-06-01T19:01:41.659+0000] {processor.py:183} INFO - Processing /home/airflow/.local/lib/python3.12/site-packages/airflow/example_dags/example_task_group_decorator.py took 0.078 seconds
[2026-06-01T19:02:12.352+0000] {processor.py:161} INFO - Started process (PID=6557) to work on /home/airflow/.local/lib/python3.12/site-packages/airflow/example_dags/example_task_group_decorator.py
[2026-06-01T19:02:12.354+0000] {processor.py:830} INFO - Processing file /home/airflow/.local/lib/python3.12/site-packages/airflow/example_dags/example_task_group_decorator.py for tasks to queue
[2026-06-01T19:02:12.356+0000] {logging_mixin.py:188} INFO - [2026-06-01T19:02:12.356+0000] {dagbag.py:540} INFO - Filling up the DagBag from /home/airflow/.local/lib/python3.12/site-packages/airflow/example_dags/example_task_group_decorator.py
[2026-06-01T19:02:12.369+0000] {processor.py:840} INFO - DAG(s) 'example_task_group_decorator' retrieved from /home/airflow/.local/lib/python3.12/site-packages/airflow/example_dags/example_task_group_decorator.py
[2026-06-01T19:02:12.392+0000] {logging_mixin.py:188} INFO - [2026-06-01T19:02:12.392+0000] {dag.py:3096} INFO - Sync 1 DAGs
[2026-06-01T19:02:12.412+0000] {logging_mixin.py:188} INFO - [2026-06-01T19:02:12.412+0000] {dag.py:3954} INFO - Setting next_dagrun for example_task_group_decorator to 2026-05-31 00:00:00+00:00, run_after=2026-06-01 00:00:00+00:00
[2026-06-01T19:02:12.431+0000] {processor.py:183} INFO - Processing /home/airflow/.local/lib/python3.12/site-packages/airflow/example_dags/example_task_group_decorator.py took 0.084 seconds
[2026-06-01T19:02:42.998+0000] {processor.py:161} INFO - Started process (PID=6616) to work on /home/airflow/.local/lib/python3.12/site-packages/airflow/example_dags/example_task_group_decorator.py
[2026-06-01T19:02:42.999+0000] {processor.py:830} INFO - Processing file /home/airflow/.local/lib/python3.12/site-packages/airflow/example_dags/example_task_group_decorator.py for tasks to queue
[2026-06-01T19:02:43.001+0000] {logging_mixin.py:188} INFO - [2026-06-01T19:02:43.001+0000] {dagbag.py:540} INFO - Filling up the DagBag from /home/airflow/.local/lib/python3.12/site-packages/airflow/example_dags/example_task_group_decorator.py
[2026-06-01T19:02:43.015+0000] {processor.py:840} INFO - DAG(s) 'example_task_group_decorator' retrieved from /home/airflow/.local/lib/python3.12/site-packages/airflow/example_dags/example_task_group_decorator.py
[2026-06-01T19:02:43.037+0000] {logging_mixin.py:188} INFO - [2026-06-01T19:02:43.037+0000] {dag.py:3096} INFO - Sync 1 DAGs
[2026-06-01T19:02:43.057+0000] {logging_mixin.py:188} INFO - [2026-06-01T19:02:43.057+0000] {dag.py:3954} INFO - Setting next_dagrun for example_task_group_decorator to 2026-05-31 00:00:00+00:00, run_after=2026-06-01 00:00:00+00:00
[2026-06-01T19:02:43.075+0000] {processor.py:183} INFO - Processing /home/airflow/.local/lib/python3.12/site-packages/airflow/example_dags/example_task_group_decorator.py took 0.083 seconds
[2026-06-01T19:03:13.544+0000] {processor.py:161} INFO - Started process (PID=6675) to work on /home/airflow/.local/lib/python3.12/site-packages/airflow/example_dags/example_task_group_decorator.py
[2026-06-01T19:03:13.545+0000] {processor.py:830} INFO - Processing file /home/airflow/.local/lib/python3.12/site-packages/airflow/example_dags/example_task_group_decorator.py for tasks to queue
[2026-06-01T19:03:13.548+0000] {logging_mixin.py:188} INFO - [2026-06-01T19:03:13.547+0000] {dagbag.py:540} INFO - Filling up the DagBag from /home/airflow/.local/lib/python3.12/site-packages/airflow/example_dags/example_task_group_decorator.py
[2026-06-01T19:03:13.560+0000] {processor.py:840} INFO - DAG(s) 'example_task_group_decorator' retrieved from /home/airflow/.local/lib/python3.12/site-packages/airflow/example_dags/example_task_group_decorator.py
[2026-06-01T19:03:13.583+0000] {logging_mixin.py:188} INFO - [2026-06-01T19:03:13.583+0000] {dag.py:3096} INFO - Sync 1 DAGs
[2026-06-01T19:03:13.603+0000] {logging_mixin.py:188} INFO - [2026-06-01T19:03:13.602+0000] {dag.py:3954} INFO - Setting next_dagrun for example_task_group_decorator to 2026-05-31 00:00:00+00:00, run_after=2026-06-01 00:00:00+00:00
[2026-06-01T19:03:13.618+0000] {processor.py:183} INFO - Processing /home/airflow/.local/lib/python3.12/site-packages/airflow/example_dags/example_task_group_decorator.py took 0.080 seconds
[2026-06-01T19:03:44.315+0000] {processor.py:161} INFO - Started process (PID=6734) to work on /home/airflow/.local/lib/python3.12/site-packages/airflow/example_dags/example_task_group_decorator.py
[2026-06-01T19:03:44.317+0000] {processor.py:830} INFO - Processing file /home/airflow/.local/lib/python3.12/site-packages/airflow/example_dags/example_task_group_decorator.py for tasks to queue
[2026-06-01T19:03:44.319+0000] {logging_mixin.py:188} INFO - [2026-06-01T19:03:44.319+0000] {dagbag.py:540} INFO - Filling up the DagBag from /home/airflow/.local/lib/python3.12/site-packages/airflow/example_dags/example_task_group_decorator.py
[2026-06-01T19:03:44.333+0000] {processor.py:840} INFO - DAG(s) 'example_task_group_decorator' retrieved from /home/airflow/.local/lib/python3.12/site-packages/airflow/example_dags/example_task_group_decorator.py
[2026-06-01T19:03:44.358+0000] {logging_mixin.py:188} INFO - [2026-06-01T19:03:44.358+0000] {dag.py:3096} INFO - Sync 1 DAGs
[2026-06-01T19:03:44.380+0000] {logging_mixin.py:188} INFO - [2026-06-01T19:03:44.379+0000] {dag.py:3954} INFO - Setting next_dagrun for example_task_group_decorator to 2026-05-31 00:00:00+00:00, run_after=2026-06-01 00:00:00+00:00
[2026-06-01T19:03:44.400+0000] {processor.py:183} INFO - Processing /home/airflow/.local/lib/python3.12/site-packages/airflow/example_dags/example_task_group_decorator.py took 0.090 seconds
[2026-06-01T19:04:15.267+0000] {processor.py:161} INFO - Started process (PID=6793) to work on /home/airflow/.local/lib/python3.12/site-packages/airflow/example_dags/example_task_group_decorator.py
[2026-06-01T19:04:15.269+0000] {processor.py:830} INFO - Processing file /home/airflow/.local/lib/python3.12/site-packages/airflow/example_dags/example_task_group_decorator.py for tasks to queue
[2026-06-01T19:04:15.271+0000] {logging_mixin.py:188} INFO - [2026-06-01T19:04:15.270+0000] {dagbag.py:540} INFO - Filling up the DagBag from /home/airflow/.local/lib/python3.12/site-packages/airflow/example_dags/example_task_group_decorator.py
[2026-06-01T19:04:15.283+0000] {processor.py:840} INFO - DAG(s) 'example_task_group_decorator' retrieved from /home/airflow/.local/lib/python3.12/site-packages/airflow/example_dags/example_task_group_decorator.py
[2026-06-01T19:04:15.306+0000] {logging_mixin.py:188} INFO - [2026-06-01T19:04:15.306+0000] {dag.py:3096} INFO - Sync 1 DAGs
[2026-06-01T19:04:15.325+0000] {logging_mixin.py:188} INFO - [2026-06-01T19:04:15.324+0000] {dag.py:3954} INFO - Setting next_dagrun for example_task_group_decorator to 2026-05-31 00:00:00+00:00, run_after=2026-06-01 00:00:00+00:00
[2026-06-01T19:04:15.348+0000] {processor.py:183} INFO - Processing /home/airflow/.local/lib/python3.12/site-packages/airflow/example_dags/example_task_group_decorator.py took 0.086 seconds
[2026-06-01T19:04:47.049+0000] {processor.py:161} INFO - Started process (PID=6852) to work on /home/airflow/.local/lib/python3.12/site-packages/airflow/example_dags/example_task_group_decorator.py
[2026-06-01T19:04:47.051+0000] {processor.py:830} INFO - Processing file /home/airflow/.local/lib/python3.12/site-packages/airflow/example_dags/example_task_group_decorator.py for tasks to queue
[2026-06-01T19:04:47.053+0000] {logging_mixin.py:188} INFO - [2026-06-01T19:04:47.053+0000] {dagbag.py:540} INFO - Filling up the DagBag from /home/airflow/.local/lib/python3.12/site-packages/airflow/example_dags/example_task_group_decorator.py
[2026-06-01T19:04:47.066+0000] {processor.py:840} INFO - DAG(s) 'example_task_group_decorator' retrieved from /home/airflow/.local/lib/python3.12/site-packages/airflow/example_dags/example_task_group_decorator.py
[2026-06-01T19:04:47.088+0000] {logging_mixin.py:188} INFO - [2026-06-01T19:04:47.088+0000] {dag.py:3096} INFO - Sync 1 DAGs
[2026-06-01T19:04:47.107+0000] {logging_mixin.py:188} INFO - [2026-06-01T19:04:47.107+0000] {dag.py:3954} INFO - Setting next_dagrun for example_task_group_decorator to 2026-05-31 00:00:00+00:00, run_after=2026-06-01 00:00:00+00:00
[2026-06-01T19:04:47.124+0000] {processor.py:183} INFO - Processing /home/airflow/.local/lib/python3.12/site-packages/airflow/example_dags/example_task_group_decorator.py took 0.079 seconds
[2026-06-01T19:05:17.721+0000] {processor.py:161} INFO - Started process (PID=6911) to work on /home/airflow/.local/lib/python3.12/site-packages/airflow/example_dags/example_task_group_decorator.py
[2026-06-01T19:05:17.722+0000] {processor.py:830} INFO - Processing file /home/airflow/.local/lib/python3.12/site-packages/airflow/example_dags/example_task_group_decorator.py for tasks to queue
[2026-06-01T19:05:17.725+0000] {logging_mixin.py:188} INFO - [2026-06-01T19:05:17.724+0000] {dagbag.py:540} INFO - Filling up the DagBag from /home/airflow/.local/lib/python3.12/site-packages/airflow/example_dags/example_task_group_decorator.py
[2026-06-01T19:05:17.738+0000] {processor.py:840} INFO - DAG(s) 'example_task_group_decorator' retrieved from /home/airflow/.local/lib/python3.12/site-packages/airflow/example_dags/example_task_group_decorator.py
[2026-06-01T19:05:17.760+0000] {logging_mixin.py:188} INFO - [2026-06-01T19:05:17.759+0000] {dag.py:3096} INFO - Sync 1 DAGs
[2026-06-01T19:05:17.779+0000] {logging_mixin.py:188} INFO - [2026-06-01T19:05:17.779+0000] {dag.py:3954} INFO - Setting next_dagrun for example_task_group_decorator to 2026-05-31 00:00:00+00:00, run_after=2026-06-01 00:00:00+00:00
[2026-06-01T19:05:17.797+0000] {processor.py:183} INFO - Processing /home/airflow/.local/lib/python3.12/site-packages/airflow/example_dags/example_task_group_decorator.py took 0.082 seconds
[2026-06-01T19:05:47.932+0000] {processor.py:161} INFO - Started process (PID=6970) to work on /home/airflow/.local/lib/python3.12/site-packages/airflow/example_dags/example_task_group_decorator.py
[2026-06-01T19:05:47.934+0000] {processor.py:830} INFO - Processing file /home/airflow/.local/lib/python3.12/site-packages/airflow/example_dags/example_task_group_decorator.py for tasks to queue
[2026-06-01T19:05:47.936+0000] {logging_mixin.py:188} INFO - [2026-06-01T19:05:47.935+0000] {dagbag.py:540} INFO - Filling up the DagBag from /home/airflow/.local/lib/python3.12/site-packages/airflow/example_dags/example_task_group_decorator.py
[2026-06-01T19:05:47.948+0000] {processor.py:840} INFO - DAG(s) 'example_task_group_decorator' retrieved from /home/airflow/.local/lib/python3.12/site-packages/airflow/example_dags/example_task_group_decorator.py
[2026-06-01T19:05:47.970+0000] {logging_mixin.py:188} INFO - [2026-06-01T19:05:47.970+0000] {dag.py:3096} INFO - Sync 1 DAGs
[2026-06-01T19:05:47.989+0000] {logging_mixin.py:188} INFO - [2026-06-01T19:05:47.989+0000] {dag.py:3954} INFO - Setting next_dagrun for example_task_group_decorator to 2026-05-31 00:00:00+00:00, run_after=2026-06-01 00:00:00+00:00
[2026-06-01T19:05:48.007+0000] {processor.py:183} INFO - Processing /home/airflow/.local/lib/python3.12/site-packages/airflow/example_dags/example_task_group_decorator.py took 0.080 seconds
[2026-06-01T19:06:18.279+0000] {processor.py:161} INFO - Started process (PID=7036) to work on /home/airflow/.local/lib/python3.12/site-packages/airflow/example_dags/example_task_group_decorator.py
[2026-06-01T19:06:18.281+0000] {processor.py:830} INFO - Processing file /home/airflow/.local/lib/python3.12/site-packages/airflow/example_dags/example_task_group_decorator.py for tasks to queue
[2026-06-01T19:06:18.287+0000] {logging_mixin.py:188} INFO - [2026-06-01T19:06:18.286+0000] {dagbag.py:540} INFO - Filling up the DagBag from /home/airflow/.local/lib/python3.12/site-packages/airflow/example_dags/example_task_group_decorator.py
[2026-06-01T19:06:18.327+0000] {processor.py:840} INFO - DAG(s) 'example_task_group_decorator' retrieved from /home/airflow/.local/lib/python3.12/site-packages/airflow/example_dags/example_task_group_decorator.py
[2026-06-01T19:06:18.375+0000] {logging_mixin.py:188} INFO - [2026-06-01T19:06:18.374+0000] {dag.py:3096} INFO - Sync 1 DAGs
[2026-06-01T19:06:18.417+0000] {logging_mixin.py:188} INFO - [2026-06-01T19:06:18.416+0000] {dag.py:3954} INFO - Setting next_dagrun for example_task_group_decorator to 2026-05-31 00:00:00+00:00, run_after=2026-06-01 00:00:00+00:00
[2026-06-01T19:06:18.448+0000] {processor.py:183} INFO - Processing /home/airflow/.local/lib/python3.12/site-packages/airflow/example_dags/example_task_group_decorator.py took 0.178 seconds
[2026-06-01T19:06:48.532+0000] {processor.py:161} INFO - Started process (PID=7095) to work on /home/airflow/.local/lib/python3.12/site-packages/airflow/example_dags/example_task_group_decorator.py
[2026-06-01T19:06:48.534+0000] {processor.py:830} INFO - Processing file /home/airflow/.local/lib/python3.12/site-packages/airflow/example_dags/example_task_group_decorator.py for tasks to queue
[2026-06-01T19:06:48.537+0000] {logging_mixin.py:188} INFO - [2026-06-01T19:06:48.536+0000] {dagbag.py:540} INFO - Filling up the DagBag from /home/airflow/.local/lib/python3.12/site-packages/airflow/example_dags/example_task_group_decorator.py
[2026-06-01T19:06:48.561+0000] {processor.py:840} INFO - DAG(s) 'example_task_group_decorator' retrieved from /home/airflow/.local/lib/python3.12/site-packages/airflow/example_dags/example_task_group_decorator.py
[2026-06-01T19:06:48.604+0000] {logging_mixin.py:188} INFO - [2026-06-01T19:06:48.603+0000] {dag.py:3096} INFO - Sync 1 DAGs
[2026-06-01T19:06:48.650+0000] {logging_mixin.py:188} INFO - [2026-06-01T19:06:48.648+0000] {dag.py:3954} INFO - Setting next_dagrun for example_task_group_decorator to 2026-05-31 00:00:00+00:00, run_after=2026-06-01 00:00:00+00:00
[2026-06-01T19:06:48.693+0000] {processor.py:183} INFO - Processing /home/airflow/.local/lib/python3.12/site-packages/airflow/example_dags/example_task_group_decorator.py took 0.168 seconds
[2026-06-01T19:07:18.795+0000] {processor.py:161} INFO - Started process (PID=7154) to work on /home/airflow/.local/lib/python3.12/site-packages/airflow/example_dags/example_task_group_decorator.py
[2026-06-01T19:07:18.797+0000] {processor.py:830} INFO - Processing file /home/airflow/.local/lib/python3.12/site-packages/airflow/example_dags/example_task_group_decorator.py for tasks to queue
[2026-06-01T19:07:18.800+0000] {logging_mixin.py:188} INFO - [2026-06-01T19:07:18.799+0000] {dagbag.py:540} INFO - Filling up the DagBag from /home/airflow/.local/lib/python3.12/site-packages/airflow/example_dags/example_task_group_decorator.py
[2026-06-01T19:07:18.822+0000] {processor.py:840} INFO - DAG(s) 'example_task_group_decorator' retrieved from /home/airflow/.local/lib/python3.12/site-packages/airflow/example_dags/example_task_group_decorator.py
[2026-06-01T19:07:18.861+0000] {logging_mixin.py:188} INFO - [2026-06-01T19:07:18.861+0000] {dag.py:3096} INFO - Sync 1 DAGs
[2026-06-01T19:07:18.892+0000] {logging_mixin.py:188} INFO - [2026-06-01T19:07:18.891+0000] {dag.py:3954} INFO - Setting next_dagrun for example_task_group_decorator to 2026-05-31 00:00:00+00:00, run_after=2026-06-01 00:00:00+00:00
[2026-06-01T19:07:18.928+0000] {processor.py:183} INFO - Processing /home/airflow/.local/lib/python3.12/site-packages/airflow/example_dags/example_task_group_decorator.py took 0.140 seconds
[2026-06-01T19:07:49.163+0000] {processor.py:161} INFO - Started process (PID=7213) to work on /home/airflow/.local/lib/python3.12/site-packages/airflow/example_dags/example_task_group_decorator.py
[2026-06-01T19:07:49.165+0000] {processor.py:830} INFO - Processing file /home/airflow/.local/lib/python3.12/site-packages/airflow/example_dags/example_task_group_decorator.py for tasks to queue
[2026-06-01T19:07:49.166+0000] {logging_mixin.py:188} INFO - [2026-06-01T19:07:49.166+0000] {dagbag.py:540} INFO - Filling up the DagBag from /home/airflow/.local/lib/python3.12/site-packages/airflow/example_dags/example_task_group_decorator.py
[2026-06-01T19:07:49.179+0000] {processor.py:840} INFO - DAG(s) 'example_task_group_decorator' retrieved from /home/airflow/.local/lib/python3.12/site-packages/airflow/example_dags/example_task_group_decorator.py
[2026-06-01T19:07:49.201+0000] {logging_mixin.py:188} INFO - [2026-06-01T19:07:49.201+0000] {dag.py:3096} INFO - Sync 1 DAGs
[2026-06-01T19:07:49.221+0000] {logging_mixin.py:188} INFO - [2026-06-01T19:07:49.220+0000] {dag.py:3954} INFO - Setting next_dagrun for example_task_group_decorator to 2026-05-31 00:00:00+00:00, run_after=2026-06-01 00:00:00+00:00
[2026-06-01T19:07:49.244+0000] {processor.py:183} INFO - Processing /home/airflow/.local/lib/python3.12/site-packages/airflow/example_dags/example_task_group_decorator.py took 0.087 seconds
[2026-06-01T19:08:19.434+0000] {processor.py:161} INFO - Started process (PID=7272) to work on /home/airflow/.local/lib/python3.12/site-packages/airflow/example_dags/example_task_group_decorator.py
[2026-06-01T19:08:19.436+0000] {processor.py:830} INFO - Processing file /home/airflow/.local/lib/python3.12/site-packages/airflow/example_dags/example_task_group_decorator.py for tasks to queue
[2026-06-01T19:08:19.438+0000] {logging_mixin.py:188} INFO - [2026-06-01T19:08:19.437+0000] {dagbag.py:540} INFO - Filling up the DagBag from /home/airflow/.local/lib/python3.12/site-packages/airflow/example_dags/example_task_group_decorator.py
[2026-06-01T19:08:19.449+0000] {processor.py:840} INFO - DAG(s) 'example_task_group_decorator' retrieved from /home/airflow/.local/lib/python3.12/site-packages/airflow/example_dags/example_task_group_decorator.py
[2026-06-01T19:08:19.471+0000] {logging_mixin.py:188} INFO - [2026-06-01T19:08:19.471+0000] {dag.py:3096} INFO - Sync 1 DAGs
[2026-06-01T19:08:19.490+0000] {logging_mixin.py:188} INFO - [2026-06-01T19:08:19.490+0000] {dag.py:3954} INFO - Setting next_dagrun for example_task_group_decorator to 2026-05-31 00:00:00+00:00, run_after=2026-06-01 00:00:00+00:00
[2026-06-01T19:08:19.509+0000] {processor.py:183} INFO - Processing /home/airflow/.local/lib/python3.12/site-packages/airflow/example_dags/example_task_group_decorator.py took 0.079 seconds
[2026-06-01T19:08:50.216+0000] {processor.py:161} INFO - Started process (PID=7331) to work on /home/airflow/.local/lib/python3.12/site-packages/airflow/example_dags/example_task_group_decorator.py
[2026-06-01T19:08:50.218+0000] {processor.py:830} INFO - Processing file /home/airflow/.local/lib/python3.12/site-packages/airflow/example_dags/example_task_group_decorator.py for tasks to queue
[2026-06-01T19:08:50.221+0000] {logging_mixin.py:188} INFO - [2026-06-01T19:08:50.220+0000] {dagbag.py:540} INFO - Filling up the DagBag from /home/airflow/.local/lib/python3.12/site-packages/airflow/example_dags/example_task_group_decorator.py
[2026-06-01T19:08:50.245+0000] {processor.py:840} INFO - DAG(s) 'example_task_group_decorator' retrieved from /home/airflow/.local/lib/python3.12/site-packages/airflow/example_dags/example_task_group_decorator.py
[2026-06-01T19:08:50.272+0000] {logging_mixin.py:188} INFO - [2026-06-01T19:08:50.272+0000] {dag.py:3096} INFO - Sync 1 DAGs
[2026-06-01T19:08:50.291+0000] {logging_mixin.py:188} INFO - [2026-06-01T19:08:50.291+0000] {dag.py:3954} INFO - Setting next_dagrun for example_task_group_decorator to 2026-05-31 00:00:00+00:00, run_after=2026-06-01 00:00:00+00:00
[2026-06-01T19:08:50.308+0000] {processor.py:183} INFO - Processing /home/airflow/.local/lib/python3.12/site-packages/airflow/example_dags/example_task_group_decorator.py took 0.098 seconds
[2026-06-01T19:09:21.016+0000] {processor.py:161} INFO - Started process (PID=7390) to work on /home/airflow/.local/lib/python3.12/site-packages/airflow/example_dags/example_task_group_decorator.py
[2026-06-01T19:09:21.018+0000] {processor.py:830} INFO - Processing file /home/airflow/.local/lib/python3.12/site-packages/airflow/example_dags/example_task_group_decorator.py for tasks to queue
[2026-06-01T19:09:21.020+0000] {logging_mixin.py:188} INFO - [2026-06-01T19:09:21.020+0000] {dagbag.py:540} INFO - Filling up the DagBag from /home/airflow/.local/lib/python3.12/site-packages/airflow/example_dags/example_task_group_decorator.py
[2026-06-01T19:09:21.035+0000] {processor.py:840} INFO - DAG(s) 'example_task_group_decorator' retrieved from /home/airflow/.local/lib/python3.12/site-packages/airflow/example_dags/example_task_group_decorator.py
[2026-06-01T19:09:21.061+0000] {logging_mixin.py:188} INFO - [2026-06-01T19:09:21.060+0000] {dag.py:3096} INFO - Sync 1 DAGs
[2026-06-01T19:09:21.085+0000] {logging_mixin.py:188} INFO - [2026-06-01T19:09:21.085+0000] {dag.py:3954} INFO - Setting next_dagrun for example_task_group_decorator to 2026-05-31 00:00:00+00:00, run_after=2026-06-01 00:00:00+00:00
[2026-06-01T19:09:21.109+0000] {processor.py:183} INFO - Processing /home/airflow/.local/lib/python3.12/site-packages/airflow/example_dags/example_task_group_decorator.py took 0.100 seconds
[2026-06-01T19:09:51.222+0000] {processor.py:161} INFO - Started process (PID=7449) to work on /home/airflow/.local/lib/python3.12/site-packages/airflow/example_dags/example_task_group_decorator.py
[2026-06-01T19:09:51.223+0000] {processor.py:830} INFO - Processing file /home/airflow/.local/lib/python3.12/site-packages/airflow/example_dags/example_task_group_decorator.py for tasks to queue
[2026-06-01T19:09:51.226+0000] {logging_mixin.py:188} INFO - [2026-06-01T19:09:51.226+0000] {dagbag.py:540} INFO - Filling up the DagBag from /home/airflow/.local/lib/python3.12/site-packages/airflow/example_dags/example_task_group_decorator.py
[2026-06-01T19:09:51.244+0000] {processor.py:840} INFO - DAG(s) 'example_task_group_decorator' retrieved from /home/airflow/.local/lib/python3.12/site-packages/airflow/example_dags/example_task_group_decorator.py
[2026-06-01T19:09:51.275+0000] {logging_mixin.py:188} INFO - [2026-06-01T19:09:51.275+0000] {dag.py:3096} INFO - Sync 1 DAGs
[2026-06-01T19:09:51.305+0000] {logging_mixin.py:188} INFO - [2026-06-01T19:09:51.305+0000] {dag.py:3954} INFO - Setting next_dagrun for example_task_group_decorator to 2026-05-31 00:00:00+00:00, run_after=2026-06-01 00:00:00+00:00
[2026-06-01T19:09:51.333+0000] {processor.py:183} INFO - Processing /home/airflow/.local/lib/python3.12/site-packages/airflow/example_dags/example_task_group_decorator.py took 0.120 seconds
[2026-06-01T19:10:22.242+0000] {processor.py:161} INFO - Started process (PID=7508) to work on /home/airflow/.local/lib/python3.12/site-packages/airflow/example_dags/example_task_group_decorator.py
[2026-06-01T19:10:22.243+0000] {processor.py:830} INFO - Processing file /home/airflow/.local/lib/python3.12/site-packages/airflow/example_dags/example_task_group_decorator.py for tasks to queue
[2026-06-01T19:10:22.245+0000] {logging_mixin.py:188} INFO - [2026-06-01T19:10:22.244+0000] {dagbag.py:540} INFO - Filling up the DagBag from /home/airflow/.local/lib/python3.12/site-packages/airflow/example_dags/example_task_group_decorator.py
[2026-06-01T19:10:22.259+0000] {processor.py:840} INFO - DAG(s) 'example_task_group_decorator' retrieved from /home/airflow/.local/lib/python3.12/site-packages/airflow/example_dags/example_task_group_decorator.py
[2026-06-01T19:10:22.285+0000] {logging_mixin.py:188} INFO - [2026-06-01T19:10:22.284+0000] {dag.py:3096} INFO - Sync 1 DAGs
[2026-06-01T19:10:22.304+0000] {logging_mixin.py:188} INFO - [2026-06-01T19:10:22.304+0000] {dag.py:3954} INFO - Setting next_dagrun for example_task_group_decorator to 2026-05-31 00:00:00+00:00, run_after=2026-06-01 00:00:00+00:00
[2026-06-01T19:10:22.328+0000] {processor.py:183} INFO - Processing /home/airflow/.local/lib/python3.12/site-packages/airflow/example_dags/example_task_group_decorator.py took 0.092 seconds
[2026-06-01T19:10:52.887+0000] {processor.py:161} INFO - Started process (PID=7567) to work on /home/airflow/.local/lib/python3.12/site-packages/airflow/example_dags/example_task_group_decorator.py
[2026-06-01T19:10:52.888+0000] {processor.py:830} INFO - Processing file /home/airflow/.local/lib/python3.12/site-packages/airflow/example_dags/example_task_group_decorator.py for tasks to queue
[2026-06-01T19:10:52.890+0000] {logging_mixin.py:188} INFO - [2026-06-01T19:10:52.890+0000] {dagbag.py:540} INFO - Filling up the DagBag from /home/airflow/.local/lib/python3.12/site-packages/airflow/example_dags/example_task_group_decorator.py
[2026-06-01T19:10:52.903+0000] {processor.py:840} INFO - DAG(s) 'example_task_group_decorator' retrieved from /home/airflow/.local/lib/python3.12/site-packages/airflow/example_dags/example_task_group_decorator.py
[2026-06-01T19:10:52.931+0000] {logging_mixin.py:188} INFO - [2026-06-01T19:10:52.930+0000] {dag.py:3096} INFO - Sync 1 DAGs
[2026-06-01T19:10:52.953+0000] {logging_mixin.py:188} INFO - [2026-06-01T19:10:52.953+0000] {dag.py:3954} INFO - Setting next_dagrun for example_task_group_decorator to 2026-05-31 00:00:00+00:00, run_after=2026-06-01 00:00:00+00:00
[2026-06-01T19:10:52.971+0000] {processor.py:183} INFO - Processing /home/airflow/.local/lib/python3.12/site-packages/airflow/example_dags/example_task_group_decorator.py took 0.089 seconds
[2026-06-01T19:11:23.811+0000] {processor.py:161} INFO - Started process (PID=7626) to work on /home/airflow/.local/lib/python3.12/site-packages/airflow/example_dags/example_task_group_decorator.py
[2026-06-01T19:11:23.812+0000] {processor.py:830} INFO - Processing file /home/airflow/.local/lib/python3.12/site-packages/airflow/example_dags/example_task_group_decorator.py for tasks to queue
[2026-06-01T19:11:23.814+0000] {logging_mixin.py:188} INFO - [2026-06-01T19:11:23.814+0000] {dagbag.py:540} INFO - Filling up the DagBag from /home/airflow/.local/lib/python3.12/site-packages/airflow/example_dags/example_task_group_decorator.py
[2026-06-01T19:11:23.829+0000] {processor.py:840} INFO - DAG(s) 'example_task_group_decorator' retrieved from /home/airflow/.local/lib/python3.12/site-packages/airflow/example_dags/example_task_group_decorator.py
[2026-06-01T19:11:23.855+0000] {logging_mixin.py:188} INFO - [2026-06-01T19:11:23.855+0000] {dag.py:3096} INFO - Sync 1 DAGs
[2026-06-01T19:11:23.874+0000] {logging_mixin.py:188} INFO - [2026-06-01T19:11:23.874+0000] {dag.py:3954} INFO - Setting next_dagrun for example_task_group_decorator to 2026-05-31 00:00:00+00:00, run_after=2026-06-01 00:00:00+00:00
[2026-06-01T19:11:23.893+0000] {processor.py:183} INFO - Processing /home/airflow/.local/lib/python3.12/site-packages/airflow/example_dags/example_task_group_decorator.py took 0.087 seconds
[2026-06-01T19:11:54.071+0000] {processor.py:161} INFO - Started process (PID=7685) to work on /home/airflow/.local/lib/python3.12/site-packages/airflow/example_dags/example_task_group_decorator.py
[2026-06-01T19:11:54.073+0000] {processor.py:830} INFO - Processing file /home/airflow/.local/lib/python3.12/site-packages/airflow/example_dags/example_task_group_decorator.py for tasks to queue
[2026-06-01T19:11:54.075+0000] {logging_mixin.py:188} INFO - [2026-06-01T19:11:54.075+0000] {dagbag.py:540} INFO - Filling up the DagBag from /home/airflow/.local/lib/python3.12/site-packages/airflow/example_dags/example_task_group_decorator.py
[2026-06-01T19:11:54.087+0000] {processor.py:840} INFO - DAG(s) 'example_task_group_decorator' retrieved from /home/airflow/.local/lib/python3.12/site-packages/airflow/example_dags/example_task_group_decorator.py
[2026-06-01T19:11:54.110+0000] {logging_mixin.py:188} INFO - [2026-06-01T19:11:54.110+0000] {dag.py:3096} INFO - Sync 1 DAGs
[2026-06-01T19:11:54.129+0000] {logging_mixin.py:188} INFO - [2026-06-01T19:11:54.129+0000] {dag.py:3954} INFO - Setting next_dagrun for example_task_group_decorator to 2026-05-31 00:00:00+00:00, run_after=2026-06-01 00:00:00+00:00
[2026-06-01T19:11:54.146+0000] {processor.py:183} INFO - Processing /home/airflow/.local/lib/python3.12/site-packages/airflow/example_dags/example_task_group_decorator.py took 0.080 seconds
[2026-06-01T19:12:24.459+0000] {processor.py:161} INFO - Started process (PID=7744) to work on /home/airflow/.local/lib/python3.12/site-packages/airflow/example_dags/example_task_group_decorator.py
[2026-06-01T19:12:24.460+0000] {processor.py:830} INFO - Processing file /home/airflow/.local/lib/python3.12/site-packages/airflow/example_dags/example_task_group_decorator.py for tasks to queue
[2026-06-01T19:12:24.462+0000] {logging_mixin.py:188} INFO - [2026-06-01T19:12:24.462+0000] {dagbag.py:540} INFO - Filling up the DagBag from /home/airflow/.local/lib/python3.12/site-packages/airflow/example_dags/example_task_group_decorator.py
[2026-06-01T19:12:24.476+0000] {processor.py:840} INFO - DAG(s) 'example_task_group_decorator' retrieved from /home/airflow/.local/lib/python3.12/site-packages/airflow/example_dags/example_task_group_decorator.py
[2026-06-01T19:12:24.501+0000] {logging_mixin.py:188} INFO - [2026-06-01T19:12:24.500+0000] {dag.py:3096} INFO - Sync 1 DAGs
[2026-06-01T19:12:24.522+0000] {logging_mixin.py:188} INFO - [2026-06-01T19:12:24.522+0000] {dag.py:3954} INFO - Setting next_dagrun for example_task_group_decorator to 2026-05-31 00:00:00+00:00, run_after=2026-06-01 00:00:00+00:00
[2026-06-01T19:12:24.539+0000] {processor.py:183} INFO - Processing /home/airflow/.local/lib/python3.12/site-packages/airflow/example_dags/example_task_group_decorator.py took 0.086 seconds
[2026-06-01T19:12:54.680+0000] {processor.py:161} INFO - Started process (PID=7803) to work on /home/airflow/.local/lib/python3.12/site-packages/airflow/example_dags/example_task_group_decorator.py
[2026-06-01T19:12:54.681+0000] {processor.py:830} INFO - Processing file /home/airflow/.local/lib/python3.12/site-packages/airflow/example_dags/example_task_group_decorator.py for tasks to queue
[2026-06-01T19:12:54.683+0000] {logging_mixin.py:188} INFO - [2026-06-01T19:12:54.683+0000] {dagbag.py:540} INFO - Filling up the DagBag from /home/airflow/.local/lib/python3.12/site-packages/airflow/example_dags/example_task_group_decorator.py
[2026-06-01T19:12:54.695+0000] {processor.py:840} INFO - DAG(s) 'example_task_group_decorator' retrieved from /home/airflow/.local/lib/python3.12/site-packages/airflow/example_dags/example_task_group_decorator.py
[2026-06-01T19:12:54.718+0000] {logging_mixin.py:188} INFO - [2026-06-01T19:12:54.718+0000] {dag.py:3096} INFO - Sync 1 DAGs
[2026-06-01T19:12:54.738+0000] {logging_mixin.py:188} INFO - [2026-06-01T19:12:54.738+0000] {dag.py:3954} INFO - Setting next_dagrun for example_task_group_decorator to 2026-05-31 00:00:00+00:00, run_after=2026-06-01 00:00:00+00:00
[2026-06-01T19:12:54.756+0000] {processor.py:183} INFO - Processing /home/airflow/.local/lib/python3.12/site-packages/airflow/example_dags/example_task_group_decorator.py took 0.081 seconds
[2026-06-01T19:13:25.055+0000] {processor.py:161} INFO - Started process (PID=7862) to work on /home/airflow/.local/lib/python3.12/site-packages/airflow/example_dags/example_task_group_decorator.py
[2026-06-01T19:13:25.056+0000] {processor.py:830} INFO - Processing file /home/airflow/.local/lib/python3.12/site-packages/airflow/example_dags/example_task_group_decorator.py for tasks to queue
[2026-06-01T19:13:25.058+0000] {logging_mixin.py:188} INFO - [2026-06-01T19:13:25.058+0000] {dagbag.py:540} INFO - Filling up the DagBag from /home/airflow/.local/lib/python3.12/site-packages/airflow/example_dags/example_task_group_decorator.py
[2026-06-01T19:13:25.074+0000] {processor.py:840} INFO - DAG(s) 'example_task_group_decorator' retrieved from /home/airflow/.local/lib/python3.12/site-packages/airflow/example_dags/example_task_group_decorator.py
[2026-06-01T19:13:25.099+0000] {logging_mixin.py:188} INFO - [2026-06-01T19:13:25.098+0000] {dag.py:3096} INFO - Sync 1 DAGs
[2026-06-01T19:13:25.121+0000] {logging_mixin.py:188} INFO - [2026-06-01T19:13:25.121+0000] {dag.py:3954} INFO - Setting next_dagrun for example_task_group_decorator to 2026-05-31 00:00:00+00:00, run_after=2026-06-01 00:00:00+00:00
[2026-06-01T19:13:25.145+0000] {processor.py:183} INFO - Processing /home/airflow/.local/lib/python3.12/site-packages/airflow/example_dags/example_task_group_decorator.py took 0.097 seconds
[2026-06-01T19:13:55.231+0000] {processor.py:161} INFO - Started process (PID=7921) to work on /home/airflow/.local/lib/python3.12/site-packages/airflow/example_dags/example_task_group_decorator.py
[2026-06-01T19:13:55.232+0000] {processor.py:830} INFO - Processing file /home/airflow/.local/lib/python3.12/site-packages/airflow/example_dags/example_task_group_decorator.py for tasks to queue
[2026-06-01T19:13:55.234+0000] {logging_mixin.py:188} INFO - [2026-06-01T19:13:55.234+0000] {dagbag.py:540} INFO - Filling up the DagBag from /home/airflow/.local/lib/python3.12/site-packages/airflow/example_dags/example_task_group_decorator.py
[2026-06-01T19:13:55.246+0000] {processor.py:840} INFO - DAG(s) 'example_task_group_decorator' retrieved from /home/airflow/.local/lib/python3.12/site-packages/airflow/example_dags/example_task_group_decorator.py
[2026-06-01T19:13:55.268+0000] {logging_mixin.py:188} INFO - [2026-06-01T19:13:55.268+0000] {dag.py:3096} INFO - Sync 1 DAGs
[2026-06-01T19:13:55.286+0000] {logging_mixin.py:188} INFO - [2026-06-01T19:13:55.286+0000] {dag.py:3954} INFO - Setting next_dagrun for example_task_group_decorator to 2026-05-31 00:00:00+00:00, run_after=2026-06-01 00:00:00+00:00
[2026-06-01T19:13:55.303+0000] {processor.py:183} INFO - Processing /home/airflow/.local/lib/python3.12/site-packages/airflow/example_dags/example_task_group_decorator.py took 0.078 seconds
[2026-06-01T19:14:25.553+0000] {processor.py:161} INFO - Started process (PID=7980) to work on /home/airflow/.local/lib/python3.12/site-packages/airflow/example_dags/example_task_group_decorator.py
[2026-06-01T19:14:25.554+0000] {processor.py:830} INFO - Processing file /home/airflow/.local/lib/python3.12/site-packages/airflow/example_dags/example_task_group_decorator.py for tasks to queue
[2026-06-01T19:14:25.556+0000] {logging_mixin.py:188} INFO - [2026-06-01T19:14:25.556+0000] {dagbag.py:540} INFO - Filling up the DagBag from /home/airflow/.local/lib/python3.12/site-packages/airflow/example_dags/example_task_group_decorator.py
[2026-06-01T19:14:25.570+0000] {processor.py:840} INFO - DAG(s) 'example_task_group_decorator' retrieved from /home/airflow/.local/lib/python3.12/site-packages/airflow/example_dags/example_task_group_decorator.py
[2026-06-01T19:14:25.596+0000] {logging_mixin.py:188} INFO - [2026-06-01T19:14:25.596+0000] {dag.py:3096} INFO - Sync 1 DAGs
[2026-06-01T19:14:25.619+0000] {logging_mixin.py:188} INFO - [2026-06-01T19:14:25.619+0000] {dag.py:3954} INFO - Setting next_dagrun for example_task_group_decorator to 2026-05-31 00:00:00+00:00, run_after=2026-06-01 00:00:00+00:00
[2026-06-01T19:14:25.640+0000] {processor.py:183} INFO - Processing /home/airflow/.local/lib/python3.12/site-packages/airflow/example_dags/example_task_group_decorator.py took 0.092 seconds
[2026-06-01T19:14:55.742+0000] {processor.py:161} INFO - Started process (PID=8039) to work on /home/airflow/.local/lib/python3.12/site-packages/airflow/example_dags/example_task_group_decorator.py
[2026-06-01T19:14:55.744+0000] {processor.py:830} INFO - Processing file /home/airflow/.local/lib/python3.12/site-packages/airflow/example_dags/example_task_group_decorator.py for tasks to queue
[2026-06-01T19:14:55.747+0000] {logging_mixin.py:188} INFO - [2026-06-01T19:14:55.746+0000] {dagbag.py:540} INFO - Filling up the DagBag from /home/airflow/.local/lib/python3.12/site-packages/airflow/example_dags/example_task_group_decorator.py
[2026-06-01T19:14:55.766+0000] {processor.py:840} INFO - DAG(s) 'example_task_group_decorator' retrieved from /home/airflow/.local/lib/python3.12/site-packages/airflow/example_dags/example_task_group_decorator.py
[2026-06-01T19:14:55.800+0000] {logging_mixin.py:188} INFO - [2026-06-01T19:14:55.799+0000] {dag.py:3096} INFO - Sync 1 DAGs
[2026-06-01T19:14:55.822+0000] {logging_mixin.py:188} INFO - [2026-06-01T19:14:55.822+0000] {dag.py:3954} INFO - Setting next_dagrun for example_task_group_decorator to 2026-05-31 00:00:00+00:00, run_after=2026-06-01 00:00:00+00:00
[2026-06-01T19:14:55.844+0000] {processor.py:183} INFO - Processing /home/airflow/.local/lib/python3.12/site-packages/airflow/example_dags/example_task_group_decorator.py took 0.107 seconds
[2026-06-01T19:15:25.936+0000] {processor.py:161} INFO - Started process (PID=8098) to work on /home/airflow/.local/lib/python3.12/site-packages/airflow/example_dags/example_task_group_decorator.py
[2026-06-01T19:15:25.937+0000] {processor.py:830} INFO - Processing file /home/airflow/.local/lib/python3.12/site-packages/airflow/example_dags/example_task_group_decorator.py for tasks to queue
[2026-06-01T19:15:25.939+0000] {logging_mixin.py:188} INFO - [2026-06-01T19:15:25.938+0000] {dagbag.py:540} INFO - Filling up the DagBag from /home/airflow/.local/lib/python3.12/site-packages/airflow/example_dags/example_task_group_decorator.py
[2026-06-01T19:15:25.951+0000] {processor.py:840} INFO - DAG(s) 'example_task_group_decorator' retrieved from /home/airflow/.local/lib/python3.12/site-packages/airflow/example_dags/example_task_group_decorator.py
[2026-06-01T19:15:25.972+0000] {logging_mixin.py:188} INFO - [2026-06-01T19:15:25.972+0000] {dag.py:3096} INFO - Sync 1 DAGs
[2026-06-01T19:15:25.990+0000] {logging_mixin.py:188} INFO - [2026-06-01T19:15:25.990+0000] {dag.py:3954} INFO - Setting next_dagrun for example_task_group_decorator to 2026-05-31 00:00:00+00:00, run_after=2026-06-01 00:00:00+00:00
[2026-06-01T19:15:26.008+0000] {processor.py:183} INFO - Processing /home/airflow/.local/lib/python3.12/site-packages/airflow/example_dags/example_task_group_decorator.py took 0.078 seconds
[2026-06-01T19:15:56.247+0000] {processor.py:161} INFO - Started process (PID=8157) to work on /home/airflow/.local/lib/python3.12/site-packages/airflow/example_dags/example_task_group_decorator.py
[2026-06-01T19:15:56.248+0000] {processor.py:830} INFO - Processing file /home/airflow/.local/lib/python3.12/site-packages/airflow/example_dags/example_task_group_decorator.py for tasks to queue
[2026-06-01T19:15:56.250+0000] {logging_mixin.py:188} INFO - [2026-06-01T19:15:56.250+0000] {dagbag.py:540} INFO - Filling up the DagBag from /home/airflow/.local/lib/python3.12/site-packages/airflow/example_dags/example_task_group_decorator.py
[2026-06-01T19:15:56.263+0000] {processor.py:840} INFO - DAG(s) 'example_task_group_decorator' retrieved from /home/airflow/.local/lib/python3.12/site-packages/airflow/example_dags/example_task_group_decorator.py
[2026-06-01T19:15:56.286+0000] {logging_mixin.py:188} INFO - [2026-06-01T19:15:56.286+0000] {dag.py:3096} INFO - Sync 1 DAGs
[2026-06-01T19:15:56.305+0000] {logging_mixin.py:188} INFO - [2026-06-01T19:15:56.305+0000] {dag.py:3954} INFO - Setting next_dagrun for example_task_group_decorator to 2026-05-31 00:00:00+00:00, run_after=2026-06-01 00:00:00+00:00
[2026-06-01T19:15:56.324+0000] {processor.py:183} INFO - Processing /home/airflow/.local/lib/python3.12/site-packages/airflow/example_dags/example_task_group_decorator.py took 0.082 seconds
[2026-06-01T19:16:26.708+0000] {processor.py:161} INFO - Started process (PID=8216) to work on /home/airflow/.local/lib/python3.12/site-packages/airflow/example_dags/example_task_group_decorator.py
[2026-06-01T19:16:26.709+0000] {processor.py:830} INFO - Processing file /home/airflow/.local/lib/python3.12/site-packages/airflow/example_dags/example_task_group_decorator.py for tasks to queue
[2026-06-01T19:16:26.711+0000] {logging_mixin.py:188} INFO - [2026-06-01T19:16:26.710+0000] {dagbag.py:540} INFO - Filling up the DagBag from /home/airflow/.local/lib/python3.12/site-packages/airflow/example_dags/example_task_group_decorator.py
[2026-06-01T19:16:26.723+0000] {processor.py:840} INFO - DAG(s) 'example_task_group_decorator' retrieved from /home/airflow/.local/lib/python3.12/site-packages/airflow/example_dags/example_task_group_decorator.py
[2026-06-01T19:16:26.746+0000] {logging_mixin.py:188} INFO - [2026-06-01T19:16:26.746+0000] {dag.py:3096} INFO - Sync 1 DAGs
[2026-06-01T19:16:26.765+0000] {logging_mixin.py:188} INFO - [2026-06-01T19:16:26.765+0000] {dag.py:3954} INFO - Setting next_dagrun for example_task_group_decorator to 2026-05-31 00:00:00+00:00, run_after=2026-06-01 00:00:00+00:00
[2026-06-01T19:16:26.781+0000] {processor.py:183} INFO - Processing /home/airflow/.local/lib/python3.12/site-packages/airflow/example_dags/example_task_group_decorator.py took 0.079 seconds
[2026-06-01T19:16:57.142+0000] {processor.py:161} INFO - Started process (PID=8275) to work on /home/airflow/.local/lib/python3.12/site-packages/airflow/example_dags/example_task_group_decorator.py
[2026-06-01T19:16:57.143+0000] {processor.py:830} INFO - Processing file /home/airflow/.local/lib/python3.12/site-packages/airflow/example_dags/example_task_group_decorator.py for tasks to queue
[2026-06-01T19:16:57.145+0000] {logging_mixin.py:188} INFO - [2026-06-01T19:16:57.144+0000] {dagbag.py:540} INFO - Filling up the DagBag from /home/airflow/.local/lib/python3.12/site-packages/airflow/example_dags/example_task_group_decorator.py
[2026-06-01T19:16:57.157+0000] {processor.py:840} INFO - DAG(s) 'example_task_group_decorator' retrieved from /home/airflow/.local/lib/python3.12/site-packages/airflow/example_dags/example_task_group_decorator.py
[2026-06-01T19:16:57.180+0000] {logging_mixin.py:188} INFO - [2026-06-01T19:16:57.180+0000] {dag.py:3096} INFO - Sync 1 DAGs
[2026-06-01T19:16:57.201+0000] {logging_mixin.py:188} INFO - [2026-06-01T19:16:57.201+0000] {dag.py:3954} INFO - Setting next_dagrun for example_task_group_decorator to 2026-05-31 00:00:00+00:00, run_after=2026-06-01 00:00:00+00:00
[2026-06-01T19:16:57.219+0000] {processor.py:183} INFO - Processing /home/airflow/.local/lib/python3.12/site-packages/airflow/example_dags/example_task_group_decorator.py took 0.082 seconds
[2026-06-01T19:17:27.667+0000] {processor.py:161} INFO - Started process (PID=8334) to work on /home/airflow/.local/lib/python3.12/site-packages/airflow/example_dags/example_task_group_decorator.py
[2026-06-01T19:17:27.668+0000] {processor.py:830} INFO - Processing file /home/airflow/.local/lib/python3.12/site-packages/airflow/example_dags/example_task_group_decorator.py for tasks to queue
[2026-06-01T19:17:27.670+0000] {logging_mixin.py:188} INFO - [2026-06-01T19:17:27.669+0000] {dagbag.py:540} INFO - Filling up the DagBag from /home/airflow/.local/lib/python3.12/site-packages/airflow/example_dags/example_task_group_decorator.py
[2026-06-01T19:17:27.682+0000] {processor.py:840} INFO - DAG(s) 'example_task_group_decorator' retrieved from /home/airflow/.local/lib/python3.12/site-packages/airflow/example_dags/example_task_group_decorator.py
[2026-06-01T19:17:27.705+0000] {logging_mixin.py:188} INFO - [2026-06-01T19:17:27.705+0000] {dag.py:3096} INFO - Sync 1 DAGs
[2026-06-01T19:17:27.723+0000] {logging_mixin.py:188} INFO - [2026-06-01T19:17:27.723+0000] {dag.py:3954} INFO - Setting next_dagrun for example_task_group_decorator to 2026-05-31 00:00:00+00:00, run_after=2026-06-01 00:00:00+00:00
[2026-06-01T19:17:27.740+0000] {processor.py:183} INFO - Processing /home/airflow/.local/lib/python3.12/site-packages/airflow/example_dags/example_task_group_decorator.py took 0.078 seconds
[2026-06-01T19:17:58.266+0000] {processor.py:161} INFO - Started process (PID=8393) to work on /home/airflow/.local/lib/python3.12/site-packages/airflow/example_dags/example_task_group_decorator.py
[2026-06-01T19:17:58.267+0000] {processor.py:830} INFO - Processing file /home/airflow/.local/lib/python3.12/site-packages/airflow/example_dags/example_task_group_decorator.py for tasks to queue
[2026-06-01T19:17:58.269+0000] {logging_mixin.py:188} INFO - [2026-06-01T19:17:58.269+0000] {dagbag.py:540} INFO - Filling up the DagBag from /home/airflow/.local/lib/python3.12/site-packages/airflow/example_dags/example_task_group_decorator.py
[2026-06-01T19:17:58.284+0000] {processor.py:840} INFO - DAG(s) 'example_task_group_decorator' retrieved from /home/airflow/.local/lib/python3.12/site-packages/airflow/example_dags/example_task_group_decorator.py
[2026-06-01T19:17:58.307+0000] {logging_mixin.py:188} INFO - [2026-06-01T19:17:58.307+0000] {dag.py:3096} INFO - Sync 1 DAGs
[2026-06-01T19:17:58.328+0000] {logging_mixin.py:188} INFO - [2026-06-01T19:17:58.328+0000] {dag.py:3954} INFO - Setting next_dagrun for example_task_group_decorator to 2026-05-31 00:00:00+00:00, run_after=2026-06-01 00:00:00+00:00
[2026-06-01T19:17:58.345+0000] {processor.py:183} INFO - Processing /home/airflow/.local/lib/python3.12/site-packages/airflow/example_dags/example_task_group_decorator.py took 0.086 seconds
[2026-06-01T19:18:28.582+0000] {processor.py:161} INFO - Started process (PID=8452) to work on /home/airflow/.local/lib/python3.12/site-packages/airflow/example_dags/example_task_group_decorator.py
[2026-06-01T19:18:28.583+0000] {processor.py:830} INFO - Processing file /home/airflow/.local/lib/python3.12/site-packages/airflow/example_dags/example_task_group_decorator.py for tasks to queue
[2026-06-01T19:18:28.586+0000] {logging_mixin.py:188} INFO - [2026-06-01T19:18:28.585+0000] {dagbag.py:540} INFO - Filling up the DagBag from /home/airflow/.local/lib/python3.12/site-packages/airflow/example_dags/example_task_group_decorator.py
[2026-06-01T19:18:28.605+0000] {processor.py:840} INFO - DAG(s) 'example_task_group_decorator' retrieved from /home/airflow/.local/lib/python3.12/site-packages/airflow/example_dags/example_task_group_decorator.py
[2026-06-01T19:18:28.633+0000] {logging_mixin.py:188} INFO - [2026-06-01T19:18:28.633+0000] {dag.py:3096} INFO - Sync 1 DAGs
[2026-06-01T19:18:28.657+0000] {logging_mixin.py:188} INFO - [2026-06-01T19:18:28.657+0000] {dag.py:3954} INFO - Setting next_dagrun for example_task_group_decorator to 2026-05-31 00:00:00+00:00, run_after=2026-06-01 00:00:00+00:00
[2026-06-01T19:18:28.693+0000] {processor.py:183} INFO - Processing /home/airflow/.local/lib/python3.12/site-packages/airflow/example_dags/example_task_group_decorator.py took 0.119 seconds
[2026-06-01T19:18:58.791+0000] {processor.py:161} INFO - Started process (PID=8511) to work on /home/airflow/.local/lib/python3.12/site-packages/airflow/example_dags/example_task_group_decorator.py
[2026-06-01T19:18:58.792+0000] {processor.py:830} INFO - Processing file /home/airflow/.local/lib/python3.12/site-packages/airflow/example_dags/example_task_group_decorator.py for tasks to queue
[2026-06-01T19:18:58.794+0000] {logging_mixin.py:188} INFO - [2026-06-01T19:18:58.793+0000] {dagbag.py:540} INFO - Filling up the DagBag from /home/airflow/.local/lib/python3.12/site-packages/airflow/example_dags/example_task_group_decorator.py
[2026-06-01T19:18:58.806+0000] {processor.py:840} INFO - DAG(s) 'example_task_group_decorator' retrieved from /home/airflow/.local/lib/python3.12/site-packages/airflow/example_dags/example_task_group_decorator.py
[2026-06-01T19:18:58.828+0000] {logging_mixin.py:188} INFO - [2026-06-01T19:18:58.828+0000] {dag.py:3096} INFO - Sync 1 DAGs
[2026-06-01T19:18:58.848+0000] {logging_mixin.py:188} INFO - [2026-06-01T19:18:58.848+0000] {dag.py:3954} INFO - Setting next_dagrun for example_task_group_decorator to 2026-05-31 00:00:00+00:00, run_after=2026-06-01 00:00:00+00:00
[2026-06-01T19:18:58.869+0000] {processor.py:183} INFO - Processing /home/airflow/.local/lib/python3.12/site-packages/airflow/example_dags/example_task_group_decorator.py took 0.083 seconds
[2026-06-01T19:19:29.009+0000] {processor.py:161} INFO - Started process (PID=8570) to work on /home/airflow/.local/lib/python3.12/site-packages/airflow/example_dags/example_task_group_decorator.py
[2026-06-01T19:19:29.010+0000] {processor.py:830} INFO - Processing file /home/airflow/.local/lib/python3.12/site-packages/airflow/example_dags/example_task_group_decorator.py for tasks to queue
[2026-06-01T19:19:29.011+0000] {logging_mixin.py:188} INFO - [2026-06-01T19:19:29.011+0000] {dagbag.py:540} INFO - Filling up the DagBag from /home/airflow/.local/lib/python3.12/site-packages/airflow/example_dags/example_task_group_decorator.py
[2026-06-01T19:19:29.023+0000] {processor.py:840} INFO - DAG(s) 'example_task_group_decorator' retrieved from /home/airflow/.local/lib/python3.12/site-packages/airflow/example_dags/example_task_group_decorator.py
[2026-06-01T19:19:29.048+0000] {logging_mixin.py:188} INFO - [2026-06-01T19:19:29.048+0000] {dag.py:3096} INFO - Sync 1 DAGs
[2026-06-01T19:19:29.068+0000] {logging_mixin.py:188} INFO - [2026-06-01T19:19:29.067+0000] {dag.py:3954} INFO - Setting next_dagrun for example_task_group_decorator to 2026-05-31 00:00:00+00:00, run_after=2026-06-01 00:00:00+00:00
[2026-06-01T19:19:29.085+0000] {processor.py:183} INFO - Processing /home/airflow/.local/lib/python3.12/site-packages/airflow/example_dags/example_task_group_decorator.py took 0.082 seconds
[2026-06-01T19:19:59.127+0000] {processor.py:161} INFO - Started process (PID=8629) to work on /home/airflow/.local/lib/python3.12/site-packages/airflow/example_dags/example_task_group_decorator.py
[2026-06-01T19:19:59.128+0000] {processor.py:830} INFO - Processing file /home/airflow/.local/lib/python3.12/site-packages/airflow/example_dags/example_task_group_decorator.py for tasks to queue
[2026-06-01T19:19:59.130+0000] {logging_mixin.py:188} INFO - [2026-06-01T19:19:59.130+0000] {dagbag.py:540} INFO - Filling up the DagBag from /home/airflow/.local/lib/python3.12/site-packages/airflow/example_dags/example_task_group_decorator.py
[2026-06-01T19:19:59.141+0000] {processor.py:840} INFO - DAG(s) 'example_task_group_decorator' retrieved from /home/airflow/.local/lib/python3.12/site-packages/airflow/example_dags/example_task_group_decorator.py
[2026-06-01T19:19:59.164+0000] {logging_mixin.py:188} INFO - [2026-06-01T19:19:59.164+0000] {dag.py:3096} INFO - Sync 1 DAGs
[2026-06-01T19:19:59.183+0000] {logging_mixin.py:188} INFO - [2026-06-01T19:19:59.183+0000] {dag.py:3954} INFO - Setting next_dagrun for example_task_group_decorator to 2026-05-31 00:00:00+00:00, run_after=2026-06-01 00:00:00+00:00
[2026-06-01T19:19:59.202+0000] {processor.py:183} INFO - Processing /home/airflow/.local/lib/python3.12/site-packages/airflow/example_dags/example_task_group_decorator.py took 0.080 seconds
[2026-06-01T19:20:29.316+0000] {processor.py:161} INFO - Started process (PID=8688) to work on /home/airflow/.local/lib/python3.12/site-packages/airflow/example_dags/example_task_group_decorator.py
[2026-06-01T19:20:29.317+0000] {processor.py:830} INFO - Processing file /home/airflow/.local/lib/python3.12/site-packages/airflow/example_dags/example_task_group_decorator.py for tasks to queue
[2026-06-01T19:20:29.319+0000] {logging_mixin.py:188} INFO - [2026-06-01T19:20:29.319+0000] {dagbag.py:540} INFO - Filling up the DagBag from /home/airflow/.local/lib/python3.12/site-packages/airflow/example_dags/example_task_group_decorator.py
[2026-06-01T19:20:29.331+0000] {processor.py:840} INFO - DAG(s) 'example_task_group_decorator' retrieved from /home/airflow/.local/lib/python3.12/site-packages/airflow/example_dags/example_task_group_decorator.py
[2026-06-01T19:20:29.352+0000] {logging_mixin.py:188} INFO - [2026-06-01T19:20:29.352+0000] {dag.py:3096} INFO - Sync 1 DAGs
[2026-06-01T19:20:29.372+0000] {logging_mixin.py:188} INFO - [2026-06-01T19:20:29.372+0000] {dag.py:3954} INFO - Setting next_dagrun for example_task_group_decorator to 2026-05-31 00:00:00+00:00, run_after=2026-06-01 00:00:00+00:00
[2026-06-01T19:20:29.392+0000] {processor.py:183} INFO - Processing /home/airflow/.local/lib/python3.12/site-packages/airflow/example_dags/example_task_group_decorator.py took 0.082 seconds
[2026-06-01T19:20:59.501+0000] {processor.py:161} INFO - Started process (PID=8747) to work on /home/airflow/.local/lib/python3.12/site-packages/airflow/example_dags/example_task_group_decorator.py
[2026-06-01T19:20:59.502+0000] {processor.py:830} INFO - Processing file /home/airflow/.local/lib/python3.12/site-packages/airflow/example_dags/example_task_group_decorator.py for tasks to queue
[2026-06-01T19:20:59.504+0000] {logging_mixin.py:188} INFO - [2026-06-01T19:20:59.503+0000] {dagbag.py:540} INFO - Filling up the DagBag from /home/airflow/.local/lib/python3.12/site-packages/airflow/example_dags/example_task_group_decorator.py
[2026-06-01T19:20:59.516+0000] {processor.py:840} INFO - DAG(s) 'example_task_group_decorator' retrieved from /home/airflow/.local/lib/python3.12/site-packages/airflow/example_dags/example_task_group_decorator.py
[2026-06-01T19:20:59.539+0000] {logging_mixin.py:188} INFO - [2026-06-01T19:20:59.539+0000] {dag.py:3096} INFO - Sync 1 DAGs
[2026-06-01T19:20:59.559+0000] {logging_mixin.py:188} INFO - [2026-06-01T19:20:59.559+0000] {dag.py:3954} INFO - Setting next_dagrun for example_task_group_decorator to 2026-05-31 00:00:00+00:00, run_after=2026-06-01 00:00:00+00:00
[2026-06-01T19:20:59.580+0000] {processor.py:183} INFO - Processing /home/airflow/.local/lib/python3.12/site-packages/airflow/example_dags/example_task_group_decorator.py took 0.085 seconds
[2026-06-01T19:21:29.784+0000] {processor.py:161} INFO - Started process (PID=8806) to work on /home/airflow/.local/lib/python3.12/site-packages/airflow/example_dags/example_task_group_decorator.py
[2026-06-01T19:21:29.785+0000] {processor.py:830} INFO - Processing file /home/airflow/.local/lib/python3.12/site-packages/airflow/example_dags/example_task_group_decorator.py for tasks to queue
[2026-06-01T19:21:29.786+0000] {logging_mixin.py:188} INFO - [2026-06-01T19:21:29.786+0000] {dagbag.py:540} INFO - Filling up the DagBag from /home/airflow/.local/lib/python3.12/site-packages/airflow/example_dags/example_task_group_decorator.py
[2026-06-01T19:21:29.801+0000] {processor.py:840} INFO - DAG(s) 'example_task_group_decorator' retrieved from /home/airflow/.local/lib/python3.12/site-packages/airflow/example_dags/example_task_group_decorator.py
[2026-06-01T19:21:29.823+0000] {logging_mixin.py:188} INFO - [2026-06-01T19:21:29.823+0000] {dag.py:3096} INFO - Sync 1 DAGs
[2026-06-01T19:21:29.841+0000] {logging_mixin.py:188} INFO - [2026-06-01T19:21:29.841+0000] {dag.py:3954} INFO - Setting next_dagrun for example_task_group_decorator to 2026-05-31 00:00:00+00:00, run_after=2026-06-01 00:00:00+00:00
[2026-06-01T19:21:29.858+0000] {processor.py:183} INFO - Processing /home/airflow/.local/lib/python3.12/site-packages/airflow/example_dags/example_task_group_decorator.py took 0.079 seconds
[2026-06-01T19:22:00.159+0000] {processor.py:161} INFO - Started process (PID=8865) to work on /home/airflow/.local/lib/python3.12/site-packages/airflow/example_dags/example_task_group_decorator.py
[2026-06-01T19:22:00.160+0000] {processor.py:830} INFO - Processing file /home/airflow/.local/lib/python3.12/site-packages/airflow/example_dags/example_task_group_decorator.py for tasks to queue
[2026-06-01T19:22:00.162+0000] {logging_mixin.py:188} INFO - [2026-06-01T19:22:00.161+0000] {dagbag.py:540} INFO - Filling up the DagBag from /home/airflow/.local/lib/python3.12/site-packages/airflow/example_dags/example_task_group_decorator.py
[2026-06-01T19:22:00.176+0000] {processor.py:840} INFO - DAG(s) 'example_task_group_decorator' retrieved from /home/airflow/.local/lib/python3.12/site-packages/airflow/example_dags/example_task_group_decorator.py
[2026-06-01T19:22:00.199+0000] {logging_mixin.py:188} INFO - [2026-06-01T19:22:00.199+0000] {dag.py:3096} INFO - Sync 1 DAGs
[2026-06-01T19:22:00.218+0000] {logging_mixin.py:188} INFO - [2026-06-01T19:22:00.218+0000] {dag.py:3954} INFO - Setting next_dagrun for example_task_group_decorator to 2026-05-31 00:00:00+00:00, run_after=2026-06-01 00:00:00+00:00
[2026-06-01T19:22:00.238+0000] {processor.py:183} INFO - Processing /home/airflow/.local/lib/python3.12/site-packages/airflow/example_dags/example_task_group_decorator.py took 0.084 seconds
[2026-06-01T19:22:30.393+0000] {processor.py:161} INFO - Started process (PID=8924) to work on /home/airflow/.local/lib/python3.12/site-packages/airflow/example_dags/example_task_group_decorator.py
[2026-06-01T19:22:30.395+0000] {processor.py:830} INFO - Processing file /home/airflow/.local/lib/python3.12/site-packages/airflow/example_dags/example_task_group_decorator.py for tasks to queue
[2026-06-01T19:22:30.396+0000] {logging_mixin.py:188} INFO - [2026-06-01T19:22:30.396+0000] {dagbag.py:540} INFO - Filling up the DagBag from /home/airflow/.local/lib/python3.12/site-packages/airflow/example_dags/example_task_group_decorator.py
[2026-06-01T19:22:30.410+0000] {processor.py:840} INFO - DAG(s) 'example_task_group_decorator' retrieved from /home/airflow/.local/lib/python3.12/site-packages/airflow/example_dags/example_task_group_decorator.py
[2026-06-01T19:22:30.437+0000] {logging_mixin.py:188} INFO - [2026-06-01T19:22:30.436+0000] {dag.py:3096} INFO - Sync 1 DAGs
[2026-06-01T19:22:30.460+0000] {logging_mixin.py:188} INFO - [2026-06-01T19:22:30.459+0000] {dag.py:3954} INFO - Setting next_dagrun for example_task_group_decorator to 2026-05-31 00:00:00+00:00, run_after=2026-06-01 00:00:00+00:00
[2026-06-01T19:22:30.482+0000] {processor.py:183} INFO - Processing /home/airflow/.local/lib/python3.12/site-packages/airflow/example_dags/example_task_group_decorator.py took 0.094 seconds
[2026-06-01T19:23:01.166+0000] {processor.py:161} INFO - Started process (PID=8981) to work on /home/airflow/.local/lib/python3.12/site-packages/airflow/example_dags/example_task_group_decorator.py
[2026-06-01T19:23:01.167+0000] {processor.py:830} INFO - Processing file /home/airflow/.local/lib/python3.12/site-packages/airflow/example_dags/example_task_group_decorator.py for tasks to queue
[2026-06-01T19:23:01.170+0000] {logging_mixin.py:188} INFO - [2026-06-01T19:23:01.169+0000] {dagbag.py:540} INFO - Filling up the DagBag from /home/airflow/.local/lib/python3.12/site-packages/airflow/example_dags/example_task_group_decorator.py
[2026-06-01T19:23:01.183+0000] {processor.py:840} INFO - DAG(s) 'example_task_group_decorator' retrieved from /home/airflow/.local/lib/python3.12/site-packages/airflow/example_dags/example_task_group_decorator.py
[2026-06-01T19:23:01.209+0000] {logging_mixin.py:188} INFO - [2026-06-01T19:23:01.209+0000] {dag.py:3096} INFO - Sync 1 DAGs
[2026-06-01T19:23:01.228+0000] {logging_mixin.py:188} INFO - [2026-06-01T19:23:01.228+0000] {dag.py:3954} INFO - Setting next_dagrun for example_task_group_decorator to 2026-05-31 00:00:00+00:00, run_after=2026-06-01 00:00:00+00:00
[2026-06-01T19:23:01.247+0000] {processor.py:183} INFO - Processing /home/airflow/.local/lib/python3.12/site-packages/airflow/example_dags/example_task_group_decorator.py took 0.086 seconds
[2026-06-01T19:23:31.415+0000] {processor.py:161} INFO - Started process (PID=9040) to work on /home/airflow/.local/lib/python3.12/site-packages/airflow/example_dags/example_task_group_decorator.py
[2026-06-01T19:23:31.416+0000] {processor.py:830} INFO - Processing file /home/airflow/.local/lib/python3.12/site-packages/airflow/example_dags/example_task_group_decorator.py for tasks to queue
[2026-06-01T19:23:31.418+0000] {logging_mixin.py:188} INFO - [2026-06-01T19:23:31.418+0000] {dagbag.py:540} INFO - Filling up the DagBag from /home/airflow/.local/lib/python3.12/site-packages/airflow/example_dags/example_task_group_decorator.py
[2026-06-01T19:23:31.430+0000] {processor.py:840} INFO - DAG(s) 'example_task_group_decorator' retrieved from /home/airflow/.local/lib/python3.12/site-packages/airflow/example_dags/example_task_group_decorator.py
[2026-06-01T19:23:31.450+0000] {logging_mixin.py:188} INFO - [2026-06-01T19:23:31.450+0000] {dag.py:3096} INFO - Sync 1 DAGs
[2026-06-01T19:23:31.468+0000] {logging_mixin.py:188} INFO - [2026-06-01T19:23:31.468+0000] {dag.py:3954} INFO - Setting next_dagrun for example_task_group_decorator to 2026-05-31 00:00:00+00:00, run_after=2026-06-01 00:00:00+00:00
[2026-06-01T19:23:31.487+0000] {processor.py:183} INFO - Processing /home/airflow/.local/lib/python3.12/site-packages/airflow/example_dags/example_task_group_decorator.py took 0.076 seconds
[2026-06-01T19:24:01.625+0000] {processor.py:161} INFO - Started process (PID=9099) to work on /home/airflow/.local/lib/python3.12/site-packages/airflow/example_dags/example_task_group_decorator.py
[2026-06-01T19:24:01.626+0000] {processor.py:830} INFO - Processing file /home/airflow/.local/lib/python3.12/site-packages/airflow/example_dags/example_task_group_decorator.py for tasks to queue
[2026-06-01T19:24:01.627+0000] {logging_mixin.py:188} INFO - [2026-06-01T19:24:01.627+0000] {dagbag.py:540} INFO - Filling up the DagBag from /home/airflow/.local/lib/python3.12/site-packages/airflow/example_dags/example_task_group_decorator.py
[2026-06-01T19:24:01.641+0000] {processor.py:840} INFO - DAG(s) 'example_task_group_decorator' retrieved from /home/airflow/.local/lib/python3.12/site-packages/airflow/example_dags/example_task_group_decorator.py
[2026-06-01T19:24:01.663+0000] {logging_mixin.py:188} INFO - [2026-06-01T19:24:01.663+0000] {dag.py:3096} INFO - Sync 1 DAGs
[2026-06-01T19:24:01.684+0000] {logging_mixin.py:188} INFO - [2026-06-01T19:24:01.683+0000] {dag.py:3954} INFO - Setting next_dagrun for example_task_group_decorator to 2026-05-31 00:00:00+00:00, run_after=2026-06-01 00:00:00+00:00
[2026-06-01T19:24:01.702+0000] {processor.py:183} INFO - Processing /home/airflow/.local/lib/python3.12/site-packages/airflow/example_dags/example_task_group_decorator.py took 0.083 seconds
[2026-06-01T19:24:31.777+0000] {processor.py:161} INFO - Started process (PID=9158) to work on /home/airflow/.local/lib/python3.12/site-packages/airflow/example_dags/example_task_group_decorator.py
[2026-06-01T19:24:31.778+0000] {processor.py:830} INFO - Processing file /home/airflow/.local/lib/python3.12/site-packages/airflow/example_dags/example_task_group_decorator.py for tasks to queue
[2026-06-01T19:24:31.780+0000] {logging_mixin.py:188} INFO - [2026-06-01T19:24:31.780+0000] {dagbag.py:540} INFO - Filling up the DagBag from /home/airflow/.local/lib/python3.12/site-packages/airflow/example_dags/example_task_group_decorator.py
[2026-06-01T19:24:31.793+0000] {processor.py:840} INFO - DAG(s) 'example_task_group_decorator' retrieved from /home/airflow/.local/lib/python3.12/site-packages/airflow/example_dags/example_task_group_decorator.py
[2026-06-01T19:24:31.814+0000] {logging_mixin.py:188} INFO - [2026-06-01T19:24:31.814+0000] {dag.py:3096} INFO - Sync 1 DAGs
[2026-06-01T19:24:31.832+0000] {logging_mixin.py:188} INFO - [2026-06-01T19:24:31.831+0000] {dag.py:3954} INFO - Setting next_dagrun for example_task_group_decorator to 2026-05-31 00:00:00+00:00, run_after=2026-06-01 00:00:00+00:00
[2026-06-01T19:24:31.849+0000] {processor.py:183} INFO - Processing /home/airflow/.local/lib/python3.12/site-packages/airflow/example_dags/example_task_group_decorator.py took 0.077 seconds
[2026-06-01T19:25:02.068+0000] {processor.py:161} INFO - Started process (PID=9217) to work on /home/airflow/.local/lib/python3.12/site-packages/airflow/example_dags/example_task_group_decorator.py
[2026-06-01T19:25:02.069+0000] {processor.py:830} INFO - Processing file /home/airflow/.local/lib/python3.12/site-packages/airflow/example_dags/example_task_group_decorator.py for tasks to queue
[2026-06-01T19:25:02.071+0000] {logging_mixin.py:188} INFO - [2026-06-01T19:25:02.071+0000] {dagbag.py:540} INFO - Filling up the DagBag from /home/airflow/.local/lib/python3.12/site-packages/airflow/example_dags/example_task_group_decorator.py
[2026-06-01T19:25:02.085+0000] {processor.py:840} INFO - DAG(s) 'example_task_group_decorator' retrieved from /home/airflow/.local/lib/python3.12/site-packages/airflow/example_dags/example_task_group_decorator.py
[2026-06-01T19:25:02.107+0000] {logging_mixin.py:188} INFO - [2026-06-01T19:25:02.107+0000] {dag.py:3096} INFO - Sync 1 DAGs
[2026-06-01T19:25:02.130+0000] {logging_mixin.py:188} INFO - [2026-06-01T19:25:02.130+0000] {dag.py:3954} INFO - Setting next_dagrun for example_task_group_decorator to 2026-05-31 00:00:00+00:00, run_after=2026-06-01 00:00:00+00:00
[2026-06-01T19:25:02.150+0000] {processor.py:183} INFO - Processing /home/airflow/.local/lib/python3.12/site-packages/airflow/example_dags/example_task_group_decorator.py took 0.087 seconds
[2026-06-01T19:25:32.471+0000] {processor.py:161} INFO - Started process (PID=9276) to work on /home/airflow/.local/lib/python3.12/site-packages/airflow/example_dags/example_task_group_decorator.py
[2026-06-01T19:25:32.472+0000] {processor.py:830} INFO - Processing file /home/airflow/.local/lib/python3.12/site-packages/airflow/example_dags/example_task_group_decorator.py for tasks to queue
[2026-06-01T19:25:32.474+0000] {logging_mixin.py:188} INFO - [2026-06-01T19:25:32.474+0000] {dagbag.py:540} INFO - Filling up the DagBag from /home/airflow/.local/lib/python3.12/site-packages/airflow/example_dags/example_task_group_decorator.py
[2026-06-01T19:25:32.486+0000] {processor.py:840} INFO - DAG(s) 'example_task_group_decorator' retrieved from /home/airflow/.local/lib/python3.12/site-packages/airflow/example_dags/example_task_group_decorator.py
[2026-06-01T19:25:32.512+0000] {logging_mixin.py:188} INFO - [2026-06-01T19:25:32.512+0000] {dag.py:3096} INFO - Sync 1 DAGs
[2026-06-01T19:25:32.533+0000] {logging_mixin.py:188} INFO - [2026-06-01T19:25:32.532+0000] {dag.py:3954} INFO - Setting next_dagrun for example_task_group_decorator to 2026-05-31 00:00:00+00:00, run_after=2026-06-01 00:00:00+00:00
[2026-06-01T19:25:32.550+0000] {processor.py:183} INFO - Processing /home/airflow/.local/lib/python3.12/site-packages/airflow/example_dags/example_task_group_decorator.py took 0.084 seconds
[2026-06-01T19:26:02.727+0000] {processor.py:161} INFO - Started process (PID=9335) to work on /home/airflow/.local/lib/python3.12/site-packages/airflow/example_dags/example_task_group_decorator.py
[2026-06-01T19:26:02.728+0000] {processor.py:830} INFO - Processing file /home/airflow/.local/lib/python3.12/site-packages/airflow/example_dags/example_task_group_decorator.py for tasks to queue
[2026-06-01T19:26:02.730+0000] {logging_mixin.py:188} INFO - [2026-06-01T19:26:02.730+0000] {dagbag.py:540} INFO - Filling up the DagBag from /home/airflow/.local/lib/python3.12/site-packages/airflow/example_dags/example_task_group_decorator.py
[2026-06-01T19:26:02.745+0000] {processor.py:840} INFO - DAG(s) 'example_task_group_decorator' retrieved from /home/airflow/.local/lib/python3.12/site-packages/airflow/example_dags/example_task_group_decorator.py
[2026-06-01T19:26:02.767+0000] {logging_mixin.py:188} INFO - [2026-06-01T19:26:02.766+0000] {dag.py:3096} INFO - Sync 1 DAGs
[2026-06-01T19:26:02.784+0000] {logging_mixin.py:188} INFO - [2026-06-01T19:26:02.784+0000] {dag.py:3954} INFO - Setting next_dagrun for example_task_group_decorator to 2026-05-31 00:00:00+00:00, run_after=2026-06-01 00:00:00+00:00
[2026-06-01T19:26:02.803+0000] {processor.py:183} INFO - Processing /home/airflow/.local/lib/python3.12/site-packages/airflow/example_dags/example_task_group_decorator.py took 0.081 seconds
[2026-06-01T19:26:33.076+0000] {processor.py:161} INFO - Started process (PID=9394) to work on /home/airflow/.local/lib/python3.12/site-packages/airflow/example_dags/example_task_group_decorator.py
[2026-06-01T19:26:33.077+0000] {processor.py:830} INFO - Processing file /home/airflow/.local/lib/python3.12/site-packages/airflow/example_dags/example_task_group_decorator.py for tasks to queue
[2026-06-01T19:26:33.078+0000] {logging_mixin.py:188} INFO - [2026-06-01T19:26:33.078+0000] {dagbag.py:540} INFO - Filling up the DagBag from /home/airflow/.local/lib/python3.12/site-packages/airflow/example_dags/example_task_group_decorator.py
[2026-06-01T19:26:33.091+0000] {processor.py:840} INFO - DAG(s) 'example_task_group_decorator' retrieved from /home/airflow/.local/lib/python3.12/site-packages/airflow/example_dags/example_task_group_decorator.py
[2026-06-01T19:26:33.112+0000] {logging_mixin.py:188} INFO - [2026-06-01T19:26:33.111+0000] {dag.py:3096} INFO - Sync 1 DAGs
[2026-06-01T19:26:33.130+0000] {logging_mixin.py:188} INFO - [2026-06-01T19:26:33.130+0000] {dag.py:3954} INFO - Setting next_dagrun for example_task_group_decorator to 2026-05-31 00:00:00+00:00, run_after=2026-06-01 00:00:00+00:00
[2026-06-01T19:26:33.145+0000] {processor.py:183} INFO - Processing /home/airflow/.local/lib/python3.12/site-packages/airflow/example_dags/example_task_group_decorator.py took 0.074 seconds
[2026-06-01T19:27:03.864+0000] {processor.py:161} INFO - Started process (PID=9453) to work on /home/airflow/.local/lib/python3.12/site-packages/airflow/example_dags/example_task_group_decorator.py
[2026-06-01T19:27:03.865+0000] {processor.py:830} INFO - Processing file /home/airflow/.local/lib/python3.12/site-packages/airflow/example_dags/example_task_group_decorator.py for tasks to queue
[2026-06-01T19:27:03.866+0000] {logging_mixin.py:188} INFO - [2026-06-01T19:27:03.866+0000] {dagbag.py:540} INFO - Filling up the DagBag from /home/airflow/.local/lib/python3.12/site-packages/airflow/example_dags/example_task_group_decorator.py
[2026-06-01T19:27:03.878+0000] {processor.py:840} INFO - DAG(s) 'example_task_group_decorator' retrieved from /home/airflow/.local/lib/python3.12/site-packages/airflow/example_dags/example_task_group_decorator.py
[2026-06-01T19:27:03.898+0000] {logging_mixin.py:188} INFO - [2026-06-01T19:27:03.898+0000] {dag.py:3096} INFO - Sync 1 DAGs
[2026-06-01T19:27:03.916+0000] {logging_mixin.py:188} INFO - [2026-06-01T19:27:03.915+0000] {dag.py:3954} INFO - Setting next_dagrun for example_task_group_decorator to 2026-05-31 00:00:00+00:00, run_after=2026-06-01 00:00:00+00:00
[2026-06-01T19:27:03.933+0000] {processor.py:183} INFO - Processing /home/airflow/.local/lib/python3.12/site-packages/airflow/example_dags/example_task_group_decorator.py took 0.074 seconds
[2026-06-01T19:27:34.074+0000] {processor.py:161} INFO - Started process (PID=9512) to work on /home/airflow/.local/lib/python3.12/site-packages/airflow/example_dags/example_task_group_decorator.py
[2026-06-01T19:27:34.075+0000] {processor.py:830} INFO - Processing file /home/airflow/.local/lib/python3.12/site-packages/airflow/example_dags/example_task_group_decorator.py for tasks to queue
[2026-06-01T19:27:34.077+0000] {logging_mixin.py:188} INFO - [2026-06-01T19:27:34.076+0000] {dagbag.py:540} INFO - Filling up the DagBag from /home/airflow/.local/lib/python3.12/site-packages/airflow/example_dags/example_task_group_decorator.py
[2026-06-01T19:27:34.091+0000] {processor.py:840} INFO - DAG(s) 'example_task_group_decorator' retrieved from /home/airflow/.local/lib/python3.12/site-packages/airflow/example_dags/example_task_group_decorator.py
[2026-06-01T19:27:34.112+0000] {logging_mixin.py:188} INFO - [2026-06-01T19:27:34.112+0000] {dag.py:3096} INFO - Sync 1 DAGs
[2026-06-01T19:27:34.130+0000] {logging_mixin.py:188} INFO - [2026-06-01T19:27:34.130+0000] {dag.py:3954} INFO - Setting next_dagrun for example_task_group_decorator to 2026-05-31 00:00:00+00:00, run_after=2026-06-01 00:00:00+00:00
[2026-06-01T19:27:34.146+0000] {processor.py:183} INFO - Processing /home/airflow/.local/lib/python3.12/site-packages/airflow/example_dags/example_task_group_decorator.py took 0.077 seconds
[2026-06-01T19:28:04.833+0000] {processor.py:161} INFO - Started process (PID=9571) to work on /home/airflow/.local/lib/python3.12/site-packages/airflow/example_dags/example_task_group_decorator.py
[2026-06-01T19:28:04.834+0000] {processor.py:830} INFO - Processing file /home/airflow/.local/lib/python3.12/site-packages/airflow/example_dags/example_task_group_decorator.py for tasks to queue
[2026-06-01T19:28:04.836+0000] {logging_mixin.py:188} INFO - [2026-06-01T19:28:04.836+0000] {dagbag.py:540} INFO - Filling up the DagBag from /home/airflow/.local/lib/python3.12/site-packages/airflow/example_dags/example_task_group_decorator.py
[2026-06-01T19:28:04.848+0000] {processor.py:840} INFO - DAG(s) 'example_task_group_decorator' retrieved from /home/airflow/.local/lib/python3.12/site-packages/airflow/example_dags/example_task_group_decorator.py
[2026-06-01T19:28:04.871+0000] {logging_mixin.py:188} INFO - [2026-06-01T19:28:04.870+0000] {dag.py:3096} INFO - Sync 1 DAGs
[2026-06-01T19:28:04.891+0000] {logging_mixin.py:188} INFO - [2026-06-01T19:28:04.891+0000] {dag.py:3954} INFO - Setting next_dagrun for example_task_group_decorator to 2026-05-31 00:00:00+00:00, run_after=2026-06-01 00:00:00+00:00
[2026-06-01T19:28:04.907+0000] {processor.py:183} INFO - Processing /home/airflow/.local/lib/python3.12/site-packages/airflow/example_dags/example_task_group_decorator.py took 0.079 seconds
[2026-06-01T19:28:35.428+0000] {processor.py:161} INFO - Started process (PID=9630) to work on /home/airflow/.local/lib/python3.12/site-packages/airflow/example_dags/example_task_group_decorator.py
[2026-06-01T19:28:35.429+0000] {processor.py:830} INFO - Processing file /home/airflow/.local/lib/python3.12/site-packages/airflow/example_dags/example_task_group_decorator.py for tasks to queue
[2026-06-01T19:28:35.431+0000] {logging_mixin.py:188} INFO - [2026-06-01T19:28:35.430+0000] {dagbag.py:540} INFO - Filling up the DagBag from /home/airflow/.local/lib/python3.12/site-packages/airflow/example_dags/example_task_group_decorator.py
[2026-06-01T19:28:35.446+0000] {processor.py:840} INFO - DAG(s) 'example_task_group_decorator' retrieved from /home/airflow/.local/lib/python3.12/site-packages/airflow/example_dags/example_task_group_decorator.py
[2026-06-01T19:28:35.466+0000] {logging_mixin.py:188} INFO - [2026-06-01T19:28:35.466+0000] {dag.py:3096} INFO - Sync 1 DAGs
[2026-06-01T19:28:35.619+0000] {logging_mixin.py:188} INFO - [2026-06-01T19:28:35.619+0000] {dag.py:3954} INFO - Setting next_dagrun for example_task_group_decorator to 2026-05-31 00:00:00+00:00, run_after=2026-06-01 00:00:00+00:00
[2026-06-01T19:28:35.634+0000] {processor.py:183} INFO - Processing /home/airflow/.local/lib/python3.12/site-packages/airflow/example_dags/example_task_group_decorator.py took 0.211 seconds
[2026-06-01T19:29:06.590+0000] {processor.py:161} INFO - Started process (PID=9689) to work on /home/airflow/.local/lib/python3.12/site-packages/airflow/example_dags/example_task_group_decorator.py
[2026-06-01T19:29:06.591+0000] {processor.py:830} INFO - Processing file /home/airflow/.local/lib/python3.12/site-packages/airflow/example_dags/example_task_group_decorator.py for tasks to queue
[2026-06-01T19:29:06.593+0000] {logging_mixin.py:188} INFO - [2026-06-01T19:29:06.592+0000] {dagbag.py:540} INFO - Filling up the DagBag from /home/airflow/.local/lib/python3.12/site-packages/airflow/example_dags/example_task_group_decorator.py
[2026-06-01T19:29:06.605+0000] {processor.py:840} INFO - DAG(s) 'example_task_group_decorator' retrieved from /home/airflow/.local/lib/python3.12/site-packages/airflow/example_dags/example_task_group_decorator.py
[2026-06-01T19:29:06.629+0000] {logging_mixin.py:188} INFO - [2026-06-01T19:29:06.629+0000] {dag.py:3096} INFO - Sync 1 DAGs
[2026-06-01T19:29:06.792+0000] {logging_mixin.py:188} INFO - [2026-06-01T19:29:06.792+0000] {dag.py:3954} INFO - Setting next_dagrun for example_task_group_decorator to 2026-05-31 00:00:00+00:00, run_after=2026-06-01 00:00:00+00:00
[2026-06-01T19:29:06.808+0000] {processor.py:183} INFO - Processing /home/airflow/.local/lib/python3.12/site-packages/airflow/example_dags/example_task_group_decorator.py took 0.223 seconds
[2026-06-01T19:29:37.062+0000] {processor.py:161} INFO - Started process (PID=9748) to work on /home/airflow/.local/lib/python3.12/site-packages/airflow/example_dags/example_task_group_decorator.py
[2026-06-01T19:29:37.062+0000] {processor.py:830} INFO - Processing file /home/airflow/.local/lib/python3.12/site-packages/airflow/example_dags/example_task_group_decorator.py for tasks to queue
[2026-06-01T19:29:37.064+0000] {logging_mixin.py:188} INFO - [2026-06-01T19:29:37.064+0000] {dagbag.py:540} INFO - Filling up the DagBag from /home/airflow/.local/lib/python3.12/site-packages/airflow/example_dags/example_task_group_decorator.py
[2026-06-01T19:29:37.076+0000] {processor.py:840} INFO - DAG(s) 'example_task_group_decorator' retrieved from /home/airflow/.local/lib/python3.12/site-packages/airflow/example_dags/example_task_group_decorator.py
[2026-06-01T19:29:37.096+0000] {logging_mixin.py:188} INFO - [2026-06-01T19:29:37.096+0000] {dag.py:3096} INFO - Sync 1 DAGs
[2026-06-01T19:29:37.116+0000] {logging_mixin.py:188} INFO - [2026-06-01T19:29:37.116+0000] {dag.py:3954} INFO - Setting next_dagrun for example_task_group_decorator to 2026-05-31 00:00:00+00:00, run_after=2026-06-01 00:00:00+00:00
[2026-06-01T19:29:37.271+0000] {processor.py:183} INFO - Processing /home/airflow/.local/lib/python3.12/site-packages/airflow/example_dags/example_task_group_decorator.py took 0.215 seconds
[2026-06-01T19:30:07.894+0000] {processor.py:161} INFO - Started process (PID=9807) to work on /home/airflow/.local/lib/python3.12/site-packages/airflow/example_dags/example_task_group_decorator.py
[2026-06-01T19:30:07.895+0000] {processor.py:830} INFO - Processing file /home/airflow/.local/lib/python3.12/site-packages/airflow/example_dags/example_task_group_decorator.py for tasks to queue
[2026-06-01T19:30:07.897+0000] {logging_mixin.py:188} INFO - [2026-06-01T19:30:07.897+0000] {dagbag.py:540} INFO - Filling up the DagBag from /home/airflow/.local/lib/python3.12/site-packages/airflow/example_dags/example_task_group_decorator.py
[2026-06-01T19:30:07.908+0000] {processor.py:840} INFO - DAG(s) 'example_task_group_decorator' retrieved from /home/airflow/.local/lib/python3.12/site-packages/airflow/example_dags/example_task_group_decorator.py
[2026-06-01T19:30:07.929+0000] {logging_mixin.py:188} INFO - [2026-06-01T19:30:07.928+0000] {dag.py:3096} INFO - Sync 1 DAGs
[2026-06-01T19:30:07.946+0000] {logging_mixin.py:188} INFO - [2026-06-01T19:30:07.946+0000] {dag.py:3954} INFO - Setting next_dagrun for example_task_group_decorator to 2026-05-31 00:00:00+00:00, run_after=2026-06-01 00:00:00+00:00
[2026-06-01T19:30:07.965+0000] {processor.py:183} INFO - Processing /home/airflow/.local/lib/python3.12/site-packages/airflow/example_dags/example_task_group_decorator.py took 0.077 seconds
[2026-06-01T19:30:38.349+0000] {processor.py:161} INFO - Started process (PID=9866) to work on /home/airflow/.local/lib/python3.12/site-packages/airflow/example_dags/example_task_group_decorator.py
[2026-06-01T19:30:38.350+0000] {processor.py:830} INFO - Processing file /home/airflow/.local/lib/python3.12/site-packages/airflow/example_dags/example_task_group_decorator.py for tasks to queue
[2026-06-01T19:30:38.352+0000] {logging_mixin.py:188} INFO - [2026-06-01T19:30:38.352+0000] {dagbag.py:540} INFO - Filling up the DagBag from /home/airflow/.local/lib/python3.12/site-packages/airflow/example_dags/example_task_group_decorator.py
[2026-06-01T19:30:38.366+0000] {processor.py:840} INFO - DAG(s) 'example_task_group_decorator' retrieved from /home/airflow/.local/lib/python3.12/site-packages/airflow/example_dags/example_task_group_decorator.py
[2026-06-01T19:30:38.387+0000] {logging_mixin.py:188} INFO - [2026-06-01T19:30:38.387+0000] {dag.py:3096} INFO - Sync 1 DAGs
[2026-06-01T19:30:38.405+0000] {logging_mixin.py:188} INFO - [2026-06-01T19:30:38.405+0000] {dag.py:3954} INFO - Setting next_dagrun for example_task_group_decorator to 2026-05-31 00:00:00+00:00, run_after=2026-06-01 00:00:00+00:00
[2026-06-01T19:30:38.425+0000] {processor.py:183} INFO - Processing /home/airflow/.local/lib/python3.12/site-packages/airflow/example_dags/example_task_group_decorator.py took 0.080 seconds
[2026-06-01T19:31:08.729+0000] {processor.py:161} INFO - Started process (PID=9925) to work on /home/airflow/.local/lib/python3.12/site-packages/airflow/example_dags/example_task_group_decorator.py
[2026-06-01T19:31:08.730+0000] {processor.py:830} INFO - Processing file /home/airflow/.local/lib/python3.12/site-packages/airflow/example_dags/example_task_group_decorator.py for tasks to queue
[2026-06-01T19:31:08.732+0000] {logging_mixin.py:188} INFO - [2026-06-01T19:31:08.732+0000] {dagbag.py:540} INFO - Filling up the DagBag from /home/airflow/.local/lib/python3.12/site-packages/airflow/example_dags/example_task_group_decorator.py
[2026-06-01T19:31:08.745+0000] {processor.py:840} INFO - DAG(s) 'example_task_group_decorator' retrieved from /home/airflow/.local/lib/python3.12/site-packages/airflow/example_dags/example_task_group_decorator.py
[2026-06-01T19:31:08.769+0000] {logging_mixin.py:188} INFO - [2026-06-01T19:31:08.768+0000] {dag.py:3096} INFO - Sync 1 DAGs
[2026-06-01T19:31:08.788+0000] {logging_mixin.py:188} INFO - [2026-06-01T19:31:08.788+0000] {dag.py:3954} INFO - Setting next_dagrun for example_task_group_decorator to 2026-05-31 00:00:00+00:00, run_after=2026-06-01 00:00:00+00:00
[2026-06-01T19:31:08.804+0000] {processor.py:183} INFO - Processing /home/airflow/.local/lib/python3.12/site-packages/airflow/example_dags/example_task_group_decorator.py took 0.082 seconds
[2026-06-01T19:31:38.984+0000] {processor.py:161} INFO - Started process (PID=9984) to work on /home/airflow/.local/lib/python3.12/site-packages/airflow/example_dags/example_task_group_decorator.py
[2026-06-01T19:31:38.985+0000] {processor.py:830} INFO - Processing file /home/airflow/.local/lib/python3.12/site-packages/airflow/example_dags/example_task_group_decorator.py for tasks to queue
[2026-06-01T19:31:38.987+0000] {logging_mixin.py:188} INFO - [2026-06-01T19:31:38.987+0000] {dagbag.py:540} INFO - Filling up the DagBag from /home/airflow/.local/lib/python3.12/site-packages/airflow/example_dags/example_task_group_decorator.py
[2026-06-01T19:31:38.999+0000] {processor.py:840} INFO - DAG(s) 'example_task_group_decorator' retrieved from /home/airflow/.local/lib/python3.12/site-packages/airflow/example_dags/example_task_group_decorator.py
[2026-06-01T19:31:39.018+0000] {logging_mixin.py:188} INFO - [2026-06-01T19:31:39.018+0000] {dag.py:3096} INFO - Sync 1 DAGs
[2026-06-01T19:31:39.038+0000] {logging_mixin.py:188} INFO - [2026-06-01T19:31:39.038+0000] {dag.py:3954} INFO - Setting next_dagrun for example_task_group_decorator to 2026-05-31 00:00:00+00:00, run_after=2026-06-01 00:00:00+00:00
[2026-06-01T19:31:39.055+0000] {processor.py:183} INFO - Processing /home/airflow/.local/lib/python3.12/site-packages/airflow/example_dags/example_task_group_decorator.py took 0.075 seconds
[2026-06-01T19:32:09.215+0000] {processor.py:161} INFO - Started process (PID=10043) to work on /home/airflow/.local/lib/python3.12/site-packages/airflow/example_dags/example_task_group_decorator.py
[2026-06-01T19:32:09.216+0000] {processor.py:830} INFO - Processing file /home/airflow/.local/lib/python3.12/site-packages/airflow/example_dags/example_task_group_decorator.py for tasks to queue
[2026-06-01T19:32:09.219+0000] {logging_mixin.py:188} INFO - [2026-06-01T19:32:09.218+0000] {dagbag.py:540} INFO - Filling up the DagBag from /home/airflow/.local/lib/python3.12/site-packages/airflow/example_dags/example_task_group_decorator.py
[2026-06-01T19:32:09.235+0000] {processor.py:840} INFO - DAG(s) 'example_task_group_decorator' retrieved from /home/airflow/.local/lib/python3.12/site-packages/airflow/example_dags/example_task_group_decorator.py
[2026-06-01T19:32:09.256+0000] {logging_mixin.py:188} INFO - [2026-06-01T19:32:09.256+0000] {dag.py:3096} INFO - Sync 1 DAGs
[2026-06-01T19:32:09.277+0000] {logging_mixin.py:188} INFO - [2026-06-01T19:32:09.277+0000] {dag.py:3954} INFO - Setting next_dagrun for example_task_group_decorator to 2026-05-31 00:00:00+00:00, run_after=2026-06-01 00:00:00+00:00
[2026-06-01T19:32:09.293+0000] {processor.py:183} INFO - Processing /home/airflow/.local/lib/python3.12/site-packages/airflow/example_dags/example_task_group_decorator.py took 0.084 seconds
[2026-06-01T19:32:39.877+0000] {processor.py:161} INFO - Started process (PID=10102) to work on /home/airflow/.local/lib/python3.12/site-packages/airflow/example_dags/example_task_group_decorator.py
[2026-06-01T19:32:39.878+0000] {processor.py:830} INFO - Processing file /home/airflow/.local/lib/python3.12/site-packages/airflow/example_dags/example_task_group_decorator.py for tasks to queue
[2026-06-01T19:32:39.880+0000] {logging_mixin.py:188} INFO - [2026-06-01T19:32:39.880+0000] {dagbag.py:540} INFO - Filling up the DagBag from /home/airflow/.local/lib/python3.12/site-packages/airflow/example_dags/example_task_group_decorator.py
[2026-06-01T19:32:39.893+0000] {processor.py:840} INFO - DAG(s) 'example_task_group_decorator' retrieved from /home/airflow/.local/lib/python3.12/site-packages/airflow/example_dags/example_task_group_decorator.py
[2026-06-01T19:32:39.917+0000] {logging_mixin.py:188} INFO - [2026-06-01T19:32:39.916+0000] {dag.py:3096} INFO - Sync 1 DAGs
[2026-06-01T19:32:39.936+0000] {logging_mixin.py:188} INFO - [2026-06-01T19:32:39.936+0000] {dag.py:3954} INFO - Setting next_dagrun for example_task_group_decorator to 2026-05-31 00:00:00+00:00, run_after=2026-06-01 00:00:00+00:00
[2026-06-01T19:32:39.953+0000] {processor.py:183} INFO - Processing /home/airflow/.local/lib/python3.12/site-packages/airflow/example_dags/example_task_group_decorator.py took 0.081 seconds
[2026-06-01T19:33:10.500+0000] {processor.py:161} INFO - Started process (PID=10161) to work on /home/airflow/.local/lib/python3.12/site-packages/airflow/example_dags/example_task_group_decorator.py
[2026-06-01T19:33:10.502+0000] {processor.py:830} INFO - Processing file /home/airflow/.local/lib/python3.12/site-packages/airflow/example_dags/example_task_group_decorator.py for tasks to queue
[2026-06-01T19:33:10.505+0000] {logging_mixin.py:188} INFO - [2026-06-01T19:33:10.504+0000] {dagbag.py:540} INFO - Filling up the DagBag from /home/airflow/.local/lib/python3.12/site-packages/airflow/example_dags/example_task_group_decorator.py
[2026-06-01T19:33:10.521+0000] {processor.py:840} INFO - DAG(s) 'example_task_group_decorator' retrieved from /home/airflow/.local/lib/python3.12/site-packages/airflow/example_dags/example_task_group_decorator.py
[2026-06-01T19:33:10.546+0000] {logging_mixin.py:188} INFO - [2026-06-01T19:33:10.546+0000] {dag.py:3096} INFO - Sync 1 DAGs
[2026-06-01T19:33:10.571+0000] {logging_mixin.py:188} INFO - [2026-06-01T19:33:10.571+0000] {dag.py:3954} INFO - Setting next_dagrun for example_task_group_decorator to 2026-05-31 00:00:00+00:00, run_after=2026-06-01 00:00:00+00:00
[2026-06-01T19:33:10.591+0000] {processor.py:183} INFO - Processing /home/airflow/.local/lib/python3.12/site-packages/airflow/example_dags/example_task_group_decorator.py took 0.096 seconds
[2026-06-01T19:33:41.391+0000] {processor.py:161} INFO - Started process (PID=10220) to work on /home/airflow/.local/lib/python3.12/site-packages/airflow/example_dags/example_task_group_decorator.py
[2026-06-01T19:33:41.392+0000] {processor.py:830} INFO - Processing file /home/airflow/.local/lib/python3.12/site-packages/airflow/example_dags/example_task_group_decorator.py for tasks to queue
[2026-06-01T19:33:41.394+0000] {logging_mixin.py:188} INFO - [2026-06-01T19:33:41.394+0000] {dagbag.py:540} INFO - Filling up the DagBag from /home/airflow/.local/lib/python3.12/site-packages/airflow/example_dags/example_task_group_decorator.py
[2026-06-01T19:33:41.406+0000] {processor.py:840} INFO - DAG(s) 'example_task_group_decorator' retrieved from /home/airflow/.local/lib/python3.12/site-packages/airflow/example_dags/example_task_group_decorator.py
[2026-06-01T19:33:41.426+0000] {logging_mixin.py:188} INFO - [2026-06-01T19:33:41.426+0000] {dag.py:3096} INFO - Sync 1 DAGs
[2026-06-01T19:33:41.447+0000] {logging_mixin.py:188} INFO - [2026-06-01T19:33:41.447+0000] {dag.py:3954} INFO - Setting next_dagrun for example_task_group_decorator to 2026-05-31 00:00:00+00:00, run_after=2026-06-01 00:00:00+00:00
[2026-06-01T19:33:41.465+0000] {processor.py:183} INFO - Processing /home/airflow/.local/lib/python3.12/site-packages/airflow/example_dags/example_task_group_decorator.py took 0.079 seconds
[2026-06-01T19:34:12.188+0000] {processor.py:161} INFO - Started process (PID=10279) to work on /home/airflow/.local/lib/python3.12/site-packages/airflow/example_dags/example_task_group_decorator.py
[2026-06-01T19:34:12.189+0000] {processor.py:830} INFO - Processing file /home/airflow/.local/lib/python3.12/site-packages/airflow/example_dags/example_task_group_decorator.py for tasks to queue
[2026-06-01T19:34:12.191+0000] {logging_mixin.py:188} INFO - [2026-06-01T19:34:12.191+0000] {dagbag.py:540} INFO - Filling up the DagBag from /home/airflow/.local/lib/python3.12/site-packages/airflow/example_dags/example_task_group_decorator.py
[2026-06-01T19:34:12.203+0000] {processor.py:840} INFO - DAG(s) 'example_task_group_decorator' retrieved from /home/airflow/.local/lib/python3.12/site-packages/airflow/example_dags/example_task_group_decorator.py
[2026-06-01T19:34:12.225+0000] {logging_mixin.py:188} INFO - [2026-06-01T19:34:12.225+0000] {dag.py:3096} INFO - Sync 1 DAGs
[2026-06-01T19:34:12.244+0000] {logging_mixin.py:188} INFO - [2026-06-01T19:34:12.244+0000] {dag.py:3954} INFO - Setting next_dagrun for example_task_group_decorator to 2026-05-31 00:00:00+00:00, run_after=2026-06-01 00:00:00+00:00
[2026-06-01T19:34:12.264+0000] {processor.py:183} INFO - Processing /home/airflow/.local/lib/python3.12/site-packages/airflow/example_dags/example_task_group_decorator.py took 0.081 seconds
[2026-06-01T19:34:42.757+0000] {processor.py:161} INFO - Started process (PID=10338) to work on /home/airflow/.local/lib/python3.12/site-packages/airflow/example_dags/example_task_group_decorator.py
[2026-06-01T19:34:42.759+0000] {processor.py:830} INFO - Processing file /home/airflow/.local/lib/python3.12/site-packages/airflow/example_dags/example_task_group_decorator.py for tasks to queue
[2026-06-01T19:34:42.761+0000] {logging_mixin.py:188} INFO - [2026-06-01T19:34:42.760+0000] {dagbag.py:540} INFO - Filling up the DagBag from /home/airflow/.local/lib/python3.12/site-packages/airflow/example_dags/example_task_group_decorator.py
[2026-06-01T19:34:42.775+0000] {processor.py:840} INFO - DAG(s) 'example_task_group_decorator' retrieved from /home/airflow/.local/lib/python3.12/site-packages/airflow/example_dags/example_task_group_decorator.py
[2026-06-01T19:34:42.796+0000] {logging_mixin.py:188} INFO - [2026-06-01T19:34:42.796+0000] {dag.py:3096} INFO - Sync 1 DAGs
[2026-06-01T19:34:42.813+0000] {logging_mixin.py:188} INFO - [2026-06-01T19:34:42.813+0000] {dag.py:3954} INFO - Setting next_dagrun for example_task_group_decorator to 2026-05-31 00:00:00+00:00, run_after=2026-06-01 00:00:00+00:00
[2026-06-01T19:34:42.829+0000] {processor.py:183} INFO - Processing /home/airflow/.local/lib/python3.12/site-packages/airflow/example_dags/example_task_group_decorator.py took 0.077 seconds
[2026-06-01T19:35:13.395+0000] {processor.py:161} INFO - Started process (PID=10397) to work on /home/airflow/.local/lib/python3.12/site-packages/airflow/example_dags/example_task_group_decorator.py
[2026-06-01T19:35:13.396+0000] {processor.py:830} INFO - Processing file /home/airflow/.local/lib/python3.12/site-packages/airflow/example_dags/example_task_group_decorator.py for tasks to queue
[2026-06-01T19:35:13.398+0000] {logging_mixin.py:188} INFO - [2026-06-01T19:35:13.398+0000] {dagbag.py:540} INFO - Filling up the DagBag from /home/airflow/.local/lib/python3.12/site-packages/airflow/example_dags/example_task_group_decorator.py
[2026-06-01T19:35:13.409+0000] {processor.py:840} INFO - DAG(s) 'example_task_group_decorator' retrieved from /home/airflow/.local/lib/python3.12/site-packages/airflow/example_dags/example_task_group_decorator.py
[2026-06-01T19:35:13.430+0000] {logging_mixin.py:188} INFO - [2026-06-01T19:35:13.430+0000] {dag.py:3096} INFO - Sync 1 DAGs
[2026-06-01T19:35:13.448+0000] {logging_mixin.py:188} INFO - [2026-06-01T19:35:13.447+0000] {dag.py:3954} INFO - Setting next_dagrun for example_task_group_decorator to 2026-05-31 00:00:00+00:00, run_after=2026-06-01 00:00:00+00:00
[2026-06-01T19:35:13.464+0000] {processor.py:183} INFO - Processing /home/airflow/.local/lib/python3.12/site-packages/airflow/example_dags/example_task_group_decorator.py took 0.074 seconds
[2026-06-01T19:35:44.292+0000] {processor.py:161} INFO - Started process (PID=10456) to work on /home/airflow/.local/lib/python3.12/site-packages/airflow/example_dags/example_task_group_decorator.py
[2026-06-01T19:35:44.293+0000] {processor.py:830} INFO - Processing file /home/airflow/.local/lib/python3.12/site-packages/airflow/example_dags/example_task_group_decorator.py for tasks to queue
[2026-06-01T19:35:44.295+0000] {logging_mixin.py:188} INFO - [2026-06-01T19:35:44.295+0000] {dagbag.py:540} INFO - Filling up the DagBag from /home/airflow/.local/lib/python3.12/site-packages/airflow/example_dags/example_task_group_decorator.py
[2026-06-01T19:35:44.306+0000] {processor.py:840} INFO - DAG(s) 'example_task_group_decorator' retrieved from /home/airflow/.local/lib/python3.12/site-packages/airflow/example_dags/example_task_group_decorator.py
[2026-06-01T19:35:44.326+0000] {logging_mixin.py:188} INFO - [2026-06-01T19:35:44.326+0000] {dag.py:3096} INFO - Sync 1 DAGs
[2026-06-01T19:35:44.345+0000] {logging_mixin.py:188} INFO - [2026-06-01T19:35:44.345+0000] {dag.py:3954} INFO - Setting next_dagrun for example_task_group_decorator to 2026-05-31 00:00:00+00:00, run_after=2026-06-01 00:00:00+00:00
[2026-06-01T19:35:44.362+0000] {processor.py:183} INFO - Processing /home/airflow/.local/lib/python3.12/site-packages/airflow/example_dags/example_task_group_decorator.py took 0.074 seconds
[2026-06-01T19:36:14.950+0000] {processor.py:161} INFO - Started process (PID=10515) to work on /home/airflow/.local/lib/python3.12/site-packages/airflow/example_dags/example_task_group_decorator.py
[2026-06-01T19:36:14.952+0000] {processor.py:830} INFO - Processing file /home/airflow/.local/lib/python3.12/site-packages/airflow/example_dags/example_task_group_decorator.py for tasks to queue
[2026-06-01T19:36:14.957+0000] {logging_mixin.py:188} INFO - [2026-06-01T19:36:14.956+0000] {dagbag.py:540} INFO - Filling up the DagBag from /home/airflow/.local/lib/python3.12/site-packages/airflow/example_dags/example_task_group_decorator.py
[2026-06-01T19:36:14.980+0000] {processor.py:840} INFO - DAG(s) 'example_task_group_decorator' retrieved from /home/airflow/.local/lib/python3.12/site-packages/airflow/example_dags/example_task_group_decorator.py
[2026-06-01T19:36:15.009+0000] {logging_mixin.py:188} INFO - [2026-06-01T19:36:15.009+0000] {dag.py:3096} INFO - Sync 1 DAGs
[2026-06-01T19:36:15.034+0000] {logging_mixin.py:188} INFO - [2026-06-01T19:36:15.033+0000] {dag.py:3954} INFO - Setting next_dagrun for example_task_group_decorator to 2026-05-31 00:00:00+00:00, run_after=2026-06-01 00:00:00+00:00
[2026-06-01T19:36:15.057+0000] {processor.py:183} INFO - Processing /home/airflow/.local/lib/python3.12/site-packages/airflow/example_dags/example_task_group_decorator.py took 0.117 seconds
[2026-06-01T19:36:45.686+0000] {processor.py:161} INFO - Started process (PID=10574) to work on /home/airflow/.local/lib/python3.12/site-packages/airflow/example_dags/example_task_group_decorator.py
[2026-06-01T19:36:45.687+0000] {processor.py:830} INFO - Processing file /home/airflow/.local/lib/python3.12/site-packages/airflow/example_dags/example_task_group_decorator.py for tasks to queue
[2026-06-01T19:36:45.689+0000] {logging_mixin.py:188} INFO - [2026-06-01T19:36:45.688+0000] {dagbag.py:540} INFO - Filling up the DagBag from /home/airflow/.local/lib/python3.12/site-packages/airflow/example_dags/example_task_group_decorator.py
[2026-06-01T19:36:45.702+0000] {processor.py:840} INFO - DAG(s) 'example_task_group_decorator' retrieved from /home/airflow/.local/lib/python3.12/site-packages/airflow/example_dags/example_task_group_decorator.py
[2026-06-01T19:36:45.723+0000] {logging_mixin.py:188} INFO - [2026-06-01T19:36:45.723+0000] {dag.py:3096} INFO - Sync 1 DAGs
[2026-06-01T19:36:45.744+0000] {logging_mixin.py:188} INFO - [2026-06-01T19:36:45.743+0000] {dag.py:3954} INFO - Setting next_dagrun for example_task_group_decorator to 2026-05-31 00:00:00+00:00, run_after=2026-06-01 00:00:00+00:00
[2026-06-01T19:36:45.761+0000] {processor.py:183} INFO - Processing /home/airflow/.local/lib/python3.12/site-packages/airflow/example_dags/example_task_group_decorator.py took 0.080 seconds
[2026-06-01T19:37:16.346+0000] {processor.py:161} INFO - Started process (PID=10633) to work on /home/airflow/.local/lib/python3.12/site-packages/airflow/example_dags/example_task_group_decorator.py
[2026-06-01T19:37:16.347+0000] {processor.py:830} INFO - Processing file /home/airflow/.local/lib/python3.12/site-packages/airflow/example_dags/example_task_group_decorator.py for tasks to queue
[2026-06-01T19:37:16.349+0000] {logging_mixin.py:188} INFO - [2026-06-01T19:37:16.348+0000] {dagbag.py:540} INFO - Filling up the DagBag from /home/airflow/.local/lib/python3.12/site-packages/airflow/example_dags/example_task_group_decorator.py
[2026-06-01T19:37:16.360+0000] {processor.py:840} INFO - DAG(s) 'example_task_group_decorator' retrieved from /home/airflow/.local/lib/python3.12/site-packages/airflow/example_dags/example_task_group_decorator.py
[2026-06-01T19:37:16.381+0000] {logging_mixin.py:188} INFO - [2026-06-01T19:37:16.381+0000] {dag.py:3096} INFO - Sync 1 DAGs
[2026-06-01T19:37:16.401+0000] {logging_mixin.py:188} INFO - [2026-06-01T19:37:16.400+0000] {dag.py:3954} INFO - Setting next_dagrun for example_task_group_decorator to 2026-05-31 00:00:00+00:00, run_after=2026-06-01 00:00:00+00:00
[2026-06-01T19:37:16.420+0000] {processor.py:183} INFO - Processing /home/airflow/.local/lib/python3.12/site-packages/airflow/example_dags/example_task_group_decorator.py took 0.079 seconds
[2026-06-01T19:37:47.163+0000] {processor.py:161} INFO - Started process (PID=10693) to work on /home/airflow/.local/lib/python3.12/site-packages/airflow/example_dags/example_task_group_decorator.py
[2026-06-01T19:37:47.164+0000] {processor.py:830} INFO - Processing file /home/airflow/.local/lib/python3.12/site-packages/airflow/example_dags/example_task_group_decorator.py for tasks to queue
[2026-06-01T19:37:47.166+0000] {logging_mixin.py:188} INFO - [2026-06-01T19:37:47.165+0000] {dagbag.py:540} INFO - Filling up the DagBag from /home/airflow/.local/lib/python3.12/site-packages/airflow/example_dags/example_task_group_decorator.py
[2026-06-01T19:37:47.179+0000] {processor.py:840} INFO - DAG(s) 'example_task_group_decorator' retrieved from /home/airflow/.local/lib/python3.12/site-packages/airflow/example_dags/example_task_group_decorator.py
[2026-06-01T19:37:47.200+0000] {logging_mixin.py:188} INFO - [2026-06-01T19:37:47.200+0000] {dag.py:3096} INFO - Sync 1 DAGs
[2026-06-01T19:37:47.220+0000] {logging_mixin.py:188} INFO - [2026-06-01T19:37:47.220+0000] {dag.py:3954} INFO - Setting next_dagrun for example_task_group_decorator to 2026-05-31 00:00:00+00:00, run_after=2026-06-01 00:00:00+00:00
[2026-06-01T19:37:47.239+0000] {processor.py:183} INFO - Processing /home/airflow/.local/lib/python3.12/site-packages/airflow/example_dags/example_task_group_decorator.py took 0.081 seconds
[2026-06-01T19:38:17.725+0000] {processor.py:161} INFO - Started process (PID=10752) to work on /home/airflow/.local/lib/python3.12/site-packages/airflow/example_dags/example_task_group_decorator.py
[2026-06-01T19:38:17.726+0000] {processor.py:830} INFO - Processing file /home/airflow/.local/lib/python3.12/site-packages/airflow/example_dags/example_task_group_decorator.py for tasks to queue
[2026-06-01T19:38:17.727+0000] {logging_mixin.py:188} INFO - [2026-06-01T19:38:17.727+0000] {dagbag.py:540} INFO - Filling up the DagBag from /home/airflow/.local/lib/python3.12/site-packages/airflow/example_dags/example_task_group_decorator.py
[2026-06-01T19:38:17.742+0000] {processor.py:840} INFO - DAG(s) 'example_task_group_decorator' retrieved from /home/airflow/.local/lib/python3.12/site-packages/airflow/example_dags/example_task_group_decorator.py
[2026-06-01T19:38:17.764+0000] {logging_mixin.py:188} INFO - [2026-06-01T19:38:17.764+0000] {dag.py:3096} INFO - Sync 1 DAGs
[2026-06-01T19:38:17.783+0000] {logging_mixin.py:188} INFO - [2026-06-01T19:38:17.783+0000] {dag.py:3954} INFO - Setting next_dagrun for example_task_group_decorator to 2026-05-31 00:00:00+00:00, run_after=2026-06-01 00:00:00+00:00
[2026-06-01T19:38:17.801+0000] {processor.py:183} INFO - Processing /home/airflow/.local/lib/python3.12/site-packages/airflow/example_dags/example_task_group_decorator.py took 0.081 seconds
[2026-06-01T19:38:48.332+0000] {processor.py:161} INFO - Started process (PID=10811) to work on /home/airflow/.local/lib/python3.12/site-packages/airflow/example_dags/example_task_group_decorator.py
[2026-06-01T19:38:48.333+0000] {processor.py:830} INFO - Processing file /home/airflow/.local/lib/python3.12/site-packages/airflow/example_dags/example_task_group_decorator.py for tasks to queue
[2026-06-01T19:38:48.335+0000] {logging_mixin.py:188} INFO - [2026-06-01T19:38:48.335+0000] {dagbag.py:540} INFO - Filling up the DagBag from /home/airflow/.local/lib/python3.12/site-packages/airflow/example_dags/example_task_group_decorator.py
[2026-06-01T19:38:48.348+0000] {processor.py:840} INFO - DAG(s) 'example_task_group_decorator' retrieved from /home/airflow/.local/lib/python3.12/site-packages/airflow/example_dags/example_task_group_decorator.py
[2026-06-01T19:38:48.375+0000] {logging_mixin.py:188} INFO - [2026-06-01T19:38:48.375+0000] {dag.py:3096} INFO - Sync 1 DAGs
[2026-06-01T19:38:48.395+0000] {logging_mixin.py:188} INFO - [2026-06-01T19:38:48.395+0000] {dag.py:3954} INFO - Setting next_dagrun for example_task_group_decorator to 2026-05-31 00:00:00+00:00, run_after=2026-06-01 00:00:00+00:00
[2026-06-01T19:38:48.414+0000] {processor.py:183} INFO - Processing /home/airflow/.local/lib/python3.12/site-packages/airflow/example_dags/example_task_group_decorator.py took 0.087 seconds
[2026-06-01T19:39:19.174+0000] {processor.py:161} INFO - Started process (PID=10870) to work on /home/airflow/.local/lib/python3.12/site-packages/airflow/example_dags/example_task_group_decorator.py
[2026-06-01T19:39:19.175+0000] {processor.py:830} INFO - Processing file /home/airflow/.local/lib/python3.12/site-packages/airflow/example_dags/example_task_group_decorator.py for tasks to queue
[2026-06-01T19:39:19.177+0000] {logging_mixin.py:188} INFO - [2026-06-01T19:39:19.177+0000] {dagbag.py:540} INFO - Filling up the DagBag from /home/airflow/.local/lib/python3.12/site-packages/airflow/example_dags/example_task_group_decorator.py
[2026-06-01T19:39:19.191+0000] {processor.py:840} INFO - DAG(s) 'example_task_group_decorator' retrieved from /home/airflow/.local/lib/python3.12/site-packages/airflow/example_dags/example_task_group_decorator.py
[2026-06-01T19:39:19.212+0000] {logging_mixin.py:188} INFO - [2026-06-01T19:39:19.211+0000] {dag.py:3096} INFO - Sync 1 DAGs
[2026-06-01T19:39:19.230+0000] {logging_mixin.py:188} INFO - [2026-06-01T19:39:19.230+0000] {dag.py:3954} INFO - Setting next_dagrun for example_task_group_decorator to 2026-05-31 00:00:00+00:00, run_after=2026-06-01 00:00:00+00:00
[2026-06-01T19:39:19.246+0000] {processor.py:183} INFO - Processing /home/airflow/.local/lib/python3.12/site-packages/airflow/example_dags/example_task_group_decorator.py took 0.077 seconds
[2026-06-01T19:39:49.880+0000] {processor.py:161} INFO - Started process (PID=10929) to work on /home/airflow/.local/lib/python3.12/site-packages/airflow/example_dags/example_task_group_decorator.py
[2026-06-01T19:39:49.881+0000] {processor.py:830} INFO - Processing file /home/airflow/.local/lib/python3.12/site-packages/airflow/example_dags/example_task_group_decorator.py for tasks to queue
[2026-06-01T19:39:49.883+0000] {logging_mixin.py:188} INFO - [2026-06-01T19:39:49.883+0000] {dagbag.py:540} INFO - Filling up the DagBag from /home/airflow/.local/lib/python3.12/site-packages/airflow/example_dags/example_task_group_decorator.py
[2026-06-01T19:39:49.899+0000] {processor.py:840} INFO - DAG(s) 'example_task_group_decorator' retrieved from /home/airflow/.local/lib/python3.12/site-packages/airflow/example_dags/example_task_group_decorator.py
[2026-06-01T19:39:49.923+0000] {logging_mixin.py:188} INFO - [2026-06-01T19:39:49.923+0000] {dag.py:3096} INFO - Sync 1 DAGs
[2026-06-01T19:39:49.944+0000] {logging_mixin.py:188} INFO - [2026-06-01T19:39:49.944+0000] {dag.py:3954} INFO - Setting next_dagrun for example_task_group_decorator to 2026-05-31 00:00:00+00:00, run_after=2026-06-01 00:00:00+00:00
[2026-06-01T19:39:49.964+0000] {processor.py:183} INFO - Processing /home/airflow/.local/lib/python3.12/site-packages/airflow/example_dags/example_task_group_decorator.py took 0.089 seconds
[2026-06-01T19:40:20.428+0000] {processor.py:161} INFO - Started process (PID=10988) to work on /home/airflow/.local/lib/python3.12/site-packages/airflow/example_dags/example_task_group_decorator.py
[2026-06-01T19:40:20.429+0000] {processor.py:830} INFO - Processing file /home/airflow/.local/lib/python3.12/site-packages/airflow/example_dags/example_task_group_decorator.py for tasks to queue
[2026-06-01T19:40:20.431+0000] {logging_mixin.py:188} INFO - [2026-06-01T19:40:20.430+0000] {dagbag.py:540} INFO - Filling up the DagBag from /home/airflow/.local/lib/python3.12/site-packages/airflow/example_dags/example_task_group_decorator.py
[2026-06-01T19:40:20.443+0000] {processor.py:840} INFO - DAG(s) 'example_task_group_decorator' retrieved from /home/airflow/.local/lib/python3.12/site-packages/airflow/example_dags/example_task_group_decorator.py
[2026-06-01T19:40:20.465+0000] {logging_mixin.py:188} INFO - [2026-06-01T19:40:20.464+0000] {dag.py:3096} INFO - Sync 1 DAGs
[2026-06-01T19:40:20.482+0000] {logging_mixin.py:188} INFO - [2026-06-01T19:40:20.482+0000] {dag.py:3954} INFO - Setting next_dagrun for example_task_group_decorator to 2026-05-31 00:00:00+00:00, run_after=2026-06-01 00:00:00+00:00
[2026-06-01T19:40:20.499+0000] {processor.py:183} INFO - Processing /home/airflow/.local/lib/python3.12/site-packages/airflow/example_dags/example_task_group_decorator.py took 0.076 seconds
[2026-06-01T19:40:51.075+0000] {processor.py:161} INFO - Started process (PID=11047) to work on /home/airflow/.local/lib/python3.12/site-packages/airflow/example_dags/example_task_group_decorator.py
[2026-06-01T19:40:51.076+0000] {processor.py:830} INFO - Processing file /home/airflow/.local/lib/python3.12/site-packages/airflow/example_dags/example_task_group_decorator.py for tasks to queue
[2026-06-01T19:40:51.079+0000] {logging_mixin.py:188} INFO - [2026-06-01T19:40:51.079+0000] {dagbag.py:540} INFO - Filling up the DagBag from /home/airflow/.local/lib/python3.12/site-packages/airflow/example_dags/example_task_group_decorator.py
[2026-06-01T19:40:51.094+0000] {processor.py:840} INFO - DAG(s) 'example_task_group_decorator' retrieved from /home/airflow/.local/lib/python3.12/site-packages/airflow/example_dags/example_task_group_decorator.py
[2026-06-01T19:40:51.120+0000] {logging_mixin.py:188} INFO - [2026-06-01T19:40:51.119+0000] {dag.py:3096} INFO - Sync 1 DAGs
[2026-06-01T19:40:51.143+0000] {logging_mixin.py:188} INFO - [2026-06-01T19:40:51.143+0000] {dag.py:3954} INFO - Setting next_dagrun for example_task_group_decorator to 2026-05-31 00:00:00+00:00, run_after=2026-06-01 00:00:00+00:00
[2026-06-01T19:40:51.164+0000] {processor.py:183} INFO - Processing /home/airflow/.local/lib/python3.12/site-packages/airflow/example_dags/example_task_group_decorator.py took 0.094 seconds
[2026-06-01T19:41:21.746+0000] {processor.py:161} INFO - Started process (PID=11112) to work on /home/airflow/.local/lib/python3.12/site-packages/airflow/example_dags/example_task_group_decorator.py
[2026-06-01T19:41:21.747+0000] {processor.py:830} INFO - Processing file /home/airflow/.local/lib/python3.12/site-packages/airflow/example_dags/example_task_group_decorator.py for tasks to queue
[2026-06-01T19:41:21.749+0000] {logging_mixin.py:188} INFO - [2026-06-01T19:41:21.749+0000] {dagbag.py:540} INFO - Filling up the DagBag from /home/airflow/.local/lib/python3.12/site-packages/airflow/example_dags/example_task_group_decorator.py
[2026-06-01T19:41:21.765+0000] {processor.py:840} INFO - DAG(s) 'example_task_group_decorator' retrieved from /home/airflow/.local/lib/python3.12/site-packages/airflow/example_dags/example_task_group_decorator.py
[2026-06-01T19:41:21.788+0000] {logging_mixin.py:188} INFO - [2026-06-01T19:41:21.788+0000] {dag.py:3096} INFO - Sync 1 DAGs
[2026-06-01T19:41:21.814+0000] {logging_mixin.py:188} INFO - [2026-06-01T19:41:21.814+0000] {dag.py:3954} INFO - Setting next_dagrun for example_task_group_decorator to 2026-05-31 00:00:00+00:00, run_after=2026-06-01 00:00:00+00:00
[2026-06-01T19:41:21.841+0000] {processor.py:183} INFO - Processing /home/airflow/.local/lib/python3.12/site-packages/airflow/example_dags/example_task_group_decorator.py took 0.101 seconds
[2026-06-01T19:41:52.445+0000] {processor.py:161} INFO - Started process (PID=11172) to work on /home/airflow/.local/lib/python3.12/site-packages/airflow/example_dags/example_task_group_decorator.py
[2026-06-01T19:41:52.446+0000] {processor.py:830} INFO - Processing file /home/airflow/.local/lib/python3.12/site-packages/airflow/example_dags/example_task_group_decorator.py for tasks to queue
[2026-06-01T19:41:52.448+0000] {logging_mixin.py:188} INFO - [2026-06-01T19:41:52.448+0000] {dagbag.py:540} INFO - Filling up the DagBag from /home/airflow/.local/lib/python3.12/site-packages/airflow/example_dags/example_task_group_decorator.py
[2026-06-01T19:41:52.461+0000] {processor.py:840} INFO - DAG(s) 'example_task_group_decorator' retrieved from /home/airflow/.local/lib/python3.12/site-packages/airflow/example_dags/example_task_group_decorator.py
[2026-06-01T19:41:52.481+0000] {logging_mixin.py:188} INFO - [2026-06-01T19:41:52.480+0000] {dag.py:3096} INFO - Sync 1 DAGs
[2026-06-01T19:41:52.498+0000] {logging_mixin.py:188} INFO - [2026-06-01T19:41:52.498+0000] {dag.py:3954} INFO - Setting next_dagrun for example_task_group_decorator to 2026-05-31 00:00:00+00:00, run_after=2026-06-01 00:00:00+00:00
[2026-06-01T19:41:52.515+0000] {processor.py:183} INFO - Processing /home/airflow/.local/lib/python3.12/site-packages/airflow/example_dags/example_task_group_decorator.py took 0.075 seconds
[2026-06-01T19:42:23.107+0000] {processor.py:161} INFO - Started process (PID=11231) to work on /home/airflow/.local/lib/python3.12/site-packages/airflow/example_dags/example_task_group_decorator.py
[2026-06-01T19:42:23.108+0000] {processor.py:830} INFO - Processing file /home/airflow/.local/lib/python3.12/site-packages/airflow/example_dags/example_task_group_decorator.py for tasks to queue
[2026-06-01T19:42:23.110+0000] {logging_mixin.py:188} INFO - [2026-06-01T19:42:23.110+0000] {dagbag.py:540} INFO - Filling up the DagBag from /home/airflow/.local/lib/python3.12/site-packages/airflow/example_dags/example_task_group_decorator.py
[2026-06-01T19:42:23.121+0000] {processor.py:840} INFO - DAG(s) 'example_task_group_decorator' retrieved from /home/airflow/.local/lib/python3.12/site-packages/airflow/example_dags/example_task_group_decorator.py
[2026-06-01T19:42:23.143+0000] {logging_mixin.py:188} INFO - [2026-06-01T19:42:23.143+0000] {dag.py:3096} INFO - Sync 1 DAGs
[2026-06-01T19:42:23.161+0000] {logging_mixin.py:188} INFO - [2026-06-01T19:42:23.160+0000] {dag.py:3954} INFO - Setting next_dagrun for example_task_group_decorator to 2026-05-31 00:00:00+00:00, run_after=2026-06-01 00:00:00+00:00
[2026-06-01T19:42:23.178+0000] {processor.py:183} INFO - Processing /home/airflow/.local/lib/python3.12/site-packages/airflow/example_dags/example_task_group_decorator.py took 0.076 seconds
[2026-06-01T19:42:53.709+0000] {processor.py:161} INFO - Started process (PID=11290) to work on /home/airflow/.local/lib/python3.12/site-packages/airflow/example_dags/example_task_group_decorator.py
[2026-06-01T19:42:53.710+0000] {processor.py:830} INFO - Processing file /home/airflow/.local/lib/python3.12/site-packages/airflow/example_dags/example_task_group_decorator.py for tasks to queue
[2026-06-01T19:42:53.712+0000] {logging_mixin.py:188} INFO - [2026-06-01T19:42:53.712+0000] {dagbag.py:540} INFO - Filling up the DagBag from /home/airflow/.local/lib/python3.12/site-packages/airflow/example_dags/example_task_group_decorator.py
[2026-06-01T19:42:53.725+0000] {processor.py:840} INFO - DAG(s) 'example_task_group_decorator' retrieved from /home/airflow/.local/lib/python3.12/site-packages/airflow/example_dags/example_task_group_decorator.py
[2026-06-01T19:42:53.746+0000] {logging_mixin.py:188} INFO - [2026-06-01T19:42:53.746+0000] {dag.py:3096} INFO - Sync 1 DAGs
[2026-06-01T19:42:53.764+0000] {logging_mixin.py:188} INFO - [2026-06-01T19:42:53.764+0000] {dag.py:3954} INFO - Setting next_dagrun for example_task_group_decorator to 2026-05-31 00:00:00+00:00, run_after=2026-06-01 00:00:00+00:00
[2026-06-01T19:42:53.780+0000] {processor.py:183} INFO - Processing /home/airflow/.local/lib/python3.12/site-packages/airflow/example_dags/example_task_group_decorator.py took 0.077 seconds
[2026-06-01T19:43:24.369+0000] {processor.py:161} INFO - Started process (PID=11349) to work on /home/airflow/.local/lib/python3.12/site-packages/airflow/example_dags/example_task_group_decorator.py
[2026-06-01T19:43:24.370+0000] {processor.py:830} INFO - Processing file /home/airflow/.local/lib/python3.12/site-packages/airflow/example_dags/example_task_group_decorator.py for tasks to queue
[2026-06-01T19:43:24.372+0000] {logging_mixin.py:188} INFO - [2026-06-01T19:43:24.372+0000] {dagbag.py:540} INFO - Filling up the DagBag from /home/airflow/.local/lib/python3.12/site-packages/airflow/example_dags/example_task_group_decorator.py
[2026-06-01T19:43:24.385+0000] {processor.py:840} INFO - DAG(s) 'example_task_group_decorator' retrieved from /home/airflow/.local/lib/python3.12/site-packages/airflow/example_dags/example_task_group_decorator.py
[2026-06-01T19:43:24.407+0000] {logging_mixin.py:188} INFO - [2026-06-01T19:43:24.407+0000] {dag.py:3096} INFO - Sync 1 DAGs
[2026-06-01T19:43:24.425+0000] {logging_mixin.py:188} INFO - [2026-06-01T19:43:24.425+0000] {dag.py:3954} INFO - Setting next_dagrun for example_task_group_decorator to 2026-05-31 00:00:00+00:00, run_after=2026-06-01 00:00:00+00:00
[2026-06-01T19:43:24.443+0000] {processor.py:183} INFO - Processing /home/airflow/.local/lib/python3.12/site-packages/airflow/example_dags/example_task_group_decorator.py took 0.080 seconds
[2026-06-01T19:43:55.111+0000] {processor.py:161} INFO - Started process (PID=11408) to work on /home/airflow/.local/lib/python3.12/site-packages/airflow/example_dags/example_task_group_decorator.py
[2026-06-01T19:43:55.112+0000] {processor.py:830} INFO - Processing file /home/airflow/.local/lib/python3.12/site-packages/airflow/example_dags/example_task_group_decorator.py for tasks to queue
[2026-06-01T19:43:55.115+0000] {logging_mixin.py:188} INFO - [2026-06-01T19:43:55.114+0000] {dagbag.py:540} INFO - Filling up the DagBag from /home/airflow/.local/lib/python3.12/site-packages/airflow/example_dags/example_task_group_decorator.py
[2026-06-01T19:43:55.130+0000] {processor.py:840} INFO - DAG(s) 'example_task_group_decorator' retrieved from /home/airflow/.local/lib/python3.12/site-packages/airflow/example_dags/example_task_group_decorator.py
[2026-06-01T19:43:55.156+0000] {logging_mixin.py:188} INFO - [2026-06-01T19:43:55.155+0000] {dag.py:3096} INFO - Sync 1 DAGs
[2026-06-01T19:43:55.178+0000] {logging_mixin.py:188} INFO - [2026-06-01T19:43:55.178+0000] {dag.py:3954} INFO - Setting next_dagrun for example_task_group_decorator to 2026-05-31 00:00:00+00:00, run_after=2026-06-01 00:00:00+00:00
[2026-06-01T19:43:55.204+0000] {processor.py:183} INFO - Processing /home/airflow/.local/lib/python3.12/site-packages/airflow/example_dags/example_task_group_decorator.py took 0.100 seconds
[2026-06-01T19:44:25.894+0000] {processor.py:161} INFO - Started process (PID=11467) to work on /home/airflow/.local/lib/python3.12/site-packages/airflow/example_dags/example_task_group_decorator.py
[2026-06-01T19:44:25.895+0000] {processor.py:830} INFO - Processing file /home/airflow/.local/lib/python3.12/site-packages/airflow/example_dags/example_task_group_decorator.py for tasks to queue
[2026-06-01T19:44:25.897+0000] {logging_mixin.py:188} INFO - [2026-06-01T19:44:25.897+0000] {dagbag.py:540} INFO - Filling up the DagBag from /home/airflow/.local/lib/python3.12/site-packages/airflow/example_dags/example_task_group_decorator.py
[2026-06-01T19:44:25.911+0000] {processor.py:840} INFO - DAG(s) 'example_task_group_decorator' retrieved from /home/airflow/.local/lib/python3.12/site-packages/airflow/example_dags/example_task_group_decorator.py
[2026-06-01T19:44:25.934+0000] {logging_mixin.py:188} INFO - [2026-06-01T19:44:25.934+0000] {dag.py:3096} INFO - Sync 1 DAGs
[2026-06-01T19:44:25.957+0000] {logging_mixin.py:188} INFO - [2026-06-01T19:44:25.956+0000] {dag.py:3954} INFO - Setting next_dagrun for example_task_group_decorator to 2026-05-31 00:00:00+00:00, run_after=2026-06-01 00:00:00+00:00
[2026-06-01T19:44:25.977+0000] {processor.py:183} INFO - Processing /home/airflow/.local/lib/python3.12/site-packages/airflow/example_dags/example_task_group_decorator.py took 0.089 seconds
[2026-06-01T19:44:56.697+0000] {processor.py:161} INFO - Started process (PID=11526) to work on /home/airflow/.local/lib/python3.12/site-packages/airflow/example_dags/example_task_group_decorator.py
[2026-06-01T19:44:56.698+0000] {processor.py:830} INFO - Processing file /home/airflow/.local/lib/python3.12/site-packages/airflow/example_dags/example_task_group_decorator.py for tasks to queue
[2026-06-01T19:44:56.701+0000] {logging_mixin.py:188} INFO - [2026-06-01T19:44:56.700+0000] {dagbag.py:540} INFO - Filling up the DagBag from /home/airflow/.local/lib/python3.12/site-packages/airflow/example_dags/example_task_group_decorator.py
[2026-06-01T19:44:56.714+0000] {processor.py:840} INFO - DAG(s) 'example_task_group_decorator' retrieved from /home/airflow/.local/lib/python3.12/site-packages/airflow/example_dags/example_task_group_decorator.py
[2026-06-01T19:44:56.736+0000] {logging_mixin.py:188} INFO - [2026-06-01T19:44:56.736+0000] {dag.py:3096} INFO - Sync 1 DAGs
[2026-06-01T19:44:56.756+0000] {logging_mixin.py:188} INFO - [2026-06-01T19:44:56.756+0000] {dag.py:3954} INFO - Setting next_dagrun for example_task_group_decorator to 2026-05-31 00:00:00+00:00, run_after=2026-06-01 00:00:00+00:00
[2026-06-01T19:44:56.775+0000] {processor.py:183} INFO - Processing /home/airflow/.local/lib/python3.12/site-packages/airflow/example_dags/example_task_group_decorator.py took 0.084 seconds
[2026-06-01T19:45:27.212+0000] {processor.py:161} INFO - Started process (PID=11585) to work on /home/airflow/.local/lib/python3.12/site-packages/airflow/example_dags/example_task_group_decorator.py
[2026-06-01T19:45:27.213+0000] {processor.py:830} INFO - Processing file /home/airflow/.local/lib/python3.12/site-packages/airflow/example_dags/example_task_group_decorator.py for tasks to queue
[2026-06-01T19:45:27.215+0000] {logging_mixin.py:188} INFO - [2026-06-01T19:45:27.215+0000] {dagbag.py:540} INFO - Filling up the DagBag from /home/airflow/.local/lib/python3.12/site-packages/airflow/example_dags/example_task_group_decorator.py
[2026-06-01T19:45:27.228+0000] {processor.py:840} INFO - DAG(s) 'example_task_group_decorator' retrieved from /home/airflow/.local/lib/python3.12/site-packages/airflow/example_dags/example_task_group_decorator.py
[2026-06-01T19:45:27.250+0000] {logging_mixin.py:188} INFO - [2026-06-01T19:45:27.250+0000] {dag.py:3096} INFO - Sync 1 DAGs
[2026-06-01T19:45:27.268+0000] {logging_mixin.py:188} INFO - [2026-06-01T19:45:27.268+0000] {dag.py:3954} INFO - Setting next_dagrun for example_task_group_decorator to 2026-05-31 00:00:00+00:00, run_after=2026-06-01 00:00:00+00:00
[2026-06-01T19:45:27.286+0000] {processor.py:183} INFO - Processing /home/airflow/.local/lib/python3.12/site-packages/airflow/example_dags/example_task_group_decorator.py took 0.079 seconds
[2026-06-01T19:45:57.797+0000] {processor.py:161} INFO - Started process (PID=11644) to work on /home/airflow/.local/lib/python3.12/site-packages/airflow/example_dags/example_task_group_decorator.py
[2026-06-01T19:45:57.798+0000] {processor.py:830} INFO - Processing file /home/airflow/.local/lib/python3.12/site-packages/airflow/example_dags/example_task_group_decorator.py for tasks to queue
[2026-06-01T19:45:57.799+0000] {logging_mixin.py:188} INFO - [2026-06-01T19:45:57.799+0000] {dagbag.py:540} INFO - Filling up the DagBag from /home/airflow/.local/lib/python3.12/site-packages/airflow/example_dags/example_task_group_decorator.py
[2026-06-01T19:45:57.811+0000] {processor.py:840} INFO - DAG(s) 'example_task_group_decorator' retrieved from /home/airflow/.local/lib/python3.12/site-packages/airflow/example_dags/example_task_group_decorator.py
[2026-06-01T19:45:57.832+0000] {logging_mixin.py:188} INFO - [2026-06-01T19:45:57.832+0000] {dag.py:3096} INFO - Sync 1 DAGs
[2026-06-01T19:45:57.852+0000] {logging_mixin.py:188} INFO - [2026-06-01T19:45:57.852+0000] {dag.py:3954} INFO - Setting next_dagrun for example_task_group_decorator to 2026-05-31 00:00:00+00:00, run_after=2026-06-01 00:00:00+00:00
[2026-06-01T19:45:57.873+0000] {processor.py:183} INFO - Processing /home/airflow/.local/lib/python3.12/site-packages/airflow/example_dags/example_task_group_decorator.py took 0.081 seconds
[2026-06-01T19:46:28.332+0000] {processor.py:161} INFO - Started process (PID=11703) to work on /home/airflow/.local/lib/python3.12/site-packages/airflow/example_dags/example_task_group_decorator.py
[2026-06-01T19:46:28.333+0000] {processor.py:830} INFO - Processing file /home/airflow/.local/lib/python3.12/site-packages/airflow/example_dags/example_task_group_decorator.py for tasks to queue
[2026-06-01T19:46:28.335+0000] {logging_mixin.py:188} INFO - [2026-06-01T19:46:28.335+0000] {dagbag.py:540} INFO - Filling up the DagBag from /home/airflow/.local/lib/python3.12/site-packages/airflow/example_dags/example_task_group_decorator.py
[2026-06-01T19:46:28.347+0000] {processor.py:840} INFO - DAG(s) 'example_task_group_decorator' retrieved from /home/airflow/.local/lib/python3.12/site-packages/airflow/example_dags/example_task_group_decorator.py
[2026-06-01T19:46:28.369+0000] {logging_mixin.py:188} INFO - [2026-06-01T19:46:28.368+0000] {dag.py:3096} INFO - Sync 1 DAGs
[2026-06-01T19:46:28.388+0000] {logging_mixin.py:188} INFO - [2026-06-01T19:46:28.388+0000] {dag.py:3954} INFO - Setting next_dagrun for example_task_group_decorator to 2026-05-31 00:00:00+00:00, run_after=2026-06-01 00:00:00+00:00
[2026-06-01T19:46:28.405+0000] {processor.py:183} INFO - Processing /home/airflow/.local/lib/python3.12/site-packages/airflow/example_dags/example_task_group_decorator.py took 0.078 seconds
[2026-06-01T19:46:58.644+0000] {processor.py:161} INFO - Started process (PID=11762) to work on /home/airflow/.local/lib/python3.12/site-packages/airflow/example_dags/example_task_group_decorator.py
[2026-06-01T19:46:58.645+0000] {processor.py:830} INFO - Processing file /home/airflow/.local/lib/python3.12/site-packages/airflow/example_dags/example_task_group_decorator.py for tasks to queue
[2026-06-01T19:46:58.648+0000] {logging_mixin.py:188} INFO - [2026-06-01T19:46:58.648+0000] {dagbag.py:540} INFO - Filling up the DagBag from /home/airflow/.local/lib/python3.12/site-packages/airflow/example_dags/example_task_group_decorator.py
[2026-06-01T19:46:58.668+0000] {processor.py:840} INFO - DAG(s) 'example_task_group_decorator' retrieved from /home/airflow/.local/lib/python3.12/site-packages/airflow/example_dags/example_task_group_decorator.py
[2026-06-01T19:46:58.702+0000] {logging_mixin.py:188} INFO - [2026-06-01T19:46:58.701+0000] {dag.py:3096} INFO - Sync 1 DAGs
[2026-06-01T19:46:58.733+0000] {logging_mixin.py:188} INFO - [2026-06-01T19:46:58.733+0000] {dag.py:3954} INFO - Setting next_dagrun for example_task_group_decorator to 2026-05-31 00:00:00+00:00, run_after=2026-06-01 00:00:00+00:00
[2026-06-01T19:46:58.754+0000] {processor.py:183} INFO - Processing /home/airflow/.local/lib/python3.12/site-packages/airflow/example_dags/example_task_group_decorator.py took 0.115 seconds
[2026-06-01T19:47:28.969+0000] {processor.py:161} INFO - Started process (PID=11821) to work on /home/airflow/.local/lib/python3.12/site-packages/airflow/example_dags/example_task_group_decorator.py
[2026-06-01T19:47:28.971+0000] {processor.py:830} INFO - Processing file /home/airflow/.local/lib/python3.12/site-packages/airflow/example_dags/example_task_group_decorator.py for tasks to queue
[2026-06-01T19:47:28.973+0000] {logging_mixin.py:188} INFO - [2026-06-01T19:47:28.973+0000] {dagbag.py:540} INFO - Filling up the DagBag from /home/airflow/.local/lib/python3.12/site-packages/airflow/example_dags/example_task_group_decorator.py
[2026-06-01T19:47:28.988+0000] {processor.py:840} INFO - DAG(s) 'example_task_group_decorator' retrieved from /home/airflow/.local/lib/python3.12/site-packages/airflow/example_dags/example_task_group_decorator.py
[2026-06-01T19:47:29.012+0000] {logging_mixin.py:188} INFO - [2026-06-01T19:47:29.012+0000] {dag.py:3096} INFO - Sync 1 DAGs
[2026-06-01T19:47:29.036+0000] {logging_mixin.py:188} INFO - [2026-06-01T19:47:29.036+0000] {dag.py:3954} INFO - Setting next_dagrun for example_task_group_decorator to 2026-05-31 00:00:00+00:00, run_after=2026-06-01 00:00:00+00:00
[2026-06-01T19:47:29.054+0000] {processor.py:183} INFO - Processing /home/airflow/.local/lib/python3.12/site-packages/airflow/example_dags/example_task_group_decorator.py took 0.090 seconds
[2026-06-01T19:47:59.209+0000] {processor.py:161} INFO - Started process (PID=11880) to work on /home/airflow/.local/lib/python3.12/site-packages/airflow/example_dags/example_task_group_decorator.py
[2026-06-01T19:47:59.210+0000] {processor.py:830} INFO - Processing file /home/airflow/.local/lib/python3.12/site-packages/airflow/example_dags/example_task_group_decorator.py for tasks to queue
[2026-06-01T19:47:59.212+0000] {logging_mixin.py:188} INFO - [2026-06-01T19:47:59.212+0000] {dagbag.py:540} INFO - Filling up the DagBag from /home/airflow/.local/lib/python3.12/site-packages/airflow/example_dags/example_task_group_decorator.py
[2026-06-01T19:47:59.226+0000] {processor.py:840} INFO - DAG(s) 'example_task_group_decorator' retrieved from /home/airflow/.local/lib/python3.12/site-packages/airflow/example_dags/example_task_group_decorator.py
[2026-06-01T19:47:59.248+0000] {logging_mixin.py:188} INFO - [2026-06-01T19:47:59.248+0000] {dag.py:3096} INFO - Sync 1 DAGs
[2026-06-01T19:47:59.268+0000] {logging_mixin.py:188} INFO - [2026-06-01T19:47:59.268+0000] {dag.py:3954} INFO - Setting next_dagrun for example_task_group_decorator to 2026-05-31 00:00:00+00:00, run_after=2026-06-01 00:00:00+00:00
[2026-06-01T19:47:59.288+0000] {processor.py:183} INFO - Processing /home/airflow/.local/lib/python3.12/site-packages/airflow/example_dags/example_task_group_decorator.py took 0.084 seconds
[2026-06-01T19:48:29.427+0000] {processor.py:161} INFO - Started process (PID=11939) to work on /home/airflow/.local/lib/python3.12/site-packages/airflow/example_dags/example_task_group_decorator.py
[2026-06-01T19:48:29.428+0000] {processor.py:830} INFO - Processing file /home/airflow/.local/lib/python3.12/site-packages/airflow/example_dags/example_task_group_decorator.py for tasks to queue
[2026-06-01T19:48:29.430+0000] {logging_mixin.py:188} INFO - [2026-06-01T19:48:29.430+0000] {dagbag.py:540} INFO - Filling up the DagBag from /home/airflow/.local/lib/python3.12/site-packages/airflow/example_dags/example_task_group_decorator.py
[2026-06-01T19:48:29.443+0000] {processor.py:840} INFO - DAG(s) 'example_task_group_decorator' retrieved from /home/airflow/.local/lib/python3.12/site-packages/airflow/example_dags/example_task_group_decorator.py
[2026-06-01T19:48:29.468+0000] {logging_mixin.py:188} INFO - [2026-06-01T19:48:29.467+0000] {dag.py:3096} INFO - Sync 1 DAGs
[2026-06-01T19:48:29.488+0000] {logging_mixin.py:188} INFO - [2026-06-01T19:48:29.488+0000] {dag.py:3954} INFO - Setting next_dagrun for example_task_group_decorator to 2026-05-31 00:00:00+00:00, run_after=2026-06-01 00:00:00+00:00
[2026-06-01T19:48:29.509+0000] {processor.py:183} INFO - Processing /home/airflow/.local/lib/python3.12/site-packages/airflow/example_dags/example_task_group_decorator.py took 0.089 seconds
[2026-06-01T19:48:59.742+0000] {processor.py:161} INFO - Started process (PID=11998) to work on /home/airflow/.local/lib/python3.12/site-packages/airflow/example_dags/example_task_group_decorator.py
[2026-06-01T19:48:59.743+0000] {processor.py:830} INFO - Processing file /home/airflow/.local/lib/python3.12/site-packages/airflow/example_dags/example_task_group_decorator.py for tasks to queue
[2026-06-01T19:48:59.744+0000] {logging_mixin.py:188} INFO - [2026-06-01T19:48:59.744+0000] {dagbag.py:540} INFO - Filling up the DagBag from /home/airflow/.local/lib/python3.12/site-packages/airflow/example_dags/example_task_group_decorator.py
[2026-06-01T19:48:59.756+0000] {processor.py:840} INFO - DAG(s) 'example_task_group_decorator' retrieved from /home/airflow/.local/lib/python3.12/site-packages/airflow/example_dags/example_task_group_decorator.py
[2026-06-01T19:48:59.781+0000] {logging_mixin.py:188} INFO - [2026-06-01T19:48:59.781+0000] {dag.py:3096} INFO - Sync 1 DAGs
[2026-06-01T19:48:59.799+0000] {logging_mixin.py:188} INFO - [2026-06-01T19:48:59.799+0000] {dag.py:3954} INFO - Setting next_dagrun for example_task_group_decorator to 2026-05-31 00:00:00+00:00, run_after=2026-06-01 00:00:00+00:00
[2026-06-01T19:48:59.815+0000] {processor.py:183} INFO - Processing /home/airflow/.local/lib/python3.12/site-packages/airflow/example_dags/example_task_group_decorator.py took 0.078 seconds
[2026-06-01T19:49:29.980+0000] {processor.py:161} INFO - Started process (PID=12057) to work on /home/airflow/.local/lib/python3.12/site-packages/airflow/example_dags/example_task_group_decorator.py
[2026-06-01T19:49:29.981+0000] {processor.py:830} INFO - Processing file /home/airflow/.local/lib/python3.12/site-packages/airflow/example_dags/example_task_group_decorator.py for tasks to queue
[2026-06-01T19:49:29.984+0000] {logging_mixin.py:188} INFO - [2026-06-01T19:49:29.983+0000] {dagbag.py:540} INFO - Filling up the DagBag from /home/airflow/.local/lib/python3.12/site-packages/airflow/example_dags/example_task_group_decorator.py
[2026-06-01T19:49:30.000+0000] {processor.py:840} INFO - DAG(s) 'example_task_group_decorator' retrieved from /home/airflow/.local/lib/python3.12/site-packages/airflow/example_dags/example_task_group_decorator.py
[2026-06-01T19:49:30.028+0000] {logging_mixin.py:188} INFO - [2026-06-01T19:49:30.027+0000] {dag.py:3096} INFO - Sync 1 DAGs
[2026-06-01T19:49:30.054+0000] {logging_mixin.py:188} INFO - [2026-06-01T19:49:30.054+0000] {dag.py:3954} INFO - Setting next_dagrun for example_task_group_decorator to 2026-05-31 00:00:00+00:00, run_after=2026-06-01 00:00:00+00:00
[2026-06-01T19:49:30.077+0000] {processor.py:183} INFO - Processing /home/airflow/.local/lib/python3.12/site-packages/airflow/example_dags/example_task_group_decorator.py took 0.103 seconds
[2026-06-01T19:50:00.165+0000] {processor.py:161} INFO - Started process (PID=12116) to work on /home/airflow/.local/lib/python3.12/site-packages/airflow/example_dags/example_task_group_decorator.py
[2026-06-01T19:50:00.166+0000] {processor.py:830} INFO - Processing file /home/airflow/.local/lib/python3.12/site-packages/airflow/example_dags/example_task_group_decorator.py for tasks to queue
[2026-06-01T19:50:00.167+0000] {logging_mixin.py:188} INFO - [2026-06-01T19:50:00.167+0000] {dagbag.py:540} INFO - Filling up the DagBag from /home/airflow/.local/lib/python3.12/site-packages/airflow/example_dags/example_task_group_decorator.py
[2026-06-01T19:50:00.179+0000] {processor.py:840} INFO - DAG(s) 'example_task_group_decorator' retrieved from /home/airflow/.local/lib/python3.12/site-packages/airflow/example_dags/example_task_group_decorator.py
[2026-06-01T19:50:00.201+0000] {logging_mixin.py:188} INFO - [2026-06-01T19:50:00.201+0000] {dag.py:3096} INFO - Sync 1 DAGs
[2026-06-01T19:50:00.220+0000] {logging_mixin.py:188} INFO - [2026-06-01T19:50:00.220+0000] {dag.py:3954} INFO - Setting next_dagrun for example_task_group_decorator to 2026-05-31 00:00:00+00:00, run_after=2026-06-01 00:00:00+00:00
[2026-06-01T19:50:00.242+0000] {processor.py:183} INFO - Processing /home/airflow/.local/lib/python3.12/site-packages/airflow/example_dags/example_task_group_decorator.py took 0.082 seconds
[2026-06-01T19:50:30.288+0000] {processor.py:161} INFO - Started process (PID=12175) to work on /home/airflow/.local/lib/python3.12/site-packages/airflow/example_dags/example_task_group_decorator.py
[2026-06-01T19:50:30.290+0000] {processor.py:830} INFO - Processing file /home/airflow/.local/lib/python3.12/site-packages/airflow/example_dags/example_task_group_decorator.py for tasks to queue
[2026-06-01T19:50:30.292+0000] {logging_mixin.py:188} INFO - [2026-06-01T19:50:30.292+0000] {dagbag.py:540} INFO - Filling up the DagBag from /home/airflow/.local/lib/python3.12/site-packages/airflow/example_dags/example_task_group_decorator.py
[2026-06-01T19:50:30.304+0000] {processor.py:840} INFO - DAG(s) 'example_task_group_decorator' retrieved from /home/airflow/.local/lib/python3.12/site-packages/airflow/example_dags/example_task_group_decorator.py
[2026-06-01T19:50:30.327+0000] {logging_mixin.py:188} INFO - [2026-06-01T19:50:30.326+0000] {dag.py:3096} INFO - Sync 1 DAGs
[2026-06-01T19:50:30.346+0000] {logging_mixin.py:188} INFO - [2026-06-01T19:50:30.346+0000] {dag.py:3954} INFO - Setting next_dagrun for example_task_group_decorator to 2026-05-31 00:00:00+00:00, run_after=2026-06-01 00:00:00+00:00
[2026-06-01T19:50:30.363+0000] {processor.py:183} INFO - Processing /home/airflow/.local/lib/python3.12/site-packages/airflow/example_dags/example_task_group_decorator.py took 0.080 seconds
[2026-06-01T19:51:00.444+0000] {processor.py:161} INFO - Started process (PID=12234) to work on /home/airflow/.local/lib/python3.12/site-packages/airflow/example_dags/example_task_group_decorator.py
[2026-06-01T19:51:00.445+0000] {processor.py:830} INFO - Processing file /home/airflow/.local/lib/python3.12/site-packages/airflow/example_dags/example_task_group_decorator.py for tasks to queue
[2026-06-01T19:51:00.447+0000] {logging_mixin.py:188} INFO - [2026-06-01T19:51:00.447+0000] {dagbag.py:540} INFO - Filling up the DagBag from /home/airflow/.local/lib/python3.12/site-packages/airflow/example_dags/example_task_group_decorator.py
[2026-06-01T19:51:00.459+0000] {processor.py:840} INFO - DAG(s) 'example_task_group_decorator' retrieved from /home/airflow/.local/lib/python3.12/site-packages/airflow/example_dags/example_task_group_decorator.py
[2026-06-01T19:51:00.480+0000] {logging_mixin.py:188} INFO - [2026-06-01T19:51:00.479+0000] {dag.py:3096} INFO - Sync 1 DAGs
[2026-06-01T19:51:00.499+0000] {logging_mixin.py:188} INFO - [2026-06-01T19:51:00.499+0000] {dag.py:3954} INFO - Setting next_dagrun for example_task_group_decorator to 2026-05-31 00:00:00+00:00, run_after=2026-06-01 00:00:00+00:00
[2026-06-01T19:51:00.520+0000] {processor.py:183} INFO - Processing /home/airflow/.local/lib/python3.12/site-packages/airflow/example_dags/example_task_group_decorator.py took 0.081 seconds
[2026-06-01T19:51:30.653+0000] {processor.py:161} INFO - Started process (PID=12293) to work on /home/airflow/.local/lib/python3.12/site-packages/airflow/example_dags/example_task_group_decorator.py
[2026-06-01T19:51:30.654+0000] {processor.py:830} INFO - Processing file /home/airflow/.local/lib/python3.12/site-packages/airflow/example_dags/example_task_group_decorator.py for tasks to queue
[2026-06-01T19:51:30.656+0000] {logging_mixin.py:188} INFO - [2026-06-01T19:51:30.656+0000] {dagbag.py:540} INFO - Filling up the DagBag from /home/airflow/.local/lib/python3.12/site-packages/airflow/example_dags/example_task_group_decorator.py
[2026-06-01T19:51:30.668+0000] {processor.py:840} INFO - DAG(s) 'example_task_group_decorator' retrieved from /home/airflow/.local/lib/python3.12/site-packages/airflow/example_dags/example_task_group_decorator.py
[2026-06-01T19:51:30.690+0000] {logging_mixin.py:188} INFO - [2026-06-01T19:51:30.689+0000] {dag.py:3096} INFO - Sync 1 DAGs
[2026-06-01T19:51:30.709+0000] {logging_mixin.py:188} INFO - [2026-06-01T19:51:30.709+0000] {dag.py:3954} INFO - Setting next_dagrun for example_task_group_decorator to 2026-05-31 00:00:00+00:00, run_after=2026-06-01 00:00:00+00:00
[2026-06-01T19:51:30.729+0000] {processor.py:183} INFO - Processing /home/airflow/.local/lib/python3.12/site-packages/airflow/example_dags/example_task_group_decorator.py took 0.080 seconds
[2026-06-01T19:52:00.956+0000] {processor.py:161} INFO - Started process (PID=12352) to work on /home/airflow/.local/lib/python3.12/site-packages/airflow/example_dags/example_task_group_decorator.py
[2026-06-01T19:52:00.957+0000] {processor.py:830} INFO - Processing file /home/airflow/.local/lib/python3.12/site-packages/airflow/example_dags/example_task_group_decorator.py for tasks to queue
[2026-06-01T19:52:00.960+0000] {logging_mixin.py:188} INFO - [2026-06-01T19:52:00.959+0000] {dagbag.py:540} INFO - Filling up the DagBag from /home/airflow/.local/lib/python3.12/site-packages/airflow/example_dags/example_task_group_decorator.py
[2026-06-01T19:52:00.975+0000] {processor.py:840} INFO - DAG(s) 'example_task_group_decorator' retrieved from /home/airflow/.local/lib/python3.12/site-packages/airflow/example_dags/example_task_group_decorator.py
[2026-06-01T19:52:01.000+0000] {logging_mixin.py:188} INFO - [2026-06-01T19:52:00.999+0000] {dag.py:3096} INFO - Sync 1 DAGs
[2026-06-01T19:52:01.026+0000] {logging_mixin.py:188} INFO - [2026-06-01T19:52:01.025+0000] {dag.py:3954} INFO - Setting next_dagrun for example_task_group_decorator to 2026-05-31 00:00:00+00:00, run_after=2026-06-01 00:00:00+00:00
[2026-06-01T19:52:01.047+0000] {processor.py:183} INFO - Processing /home/airflow/.local/lib/python3.12/site-packages/airflow/example_dags/example_task_group_decorator.py took 0.096 seconds
[2026-06-01T19:52:31.090+0000] {processor.py:161} INFO - Started process (PID=12411) to work on /home/airflow/.local/lib/python3.12/site-packages/airflow/example_dags/example_task_group_decorator.py
[2026-06-01T19:52:31.092+0000] {processor.py:830} INFO - Processing file /home/airflow/.local/lib/python3.12/site-packages/airflow/example_dags/example_task_group_decorator.py for tasks to queue
[2026-06-01T19:52:31.093+0000] {logging_mixin.py:188} INFO - [2026-06-01T19:52:31.093+0000] {dagbag.py:540} INFO - Filling up the DagBag from /home/airflow/.local/lib/python3.12/site-packages/airflow/example_dags/example_task_group_decorator.py
[2026-06-01T19:52:31.106+0000] {processor.py:840} INFO - DAG(s) 'example_task_group_decorator' retrieved from /home/airflow/.local/lib/python3.12/site-packages/airflow/example_dags/example_task_group_decorator.py
[2026-06-01T19:52:31.125+0000] {logging_mixin.py:188} INFO - [2026-06-01T19:52:31.125+0000] {dag.py:3096} INFO - Sync 1 DAGs
[2026-06-01T19:52:31.144+0000] {logging_mixin.py:188} INFO - [2026-06-01T19:52:31.144+0000] {dag.py:3954} INFO - Setting next_dagrun for example_task_group_decorator to 2026-05-31 00:00:00+00:00, run_after=2026-06-01 00:00:00+00:00
[2026-06-01T19:52:31.161+0000] {processor.py:183} INFO - Processing /home/airflow/.local/lib/python3.12/site-packages/airflow/example_dags/example_task_group_decorator.py took 0.076 seconds
[2026-06-01T19:53:01.267+0000] {processor.py:161} INFO - Started process (PID=12470) to work on /home/airflow/.local/lib/python3.12/site-packages/airflow/example_dags/example_task_group_decorator.py
[2026-06-01T19:53:01.268+0000] {processor.py:830} INFO - Processing file /home/airflow/.local/lib/python3.12/site-packages/airflow/example_dags/example_task_group_decorator.py for tasks to queue
[2026-06-01T19:53:01.270+0000] {logging_mixin.py:188} INFO - [2026-06-01T19:53:01.270+0000] {dagbag.py:540} INFO - Filling up the DagBag from /home/airflow/.local/lib/python3.12/site-packages/airflow/example_dags/example_task_group_decorator.py
[2026-06-01T19:53:01.282+0000] {processor.py:840} INFO - DAG(s) 'example_task_group_decorator' retrieved from /home/airflow/.local/lib/python3.12/site-packages/airflow/example_dags/example_task_group_decorator.py
[2026-06-01T19:53:01.303+0000] {logging_mixin.py:188} INFO - [2026-06-01T19:53:01.303+0000] {dag.py:3096} INFO - Sync 1 DAGs
[2026-06-01T19:53:01.322+0000] {logging_mixin.py:188} INFO - [2026-06-01T19:53:01.322+0000] {dag.py:3954} INFO - Setting next_dagrun for example_task_group_decorator to 2026-05-31 00:00:00+00:00, run_after=2026-06-01 00:00:00+00:00
[2026-06-01T19:53:01.340+0000] {processor.py:183} INFO - Processing /home/airflow/.local/lib/python3.12/site-packages/airflow/example_dags/example_task_group_decorator.py took 0.079 seconds
[2026-06-01T19:53:32.298+0000] {processor.py:161} INFO - Started process (PID=12529) to work on /home/airflow/.local/lib/python3.12/site-packages/airflow/example_dags/example_task_group_decorator.py
[2026-06-01T19:53:32.299+0000] {processor.py:830} INFO - Processing file /home/airflow/.local/lib/python3.12/site-packages/airflow/example_dags/example_task_group_decorator.py for tasks to queue
[2026-06-01T19:53:32.301+0000] {logging_mixin.py:188} INFO - [2026-06-01T19:53:32.301+0000] {dagbag.py:540} INFO - Filling up the DagBag from /home/airflow/.local/lib/python3.12/site-packages/airflow/example_dags/example_task_group_decorator.py
[2026-06-01T19:53:32.314+0000] {processor.py:840} INFO - DAG(s) 'example_task_group_decorator' retrieved from /home/airflow/.local/lib/python3.12/site-packages/airflow/example_dags/example_task_group_decorator.py
[2026-06-01T19:53:32.337+0000] {logging_mixin.py:188} INFO - [2026-06-01T19:53:32.336+0000] {dag.py:3096} INFO - Sync 1 DAGs
[2026-06-01T19:53:32.356+0000] {logging_mixin.py:188} INFO - [2026-06-01T19:53:32.356+0000] {dag.py:3954} INFO - Setting next_dagrun for example_task_group_decorator to 2026-05-31 00:00:00+00:00, run_after=2026-06-01 00:00:00+00:00
[2026-06-01T19:53:32.373+0000] {processor.py:183} INFO - Processing /home/airflow/.local/lib/python3.12/site-packages/airflow/example_dags/example_task_group_decorator.py took 0.080 seconds
[2026-06-01T19:54:02.871+0000] {processor.py:161} INFO - Started process (PID=12588) to work on /home/airflow/.local/lib/python3.12/site-packages/airflow/example_dags/example_task_group_decorator.py
[2026-06-01T19:54:02.872+0000] {processor.py:830} INFO - Processing file /home/airflow/.local/lib/python3.12/site-packages/airflow/example_dags/example_task_group_decorator.py for tasks to queue
[2026-06-01T19:54:02.874+0000] {logging_mixin.py:188} INFO - [2026-06-01T19:54:02.873+0000] {dagbag.py:540} INFO - Filling up the DagBag from /home/airflow/.local/lib/python3.12/site-packages/airflow/example_dags/example_task_group_decorator.py
[2026-06-01T19:54:02.886+0000] {processor.py:840} INFO - DAG(s) 'example_task_group_decorator' retrieved from /home/airflow/.local/lib/python3.12/site-packages/airflow/example_dags/example_task_group_decorator.py
[2026-06-01T19:54:02.908+0000] {logging_mixin.py:188} INFO - [2026-06-01T19:54:02.908+0000] {dag.py:3096} INFO - Sync 1 DAGs
[2026-06-01T19:54:02.929+0000] {logging_mixin.py:188} INFO - [2026-06-01T19:54:02.928+0000] {dag.py:3954} INFO - Setting next_dagrun for example_task_group_decorator to 2026-05-31 00:00:00+00:00, run_after=2026-06-01 00:00:00+00:00
[2026-06-01T19:54:02.947+0000] {processor.py:183} INFO - Processing /home/airflow/.local/lib/python3.12/site-packages/airflow/example_dags/example_task_group_decorator.py took 0.080 seconds
[2026-06-01T19:54:33.496+0000] {processor.py:161} INFO - Started process (PID=12647) to work on /home/airflow/.local/lib/python3.12/site-packages/airflow/example_dags/example_task_group_decorator.py
[2026-06-01T19:54:33.497+0000] {processor.py:830} INFO - Processing file /home/airflow/.local/lib/python3.12/site-packages/airflow/example_dags/example_task_group_decorator.py for tasks to queue
[2026-06-01T19:54:33.499+0000] {logging_mixin.py:188} INFO - [2026-06-01T19:54:33.499+0000] {dagbag.py:540} INFO - Filling up the DagBag from /home/airflow/.local/lib/python3.12/site-packages/airflow/example_dags/example_task_group_decorator.py
[2026-06-01T19:54:33.513+0000] {processor.py:840} INFO - DAG(s) 'example_task_group_decorator' retrieved from /home/airflow/.local/lib/python3.12/site-packages/airflow/example_dags/example_task_group_decorator.py
[2026-06-01T19:54:33.536+0000] {logging_mixin.py:188} INFO - [2026-06-01T19:54:33.536+0000] {dag.py:3096} INFO - Sync 1 DAGs
[2026-06-01T19:54:33.555+0000] {logging_mixin.py:188} INFO - [2026-06-01T19:54:33.555+0000] {dag.py:3954} INFO - Setting next_dagrun for example_task_group_decorator to 2026-05-31 00:00:00+00:00, run_after=2026-06-01 00:00:00+00:00
[2026-06-01T19:54:33.570+0000] {processor.py:183} INFO - Processing /home/airflow/.local/lib/python3.12/site-packages/airflow/example_dags/example_task_group_decorator.py took 0.081 seconds
[2026-06-01T19:55:03.870+0000] {processor.py:161} INFO - Started process (PID=12706) to work on /home/airflow/.local/lib/python3.12/site-packages/airflow/example_dags/example_task_group_decorator.py
[2026-06-01T19:55:03.871+0000] {processor.py:830} INFO - Processing file /home/airflow/.local/lib/python3.12/site-packages/airflow/example_dags/example_task_group_decorator.py for tasks to queue
[2026-06-01T19:55:03.874+0000] {logging_mixin.py:188} INFO - [2026-06-01T19:55:03.873+0000] {dagbag.py:540} INFO - Filling up the DagBag from /home/airflow/.local/lib/python3.12/site-packages/airflow/example_dags/example_task_group_decorator.py
[2026-06-01T19:55:03.886+0000] {processor.py:840} INFO - DAG(s) 'example_task_group_decorator' retrieved from /home/airflow/.local/lib/python3.12/site-packages/airflow/example_dags/example_task_group_decorator.py
[2026-06-01T19:55:03.910+0000] {logging_mixin.py:188} INFO - [2026-06-01T19:55:03.910+0000] {dag.py:3096} INFO - Sync 1 DAGs
[2026-06-01T19:55:03.931+0000] {logging_mixin.py:188} INFO - [2026-06-01T19:55:03.931+0000] {dag.py:3954} INFO - Setting next_dagrun for example_task_group_decorator to 2026-05-31 00:00:00+00:00, run_after=2026-06-01 00:00:00+00:00
[2026-06-01T19:55:03.948+0000] {processor.py:183} INFO - Processing /home/airflow/.local/lib/python3.12/site-packages/airflow/example_dags/example_task_group_decorator.py took 0.083 seconds
[2026-06-01T19:55:34.506+0000] {processor.py:161} INFO - Started process (PID=12765) to work on /home/airflow/.local/lib/python3.12/site-packages/airflow/example_dags/example_task_group_decorator.py
[2026-06-01T19:55:34.507+0000] {processor.py:830} INFO - Processing file /home/airflow/.local/lib/python3.12/site-packages/airflow/example_dags/example_task_group_decorator.py for tasks to queue
[2026-06-01T19:55:34.509+0000] {logging_mixin.py:188} INFO - [2026-06-01T19:55:34.509+0000] {dagbag.py:540} INFO - Filling up the DagBag from /home/airflow/.local/lib/python3.12/site-packages/airflow/example_dags/example_task_group_decorator.py
[2026-06-01T19:55:34.522+0000] {processor.py:840} INFO - DAG(s) 'example_task_group_decorator' retrieved from /home/airflow/.local/lib/python3.12/site-packages/airflow/example_dags/example_task_group_decorator.py
[2026-06-01T19:55:34.552+0000] {logging_mixin.py:188} INFO - [2026-06-01T19:55:34.551+0000] {dag.py:3096} INFO - Sync 1 DAGs
[2026-06-01T19:55:34.572+0000] {logging_mixin.py:188} INFO - [2026-06-01T19:55:34.571+0000] {dag.py:3954} INFO - Setting next_dagrun for example_task_group_decorator to 2026-05-31 00:00:00+00:00, run_after=2026-06-01 00:00:00+00:00
[2026-06-01T19:55:34.590+0000] {processor.py:183} INFO - Processing /home/airflow/.local/lib/python3.12/site-packages/airflow/example_dags/example_task_group_decorator.py took 0.089 seconds
[2026-06-01T19:56:05.121+0000] {processor.py:161} INFO - Started process (PID=12824) to work on /home/airflow/.local/lib/python3.12/site-packages/airflow/example_dags/example_task_group_decorator.py
[2026-06-01T19:56:05.123+0000] {processor.py:830} INFO - Processing file /home/airflow/.local/lib/python3.12/site-packages/airflow/example_dags/example_task_group_decorator.py for tasks to queue
[2026-06-01T19:56:05.125+0000] {logging_mixin.py:188} INFO - [2026-06-01T19:56:05.124+0000] {dagbag.py:540} INFO - Filling up the DagBag from /home/airflow/.local/lib/python3.12/site-packages/airflow/example_dags/example_task_group_decorator.py
[2026-06-01T19:56:05.136+0000] {processor.py:840} INFO - DAG(s) 'example_task_group_decorator' retrieved from /home/airflow/.local/lib/python3.12/site-packages/airflow/example_dags/example_task_group_decorator.py
[2026-06-01T19:56:05.156+0000] {logging_mixin.py:188} INFO - [2026-06-01T19:56:05.156+0000] {dag.py:3096} INFO - Sync 1 DAGs
[2026-06-01T19:56:05.174+0000] {logging_mixin.py:188} INFO - [2026-06-01T19:56:05.174+0000] {dag.py:3954} INFO - Setting next_dagrun for example_task_group_decorator to 2026-05-31 00:00:00+00:00, run_after=2026-06-01 00:00:00+00:00
[2026-06-01T19:56:05.193+0000] {processor.py:183} INFO - Processing /home/airflow/.local/lib/python3.12/site-packages/airflow/example_dags/example_task_group_decorator.py took 0.077 seconds
[2026-06-01T19:56:35.708+0000] {processor.py:161} INFO - Started process (PID=12883) to work on /home/airflow/.local/lib/python3.12/site-packages/airflow/example_dags/example_task_group_decorator.py
[2026-06-01T19:56:35.709+0000] {processor.py:830} INFO - Processing file /home/airflow/.local/lib/python3.12/site-packages/airflow/example_dags/example_task_group_decorator.py for tasks to queue
[2026-06-01T19:56:35.711+0000] {logging_mixin.py:188} INFO - [2026-06-01T19:56:35.710+0000] {dagbag.py:540} INFO - Filling up the DagBag from /home/airflow/.local/lib/python3.12/site-packages/airflow/example_dags/example_task_group_decorator.py
[2026-06-01T19:56:35.722+0000] {processor.py:840} INFO - DAG(s) 'example_task_group_decorator' retrieved from /home/airflow/.local/lib/python3.12/site-packages/airflow/example_dags/example_task_group_decorator.py
[2026-06-01T19:56:35.744+0000] {logging_mixin.py:188} INFO - [2026-06-01T19:56:35.743+0000] {dag.py:3096} INFO - Sync 1 DAGs
[2026-06-01T19:56:35.762+0000] {logging_mixin.py:188} INFO - [2026-06-01T19:56:35.761+0000] {dag.py:3954} INFO - Setting next_dagrun for example_task_group_decorator to 2026-05-31 00:00:00+00:00, run_after=2026-06-01 00:00:00+00:00
[2026-06-01T19:56:35.778+0000] {processor.py:183} INFO - Processing /home/airflow/.local/lib/python3.12/site-packages/airflow/example_dags/example_task_group_decorator.py took 0.075 seconds
[2026-06-01T19:57:06.231+0000] {processor.py:161} INFO - Started process (PID=12942) to work on /home/airflow/.local/lib/python3.12/site-packages/airflow/example_dags/example_task_group_decorator.py
[2026-06-01T19:57:06.232+0000] {processor.py:830} INFO - Processing file /home/airflow/.local/lib/python3.12/site-packages/airflow/example_dags/example_task_group_decorator.py for tasks to queue
[2026-06-01T19:57:06.234+0000] {logging_mixin.py:188} INFO - [2026-06-01T19:57:06.233+0000] {dagbag.py:540} INFO - Filling up the DagBag from /home/airflow/.local/lib/python3.12/site-packages/airflow/example_dags/example_task_group_decorator.py
[2026-06-01T19:57:06.246+0000] {processor.py:840} INFO - DAG(s) 'example_task_group_decorator' retrieved from /home/airflow/.local/lib/python3.12/site-packages/airflow/example_dags/example_task_group_decorator.py
[2026-06-01T19:57:06.267+0000] {logging_mixin.py:188} INFO - [2026-06-01T19:57:06.267+0000] {dag.py:3096} INFO - Sync 1 DAGs
[2026-06-01T19:57:06.287+0000] {logging_mixin.py:188} INFO - [2026-06-01T19:57:06.286+0000] {dag.py:3954} INFO - Setting next_dagrun for example_task_group_decorator to 2026-05-31 00:00:00+00:00, run_after=2026-06-01 00:00:00+00:00
[2026-06-01T19:57:06.304+0000] {processor.py:183} INFO - Processing /home/airflow/.local/lib/python3.12/site-packages/airflow/example_dags/example_task_group_decorator.py took 0.078 seconds
[2026-06-01T19:57:36.558+0000] {processor.py:161} INFO - Started process (PID=13001) to work on /home/airflow/.local/lib/python3.12/site-packages/airflow/example_dags/example_task_group_decorator.py
[2026-06-01T19:57:36.559+0000] {processor.py:830} INFO - Processing file /home/airflow/.local/lib/python3.12/site-packages/airflow/example_dags/example_task_group_decorator.py for tasks to queue
[2026-06-01T19:57:36.561+0000] {logging_mixin.py:188} INFO - [2026-06-01T19:57:36.561+0000] {dagbag.py:540} INFO - Filling up the DagBag from /home/airflow/.local/lib/python3.12/site-packages/airflow/example_dags/example_task_group_decorator.py
[2026-06-01T19:57:36.574+0000] {processor.py:840} INFO - DAG(s) 'example_task_group_decorator' retrieved from /home/airflow/.local/lib/python3.12/site-packages/airflow/example_dags/example_task_group_decorator.py
[2026-06-01T19:57:36.595+0000] {logging_mixin.py:188} INFO - [2026-06-01T19:57:36.594+0000] {dag.py:3096} INFO - Sync 1 DAGs
[2026-06-01T19:57:36.614+0000] {logging_mixin.py:188} INFO - [2026-06-01T19:57:36.614+0000] {dag.py:3954} INFO - Setting next_dagrun for example_task_group_decorator to 2026-05-31 00:00:00+00:00, run_after=2026-06-01 00:00:00+00:00
[2026-06-01T19:57:36.630+0000] {processor.py:183} INFO - Processing /home/airflow/.local/lib/python3.12/site-packages/airflow/example_dags/example_task_group_decorator.py took 0.077 seconds
[2026-06-01T19:58:07.227+0000] {processor.py:161} INFO - Started process (PID=13060) to work on /home/airflow/.local/lib/python3.12/site-packages/airflow/example_dags/example_task_group_decorator.py
[2026-06-01T19:58:07.229+0000] {processor.py:830} INFO - Processing file /home/airflow/.local/lib/python3.12/site-packages/airflow/example_dags/example_task_group_decorator.py for tasks to queue
[2026-06-01T19:58:07.231+0000] {logging_mixin.py:188} INFO - [2026-06-01T19:58:07.231+0000] {dagbag.py:540} INFO - Filling up the DagBag from /home/airflow/.local/lib/python3.12/site-packages/airflow/example_dags/example_task_group_decorator.py
[2026-06-01T19:58:07.245+0000] {processor.py:840} INFO - DAG(s) 'example_task_group_decorator' retrieved from /home/airflow/.local/lib/python3.12/site-packages/airflow/example_dags/example_task_group_decorator.py
[2026-06-01T19:58:07.266+0000] {logging_mixin.py:188} INFO - [2026-06-01T19:58:07.266+0000] {dag.py:3096} INFO - Sync 1 DAGs
[2026-06-01T19:58:07.288+0000] {logging_mixin.py:188} INFO - [2026-06-01T19:58:07.288+0000] {dag.py:3954} INFO - Setting next_dagrun for example_task_group_decorator to 2026-05-31 00:00:00+00:00, run_after=2026-06-01 00:00:00+00:00
[2026-06-01T19:58:07.319+0000] {processor.py:183} INFO - Processing /home/airflow/.local/lib/python3.12/site-packages/airflow/example_dags/example_task_group_decorator.py took 0.098 seconds
[2026-06-01T19:58:37.960+0000] {processor.py:161} INFO - Started process (PID=13119) to work on /home/airflow/.local/lib/python3.12/site-packages/airflow/example_dags/example_task_group_decorator.py
[2026-06-01T19:58:37.962+0000] {processor.py:830} INFO - Processing file /home/airflow/.local/lib/python3.12/site-packages/airflow/example_dags/example_task_group_decorator.py for tasks to queue
[2026-06-01T19:58:37.964+0000] {logging_mixin.py:188} INFO - [2026-06-01T19:58:37.963+0000] {dagbag.py:540} INFO - Filling up the DagBag from /home/airflow/.local/lib/python3.12/site-packages/airflow/example_dags/example_task_group_decorator.py
[2026-06-01T19:58:37.977+0000] {processor.py:840} INFO - DAG(s) 'example_task_group_decorator' retrieved from /home/airflow/.local/lib/python3.12/site-packages/airflow/example_dags/example_task_group_decorator.py
[2026-06-01T19:58:38.005+0000] {logging_mixin.py:188} INFO - [2026-06-01T19:58:38.004+0000] {dag.py:3096} INFO - Sync 1 DAGs
[2026-06-01T19:58:38.025+0000] {logging_mixin.py:188} INFO - [2026-06-01T19:58:38.025+0000] {dag.py:3954} INFO - Setting next_dagrun for example_task_group_decorator to 2026-05-31 00:00:00+00:00, run_after=2026-06-01 00:00:00+00:00
[2026-06-01T19:58:38.045+0000] {processor.py:183} INFO - Processing /home/airflow/.local/lib/python3.12/site-packages/airflow/example_dags/example_task_group_decorator.py took 0.090 seconds
[2026-06-01T19:59:08.124+0000] {processor.py:161} INFO - Started process (PID=13178) to work on /home/airflow/.local/lib/python3.12/site-packages/airflow/example_dags/example_task_group_decorator.py
[2026-06-01T19:59:08.124+0000] {processor.py:830} INFO - Processing file /home/airflow/.local/lib/python3.12/site-packages/airflow/example_dags/example_task_group_decorator.py for tasks to queue
[2026-06-01T19:59:08.126+0000] {logging_mixin.py:188} INFO - [2026-06-01T19:59:08.126+0000] {dagbag.py:540} INFO - Filling up the DagBag from /home/airflow/.local/lib/python3.12/site-packages/airflow/example_dags/example_task_group_decorator.py
[2026-06-01T19:59:08.138+0000] {processor.py:840} INFO - DAG(s) 'example_task_group_decorator' retrieved from /home/airflow/.local/lib/python3.12/site-packages/airflow/example_dags/example_task_group_decorator.py
[2026-06-01T19:59:08.165+0000] {logging_mixin.py:188} INFO - [2026-06-01T19:59:08.165+0000] {dag.py:3096} INFO - Sync 1 DAGs
[2026-06-01T19:59:08.187+0000] {logging_mixin.py:188} INFO - [2026-06-01T19:59:08.186+0000] {dag.py:3954} INFO - Setting next_dagrun for example_task_group_decorator to 2026-05-31 00:00:00+00:00, run_after=2026-06-01 00:00:00+00:00
[2026-06-01T19:59:08.204+0000] {processor.py:183} INFO - Processing /home/airflow/.local/lib/python3.12/site-packages/airflow/example_dags/example_task_group_decorator.py took 0.086 seconds
[2026-06-01T19:59:38.799+0000] {processor.py:161} INFO - Started process (PID=13237) to work on /home/airflow/.local/lib/python3.12/site-packages/airflow/example_dags/example_task_group_decorator.py
[2026-06-01T19:59:38.800+0000] {processor.py:830} INFO - Processing file /home/airflow/.local/lib/python3.12/site-packages/airflow/example_dags/example_task_group_decorator.py for tasks to queue
[2026-06-01T19:59:38.804+0000] {logging_mixin.py:188} INFO - [2026-06-01T19:59:38.803+0000] {dagbag.py:540} INFO - Filling up the DagBag from /home/airflow/.local/lib/python3.12/site-packages/airflow/example_dags/example_task_group_decorator.py
[2026-06-01T19:59:38.819+0000] {processor.py:840} INFO - DAG(s) 'example_task_group_decorator' retrieved from /home/airflow/.local/lib/python3.12/site-packages/airflow/example_dags/example_task_group_decorator.py
[2026-06-01T19:59:38.846+0000] {logging_mixin.py:188} INFO - [2026-06-01T19:59:38.846+0000] {dag.py:3096} INFO - Sync 1 DAGs
[2026-06-01T19:59:38.864+0000] {logging_mixin.py:188} INFO - [2026-06-01T19:59:38.864+0000] {dag.py:3954} INFO - Setting next_dagrun for example_task_group_decorator to 2026-05-31 00:00:00+00:00, run_after=2026-06-01 00:00:00+00:00
[2026-06-01T19:59:38.882+0000] {processor.py:183} INFO - Processing /home/airflow/.local/lib/python3.12/site-packages/airflow/example_dags/example_task_group_decorator.py took 0.091 seconds
[2026-06-01T20:00:09.370+0000] {processor.py:161} INFO - Started process (PID=13296) to work on /home/airflow/.local/lib/python3.12/site-packages/airflow/example_dags/example_task_group_decorator.py
[2026-06-01T20:00:09.371+0000] {processor.py:830} INFO - Processing file /home/airflow/.local/lib/python3.12/site-packages/airflow/example_dags/example_task_group_decorator.py for tasks to queue
[2026-06-01T20:00:09.373+0000] {logging_mixin.py:188} INFO - [2026-06-01T20:00:09.373+0000] {dagbag.py:540} INFO - Filling up the DagBag from /home/airflow/.local/lib/python3.12/site-packages/airflow/example_dags/example_task_group_decorator.py
[2026-06-01T20:00:09.385+0000] {processor.py:840} INFO - DAG(s) 'example_task_group_decorator' retrieved from /home/airflow/.local/lib/python3.12/site-packages/airflow/example_dags/example_task_group_decorator.py
[2026-06-01T20:00:09.407+0000] {logging_mixin.py:188} INFO - [2026-06-01T20:00:09.407+0000] {dag.py:3096} INFO - Sync 1 DAGs
[2026-06-01T20:00:09.426+0000] {logging_mixin.py:188} INFO - [2026-06-01T20:00:09.426+0000] {dag.py:3954} INFO - Setting next_dagrun for example_task_group_decorator to 2026-05-31 00:00:00+00:00, run_after=2026-06-01 00:00:00+00:00
[2026-06-01T20:00:09.444+0000] {processor.py:183} INFO - Processing /home/airflow/.local/lib/python3.12/site-packages/airflow/example_dags/example_task_group_decorator.py took 0.080 seconds
[2026-06-01T20:00:39.717+0000] {processor.py:161} INFO - Started process (PID=13355) to work on /home/airflow/.local/lib/python3.12/site-packages/airflow/example_dags/example_task_group_decorator.py
[2026-06-01T20:00:39.718+0000] {processor.py:830} INFO - Processing file /home/airflow/.local/lib/python3.12/site-packages/airflow/example_dags/example_task_group_decorator.py for tasks to queue
[2026-06-01T20:00:39.720+0000] {logging_mixin.py:188} INFO - [2026-06-01T20:00:39.720+0000] {dagbag.py:540} INFO - Filling up the DagBag from /home/airflow/.local/lib/python3.12/site-packages/airflow/example_dags/example_task_group_decorator.py
[2026-06-01T20:00:39.732+0000] {processor.py:840} INFO - DAG(s) 'example_task_group_decorator' retrieved from /home/airflow/.local/lib/python3.12/site-packages/airflow/example_dags/example_task_group_decorator.py
[2026-06-01T20:00:39.755+0000] {logging_mixin.py:188} INFO - [2026-06-01T20:00:39.755+0000] {dag.py:3096} INFO - Sync 1 DAGs
[2026-06-01T20:00:39.775+0000] {logging_mixin.py:188} INFO - [2026-06-01T20:00:39.774+0000] {dag.py:3954} INFO - Setting next_dagrun for example_task_group_decorator to 2026-05-31 00:00:00+00:00, run_after=2026-06-01 00:00:00+00:00
[2026-06-01T20:00:39.792+0000] {processor.py:183} INFO - Processing /home/airflow/.local/lib/python3.12/site-packages/airflow/example_dags/example_task_group_decorator.py took 0.080 seconds
[2026-06-01T20:01:09.855+0000] {processor.py:161} INFO - Started process (PID=13414) to work on /home/airflow/.local/lib/python3.12/site-packages/airflow/example_dags/example_task_group_decorator.py
[2026-06-01T20:01:09.856+0000] {processor.py:830} INFO - Processing file /home/airflow/.local/lib/python3.12/site-packages/airflow/example_dags/example_task_group_decorator.py for tasks to queue
[2026-06-01T20:01:09.858+0000] {logging_mixin.py:188} INFO - [2026-06-01T20:01:09.857+0000] {dagbag.py:540} INFO - Filling up the DagBag from /home/airflow/.local/lib/python3.12/site-packages/airflow/example_dags/example_task_group_decorator.py
[2026-06-01T20:01:09.869+0000] {processor.py:840} INFO - DAG(s) 'example_task_group_decorator' retrieved from /home/airflow/.local/lib/python3.12/site-packages/airflow/example_dags/example_task_group_decorator.py
[2026-06-01T20:01:09.890+0000] {logging_mixin.py:188} INFO - [2026-06-01T20:01:09.890+0000] {dag.py:3096} INFO - Sync 1 DAGs
[2026-06-01T20:01:09.908+0000] {logging_mixin.py:188} INFO - [2026-06-01T20:01:09.908+0000] {dag.py:3954} INFO - Setting next_dagrun for example_task_group_decorator to 2026-05-31 00:00:00+00:00, run_after=2026-06-01 00:00:00+00:00
[2026-06-01T20:01:09.927+0000] {processor.py:183} INFO - Processing /home/airflow/.local/lib/python3.12/site-packages/airflow/example_dags/example_task_group_decorator.py took 0.077 seconds
[2026-06-01T20:01:39.992+0000] {processor.py:161} INFO - Started process (PID=13473) to work on /home/airflow/.local/lib/python3.12/site-packages/airflow/example_dags/example_task_group_decorator.py
[2026-06-01T20:01:39.992+0000] {processor.py:830} INFO - Processing file /home/airflow/.local/lib/python3.12/site-packages/airflow/example_dags/example_task_group_decorator.py for tasks to queue
[2026-06-01T20:01:39.994+0000] {logging_mixin.py:188} INFO - [2026-06-01T20:01:39.994+0000] {dagbag.py:540} INFO - Filling up the DagBag from /home/airflow/.local/lib/python3.12/site-packages/airflow/example_dags/example_task_group_decorator.py
[2026-06-01T20:01:40.006+0000] {processor.py:840} INFO - DAG(s) 'example_task_group_decorator' retrieved from /home/airflow/.local/lib/python3.12/site-packages/airflow/example_dags/example_task_group_decorator.py
[2026-06-01T20:01:40.027+0000] {logging_mixin.py:188} INFO - [2026-06-01T20:01:40.026+0000] {dag.py:3096} INFO - Sync 1 DAGs
[2026-06-01T20:01:40.045+0000] {logging_mixin.py:188} INFO - [2026-06-01T20:01:40.045+0000] {dag.py:3954} INFO - Setting next_dagrun for example_task_group_decorator to 2026-05-31 00:00:00+00:00, run_after=2026-06-01 00:00:00+00:00
[2026-06-01T20:01:40.063+0000] {processor.py:183} INFO - Processing /home/airflow/.local/lib/python3.12/site-packages/airflow/example_dags/example_task_group_decorator.py took 0.076 seconds
[2026-06-01T20:02:10.348+0000] {processor.py:161} INFO - Started process (PID=13532) to work on /home/airflow/.local/lib/python3.12/site-packages/airflow/example_dags/example_task_group_decorator.py
[2026-06-01T20:02:10.349+0000] {processor.py:830} INFO - Processing file /home/airflow/.local/lib/python3.12/site-packages/airflow/example_dags/example_task_group_decorator.py for tasks to queue
[2026-06-01T20:02:10.351+0000] {logging_mixin.py:188} INFO - [2026-06-01T20:02:10.350+0000] {dagbag.py:540} INFO - Filling up the DagBag from /home/airflow/.local/lib/python3.12/site-packages/airflow/example_dags/example_task_group_decorator.py
[2026-06-01T20:02:10.362+0000] {processor.py:840} INFO - DAG(s) 'example_task_group_decorator' retrieved from /home/airflow/.local/lib/python3.12/site-packages/airflow/example_dags/example_task_group_decorator.py
[2026-06-01T20:02:10.383+0000] {logging_mixin.py:188} INFO - [2026-06-01T20:02:10.382+0000] {dag.py:3096} INFO - Sync 1 DAGs
[2026-06-01T20:02:10.402+0000] {logging_mixin.py:188} INFO - [2026-06-01T20:02:10.401+0000] {dag.py:3954} INFO - Setting next_dagrun for example_task_group_decorator to 2026-05-31 00:00:00+00:00, run_after=2026-06-01 00:00:00+00:00
[2026-06-01T20:02:10.421+0000] {processor.py:183} INFO - Processing /home/airflow/.local/lib/python3.12/site-packages/airflow/example_dags/example_task_group_decorator.py took 0.079 seconds
[2026-06-01T20:02:40.519+0000] {processor.py:161} INFO - Started process (PID=13591) to work on /home/airflow/.local/lib/python3.12/site-packages/airflow/example_dags/example_task_group_decorator.py
[2026-06-01T20:02:40.520+0000] {processor.py:830} INFO - Processing file /home/airflow/.local/lib/python3.12/site-packages/airflow/example_dags/example_task_group_decorator.py for tasks to queue
[2026-06-01T20:02:40.522+0000] {logging_mixin.py:188} INFO - [2026-06-01T20:02:40.522+0000] {dagbag.py:540} INFO - Filling up the DagBag from /home/airflow/.local/lib/python3.12/site-packages/airflow/example_dags/example_task_group_decorator.py
[2026-06-01T20:02:40.535+0000] {processor.py:840} INFO - DAG(s) 'example_task_group_decorator' retrieved from /home/airflow/.local/lib/python3.12/site-packages/airflow/example_dags/example_task_group_decorator.py
[2026-06-01T20:02:40.558+0000] {logging_mixin.py:188} INFO - [2026-06-01T20:02:40.558+0000] {dag.py:3096} INFO - Sync 1 DAGs
[2026-06-01T20:02:40.579+0000] {logging_mixin.py:188} INFO - [2026-06-01T20:02:40.579+0000] {dag.py:3954} INFO - Setting next_dagrun for example_task_group_decorator to 2026-05-31 00:00:00+00:00, run_after=2026-06-01 00:00:00+00:00
[2026-06-01T20:02:40.597+0000] {processor.py:183} INFO - Processing /home/airflow/.local/lib/python3.12/site-packages/airflow/example_dags/example_task_group_decorator.py took 0.083 seconds
[2026-06-01T20:03:10.726+0000] {processor.py:161} INFO - Started process (PID=13650) to work on /home/airflow/.local/lib/python3.12/site-packages/airflow/example_dags/example_task_group_decorator.py
[2026-06-01T20:03:10.727+0000] {processor.py:830} INFO - Processing file /home/airflow/.local/lib/python3.12/site-packages/airflow/example_dags/example_task_group_decorator.py for tasks to queue
[2026-06-01T20:03:10.729+0000] {logging_mixin.py:188} INFO - [2026-06-01T20:03:10.728+0000] {dagbag.py:540} INFO - Filling up the DagBag from /home/airflow/.local/lib/python3.12/site-packages/airflow/example_dags/example_task_group_decorator.py
[2026-06-01T20:03:10.741+0000] {processor.py:840} INFO - DAG(s) 'example_task_group_decorator' retrieved from /home/airflow/.local/lib/python3.12/site-packages/airflow/example_dags/example_task_group_decorator.py
[2026-06-01T20:03:10.764+0000] {logging_mixin.py:188} INFO - [2026-06-01T20:03:10.764+0000] {dag.py:3096} INFO - Sync 1 DAGs
[2026-06-01T20:03:10.785+0000] {logging_mixin.py:188} INFO - [2026-06-01T20:03:10.784+0000] {dag.py:3954} INFO - Setting next_dagrun for example_task_group_decorator to 2026-05-31 00:00:00+00:00, run_after=2026-06-01 00:00:00+00:00
[2026-06-01T20:03:10.802+0000] {processor.py:183} INFO - Processing /home/airflow/.local/lib/python3.12/site-packages/airflow/example_dags/example_task_group_decorator.py took 0.081 seconds
[2026-06-01T20:03:41.469+0000] {processor.py:161} INFO - Started process (PID=13708) to work on /home/airflow/.local/lib/python3.12/site-packages/airflow/example_dags/example_task_group_decorator.py
[2026-06-01T20:03:41.470+0000] {processor.py:830} INFO - Processing file /home/airflow/.local/lib/python3.12/site-packages/airflow/example_dags/example_task_group_decorator.py for tasks to queue
[2026-06-01T20:03:41.472+0000] {logging_mixin.py:188} INFO - [2026-06-01T20:03:41.472+0000] {dagbag.py:540} INFO - Filling up the DagBag from /home/airflow/.local/lib/python3.12/site-packages/airflow/example_dags/example_task_group_decorator.py
[2026-06-01T20:03:41.485+0000] {processor.py:840} INFO - DAG(s) 'example_task_group_decorator' retrieved from /home/airflow/.local/lib/python3.12/site-packages/airflow/example_dags/example_task_group_decorator.py
[2026-06-01T20:03:41.506+0000] {logging_mixin.py:188} INFO - [2026-06-01T20:03:41.506+0000] {dag.py:3096} INFO - Sync 1 DAGs
[2026-06-01T20:03:41.527+0000] {logging_mixin.py:188} INFO - [2026-06-01T20:03:41.526+0000] {dag.py:3954} INFO - Setting next_dagrun for example_task_group_decorator to 2026-05-31 00:00:00+00:00, run_after=2026-06-01 00:00:00+00:00
[2026-06-01T20:03:41.546+0000] {processor.py:183} INFO - Processing /home/airflow/.local/lib/python3.12/site-packages/airflow/example_dags/example_task_group_decorator.py took 0.082 seconds
[2026-06-01T20:04:12.265+0000] {processor.py:161} INFO - Started process (PID=13767) to work on /home/airflow/.local/lib/python3.12/site-packages/airflow/example_dags/example_task_group_decorator.py
[2026-06-01T20:04:12.266+0000] {processor.py:830} INFO - Processing file /home/airflow/.local/lib/python3.12/site-packages/airflow/example_dags/example_task_group_decorator.py for tasks to queue
[2026-06-01T20:04:12.267+0000] {logging_mixin.py:188} INFO - [2026-06-01T20:04:12.267+0000] {dagbag.py:540} INFO - Filling up the DagBag from /home/airflow/.local/lib/python3.12/site-packages/airflow/example_dags/example_task_group_decorator.py
[2026-06-01T20:04:12.281+0000] {processor.py:840} INFO - DAG(s) 'example_task_group_decorator' retrieved from /home/airflow/.local/lib/python3.12/site-packages/airflow/example_dags/example_task_group_decorator.py
[2026-06-01T20:04:12.302+0000] {logging_mixin.py:188} INFO - [2026-06-01T20:04:12.301+0000] {dag.py:3096} INFO - Sync 1 DAGs
[2026-06-01T20:04:12.320+0000] {logging_mixin.py:188} INFO - [2026-06-01T20:04:12.320+0000] {dag.py:3954} INFO - Setting next_dagrun for example_task_group_decorator to 2026-05-31 00:00:00+00:00, run_after=2026-06-01 00:00:00+00:00
[2026-06-01T20:04:12.338+0000] {processor.py:183} INFO - Processing /home/airflow/.local/lib/python3.12/site-packages/airflow/example_dags/example_task_group_decorator.py took 0.079 seconds
[2026-06-01T20:04:42.495+0000] {processor.py:161} INFO - Started process (PID=13826) to work on /home/airflow/.local/lib/python3.12/site-packages/airflow/example_dags/example_task_group_decorator.py
[2026-06-01T20:04:42.496+0000] {processor.py:830} INFO - Processing file /home/airflow/.local/lib/python3.12/site-packages/airflow/example_dags/example_task_group_decorator.py for tasks to queue
[2026-06-01T20:04:42.498+0000] {logging_mixin.py:188} INFO - [2026-06-01T20:04:42.497+0000] {dagbag.py:540} INFO - Filling up the DagBag from /home/airflow/.local/lib/python3.12/site-packages/airflow/example_dags/example_task_group_decorator.py
[2026-06-01T20:04:42.511+0000] {processor.py:840} INFO - DAG(s) 'example_task_group_decorator' retrieved from /home/airflow/.local/lib/python3.12/site-packages/airflow/example_dags/example_task_group_decorator.py
[2026-06-01T20:04:42.533+0000] {logging_mixin.py:188} INFO - [2026-06-01T20:04:42.533+0000] {dag.py:3096} INFO - Sync 1 DAGs
[2026-06-01T20:04:42.552+0000] {logging_mixin.py:188} INFO - [2026-06-01T20:04:42.552+0000] {dag.py:3954} INFO - Setting next_dagrun for example_task_group_decorator to 2026-05-31 00:00:00+00:00, run_after=2026-06-01 00:00:00+00:00
[2026-06-01T20:04:42.568+0000] {processor.py:183} INFO - Processing /home/airflow/.local/lib/python3.12/site-packages/airflow/example_dags/example_task_group_decorator.py took 0.078 seconds
[2026-06-01T20:05:13.120+0000] {processor.py:161} INFO - Started process (PID=13885) to work on /home/airflow/.local/lib/python3.12/site-packages/airflow/example_dags/example_task_group_decorator.py
[2026-06-01T20:05:13.121+0000] {processor.py:830} INFO - Processing file /home/airflow/.local/lib/python3.12/site-packages/airflow/example_dags/example_task_group_decorator.py for tasks to queue
[2026-06-01T20:05:13.123+0000] {logging_mixin.py:188} INFO - [2026-06-01T20:05:13.122+0000] {dagbag.py:540} INFO - Filling up the DagBag from /home/airflow/.local/lib/python3.12/site-packages/airflow/example_dags/example_task_group_decorator.py
[2026-06-01T20:05:13.136+0000] {processor.py:840} INFO - DAG(s) 'example_task_group_decorator' retrieved from /home/airflow/.local/lib/python3.12/site-packages/airflow/example_dags/example_task_group_decorator.py
[2026-06-01T20:05:13.158+0000] {logging_mixin.py:188} INFO - [2026-06-01T20:05:13.158+0000] {dag.py:3096} INFO - Sync 1 DAGs
[2026-06-01T20:05:13.178+0000] {logging_mixin.py:188} INFO - [2026-06-01T20:05:13.178+0000] {dag.py:3954} INFO - Setting next_dagrun for example_task_group_decorator to 2026-05-31 00:00:00+00:00, run_after=2026-06-01 00:00:00+00:00
[2026-06-01T20:05:13.194+0000] {processor.py:183} INFO - Processing /home/airflow/.local/lib/python3.12/site-packages/airflow/example_dags/example_task_group_decorator.py took 0.081 seconds
[2026-06-01T20:05:43.864+0000] {processor.py:161} INFO - Started process (PID=13944) to work on /home/airflow/.local/lib/python3.12/site-packages/airflow/example_dags/example_task_group_decorator.py
[2026-06-01T20:05:43.865+0000] {processor.py:830} INFO - Processing file /home/airflow/.local/lib/python3.12/site-packages/airflow/example_dags/example_task_group_decorator.py for tasks to queue
[2026-06-01T20:05:43.867+0000] {logging_mixin.py:188} INFO - [2026-06-01T20:05:43.867+0000] {dagbag.py:540} INFO - Filling up the DagBag from /home/airflow/.local/lib/python3.12/site-packages/airflow/example_dags/example_task_group_decorator.py
[2026-06-01T20:05:43.879+0000] {processor.py:840} INFO - DAG(s) 'example_task_group_decorator' retrieved from /home/airflow/.local/lib/python3.12/site-packages/airflow/example_dags/example_task_group_decorator.py
[2026-06-01T20:05:43.901+0000] {logging_mixin.py:188} INFO - [2026-06-01T20:05:43.901+0000] {dag.py:3096} INFO - Sync 1 DAGs
[2026-06-01T20:05:43.921+0000] {logging_mixin.py:188} INFO - [2026-06-01T20:05:43.920+0000] {dag.py:3954} INFO - Setting next_dagrun for example_task_group_decorator to 2026-05-31 00:00:00+00:00, run_after=2026-06-01 00:00:00+00:00
[2026-06-01T20:05:43.941+0000] {processor.py:183} INFO - Processing /home/airflow/.local/lib/python3.12/site-packages/airflow/example_dags/example_task_group_decorator.py took 0.081 seconds
[2026-06-01T20:06:14.635+0000] {processor.py:161} INFO - Started process (PID=14003) to work on /home/airflow/.local/lib/python3.12/site-packages/airflow/example_dags/example_task_group_decorator.py
[2026-06-01T20:06:14.637+0000] {processor.py:830} INFO - Processing file /home/airflow/.local/lib/python3.12/site-packages/airflow/example_dags/example_task_group_decorator.py for tasks to queue
[2026-06-01T20:06:14.639+0000] {logging_mixin.py:188} INFO - [2026-06-01T20:06:14.638+0000] {dagbag.py:540} INFO - Filling up the DagBag from /home/airflow/.local/lib/python3.12/site-packages/airflow/example_dags/example_task_group_decorator.py
[2026-06-01T20:06:14.654+0000] {processor.py:840} INFO - DAG(s) 'example_task_group_decorator' retrieved from /home/airflow/.local/lib/python3.12/site-packages/airflow/example_dags/example_task_group_decorator.py
[2026-06-01T20:06:14.678+0000] {logging_mixin.py:188} INFO - [2026-06-01T20:06:14.677+0000] {dag.py:3096} INFO - Sync 1 DAGs
[2026-06-01T20:06:14.699+0000] {logging_mixin.py:188} INFO - [2026-06-01T20:06:14.699+0000] {dag.py:3954} INFO - Setting next_dagrun for example_task_group_decorator to 2026-05-31 00:00:00+00:00, run_after=2026-06-01 00:00:00+00:00
[2026-06-01T20:06:14.717+0000] {processor.py:183} INFO - Processing /home/airflow/.local/lib/python3.12/site-packages/airflow/example_dags/example_task_group_decorator.py took 0.086 seconds
[2026-06-01T20:06:44.824+0000] {processor.py:161} INFO - Started process (PID=14062) to work on /home/airflow/.local/lib/python3.12/site-packages/airflow/example_dags/example_task_group_decorator.py
[2026-06-01T20:06:44.825+0000] {processor.py:830} INFO - Processing file /home/airflow/.local/lib/python3.12/site-packages/airflow/example_dags/example_task_group_decorator.py for tasks to queue
[2026-06-01T20:06:44.827+0000] {logging_mixin.py:188} INFO - [2026-06-01T20:06:44.827+0000] {dagbag.py:540} INFO - Filling up the DagBag from /home/airflow/.local/lib/python3.12/site-packages/airflow/example_dags/example_task_group_decorator.py
[2026-06-01T20:06:44.839+0000] {processor.py:840} INFO - DAG(s) 'example_task_group_decorator' retrieved from /home/airflow/.local/lib/python3.12/site-packages/airflow/example_dags/example_task_group_decorator.py
[2026-06-01T20:06:44.861+0000] {logging_mixin.py:188} INFO - [2026-06-01T20:06:44.860+0000] {dag.py:3096} INFO - Sync 1 DAGs
[2026-06-01T20:06:44.880+0000] {logging_mixin.py:188} INFO - [2026-06-01T20:06:44.880+0000] {dag.py:3954} INFO - Setting next_dagrun for example_task_group_decorator to 2026-05-31 00:00:00+00:00, run_after=2026-06-01 00:00:00+00:00
[2026-06-01T20:06:44.896+0000] {processor.py:183} INFO - Processing /home/airflow/.local/lib/python3.12/site-packages/airflow/example_dags/example_task_group_decorator.py took 0.078 seconds
[2026-06-01T20:07:15.144+0000] {processor.py:161} INFO - Started process (PID=14121) to work on /home/airflow/.local/lib/python3.12/site-packages/airflow/example_dags/example_task_group_decorator.py
[2026-06-01T20:07:15.145+0000] {processor.py:830} INFO - Processing file /home/airflow/.local/lib/python3.12/site-packages/airflow/example_dags/example_task_group_decorator.py for tasks to queue
[2026-06-01T20:07:15.147+0000] {logging_mixin.py:188} INFO - [2026-06-01T20:07:15.146+0000] {dagbag.py:540} INFO - Filling up the DagBag from /home/airflow/.local/lib/python3.12/site-packages/airflow/example_dags/example_task_group_decorator.py
[2026-06-01T20:07:15.161+0000] {processor.py:840} INFO - DAG(s) 'example_task_group_decorator' retrieved from /home/airflow/.local/lib/python3.12/site-packages/airflow/example_dags/example_task_group_decorator.py
[2026-06-01T20:07:15.185+0000] {logging_mixin.py:188} INFO - [2026-06-01T20:07:15.185+0000] {dag.py:3096} INFO - Sync 1 DAGs
[2026-06-01T20:07:15.207+0000] {logging_mixin.py:188} INFO - [2026-06-01T20:07:15.207+0000] {dag.py:3954} INFO - Setting next_dagrun for example_task_group_decorator to 2026-05-31 00:00:00+00:00, run_after=2026-06-01 00:00:00+00:00
[2026-06-01T20:07:15.228+0000] {processor.py:183} INFO - Processing /home/airflow/.local/lib/python3.12/site-packages/airflow/example_dags/example_task_group_decorator.py took 0.089 seconds
[2026-06-01T20:07:45.447+0000] {processor.py:161} INFO - Started process (PID=14180) to work on /home/airflow/.local/lib/python3.12/site-packages/airflow/example_dags/example_task_group_decorator.py
[2026-06-01T20:07:45.449+0000] {processor.py:830} INFO - Processing file /home/airflow/.local/lib/python3.12/site-packages/airflow/example_dags/example_task_group_decorator.py for tasks to queue
[2026-06-01T20:07:45.452+0000] {logging_mixin.py:188} INFO - [2026-06-01T20:07:45.452+0000] {dagbag.py:540} INFO - Filling up the DagBag from /home/airflow/.local/lib/python3.12/site-packages/airflow/example_dags/example_task_group_decorator.py
[2026-06-01T20:07:45.472+0000] {processor.py:840} INFO - DAG(s) 'example_task_group_decorator' retrieved from /home/airflow/.local/lib/python3.12/site-packages/airflow/example_dags/example_task_group_decorator.py
[2026-06-01T20:07:45.502+0000] {logging_mixin.py:188} INFO - [2026-06-01T20:07:45.502+0000] {dag.py:3096} INFO - Sync 1 DAGs
[2026-06-01T20:07:45.552+0000] {logging_mixin.py:188} INFO - [2026-06-01T20:07:45.551+0000] {dag.py:3954} INFO - Setting next_dagrun for example_task_group_decorator to 2026-05-31 00:00:00+00:00, run_after=2026-06-01 00:00:00+00:00
[2026-06-01T20:07:45.602+0000] {processor.py:183} INFO - Processing /home/airflow/.local/lib/python3.12/site-packages/airflow/example_dags/example_task_group_decorator.py took 0.166 seconds
[2026-06-01T20:08:15.659+0000] {processor.py:161} INFO - Started process (PID=14239) to work on /home/airflow/.local/lib/python3.12/site-packages/airflow/example_dags/example_task_group_decorator.py
[2026-06-01T20:08:15.660+0000] {processor.py:830} INFO - Processing file /home/airflow/.local/lib/python3.12/site-packages/airflow/example_dags/example_task_group_decorator.py for tasks to queue
[2026-06-01T20:08:15.662+0000] {logging_mixin.py:188} INFO - [2026-06-01T20:08:15.661+0000] {dagbag.py:540} INFO - Filling up the DagBag from /home/airflow/.local/lib/python3.12/site-packages/airflow/example_dags/example_task_group_decorator.py
[2026-06-01T20:08:15.680+0000] {processor.py:840} INFO - DAG(s) 'example_task_group_decorator' retrieved from /home/airflow/.local/lib/python3.12/site-packages/airflow/example_dags/example_task_group_decorator.py
[2026-06-01T20:08:15.704+0000] {logging_mixin.py:188} INFO - [2026-06-01T20:08:15.704+0000] {dag.py:3096} INFO - Sync 1 DAGs
[2026-06-01T20:08:15.725+0000] {logging_mixin.py:188} INFO - [2026-06-01T20:08:15.725+0000] {dag.py:3954} INFO - Setting next_dagrun for example_task_group_decorator to 2026-05-31 00:00:00+00:00, run_after=2026-06-01 00:00:00+00:00
[2026-06-01T20:08:15.747+0000] {processor.py:183} INFO - Processing /home/airflow/.local/lib/python3.12/site-packages/airflow/example_dags/example_task_group_decorator.py took 0.093 seconds
[2026-06-01T20:08:46.051+0000] {processor.py:161} INFO - Started process (PID=14298) to work on /home/airflow/.local/lib/python3.12/site-packages/airflow/example_dags/example_task_group_decorator.py
[2026-06-01T20:08:46.052+0000] {processor.py:830} INFO - Processing file /home/airflow/.local/lib/python3.12/site-packages/airflow/example_dags/example_task_group_decorator.py for tasks to queue
[2026-06-01T20:08:46.054+0000] {logging_mixin.py:188} INFO - [2026-06-01T20:08:46.054+0000] {dagbag.py:540} INFO - Filling up the DagBag from /home/airflow/.local/lib/python3.12/site-packages/airflow/example_dags/example_task_group_decorator.py
[2026-06-01T20:08:46.067+0000] {processor.py:840} INFO - DAG(s) 'example_task_group_decorator' retrieved from /home/airflow/.local/lib/python3.12/site-packages/airflow/example_dags/example_task_group_decorator.py
[2026-06-01T20:08:46.090+0000] {logging_mixin.py:188} INFO - [2026-06-01T20:08:46.089+0000] {dag.py:3096} INFO - Sync 1 DAGs
[2026-06-01T20:08:46.110+0000] {logging_mixin.py:188} INFO - [2026-06-01T20:08:46.110+0000] {dag.py:3954} INFO - Setting next_dagrun for example_task_group_decorator to 2026-05-31 00:00:00+00:00, run_after=2026-06-01 00:00:00+00:00
[2026-06-01T20:08:46.126+0000] {processor.py:183} INFO - Processing /home/airflow/.local/lib/python3.12/site-packages/airflow/example_dags/example_task_group_decorator.py took 0.081 seconds
[2026-06-01T20:09:16.641+0000] {processor.py:161} INFO - Started process (PID=14357) to work on /home/airflow/.local/lib/python3.12/site-packages/airflow/example_dags/example_task_group_decorator.py
[2026-06-01T20:09:16.642+0000] {processor.py:830} INFO - Processing file /home/airflow/.local/lib/python3.12/site-packages/airflow/example_dags/example_task_group_decorator.py for tasks to queue
[2026-06-01T20:09:16.644+0000] {logging_mixin.py:188} INFO - [2026-06-01T20:09:16.644+0000] {dagbag.py:540} INFO - Filling up the DagBag from /home/airflow/.local/lib/python3.12/site-packages/airflow/example_dags/example_task_group_decorator.py
[2026-06-01T20:09:16.657+0000] {processor.py:840} INFO - DAG(s) 'example_task_group_decorator' retrieved from /home/airflow/.local/lib/python3.12/site-packages/airflow/example_dags/example_task_group_decorator.py
[2026-06-01T20:09:16.682+0000] {logging_mixin.py:188} INFO - [2026-06-01T20:09:16.682+0000] {dag.py:3096} INFO - Sync 1 DAGs
[2026-06-01T20:09:16.703+0000] {logging_mixin.py:188} INFO - [2026-06-01T20:09:16.703+0000] {dag.py:3954} INFO - Setting next_dagrun for example_task_group_decorator to 2026-05-31 00:00:00+00:00, run_after=2026-06-01 00:00:00+00:00
[2026-06-01T20:09:16.722+0000] {processor.py:183} INFO - Processing /home/airflow/.local/lib/python3.12/site-packages/airflow/example_dags/example_task_group_decorator.py took 0.087 seconds
[2026-06-01T20:09:46.816+0000] {processor.py:161} INFO - Started process (PID=14416) to work on /home/airflow/.local/lib/python3.12/site-packages/airflow/example_dags/example_task_group_decorator.py
[2026-06-01T20:09:46.818+0000] {processor.py:830} INFO - Processing file /home/airflow/.local/lib/python3.12/site-packages/airflow/example_dags/example_task_group_decorator.py for tasks to queue
[2026-06-01T20:09:46.821+0000] {logging_mixin.py:188} INFO - [2026-06-01T20:09:46.820+0000] {dagbag.py:540} INFO - Filling up the DagBag from /home/airflow/.local/lib/python3.12/site-packages/airflow/example_dags/example_task_group_decorator.py
[2026-06-01T20:09:46.836+0000] {processor.py:840} INFO - DAG(s) 'example_task_group_decorator' retrieved from /home/airflow/.local/lib/python3.12/site-packages/airflow/example_dags/example_task_group_decorator.py
[2026-06-01T20:09:46.865+0000] {logging_mixin.py:188} INFO - [2026-06-01T20:09:46.864+0000] {dag.py:3096} INFO - Sync 1 DAGs
[2026-06-01T20:09:46.889+0000] {logging_mixin.py:188} INFO - [2026-06-01T20:09:46.889+0000] {dag.py:3954} INFO - Setting next_dagrun for example_task_group_decorator to 2026-05-31 00:00:00+00:00, run_after=2026-06-01 00:00:00+00:00
[2026-06-01T20:09:46.912+0000] {processor.py:183} INFO - Processing /home/airflow/.local/lib/python3.12/site-packages/airflow/example_dags/example_task_group_decorator.py took 0.102 seconds
[2026-06-01T20:10:17.023+0000] {processor.py:161} INFO - Started process (PID=14475) to work on /home/airflow/.local/lib/python3.12/site-packages/airflow/example_dags/example_task_group_decorator.py
[2026-06-01T20:10:17.024+0000] {processor.py:830} INFO - Processing file /home/airflow/.local/lib/python3.12/site-packages/airflow/example_dags/example_task_group_decorator.py for tasks to queue
[2026-06-01T20:10:17.027+0000] {logging_mixin.py:188} INFO - [2026-06-01T20:10:17.026+0000] {dagbag.py:540} INFO - Filling up the DagBag from /home/airflow/.local/lib/python3.12/site-packages/airflow/example_dags/example_task_group_decorator.py
[2026-06-01T20:10:17.040+0000] {processor.py:840} INFO - DAG(s) 'example_task_group_decorator' retrieved from /home/airflow/.local/lib/python3.12/site-packages/airflow/example_dags/example_task_group_decorator.py
[2026-06-01T20:10:17.061+0000] {logging_mixin.py:188} INFO - [2026-06-01T20:10:17.061+0000] {dag.py:3096} INFO - Sync 1 DAGs
[2026-06-01T20:10:17.082+0000] {logging_mixin.py:188} INFO - [2026-06-01T20:10:17.081+0000] {dag.py:3954} INFO - Setting next_dagrun for example_task_group_decorator to 2026-05-31 00:00:00+00:00, run_after=2026-06-01 00:00:00+00:00
[2026-06-01T20:10:17.099+0000] {processor.py:183} INFO - Processing /home/airflow/.local/lib/python3.12/site-packages/airflow/example_dags/example_task_group_decorator.py took 0.082 seconds
[2026-06-01T20:10:47.508+0000] {processor.py:161} INFO - Started process (PID=14534) to work on /home/airflow/.local/lib/python3.12/site-packages/airflow/example_dags/example_task_group_decorator.py
[2026-06-01T20:10:47.510+0000] {processor.py:830} INFO - Processing file /home/airflow/.local/lib/python3.12/site-packages/airflow/example_dags/example_task_group_decorator.py for tasks to queue
[2026-06-01T20:10:47.513+0000] {logging_mixin.py:188} INFO - [2026-06-01T20:10:47.512+0000] {dagbag.py:540} INFO - Filling up the DagBag from /home/airflow/.local/lib/python3.12/site-packages/airflow/example_dags/example_task_group_decorator.py
[2026-06-01T20:10:47.528+0000] {processor.py:840} INFO - DAG(s) 'example_task_group_decorator' retrieved from /home/airflow/.local/lib/python3.12/site-packages/airflow/example_dags/example_task_group_decorator.py
[2026-06-01T20:10:47.552+0000] {logging_mixin.py:188} INFO - [2026-06-01T20:10:47.552+0000] {dag.py:3096} INFO - Sync 1 DAGs
[2026-06-01T20:10:47.572+0000] {logging_mixin.py:188} INFO - [2026-06-01T20:10:47.572+0000] {dag.py:3954} INFO - Setting next_dagrun for example_task_group_decorator to 2026-05-31 00:00:00+00:00, run_after=2026-06-01 00:00:00+00:00
[2026-06-01T20:10:47.729+0000] {processor.py:183} INFO - Processing /home/airflow/.local/lib/python3.12/site-packages/airflow/example_dags/example_task_group_decorator.py took 0.226 seconds
[2026-06-01T20:11:18.603+0000] {processor.py:161} INFO - Started process (PID=14593) to work on /home/airflow/.local/lib/python3.12/site-packages/airflow/example_dags/example_task_group_decorator.py
[2026-06-01T20:11:18.604+0000] {processor.py:830} INFO - Processing file /home/airflow/.local/lib/python3.12/site-packages/airflow/example_dags/example_task_group_decorator.py for tasks to queue
[2026-06-01T20:11:18.606+0000] {logging_mixin.py:188} INFO - [2026-06-01T20:11:18.606+0000] {dagbag.py:540} INFO - Filling up the DagBag from /home/airflow/.local/lib/python3.12/site-packages/airflow/example_dags/example_task_group_decorator.py
[2026-06-01T20:11:18.619+0000] {processor.py:840} INFO - DAG(s) 'example_task_group_decorator' retrieved from /home/airflow/.local/lib/python3.12/site-packages/airflow/example_dags/example_task_group_decorator.py
[2026-06-01T20:11:18.642+0000] {logging_mixin.py:188} INFO - [2026-06-01T20:11:18.642+0000] {dag.py:3096} INFO - Sync 1 DAGs
[2026-06-01T20:11:18.665+0000] {logging_mixin.py:188} INFO - [2026-06-01T20:11:18.665+0000] {dag.py:3954} INFO - Setting next_dagrun for example_task_group_decorator to 2026-05-31 00:00:00+00:00, run_after=2026-06-01 00:00:00+00:00
[2026-06-01T20:11:18.698+0000] {processor.py:183} INFO - Processing /home/airflow/.local/lib/python3.12/site-packages/airflow/example_dags/example_task_group_decorator.py took 0.100 seconds
[2026-06-01T20:11:48.995+0000] {processor.py:161} INFO - Started process (PID=14652) to work on /home/airflow/.local/lib/python3.12/site-packages/airflow/example_dags/example_task_group_decorator.py
[2026-06-01T20:11:48.996+0000] {processor.py:830} INFO - Processing file /home/airflow/.local/lib/python3.12/site-packages/airflow/example_dags/example_task_group_decorator.py for tasks to queue
[2026-06-01T20:11:48.998+0000] {logging_mixin.py:188} INFO - [2026-06-01T20:11:48.998+0000] {dagbag.py:540} INFO - Filling up the DagBag from /home/airflow/.local/lib/python3.12/site-packages/airflow/example_dags/example_task_group_decorator.py
[2026-06-01T20:11:49.011+0000] {processor.py:840} INFO - DAG(s) 'example_task_group_decorator' retrieved from /home/airflow/.local/lib/python3.12/site-packages/airflow/example_dags/example_task_group_decorator.py
[2026-06-01T20:11:49.033+0000] {logging_mixin.py:188} INFO - [2026-06-01T20:11:49.032+0000] {dag.py:3096} INFO - Sync 1 DAGs
[2026-06-01T20:11:49.051+0000] {logging_mixin.py:188} INFO - [2026-06-01T20:11:49.051+0000] {dag.py:3954} INFO - Setting next_dagrun for example_task_group_decorator to 2026-05-31 00:00:00+00:00, run_after=2026-06-01 00:00:00+00:00
[2026-06-01T20:11:49.069+0000] {processor.py:183} INFO - Processing /home/airflow/.local/lib/python3.12/site-packages/airflow/example_dags/example_task_group_decorator.py took 0.079 seconds
[2026-06-01T20:12:19.349+0000] {processor.py:161} INFO - Started process (PID=14712) to work on /home/airflow/.local/lib/python3.12/site-packages/airflow/example_dags/example_task_group_decorator.py
[2026-06-01T20:12:19.350+0000] {processor.py:830} INFO - Processing file /home/airflow/.local/lib/python3.12/site-packages/airflow/example_dags/example_task_group_decorator.py for tasks to queue
[2026-06-01T20:12:19.352+0000] {logging_mixin.py:188} INFO - [2026-06-01T20:12:19.352+0000] {dagbag.py:540} INFO - Filling up the DagBag from /home/airflow/.local/lib/python3.12/site-packages/airflow/example_dags/example_task_group_decorator.py
[2026-06-01T20:12:19.365+0000] {processor.py:840} INFO - DAG(s) 'example_task_group_decorator' retrieved from /home/airflow/.local/lib/python3.12/site-packages/airflow/example_dags/example_task_group_decorator.py
[2026-06-01T20:12:19.388+0000] {logging_mixin.py:188} INFO - [2026-06-01T20:12:19.388+0000] {dag.py:3096} INFO - Sync 1 DAGs
[2026-06-01T20:12:19.407+0000] {logging_mixin.py:188} INFO - [2026-06-01T20:12:19.407+0000] {dag.py:3954} INFO - Setting next_dagrun for example_task_group_decorator to 2026-05-31 00:00:00+00:00, run_after=2026-06-01 00:00:00+00:00
[2026-06-01T20:12:19.425+0000] {processor.py:183} INFO - Processing /home/airflow/.local/lib/python3.12/site-packages/airflow/example_dags/example_task_group_decorator.py took 0.082 seconds
[2026-06-01T20:12:49.530+0000] {processor.py:161} INFO - Started process (PID=14771) to work on /home/airflow/.local/lib/python3.12/site-packages/airflow/example_dags/example_task_group_decorator.py
[2026-06-01T20:12:49.531+0000] {processor.py:830} INFO - Processing file /home/airflow/.local/lib/python3.12/site-packages/airflow/example_dags/example_task_group_decorator.py for tasks to queue
[2026-06-01T20:12:49.533+0000] {logging_mixin.py:188} INFO - [2026-06-01T20:12:49.533+0000] {dagbag.py:540} INFO - Filling up the DagBag from /home/airflow/.local/lib/python3.12/site-packages/airflow/example_dags/example_task_group_decorator.py
[2026-06-01T20:12:49.545+0000] {processor.py:840} INFO - DAG(s) 'example_task_group_decorator' retrieved from /home/airflow/.local/lib/python3.12/site-packages/airflow/example_dags/example_task_group_decorator.py
[2026-06-01T20:12:49.572+0000] {logging_mixin.py:188} INFO - [2026-06-01T20:12:49.571+0000] {dag.py:3096} INFO - Sync 1 DAGs
[2026-06-01T20:12:49.594+0000] {logging_mixin.py:188} INFO - [2026-06-01T20:12:49.593+0000] {dag.py:3954} INFO - Setting next_dagrun for example_task_group_decorator to 2026-05-31 00:00:00+00:00, run_after=2026-06-01 00:00:00+00:00
[2026-06-01T20:12:49.614+0000] {processor.py:183} INFO - Processing /home/airflow/.local/lib/python3.12/site-packages/airflow/example_dags/example_task_group_decorator.py took 0.089 seconds
[2026-06-01T20:13:20.075+0000] {processor.py:161} INFO - Started process (PID=14830) to work on /home/airflow/.local/lib/python3.12/site-packages/airflow/example_dags/example_task_group_decorator.py
[2026-06-01T20:13:20.077+0000] {processor.py:830} INFO - Processing file /home/airflow/.local/lib/python3.12/site-packages/airflow/example_dags/example_task_group_decorator.py for tasks to queue
[2026-06-01T20:13:20.079+0000] {logging_mixin.py:188} INFO - [2026-06-01T20:13:20.078+0000] {dagbag.py:540} INFO - Filling up the DagBag from /home/airflow/.local/lib/python3.12/site-packages/airflow/example_dags/example_task_group_decorator.py
[2026-06-01T20:13:20.092+0000] {processor.py:840} INFO - DAG(s) 'example_task_group_decorator' retrieved from /home/airflow/.local/lib/python3.12/site-packages/airflow/example_dags/example_task_group_decorator.py
[2026-06-01T20:13:20.114+0000] {logging_mixin.py:188} INFO - [2026-06-01T20:13:20.114+0000] {dag.py:3096} INFO - Sync 1 DAGs
[2026-06-01T20:13:20.279+0000] {logging_mixin.py:188} INFO - [2026-06-01T20:13:20.279+0000] {dag.py:3954} INFO - Setting next_dagrun for example_task_group_decorator to 2026-05-31 00:00:00+00:00, run_after=2026-06-01 00:00:00+00:00
[2026-06-01T20:13:20.297+0000] {processor.py:183} INFO - Processing /home/airflow/.local/lib/python3.12/site-packages/airflow/example_dags/example_task_group_decorator.py took 0.226 seconds
[2026-06-01T20:13:51.099+0000] {processor.py:161} INFO - Started process (PID=14889) to work on /home/airflow/.local/lib/python3.12/site-packages/airflow/example_dags/example_task_group_decorator.py
[2026-06-01T20:13:51.100+0000] {processor.py:830} INFO - Processing file /home/airflow/.local/lib/python3.12/site-packages/airflow/example_dags/example_task_group_decorator.py for tasks to queue
[2026-06-01T20:13:51.101+0000] {logging_mixin.py:188} INFO - [2026-06-01T20:13:51.101+0000] {dagbag.py:540} INFO - Filling up the DagBag from /home/airflow/.local/lib/python3.12/site-packages/airflow/example_dags/example_task_group_decorator.py
[2026-06-01T20:13:51.113+0000] {processor.py:840} INFO - DAG(s) 'example_task_group_decorator' retrieved from /home/airflow/.local/lib/python3.12/site-packages/airflow/example_dags/example_task_group_decorator.py
[2026-06-01T20:13:51.135+0000] {logging_mixin.py:188} INFO - [2026-06-01T20:13:51.135+0000] {dag.py:3096} INFO - Sync 1 DAGs
[2026-06-01T20:13:51.155+0000] {logging_mixin.py:188} INFO - [2026-06-01T20:13:51.155+0000] {dag.py:3954} INFO - Setting next_dagrun for example_task_group_decorator to 2026-05-31 00:00:00+00:00, run_after=2026-06-01 00:00:00+00:00
[2026-06-01T20:13:51.318+0000] {processor.py:183} INFO - Processing /home/airflow/.local/lib/python3.12/site-packages/airflow/example_dags/example_task_group_decorator.py took 0.225 seconds
[2026-06-01T20:14:21.417+0000] {processor.py:161} INFO - Started process (PID=14948) to work on /home/airflow/.local/lib/python3.12/site-packages/airflow/example_dags/example_task_group_decorator.py
[2026-06-01T20:14:21.419+0000] {processor.py:830} INFO - Processing file /home/airflow/.local/lib/python3.12/site-packages/airflow/example_dags/example_task_group_decorator.py for tasks to queue
[2026-06-01T20:14:21.420+0000] {logging_mixin.py:188} INFO - [2026-06-01T20:14:21.420+0000] {dagbag.py:540} INFO - Filling up the DagBag from /home/airflow/.local/lib/python3.12/site-packages/airflow/example_dags/example_task_group_decorator.py
[2026-06-01T20:14:21.433+0000] {processor.py:840} INFO - DAG(s) 'example_task_group_decorator' retrieved from /home/airflow/.local/lib/python3.12/site-packages/airflow/example_dags/example_task_group_decorator.py
[2026-06-01T20:14:21.455+0000] {logging_mixin.py:188} INFO - [2026-06-01T20:14:21.455+0000] {dag.py:3096} INFO - Sync 1 DAGs
[2026-06-01T20:14:21.476+0000] {logging_mixin.py:188} INFO - [2026-06-01T20:14:21.476+0000] {dag.py:3954} INFO - Setting next_dagrun for example_task_group_decorator to 2026-05-31 00:00:00+00:00, run_after=2026-06-01 00:00:00+00:00
[2026-06-01T20:14:21.626+0000] {processor.py:183} INFO - Processing /home/airflow/.local/lib/python3.12/site-packages/airflow/example_dags/example_task_group_decorator.py took 0.214 seconds
[2026-06-01T20:14:51.689+0000] {processor.py:161} INFO - Started process (PID=15007) to work on /home/airflow/.local/lib/python3.12/site-packages/airflow/example_dags/example_task_group_decorator.py
[2026-06-01T20:14:51.690+0000] {processor.py:830} INFO - Processing file /home/airflow/.local/lib/python3.12/site-packages/airflow/example_dags/example_task_group_decorator.py for tasks to queue
[2026-06-01T20:14:51.693+0000] {logging_mixin.py:188} INFO - [2026-06-01T20:14:51.692+0000] {dagbag.py:540} INFO - Filling up the DagBag from /home/airflow/.local/lib/python3.12/site-packages/airflow/example_dags/example_task_group_decorator.py
[2026-06-01T20:14:51.705+0000] {processor.py:840} INFO - DAG(s) 'example_task_group_decorator' retrieved from /home/airflow/.local/lib/python3.12/site-packages/airflow/example_dags/example_task_group_decorator.py
[2026-06-01T20:14:51.729+0000] {logging_mixin.py:188} INFO - [2026-06-01T20:14:51.729+0000] {dag.py:3096} INFO - Sync 1 DAGs
[2026-06-01T20:14:51.752+0000] {logging_mixin.py:188} INFO - [2026-06-01T20:14:51.751+0000] {dag.py:3954} INFO - Setting next_dagrun for example_task_group_decorator to 2026-05-31 00:00:00+00:00, run_after=2026-06-01 00:00:00+00:00
[2026-06-01T20:14:51.771+0000] {processor.py:183} INFO - Processing /home/airflow/.local/lib/python3.12/site-packages/airflow/example_dags/example_task_group_decorator.py took 0.087 seconds
[2026-06-01T20:15:22.207+0000] {processor.py:161} INFO - Started process (PID=15066) to work on /home/airflow/.local/lib/python3.12/site-packages/airflow/example_dags/example_task_group_decorator.py
[2026-06-01T20:15:22.208+0000] {processor.py:830} INFO - Processing file /home/airflow/.local/lib/python3.12/site-packages/airflow/example_dags/example_task_group_decorator.py for tasks to queue
[2026-06-01T20:15:22.210+0000] {logging_mixin.py:188} INFO - [2026-06-01T20:15:22.210+0000] {dagbag.py:540} INFO - Filling up the DagBag from /home/airflow/.local/lib/python3.12/site-packages/airflow/example_dags/example_task_group_decorator.py
[2026-06-01T20:15:22.226+0000] {processor.py:840} INFO - DAG(s) 'example_task_group_decorator' retrieved from /home/airflow/.local/lib/python3.12/site-packages/airflow/example_dags/example_task_group_decorator.py
[2026-06-01T20:15:22.249+0000] {logging_mixin.py:188} INFO - [2026-06-01T20:15:22.249+0000] {dag.py:3096} INFO - Sync 1 DAGs
[2026-06-01T20:15:22.269+0000] {logging_mixin.py:188} INFO - [2026-06-01T20:15:22.269+0000] {dag.py:3954} INFO - Setting next_dagrun for example_task_group_decorator to 2026-05-31 00:00:00+00:00, run_after=2026-06-01 00:00:00+00:00
[2026-06-01T20:15:22.287+0000] {processor.py:183} INFO - Processing /home/airflow/.local/lib/python3.12/site-packages/airflow/example_dags/example_task_group_decorator.py took 0.086 seconds
[2026-06-01T20:15:52.892+0000] {processor.py:161} INFO - Started process (PID=15125) to work on /home/airflow/.local/lib/python3.12/site-packages/airflow/example_dags/example_task_group_decorator.py
[2026-06-01T20:15:52.893+0000] {processor.py:830} INFO - Processing file /home/airflow/.local/lib/python3.12/site-packages/airflow/example_dags/example_task_group_decorator.py for tasks to queue
[2026-06-01T20:15:52.895+0000] {logging_mixin.py:188} INFO - [2026-06-01T20:15:52.895+0000] {dagbag.py:540} INFO - Filling up the DagBag from /home/airflow/.local/lib/python3.12/site-packages/airflow/example_dags/example_task_group_decorator.py
[2026-06-01T20:15:52.908+0000] {processor.py:840} INFO - DAG(s) 'example_task_group_decorator' retrieved from /home/airflow/.local/lib/python3.12/site-packages/airflow/example_dags/example_task_group_decorator.py
[2026-06-01T20:15:52.929+0000] {logging_mixin.py:188} INFO - [2026-06-01T20:15:52.928+0000] {dag.py:3096} INFO - Sync 1 DAGs
[2026-06-01T20:15:52.950+0000] {logging_mixin.py:188} INFO - [2026-06-01T20:15:52.949+0000] {dag.py:3954} INFO - Setting next_dagrun for example_task_group_decorator to 2026-05-31 00:00:00+00:00, run_after=2026-06-01 00:00:00+00:00
[2026-06-01T20:15:52.968+0000] {processor.py:183} INFO - Processing /home/airflow/.local/lib/python3.12/site-packages/airflow/example_dags/example_task_group_decorator.py took 0.080 seconds
[2026-06-01T20:16:23.558+0000] {processor.py:161} INFO - Started process (PID=15184) to work on /home/airflow/.local/lib/python3.12/site-packages/airflow/example_dags/example_task_group_decorator.py
[2026-06-01T20:16:23.559+0000] {processor.py:830} INFO - Processing file /home/airflow/.local/lib/python3.12/site-packages/airflow/example_dags/example_task_group_decorator.py for tasks to queue
[2026-06-01T20:16:23.561+0000] {logging_mixin.py:188} INFO - [2026-06-01T20:16:23.560+0000] {dagbag.py:540} INFO - Filling up the DagBag from /home/airflow/.local/lib/python3.12/site-packages/airflow/example_dags/example_task_group_decorator.py
[2026-06-01T20:16:23.573+0000] {processor.py:840} INFO - DAG(s) 'example_task_group_decorator' retrieved from /home/airflow/.local/lib/python3.12/site-packages/airflow/example_dags/example_task_group_decorator.py
[2026-06-01T20:16:23.593+0000] {logging_mixin.py:188} INFO - [2026-06-01T20:16:23.593+0000] {dag.py:3096} INFO - Sync 1 DAGs
[2026-06-01T20:16:23.612+0000] {logging_mixin.py:188} INFO - [2026-06-01T20:16:23.612+0000] {dag.py:3954} INFO - Setting next_dagrun for example_task_group_decorator to 2026-05-31 00:00:00+00:00, run_after=2026-06-01 00:00:00+00:00
[2026-06-01T20:16:23.629+0000] {processor.py:183} INFO - Processing /home/airflow/.local/lib/python3.12/site-packages/airflow/example_dags/example_task_group_decorator.py took 0.077 seconds
[2026-06-01T20:16:54.082+0000] {processor.py:161} INFO - Started process (PID=15249) to work on /home/airflow/.local/lib/python3.12/site-packages/airflow/example_dags/example_task_group_decorator.py
[2026-06-01T20:16:54.083+0000] {processor.py:830} INFO - Processing file /home/airflow/.local/lib/python3.12/site-packages/airflow/example_dags/example_task_group_decorator.py for tasks to queue
[2026-06-01T20:16:54.085+0000] {logging_mixin.py:188} INFO - [2026-06-01T20:16:54.084+0000] {dagbag.py:540} INFO - Filling up the DagBag from /home/airflow/.local/lib/python3.12/site-packages/airflow/example_dags/example_task_group_decorator.py
[2026-06-01T20:16:54.097+0000] {processor.py:840} INFO - DAG(s) 'example_task_group_decorator' retrieved from /home/airflow/.local/lib/python3.12/site-packages/airflow/example_dags/example_task_group_decorator.py
[2026-06-01T20:16:54.117+0000] {logging_mixin.py:188} INFO - [2026-06-01T20:16:54.117+0000] {dag.py:3096} INFO - Sync 1 DAGs
[2026-06-01T20:16:54.136+0000] {logging_mixin.py:188} INFO - [2026-06-01T20:16:54.136+0000] {dag.py:3954} INFO - Setting next_dagrun for example_task_group_decorator to 2026-05-31 00:00:00+00:00, run_after=2026-06-01 00:00:00+00:00
[2026-06-01T20:16:54.154+0000] {processor.py:183} INFO - Processing /home/airflow/.local/lib/python3.12/site-packages/airflow/example_dags/example_task_group_decorator.py took 0.077 seconds
[2026-06-01T20:17:24.618+0000] {processor.py:161} INFO - Started process (PID=15308) to work on /home/airflow/.local/lib/python3.12/site-packages/airflow/example_dags/example_task_group_decorator.py
[2026-06-01T20:17:24.620+0000] {processor.py:830} INFO - Processing file /home/airflow/.local/lib/python3.12/site-packages/airflow/example_dags/example_task_group_decorator.py for tasks to queue
[2026-06-01T20:17:24.622+0000] {logging_mixin.py:188} INFO - [2026-06-01T20:17:24.621+0000] {dagbag.py:540} INFO - Filling up the DagBag from /home/airflow/.local/lib/python3.12/site-packages/airflow/example_dags/example_task_group_decorator.py
[2026-06-01T20:17:24.634+0000] {processor.py:840} INFO - DAG(s) 'example_task_group_decorator' retrieved from /home/airflow/.local/lib/python3.12/site-packages/airflow/example_dags/example_task_group_decorator.py
[2026-06-01T20:17:24.658+0000] {logging_mixin.py:188} INFO - [2026-06-01T20:17:24.658+0000] {dag.py:3096} INFO - Sync 1 DAGs
[2026-06-01T20:17:24.678+0000] {logging_mixin.py:188} INFO - [2026-06-01T20:17:24.677+0000] {dag.py:3954} INFO - Setting next_dagrun for example_task_group_decorator to 2026-05-31 00:00:00+00:00, run_after=2026-06-01 00:00:00+00:00
[2026-06-01T20:17:24.696+0000] {processor.py:183} INFO - Processing /home/airflow/.local/lib/python3.12/site-packages/airflow/example_dags/example_task_group_decorator.py took 0.083 seconds
[2026-06-01T20:17:55.215+0000] {processor.py:161} INFO - Started process (PID=15367) to work on /home/airflow/.local/lib/python3.12/site-packages/airflow/example_dags/example_task_group_decorator.py
[2026-06-01T20:17:55.216+0000] {processor.py:830} INFO - Processing file /home/airflow/.local/lib/python3.12/site-packages/airflow/example_dags/example_task_group_decorator.py for tasks to queue
[2026-06-01T20:17:55.217+0000] {logging_mixin.py:188} INFO - [2026-06-01T20:17:55.217+0000] {dagbag.py:540} INFO - Filling up the DagBag from /home/airflow/.local/lib/python3.12/site-packages/airflow/example_dags/example_task_group_decorator.py
[2026-06-01T20:17:55.229+0000] {processor.py:840} INFO - DAG(s) 'example_task_group_decorator' retrieved from /home/airflow/.local/lib/python3.12/site-packages/airflow/example_dags/example_task_group_decorator.py
[2026-06-01T20:17:55.252+0000] {logging_mixin.py:188} INFO - [2026-06-01T20:17:55.251+0000] {dag.py:3096} INFO - Sync 1 DAGs
[2026-06-01T20:17:55.272+0000] {logging_mixin.py:188} INFO - [2026-06-01T20:17:55.272+0000] {dag.py:3954} INFO - Setting next_dagrun for example_task_group_decorator to 2026-05-31 00:00:00+00:00, run_after=2026-06-01 00:00:00+00:00
[2026-06-01T20:17:55.293+0000] {processor.py:183} INFO - Processing /home/airflow/.local/lib/python3.12/site-packages/airflow/example_dags/example_task_group_decorator.py took 0.082 seconds
[2026-06-01T20:18:25.734+0000] {processor.py:161} INFO - Started process (PID=15426) to work on /home/airflow/.local/lib/python3.12/site-packages/airflow/example_dags/example_task_group_decorator.py
[2026-06-01T20:18:25.735+0000] {processor.py:830} INFO - Processing file /home/airflow/.local/lib/python3.12/site-packages/airflow/example_dags/example_task_group_decorator.py for tasks to queue
[2026-06-01T20:18:25.737+0000] {logging_mixin.py:188} INFO - [2026-06-01T20:18:25.737+0000] {dagbag.py:540} INFO - Filling up the DagBag from /home/airflow/.local/lib/python3.12/site-packages/airflow/example_dags/example_task_group_decorator.py
[2026-06-01T20:18:25.751+0000] {processor.py:840} INFO - DAG(s) 'example_task_group_decorator' retrieved from /home/airflow/.local/lib/python3.12/site-packages/airflow/example_dags/example_task_group_decorator.py
[2026-06-01T20:18:25.775+0000] {logging_mixin.py:188} INFO - [2026-06-01T20:18:25.774+0000] {dag.py:3096} INFO - Sync 1 DAGs
[2026-06-01T20:18:25.797+0000] {logging_mixin.py:188} INFO - [2026-06-01T20:18:25.797+0000] {dag.py:3954} INFO - Setting next_dagrun for example_task_group_decorator to 2026-05-31 00:00:00+00:00, run_after=2026-06-01 00:00:00+00:00
[2026-06-01T20:18:25.816+0000] {processor.py:183} INFO - Processing /home/airflow/.local/lib/python3.12/site-packages/airflow/example_dags/example_task_group_decorator.py took 0.087 seconds
[2026-06-01T20:18:56.341+0000] {processor.py:161} INFO - Started process (PID=15485) to work on /home/airflow/.local/lib/python3.12/site-packages/airflow/example_dags/example_task_group_decorator.py
[2026-06-01T20:18:56.343+0000] {processor.py:830} INFO - Processing file /home/airflow/.local/lib/python3.12/site-packages/airflow/example_dags/example_task_group_decorator.py for tasks to queue
[2026-06-01T20:18:56.345+0000] {logging_mixin.py:188} INFO - [2026-06-01T20:18:56.345+0000] {dagbag.py:540} INFO - Filling up the DagBag from /home/airflow/.local/lib/python3.12/site-packages/airflow/example_dags/example_task_group_decorator.py
[2026-06-01T20:18:56.360+0000] {processor.py:840} INFO - DAG(s) 'example_task_group_decorator' retrieved from /home/airflow/.local/lib/python3.12/site-packages/airflow/example_dags/example_task_group_decorator.py
[2026-06-01T20:18:56.391+0000] {logging_mixin.py:188} INFO - [2026-06-01T20:18:56.391+0000] {dag.py:3096} INFO - Sync 1 DAGs
[2026-06-01T20:18:56.422+0000] {logging_mixin.py:188} INFO - [2026-06-01T20:18:56.422+0000] {dag.py:3954} INFO - Setting next_dagrun for example_task_group_decorator to 2026-05-31 00:00:00+00:00, run_after=2026-06-01 00:00:00+00:00
[2026-06-01T20:18:56.449+0000] {processor.py:183} INFO - Processing /home/airflow/.local/lib/python3.12/site-packages/airflow/example_dags/example_task_group_decorator.py took 0.113 seconds
[2026-06-01T20:19:26.577+0000] {processor.py:161} INFO - Started process (PID=15544) to work on /home/airflow/.local/lib/python3.12/site-packages/airflow/example_dags/example_task_group_decorator.py
[2026-06-01T20:19:26.578+0000] {processor.py:830} INFO - Processing file /home/airflow/.local/lib/python3.12/site-packages/airflow/example_dags/example_task_group_decorator.py for tasks to queue
[2026-06-01T20:19:26.580+0000] {logging_mixin.py:188} INFO - [2026-06-01T20:19:26.579+0000] {dagbag.py:540} INFO - Filling up the DagBag from /home/airflow/.local/lib/python3.12/site-packages/airflow/example_dags/example_task_group_decorator.py
[2026-06-01T20:19:26.593+0000] {processor.py:840} INFO - DAG(s) 'example_task_group_decorator' retrieved from /home/airflow/.local/lib/python3.12/site-packages/airflow/example_dags/example_task_group_decorator.py
[2026-06-01T20:19:26.615+0000] {logging_mixin.py:188} INFO - [2026-06-01T20:19:26.615+0000] {dag.py:3096} INFO - Sync 1 DAGs
[2026-06-01T20:19:26.641+0000] {logging_mixin.py:188} INFO - [2026-06-01T20:19:26.641+0000] {dag.py:3954} INFO - Setting next_dagrun for example_task_group_decorator to 2026-05-31 00:00:00+00:00, run_after=2026-06-01 00:00:00+00:00
[2026-06-01T20:19:26.663+0000] {processor.py:183} INFO - Processing /home/airflow/.local/lib/python3.12/site-packages/airflow/example_dags/example_task_group_decorator.py took 0.090 seconds
[2026-06-01T20:19:56.759+0000] {processor.py:161} INFO - Started process (PID=15603) to work on /home/airflow/.local/lib/python3.12/site-packages/airflow/example_dags/example_task_group_decorator.py
[2026-06-01T20:19:56.760+0000] {processor.py:830} INFO - Processing file /home/airflow/.local/lib/python3.12/site-packages/airflow/example_dags/example_task_group_decorator.py for tasks to queue
[2026-06-01T20:19:56.762+0000] {logging_mixin.py:188} INFO - [2026-06-01T20:19:56.762+0000] {dagbag.py:540} INFO - Filling up the DagBag from /home/airflow/.local/lib/python3.12/site-packages/airflow/example_dags/example_task_group_decorator.py
[2026-06-01T20:19:56.776+0000] {processor.py:840} INFO - DAG(s) 'example_task_group_decorator' retrieved from /home/airflow/.local/lib/python3.12/site-packages/airflow/example_dags/example_task_group_decorator.py
[2026-06-01T20:19:56.798+0000] {logging_mixin.py:188} INFO - [2026-06-01T20:19:56.798+0000] {dag.py:3096} INFO - Sync 1 DAGs
[2026-06-01T20:19:56.817+0000] {logging_mixin.py:188} INFO - [2026-06-01T20:19:56.817+0000] {dag.py:3954} INFO - Setting next_dagrun for example_task_group_decorator to 2026-05-31 00:00:00+00:00, run_after=2026-06-01 00:00:00+00:00
[2026-06-01T20:19:56.834+0000] {processor.py:183} INFO - Processing /home/airflow/.local/lib/python3.12/site-packages/airflow/example_dags/example_task_group_decorator.py took 0.080 seconds
[2026-06-01T20:20:26.915+0000] {processor.py:161} INFO - Started process (PID=15662) to work on /home/airflow/.local/lib/python3.12/site-packages/airflow/example_dags/example_task_group_decorator.py
[2026-06-01T20:20:26.916+0000] {processor.py:830} INFO - Processing file /home/airflow/.local/lib/python3.12/site-packages/airflow/example_dags/example_task_group_decorator.py for tasks to queue
[2026-06-01T20:20:26.918+0000] {logging_mixin.py:188} INFO - [2026-06-01T20:20:26.917+0000] {dagbag.py:540} INFO - Filling up the DagBag from /home/airflow/.local/lib/python3.12/site-packages/airflow/example_dags/example_task_group_decorator.py
[2026-06-01T20:20:26.930+0000] {processor.py:840} INFO - DAG(s) 'example_task_group_decorator' retrieved from /home/airflow/.local/lib/python3.12/site-packages/airflow/example_dags/example_task_group_decorator.py
[2026-06-01T20:20:26.952+0000] {logging_mixin.py:188} INFO - [2026-06-01T20:20:26.952+0000] {dag.py:3096} INFO - Sync 1 DAGs
[2026-06-01T20:20:26.974+0000] {logging_mixin.py:188} INFO - [2026-06-01T20:20:26.974+0000] {dag.py:3954} INFO - Setting next_dagrun for example_task_group_decorator to 2026-05-31 00:00:00+00:00, run_after=2026-06-01 00:00:00+00:00
[2026-06-01T20:20:26.992+0000] {processor.py:183} INFO - Processing /home/airflow/.local/lib/python3.12/site-packages/airflow/example_dags/example_task_group_decorator.py took 0.082 seconds
[2026-06-01T20:20:57.621+0000] {processor.py:161} INFO - Started process (PID=15721) to work on /home/airflow/.local/lib/python3.12/site-packages/airflow/example_dags/example_task_group_decorator.py
[2026-06-01T20:20:57.622+0000] {processor.py:830} INFO - Processing file /home/airflow/.local/lib/python3.12/site-packages/airflow/example_dags/example_task_group_decorator.py for tasks to queue
[2026-06-01T20:20:57.625+0000] {logging_mixin.py:188} INFO - [2026-06-01T20:20:57.624+0000] {dagbag.py:540} INFO - Filling up the DagBag from /home/airflow/.local/lib/python3.12/site-packages/airflow/example_dags/example_task_group_decorator.py
[2026-06-01T20:20:57.642+0000] {processor.py:840} INFO - DAG(s) 'example_task_group_decorator' retrieved from /home/airflow/.local/lib/python3.12/site-packages/airflow/example_dags/example_task_group_decorator.py
[2026-06-01T20:20:57.670+0000] {logging_mixin.py:188} INFO - [2026-06-01T20:20:57.670+0000] {dag.py:3096} INFO - Sync 1 DAGs
[2026-06-01T20:20:57.695+0000] {logging_mixin.py:188} INFO - [2026-06-01T20:20:57.695+0000] {dag.py:3954} INFO - Setting next_dagrun for example_task_group_decorator to 2026-05-31 00:00:00+00:00, run_after=2026-06-01 00:00:00+00:00
[2026-06-01T20:20:57.715+0000] {processor.py:183} INFO - Processing /home/airflow/.local/lib/python3.12/site-packages/airflow/example_dags/example_task_group_decorator.py took 0.102 seconds
[2026-06-01T20:21:28.304+0000] {processor.py:161} INFO - Started process (PID=15780) to work on /home/airflow/.local/lib/python3.12/site-packages/airflow/example_dags/example_task_group_decorator.py
[2026-06-01T20:21:28.305+0000] {processor.py:830} INFO - Processing file /home/airflow/.local/lib/python3.12/site-packages/airflow/example_dags/example_task_group_decorator.py for tasks to queue
[2026-06-01T20:21:28.307+0000] {logging_mixin.py:188} INFO - [2026-06-01T20:21:28.307+0000] {dagbag.py:540} INFO - Filling up the DagBag from /home/airflow/.local/lib/python3.12/site-packages/airflow/example_dags/example_task_group_decorator.py
[2026-06-01T20:21:28.320+0000] {processor.py:840} INFO - DAG(s) 'example_task_group_decorator' retrieved from /home/airflow/.local/lib/python3.12/site-packages/airflow/example_dags/example_task_group_decorator.py
[2026-06-01T20:21:28.342+0000] {logging_mixin.py:188} INFO - [2026-06-01T20:21:28.342+0000] {dag.py:3096} INFO - Sync 1 DAGs
[2026-06-01T20:21:28.364+0000] {logging_mixin.py:188} INFO - [2026-06-01T20:21:28.363+0000] {dag.py:3954} INFO - Setting next_dagrun for example_task_group_decorator to 2026-05-31 00:00:00+00:00, run_after=2026-06-01 00:00:00+00:00
[2026-06-01T20:21:28.394+0000] {processor.py:183} INFO - Processing /home/airflow/.local/lib/python3.12/site-packages/airflow/example_dags/example_task_group_decorator.py took 0.095 seconds
[2026-06-01T20:21:59.082+0000] {processor.py:161} INFO - Started process (PID=15839) to work on /home/airflow/.local/lib/python3.12/site-packages/airflow/example_dags/example_task_group_decorator.py
[2026-06-01T20:21:59.083+0000] {processor.py:830} INFO - Processing file /home/airflow/.local/lib/python3.12/site-packages/airflow/example_dags/example_task_group_decorator.py for tasks to queue
[2026-06-01T20:21:59.085+0000] {logging_mixin.py:188} INFO - [2026-06-01T20:21:59.084+0000] {dagbag.py:540} INFO - Filling up the DagBag from /home/airflow/.local/lib/python3.12/site-packages/airflow/example_dags/example_task_group_decorator.py
[2026-06-01T20:21:59.097+0000] {processor.py:840} INFO - DAG(s) 'example_task_group_decorator' retrieved from /home/airflow/.local/lib/python3.12/site-packages/airflow/example_dags/example_task_group_decorator.py
[2026-06-01T20:21:59.117+0000] {logging_mixin.py:188} INFO - [2026-06-01T20:21:59.117+0000] {dag.py:3096} INFO - Sync 1 DAGs
[2026-06-01T20:21:59.136+0000] {logging_mixin.py:188} INFO - [2026-06-01T20:21:59.136+0000] {dag.py:3954} INFO - Setting next_dagrun for example_task_group_decorator to 2026-05-31 00:00:00+00:00, run_after=2026-06-01 00:00:00+00:00
[2026-06-01T20:21:59.154+0000] {processor.py:183} INFO - Processing /home/airflow/.local/lib/python3.12/site-packages/airflow/example_dags/example_task_group_decorator.py took 0.077 seconds
[2026-06-01T20:22:29.639+0000] {processor.py:161} INFO - Started process (PID=15898) to work on /home/airflow/.local/lib/python3.12/site-packages/airflow/example_dags/example_task_group_decorator.py
[2026-06-01T20:22:29.640+0000] {processor.py:830} INFO - Processing file /home/airflow/.local/lib/python3.12/site-packages/airflow/example_dags/example_task_group_decorator.py for tasks to queue
[2026-06-01T20:22:29.642+0000] {logging_mixin.py:188} INFO - [2026-06-01T20:22:29.642+0000] {dagbag.py:540} INFO - Filling up the DagBag from /home/airflow/.local/lib/python3.12/site-packages/airflow/example_dags/example_task_group_decorator.py
[2026-06-01T20:22:29.655+0000] {processor.py:840} INFO - DAG(s) 'example_task_group_decorator' retrieved from /home/airflow/.local/lib/python3.12/site-packages/airflow/example_dags/example_task_group_decorator.py
[2026-06-01T20:22:29.677+0000] {logging_mixin.py:188} INFO - [2026-06-01T20:22:29.677+0000] {dag.py:3096} INFO - Sync 1 DAGs
[2026-06-01T20:22:29.697+0000] {logging_mixin.py:188} INFO - [2026-06-01T20:22:29.696+0000] {dag.py:3954} INFO - Setting next_dagrun for example_task_group_decorator to 2026-05-31 00:00:00+00:00, run_after=2026-06-01 00:00:00+00:00
[2026-06-01T20:22:29.714+0000] {processor.py:183} INFO - Processing /home/airflow/.local/lib/python3.12/site-packages/airflow/example_dags/example_task_group_decorator.py took 0.079 seconds
[2026-06-01T20:23:00.193+0000] {processor.py:161} INFO - Started process (PID=15957) to work on /home/airflow/.local/lib/python3.12/site-packages/airflow/example_dags/example_task_group_decorator.py
[2026-06-01T20:23:00.194+0000] {processor.py:830} INFO - Processing file /home/airflow/.local/lib/python3.12/site-packages/airflow/example_dags/example_task_group_decorator.py for tasks to queue
[2026-06-01T20:23:00.196+0000] {logging_mixin.py:188} INFO - [2026-06-01T20:23:00.196+0000] {dagbag.py:540} INFO - Filling up the DagBag from /home/airflow/.local/lib/python3.12/site-packages/airflow/example_dags/example_task_group_decorator.py
[2026-06-01T20:23:00.211+0000] {processor.py:840} INFO - DAG(s) 'example_task_group_decorator' retrieved from /home/airflow/.local/lib/python3.12/site-packages/airflow/example_dags/example_task_group_decorator.py
[2026-06-01T20:23:00.243+0000] {logging_mixin.py:188} INFO - [2026-06-01T20:23:00.243+0000] {dag.py:3096} INFO - Sync 1 DAGs
[2026-06-01T20:23:00.262+0000] {logging_mixin.py:188} INFO - [2026-06-01T20:23:00.262+0000] {dag.py:3954} INFO - Setting next_dagrun for example_task_group_decorator to 2026-05-31 00:00:00+00:00, run_after=2026-06-01 00:00:00+00:00
[2026-06-01T20:23:00.279+0000] {processor.py:183} INFO - Processing /home/airflow/.local/lib/python3.12/site-packages/airflow/example_dags/example_task_group_decorator.py took 0.091 seconds
[2026-06-01T20:23:30.708+0000] {processor.py:161} INFO - Started process (PID=16016) to work on /home/airflow/.local/lib/python3.12/site-packages/airflow/example_dags/example_task_group_decorator.py
[2026-06-01T20:23:30.710+0000] {processor.py:830} INFO - Processing file /home/airflow/.local/lib/python3.12/site-packages/airflow/example_dags/example_task_group_decorator.py for tasks to queue
[2026-06-01T20:23:30.712+0000] {logging_mixin.py:188} INFO - [2026-06-01T20:23:30.712+0000] {dagbag.py:540} INFO - Filling up the DagBag from /home/airflow/.local/lib/python3.12/site-packages/airflow/example_dags/example_task_group_decorator.py
[2026-06-01T20:23:30.726+0000] {processor.py:840} INFO - DAG(s) 'example_task_group_decorator' retrieved from /home/airflow/.local/lib/python3.12/site-packages/airflow/example_dags/example_task_group_decorator.py
[2026-06-01T20:23:30.748+0000] {logging_mixin.py:188} INFO - [2026-06-01T20:23:30.748+0000] {dag.py:3096} INFO - Sync 1 DAGs
[2026-06-01T20:23:30.772+0000] {logging_mixin.py:188} INFO - [2026-06-01T20:23:30.772+0000] {dag.py:3954} INFO - Setting next_dagrun for example_task_group_decorator to 2026-05-31 00:00:00+00:00, run_after=2026-06-01 00:00:00+00:00
[2026-06-01T20:23:30.793+0000] {processor.py:183} INFO - Processing /home/airflow/.local/lib/python3.12/site-packages/airflow/example_dags/example_task_group_decorator.py took 0.091 seconds
[2026-06-01T20:24:01.106+0000] {processor.py:161} INFO - Started process (PID=16075) to work on /home/airflow/.local/lib/python3.12/site-packages/airflow/example_dags/example_task_group_decorator.py
[2026-06-01T20:24:01.107+0000] {processor.py:830} INFO - Processing file /home/airflow/.local/lib/python3.12/site-packages/airflow/example_dags/example_task_group_decorator.py for tasks to queue
[2026-06-01T20:24:01.109+0000] {logging_mixin.py:188} INFO - [2026-06-01T20:24:01.109+0000] {dagbag.py:540} INFO - Filling up the DagBag from /home/airflow/.local/lib/python3.12/site-packages/airflow/example_dags/example_task_group_decorator.py
[2026-06-01T20:24:01.121+0000] {processor.py:840} INFO - DAG(s) 'example_task_group_decorator' retrieved from /home/airflow/.local/lib/python3.12/site-packages/airflow/example_dags/example_task_group_decorator.py
[2026-06-01T20:24:01.142+0000] {logging_mixin.py:188} INFO - [2026-06-01T20:24:01.142+0000] {dag.py:3096} INFO - Sync 1 DAGs
[2026-06-01T20:24:01.162+0000] {logging_mixin.py:188} INFO - [2026-06-01T20:24:01.161+0000] {dag.py:3954} INFO - Setting next_dagrun for example_task_group_decorator to 2026-05-31 00:00:00+00:00, run_after=2026-06-01 00:00:00+00:00
[2026-06-01T20:24:01.180+0000] {processor.py:183} INFO - Processing /home/airflow/.local/lib/python3.12/site-packages/airflow/example_dags/example_task_group_decorator.py took 0.079 seconds
[2026-06-01T20:24:31.595+0000] {processor.py:161} INFO - Started process (PID=16134) to work on /home/airflow/.local/lib/python3.12/site-packages/airflow/example_dags/example_task_group_decorator.py
[2026-06-01T20:24:31.596+0000] {processor.py:830} INFO - Processing file /home/airflow/.local/lib/python3.12/site-packages/airflow/example_dags/example_task_group_decorator.py for tasks to queue
[2026-06-01T20:24:31.598+0000] {logging_mixin.py:188} INFO - [2026-06-01T20:24:31.598+0000] {dagbag.py:540} INFO - Filling up the DagBag from /home/airflow/.local/lib/python3.12/site-packages/airflow/example_dags/example_task_group_decorator.py
[2026-06-01T20:24:31.612+0000] {processor.py:840} INFO - DAG(s) 'example_task_group_decorator' retrieved from /home/airflow/.local/lib/python3.12/site-packages/airflow/example_dags/example_task_group_decorator.py
[2026-06-01T20:24:31.632+0000] {logging_mixin.py:188} INFO - [2026-06-01T20:24:31.632+0000] {dag.py:3096} INFO - Sync 1 DAGs
[2026-06-01T20:24:31.653+0000] {logging_mixin.py:188} INFO - [2026-06-01T20:24:31.652+0000] {dag.py:3954} INFO - Setting next_dagrun for example_task_group_decorator to 2026-05-31 00:00:00+00:00, run_after=2026-06-01 00:00:00+00:00
[2026-06-01T20:24:31.671+0000] {processor.py:183} INFO - Processing /home/airflow/.local/lib/python3.12/site-packages/airflow/example_dags/example_task_group_decorator.py took 0.082 seconds
[2026-06-01T20:25:02.170+0000] {processor.py:161} INFO - Started process (PID=16193) to work on /home/airflow/.local/lib/python3.12/site-packages/airflow/example_dags/example_task_group_decorator.py
[2026-06-01T20:25:02.171+0000] {processor.py:830} INFO - Processing file /home/airflow/.local/lib/python3.12/site-packages/airflow/example_dags/example_task_group_decorator.py for tasks to queue
[2026-06-01T20:25:02.173+0000] {logging_mixin.py:188} INFO - [2026-06-01T20:25:02.173+0000] {dagbag.py:540} INFO - Filling up the DagBag from /home/airflow/.local/lib/python3.12/site-packages/airflow/example_dags/example_task_group_decorator.py
[2026-06-01T20:25:02.185+0000] {processor.py:840} INFO - DAG(s) 'example_task_group_decorator' retrieved from /home/airflow/.local/lib/python3.12/site-packages/airflow/example_dags/example_task_group_decorator.py
[2026-06-01T20:25:02.209+0000] {logging_mixin.py:188} INFO - [2026-06-01T20:25:02.209+0000] {dag.py:3096} INFO - Sync 1 DAGs
[2026-06-01T20:25:02.235+0000] {logging_mixin.py:188} INFO - [2026-06-01T20:25:02.235+0000] {dag.py:3954} INFO - Setting next_dagrun for example_task_group_decorator to 2026-05-31 00:00:00+00:00, run_after=2026-06-01 00:00:00+00:00
[2026-06-01T20:25:02.258+0000] {processor.py:183} INFO - Processing /home/airflow/.local/lib/python3.12/site-packages/airflow/example_dags/example_task_group_decorator.py took 0.093 seconds
[2026-06-01T20:25:32.674+0000] {processor.py:161} INFO - Started process (PID=16252) to work on /home/airflow/.local/lib/python3.12/site-packages/airflow/example_dags/example_task_group_decorator.py
[2026-06-01T20:25:32.676+0000] {processor.py:830} INFO - Processing file /home/airflow/.local/lib/python3.12/site-packages/airflow/example_dags/example_task_group_decorator.py for tasks to queue
[2026-06-01T20:25:32.677+0000] {logging_mixin.py:188} INFO - [2026-06-01T20:25:32.677+0000] {dagbag.py:540} INFO - Filling up the DagBag from /home/airflow/.local/lib/python3.12/site-packages/airflow/example_dags/example_task_group_decorator.py
[2026-06-01T20:25:32.690+0000] {processor.py:840} INFO - DAG(s) 'example_task_group_decorator' retrieved from /home/airflow/.local/lib/python3.12/site-packages/airflow/example_dags/example_task_group_decorator.py
[2026-06-01T20:25:32.715+0000] {logging_mixin.py:188} INFO - [2026-06-01T20:25:32.714+0000] {dag.py:3096} INFO - Sync 1 DAGs
[2026-06-01T20:25:32.736+0000] {logging_mixin.py:188} INFO - [2026-06-01T20:25:32.735+0000] {dag.py:3954} INFO - Setting next_dagrun for example_task_group_decorator to 2026-05-31 00:00:00+00:00, run_after=2026-06-01 00:00:00+00:00
[2026-06-01T20:25:32.754+0000] {processor.py:183} INFO - Processing /home/airflow/.local/lib/python3.12/site-packages/airflow/example_dags/example_task_group_decorator.py took 0.085 seconds
[2026-06-01T20:26:03.375+0000] {processor.py:161} INFO - Started process (PID=16311) to work on /home/airflow/.local/lib/python3.12/site-packages/airflow/example_dags/example_task_group_decorator.py
[2026-06-01T20:26:03.376+0000] {processor.py:830} INFO - Processing file /home/airflow/.local/lib/python3.12/site-packages/airflow/example_dags/example_task_group_decorator.py for tasks to queue
[2026-06-01T20:26:03.378+0000] {logging_mixin.py:188} INFO - [2026-06-01T20:26:03.377+0000] {dagbag.py:540} INFO - Filling up the DagBag from /home/airflow/.local/lib/python3.12/site-packages/airflow/example_dags/example_task_group_decorator.py
[2026-06-01T20:26:03.389+0000] {processor.py:840} INFO - DAG(s) 'example_task_group_decorator' retrieved from /home/airflow/.local/lib/python3.12/site-packages/airflow/example_dags/example_task_group_decorator.py
[2026-06-01T20:26:03.410+0000] {logging_mixin.py:188} INFO - [2026-06-01T20:26:03.410+0000] {dag.py:3096} INFO - Sync 1 DAGs
[2026-06-01T20:26:03.429+0000] {logging_mixin.py:188} INFO - [2026-06-01T20:26:03.429+0000] {dag.py:3954} INFO - Setting next_dagrun for example_task_group_decorator to 2026-05-31 00:00:00+00:00, run_after=2026-06-01 00:00:00+00:00
[2026-06-01T20:26:03.446+0000] {processor.py:183} INFO - Processing /home/airflow/.local/lib/python3.12/site-packages/airflow/example_dags/example_task_group_decorator.py took 0.076 seconds
[2026-06-01T20:26:34.173+0000] {processor.py:161} INFO - Started process (PID=16370) to work on /home/airflow/.local/lib/python3.12/site-packages/airflow/example_dags/example_task_group_decorator.py
[2026-06-01T20:26:34.174+0000] {processor.py:830} INFO - Processing file /home/airflow/.local/lib/python3.12/site-packages/airflow/example_dags/example_task_group_decorator.py for tasks to queue
[2026-06-01T20:26:34.176+0000] {logging_mixin.py:188} INFO - [2026-06-01T20:26:34.176+0000] {dagbag.py:540} INFO - Filling up the DagBag from /home/airflow/.local/lib/python3.12/site-packages/airflow/example_dags/example_task_group_decorator.py
[2026-06-01T20:26:34.189+0000] {processor.py:840} INFO - DAG(s) 'example_task_group_decorator' retrieved from /home/airflow/.local/lib/python3.12/site-packages/airflow/example_dags/example_task_group_decorator.py
[2026-06-01T20:26:34.211+0000] {logging_mixin.py:188} INFO - [2026-06-01T20:26:34.211+0000] {dag.py:3096} INFO - Sync 1 DAGs
[2026-06-01T20:26:34.230+0000] {logging_mixin.py:188} INFO - [2026-06-01T20:26:34.230+0000] {dag.py:3954} INFO - Setting next_dagrun for example_task_group_decorator to 2026-05-31 00:00:00+00:00, run_after=2026-06-01 00:00:00+00:00
[2026-06-01T20:26:34.249+0000] {processor.py:183} INFO - Processing /home/airflow/.local/lib/python3.12/site-packages/airflow/example_dags/example_task_group_decorator.py took 0.081 seconds
[2026-06-01T20:27:04.790+0000] {processor.py:161} INFO - Started process (PID=16429) to work on /home/airflow/.local/lib/python3.12/site-packages/airflow/example_dags/example_task_group_decorator.py
[2026-06-01T20:27:04.791+0000] {processor.py:830} INFO - Processing file /home/airflow/.local/lib/python3.12/site-packages/airflow/example_dags/example_task_group_decorator.py for tasks to queue
[2026-06-01T20:27:04.793+0000] {logging_mixin.py:188} INFO - [2026-06-01T20:27:04.793+0000] {dagbag.py:540} INFO - Filling up the DagBag from /home/airflow/.local/lib/python3.12/site-packages/airflow/example_dags/example_task_group_decorator.py
[2026-06-01T20:27:04.808+0000] {processor.py:840} INFO - DAG(s) 'example_task_group_decorator' retrieved from /home/airflow/.local/lib/python3.12/site-packages/airflow/example_dags/example_task_group_decorator.py
[2026-06-01T20:27:04.831+0000] {logging_mixin.py:188} INFO - [2026-06-01T20:27:04.831+0000] {dag.py:3096} INFO - Sync 1 DAGs
[2026-06-01T20:27:04.854+0000] {logging_mixin.py:188} INFO - [2026-06-01T20:27:04.854+0000] {dag.py:3954} INFO - Setting next_dagrun for example_task_group_decorator to 2026-05-31 00:00:00+00:00, run_after=2026-06-01 00:00:00+00:00
[2026-06-01T20:27:04.871+0000] {processor.py:183} INFO - Processing /home/airflow/.local/lib/python3.12/site-packages/airflow/example_dags/example_task_group_decorator.py took 0.087 seconds
[2026-06-01T20:27:35.503+0000] {processor.py:161} INFO - Started process (PID=16488) to work on /home/airflow/.local/lib/python3.12/site-packages/airflow/example_dags/example_task_group_decorator.py
[2026-06-01T20:27:35.504+0000] {processor.py:830} INFO - Processing file /home/airflow/.local/lib/python3.12/site-packages/airflow/example_dags/example_task_group_decorator.py for tasks to queue
[2026-06-01T20:27:35.506+0000] {logging_mixin.py:188} INFO - [2026-06-01T20:27:35.505+0000] {dagbag.py:540} INFO - Filling up the DagBag from /home/airflow/.local/lib/python3.12/site-packages/airflow/example_dags/example_task_group_decorator.py
[2026-06-01T20:27:35.517+0000] {processor.py:840} INFO - DAG(s) 'example_task_group_decorator' retrieved from /home/airflow/.local/lib/python3.12/site-packages/airflow/example_dags/example_task_group_decorator.py
[2026-06-01T20:27:35.540+0000] {logging_mixin.py:188} INFO - [2026-06-01T20:27:35.540+0000] {dag.py:3096} INFO - Sync 1 DAGs
[2026-06-01T20:27:35.560+0000] {logging_mixin.py:188} INFO - [2026-06-01T20:27:35.560+0000] {dag.py:3954} INFO - Setting next_dagrun for example_task_group_decorator to 2026-05-31 00:00:00+00:00, run_after=2026-06-01 00:00:00+00:00
[2026-06-01T20:27:35.579+0000] {processor.py:183} INFO - Processing /home/airflow/.local/lib/python3.12/site-packages/airflow/example_dags/example_task_group_decorator.py took 0.082 seconds
[2026-06-01T20:28:06.119+0000] {processor.py:161} INFO - Started process (PID=16547) to work on /home/airflow/.local/lib/python3.12/site-packages/airflow/example_dags/example_task_group_decorator.py
[2026-06-01T20:28:06.121+0000] {processor.py:830} INFO - Processing file /home/airflow/.local/lib/python3.12/site-packages/airflow/example_dags/example_task_group_decorator.py for tasks to queue
[2026-06-01T20:28:06.122+0000] {logging_mixin.py:188} INFO - [2026-06-01T20:28:06.122+0000] {dagbag.py:540} INFO - Filling up the DagBag from /home/airflow/.local/lib/python3.12/site-packages/airflow/example_dags/example_task_group_decorator.py
[2026-06-01T20:28:06.136+0000] {processor.py:840} INFO - DAG(s) 'example_task_group_decorator' retrieved from /home/airflow/.local/lib/python3.12/site-packages/airflow/example_dags/example_task_group_decorator.py
[2026-06-01T20:28:06.158+0000] {logging_mixin.py:188} INFO - [2026-06-01T20:28:06.158+0000] {dag.py:3096} INFO - Sync 1 DAGs
[2026-06-01T20:28:06.180+0000] {logging_mixin.py:188} INFO - [2026-06-01T20:28:06.180+0000] {dag.py:3954} INFO - Setting next_dagrun for example_task_group_decorator to 2026-05-31 00:00:00+00:00, run_after=2026-06-01 00:00:00+00:00
[2026-06-01T20:28:06.200+0000] {processor.py:183} INFO - Processing /home/airflow/.local/lib/python3.12/site-packages/airflow/example_dags/example_task_group_decorator.py took 0.085 seconds
[2026-06-01T20:28:36.607+0000] {processor.py:161} INFO - Started process (PID=16606) to work on /home/airflow/.local/lib/python3.12/site-packages/airflow/example_dags/example_task_group_decorator.py
[2026-06-01T20:28:36.608+0000] {processor.py:830} INFO - Processing file /home/airflow/.local/lib/python3.12/site-packages/airflow/example_dags/example_task_group_decorator.py for tasks to queue
[2026-06-01T20:28:36.610+0000] {logging_mixin.py:188} INFO - [2026-06-01T20:28:36.610+0000] {dagbag.py:540} INFO - Filling up the DagBag from /home/airflow/.local/lib/python3.12/site-packages/airflow/example_dags/example_task_group_decorator.py
[2026-06-01T20:28:36.623+0000] {processor.py:840} INFO - DAG(s) 'example_task_group_decorator' retrieved from /home/airflow/.local/lib/python3.12/site-packages/airflow/example_dags/example_task_group_decorator.py
[2026-06-01T20:28:36.645+0000] {logging_mixin.py:188} INFO - [2026-06-01T20:28:36.645+0000] {dag.py:3096} INFO - Sync 1 DAGs
[2026-06-01T20:28:36.666+0000] {logging_mixin.py:188} INFO - [2026-06-01T20:28:36.665+0000] {dag.py:3954} INFO - Setting next_dagrun for example_task_group_decorator to 2026-05-31 00:00:00+00:00, run_after=2026-06-01 00:00:00+00:00
[2026-06-01T20:28:36.684+0000] {processor.py:183} INFO - Processing /home/airflow/.local/lib/python3.12/site-packages/airflow/example_dags/example_task_group_decorator.py took 0.081 seconds
[2026-06-01T20:29:07.642+0000] {processor.py:161} INFO - Started process (PID=16665) to work on /home/airflow/.local/lib/python3.12/site-packages/airflow/example_dags/example_task_group_decorator.py
[2026-06-01T20:29:07.643+0000] {processor.py:830} INFO - Processing file /home/airflow/.local/lib/python3.12/site-packages/airflow/example_dags/example_task_group_decorator.py for tasks to queue
[2026-06-01T20:29:07.646+0000] {logging_mixin.py:188} INFO - [2026-06-01T20:29:07.646+0000] {dagbag.py:540} INFO - Filling up the DagBag from /home/airflow/.local/lib/python3.12/site-packages/airflow/example_dags/example_task_group_decorator.py
[2026-06-01T20:29:07.660+0000] {processor.py:840} INFO - DAG(s) 'example_task_group_decorator' retrieved from /home/airflow/.local/lib/python3.12/site-packages/airflow/example_dags/example_task_group_decorator.py
[2026-06-01T20:29:07.689+0000] {logging_mixin.py:188} INFO - [2026-06-01T20:29:07.689+0000] {dag.py:3096} INFO - Sync 1 DAGs
[2026-06-01T20:29:07.710+0000] {logging_mixin.py:188} INFO - [2026-06-01T20:29:07.710+0000] {dag.py:3954} INFO - Setting next_dagrun for example_task_group_decorator to 2026-05-31 00:00:00+00:00, run_after=2026-06-01 00:00:00+00:00
[2026-06-01T20:29:07.729+0000] {processor.py:183} INFO - Processing /home/airflow/.local/lib/python3.12/site-packages/airflow/example_dags/example_task_group_decorator.py took 0.092 seconds
[2026-06-01T20:29:38.577+0000] {processor.py:161} INFO - Started process (PID=16724) to work on /home/airflow/.local/lib/python3.12/site-packages/airflow/example_dags/example_task_group_decorator.py
[2026-06-01T20:29:38.578+0000] {processor.py:830} INFO - Processing file /home/airflow/.local/lib/python3.12/site-packages/airflow/example_dags/example_task_group_decorator.py for tasks to queue
[2026-06-01T20:29:38.580+0000] {logging_mixin.py:188} INFO - [2026-06-01T20:29:38.580+0000] {dagbag.py:540} INFO - Filling up the DagBag from /home/airflow/.local/lib/python3.12/site-packages/airflow/example_dags/example_task_group_decorator.py
[2026-06-01T20:29:38.594+0000] {processor.py:840} INFO - DAG(s) 'example_task_group_decorator' retrieved from /home/airflow/.local/lib/python3.12/site-packages/airflow/example_dags/example_task_group_decorator.py
[2026-06-01T20:29:38.617+0000] {logging_mixin.py:188} INFO - [2026-06-01T20:29:38.617+0000] {dag.py:3096} INFO - Sync 1 DAGs
[2026-06-01T20:29:38.636+0000] {logging_mixin.py:188} INFO - [2026-06-01T20:29:38.636+0000] {dag.py:3954} INFO - Setting next_dagrun for example_task_group_decorator to 2026-05-31 00:00:00+00:00, run_after=2026-06-01 00:00:00+00:00
[2026-06-01T20:29:38.652+0000] {processor.py:183} INFO - Processing /home/airflow/.local/lib/python3.12/site-packages/airflow/example_dags/example_task_group_decorator.py took 0.081 seconds
[2026-06-01T20:30:09.240+0000] {processor.py:161} INFO - Started process (PID=16783) to work on /home/airflow/.local/lib/python3.12/site-packages/airflow/example_dags/example_task_group_decorator.py
[2026-06-01T20:30:09.241+0000] {processor.py:830} INFO - Processing file /home/airflow/.local/lib/python3.12/site-packages/airflow/example_dags/example_task_group_decorator.py for tasks to queue
[2026-06-01T20:30:09.243+0000] {logging_mixin.py:188} INFO - [2026-06-01T20:30:09.243+0000] {dagbag.py:540} INFO - Filling up the DagBag from /home/airflow/.local/lib/python3.12/site-packages/airflow/example_dags/example_task_group_decorator.py
[2026-06-01T20:30:09.255+0000] {processor.py:840} INFO - DAG(s) 'example_task_group_decorator' retrieved from /home/airflow/.local/lib/python3.12/site-packages/airflow/example_dags/example_task_group_decorator.py
[2026-06-01T20:30:09.276+0000] {logging_mixin.py:188} INFO - [2026-06-01T20:30:09.276+0000] {dag.py:3096} INFO - Sync 1 DAGs
[2026-06-01T20:30:09.296+0000] {logging_mixin.py:188} INFO - [2026-06-01T20:30:09.295+0000] {dag.py:3954} INFO - Setting next_dagrun for example_task_group_decorator to 2026-05-31 00:00:00+00:00, run_after=2026-06-01 00:00:00+00:00
[2026-06-01T20:30:09.314+0000] {processor.py:183} INFO - Processing /home/airflow/.local/lib/python3.12/site-packages/airflow/example_dags/example_task_group_decorator.py took 0.079 seconds
[2026-06-01T20:30:39.977+0000] {processor.py:161} INFO - Started process (PID=16842) to work on /home/airflow/.local/lib/python3.12/site-packages/airflow/example_dags/example_task_group_decorator.py
[2026-06-01T20:30:39.978+0000] {processor.py:830} INFO - Processing file /home/airflow/.local/lib/python3.12/site-packages/airflow/example_dags/example_task_group_decorator.py for tasks to queue
[2026-06-01T20:30:39.980+0000] {logging_mixin.py:188} INFO - [2026-06-01T20:30:39.979+0000] {dagbag.py:540} INFO - Filling up the DagBag from /home/airflow/.local/lib/python3.12/site-packages/airflow/example_dags/example_task_group_decorator.py
[2026-06-01T20:30:39.992+0000] {processor.py:840} INFO - DAG(s) 'example_task_group_decorator' retrieved from /home/airflow/.local/lib/python3.12/site-packages/airflow/example_dags/example_task_group_decorator.py
[2026-06-01T20:30:40.013+0000] {logging_mixin.py:188} INFO - [2026-06-01T20:30:40.013+0000] {dag.py:3096} INFO - Sync 1 DAGs
[2026-06-01T20:30:40.035+0000] {logging_mixin.py:188} INFO - [2026-06-01T20:30:40.035+0000] {dag.py:3954} INFO - Setting next_dagrun for example_task_group_decorator to 2026-05-31 00:00:00+00:00, run_after=2026-06-01 00:00:00+00:00
[2026-06-01T20:30:40.055+0000] {processor.py:183} INFO - Processing /home/airflow/.local/lib/python3.12/site-packages/airflow/example_dags/example_task_group_decorator.py took 0.083 seconds
[2026-06-01T20:31:10.681+0000] {processor.py:161} INFO - Started process (PID=16901) to work on /home/airflow/.local/lib/python3.12/site-packages/airflow/example_dags/example_task_group_decorator.py
[2026-06-01T20:31:10.682+0000] {processor.py:830} INFO - Processing file /home/airflow/.local/lib/python3.12/site-packages/airflow/example_dags/example_task_group_decorator.py for tasks to queue
[2026-06-01T20:31:10.684+0000] {logging_mixin.py:188} INFO - [2026-06-01T20:31:10.684+0000] {dagbag.py:540} INFO - Filling up the DagBag from /home/airflow/.local/lib/python3.12/site-packages/airflow/example_dags/example_task_group_decorator.py
[2026-06-01T20:31:10.696+0000] {processor.py:840} INFO - DAG(s) 'example_task_group_decorator' retrieved from /home/airflow/.local/lib/python3.12/site-packages/airflow/example_dags/example_task_group_decorator.py
[2026-06-01T20:31:10.720+0000] {logging_mixin.py:188} INFO - [2026-06-01T20:31:10.720+0000] {dag.py:3096} INFO - Sync 1 DAGs
[2026-06-01T20:31:10.742+0000] {logging_mixin.py:188} INFO - [2026-06-01T20:31:10.742+0000] {dag.py:3954} INFO - Setting next_dagrun for example_task_group_decorator to 2026-05-31 00:00:00+00:00, run_after=2026-06-01 00:00:00+00:00
[2026-06-01T20:31:10.760+0000] {processor.py:183} INFO - Processing /home/airflow/.local/lib/python3.12/site-packages/airflow/example_dags/example_task_group_decorator.py took 0.084 seconds
[2026-06-01T20:31:41.450+0000] {processor.py:161} INFO - Started process (PID=16960) to work on /home/airflow/.local/lib/python3.12/site-packages/airflow/example_dags/example_task_group_decorator.py
[2026-06-01T20:31:41.451+0000] {processor.py:830} INFO - Processing file /home/airflow/.local/lib/python3.12/site-packages/airflow/example_dags/example_task_group_decorator.py for tasks to queue
[2026-06-01T20:31:41.453+0000] {logging_mixin.py:188} INFO - [2026-06-01T20:31:41.452+0000] {dagbag.py:540} INFO - Filling up the DagBag from /home/airflow/.local/lib/python3.12/site-packages/airflow/example_dags/example_task_group_decorator.py
[2026-06-01T20:31:41.467+0000] {processor.py:840} INFO - DAG(s) 'example_task_group_decorator' retrieved from /home/airflow/.local/lib/python3.12/site-packages/airflow/example_dags/example_task_group_decorator.py
[2026-06-01T20:31:41.487+0000] {logging_mixin.py:188} INFO - [2026-06-01T20:31:41.486+0000] {dag.py:3096} INFO - Sync 1 DAGs
[2026-06-01T20:31:41.505+0000] {logging_mixin.py:188} INFO - [2026-06-01T20:31:41.505+0000] {dag.py:3954} INFO - Setting next_dagrun for example_task_group_decorator to 2026-05-31 00:00:00+00:00, run_after=2026-06-01 00:00:00+00:00
[2026-06-01T20:31:41.523+0000] {processor.py:183} INFO - Processing /home/airflow/.local/lib/python3.12/site-packages/airflow/example_dags/example_task_group_decorator.py took 0.078 seconds
[2026-06-01T20:32:11.838+0000] {processor.py:161} INFO - Started process (PID=17019) to work on /home/airflow/.local/lib/python3.12/site-packages/airflow/example_dags/example_task_group_decorator.py
[2026-06-01T20:32:11.839+0000] {processor.py:830} INFO - Processing file /home/airflow/.local/lib/python3.12/site-packages/airflow/example_dags/example_task_group_decorator.py for tasks to queue
[2026-06-01T20:32:11.841+0000] {logging_mixin.py:188} INFO - [2026-06-01T20:32:11.841+0000] {dagbag.py:540} INFO - Filling up the DagBag from /home/airflow/.local/lib/python3.12/site-packages/airflow/example_dags/example_task_group_decorator.py
[2026-06-01T20:32:11.854+0000] {processor.py:840} INFO - DAG(s) 'example_task_group_decorator' retrieved from /home/airflow/.local/lib/python3.12/site-packages/airflow/example_dags/example_task_group_decorator.py
[2026-06-01T20:32:11.876+0000] {logging_mixin.py:188} INFO - [2026-06-01T20:32:11.875+0000] {dag.py:3096} INFO - Sync 1 DAGs
[2026-06-01T20:32:11.898+0000] {logging_mixin.py:188} INFO - [2026-06-01T20:32:11.897+0000] {dag.py:3954} INFO - Setting next_dagrun for example_task_group_decorator to 2026-05-31 00:00:00+00:00, run_after=2026-06-01 00:00:00+00:00
[2026-06-01T20:32:11.917+0000] {processor.py:183} INFO - Processing /home/airflow/.local/lib/python3.12/site-packages/airflow/example_dags/example_task_group_decorator.py took 0.084 seconds
[2026-06-01T20:32:42.393+0000] {processor.py:161} INFO - Started process (PID=17078) to work on /home/airflow/.local/lib/python3.12/site-packages/airflow/example_dags/example_task_group_decorator.py
[2026-06-01T20:32:42.393+0000] {processor.py:830} INFO - Processing file /home/airflow/.local/lib/python3.12/site-packages/airflow/example_dags/example_task_group_decorator.py for tasks to queue
[2026-06-01T20:32:42.395+0000] {logging_mixin.py:188} INFO - [2026-06-01T20:32:42.395+0000] {dagbag.py:540} INFO - Filling up the DagBag from /home/airflow/.local/lib/python3.12/site-packages/airflow/example_dags/example_task_group_decorator.py
[2026-06-01T20:32:42.407+0000] {processor.py:840} INFO - DAG(s) 'example_task_group_decorator' retrieved from /home/airflow/.local/lib/python3.12/site-packages/airflow/example_dags/example_task_group_decorator.py
[2026-06-01T20:32:42.428+0000] {logging_mixin.py:188} INFO - [2026-06-01T20:32:42.428+0000] {dag.py:3096} INFO - Sync 1 DAGs
[2026-06-01T20:32:42.448+0000] {logging_mixin.py:188} INFO - [2026-06-01T20:32:42.448+0000] {dag.py:3954} INFO - Setting next_dagrun for example_task_group_decorator to 2026-05-31 00:00:00+00:00, run_after=2026-06-01 00:00:00+00:00
[2026-06-01T20:32:42.467+0000] {processor.py:183} INFO - Processing /home/airflow/.local/lib/python3.12/site-packages/airflow/example_dags/example_task_group_decorator.py took 0.080 seconds
[2026-06-01T20:33:12.986+0000] {processor.py:161} INFO - Started process (PID=17137) to work on /home/airflow/.local/lib/python3.12/site-packages/airflow/example_dags/example_task_group_decorator.py
[2026-06-01T20:33:12.987+0000] {processor.py:830} INFO - Processing file /home/airflow/.local/lib/python3.12/site-packages/airflow/example_dags/example_task_group_decorator.py for tasks to queue
[2026-06-01T20:33:12.989+0000] {logging_mixin.py:188} INFO - [2026-06-01T20:33:12.989+0000] {dagbag.py:540} INFO - Filling up the DagBag from /home/airflow/.local/lib/python3.12/site-packages/airflow/example_dags/example_task_group_decorator.py
[2026-06-01T20:33:13.004+0000] {processor.py:840} INFO - DAG(s) 'example_task_group_decorator' retrieved from /home/airflow/.local/lib/python3.12/site-packages/airflow/example_dags/example_task_group_decorator.py
[2026-06-01T20:33:13.028+0000] {logging_mixin.py:188} INFO - [2026-06-01T20:33:13.028+0000] {dag.py:3096} INFO - Sync 1 DAGs
[2026-06-01T20:33:13.049+0000] {logging_mixin.py:188} INFO - [2026-06-01T20:33:13.049+0000] {dag.py:3954} INFO - Setting next_dagrun for example_task_group_decorator to 2026-05-31 00:00:00+00:00, run_after=2026-06-01 00:00:00+00:00
[2026-06-01T20:33:13.068+0000] {processor.py:183} INFO - Processing /home/airflow/.local/lib/python3.12/site-packages/airflow/example_dags/example_task_group_decorator.py took 0.088 seconds
[2026-06-01T20:33:43.597+0000] {processor.py:161} INFO - Started process (PID=17196) to work on /home/airflow/.local/lib/python3.12/site-packages/airflow/example_dags/example_task_group_decorator.py
[2026-06-01T20:33:43.598+0000] {processor.py:830} INFO - Processing file /home/airflow/.local/lib/python3.12/site-packages/airflow/example_dags/example_task_group_decorator.py for tasks to queue
[2026-06-01T20:33:43.599+0000] {logging_mixin.py:188} INFO - [2026-06-01T20:33:43.599+0000] {dagbag.py:540} INFO - Filling up the DagBag from /home/airflow/.local/lib/python3.12/site-packages/airflow/example_dags/example_task_group_decorator.py
[2026-06-01T20:33:43.611+0000] {processor.py:840} INFO - DAG(s) 'example_task_group_decorator' retrieved from /home/airflow/.local/lib/python3.12/site-packages/airflow/example_dags/example_task_group_decorator.py
[2026-06-01T20:33:43.634+0000] {logging_mixin.py:188} INFO - [2026-06-01T20:33:43.633+0000] {dag.py:3096} INFO - Sync 1 DAGs
[2026-06-01T20:33:43.654+0000] {logging_mixin.py:188} INFO - [2026-06-01T20:33:43.654+0000] {dag.py:3954} INFO - Setting next_dagrun for example_task_group_decorator to 2026-05-31 00:00:00+00:00, run_after=2026-06-01 00:00:00+00:00
[2026-06-01T20:33:43.671+0000] {processor.py:183} INFO - Processing /home/airflow/.local/lib/python3.12/site-packages/airflow/example_dags/example_task_group_decorator.py took 0.079 seconds
[2026-06-01T20:34:14.239+0000] {processor.py:161} INFO - Started process (PID=17255) to work on /home/airflow/.local/lib/python3.12/site-packages/airflow/example_dags/example_task_group_decorator.py
[2026-06-01T20:34:14.240+0000] {processor.py:830} INFO - Processing file /home/airflow/.local/lib/python3.12/site-packages/airflow/example_dags/example_task_group_decorator.py for tasks to queue
[2026-06-01T20:34:14.242+0000] {logging_mixin.py:188} INFO - [2026-06-01T20:34:14.241+0000] {dagbag.py:540} INFO - Filling up the DagBag from /home/airflow/.local/lib/python3.12/site-packages/airflow/example_dags/example_task_group_decorator.py
[2026-06-01T20:34:14.257+0000] {processor.py:840} INFO - DAG(s) 'example_task_group_decorator' retrieved from /home/airflow/.local/lib/python3.12/site-packages/airflow/example_dags/example_task_group_decorator.py
[2026-06-01T20:34:14.284+0000] {logging_mixin.py:188} INFO - [2026-06-01T20:34:14.283+0000] {dag.py:3096} INFO - Sync 1 DAGs
[2026-06-01T20:34:14.305+0000] {logging_mixin.py:188} INFO - [2026-06-01T20:34:14.305+0000] {dag.py:3954} INFO - Setting next_dagrun for example_task_group_decorator to 2026-05-31 00:00:00+00:00, run_after=2026-06-01 00:00:00+00:00
[2026-06-01T20:34:14.324+0000] {processor.py:183} INFO - Processing /home/airflow/.local/lib/python3.12/site-packages/airflow/example_dags/example_task_group_decorator.py took 0.091 seconds
[2026-06-01T20:34:44.821+0000] {processor.py:161} INFO - Started process (PID=17314) to work on /home/airflow/.local/lib/python3.12/site-packages/airflow/example_dags/example_task_group_decorator.py
[2026-06-01T20:34:44.822+0000] {processor.py:830} INFO - Processing file /home/airflow/.local/lib/python3.12/site-packages/airflow/example_dags/example_task_group_decorator.py for tasks to queue
[2026-06-01T20:34:44.825+0000] {logging_mixin.py:188} INFO - [2026-06-01T20:34:44.824+0000] {dagbag.py:540} INFO - Filling up the DagBag from /home/airflow/.local/lib/python3.12/site-packages/airflow/example_dags/example_task_group_decorator.py
[2026-06-01T20:34:44.839+0000] {processor.py:840} INFO - DAG(s) 'example_task_group_decorator' retrieved from /home/airflow/.local/lib/python3.12/site-packages/airflow/example_dags/example_task_group_decorator.py
[2026-06-01T20:34:44.860+0000] {logging_mixin.py:188} INFO - [2026-06-01T20:34:44.860+0000] {dag.py:3096} INFO - Sync 1 DAGs
[2026-06-01T20:34:44.881+0000] {logging_mixin.py:188} INFO - [2026-06-01T20:34:44.881+0000] {dag.py:3954} INFO - Setting next_dagrun for example_task_group_decorator to 2026-05-31 00:00:00+00:00, run_after=2026-06-01 00:00:00+00:00
[2026-06-01T20:34:44.897+0000] {processor.py:183} INFO - Processing /home/airflow/.local/lib/python3.12/site-packages/airflow/example_dags/example_task_group_decorator.py took 0.081 seconds
[2026-06-01T20:35:15.570+0000] {processor.py:161} INFO - Started process (PID=17373) to work on /home/airflow/.local/lib/python3.12/site-packages/airflow/example_dags/example_task_group_decorator.py
[2026-06-01T20:35:15.571+0000] {processor.py:830} INFO - Processing file /home/airflow/.local/lib/python3.12/site-packages/airflow/example_dags/example_task_group_decorator.py for tasks to queue
[2026-06-01T20:35:15.573+0000] {logging_mixin.py:188} INFO - [2026-06-01T20:35:15.573+0000] {dagbag.py:540} INFO - Filling up the DagBag from /home/airflow/.local/lib/python3.12/site-packages/airflow/example_dags/example_task_group_decorator.py
[2026-06-01T20:35:15.588+0000] {processor.py:840} INFO - DAG(s) 'example_task_group_decorator' retrieved from /home/airflow/.local/lib/python3.12/site-packages/airflow/example_dags/example_task_group_decorator.py
[2026-06-01T20:35:15.611+0000] {logging_mixin.py:188} INFO - [2026-06-01T20:35:15.610+0000] {dag.py:3096} INFO - Sync 1 DAGs
[2026-06-01T20:35:15.633+0000] {logging_mixin.py:188} INFO - [2026-06-01T20:35:15.633+0000] {dag.py:3954} INFO - Setting next_dagrun for example_task_group_decorator to 2026-05-31 00:00:00+00:00, run_after=2026-06-01 00:00:00+00:00
[2026-06-01T20:35:15.651+0000] {processor.py:183} INFO - Processing /home/airflow/.local/lib/python3.12/site-packages/airflow/example_dags/example_task_group_decorator.py took 0.087 seconds
[2026-06-01T20:35:46.282+0000] {processor.py:161} INFO - Started process (PID=17432) to work on /home/airflow/.local/lib/python3.12/site-packages/airflow/example_dags/example_task_group_decorator.py
[2026-06-01T20:35:46.283+0000] {processor.py:830} INFO - Processing file /home/airflow/.local/lib/python3.12/site-packages/airflow/example_dags/example_task_group_decorator.py for tasks to queue
[2026-06-01T20:35:46.285+0000] {logging_mixin.py:188} INFO - [2026-06-01T20:35:46.285+0000] {dagbag.py:540} INFO - Filling up the DagBag from /home/airflow/.local/lib/python3.12/site-packages/airflow/example_dags/example_task_group_decorator.py
[2026-06-01T20:35:46.296+0000] {processor.py:840} INFO - DAG(s) 'example_task_group_decorator' retrieved from /home/airflow/.local/lib/python3.12/site-packages/airflow/example_dags/example_task_group_decorator.py
[2026-06-01T20:35:46.318+0000] {logging_mixin.py:188} INFO - [2026-06-01T20:35:46.318+0000] {dag.py:3096} INFO - Sync 1 DAGs
[2026-06-01T20:35:46.339+0000] {logging_mixin.py:188} INFO - [2026-06-01T20:35:46.339+0000] {dag.py:3954} INFO - Setting next_dagrun for example_task_group_decorator to 2026-05-31 00:00:00+00:00, run_after=2026-06-01 00:00:00+00:00
[2026-06-01T20:35:46.356+0000] {processor.py:183} INFO - Processing /home/airflow/.local/lib/python3.12/site-packages/airflow/example_dags/example_task_group_decorator.py took 0.078 seconds
[2026-06-01T20:36:16.968+0000] {processor.py:161} INFO - Started process (PID=17491) to work on /home/airflow/.local/lib/python3.12/site-packages/airflow/example_dags/example_task_group_decorator.py
[2026-06-01T20:36:16.969+0000] {processor.py:830} INFO - Processing file /home/airflow/.local/lib/python3.12/site-packages/airflow/example_dags/example_task_group_decorator.py for tasks to queue
[2026-06-01T20:36:16.971+0000] {logging_mixin.py:188} INFO - [2026-06-01T20:36:16.970+0000] {dagbag.py:540} INFO - Filling up the DagBag from /home/airflow/.local/lib/python3.12/site-packages/airflow/example_dags/example_task_group_decorator.py
[2026-06-01T20:36:16.983+0000] {processor.py:840} INFO - DAG(s) 'example_task_group_decorator' retrieved from /home/airflow/.local/lib/python3.12/site-packages/airflow/example_dags/example_task_group_decorator.py
[2026-06-01T20:36:17.004+0000] {logging_mixin.py:188} INFO - [2026-06-01T20:36:17.004+0000] {dag.py:3096} INFO - Sync 1 DAGs
[2026-06-01T20:36:17.023+0000] {logging_mixin.py:188} INFO - [2026-06-01T20:36:17.023+0000] {dag.py:3954} INFO - Setting next_dagrun for example_task_group_decorator to 2026-05-31 00:00:00+00:00, run_after=2026-06-01 00:00:00+00:00
[2026-06-01T20:36:17.049+0000] {processor.py:183} INFO - Processing /home/airflow/.local/lib/python3.12/site-packages/airflow/example_dags/example_task_group_decorator.py took 0.086 seconds
[2026-06-01T20:36:47.481+0000] {processor.py:161} INFO - Started process (PID=17550) to work on /home/airflow/.local/lib/python3.12/site-packages/airflow/example_dags/example_task_group_decorator.py
[2026-06-01T20:36:47.482+0000] {processor.py:830} INFO - Processing file /home/airflow/.local/lib/python3.12/site-packages/airflow/example_dags/example_task_group_decorator.py for tasks to queue
[2026-06-01T20:36:47.483+0000] {logging_mixin.py:188} INFO - [2026-06-01T20:36:47.483+0000] {dagbag.py:540} INFO - Filling up the DagBag from /home/airflow/.local/lib/python3.12/site-packages/airflow/example_dags/example_task_group_decorator.py
[2026-06-01T20:36:47.495+0000] {processor.py:840} INFO - DAG(s) 'example_task_group_decorator' retrieved from /home/airflow/.local/lib/python3.12/site-packages/airflow/example_dags/example_task_group_decorator.py
[2026-06-01T20:36:47.516+0000] {logging_mixin.py:188} INFO - [2026-06-01T20:36:47.516+0000] {dag.py:3096} INFO - Sync 1 DAGs
[2026-06-01T20:36:47.535+0000] {logging_mixin.py:188} INFO - [2026-06-01T20:36:47.535+0000] {dag.py:3954} INFO - Setting next_dagrun for example_task_group_decorator to 2026-05-31 00:00:00+00:00, run_after=2026-06-01 00:00:00+00:00
[2026-06-01T20:36:47.553+0000] {processor.py:183} INFO - Processing /home/airflow/.local/lib/python3.12/site-packages/airflow/example_dags/example_task_group_decorator.py took 0.076 seconds
[2026-06-01T20:37:17.682+0000] {processor.py:161} INFO - Started process (PID=17609) to work on /home/airflow/.local/lib/python3.12/site-packages/airflow/example_dags/example_task_group_decorator.py
[2026-06-01T20:37:17.683+0000] {processor.py:830} INFO - Processing file /home/airflow/.local/lib/python3.12/site-packages/airflow/example_dags/example_task_group_decorator.py for tasks to queue
[2026-06-01T20:37:17.685+0000] {logging_mixin.py:188} INFO - [2026-06-01T20:37:17.685+0000] {dagbag.py:540} INFO - Filling up the DagBag from /home/airflow/.local/lib/python3.12/site-packages/airflow/example_dags/example_task_group_decorator.py
[2026-06-01T20:37:17.698+0000] {processor.py:840} INFO - DAG(s) 'example_task_group_decorator' retrieved from /home/airflow/.local/lib/python3.12/site-packages/airflow/example_dags/example_task_group_decorator.py
[2026-06-01T20:37:17.723+0000] {logging_mixin.py:188} INFO - [2026-06-01T20:37:17.722+0000] {dag.py:3096} INFO - Sync 1 DAGs
[2026-06-01T20:37:17.745+0000] {logging_mixin.py:188} INFO - [2026-06-01T20:37:17.745+0000] {dag.py:3954} INFO - Setting next_dagrun for example_task_group_decorator to 2026-05-31 00:00:00+00:00, run_after=2026-06-01 00:00:00+00:00
[2026-06-01T20:37:17.762+0000] {processor.py:183} INFO - Processing /home/airflow/.local/lib/python3.12/site-packages/airflow/example_dags/example_task_group_decorator.py took 0.086 seconds
[2026-06-01T20:37:47.811+0000] {processor.py:161} INFO - Started process (PID=17668) to work on /home/airflow/.local/lib/python3.12/site-packages/airflow/example_dags/example_task_group_decorator.py
[2026-06-01T20:37:47.813+0000] {processor.py:830} INFO - Processing file /home/airflow/.local/lib/python3.12/site-packages/airflow/example_dags/example_task_group_decorator.py for tasks to queue
[2026-06-01T20:37:47.815+0000] {logging_mixin.py:188} INFO - [2026-06-01T20:37:47.814+0000] {dagbag.py:540} INFO - Filling up the DagBag from /home/airflow/.local/lib/python3.12/site-packages/airflow/example_dags/example_task_group_decorator.py
[2026-06-01T20:37:47.829+0000] {processor.py:840} INFO - DAG(s) 'example_task_group_decorator' retrieved from /home/airflow/.local/lib/python3.12/site-packages/airflow/example_dags/example_task_group_decorator.py
[2026-06-01T20:37:47.853+0000] {logging_mixin.py:188} INFO - [2026-06-01T20:37:47.853+0000] {dag.py:3096} INFO - Sync 1 DAGs
[2026-06-01T20:37:47.878+0000] {logging_mixin.py:188} INFO - [2026-06-01T20:37:47.877+0000] {dag.py:3954} INFO - Setting next_dagrun for example_task_group_decorator to 2026-05-31 00:00:00+00:00, run_after=2026-06-01 00:00:00+00:00
[2026-06-01T20:37:47.900+0000] {processor.py:183} INFO - Processing /home/airflow/.local/lib/python3.12/site-packages/airflow/example_dags/example_task_group_decorator.py took 0.093 seconds
[2026-06-01T20:38:18.009+0000] {processor.py:161} INFO - Started process (PID=17727) to work on /home/airflow/.local/lib/python3.12/site-packages/airflow/example_dags/example_task_group_decorator.py
[2026-06-01T20:38:18.010+0000] {processor.py:830} INFO - Processing file /home/airflow/.local/lib/python3.12/site-packages/airflow/example_dags/example_task_group_decorator.py for tasks to queue
[2026-06-01T20:38:18.012+0000] {logging_mixin.py:188} INFO - [2026-06-01T20:38:18.012+0000] {dagbag.py:540} INFO - Filling up the DagBag from /home/airflow/.local/lib/python3.12/site-packages/airflow/example_dags/example_task_group_decorator.py
[2026-06-01T20:38:18.025+0000] {processor.py:840} INFO - DAG(s) 'example_task_group_decorator' retrieved from /home/airflow/.local/lib/python3.12/site-packages/airflow/example_dags/example_task_group_decorator.py
[2026-06-01T20:38:18.047+0000] {logging_mixin.py:188} INFO - [2026-06-01T20:38:18.047+0000] {dag.py:3096} INFO - Sync 1 DAGs
[2026-06-01T20:38:18.066+0000] {logging_mixin.py:188} INFO - [2026-06-01T20:38:18.066+0000] {dag.py:3954} INFO - Setting next_dagrun for example_task_group_decorator to 2026-05-31 00:00:00+00:00, run_after=2026-06-01 00:00:00+00:00
[2026-06-01T20:38:18.083+0000] {processor.py:183} INFO - Processing /home/airflow/.local/lib/python3.12/site-packages/airflow/example_dags/example_task_group_decorator.py took 0.080 seconds
[2026-06-01T20:38:48.235+0000] {processor.py:161} INFO - Started process (PID=17786) to work on /home/airflow/.local/lib/python3.12/site-packages/airflow/example_dags/example_task_group_decorator.py
[2026-06-01T20:38:48.236+0000] {processor.py:830} INFO - Processing file /home/airflow/.local/lib/python3.12/site-packages/airflow/example_dags/example_task_group_decorator.py for tasks to queue
[2026-06-01T20:38:48.239+0000] {logging_mixin.py:188} INFO - [2026-06-01T20:38:48.238+0000] {dagbag.py:540} INFO - Filling up the DagBag from /home/airflow/.local/lib/python3.12/site-packages/airflow/example_dags/example_task_group_decorator.py
[2026-06-01T20:38:48.253+0000] {processor.py:840} INFO - DAG(s) 'example_task_group_decorator' retrieved from /home/airflow/.local/lib/python3.12/site-packages/airflow/example_dags/example_task_group_decorator.py
[2026-06-01T20:38:48.274+0000] {logging_mixin.py:188} INFO - [2026-06-01T20:38:48.274+0000] {dag.py:3096} INFO - Sync 1 DAGs
[2026-06-01T20:38:48.295+0000] {logging_mixin.py:188} INFO - [2026-06-01T20:38:48.295+0000] {dag.py:3954} INFO - Setting next_dagrun for example_task_group_decorator to 2026-05-31 00:00:00+00:00, run_after=2026-06-01 00:00:00+00:00
[2026-06-01T20:38:48.313+0000] {processor.py:183} INFO - Processing /home/airflow/.local/lib/python3.12/site-packages/airflow/example_dags/example_task_group_decorator.py took 0.082 seconds
[2026-06-01T20:39:18.903+0000] {processor.py:161} INFO - Started process (PID=17845) to work on /home/airflow/.local/lib/python3.12/site-packages/airflow/example_dags/example_task_group_decorator.py
[2026-06-01T20:39:18.905+0000] {processor.py:830} INFO - Processing file /home/airflow/.local/lib/python3.12/site-packages/airflow/example_dags/example_task_group_decorator.py for tasks to queue
[2026-06-01T20:39:18.907+0000] {logging_mixin.py:188} INFO - [2026-06-01T20:39:18.906+0000] {dagbag.py:540} INFO - Filling up the DagBag from /home/airflow/.local/lib/python3.12/site-packages/airflow/example_dags/example_task_group_decorator.py
[2026-06-01T20:39:18.919+0000] {processor.py:840} INFO - DAG(s) 'example_task_group_decorator' retrieved from /home/airflow/.local/lib/python3.12/site-packages/airflow/example_dags/example_task_group_decorator.py
[2026-06-01T20:39:18.939+0000] {logging_mixin.py:188} INFO - [2026-06-01T20:39:18.939+0000] {dag.py:3096} INFO - Sync 1 DAGs
[2026-06-01T20:39:18.958+0000] {logging_mixin.py:188} INFO - [2026-06-01T20:39:18.958+0000] {dag.py:3954} INFO - Setting next_dagrun for example_task_group_decorator to 2026-05-31 00:00:00+00:00, run_after=2026-06-01 00:00:00+00:00
[2026-06-01T20:39:18.975+0000] {processor.py:183} INFO - Processing /home/airflow/.local/lib/python3.12/site-packages/airflow/example_dags/example_task_group_decorator.py took 0.076 seconds
[2026-06-01T20:39:49.777+0000] {processor.py:161} INFO - Started process (PID=17904) to work on /home/airflow/.local/lib/python3.12/site-packages/airflow/example_dags/example_task_group_decorator.py
[2026-06-01T20:39:49.778+0000] {processor.py:830} INFO - Processing file /home/airflow/.local/lib/python3.12/site-packages/airflow/example_dags/example_task_group_decorator.py for tasks to queue
[2026-06-01T20:39:49.780+0000] {logging_mixin.py:188} INFO - [2026-06-01T20:39:49.780+0000] {dagbag.py:540} INFO - Filling up the DagBag from /home/airflow/.local/lib/python3.12/site-packages/airflow/example_dags/example_task_group_decorator.py
[2026-06-01T20:39:49.793+0000] {processor.py:840} INFO - DAG(s) 'example_task_group_decorator' retrieved from /home/airflow/.local/lib/python3.12/site-packages/airflow/example_dags/example_task_group_decorator.py
[2026-06-01T20:39:49.814+0000] {logging_mixin.py:188} INFO - [2026-06-01T20:39:49.813+0000] {dag.py:3096} INFO - Sync 1 DAGs
[2026-06-01T20:39:49.834+0000] {logging_mixin.py:188} INFO - [2026-06-01T20:39:49.834+0000] {dag.py:3954} INFO - Setting next_dagrun for example_task_group_decorator to 2026-05-31 00:00:00+00:00, run_after=2026-06-01 00:00:00+00:00
[2026-06-01T20:39:49.852+0000] {processor.py:183} INFO - Processing /home/airflow/.local/lib/python3.12/site-packages/airflow/example_dags/example_task_group_decorator.py took 0.080 seconds
[2026-06-01T20:40:20.380+0000] {processor.py:161} INFO - Started process (PID=17963) to work on /home/airflow/.local/lib/python3.12/site-packages/airflow/example_dags/example_task_group_decorator.py
[2026-06-01T20:40:20.381+0000] {processor.py:830} INFO - Processing file /home/airflow/.local/lib/python3.12/site-packages/airflow/example_dags/example_task_group_decorator.py for tasks to queue
[2026-06-01T20:40:20.383+0000] {logging_mixin.py:188} INFO - [2026-06-01T20:40:20.383+0000] {dagbag.py:540} INFO - Filling up the DagBag from /home/airflow/.local/lib/python3.12/site-packages/airflow/example_dags/example_task_group_decorator.py
[2026-06-01T20:40:20.395+0000] {processor.py:840} INFO - DAG(s) 'example_task_group_decorator' retrieved from /home/airflow/.local/lib/python3.12/site-packages/airflow/example_dags/example_task_group_decorator.py
[2026-06-01T20:40:20.416+0000] {logging_mixin.py:188} INFO - [2026-06-01T20:40:20.416+0000] {dag.py:3096} INFO - Sync 1 DAGs
[2026-06-01T20:40:20.436+0000] {logging_mixin.py:188} INFO - [2026-06-01T20:40:20.436+0000] {dag.py:3954} INFO - Setting next_dagrun for example_task_group_decorator to 2026-05-31 00:00:00+00:00, run_after=2026-06-01 00:00:00+00:00
[2026-06-01T20:40:20.453+0000] {processor.py:183} INFO - Processing /home/airflow/.local/lib/python3.12/site-packages/airflow/example_dags/example_task_group_decorator.py took 0.077 seconds
[2026-06-01T20:40:51.063+0000] {processor.py:161} INFO - Started process (PID=18022) to work on /home/airflow/.local/lib/python3.12/site-packages/airflow/example_dags/example_task_group_decorator.py
[2026-06-01T20:40:51.064+0000] {processor.py:830} INFO - Processing file /home/airflow/.local/lib/python3.12/site-packages/airflow/example_dags/example_task_group_decorator.py for tasks to queue
[2026-06-01T20:40:51.066+0000] {logging_mixin.py:188} INFO - [2026-06-01T20:40:51.066+0000] {dagbag.py:540} INFO - Filling up the DagBag from /home/airflow/.local/lib/python3.12/site-packages/airflow/example_dags/example_task_group_decorator.py
[2026-06-01T20:40:51.080+0000] {processor.py:840} INFO - DAG(s) 'example_task_group_decorator' retrieved from /home/airflow/.local/lib/python3.12/site-packages/airflow/example_dags/example_task_group_decorator.py
[2026-06-01T20:40:51.104+0000] {logging_mixin.py:188} INFO - [2026-06-01T20:40:51.104+0000] {dag.py:3096} INFO - Sync 1 DAGs
[2026-06-01T20:40:51.127+0000] {logging_mixin.py:188} INFO - [2026-06-01T20:40:51.127+0000] {dag.py:3954} INFO - Setting next_dagrun for example_task_group_decorator to 2026-05-31 00:00:00+00:00, run_after=2026-06-01 00:00:00+00:00
[2026-06-01T20:40:51.147+0000] {processor.py:183} INFO - Processing /home/airflow/.local/lib/python3.12/site-packages/airflow/example_dags/example_task_group_decorator.py took 0.090 seconds
[2026-06-01T20:41:21.600+0000] {processor.py:161} INFO - Started process (PID=18081) to work on /home/airflow/.local/lib/python3.12/site-packages/airflow/example_dags/example_task_group_decorator.py
[2026-06-01T20:41:21.602+0000] {processor.py:830} INFO - Processing file /home/airflow/.local/lib/python3.12/site-packages/airflow/example_dags/example_task_group_decorator.py for tasks to queue
[2026-06-01T20:41:21.604+0000] {logging_mixin.py:188} INFO - [2026-06-01T20:41:21.604+0000] {dagbag.py:540} INFO - Filling up the DagBag from /home/airflow/.local/lib/python3.12/site-packages/airflow/example_dags/example_task_group_decorator.py
[2026-06-01T20:41:21.617+0000] {processor.py:840} INFO - DAG(s) 'example_task_group_decorator' retrieved from /home/airflow/.local/lib/python3.12/site-packages/airflow/example_dags/example_task_group_decorator.py
[2026-06-01T20:41:21.639+0000] {logging_mixin.py:188} INFO - [2026-06-01T20:41:21.639+0000] {dag.py:3096} INFO - Sync 1 DAGs
[2026-06-01T20:41:21.661+0000] {logging_mixin.py:188} INFO - [2026-06-01T20:41:21.661+0000] {dag.py:3954} INFO - Setting next_dagrun for example_task_group_decorator to 2026-05-31 00:00:00+00:00, run_after=2026-06-01 00:00:00+00:00
[2026-06-01T20:41:21.680+0000] {processor.py:183} INFO - Processing /home/airflow/.local/lib/python3.12/site-packages/airflow/example_dags/example_task_group_decorator.py took 0.084 seconds
[2026-06-01T20:41:52.150+0000] {processor.py:161} INFO - Started process (PID=18140) to work on /home/airflow/.local/lib/python3.12/site-packages/airflow/example_dags/example_task_group_decorator.py
[2026-06-01T20:41:52.151+0000] {processor.py:830} INFO - Processing file /home/airflow/.local/lib/python3.12/site-packages/airflow/example_dags/example_task_group_decorator.py for tasks to queue
[2026-06-01T20:41:52.153+0000] {logging_mixin.py:188} INFO - [2026-06-01T20:41:52.153+0000] {dagbag.py:540} INFO - Filling up the DagBag from /home/airflow/.local/lib/python3.12/site-packages/airflow/example_dags/example_task_group_decorator.py
[2026-06-01T20:41:52.166+0000] {processor.py:840} INFO - DAG(s) 'example_task_group_decorator' retrieved from /home/airflow/.local/lib/python3.12/site-packages/airflow/example_dags/example_task_group_decorator.py
[2026-06-01T20:41:52.187+0000] {logging_mixin.py:188} INFO - [2026-06-01T20:41:52.187+0000] {dag.py:3096} INFO - Sync 1 DAGs
[2026-06-01T20:41:52.208+0000] {logging_mixin.py:188} INFO - [2026-06-01T20:41:52.207+0000] {dag.py:3954} INFO - Setting next_dagrun for example_task_group_decorator to 2026-05-31 00:00:00+00:00, run_after=2026-06-01 00:00:00+00:00
[2026-06-01T20:41:52.226+0000] {processor.py:183} INFO - Processing /home/airflow/.local/lib/python3.12/site-packages/airflow/example_dags/example_task_group_decorator.py took 0.080 seconds
[2026-06-01T20:42:22.787+0000] {processor.py:161} INFO - Started process (PID=18199) to work on /home/airflow/.local/lib/python3.12/site-packages/airflow/example_dags/example_task_group_decorator.py
[2026-06-01T20:42:22.789+0000] {processor.py:830} INFO - Processing file /home/airflow/.local/lib/python3.12/site-packages/airflow/example_dags/example_task_group_decorator.py for tasks to queue
[2026-06-01T20:42:22.791+0000] {logging_mixin.py:188} INFO - [2026-06-01T20:42:22.791+0000] {dagbag.py:540} INFO - Filling up the DagBag from /home/airflow/.local/lib/python3.12/site-packages/airflow/example_dags/example_task_group_decorator.py
[2026-06-01T20:42:22.814+0000] {processor.py:840} INFO - DAG(s) 'example_task_group_decorator' retrieved from /home/airflow/.local/lib/python3.12/site-packages/airflow/example_dags/example_task_group_decorator.py
[2026-06-01T20:42:22.839+0000] {logging_mixin.py:188} INFO - [2026-06-01T20:42:22.839+0000] {dag.py:3096} INFO - Sync 1 DAGs
[2026-06-01T20:42:22.861+0000] {logging_mixin.py:188} INFO - [2026-06-01T20:42:22.861+0000] {dag.py:3954} INFO - Setting next_dagrun for example_task_group_decorator to 2026-05-31 00:00:00+00:00, run_after=2026-06-01 00:00:00+00:00
[2026-06-01T20:42:22.882+0000] {processor.py:183} INFO - Processing /home/airflow/.local/lib/python3.12/site-packages/airflow/example_dags/example_task_group_decorator.py took 0.102 seconds
[2026-06-01T20:42:53.296+0000] {processor.py:161} INFO - Started process (PID=18258) to work on /home/airflow/.local/lib/python3.12/site-packages/airflow/example_dags/example_task_group_decorator.py
[2026-06-01T20:42:53.298+0000] {processor.py:830} INFO - Processing file /home/airflow/.local/lib/python3.12/site-packages/airflow/example_dags/example_task_group_decorator.py for tasks to queue
[2026-06-01T20:42:53.300+0000] {logging_mixin.py:188} INFO - [2026-06-01T20:42:53.299+0000] {dagbag.py:540} INFO - Filling up the DagBag from /home/airflow/.local/lib/python3.12/site-packages/airflow/example_dags/example_task_group_decorator.py
[2026-06-01T20:42:53.312+0000] {processor.py:840} INFO - DAG(s) 'example_task_group_decorator' retrieved from /home/airflow/.local/lib/python3.12/site-packages/airflow/example_dags/example_task_group_decorator.py
[2026-06-01T20:42:53.333+0000] {logging_mixin.py:188} INFO - [2026-06-01T20:42:53.333+0000] {dag.py:3096} INFO - Sync 1 DAGs
[2026-06-01T20:42:53.352+0000] {logging_mixin.py:188} INFO - [2026-06-01T20:42:53.352+0000] {dag.py:3954} INFO - Setting next_dagrun for example_task_group_decorator to 2026-05-31 00:00:00+00:00, run_after=2026-06-01 00:00:00+00:00
[2026-06-01T20:42:53.369+0000] {processor.py:183} INFO - Processing /home/airflow/.local/lib/python3.12/site-packages/airflow/example_dags/example_task_group_decorator.py took 0.078 seconds
[2026-06-01T20:43:23.771+0000] {processor.py:161} INFO - Started process (PID=18317) to work on /home/airflow/.local/lib/python3.12/site-packages/airflow/example_dags/example_task_group_decorator.py
[2026-06-01T20:43:23.772+0000] {processor.py:830} INFO - Processing file /home/airflow/.local/lib/python3.12/site-packages/airflow/example_dags/example_task_group_decorator.py for tasks to queue
[2026-06-01T20:43:23.773+0000] {logging_mixin.py:188} INFO - [2026-06-01T20:43:23.773+0000] {dagbag.py:540} INFO - Filling up the DagBag from /home/airflow/.local/lib/python3.12/site-packages/airflow/example_dags/example_task_group_decorator.py
[2026-06-01T20:43:23.787+0000] {processor.py:840} INFO - DAG(s) 'example_task_group_decorator' retrieved from /home/airflow/.local/lib/python3.12/site-packages/airflow/example_dags/example_task_group_decorator.py
[2026-06-01T20:43:23.807+0000] {logging_mixin.py:188} INFO - [2026-06-01T20:43:23.807+0000] {dag.py:3096} INFO - Sync 1 DAGs
[2026-06-01T20:43:23.825+0000] {logging_mixin.py:188} INFO - [2026-06-01T20:43:23.825+0000] {dag.py:3954} INFO - Setting next_dagrun for example_task_group_decorator to 2026-05-31 00:00:00+00:00, run_after=2026-06-01 00:00:00+00:00
[2026-06-01T20:43:23.843+0000] {processor.py:183} INFO - Processing /home/airflow/.local/lib/python3.12/site-packages/airflow/example_dags/example_task_group_decorator.py took 0.077 seconds
[2026-06-01T20:43:54.349+0000] {processor.py:161} INFO - Started process (PID=18376) to work on /home/airflow/.local/lib/python3.12/site-packages/airflow/example_dags/example_task_group_decorator.py
[2026-06-01T20:43:54.350+0000] {processor.py:830} INFO - Processing file /home/airflow/.local/lib/python3.12/site-packages/airflow/example_dags/example_task_group_decorator.py for tasks to queue
[2026-06-01T20:43:54.354+0000] {logging_mixin.py:188} INFO - [2026-06-01T20:43:54.353+0000] {dagbag.py:540} INFO - Filling up the DagBag from /home/airflow/.local/lib/python3.12/site-packages/airflow/example_dags/example_task_group_decorator.py
[2026-06-01T20:43:54.367+0000] {processor.py:840} INFO - DAG(s) 'example_task_group_decorator' retrieved from /home/airflow/.local/lib/python3.12/site-packages/airflow/example_dags/example_task_group_decorator.py
[2026-06-01T20:43:54.388+0000] {logging_mixin.py:188} INFO - [2026-06-01T20:43:54.388+0000] {dag.py:3096} INFO - Sync 1 DAGs
[2026-06-01T20:43:54.407+0000] {logging_mixin.py:188} INFO - [2026-06-01T20:43:54.407+0000] {dag.py:3954} INFO - Setting next_dagrun for example_task_group_decorator to 2026-05-31 00:00:00+00:00, run_after=2026-06-01 00:00:00+00:00
[2026-06-01T20:43:54.424+0000] {processor.py:183} INFO - Processing /home/airflow/.local/lib/python3.12/site-packages/airflow/example_dags/example_task_group_decorator.py took 0.082 seconds
[2026-06-01T20:44:24.763+0000] {processor.py:161} INFO - Started process (PID=18435) to work on /home/airflow/.local/lib/python3.12/site-packages/airflow/example_dags/example_task_group_decorator.py
[2026-06-01T20:44:24.764+0000] {processor.py:830} INFO - Processing file /home/airflow/.local/lib/python3.12/site-packages/airflow/example_dags/example_task_group_decorator.py for tasks to queue
[2026-06-01T20:44:24.766+0000] {logging_mixin.py:188} INFO - [2026-06-01T20:44:24.766+0000] {dagbag.py:540} INFO - Filling up the DagBag from /home/airflow/.local/lib/python3.12/site-packages/airflow/example_dags/example_task_group_decorator.py
[2026-06-01T20:44:24.778+0000] {processor.py:840} INFO - DAG(s) 'example_task_group_decorator' retrieved from /home/airflow/.local/lib/python3.12/site-packages/airflow/example_dags/example_task_group_decorator.py
[2026-06-01T20:44:24.800+0000] {logging_mixin.py:188} INFO - [2026-06-01T20:44:24.800+0000] {dag.py:3096} INFO - Sync 1 DAGs
[2026-06-01T20:44:24.821+0000] {logging_mixin.py:188} INFO - [2026-06-01T20:44:24.821+0000] {dag.py:3954} INFO - Setting next_dagrun for example_task_group_decorator to 2026-05-31 00:00:00+00:00, run_after=2026-06-01 00:00:00+00:00
[2026-06-01T20:44:24.838+0000] {processor.py:183} INFO - Processing /home/airflow/.local/lib/python3.12/site-packages/airflow/example_dags/example_task_group_decorator.py took 0.080 seconds
[2026-06-01T20:44:55.183+0000] {processor.py:161} INFO - Started process (PID=18494) to work on /home/airflow/.local/lib/python3.12/site-packages/airflow/example_dags/example_task_group_decorator.py
[2026-06-01T20:44:55.185+0000] {processor.py:830} INFO - Processing file /home/airflow/.local/lib/python3.12/site-packages/airflow/example_dags/example_task_group_decorator.py for tasks to queue
[2026-06-01T20:44:55.186+0000] {logging_mixin.py:188} INFO - [2026-06-01T20:44:55.186+0000] {dagbag.py:540} INFO - Filling up the DagBag from /home/airflow/.local/lib/python3.12/site-packages/airflow/example_dags/example_task_group_decorator.py
[2026-06-01T20:44:55.199+0000] {processor.py:840} INFO - DAG(s) 'example_task_group_decorator' retrieved from /home/airflow/.local/lib/python3.12/site-packages/airflow/example_dags/example_task_group_decorator.py
[2026-06-01T20:44:55.219+0000] {logging_mixin.py:188} INFO - [2026-06-01T20:44:55.219+0000] {dag.py:3096} INFO - Sync 1 DAGs
[2026-06-01T20:44:55.238+0000] {logging_mixin.py:188} INFO - [2026-06-01T20:44:55.237+0000] {dag.py:3954} INFO - Setting next_dagrun for example_task_group_decorator to 2026-05-31 00:00:00+00:00, run_after=2026-06-01 00:00:00+00:00
[2026-06-01T20:44:55.253+0000] {processor.py:183} INFO - Processing /home/airflow/.local/lib/python3.12/site-packages/airflow/example_dags/example_task_group_decorator.py took 0.075 seconds
[2026-06-01T20:45:25.391+0000] {processor.py:161} INFO - Started process (PID=18553) to work on /home/airflow/.local/lib/python3.12/site-packages/airflow/example_dags/example_task_group_decorator.py
[2026-06-01T20:45:25.392+0000] {processor.py:830} INFO - Processing file /home/airflow/.local/lib/python3.12/site-packages/airflow/example_dags/example_task_group_decorator.py for tasks to queue
[2026-06-01T20:45:25.394+0000] {logging_mixin.py:188} INFO - [2026-06-01T20:45:25.393+0000] {dagbag.py:540} INFO - Filling up the DagBag from /home/airflow/.local/lib/python3.12/site-packages/airflow/example_dags/example_task_group_decorator.py
[2026-06-01T20:45:25.406+0000] {processor.py:840} INFO - DAG(s) 'example_task_group_decorator' retrieved from /home/airflow/.local/lib/python3.12/site-packages/airflow/example_dags/example_task_group_decorator.py
[2026-06-01T20:45:25.426+0000] {logging_mixin.py:188} INFO - [2026-06-01T20:45:25.426+0000] {dag.py:3096} INFO - Sync 1 DAGs
[2026-06-01T20:45:25.445+0000] {logging_mixin.py:188} INFO - [2026-06-01T20:45:25.445+0000] {dag.py:3954} INFO - Setting next_dagrun for example_task_group_decorator to 2026-05-31 00:00:00+00:00, run_after=2026-06-01 00:00:00+00:00
[2026-06-01T20:45:25.460+0000] {processor.py:183} INFO - Processing /home/airflow/.local/lib/python3.12/site-packages/airflow/example_dags/example_task_group_decorator.py took 0.075 seconds
[2026-06-01T20:45:55.553+0000] {processor.py:161} INFO - Started process (PID=18612) to work on /home/airflow/.local/lib/python3.12/site-packages/airflow/example_dags/example_task_group_decorator.py
[2026-06-01T20:45:55.554+0000] {processor.py:830} INFO - Processing file /home/airflow/.local/lib/python3.12/site-packages/airflow/example_dags/example_task_group_decorator.py for tasks to queue
[2026-06-01T20:45:55.556+0000] {logging_mixin.py:188} INFO - [2026-06-01T20:45:55.555+0000] {dagbag.py:540} INFO - Filling up the DagBag from /home/airflow/.local/lib/python3.12/site-packages/airflow/example_dags/example_task_group_decorator.py
[2026-06-01T20:45:55.568+0000] {processor.py:840} INFO - DAG(s) 'example_task_group_decorator' retrieved from /home/airflow/.local/lib/python3.12/site-packages/airflow/example_dags/example_task_group_decorator.py
[2026-06-01T20:45:55.588+0000] {logging_mixin.py:188} INFO - [2026-06-01T20:45:55.588+0000] {dag.py:3096} INFO - Sync 1 DAGs
[2026-06-01T20:45:55.607+0000] {logging_mixin.py:188} INFO - [2026-06-01T20:45:55.607+0000] {dag.py:3954} INFO - Setting next_dagrun for example_task_group_decorator to 2026-05-31 00:00:00+00:00, run_after=2026-06-01 00:00:00+00:00
[2026-06-01T20:45:55.625+0000] {processor.py:183} INFO - Processing /home/airflow/.local/lib/python3.12/site-packages/airflow/example_dags/example_task_group_decorator.py took 0.077 seconds
[2026-06-01T20:46:25.721+0000] {processor.py:161} INFO - Started process (PID=18671) to work on /home/airflow/.local/lib/python3.12/site-packages/airflow/example_dags/example_task_group_decorator.py
[2026-06-01T20:46:25.722+0000] {processor.py:830} INFO - Processing file /home/airflow/.local/lib/python3.12/site-packages/airflow/example_dags/example_task_group_decorator.py for tasks to queue
[2026-06-01T20:46:25.724+0000] {logging_mixin.py:188} INFO - [2026-06-01T20:46:25.723+0000] {dagbag.py:540} INFO - Filling up the DagBag from /home/airflow/.local/lib/python3.12/site-packages/airflow/example_dags/example_task_group_decorator.py
[2026-06-01T20:46:25.735+0000] {processor.py:840} INFO - DAG(s) 'example_task_group_decorator' retrieved from /home/airflow/.local/lib/python3.12/site-packages/airflow/example_dags/example_task_group_decorator.py
[2026-06-01T20:46:25.756+0000] {logging_mixin.py:188} INFO - [2026-06-01T20:46:25.756+0000] {dag.py:3096} INFO - Sync 1 DAGs
[2026-06-01T20:46:25.774+0000] {logging_mixin.py:188} INFO - [2026-06-01T20:46:25.774+0000] {dag.py:3954} INFO - Setting next_dagrun for example_task_group_decorator to 2026-05-31 00:00:00+00:00, run_after=2026-06-01 00:00:00+00:00
[2026-06-01T20:46:25.792+0000] {processor.py:183} INFO - Processing /home/airflow/.local/lib/python3.12/site-packages/airflow/example_dags/example_task_group_decorator.py took 0.077 seconds
[2026-06-01T20:46:55.894+0000] {processor.py:161} INFO - Started process (PID=18730) to work on /home/airflow/.local/lib/python3.12/site-packages/airflow/example_dags/example_task_group_decorator.py
[2026-06-01T20:46:55.895+0000] {processor.py:830} INFO - Processing file /home/airflow/.local/lib/python3.12/site-packages/airflow/example_dags/example_task_group_decorator.py for tasks to queue
[2026-06-01T20:46:55.898+0000] {logging_mixin.py:188} INFO - [2026-06-01T20:46:55.897+0000] {dagbag.py:540} INFO - Filling up the DagBag from /home/airflow/.local/lib/python3.12/site-packages/airflow/example_dags/example_task_group_decorator.py
[2026-06-01T20:46:55.914+0000] {processor.py:840} INFO - DAG(s) 'example_task_group_decorator' retrieved from /home/airflow/.local/lib/python3.12/site-packages/airflow/example_dags/example_task_group_decorator.py
[2026-06-01T20:46:55.939+0000] {logging_mixin.py:188} INFO - [2026-06-01T20:46:55.939+0000] {dag.py:3096} INFO - Sync 1 DAGs
[2026-06-01T20:46:55.962+0000] {logging_mixin.py:188} INFO - [2026-06-01T20:46:55.961+0000] {dag.py:3954} INFO - Setting next_dagrun for example_task_group_decorator to 2026-05-31 00:00:00+00:00, run_after=2026-06-01 00:00:00+00:00
[2026-06-01T20:46:55.984+0000] {processor.py:183} INFO - Processing /home/airflow/.local/lib/python3.12/site-packages/airflow/example_dags/example_task_group_decorator.py took 0.097 seconds
[2026-06-01T20:47:26.125+0000] {processor.py:161} INFO - Started process (PID=18789) to work on /home/airflow/.local/lib/python3.12/site-packages/airflow/example_dags/example_task_group_decorator.py
[2026-06-01T20:47:26.125+0000] {processor.py:830} INFO - Processing file /home/airflow/.local/lib/python3.12/site-packages/airflow/example_dags/example_task_group_decorator.py for tasks to queue
[2026-06-01T20:47:26.127+0000] {logging_mixin.py:188} INFO - [2026-06-01T20:47:26.127+0000] {dagbag.py:540} INFO - Filling up the DagBag from /home/airflow/.local/lib/python3.12/site-packages/airflow/example_dags/example_task_group_decorator.py
[2026-06-01T20:47:26.141+0000] {processor.py:840} INFO - DAG(s) 'example_task_group_decorator' retrieved from /home/airflow/.local/lib/python3.12/site-packages/airflow/example_dags/example_task_group_decorator.py
[2026-06-01T20:47:26.162+0000] {logging_mixin.py:188} INFO - [2026-06-01T20:47:26.162+0000] {dag.py:3096} INFO - Sync 1 DAGs
[2026-06-01T20:47:26.181+0000] {logging_mixin.py:188} INFO - [2026-06-01T20:47:26.181+0000] {dag.py:3954} INFO - Setting next_dagrun for example_task_group_decorator to 2026-05-31 00:00:00+00:00, run_after=2026-06-01 00:00:00+00:00
[2026-06-01T20:47:26.201+0000] {processor.py:183} INFO - Processing /home/airflow/.local/lib/python3.12/site-packages/airflow/example_dags/example_task_group_decorator.py took 0.082 seconds
[2026-06-01T20:47:56.661+0000] {processor.py:161} INFO - Started process (PID=18854) to work on /home/airflow/.local/lib/python3.12/site-packages/airflow/example_dags/example_task_group_decorator.py
[2026-06-01T20:47:56.662+0000] {processor.py:830} INFO - Processing file /home/airflow/.local/lib/python3.12/site-packages/airflow/example_dags/example_task_group_decorator.py for tasks to queue
[2026-06-01T20:47:56.664+0000] {logging_mixin.py:188} INFO - [2026-06-01T20:47:56.664+0000] {dagbag.py:540} INFO - Filling up the DagBag from /home/airflow/.local/lib/python3.12/site-packages/airflow/example_dags/example_task_group_decorator.py
[2026-06-01T20:47:56.678+0000] {processor.py:840} INFO - DAG(s) 'example_task_group_decorator' retrieved from /home/airflow/.local/lib/python3.12/site-packages/airflow/example_dags/example_task_group_decorator.py
[2026-06-01T20:47:56.705+0000] {logging_mixin.py:188} INFO - [2026-06-01T20:47:56.704+0000] {dag.py:3096} INFO - Sync 1 DAGs
[2026-06-01T20:47:56.725+0000] {logging_mixin.py:188} INFO - [2026-06-01T20:47:56.725+0000] {dag.py:3954} INFO - Setting next_dagrun for example_task_group_decorator to 2026-05-31 00:00:00+00:00, run_after=2026-06-01 00:00:00+00:00
[2026-06-01T20:47:56.745+0000] {processor.py:183} INFO - Processing /home/airflow/.local/lib/python3.12/site-packages/airflow/example_dags/example_task_group_decorator.py took 0.088 seconds
[2026-06-01T20:48:27.201+0000] {processor.py:161} INFO - Started process (PID=18913) to work on /home/airflow/.local/lib/python3.12/site-packages/airflow/example_dags/example_task_group_decorator.py
[2026-06-01T20:48:27.202+0000] {processor.py:830} INFO - Processing file /home/airflow/.local/lib/python3.12/site-packages/airflow/example_dags/example_task_group_decorator.py for tasks to queue
[2026-06-01T20:48:27.205+0000] {logging_mixin.py:188} INFO - [2026-06-01T20:48:27.204+0000] {dagbag.py:540} INFO - Filling up the DagBag from /home/airflow/.local/lib/python3.12/site-packages/airflow/example_dags/example_task_group_decorator.py
[2026-06-01T20:48:27.217+0000] {processor.py:840} INFO - DAG(s) 'example_task_group_decorator' retrieved from /home/airflow/.local/lib/python3.12/site-packages/airflow/example_dags/example_task_group_decorator.py
[2026-06-01T20:48:27.240+0000] {logging_mixin.py:188} INFO - [2026-06-01T20:48:27.239+0000] {dag.py:3096} INFO - Sync 1 DAGs
[2026-06-01T20:48:27.259+0000] {logging_mixin.py:188} INFO - [2026-06-01T20:48:27.259+0000] {dag.py:3954} INFO - Setting next_dagrun for example_task_group_decorator to 2026-05-31 00:00:00+00:00, run_after=2026-06-01 00:00:00+00:00
[2026-06-01T20:48:27.277+0000] {processor.py:183} INFO - Processing /home/airflow/.local/lib/python3.12/site-packages/airflow/example_dags/example_task_group_decorator.py took 0.082 seconds
[2026-06-01T20:48:57.774+0000] {processor.py:161} INFO - Started process (PID=18972) to work on /home/airflow/.local/lib/python3.12/site-packages/airflow/example_dags/example_task_group_decorator.py
[2026-06-01T20:48:57.775+0000] {processor.py:830} INFO - Processing file /home/airflow/.local/lib/python3.12/site-packages/airflow/example_dags/example_task_group_decorator.py for tasks to queue
[2026-06-01T20:48:57.777+0000] {logging_mixin.py:188} INFO - [2026-06-01T20:48:57.777+0000] {dagbag.py:540} INFO - Filling up the DagBag from /home/airflow/.local/lib/python3.12/site-packages/airflow/example_dags/example_task_group_decorator.py
[2026-06-01T20:48:57.789+0000] {processor.py:840} INFO - DAG(s) 'example_task_group_decorator' retrieved from /home/airflow/.local/lib/python3.12/site-packages/airflow/example_dags/example_task_group_decorator.py
[2026-06-01T20:48:57.810+0000] {logging_mixin.py:188} INFO - [2026-06-01T20:48:57.810+0000] {dag.py:3096} INFO - Sync 1 DAGs
[2026-06-01T20:48:57.830+0000] {logging_mixin.py:188} INFO - [2026-06-01T20:48:57.829+0000] {dag.py:3954} INFO - Setting next_dagrun for example_task_group_decorator to 2026-05-31 00:00:00+00:00, run_after=2026-06-01 00:00:00+00:00
[2026-06-01T20:48:57.850+0000] {processor.py:183} INFO - Processing /home/airflow/.local/lib/python3.12/site-packages/airflow/example_dags/example_task_group_decorator.py took 0.081 seconds
[2026-06-01T20:49:28.266+0000] {processor.py:161} INFO - Started process (PID=19031) to work on /home/airflow/.local/lib/python3.12/site-packages/airflow/example_dags/example_task_group_decorator.py
[2026-06-01T20:49:28.267+0000] {processor.py:830} INFO - Processing file /home/airflow/.local/lib/python3.12/site-packages/airflow/example_dags/example_task_group_decorator.py for tasks to queue
[2026-06-01T20:49:28.269+0000] {logging_mixin.py:188} INFO - [2026-06-01T20:49:28.269+0000] {dagbag.py:540} INFO - Filling up the DagBag from /home/airflow/.local/lib/python3.12/site-packages/airflow/example_dags/example_task_group_decorator.py
[2026-06-01T20:49:28.283+0000] {processor.py:840} INFO - DAG(s) 'example_task_group_decorator' retrieved from /home/airflow/.local/lib/python3.12/site-packages/airflow/example_dags/example_task_group_decorator.py
[2026-06-01T20:49:28.310+0000] {logging_mixin.py:188} INFO - [2026-06-01T20:49:28.309+0000] {dag.py:3096} INFO - Sync 1 DAGs
[2026-06-01T20:49:28.334+0000] {logging_mixin.py:188} INFO - [2026-06-01T20:49:28.334+0000] {dag.py:3954} INFO - Setting next_dagrun for example_task_group_decorator to 2026-05-31 00:00:00+00:00, run_after=2026-06-01 00:00:00+00:00
[2026-06-01T20:49:28.352+0000] {processor.py:183} INFO - Processing /home/airflow/.local/lib/python3.12/site-packages/airflow/example_dags/example_task_group_decorator.py took 0.092 seconds
[2026-06-01T20:49:58.469+0000] {processor.py:161} INFO - Started process (PID=19090) to work on /home/airflow/.local/lib/python3.12/site-packages/airflow/example_dags/example_task_group_decorator.py
[2026-06-01T20:49:58.471+0000] {processor.py:830} INFO - Processing file /home/airflow/.local/lib/python3.12/site-packages/airflow/example_dags/example_task_group_decorator.py for tasks to queue
[2026-06-01T20:49:58.473+0000] {logging_mixin.py:188} INFO - [2026-06-01T20:49:58.473+0000] {dagbag.py:540} INFO - Filling up the DagBag from /home/airflow/.local/lib/python3.12/site-packages/airflow/example_dags/example_task_group_decorator.py
[2026-06-01T20:49:58.487+0000] {processor.py:840} INFO - DAG(s) 'example_task_group_decorator' retrieved from /home/airflow/.local/lib/python3.12/site-packages/airflow/example_dags/example_task_group_decorator.py
[2026-06-01T20:49:58.511+0000] {logging_mixin.py:188} INFO - [2026-06-01T20:49:58.510+0000] {dag.py:3096} INFO - Sync 1 DAGs
[2026-06-01T20:49:58.528+0000] {logging_mixin.py:188} INFO - [2026-06-01T20:49:58.528+0000] {dag.py:3954} INFO - Setting next_dagrun for example_task_group_decorator to 2026-05-31 00:00:00+00:00, run_after=2026-06-01 00:00:00+00:00
[2026-06-01T20:49:58.545+0000] {processor.py:183} INFO - Processing /home/airflow/.local/lib/python3.12/site-packages/airflow/example_dags/example_task_group_decorator.py took 0.081 seconds
[2026-06-01T20:50:28.708+0000] {processor.py:161} INFO - Started process (PID=19149) to work on /home/airflow/.local/lib/python3.12/site-packages/airflow/example_dags/example_task_group_decorator.py
[2026-06-01T20:50:28.709+0000] {processor.py:830} INFO - Processing file /home/airflow/.local/lib/python3.12/site-packages/airflow/example_dags/example_task_group_decorator.py for tasks to queue
[2026-06-01T20:50:28.711+0000] {logging_mixin.py:188} INFO - [2026-06-01T20:50:28.711+0000] {dagbag.py:540} INFO - Filling up the DagBag from /home/airflow/.local/lib/python3.12/site-packages/airflow/example_dags/example_task_group_decorator.py
[2026-06-01T20:50:28.725+0000] {processor.py:840} INFO - DAG(s) 'example_task_group_decorator' retrieved from /home/airflow/.local/lib/python3.12/site-packages/airflow/example_dags/example_task_group_decorator.py
[2026-06-01T20:50:28.749+0000] {logging_mixin.py:188} INFO - [2026-06-01T20:50:28.748+0000] {dag.py:3096} INFO - Sync 1 DAGs
[2026-06-01T20:50:28.770+0000] {logging_mixin.py:188} INFO - [2026-06-01T20:50:28.770+0000] {dag.py:3954} INFO - Setting next_dagrun for example_task_group_decorator to 2026-05-31 00:00:00+00:00, run_after=2026-06-01 00:00:00+00:00
[2026-06-01T20:50:28.800+0000] {processor.py:183} INFO - Processing /home/airflow/.local/lib/python3.12/site-packages/airflow/example_dags/example_task_group_decorator.py took 0.099 seconds
[2026-06-01T20:50:58.911+0000] {processor.py:161} INFO - Started process (PID=19208) to work on /home/airflow/.local/lib/python3.12/site-packages/airflow/example_dags/example_task_group_decorator.py
[2026-06-01T20:50:58.912+0000] {processor.py:830} INFO - Processing file /home/airflow/.local/lib/python3.12/site-packages/airflow/example_dags/example_task_group_decorator.py for tasks to queue
[2026-06-01T20:50:58.915+0000] {logging_mixin.py:188} INFO - [2026-06-01T20:50:58.915+0000] {dagbag.py:540} INFO - Filling up the DagBag from /home/airflow/.local/lib/python3.12/site-packages/airflow/example_dags/example_task_group_decorator.py
[2026-06-01T20:50:58.936+0000] {processor.py:840} INFO - DAG(s) 'example_task_group_decorator' retrieved from /home/airflow/.local/lib/python3.12/site-packages/airflow/example_dags/example_task_group_decorator.py
[2026-06-01T20:50:58.964+0000] {logging_mixin.py:188} INFO - [2026-06-01T20:50:58.964+0000] {dag.py:3096} INFO - Sync 1 DAGs
[2026-06-01T20:50:58.983+0000] {logging_mixin.py:188} INFO - [2026-06-01T20:50:58.983+0000] {dag.py:3954} INFO - Setting next_dagrun for example_task_group_decorator to 2026-05-31 00:00:00+00:00, run_after=2026-06-01 00:00:00+00:00
[2026-06-01T20:50:59.000+0000] {processor.py:183} INFO - Processing /home/airflow/.local/lib/python3.12/site-packages/airflow/example_dags/example_task_group_decorator.py took 0.096 seconds
[2026-06-01T20:51:29.407+0000] {processor.py:161} INFO - Started process (PID=19267) to work on /home/airflow/.local/lib/python3.12/site-packages/airflow/example_dags/example_task_group_decorator.py
[2026-06-01T20:51:29.409+0000] {processor.py:830} INFO - Processing file /home/airflow/.local/lib/python3.12/site-packages/airflow/example_dags/example_task_group_decorator.py for tasks to queue
[2026-06-01T20:51:29.411+0000] {logging_mixin.py:188} INFO - [2026-06-01T20:51:29.410+0000] {dagbag.py:540} INFO - Filling up the DagBag from /home/airflow/.local/lib/python3.12/site-packages/airflow/example_dags/example_task_group_decorator.py
[2026-06-01T20:51:29.427+0000] {processor.py:840} INFO - DAG(s) 'example_task_group_decorator' retrieved from /home/airflow/.local/lib/python3.12/site-packages/airflow/example_dags/example_task_group_decorator.py
[2026-06-01T20:51:29.456+0000] {logging_mixin.py:188} INFO - [2026-06-01T20:51:29.455+0000] {dag.py:3096} INFO - Sync 1 DAGs
[2026-06-01T20:51:29.477+0000] {logging_mixin.py:188} INFO - [2026-06-01T20:51:29.477+0000] {dag.py:3954} INFO - Setting next_dagrun for example_task_group_decorator to 2026-05-31 00:00:00+00:00, run_after=2026-06-01 00:00:00+00:00
[2026-06-01T20:51:29.498+0000] {processor.py:183} INFO - Processing /home/airflow/.local/lib/python3.12/site-packages/airflow/example_dags/example_task_group_decorator.py took 0.097 seconds
[2026-06-01T20:51:59.743+0000] {processor.py:161} INFO - Started process (PID=19326) to work on /home/airflow/.local/lib/python3.12/site-packages/airflow/example_dags/example_task_group_decorator.py
[2026-06-01T20:51:59.744+0000] {processor.py:830} INFO - Processing file /home/airflow/.local/lib/python3.12/site-packages/airflow/example_dags/example_task_group_decorator.py for tasks to queue
[2026-06-01T20:51:59.746+0000] {logging_mixin.py:188} INFO - [2026-06-01T20:51:59.746+0000] {dagbag.py:540} INFO - Filling up the DagBag from /home/airflow/.local/lib/python3.12/site-packages/airflow/example_dags/example_task_group_decorator.py
[2026-06-01T20:51:59.759+0000] {processor.py:840} INFO - DAG(s) 'example_task_group_decorator' retrieved from /home/airflow/.local/lib/python3.12/site-packages/airflow/example_dags/example_task_group_decorator.py
[2026-06-01T20:51:59.787+0000] {logging_mixin.py:188} INFO - [2026-06-01T20:51:59.786+0000] {dag.py:3096} INFO - Sync 1 DAGs
[2026-06-01T20:51:59.808+0000] {logging_mixin.py:188} INFO - [2026-06-01T20:51:59.808+0000] {dag.py:3954} INFO - Setting next_dagrun for example_task_group_decorator to 2026-05-31 00:00:00+00:00, run_after=2026-06-01 00:00:00+00:00
[2026-06-01T20:51:59.827+0000] {processor.py:183} INFO - Processing /home/airflow/.local/lib/python3.12/site-packages/airflow/example_dags/example_task_group_decorator.py took 0.089 seconds
[2026-06-01T20:52:29.945+0000] {processor.py:161} INFO - Started process (PID=19383) to work on /home/airflow/.local/lib/python3.12/site-packages/airflow/example_dags/example_task_group_decorator.py
[2026-06-01T20:52:29.947+0000] {processor.py:830} INFO - Processing file /home/airflow/.local/lib/python3.12/site-packages/airflow/example_dags/example_task_group_decorator.py for tasks to queue
[2026-06-01T20:52:29.948+0000] {logging_mixin.py:188} INFO - [2026-06-01T20:52:29.948+0000] {dagbag.py:540} INFO - Filling up the DagBag from /home/airflow/.local/lib/python3.12/site-packages/airflow/example_dags/example_task_group_decorator.py
[2026-06-01T20:52:29.964+0000] {processor.py:840} INFO - DAG(s) 'example_task_group_decorator' retrieved from /home/airflow/.local/lib/python3.12/site-packages/airflow/example_dags/example_task_group_decorator.py
[2026-06-01T20:52:29.996+0000] {logging_mixin.py:188} INFO - [2026-06-01T20:52:29.995+0000] {dag.py:3096} INFO - Sync 1 DAGs
[2026-06-01T20:52:30.017+0000] {logging_mixin.py:188} INFO - [2026-06-01T20:52:30.017+0000] {dag.py:3954} INFO - Setting next_dagrun for example_task_group_decorator to 2026-05-31 00:00:00+00:00, run_after=2026-06-01 00:00:00+00:00
[2026-06-01T20:52:30.034+0000] {processor.py:183} INFO - Processing /home/airflow/.local/lib/python3.12/site-packages/airflow/example_dags/example_task_group_decorator.py took 0.096 seconds
[2026-06-01T20:53:00.702+0000] {processor.py:161} INFO - Started process (PID=19442) to work on /home/airflow/.local/lib/python3.12/site-packages/airflow/example_dags/example_task_group_decorator.py
[2026-06-01T20:53:00.703+0000] {processor.py:830} INFO - Processing file /home/airflow/.local/lib/python3.12/site-packages/airflow/example_dags/example_task_group_decorator.py for tasks to queue
[2026-06-01T20:53:00.705+0000] {logging_mixin.py:188} INFO - [2026-06-01T20:53:00.705+0000] {dagbag.py:540} INFO - Filling up the DagBag from /home/airflow/.local/lib/python3.12/site-packages/airflow/example_dags/example_task_group_decorator.py
[2026-06-01T20:53:00.719+0000] {processor.py:840} INFO - DAG(s) 'example_task_group_decorator' retrieved from /home/airflow/.local/lib/python3.12/site-packages/airflow/example_dags/example_task_group_decorator.py
[2026-06-01T20:53:00.744+0000] {logging_mixin.py:188} INFO - [2026-06-01T20:53:00.744+0000] {dag.py:3096} INFO - Sync 1 DAGs
[2026-06-01T20:53:00.769+0000] {logging_mixin.py:188} INFO - [2026-06-01T20:53:00.769+0000] {dag.py:3954} INFO - Setting next_dagrun for example_task_group_decorator to 2026-05-31 00:00:00+00:00, run_after=2026-06-01 00:00:00+00:00
[2026-06-01T20:53:00.949+0000] {processor.py:183} INFO - Processing /home/airflow/.local/lib/python3.12/site-packages/airflow/example_dags/example_task_group_decorator.py took 0.254 seconds
[2026-06-01T20:53:31.138+0000] {processor.py:161} INFO - Started process (PID=19501) to work on /home/airflow/.local/lib/python3.12/site-packages/airflow/example_dags/example_task_group_decorator.py
[2026-06-01T20:53:31.139+0000] {processor.py:830} INFO - Processing file /home/airflow/.local/lib/python3.12/site-packages/airflow/example_dags/example_task_group_decorator.py for tasks to queue
[2026-06-01T20:53:31.141+0000] {logging_mixin.py:188} INFO - [2026-06-01T20:53:31.140+0000] {dagbag.py:540} INFO - Filling up the DagBag from /home/airflow/.local/lib/python3.12/site-packages/airflow/example_dags/example_task_group_decorator.py
[2026-06-01T20:53:31.153+0000] {processor.py:840} INFO - DAG(s) 'example_task_group_decorator' retrieved from /home/airflow/.local/lib/python3.12/site-packages/airflow/example_dags/example_task_group_decorator.py
[2026-06-01T20:53:31.180+0000] {logging_mixin.py:188} INFO - [2026-06-01T20:53:31.179+0000] {dag.py:3096} INFO - Sync 1 DAGs
[2026-06-01T20:53:31.201+0000] {logging_mixin.py:188} INFO - [2026-06-01T20:53:31.201+0000] {dag.py:3954} INFO - Setting next_dagrun for example_task_group_decorator to 2026-05-31 00:00:00+00:00, run_after=2026-06-01 00:00:00+00:00
[2026-06-01T20:53:31.377+0000] {processor.py:183} INFO - Processing /home/airflow/.local/lib/python3.12/site-packages/airflow/example_dags/example_task_group_decorator.py took 0.245 seconds
[2026-06-01T20:54:02.267+0000] {processor.py:161} INFO - Started process (PID=19560) to work on /home/airflow/.local/lib/python3.12/site-packages/airflow/example_dags/example_task_group_decorator.py
[2026-06-01T20:54:02.268+0000] {processor.py:830} INFO - Processing file /home/airflow/.local/lib/python3.12/site-packages/airflow/example_dags/example_task_group_decorator.py for tasks to queue
[2026-06-01T20:54:02.270+0000] {logging_mixin.py:188} INFO - [2026-06-01T20:54:02.270+0000] {dagbag.py:540} INFO - Filling up the DagBag from /home/airflow/.local/lib/python3.12/site-packages/airflow/example_dags/example_task_group_decorator.py
[2026-06-01T20:54:02.285+0000] {processor.py:840} INFO - DAG(s) 'example_task_group_decorator' retrieved from /home/airflow/.local/lib/python3.12/site-packages/airflow/example_dags/example_task_group_decorator.py
[2026-06-01T20:54:02.308+0000] {logging_mixin.py:188} INFO - [2026-06-01T20:54:02.308+0000] {dag.py:3096} INFO - Sync 1 DAGs
[2026-06-01T20:54:02.332+0000] {logging_mixin.py:188} INFO - [2026-06-01T20:54:02.331+0000] {dag.py:3954} INFO - Setting next_dagrun for example_task_group_decorator to 2026-05-31 00:00:00+00:00, run_after=2026-06-01 00:00:00+00:00
[2026-06-01T20:54:02.511+0000] {processor.py:183} INFO - Processing /home/airflow/.local/lib/python3.12/site-packages/airflow/example_dags/example_task_group_decorator.py took 0.249 seconds
[2026-06-01T20:54:33.127+0000] {processor.py:161} INFO - Started process (PID=19619) to work on /home/airflow/.local/lib/python3.12/site-packages/airflow/example_dags/example_task_group_decorator.py
[2026-06-01T20:54:33.128+0000] {processor.py:830} INFO - Processing file /home/airflow/.local/lib/python3.12/site-packages/airflow/example_dags/example_task_group_decorator.py for tasks to queue
[2026-06-01T20:54:33.130+0000] {logging_mixin.py:188} INFO - [2026-06-01T20:54:33.130+0000] {dagbag.py:540} INFO - Filling up the DagBag from /home/airflow/.local/lib/python3.12/site-packages/airflow/example_dags/example_task_group_decorator.py
[2026-06-01T20:54:33.143+0000] {processor.py:840} INFO - DAG(s) 'example_task_group_decorator' retrieved from /home/airflow/.local/lib/python3.12/site-packages/airflow/example_dags/example_task_group_decorator.py
[2026-06-01T20:54:33.169+0000] {logging_mixin.py:188} INFO - [2026-06-01T20:54:33.168+0000] {dag.py:3096} INFO - Sync 1 DAGs
[2026-06-01T20:54:33.189+0000] {logging_mixin.py:188} INFO - [2026-06-01T20:54:33.189+0000] {dag.py:3954} INFO - Setting next_dagrun for example_task_group_decorator to 2026-05-31 00:00:00+00:00, run_after=2026-06-01 00:00:00+00:00
[2026-06-01T20:54:33.210+0000] {processor.py:183} INFO - Processing /home/airflow/.local/lib/python3.12/site-packages/airflow/example_dags/example_task_group_decorator.py took 0.089 seconds
[2026-06-01T20:55:03.309+0000] {processor.py:161} INFO - Started process (PID=19678) to work on /home/airflow/.local/lib/python3.12/site-packages/airflow/example_dags/example_task_group_decorator.py
[2026-06-01T20:55:03.310+0000] {processor.py:830} INFO - Processing file /home/airflow/.local/lib/python3.12/site-packages/airflow/example_dags/example_task_group_decorator.py for tasks to queue
[2026-06-01T20:55:03.311+0000] {logging_mixin.py:188} INFO - [2026-06-01T20:55:03.311+0000] {dagbag.py:540} INFO - Filling up the DagBag from /home/airflow/.local/lib/python3.12/site-packages/airflow/example_dags/example_task_group_decorator.py
[2026-06-01T20:55:03.325+0000] {processor.py:840} INFO - DAG(s) 'example_task_group_decorator' retrieved from /home/airflow/.local/lib/python3.12/site-packages/airflow/example_dags/example_task_group_decorator.py
[2026-06-01T20:55:03.349+0000] {logging_mixin.py:188} INFO - [2026-06-01T20:55:03.348+0000] {dag.py:3096} INFO - Sync 1 DAGs
[2026-06-01T20:55:03.369+0000] {logging_mixin.py:188} INFO - [2026-06-01T20:55:03.368+0000] {dag.py:3954} INFO - Setting next_dagrun for example_task_group_decorator to 2026-05-31 00:00:00+00:00, run_after=2026-06-01 00:00:00+00:00
[2026-06-01T20:55:03.392+0000] {processor.py:183} INFO - Processing /home/airflow/.local/lib/python3.12/site-packages/airflow/example_dags/example_task_group_decorator.py took 0.088 seconds
[2026-06-01T20:55:34.293+0000] {processor.py:161} INFO - Started process (PID=19737) to work on /home/airflow/.local/lib/python3.12/site-packages/airflow/example_dags/example_task_group_decorator.py
[2026-06-01T20:55:34.294+0000] {processor.py:830} INFO - Processing file /home/airflow/.local/lib/python3.12/site-packages/airflow/example_dags/example_task_group_decorator.py for tasks to queue
[2026-06-01T20:55:34.297+0000] {logging_mixin.py:188} INFO - [2026-06-01T20:55:34.297+0000] {dagbag.py:540} INFO - Filling up the DagBag from /home/airflow/.local/lib/python3.12/site-packages/airflow/example_dags/example_task_group_decorator.py
[2026-06-01T20:55:34.309+0000] {processor.py:840} INFO - DAG(s) 'example_task_group_decorator' retrieved from /home/airflow/.local/lib/python3.12/site-packages/airflow/example_dags/example_task_group_decorator.py
[2026-06-01T20:55:34.333+0000] {logging_mixin.py:188} INFO - [2026-06-01T20:55:34.333+0000] {dag.py:3096} INFO - Sync 1 DAGs
[2026-06-01T20:55:34.353+0000] {logging_mixin.py:188} INFO - [2026-06-01T20:55:34.353+0000] {dag.py:3954} INFO - Setting next_dagrun for example_task_group_decorator to 2026-05-31 00:00:00+00:00, run_after=2026-06-01 00:00:00+00:00
[2026-06-01T20:55:34.371+0000] {processor.py:183} INFO - Processing /home/airflow/.local/lib/python3.12/site-packages/airflow/example_dags/example_task_group_decorator.py took 0.082 seconds
[2026-06-01T20:56:04.443+0000] {processor.py:161} INFO - Started process (PID=19796) to work on /home/airflow/.local/lib/python3.12/site-packages/airflow/example_dags/example_task_group_decorator.py
[2026-06-01T20:56:04.445+0000] {processor.py:830} INFO - Processing file /home/airflow/.local/lib/python3.12/site-packages/airflow/example_dags/example_task_group_decorator.py for tasks to queue
[2026-06-01T20:56:04.447+0000] {logging_mixin.py:188} INFO - [2026-06-01T20:56:04.447+0000] {dagbag.py:540} INFO - Filling up the DagBag from /home/airflow/.local/lib/python3.12/site-packages/airflow/example_dags/example_task_group_decorator.py
[2026-06-01T20:56:04.464+0000] {processor.py:840} INFO - DAG(s) 'example_task_group_decorator' retrieved from /home/airflow/.local/lib/python3.12/site-packages/airflow/example_dags/example_task_group_decorator.py
[2026-06-01T20:56:04.495+0000] {logging_mixin.py:188} INFO - [2026-06-01T20:56:04.494+0000] {dag.py:3096} INFO - Sync 1 DAGs
[2026-06-01T20:56:04.521+0000] {logging_mixin.py:188} INFO - [2026-06-01T20:56:04.521+0000] {dag.py:3954} INFO - Setting next_dagrun for example_task_group_decorator to 2026-05-31 00:00:00+00:00, run_after=2026-06-01 00:00:00+00:00
[2026-06-01T20:56:04.547+0000] {processor.py:183} INFO - Processing /home/airflow/.local/lib/python3.12/site-packages/airflow/example_dags/example_task_group_decorator.py took 0.112 seconds
[2026-06-01T20:56:34.654+0000] {processor.py:161} INFO - Started process (PID=19855) to work on /home/airflow/.local/lib/python3.12/site-packages/airflow/example_dags/example_task_group_decorator.py
[2026-06-01T20:56:34.656+0000] {processor.py:830} INFO - Processing file /home/airflow/.local/lib/python3.12/site-packages/airflow/example_dags/example_task_group_decorator.py for tasks to queue
[2026-06-01T20:56:34.658+0000] {logging_mixin.py:188} INFO - [2026-06-01T20:56:34.657+0000] {dagbag.py:540} INFO - Filling up the DagBag from /home/airflow/.local/lib/python3.12/site-packages/airflow/example_dags/example_task_group_decorator.py
[2026-06-01T20:56:34.670+0000] {processor.py:840} INFO - DAG(s) 'example_task_group_decorator' retrieved from /home/airflow/.local/lib/python3.12/site-packages/airflow/example_dags/example_task_group_decorator.py
[2026-06-01T20:56:34.693+0000] {logging_mixin.py:188} INFO - [2026-06-01T20:56:34.692+0000] {dag.py:3096} INFO - Sync 1 DAGs
[2026-06-01T20:56:34.715+0000] {logging_mixin.py:188} INFO - [2026-06-01T20:56:34.715+0000] {dag.py:3954} INFO - Setting next_dagrun for example_task_group_decorator to 2026-05-31 00:00:00+00:00, run_after=2026-06-01 00:00:00+00:00
[2026-06-01T20:56:34.734+0000] {processor.py:183} INFO - Processing /home/airflow/.local/lib/python3.12/site-packages/airflow/example_dags/example_task_group_decorator.py took 0.084 seconds
[2026-06-01T20:57:04.783+0000] {processor.py:161} INFO - Started process (PID=19914) to work on /home/airflow/.local/lib/python3.12/site-packages/airflow/example_dags/example_task_group_decorator.py
[2026-06-01T20:57:04.785+0000] {processor.py:830} INFO - Processing file /home/airflow/.local/lib/python3.12/site-packages/airflow/example_dags/example_task_group_decorator.py for tasks to queue
[2026-06-01T20:57:04.787+0000] {logging_mixin.py:188} INFO - [2026-06-01T20:57:04.786+0000] {dagbag.py:540} INFO - Filling up the DagBag from /home/airflow/.local/lib/python3.12/site-packages/airflow/example_dags/example_task_group_decorator.py
[2026-06-01T20:57:04.801+0000] {processor.py:840} INFO - DAG(s) 'example_task_group_decorator' retrieved from /home/airflow/.local/lib/python3.12/site-packages/airflow/example_dags/example_task_group_decorator.py
[2026-06-01T20:57:04.824+0000] {logging_mixin.py:188} INFO - [2026-06-01T20:57:04.824+0000] {dag.py:3096} INFO - Sync 1 DAGs
[2026-06-01T20:57:04.846+0000] {logging_mixin.py:188} INFO - [2026-06-01T20:57:04.846+0000] {dag.py:3954} INFO - Setting next_dagrun for example_task_group_decorator to 2026-05-31 00:00:00+00:00, run_after=2026-06-01 00:00:00+00:00
[2026-06-01T20:57:04.863+0000] {processor.py:183} INFO - Processing /home/airflow/.local/lib/python3.12/site-packages/airflow/example_dags/example_task_group_decorator.py took 0.086 seconds
[2026-06-01T20:57:35.146+0000] {processor.py:161} INFO - Started process (PID=19973) to work on /home/airflow/.local/lib/python3.12/site-packages/airflow/example_dags/example_task_group_decorator.py
[2026-06-01T20:57:35.148+0000] {processor.py:830} INFO - Processing file /home/airflow/.local/lib/python3.12/site-packages/airflow/example_dags/example_task_group_decorator.py for tasks to queue
[2026-06-01T20:57:35.150+0000] {logging_mixin.py:188} INFO - [2026-06-01T20:57:35.149+0000] {dagbag.py:540} INFO - Filling up the DagBag from /home/airflow/.local/lib/python3.12/site-packages/airflow/example_dags/example_task_group_decorator.py
[2026-06-01T20:57:35.164+0000] {processor.py:840} INFO - DAG(s) 'example_task_group_decorator' retrieved from /home/airflow/.local/lib/python3.12/site-packages/airflow/example_dags/example_task_group_decorator.py
[2026-06-01T20:57:35.188+0000] {logging_mixin.py:188} INFO - [2026-06-01T20:57:35.187+0000] {dag.py:3096} INFO - Sync 1 DAGs
[2026-06-01T20:57:35.210+0000] {logging_mixin.py:188} INFO - [2026-06-01T20:57:35.210+0000] {dag.py:3954} INFO - Setting next_dagrun for example_task_group_decorator to 2026-05-31 00:00:00+00:00, run_after=2026-06-01 00:00:00+00:00
[2026-06-01T20:57:35.229+0000] {processor.py:183} INFO - Processing /home/airflow/.local/lib/python3.12/site-packages/airflow/example_dags/example_task_group_decorator.py took 0.088 seconds
[2026-06-01T20:58:05.543+0000] {processor.py:161} INFO - Started process (PID=20032) to work on /home/airflow/.local/lib/python3.12/site-packages/airflow/example_dags/example_task_group_decorator.py
[2026-06-01T20:58:05.545+0000] {processor.py:830} INFO - Processing file /home/airflow/.local/lib/python3.12/site-packages/airflow/example_dags/example_task_group_decorator.py for tasks to queue
[2026-06-01T20:58:05.547+0000] {logging_mixin.py:188} INFO - [2026-06-01T20:58:05.546+0000] {dagbag.py:540} INFO - Filling up the DagBag from /home/airflow/.local/lib/python3.12/site-packages/airflow/example_dags/example_task_group_decorator.py
[2026-06-01T20:58:05.563+0000] {processor.py:840} INFO - DAG(s) 'example_task_group_decorator' retrieved from /home/airflow/.local/lib/python3.12/site-packages/airflow/example_dags/example_task_group_decorator.py
[2026-06-01T20:58:05.599+0000] {logging_mixin.py:188} INFO - [2026-06-01T20:58:05.599+0000] {dag.py:3096} INFO - Sync 1 DAGs
[2026-06-01T20:58:05.621+0000] {logging_mixin.py:188} INFO - [2026-06-01T20:58:05.621+0000] {dag.py:3954} INFO - Setting next_dagrun for example_task_group_decorator to 2026-05-31 00:00:00+00:00, run_after=2026-06-01 00:00:00+00:00
[2026-06-01T20:58:05.643+0000] {processor.py:183} INFO - Processing /home/airflow/.local/lib/python3.12/site-packages/airflow/example_dags/example_task_group_decorator.py took 0.108 seconds
[2026-06-01T20:58:36.204+0000] {processor.py:161} INFO - Started process (PID=20091) to work on /home/airflow/.local/lib/python3.12/site-packages/airflow/example_dags/example_task_group_decorator.py
[2026-06-01T20:58:36.205+0000] {processor.py:830} INFO - Processing file /home/airflow/.local/lib/python3.12/site-packages/airflow/example_dags/example_task_group_decorator.py for tasks to queue
[2026-06-01T20:58:36.207+0000] {logging_mixin.py:188} INFO - [2026-06-01T20:58:36.207+0000] {dagbag.py:540} INFO - Filling up the DagBag from /home/airflow/.local/lib/python3.12/site-packages/airflow/example_dags/example_task_group_decorator.py
[2026-06-01T20:58:36.223+0000] {processor.py:840} INFO - DAG(s) 'example_task_group_decorator' retrieved from /home/airflow/.local/lib/python3.12/site-packages/airflow/example_dags/example_task_group_decorator.py
[2026-06-01T20:58:36.249+0000] {logging_mixin.py:188} INFO - [2026-06-01T20:58:36.249+0000] {dag.py:3096} INFO - Sync 1 DAGs
[2026-06-01T20:58:36.274+0000] {logging_mixin.py:188} INFO - [2026-06-01T20:58:36.274+0000] {dag.py:3954} INFO - Setting next_dagrun for example_task_group_decorator to 2026-05-31 00:00:00+00:00, run_after=2026-06-01 00:00:00+00:00
[2026-06-01T20:58:36.295+0000] {processor.py:183} INFO - Processing /home/airflow/.local/lib/python3.12/site-packages/airflow/example_dags/example_task_group_decorator.py took 0.097 seconds
[2026-06-01T20:59:06.408+0000] {processor.py:161} INFO - Started process (PID=20150) to work on /home/airflow/.local/lib/python3.12/site-packages/airflow/example_dags/example_task_group_decorator.py
[2026-06-01T20:59:06.409+0000] {processor.py:830} INFO - Processing file /home/airflow/.local/lib/python3.12/site-packages/airflow/example_dags/example_task_group_decorator.py for tasks to queue
[2026-06-01T20:59:06.412+0000] {logging_mixin.py:188} INFO - [2026-06-01T20:59:06.412+0000] {dagbag.py:540} INFO - Filling up the DagBag from /home/airflow/.local/lib/python3.12/site-packages/airflow/example_dags/example_task_group_decorator.py
[2026-06-01T20:59:06.427+0000] {processor.py:840} INFO - DAG(s) 'example_task_group_decorator' retrieved from /home/airflow/.local/lib/python3.12/site-packages/airflow/example_dags/example_task_group_decorator.py
[2026-06-01T20:59:06.454+0000] {logging_mixin.py:188} INFO - [2026-06-01T20:59:06.454+0000] {dag.py:3096} INFO - Sync 1 DAGs
[2026-06-01T20:59:06.474+0000] {logging_mixin.py:188} INFO - [2026-06-01T20:59:06.474+0000] {dag.py:3954} INFO - Setting next_dagrun for example_task_group_decorator to 2026-05-31 00:00:00+00:00, run_after=2026-06-01 00:00:00+00:00
[2026-06-01T20:59:06.494+0000] {processor.py:183} INFO - Processing /home/airflow/.local/lib/python3.12/site-packages/airflow/example_dags/example_task_group_decorator.py took 0.093 seconds
[2026-06-01T20:59:36.638+0000] {processor.py:161} INFO - Started process (PID=20209) to work on /home/airflow/.local/lib/python3.12/site-packages/airflow/example_dags/example_task_group_decorator.py
[2026-06-01T20:59:36.640+0000] {processor.py:830} INFO - Processing file /home/airflow/.local/lib/python3.12/site-packages/airflow/example_dags/example_task_group_decorator.py for tasks to queue
[2026-06-01T20:59:36.643+0000] {logging_mixin.py:188} INFO - [2026-06-01T20:59:36.643+0000] {dagbag.py:540} INFO - Filling up the DagBag from /home/airflow/.local/lib/python3.12/site-packages/airflow/example_dags/example_task_group_decorator.py
[2026-06-01T20:59:36.662+0000] {processor.py:840} INFO - DAG(s) 'example_task_group_decorator' retrieved from /home/airflow/.local/lib/python3.12/site-packages/airflow/example_dags/example_task_group_decorator.py
[2026-06-01T20:59:36.693+0000] {logging_mixin.py:188} INFO - [2026-06-01T20:59:36.693+0000] {dag.py:3096} INFO - Sync 1 DAGs
[2026-06-01T20:59:36.720+0000] {logging_mixin.py:188} INFO - [2026-06-01T20:59:36.719+0000] {dag.py:3954} INFO - Setting next_dagrun for example_task_group_decorator to 2026-05-31 00:00:00+00:00, run_after=2026-06-01 00:00:00+00:00
[2026-06-01T20:59:36.748+0000] {processor.py:183} INFO - Processing /home/airflow/.local/lib/python3.12/site-packages/airflow/example_dags/example_task_group_decorator.py took 0.117 seconds
[2026-06-01T21:00:07.492+0000] {processor.py:161} INFO - Started process (PID=20268) to work on /home/airflow/.local/lib/python3.12/site-packages/airflow/example_dags/example_task_group_decorator.py
[2026-06-01T21:00:07.493+0000] {processor.py:830} INFO - Processing file /home/airflow/.local/lib/python3.12/site-packages/airflow/example_dags/example_task_group_decorator.py for tasks to queue
[2026-06-01T21:00:07.495+0000] {logging_mixin.py:188} INFO - [2026-06-01T21:00:07.494+0000] {dagbag.py:540} INFO - Filling up the DagBag from /home/airflow/.local/lib/python3.12/site-packages/airflow/example_dags/example_task_group_decorator.py
[2026-06-01T21:00:07.510+0000] {processor.py:840} INFO - DAG(s) 'example_task_group_decorator' retrieved from /home/airflow/.local/lib/python3.12/site-packages/airflow/example_dags/example_task_group_decorator.py
[2026-06-01T21:00:07.540+0000] {logging_mixin.py:188} INFO - [2026-06-01T21:00:07.540+0000] {dag.py:3096} INFO - Sync 1 DAGs
[2026-06-01T21:00:07.565+0000] {logging_mixin.py:188} INFO - [2026-06-01T21:00:07.565+0000] {dag.py:3954} INFO - Setting next_dagrun for example_task_group_decorator to 2026-05-31 00:00:00+00:00, run_after=2026-06-01 00:00:00+00:00
[2026-06-01T21:00:07.586+0000] {processor.py:183} INFO - Processing /home/airflow/.local/lib/python3.12/site-packages/airflow/example_dags/example_task_group_decorator.py took 0.101 seconds
[2026-06-01T21:00:37.669+0000] {processor.py:161} INFO - Started process (PID=20327) to work on /home/airflow/.local/lib/python3.12/site-packages/airflow/example_dags/example_task_group_decorator.py
[2026-06-01T21:00:37.670+0000] {processor.py:830} INFO - Processing file /home/airflow/.local/lib/python3.12/site-packages/airflow/example_dags/example_task_group_decorator.py for tasks to queue
[2026-06-01T21:00:37.672+0000] {logging_mixin.py:188} INFO - [2026-06-01T21:00:37.672+0000] {dagbag.py:540} INFO - Filling up the DagBag from /home/airflow/.local/lib/python3.12/site-packages/airflow/example_dags/example_task_group_decorator.py
[2026-06-01T21:00:37.689+0000] {processor.py:840} INFO - DAG(s) 'example_task_group_decorator' retrieved from /home/airflow/.local/lib/python3.12/site-packages/airflow/example_dags/example_task_group_decorator.py
[2026-06-01T21:00:37.713+0000] {logging_mixin.py:188} INFO - [2026-06-01T21:00:37.713+0000] {dag.py:3096} INFO - Sync 1 DAGs
[2026-06-01T21:00:37.734+0000] {logging_mixin.py:188} INFO - [2026-06-01T21:00:37.733+0000] {dag.py:3954} INFO - Setting next_dagrun for example_task_group_decorator to 2026-05-31 00:00:00+00:00, run_after=2026-06-01 00:00:00+00:00
[2026-06-01T21:00:37.754+0000] {processor.py:183} INFO - Processing /home/airflow/.local/lib/python3.12/site-packages/airflow/example_dags/example_task_group_decorator.py took 0.091 seconds
[2026-06-01T21:01:07.909+0000] {processor.py:161} INFO - Started process (PID=20386) to work on /home/airflow/.local/lib/python3.12/site-packages/airflow/example_dags/example_task_group_decorator.py
[2026-06-01T21:01:07.910+0000] {processor.py:830} INFO - Processing file /home/airflow/.local/lib/python3.12/site-packages/airflow/example_dags/example_task_group_decorator.py for tasks to queue
[2026-06-01T21:01:07.912+0000] {logging_mixin.py:188} INFO - [2026-06-01T21:01:07.912+0000] {dagbag.py:540} INFO - Filling up the DagBag from /home/airflow/.local/lib/python3.12/site-packages/airflow/example_dags/example_task_group_decorator.py
[2026-06-01T21:01:07.927+0000] {processor.py:840} INFO - DAG(s) 'example_task_group_decorator' retrieved from /home/airflow/.local/lib/python3.12/site-packages/airflow/example_dags/example_task_group_decorator.py
[2026-06-01T21:01:07.956+0000] {logging_mixin.py:188} INFO - [2026-06-01T21:01:07.956+0000] {dag.py:3096} INFO - Sync 1 DAGs
[2026-06-01T21:01:07.978+0000] {logging_mixin.py:188} INFO - [2026-06-01T21:01:07.978+0000] {dag.py:3954} INFO - Setting next_dagrun for example_task_group_decorator to 2026-05-31 00:00:00+00:00, run_after=2026-06-01 00:00:00+00:00
[2026-06-01T21:01:07.998+0000] {processor.py:183} INFO - Processing /home/airflow/.local/lib/python3.12/site-packages/airflow/example_dags/example_task_group_decorator.py took 0.095 seconds
[2026-06-01T21:01:38.742+0000] {processor.py:161} INFO - Started process (PID=20445) to work on /home/airflow/.local/lib/python3.12/site-packages/airflow/example_dags/example_task_group_decorator.py
[2026-06-01T21:01:38.743+0000] {processor.py:830} INFO - Processing file /home/airflow/.local/lib/python3.12/site-packages/airflow/example_dags/example_task_group_decorator.py for tasks to queue
[2026-06-01T21:01:38.746+0000] {logging_mixin.py:188} INFO - [2026-06-01T21:01:38.745+0000] {dagbag.py:540} INFO - Filling up the DagBag from /home/airflow/.local/lib/python3.12/site-packages/airflow/example_dags/example_task_group_decorator.py
[2026-06-01T21:01:38.758+0000] {processor.py:840} INFO - DAG(s) 'example_task_group_decorator' retrieved from /home/airflow/.local/lib/python3.12/site-packages/airflow/example_dags/example_task_group_decorator.py
[2026-06-01T21:01:38.784+0000] {logging_mixin.py:188} INFO - [2026-06-01T21:01:38.783+0000] {dag.py:3096} INFO - Sync 1 DAGs
[2026-06-01T21:01:38.805+0000] {logging_mixin.py:188} INFO - [2026-06-01T21:01:38.804+0000] {dag.py:3954} INFO - Setting next_dagrun for example_task_group_decorator to 2026-05-31 00:00:00+00:00, run_after=2026-06-01 00:00:00+00:00
[2026-06-01T21:01:38.834+0000] {processor.py:183} INFO - Processing /home/airflow/.local/lib/python3.12/site-packages/airflow/example_dags/example_task_group_decorator.py took 0.097 seconds
[2026-06-01T21:02:08.990+0000] {processor.py:161} INFO - Started process (PID=20504) to work on /home/airflow/.local/lib/python3.12/site-packages/airflow/example_dags/example_task_group_decorator.py
[2026-06-01T21:02:08.992+0000] {processor.py:830} INFO - Processing file /home/airflow/.local/lib/python3.12/site-packages/airflow/example_dags/example_task_group_decorator.py for tasks to queue
[2026-06-01T21:02:08.994+0000] {logging_mixin.py:188} INFO - [2026-06-01T21:02:08.993+0000] {dagbag.py:540} INFO - Filling up the DagBag from /home/airflow/.local/lib/python3.12/site-packages/airflow/example_dags/example_task_group_decorator.py
[2026-06-01T21:02:09.009+0000] {processor.py:840} INFO - DAG(s) 'example_task_group_decorator' retrieved from /home/airflow/.local/lib/python3.12/site-packages/airflow/example_dags/example_task_group_decorator.py
[2026-06-01T21:02:09.037+0000] {logging_mixin.py:188} INFO - [2026-06-01T21:02:09.036+0000] {dag.py:3096} INFO - Sync 1 DAGs
[2026-06-01T21:02:09.058+0000] {logging_mixin.py:188} INFO - [2026-06-01T21:02:09.058+0000] {dag.py:3954} INFO - Setting next_dagrun for example_task_group_decorator to 2026-05-31 00:00:00+00:00, run_after=2026-06-01 00:00:00+00:00
[2026-06-01T21:02:09.078+0000] {processor.py:183} INFO - Processing /home/airflow/.local/lib/python3.12/site-packages/airflow/example_dags/example_task_group_decorator.py took 0.096 seconds
[2026-06-01T21:02:39.349+0000] {processor.py:161} INFO - Started process (PID=20563) to work on /home/airflow/.local/lib/python3.12/site-packages/airflow/example_dags/example_task_group_decorator.py
[2026-06-01T21:02:39.350+0000] {processor.py:830} INFO - Processing file /home/airflow/.local/lib/python3.12/site-packages/airflow/example_dags/example_task_group_decorator.py for tasks to queue
[2026-06-01T21:02:39.352+0000] {logging_mixin.py:188} INFO - [2026-06-01T21:02:39.351+0000] {dagbag.py:540} INFO - Filling up the DagBag from /home/airflow/.local/lib/python3.12/site-packages/airflow/example_dags/example_task_group_decorator.py
[2026-06-01T21:02:39.368+0000] {processor.py:840} INFO - DAG(s) 'example_task_group_decorator' retrieved from /home/airflow/.local/lib/python3.12/site-packages/airflow/example_dags/example_task_group_decorator.py
[2026-06-01T21:02:39.395+0000] {logging_mixin.py:188} INFO - [2026-06-01T21:02:39.395+0000] {dag.py:3096} INFO - Sync 1 DAGs
[2026-06-01T21:02:39.419+0000] {logging_mixin.py:188} INFO - [2026-06-01T21:02:39.419+0000] {dag.py:3954} INFO - Setting next_dagrun for example_task_group_decorator to 2026-05-31 00:00:00+00:00, run_after=2026-06-01 00:00:00+00:00
[2026-06-01T21:02:39.440+0000] {processor.py:183} INFO - Processing /home/airflow/.local/lib/python3.12/site-packages/airflow/example_dags/example_task_group_decorator.py took 0.098 seconds
[2026-06-01T21:03:09.761+0000] {processor.py:161} INFO - Started process (PID=20622) to work on /home/airflow/.local/lib/python3.12/site-packages/airflow/example_dags/example_task_group_decorator.py
[2026-06-01T21:03:09.762+0000] {processor.py:830} INFO - Processing file /home/airflow/.local/lib/python3.12/site-packages/airflow/example_dags/example_task_group_decorator.py for tasks to queue
[2026-06-01T21:03:09.764+0000] {logging_mixin.py:188} INFO - [2026-06-01T21:03:09.764+0000] {dagbag.py:540} INFO - Filling up the DagBag from /home/airflow/.local/lib/python3.12/site-packages/airflow/example_dags/example_task_group_decorator.py
[2026-06-01T21:03:09.776+0000] {processor.py:840} INFO - DAG(s) 'example_task_group_decorator' retrieved from /home/airflow/.local/lib/python3.12/site-packages/airflow/example_dags/example_task_group_decorator.py
[2026-06-01T21:03:09.799+0000] {logging_mixin.py:188} INFO - [2026-06-01T21:03:09.798+0000] {dag.py:3096} INFO - Sync 1 DAGs
[2026-06-01T21:03:09.819+0000] {logging_mixin.py:188} INFO - [2026-06-01T21:03:09.819+0000] {dag.py:3954} INFO - Setting next_dagrun for example_task_group_decorator to 2026-05-31 00:00:00+00:00, run_after=2026-06-01 00:00:00+00:00
[2026-06-01T21:03:09.840+0000] {processor.py:183} INFO - Processing /home/airflow/.local/lib/python3.12/site-packages/airflow/example_dags/example_task_group_decorator.py took 0.084 seconds
[2026-06-01T21:03:39.923+0000] {processor.py:161} INFO - Started process (PID=20681) to work on /home/airflow/.local/lib/python3.12/site-packages/airflow/example_dags/example_task_group_decorator.py
[2026-06-01T21:03:39.924+0000] {processor.py:830} INFO - Processing file /home/airflow/.local/lib/python3.12/site-packages/airflow/example_dags/example_task_group_decorator.py for tasks to queue
[2026-06-01T21:03:39.926+0000] {logging_mixin.py:188} INFO - [2026-06-01T21:03:39.926+0000] {dagbag.py:540} INFO - Filling up the DagBag from /home/airflow/.local/lib/python3.12/site-packages/airflow/example_dags/example_task_group_decorator.py
[2026-06-01T21:03:39.943+0000] {processor.py:840} INFO - DAG(s) 'example_task_group_decorator' retrieved from /home/airflow/.local/lib/python3.12/site-packages/airflow/example_dags/example_task_group_decorator.py
[2026-06-01T21:03:39.986+0000] {logging_mixin.py:188} INFO - [2026-06-01T21:03:39.986+0000] {dag.py:3096} INFO - Sync 1 DAGs
[2026-06-01T21:03:40.026+0000] {logging_mixin.py:188} INFO - [2026-06-01T21:03:40.026+0000] {dag.py:3954} INFO - Setting next_dagrun for example_task_group_decorator to 2026-05-31 00:00:00+00:00, run_after=2026-06-01 00:00:00+00:00
[2026-06-01T21:03:40.056+0000] {processor.py:183} INFO - Processing /home/airflow/.local/lib/python3.12/site-packages/airflow/example_dags/example_task_group_decorator.py took 0.139 seconds
[2026-06-01T21:04:10.098+0000] {processor.py:161} INFO - Started process (PID=20740) to work on /home/airflow/.local/lib/python3.12/site-packages/airflow/example_dags/example_task_group_decorator.py
[2026-06-01T21:04:10.099+0000] {processor.py:830} INFO - Processing file /home/airflow/.local/lib/python3.12/site-packages/airflow/example_dags/example_task_group_decorator.py for tasks to queue
[2026-06-01T21:04:10.101+0000] {logging_mixin.py:188} INFO - [2026-06-01T21:04:10.101+0000] {dagbag.py:540} INFO - Filling up the DagBag from /home/airflow/.local/lib/python3.12/site-packages/airflow/example_dags/example_task_group_decorator.py
[2026-06-01T21:04:10.114+0000] {processor.py:840} INFO - DAG(s) 'example_task_group_decorator' retrieved from /home/airflow/.local/lib/python3.12/site-packages/airflow/example_dags/example_task_group_decorator.py
[2026-06-01T21:04:10.137+0000] {logging_mixin.py:188} INFO - [2026-06-01T21:04:10.137+0000] {dag.py:3096} INFO - Sync 1 DAGs
[2026-06-01T21:04:10.157+0000] {logging_mixin.py:188} INFO - [2026-06-01T21:04:10.157+0000] {dag.py:3954} INFO - Setting next_dagrun for example_task_group_decorator to 2026-05-31 00:00:00+00:00, run_after=2026-06-01 00:00:00+00:00
[2026-06-01T21:04:10.176+0000] {processor.py:183} INFO - Processing /home/airflow/.local/lib/python3.12/site-packages/airflow/example_dags/example_task_group_decorator.py took 0.083 seconds
[2026-06-01T21:04:40.443+0000] {processor.py:161} INFO - Started process (PID=20799) to work on /home/airflow/.local/lib/python3.12/site-packages/airflow/example_dags/example_task_group_decorator.py
[2026-06-01T21:04:40.444+0000] {processor.py:830} INFO - Processing file /home/airflow/.local/lib/python3.12/site-packages/airflow/example_dags/example_task_group_decorator.py for tasks to queue
[2026-06-01T21:04:40.446+0000] {logging_mixin.py:188} INFO - [2026-06-01T21:04:40.446+0000] {dagbag.py:540} INFO - Filling up the DagBag from /home/airflow/.local/lib/python3.12/site-packages/airflow/example_dags/example_task_group_decorator.py
[2026-06-01T21:04:40.463+0000] {processor.py:840} INFO - DAG(s) 'example_task_group_decorator' retrieved from /home/airflow/.local/lib/python3.12/site-packages/airflow/example_dags/example_task_group_decorator.py
[2026-06-01T21:04:40.491+0000] {logging_mixin.py:188} INFO - [2026-06-01T21:04:40.491+0000] {dag.py:3096} INFO - Sync 1 DAGs
[2026-06-01T21:04:40.516+0000] {logging_mixin.py:188} INFO - [2026-06-01T21:04:40.515+0000] {dag.py:3954} INFO - Setting next_dagrun for example_task_group_decorator to 2026-05-31 00:00:00+00:00, run_after=2026-06-01 00:00:00+00:00
[2026-06-01T21:04:40.539+0000] {processor.py:183} INFO - Processing /home/airflow/.local/lib/python3.12/site-packages/airflow/example_dags/example_task_group_decorator.py took 0.103 seconds
[2026-06-01T21:05:10.796+0000] {processor.py:161} INFO - Started process (PID=20858) to work on /home/airflow/.local/lib/python3.12/site-packages/airflow/example_dags/example_task_group_decorator.py
[2026-06-01T21:05:10.798+0000] {processor.py:830} INFO - Processing file /home/airflow/.local/lib/python3.12/site-packages/airflow/example_dags/example_task_group_decorator.py for tasks to queue
[2026-06-01T21:05:10.800+0000] {logging_mixin.py:188} INFO - [2026-06-01T21:05:10.800+0000] {dagbag.py:540} INFO - Filling up the DagBag from /home/airflow/.local/lib/python3.12/site-packages/airflow/example_dags/example_task_group_decorator.py
[2026-06-01T21:05:10.812+0000] {processor.py:840} INFO - DAG(s) 'example_task_group_decorator' retrieved from /home/airflow/.local/lib/python3.12/site-packages/airflow/example_dags/example_task_group_decorator.py
[2026-06-01T21:05:10.840+0000] {logging_mixin.py:188} INFO - [2026-06-01T21:05:10.840+0000] {dag.py:3096} INFO - Sync 1 DAGs
[2026-06-01T21:05:10.862+0000] {logging_mixin.py:188} INFO - [2026-06-01T21:05:10.862+0000] {dag.py:3954} INFO - Setting next_dagrun for example_task_group_decorator to 2026-05-31 00:00:00+00:00, run_after=2026-06-01 00:00:00+00:00
[2026-06-01T21:05:10.880+0000] {processor.py:183} INFO - Processing /home/airflow/.local/lib/python3.12/site-packages/airflow/example_dags/example_task_group_decorator.py took 0.089 seconds
[2026-06-01T21:05:41.212+0000] {processor.py:161} INFO - Started process (PID=20917) to work on /home/airflow/.local/lib/python3.12/site-packages/airflow/example_dags/example_task_group_decorator.py
[2026-06-01T21:05:41.214+0000] {processor.py:830} INFO - Processing file /home/airflow/.local/lib/python3.12/site-packages/airflow/example_dags/example_task_group_decorator.py for tasks to queue
[2026-06-01T21:05:41.217+0000] {logging_mixin.py:188} INFO - [2026-06-01T21:05:41.216+0000] {dagbag.py:540} INFO - Filling up the DagBag from /home/airflow/.local/lib/python3.12/site-packages/airflow/example_dags/example_task_group_decorator.py
[2026-06-01T21:05:41.233+0000] {processor.py:840} INFO - DAG(s) 'example_task_group_decorator' retrieved from /home/airflow/.local/lib/python3.12/site-packages/airflow/example_dags/example_task_group_decorator.py
[2026-06-01T21:05:41.260+0000] {logging_mixin.py:188} INFO - [2026-06-01T21:05:41.259+0000] {dag.py:3096} INFO - Sync 1 DAGs
[2026-06-01T21:05:41.287+0000] {logging_mixin.py:188} INFO - [2026-06-01T21:05:41.287+0000] {dag.py:3954} INFO - Setting next_dagrun for example_task_group_decorator to 2026-05-31 00:00:00+00:00, run_after=2026-06-01 00:00:00+00:00
[2026-06-01T21:05:41.311+0000] {processor.py:183} INFO - Processing /home/airflow/.local/lib/python3.12/site-packages/airflow/example_dags/example_task_group_decorator.py took 0.107 seconds
[2026-06-01T21:06:11.364+0000] {processor.py:161} INFO - Started process (PID=20976) to work on /home/airflow/.local/lib/python3.12/site-packages/airflow/example_dags/example_task_group_decorator.py
[2026-06-01T21:06:11.365+0000] {processor.py:830} INFO - Processing file /home/airflow/.local/lib/python3.12/site-packages/airflow/example_dags/example_task_group_decorator.py for tasks to queue
[2026-06-01T21:06:11.368+0000] {logging_mixin.py:188} INFO - [2026-06-01T21:06:11.367+0000] {dagbag.py:540} INFO - Filling up the DagBag from /home/airflow/.local/lib/python3.12/site-packages/airflow/example_dags/example_task_group_decorator.py
[2026-06-01T21:06:11.380+0000] {processor.py:840} INFO - DAG(s) 'example_task_group_decorator' retrieved from /home/airflow/.local/lib/python3.12/site-packages/airflow/example_dags/example_task_group_decorator.py
[2026-06-01T21:06:11.410+0000] {logging_mixin.py:188} INFO - [2026-06-01T21:06:11.409+0000] {dag.py:3096} INFO - Sync 1 DAGs
[2026-06-01T21:06:11.432+0000] {logging_mixin.py:188} INFO - [2026-06-01T21:06:11.432+0000] {dag.py:3954} INFO - Setting next_dagrun for example_task_group_decorator to 2026-05-31 00:00:00+00:00, run_after=2026-06-01 00:00:00+00:00
[2026-06-01T21:06:11.453+0000] {processor.py:183} INFO - Processing /home/airflow/.local/lib/python3.12/site-packages/airflow/example_dags/example_task_group_decorator.py took 0.095 seconds
[2026-06-01T21:06:41.603+0000] {processor.py:161} INFO - Started process (PID=21035) to work on /home/airflow/.local/lib/python3.12/site-packages/airflow/example_dags/example_task_group_decorator.py
[2026-06-01T21:06:41.605+0000] {processor.py:830} INFO - Processing file /home/airflow/.local/lib/python3.12/site-packages/airflow/example_dags/example_task_group_decorator.py for tasks to queue
[2026-06-01T21:06:41.607+0000] {logging_mixin.py:188} INFO - [2026-06-01T21:06:41.607+0000] {dagbag.py:540} INFO - Filling up the DagBag from /home/airflow/.local/lib/python3.12/site-packages/airflow/example_dags/example_task_group_decorator.py
[2026-06-01T21:06:41.623+0000] {processor.py:840} INFO - DAG(s) 'example_task_group_decorator' retrieved from /home/airflow/.local/lib/python3.12/site-packages/airflow/example_dags/example_task_group_decorator.py
[2026-06-01T21:06:41.650+0000] {logging_mixin.py:188} INFO - [2026-06-01T21:06:41.650+0000] {dag.py:3096} INFO - Sync 1 DAGs
[2026-06-01T21:06:41.675+0000] {logging_mixin.py:188} INFO - [2026-06-01T21:06:41.675+0000] {dag.py:3954} INFO - Setting next_dagrun for example_task_group_decorator to 2026-05-31 00:00:00+00:00, run_after=2026-06-01 00:00:00+00:00
[2026-06-01T21:06:41.695+0000] {processor.py:183} INFO - Processing /home/airflow/.local/lib/python3.12/site-packages/airflow/example_dags/example_task_group_decorator.py took 0.098 seconds
[2026-06-01T21:07:12.148+0000] {processor.py:161} INFO - Started process (PID=21094) to work on /home/airflow/.local/lib/python3.12/site-packages/airflow/example_dags/example_task_group_decorator.py
[2026-06-01T21:07:12.149+0000] {processor.py:830} INFO - Processing file /home/airflow/.local/lib/python3.12/site-packages/airflow/example_dags/example_task_group_decorator.py for tasks to queue
[2026-06-01T21:07:12.152+0000] {logging_mixin.py:188} INFO - [2026-06-01T21:07:12.152+0000] {dagbag.py:540} INFO - Filling up the DagBag from /home/airflow/.local/lib/python3.12/site-packages/airflow/example_dags/example_task_group_decorator.py
[2026-06-01T21:07:12.167+0000] {processor.py:840} INFO - DAG(s) 'example_task_group_decorator' retrieved from /home/airflow/.local/lib/python3.12/site-packages/airflow/example_dags/example_task_group_decorator.py
[2026-06-01T21:07:12.191+0000] {logging_mixin.py:188} INFO - [2026-06-01T21:07:12.191+0000] {dag.py:3096} INFO - Sync 1 DAGs
[2026-06-01T21:07:12.213+0000] {logging_mixin.py:188} INFO - [2026-06-01T21:07:12.212+0000] {dag.py:3954} INFO - Setting next_dagrun for example_task_group_decorator to 2026-05-31 00:00:00+00:00, run_after=2026-06-01 00:00:00+00:00
[2026-06-01T21:07:12.234+0000] {processor.py:183} INFO - Processing /home/airflow/.local/lib/python3.12/site-packages/airflow/example_dags/example_task_group_decorator.py took 0.094 seconds
[2026-06-01T21:07:42.449+0000] {processor.py:161} INFO - Started process (PID=21153) to work on /home/airflow/.local/lib/python3.12/site-packages/airflow/example_dags/example_task_group_decorator.py
[2026-06-01T21:07:42.450+0000] {processor.py:830} INFO - Processing file /home/airflow/.local/lib/python3.12/site-packages/airflow/example_dags/example_task_group_decorator.py for tasks to queue
[2026-06-01T21:07:42.452+0000] {logging_mixin.py:188} INFO - [2026-06-01T21:07:42.452+0000] {dagbag.py:540} INFO - Filling up the DagBag from /home/airflow/.local/lib/python3.12/site-packages/airflow/example_dags/example_task_group_decorator.py
[2026-06-01T21:07:42.464+0000] {processor.py:840} INFO - DAG(s) 'example_task_group_decorator' retrieved from /home/airflow/.local/lib/python3.12/site-packages/airflow/example_dags/example_task_group_decorator.py
[2026-06-01T21:07:42.486+0000] {logging_mixin.py:188} INFO - [2026-06-01T21:07:42.486+0000] {dag.py:3096} INFO - Sync 1 DAGs
[2026-06-01T21:07:42.509+0000] {logging_mixin.py:188} INFO - [2026-06-01T21:07:42.509+0000] {dag.py:3954} INFO - Setting next_dagrun for example_task_group_decorator to 2026-05-31 00:00:00+00:00, run_after=2026-06-01 00:00:00+00:00
[2026-06-01T21:07:42.531+0000] {processor.py:183} INFO - Processing /home/airflow/.local/lib/python3.12/site-packages/airflow/example_dags/example_task_group_decorator.py took 0.088 seconds
[2026-06-01T21:08:12.662+0000] {processor.py:161} INFO - Started process (PID=21212) to work on /home/airflow/.local/lib/python3.12/site-packages/airflow/example_dags/example_task_group_decorator.py
[2026-06-01T21:08:12.663+0000] {processor.py:830} INFO - Processing file /home/airflow/.local/lib/python3.12/site-packages/airflow/example_dags/example_task_group_decorator.py for tasks to queue
[2026-06-01T21:08:12.665+0000] {logging_mixin.py:188} INFO - [2026-06-01T21:08:12.665+0000] {dagbag.py:540} INFO - Filling up the DagBag from /home/airflow/.local/lib/python3.12/site-packages/airflow/example_dags/example_task_group_decorator.py
[2026-06-01T21:08:12.680+0000] {processor.py:840} INFO - DAG(s) 'example_task_group_decorator' retrieved from /home/airflow/.local/lib/python3.12/site-packages/airflow/example_dags/example_task_group_decorator.py
[2026-06-01T21:08:12.705+0000] {logging_mixin.py:188} INFO - [2026-06-01T21:08:12.704+0000] {dag.py:3096} INFO - Sync 1 DAGs
[2026-06-01T21:08:12.724+0000] {logging_mixin.py:188} INFO - [2026-06-01T21:08:12.724+0000] {dag.py:3954} INFO - Setting next_dagrun for example_task_group_decorator to 2026-05-31 00:00:00+00:00, run_after=2026-06-01 00:00:00+00:00
[2026-06-01T21:08:12.743+0000] {processor.py:183} INFO - Processing /home/airflow/.local/lib/python3.12/site-packages/airflow/example_dags/example_task_group_decorator.py took 0.086 seconds
[2026-06-01T21:08:42.989+0000] {processor.py:161} INFO - Started process (PID=21271) to work on /home/airflow/.local/lib/python3.12/site-packages/airflow/example_dags/example_task_group_decorator.py
[2026-06-01T21:08:42.990+0000] {processor.py:830} INFO - Processing file /home/airflow/.local/lib/python3.12/site-packages/airflow/example_dags/example_task_group_decorator.py for tasks to queue
[2026-06-01T21:08:42.992+0000] {logging_mixin.py:188} INFO - [2026-06-01T21:08:42.992+0000] {dagbag.py:540} INFO - Filling up the DagBag from /home/airflow/.local/lib/python3.12/site-packages/airflow/example_dags/example_task_group_decorator.py
[2026-06-01T21:08:43.006+0000] {processor.py:840} INFO - DAG(s) 'example_task_group_decorator' retrieved from /home/airflow/.local/lib/python3.12/site-packages/airflow/example_dags/example_task_group_decorator.py
[2026-06-01T21:08:43.029+0000] {logging_mixin.py:188} INFO - [2026-06-01T21:08:43.028+0000] {dag.py:3096} INFO - Sync 1 DAGs
[2026-06-01T21:08:43.050+0000] {logging_mixin.py:188} INFO - [2026-06-01T21:08:43.050+0000] {dag.py:3954} INFO - Setting next_dagrun for example_task_group_decorator to 2026-05-31 00:00:00+00:00, run_after=2026-06-01 00:00:00+00:00
[2026-06-01T21:08:43.069+0000] {processor.py:183} INFO - Processing /home/airflow/.local/lib/python3.12/site-packages/airflow/example_dags/example_task_group_decorator.py took 0.085 seconds
[2026-06-01T21:09:13.161+0000] {processor.py:161} INFO - Started process (PID=21330) to work on /home/airflow/.local/lib/python3.12/site-packages/airflow/example_dags/example_task_group_decorator.py
[2026-06-01T21:09:13.162+0000] {processor.py:830} INFO - Processing file /home/airflow/.local/lib/python3.12/site-packages/airflow/example_dags/example_task_group_decorator.py for tasks to queue
[2026-06-01T21:09:13.164+0000] {logging_mixin.py:188} INFO - [2026-06-01T21:09:13.164+0000] {dagbag.py:540} INFO - Filling up the DagBag from /home/airflow/.local/lib/python3.12/site-packages/airflow/example_dags/example_task_group_decorator.py
[2026-06-01T21:09:13.177+0000] {processor.py:840} INFO - DAG(s) 'example_task_group_decorator' retrieved from /home/airflow/.local/lib/python3.12/site-packages/airflow/example_dags/example_task_group_decorator.py
[2026-06-01T21:09:13.201+0000] {logging_mixin.py:188} INFO - [2026-06-01T21:09:13.201+0000] {dag.py:3096} INFO - Sync 1 DAGs
[2026-06-01T21:09:13.221+0000] {logging_mixin.py:188} INFO - [2026-06-01T21:09:13.221+0000] {dag.py:3954} INFO - Setting next_dagrun for example_task_group_decorator to 2026-05-31 00:00:00+00:00, run_after=2026-06-01 00:00:00+00:00
[2026-06-01T21:09:13.240+0000] {processor.py:183} INFO - Processing /home/airflow/.local/lib/python3.12/site-packages/airflow/example_dags/example_task_group_decorator.py took 0.084 seconds
[2026-06-01T21:09:43.444+0000] {processor.py:161} INFO - Started process (PID=21389) to work on /home/airflow/.local/lib/python3.12/site-packages/airflow/example_dags/example_task_group_decorator.py
[2026-06-01T21:09:43.446+0000] {processor.py:830} INFO - Processing file /home/airflow/.local/lib/python3.12/site-packages/airflow/example_dags/example_task_group_decorator.py for tasks to queue
[2026-06-01T21:09:43.448+0000] {logging_mixin.py:188} INFO - [2026-06-01T21:09:43.448+0000] {dagbag.py:540} INFO - Filling up the DagBag from /home/airflow/.local/lib/python3.12/site-packages/airflow/example_dags/example_task_group_decorator.py
[2026-06-01T21:09:43.462+0000] {processor.py:840} INFO - DAG(s) 'example_task_group_decorator' retrieved from /home/airflow/.local/lib/python3.12/site-packages/airflow/example_dags/example_task_group_decorator.py
[2026-06-01T21:09:43.487+0000] {logging_mixin.py:188} INFO - [2026-06-01T21:09:43.487+0000] {dag.py:3096} INFO - Sync 1 DAGs
[2026-06-01T21:09:43.508+0000] {logging_mixin.py:188} INFO - [2026-06-01T21:09:43.508+0000] {dag.py:3954} INFO - Setting next_dagrun for example_task_group_decorator to 2026-05-31 00:00:00+00:00, run_after=2026-06-01 00:00:00+00:00
[2026-06-01T21:09:43.530+0000] {processor.py:183} INFO - Processing /home/airflow/.local/lib/python3.12/site-packages/airflow/example_dags/example_task_group_decorator.py took 0.090 seconds
[2026-06-01T21:10:14.285+0000] {processor.py:161} INFO - Started process (PID=21448) to work on /home/airflow/.local/lib/python3.12/site-packages/airflow/example_dags/example_task_group_decorator.py
[2026-06-01T21:10:14.286+0000] {processor.py:830} INFO - Processing file /home/airflow/.local/lib/python3.12/site-packages/airflow/example_dags/example_task_group_decorator.py for tasks to queue
[2026-06-01T21:10:14.288+0000] {logging_mixin.py:188} INFO - [2026-06-01T21:10:14.288+0000] {dagbag.py:540} INFO - Filling up the DagBag from /home/airflow/.local/lib/python3.12/site-packages/airflow/example_dags/example_task_group_decorator.py
[2026-06-01T21:10:14.301+0000] {processor.py:840} INFO - DAG(s) 'example_task_group_decorator' retrieved from /home/airflow/.local/lib/python3.12/site-packages/airflow/example_dags/example_task_group_decorator.py
[2026-06-01T21:10:14.325+0000] {logging_mixin.py:188} INFO - [2026-06-01T21:10:14.324+0000] {dag.py:3096} INFO - Sync 1 DAGs
[2026-06-01T21:10:14.345+0000] {logging_mixin.py:188} INFO - [2026-06-01T21:10:14.345+0000] {dag.py:3954} INFO - Setting next_dagrun for example_task_group_decorator to 2026-05-31 00:00:00+00:00, run_after=2026-06-01 00:00:00+00:00
[2026-06-01T21:10:14.364+0000] {processor.py:183} INFO - Processing /home/airflow/.local/lib/python3.12/site-packages/airflow/example_dags/example_task_group_decorator.py took 0.084 seconds
[2026-06-01T21:10:45.233+0000] {processor.py:161} INFO - Started process (PID=21507) to work on /home/airflow/.local/lib/python3.12/site-packages/airflow/example_dags/example_task_group_decorator.py
[2026-06-01T21:10:45.234+0000] {processor.py:830} INFO - Processing file /home/airflow/.local/lib/python3.12/site-packages/airflow/example_dags/example_task_group_decorator.py for tasks to queue
[2026-06-01T21:10:45.236+0000] {logging_mixin.py:188} INFO - [2026-06-01T21:10:45.236+0000] {dagbag.py:540} INFO - Filling up the DagBag from /home/airflow/.local/lib/python3.12/site-packages/airflow/example_dags/example_task_group_decorator.py
[2026-06-01T21:10:45.250+0000] {processor.py:840} INFO - DAG(s) 'example_task_group_decorator' retrieved from /home/airflow/.local/lib/python3.12/site-packages/airflow/example_dags/example_task_group_decorator.py
[2026-06-01T21:10:45.277+0000] {logging_mixin.py:188} INFO - [2026-06-01T21:10:45.276+0000] {dag.py:3096} INFO - Sync 1 DAGs
[2026-06-01T21:10:45.302+0000] {logging_mixin.py:188} INFO - [2026-06-01T21:10:45.301+0000] {dag.py:3954} INFO - Setting next_dagrun for example_task_group_decorator to 2026-05-31 00:00:00+00:00, run_after=2026-06-01 00:00:00+00:00
[2026-06-01T21:10:45.321+0000] {processor.py:183} INFO - Processing /home/airflow/.local/lib/python3.12/site-packages/airflow/example_dags/example_task_group_decorator.py took 0.094 seconds
[2026-06-01T21:11:15.367+0000] {processor.py:161} INFO - Started process (PID=21566) to work on /home/airflow/.local/lib/python3.12/site-packages/airflow/example_dags/example_task_group_decorator.py
[2026-06-01T21:11:15.368+0000] {processor.py:830} INFO - Processing file /home/airflow/.local/lib/python3.12/site-packages/airflow/example_dags/example_task_group_decorator.py for tasks to queue
[2026-06-01T21:11:15.370+0000] {logging_mixin.py:188} INFO - [2026-06-01T21:11:15.370+0000] {dagbag.py:540} INFO - Filling up the DagBag from /home/airflow/.local/lib/python3.12/site-packages/airflow/example_dags/example_task_group_decorator.py
[2026-06-01T21:11:15.383+0000] {processor.py:840} INFO - DAG(s) 'example_task_group_decorator' retrieved from /home/airflow/.local/lib/python3.12/site-packages/airflow/example_dags/example_task_group_decorator.py
[2026-06-01T21:11:15.407+0000] {logging_mixin.py:188} INFO - [2026-06-01T21:11:15.406+0000] {dag.py:3096} INFO - Sync 1 DAGs
[2026-06-01T21:11:15.425+0000] {logging_mixin.py:188} INFO - [2026-06-01T21:11:15.425+0000] {dag.py:3954} INFO - Setting next_dagrun for example_task_group_decorator to 2026-05-31 00:00:00+00:00, run_after=2026-06-01 00:00:00+00:00
[2026-06-01T21:11:15.443+0000] {processor.py:183} INFO - Processing /home/airflow/.local/lib/python3.12/site-packages/airflow/example_dags/example_task_group_decorator.py took 0.081 seconds
[2026-06-01T21:11:45.770+0000] {processor.py:161} INFO - Started process (PID=21625) to work on /home/airflow/.local/lib/python3.12/site-packages/airflow/example_dags/example_task_group_decorator.py
[2026-06-01T21:11:45.771+0000] {processor.py:830} INFO - Processing file /home/airflow/.local/lib/python3.12/site-packages/airflow/example_dags/example_task_group_decorator.py for tasks to queue
[2026-06-01T21:11:45.773+0000] {logging_mixin.py:188} INFO - [2026-06-01T21:11:45.773+0000] {dagbag.py:540} INFO - Filling up the DagBag from /home/airflow/.local/lib/python3.12/site-packages/airflow/example_dags/example_task_group_decorator.py
[2026-06-01T21:11:45.786+0000] {processor.py:840} INFO - DAG(s) 'example_task_group_decorator' retrieved from /home/airflow/.local/lib/python3.12/site-packages/airflow/example_dags/example_task_group_decorator.py
[2026-06-01T21:11:45.812+0000] {logging_mixin.py:188} INFO - [2026-06-01T21:11:45.812+0000] {dag.py:3096} INFO - Sync 1 DAGs
[2026-06-01T21:11:45.835+0000] {logging_mixin.py:188} INFO - [2026-06-01T21:11:45.835+0000] {dag.py:3954} INFO - Setting next_dagrun for example_task_group_decorator to 2026-05-31 00:00:00+00:00, run_after=2026-06-01 00:00:00+00:00
[2026-06-01T21:11:45.854+0000] {processor.py:183} INFO - Processing /home/airflow/.local/lib/python3.12/site-packages/airflow/example_dags/example_task_group_decorator.py took 0.089 seconds
[2026-06-01T21:12:16.037+0000] {processor.py:161} INFO - Started process (PID=21684) to work on /home/airflow/.local/lib/python3.12/site-packages/airflow/example_dags/example_task_group_decorator.py
[2026-06-01T21:12:16.038+0000] {processor.py:830} INFO - Processing file /home/airflow/.local/lib/python3.12/site-packages/airflow/example_dags/example_task_group_decorator.py for tasks to queue
[2026-06-01T21:12:16.040+0000] {logging_mixin.py:188} INFO - [2026-06-01T21:12:16.039+0000] {dagbag.py:540} INFO - Filling up the DagBag from /home/airflow/.local/lib/python3.12/site-packages/airflow/example_dags/example_task_group_decorator.py
[2026-06-01T21:12:16.052+0000] {processor.py:840} INFO - DAG(s) 'example_task_group_decorator' retrieved from /home/airflow/.local/lib/python3.12/site-packages/airflow/example_dags/example_task_group_decorator.py
[2026-06-01T21:12:16.075+0000] {logging_mixin.py:188} INFO - [2026-06-01T21:12:16.075+0000] {dag.py:3096} INFO - Sync 1 DAGs
[2026-06-01T21:12:16.098+0000] {logging_mixin.py:188} INFO - [2026-06-01T21:12:16.098+0000] {dag.py:3954} INFO - Setting next_dagrun for example_task_group_decorator to 2026-05-31 00:00:00+00:00, run_after=2026-06-01 00:00:00+00:00
[2026-06-01T21:12:16.118+0000] {processor.py:183} INFO - Processing /home/airflow/.local/lib/python3.12/site-packages/airflow/example_dags/example_task_group_decorator.py took 0.086 seconds
[2026-06-01T21:12:46.192+0000] {processor.py:161} INFO - Started process (PID=21743) to work on /home/airflow/.local/lib/python3.12/site-packages/airflow/example_dags/example_task_group_decorator.py
[2026-06-01T21:12:46.194+0000] {processor.py:830} INFO - Processing file /home/airflow/.local/lib/python3.12/site-packages/airflow/example_dags/example_task_group_decorator.py for tasks to queue
[2026-06-01T21:12:46.197+0000] {logging_mixin.py:188} INFO - [2026-06-01T21:12:46.196+0000] {dagbag.py:540} INFO - Filling up the DagBag from /home/airflow/.local/lib/python3.12/site-packages/airflow/example_dags/example_task_group_decorator.py
[2026-06-01T21:12:46.212+0000] {processor.py:840} INFO - DAG(s) 'example_task_group_decorator' retrieved from /home/airflow/.local/lib/python3.12/site-packages/airflow/example_dags/example_task_group_decorator.py
[2026-06-01T21:12:46.237+0000] {logging_mixin.py:188} INFO - [2026-06-01T21:12:46.237+0000] {dag.py:3096} INFO - Sync 1 DAGs
[2026-06-01T21:12:46.262+0000] {logging_mixin.py:188} INFO - [2026-06-01T21:12:46.262+0000] {dag.py:3954} INFO - Setting next_dagrun for example_task_group_decorator to 2026-05-31 00:00:00+00:00, run_after=2026-06-01 00:00:00+00:00
[2026-06-01T21:12:46.285+0000] {processor.py:183} INFO - Processing /home/airflow/.local/lib/python3.12/site-packages/airflow/example_dags/example_task_group_decorator.py took 0.098 seconds
[2026-06-01T21:13:16.636+0000] {processor.py:161} INFO - Started process (PID=21802) to work on /home/airflow/.local/lib/python3.12/site-packages/airflow/example_dags/example_task_group_decorator.py
[2026-06-01T21:13:16.638+0000] {processor.py:830} INFO - Processing file /home/airflow/.local/lib/python3.12/site-packages/airflow/example_dags/example_task_group_decorator.py for tasks to queue
[2026-06-01T21:13:16.641+0000] {logging_mixin.py:188} INFO - [2026-06-01T21:13:16.640+0000] {dagbag.py:540} INFO - Filling up the DagBag from /home/airflow/.local/lib/python3.12/site-packages/airflow/example_dags/example_task_group_decorator.py
[2026-06-01T21:13:16.662+0000] {processor.py:840} INFO - DAG(s) 'example_task_group_decorator' retrieved from /home/airflow/.local/lib/python3.12/site-packages/airflow/example_dags/example_task_group_decorator.py
[2026-06-01T21:13:16.690+0000] {logging_mixin.py:188} INFO - [2026-06-01T21:13:16.689+0000] {dag.py:3096} INFO - Sync 1 DAGs
[2026-06-01T21:13:16.715+0000] {logging_mixin.py:188} INFO - [2026-06-01T21:13:16.715+0000] {dag.py:3954} INFO - Setting next_dagrun for example_task_group_decorator to 2026-05-31 00:00:00+00:00, run_after=2026-06-01 00:00:00+00:00
[2026-06-01T21:13:16.742+0000] {processor.py:183} INFO - Processing /home/airflow/.local/lib/python3.12/site-packages/airflow/example_dags/example_task_group_decorator.py took 0.111 seconds
[2026-06-01T21:13:46.873+0000] {processor.py:161} INFO - Started process (PID=21861) to work on /home/airflow/.local/lib/python3.12/site-packages/airflow/example_dags/example_task_group_decorator.py
[2026-06-01T21:13:46.874+0000] {processor.py:830} INFO - Processing file /home/airflow/.local/lib/python3.12/site-packages/airflow/example_dags/example_task_group_decorator.py for tasks to queue
[2026-06-01T21:13:46.876+0000] {logging_mixin.py:188} INFO - [2026-06-01T21:13:46.876+0000] {dagbag.py:540} INFO - Filling up the DagBag from /home/airflow/.local/lib/python3.12/site-packages/airflow/example_dags/example_task_group_decorator.py
[2026-06-01T21:13:46.888+0000] {processor.py:840} INFO - DAG(s) 'example_task_group_decorator' retrieved from /home/airflow/.local/lib/python3.12/site-packages/airflow/example_dags/example_task_group_decorator.py
[2026-06-01T21:13:46.910+0000] {logging_mixin.py:188} INFO - [2026-06-01T21:13:46.909+0000] {dag.py:3096} INFO - Sync 1 DAGs
[2026-06-01T21:13:46.929+0000] {logging_mixin.py:188} INFO - [2026-06-01T21:13:46.929+0000] {dag.py:3954} INFO - Setting next_dagrun for example_task_group_decorator to 2026-05-31 00:00:00+00:00, run_after=2026-06-01 00:00:00+00:00
[2026-06-01T21:13:46.947+0000] {processor.py:183} INFO - Processing /home/airflow/.local/lib/python3.12/site-packages/airflow/example_dags/example_task_group_decorator.py took 0.079 seconds
[2026-06-01T21:14:17.027+0000] {processor.py:161} INFO - Started process (PID=21920) to work on /home/airflow/.local/lib/python3.12/site-packages/airflow/example_dags/example_task_group_decorator.py
[2026-06-01T21:14:17.028+0000] {processor.py:830} INFO - Processing file /home/airflow/.local/lib/python3.12/site-packages/airflow/example_dags/example_task_group_decorator.py for tasks to queue
[2026-06-01T21:14:17.031+0000] {logging_mixin.py:188} INFO - [2026-06-01T21:14:17.030+0000] {dagbag.py:540} INFO - Filling up the DagBag from /home/airflow/.local/lib/python3.12/site-packages/airflow/example_dags/example_task_group_decorator.py
[2026-06-01T21:14:17.042+0000] {processor.py:840} INFO - DAG(s) 'example_task_group_decorator' retrieved from /home/airflow/.local/lib/python3.12/site-packages/airflow/example_dags/example_task_group_decorator.py
[2026-06-01T21:14:17.064+0000] {logging_mixin.py:188} INFO - [2026-06-01T21:14:17.064+0000] {dag.py:3096} INFO - Sync 1 DAGs
[2026-06-01T21:14:17.085+0000] {logging_mixin.py:188} INFO - [2026-06-01T21:14:17.085+0000] {dag.py:3954} INFO - Setting next_dagrun for example_task_group_decorator to 2026-05-31 00:00:00+00:00, run_after=2026-06-01 00:00:00+00:00
[2026-06-01T21:14:17.104+0000] {processor.py:183} INFO - Processing /home/airflow/.local/lib/python3.12/site-packages/airflow/example_dags/example_task_group_decorator.py took 0.082 seconds
[2026-06-01T21:14:47.185+0000] {processor.py:161} INFO - Started process (PID=21980) to work on /home/airflow/.local/lib/python3.12/site-packages/airflow/example_dags/example_task_group_decorator.py
[2026-06-01T21:14:47.186+0000] {processor.py:830} INFO - Processing file /home/airflow/.local/lib/python3.12/site-packages/airflow/example_dags/example_task_group_decorator.py for tasks to queue
[2026-06-01T21:14:47.188+0000] {logging_mixin.py:188} INFO - [2026-06-01T21:14:47.188+0000] {dagbag.py:540} INFO - Filling up the DagBag from /home/airflow/.local/lib/python3.12/site-packages/airflow/example_dags/example_task_group_decorator.py
[2026-06-01T21:14:47.200+0000] {processor.py:840} INFO - DAG(s) 'example_task_group_decorator' retrieved from /home/airflow/.local/lib/python3.12/site-packages/airflow/example_dags/example_task_group_decorator.py
[2026-06-01T21:14:47.222+0000] {logging_mixin.py:188} INFO - [2026-06-01T21:14:47.222+0000] {dag.py:3096} INFO - Sync 1 DAGs
[2026-06-01T21:14:47.240+0000] {logging_mixin.py:188} INFO - [2026-06-01T21:14:47.240+0000] {dag.py:3954} INFO - Setting next_dagrun for example_task_group_decorator to 2026-05-31 00:00:00+00:00, run_after=2026-06-01 00:00:00+00:00
[2026-06-01T21:14:47.259+0000] {processor.py:183} INFO - Processing /home/airflow/.local/lib/python3.12/site-packages/airflow/example_dags/example_task_group_decorator.py took 0.079 seconds
[2026-06-01T21:15:17.372+0000] {processor.py:161} INFO - Started process (PID=22040) to work on /home/airflow/.local/lib/python3.12/site-packages/airflow/example_dags/example_task_group_decorator.py
[2026-06-01T21:15:17.373+0000] {processor.py:830} INFO - Processing file /home/airflow/.local/lib/python3.12/site-packages/airflow/example_dags/example_task_group_decorator.py for tasks to queue
[2026-06-01T21:15:17.375+0000] {logging_mixin.py:188} INFO - [2026-06-01T21:15:17.375+0000] {dagbag.py:540} INFO - Filling up the DagBag from /home/airflow/.local/lib/python3.12/site-packages/airflow/example_dags/example_task_group_decorator.py
[2026-06-01T21:15:17.387+0000] {processor.py:840} INFO - DAG(s) 'example_task_group_decorator' retrieved from /home/airflow/.local/lib/python3.12/site-packages/airflow/example_dags/example_task_group_decorator.py
[2026-06-01T21:15:17.410+0000] {logging_mixin.py:188} INFO - [2026-06-01T21:15:17.410+0000] {dag.py:3096} INFO - Sync 1 DAGs
[2026-06-01T21:15:17.429+0000] {logging_mixin.py:188} INFO - [2026-06-01T21:15:17.429+0000] {dag.py:3954} INFO - Setting next_dagrun for example_task_group_decorator to 2026-05-31 00:00:00+00:00, run_after=2026-06-01 00:00:00+00:00
[2026-06-01T21:15:17.447+0000] {processor.py:183} INFO - Processing /home/airflow/.local/lib/python3.12/site-packages/airflow/example_dags/example_task_group_decorator.py took 0.080 seconds
[2026-06-01T21:15:47.615+0000] {processor.py:161} INFO - Started process (PID=22099) to work on /home/airflow/.local/lib/python3.12/site-packages/airflow/example_dags/example_task_group_decorator.py
[2026-06-01T21:15:47.616+0000] {processor.py:830} INFO - Processing file /home/airflow/.local/lib/python3.12/site-packages/airflow/example_dags/example_task_group_decorator.py for tasks to queue
[2026-06-01T21:15:47.618+0000] {logging_mixin.py:188} INFO - [2026-06-01T21:15:47.618+0000] {dagbag.py:540} INFO - Filling up the DagBag from /home/airflow/.local/lib/python3.12/site-packages/airflow/example_dags/example_task_group_decorator.py
[2026-06-01T21:15:47.631+0000] {processor.py:840} INFO - DAG(s) 'example_task_group_decorator' retrieved from /home/airflow/.local/lib/python3.12/site-packages/airflow/example_dags/example_task_group_decorator.py
[2026-06-01T21:15:47.657+0000] {logging_mixin.py:188} INFO - [2026-06-01T21:15:47.657+0000] {dag.py:3096} INFO - Sync 1 DAGs
[2026-06-01T21:15:47.677+0000] {logging_mixin.py:188} INFO - [2026-06-01T21:15:47.676+0000] {dag.py:3954} INFO - Setting next_dagrun for example_task_group_decorator to 2026-05-31 00:00:00+00:00, run_after=2026-06-01 00:00:00+00:00
[2026-06-01T21:15:47.698+0000] {processor.py:183} INFO - Processing /home/airflow/.local/lib/python3.12/site-packages/airflow/example_dags/example_task_group_decorator.py took 0.087 seconds
[2026-06-01T21:16:17.740+0000] {processor.py:161} INFO - Started process (PID=22158) to work on /home/airflow/.local/lib/python3.12/site-packages/airflow/example_dags/example_task_group_decorator.py
[2026-06-01T21:16:17.742+0000] {processor.py:830} INFO - Processing file /home/airflow/.local/lib/python3.12/site-packages/airflow/example_dags/example_task_group_decorator.py for tasks to queue
[2026-06-01T21:16:17.743+0000] {logging_mixin.py:188} INFO - [2026-06-01T21:16:17.743+0000] {dagbag.py:540} INFO - Filling up the DagBag from /home/airflow/.local/lib/python3.12/site-packages/airflow/example_dags/example_task_group_decorator.py
[2026-06-01T21:16:17.757+0000] {processor.py:840} INFO - DAG(s) 'example_task_group_decorator' retrieved from /home/airflow/.local/lib/python3.12/site-packages/airflow/example_dags/example_task_group_decorator.py
[2026-06-01T21:16:17.781+0000] {logging_mixin.py:188} INFO - [2026-06-01T21:16:17.780+0000] {dag.py:3096} INFO - Sync 1 DAGs
[2026-06-01T21:16:17.800+0000] {logging_mixin.py:188} INFO - [2026-06-01T21:16:17.800+0000] {dag.py:3954} INFO - Setting next_dagrun for example_task_group_decorator to 2026-05-31 00:00:00+00:00, run_after=2026-06-01 00:00:00+00:00
[2026-06-01T21:16:17.820+0000] {processor.py:183} INFO - Processing /home/airflow/.local/lib/python3.12/site-packages/airflow/example_dags/example_task_group_decorator.py took 0.085 seconds
[2026-06-01T21:16:47.991+0000] {processor.py:161} INFO - Started process (PID=22217) to work on /home/airflow/.local/lib/python3.12/site-packages/airflow/example_dags/example_task_group_decorator.py
[2026-06-01T21:16:47.992+0000] {processor.py:830} INFO - Processing file /home/airflow/.local/lib/python3.12/site-packages/airflow/example_dags/example_task_group_decorator.py for tasks to queue
[2026-06-01T21:16:47.994+0000] {logging_mixin.py:188} INFO - [2026-06-01T21:16:47.994+0000] {dagbag.py:540} INFO - Filling up the DagBag from /home/airflow/.local/lib/python3.12/site-packages/airflow/example_dags/example_task_group_decorator.py
[2026-06-01T21:16:48.007+0000] {processor.py:840} INFO - DAG(s) 'example_task_group_decorator' retrieved from /home/airflow/.local/lib/python3.12/site-packages/airflow/example_dags/example_task_group_decorator.py
[2026-06-01T21:16:48.029+0000] {logging_mixin.py:188} INFO - [2026-06-01T21:16:48.029+0000] {dag.py:3096} INFO - Sync 1 DAGs
[2026-06-01T21:16:48.049+0000] {logging_mixin.py:188} INFO - [2026-06-01T21:16:48.048+0000] {dag.py:3954} INFO - Setting next_dagrun for example_task_group_decorator to 2026-05-31 00:00:00+00:00, run_after=2026-06-01 00:00:00+00:00
[2026-06-01T21:16:48.068+0000] {processor.py:183} INFO - Processing /home/airflow/.local/lib/python3.12/site-packages/airflow/example_dags/example_task_group_decorator.py took 0.081 seconds
[2026-06-01T21:17:18.196+0000] {processor.py:161} INFO - Started process (PID=22276) to work on /home/airflow/.local/lib/python3.12/site-packages/airflow/example_dags/example_task_group_decorator.py
[2026-06-01T21:17:18.197+0000] {processor.py:830} INFO - Processing file /home/airflow/.local/lib/python3.12/site-packages/airflow/example_dags/example_task_group_decorator.py for tasks to queue
[2026-06-01T21:17:18.199+0000] {logging_mixin.py:188} INFO - [2026-06-01T21:17:18.199+0000] {dagbag.py:540} INFO - Filling up the DagBag from /home/airflow/.local/lib/python3.12/site-packages/airflow/example_dags/example_task_group_decorator.py
[2026-06-01T21:17:18.211+0000] {processor.py:840} INFO - DAG(s) 'example_task_group_decorator' retrieved from /home/airflow/.local/lib/python3.12/site-packages/airflow/example_dags/example_task_group_decorator.py
[2026-06-01T21:17:18.233+0000] {logging_mixin.py:188} INFO - [2026-06-01T21:17:18.233+0000] {dag.py:3096} INFO - Sync 1 DAGs
[2026-06-01T21:17:18.254+0000] {logging_mixin.py:188} INFO - [2026-06-01T21:17:18.254+0000] {dag.py:3954} INFO - Setting next_dagrun for example_task_group_decorator to 2026-05-31 00:00:00+00:00, run_after=2026-06-01 00:00:00+00:00
[2026-06-01T21:17:18.273+0000] {processor.py:183} INFO - Processing /home/airflow/.local/lib/python3.12/site-packages/airflow/example_dags/example_task_group_decorator.py took 0.083 seconds
[2026-06-01T21:17:48.418+0000] {processor.py:161} INFO - Started process (PID=22335) to work on /home/airflow/.local/lib/python3.12/site-packages/airflow/example_dags/example_task_group_decorator.py
[2026-06-01T21:17:48.420+0000] {processor.py:830} INFO - Processing file /home/airflow/.local/lib/python3.12/site-packages/airflow/example_dags/example_task_group_decorator.py for tasks to queue
[2026-06-01T21:17:48.422+0000] {logging_mixin.py:188} INFO - [2026-06-01T21:17:48.421+0000] {dagbag.py:540} INFO - Filling up the DagBag from /home/airflow/.local/lib/python3.12/site-packages/airflow/example_dags/example_task_group_decorator.py
[2026-06-01T21:17:48.434+0000] {processor.py:840} INFO - DAG(s) 'example_task_group_decorator' retrieved from /home/airflow/.local/lib/python3.12/site-packages/airflow/example_dags/example_task_group_decorator.py
[2026-06-01T21:17:48.459+0000] {logging_mixin.py:188} INFO - [2026-06-01T21:17:48.459+0000] {dag.py:3096} INFO - Sync 1 DAGs
[2026-06-01T21:17:48.480+0000] {logging_mixin.py:188} INFO - [2026-06-01T21:17:48.480+0000] {dag.py:3954} INFO - Setting next_dagrun for example_task_group_decorator to 2026-05-31 00:00:00+00:00, run_after=2026-06-01 00:00:00+00:00
[2026-06-01T21:17:48.503+0000] {processor.py:183} INFO - Processing /home/airflow/.local/lib/python3.12/site-packages/airflow/example_dags/example_task_group_decorator.py took 0.090 seconds
[2026-06-01T21:18:18.620+0000] {processor.py:161} INFO - Started process (PID=22394) to work on /home/airflow/.local/lib/python3.12/site-packages/airflow/example_dags/example_task_group_decorator.py
[2026-06-01T21:18:18.621+0000] {processor.py:830} INFO - Processing file /home/airflow/.local/lib/python3.12/site-packages/airflow/example_dags/example_task_group_decorator.py for tasks to queue
[2026-06-01T21:18:18.623+0000] {logging_mixin.py:188} INFO - [2026-06-01T21:18:18.623+0000] {dagbag.py:540} INFO - Filling up the DagBag from /home/airflow/.local/lib/python3.12/site-packages/airflow/example_dags/example_task_group_decorator.py
[2026-06-01T21:18:18.636+0000] {processor.py:840} INFO - DAG(s) 'example_task_group_decorator' retrieved from /home/airflow/.local/lib/python3.12/site-packages/airflow/example_dags/example_task_group_decorator.py
[2026-06-01T21:18:18.659+0000] {logging_mixin.py:188} INFO - [2026-06-01T21:18:18.659+0000] {dag.py:3096} INFO - Sync 1 DAGs
[2026-06-01T21:18:18.679+0000] {logging_mixin.py:188} INFO - [2026-06-01T21:18:18.679+0000] {dag.py:3954} INFO - Setting next_dagrun for example_task_group_decorator to 2026-05-31 00:00:00+00:00, run_after=2026-06-01 00:00:00+00:00
[2026-06-01T21:18:18.699+0000] {processor.py:183} INFO - Processing /home/airflow/.local/lib/python3.12/site-packages/airflow/example_dags/example_task_group_decorator.py took 0.083 seconds
[2026-06-01T21:18:48.893+0000] {processor.py:161} INFO - Started process (PID=22453) to work on /home/airflow/.local/lib/python3.12/site-packages/airflow/example_dags/example_task_group_decorator.py
[2026-06-01T21:18:48.894+0000] {processor.py:830} INFO - Processing file /home/airflow/.local/lib/python3.12/site-packages/airflow/example_dags/example_task_group_decorator.py for tasks to queue
[2026-06-01T21:18:48.897+0000] {logging_mixin.py:188} INFO - [2026-06-01T21:18:48.897+0000] {dagbag.py:540} INFO - Filling up the DagBag from /home/airflow/.local/lib/python3.12/site-packages/airflow/example_dags/example_task_group_decorator.py
[2026-06-01T21:18:48.916+0000] {processor.py:840} INFO - DAG(s) 'example_task_group_decorator' retrieved from /home/airflow/.local/lib/python3.12/site-packages/airflow/example_dags/example_task_group_decorator.py
[2026-06-01T21:18:48.948+0000] {logging_mixin.py:188} INFO - [2026-06-01T21:18:48.948+0000] {dag.py:3096} INFO - Sync 1 DAGs
[2026-06-01T21:18:48.972+0000] {logging_mixin.py:188} INFO - [2026-06-01T21:18:48.971+0000] {dag.py:3954} INFO - Setting next_dagrun for example_task_group_decorator to 2026-05-31 00:00:00+00:00, run_after=2026-06-01 00:00:00+00:00
[2026-06-01T21:18:48.994+0000] {processor.py:183} INFO - Processing /home/airflow/.local/lib/python3.12/site-packages/airflow/example_dags/example_task_group_decorator.py took 0.107 seconds
[2026-06-01T21:19:19.124+0000] {processor.py:161} INFO - Started process (PID=22512) to work on /home/airflow/.local/lib/python3.12/site-packages/airflow/example_dags/example_task_group_decorator.py
[2026-06-01T21:19:19.125+0000] {processor.py:830} INFO - Processing file /home/airflow/.local/lib/python3.12/site-packages/airflow/example_dags/example_task_group_decorator.py for tasks to queue
[2026-06-01T21:19:19.127+0000] {logging_mixin.py:188} INFO - [2026-06-01T21:19:19.127+0000] {dagbag.py:540} INFO - Filling up the DagBag from /home/airflow/.local/lib/python3.12/site-packages/airflow/example_dags/example_task_group_decorator.py
[2026-06-01T21:19:19.142+0000] {processor.py:840} INFO - DAG(s) 'example_task_group_decorator' retrieved from /home/airflow/.local/lib/python3.12/site-packages/airflow/example_dags/example_task_group_decorator.py
[2026-06-01T21:19:19.164+0000] {logging_mixin.py:188} INFO - [2026-06-01T21:19:19.164+0000] {dag.py:3096} INFO - Sync 1 DAGs
[2026-06-01T21:19:19.183+0000] {logging_mixin.py:188} INFO - [2026-06-01T21:19:19.183+0000] {dag.py:3954} INFO - Setting next_dagrun for example_task_group_decorator to 2026-05-31 00:00:00+00:00, run_after=2026-06-01 00:00:00+00:00
[2026-06-01T21:19:19.201+0000] {processor.py:183} INFO - Processing /home/airflow/.local/lib/python3.12/site-packages/airflow/example_dags/example_task_group_decorator.py took 0.083 seconds
[2026-06-01T21:19:49.541+0000] {processor.py:161} INFO - Started process (PID=22571) to work on /home/airflow/.local/lib/python3.12/site-packages/airflow/example_dags/example_task_group_decorator.py
[2026-06-01T21:19:49.542+0000] {processor.py:830} INFO - Processing file /home/airflow/.local/lib/python3.12/site-packages/airflow/example_dags/example_task_group_decorator.py for tasks to queue
[2026-06-01T21:19:49.544+0000] {logging_mixin.py:188} INFO - [2026-06-01T21:19:49.543+0000] {dagbag.py:540} INFO - Filling up the DagBag from /home/airflow/.local/lib/python3.12/site-packages/airflow/example_dags/example_task_group_decorator.py
[2026-06-01T21:19:49.559+0000] {processor.py:840} INFO - DAG(s) 'example_task_group_decorator' retrieved from /home/airflow/.local/lib/python3.12/site-packages/airflow/example_dags/example_task_group_decorator.py
[2026-06-01T21:19:49.583+0000] {logging_mixin.py:188} INFO - [2026-06-01T21:19:49.582+0000] {dag.py:3096} INFO - Sync 1 DAGs
[2026-06-01T21:19:49.602+0000] {logging_mixin.py:188} INFO - [2026-06-01T21:19:49.602+0000] {dag.py:3954} INFO - Setting next_dagrun for example_task_group_decorator to 2026-05-31 00:00:00+00:00, run_after=2026-06-01 00:00:00+00:00
[2026-06-01T21:19:49.622+0000] {processor.py:183} INFO - Processing /home/airflow/.local/lib/python3.12/site-packages/airflow/example_dags/example_task_group_decorator.py took 0.087 seconds
[2026-06-01T21:20:19.810+0000] {processor.py:161} INFO - Started process (PID=22630) to work on /home/airflow/.local/lib/python3.12/site-packages/airflow/example_dags/example_task_group_decorator.py
[2026-06-01T21:20:19.811+0000] {processor.py:830} INFO - Processing file /home/airflow/.local/lib/python3.12/site-packages/airflow/example_dags/example_task_group_decorator.py for tasks to queue
[2026-06-01T21:20:19.813+0000] {logging_mixin.py:188} INFO - [2026-06-01T21:20:19.813+0000] {dagbag.py:540} INFO - Filling up the DagBag from /home/airflow/.local/lib/python3.12/site-packages/airflow/example_dags/example_task_group_decorator.py
[2026-06-01T21:20:19.829+0000] {processor.py:840} INFO - DAG(s) 'example_task_group_decorator' retrieved from /home/airflow/.local/lib/python3.12/site-packages/airflow/example_dags/example_task_group_decorator.py
[2026-06-01T21:20:19.851+0000] {logging_mixin.py:188} INFO - [2026-06-01T21:20:19.851+0000] {dag.py:3096} INFO - Sync 1 DAGs
[2026-06-01T21:20:19.872+0000] {logging_mixin.py:188} INFO - [2026-06-01T21:20:19.872+0000] {dag.py:3954} INFO - Setting next_dagrun for example_task_group_decorator to 2026-05-31 00:00:00+00:00, run_after=2026-06-01 00:00:00+00:00
[2026-06-01T21:20:19.894+0000] {processor.py:183} INFO - Processing /home/airflow/.local/lib/python3.12/site-packages/airflow/example_dags/example_task_group_decorator.py took 0.090 seconds
[2026-06-01T21:20:50.464+0000] {processor.py:161} INFO - Started process (PID=22687) to work on /home/airflow/.local/lib/python3.12/site-packages/airflow/example_dags/example_task_group_decorator.py
[2026-06-01T21:20:50.465+0000] {processor.py:830} INFO - Processing file /home/airflow/.local/lib/python3.12/site-packages/airflow/example_dags/example_task_group_decorator.py for tasks to queue
[2026-06-01T21:20:50.470+0000] {logging_mixin.py:188} INFO - [2026-06-01T21:20:50.469+0000] {dagbag.py:540} INFO - Filling up the DagBag from /home/airflow/.local/lib/python3.12/site-packages/airflow/example_dags/example_task_group_decorator.py
[2026-06-01T21:20:50.492+0000] {processor.py:840} INFO - DAG(s) 'example_task_group_decorator' retrieved from /home/airflow/.local/lib/python3.12/site-packages/airflow/example_dags/example_task_group_decorator.py
[2026-06-01T21:20:50.518+0000] {logging_mixin.py:188} INFO - [2026-06-01T21:20:50.518+0000] {dag.py:3096} INFO - Sync 1 DAGs
[2026-06-01T21:20:50.540+0000] {logging_mixin.py:188} INFO - [2026-06-01T21:20:50.540+0000] {dag.py:3954} INFO - Setting next_dagrun for example_task_group_decorator to 2026-05-31 00:00:00+00:00, run_after=2026-06-01 00:00:00+00:00
[2026-06-01T21:20:50.564+0000] {processor.py:183} INFO - Processing /home/airflow/.local/lib/python3.12/site-packages/airflow/example_dags/example_task_group_decorator.py took 0.106 seconds
[2026-06-01T21:21:20.771+0000] {processor.py:161} INFO - Started process (PID=22746) to work on /home/airflow/.local/lib/python3.12/site-packages/airflow/example_dags/example_task_group_decorator.py
[2026-06-01T21:21:20.772+0000] {processor.py:830} INFO - Processing file /home/airflow/.local/lib/python3.12/site-packages/airflow/example_dags/example_task_group_decorator.py for tasks to queue
[2026-06-01T21:21:20.775+0000] {logging_mixin.py:188} INFO - [2026-06-01T21:21:20.774+0000] {dagbag.py:540} INFO - Filling up the DagBag from /home/airflow/.local/lib/python3.12/site-packages/airflow/example_dags/example_task_group_decorator.py
[2026-06-01T21:21:20.789+0000] {processor.py:840} INFO - DAG(s) 'example_task_group_decorator' retrieved from /home/airflow/.local/lib/python3.12/site-packages/airflow/example_dags/example_task_group_decorator.py
[2026-06-01T21:21:20.815+0000] {logging_mixin.py:188} INFO - [2026-06-01T21:21:20.815+0000] {dag.py:3096} INFO - Sync 1 DAGs
[2026-06-01T21:21:20.834+0000] {logging_mixin.py:188} INFO - [2026-06-01T21:21:20.834+0000] {dag.py:3954} INFO - Setting next_dagrun for example_task_group_decorator to 2026-05-31 00:00:00+00:00, run_after=2026-06-01 00:00:00+00:00
[2026-06-01T21:21:20.850+0000] {processor.py:183} INFO - Processing /home/airflow/.local/lib/python3.12/site-packages/airflow/example_dags/example_task_group_decorator.py took 0.085 seconds
[2026-06-01T21:21:51.170+0000] {processor.py:161} INFO - Started process (PID=22805) to work on /home/airflow/.local/lib/python3.12/site-packages/airflow/example_dags/example_task_group_decorator.py
[2026-06-01T21:21:51.171+0000] {processor.py:830} INFO - Processing file /home/airflow/.local/lib/python3.12/site-packages/airflow/example_dags/example_task_group_decorator.py for tasks to queue
[2026-06-01T21:21:51.173+0000] {logging_mixin.py:188} INFO - [2026-06-01T21:21:51.173+0000] {dagbag.py:540} INFO - Filling up the DagBag from /home/airflow/.local/lib/python3.12/site-packages/airflow/example_dags/example_task_group_decorator.py
[2026-06-01T21:21:51.187+0000] {processor.py:840} INFO - DAG(s) 'example_task_group_decorator' retrieved from /home/airflow/.local/lib/python3.12/site-packages/airflow/example_dags/example_task_group_decorator.py
[2026-06-01T21:21:51.211+0000] {logging_mixin.py:188} INFO - [2026-06-01T21:21:51.210+0000] {dag.py:3096} INFO - Sync 1 DAGs
[2026-06-01T21:21:51.230+0000] {logging_mixin.py:188} INFO - [2026-06-01T21:21:51.230+0000] {dag.py:3954} INFO - Setting next_dagrun for example_task_group_decorator to 2026-05-31 00:00:00+00:00, run_after=2026-06-01 00:00:00+00:00
[2026-06-01T21:21:51.249+0000] {processor.py:183} INFO - Processing /home/airflow/.local/lib/python3.12/site-packages/airflow/example_dags/example_task_group_decorator.py took 0.084 seconds
[2026-06-01T21:22:21.425+0000] {processor.py:161} INFO - Started process (PID=22864) to work on /home/airflow/.local/lib/python3.12/site-packages/airflow/example_dags/example_task_group_decorator.py
[2026-06-01T21:22:21.426+0000] {processor.py:830} INFO - Processing file /home/airflow/.local/lib/python3.12/site-packages/airflow/example_dags/example_task_group_decorator.py for tasks to queue
[2026-06-01T21:22:21.427+0000] {logging_mixin.py:188} INFO - [2026-06-01T21:22:21.427+0000] {dagbag.py:540} INFO - Filling up the DagBag from /home/airflow/.local/lib/python3.12/site-packages/airflow/example_dags/example_task_group_decorator.py
[2026-06-01T21:22:21.441+0000] {processor.py:840} INFO - DAG(s) 'example_task_group_decorator' retrieved from /home/airflow/.local/lib/python3.12/site-packages/airflow/example_dags/example_task_group_decorator.py
[2026-06-01T21:22:21.462+0000] {logging_mixin.py:188} INFO - [2026-06-01T21:22:21.462+0000] {dag.py:3096} INFO - Sync 1 DAGs
[2026-06-01T21:22:21.482+0000] {logging_mixin.py:188} INFO - [2026-06-01T21:22:21.481+0000] {dag.py:3954} INFO - Setting next_dagrun for example_task_group_decorator to 2026-05-31 00:00:00+00:00, run_after=2026-06-01 00:00:00+00:00
[2026-06-01T21:22:21.500+0000] {processor.py:183} INFO - Processing /home/airflow/.local/lib/python3.12/site-packages/airflow/example_dags/example_task_group_decorator.py took 0.081 seconds
[2026-06-01T21:22:51.752+0000] {processor.py:161} INFO - Started process (PID=22923) to work on /home/airflow/.local/lib/python3.12/site-packages/airflow/example_dags/example_task_group_decorator.py
[2026-06-01T21:22:51.753+0000] {processor.py:830} INFO - Processing file /home/airflow/.local/lib/python3.12/site-packages/airflow/example_dags/example_task_group_decorator.py for tasks to queue
[2026-06-01T21:22:51.755+0000] {logging_mixin.py:188} INFO - [2026-06-01T21:22:51.754+0000] {dagbag.py:540} INFO - Filling up the DagBag from /home/airflow/.local/lib/python3.12/site-packages/airflow/example_dags/example_task_group_decorator.py
[2026-06-01T21:22:51.766+0000] {processor.py:840} INFO - DAG(s) 'example_task_group_decorator' retrieved from /home/airflow/.local/lib/python3.12/site-packages/airflow/example_dags/example_task_group_decorator.py
[2026-06-01T21:22:51.792+0000] {logging_mixin.py:188} INFO - [2026-06-01T21:22:51.792+0000] {dag.py:3096} INFO - Sync 1 DAGs
[2026-06-01T21:22:51.813+0000] {logging_mixin.py:188} INFO - [2026-06-01T21:22:51.813+0000] {dag.py:3954} INFO - Setting next_dagrun for example_task_group_decorator to 2026-05-31 00:00:00+00:00, run_after=2026-06-01 00:00:00+00:00
[2026-06-01T21:22:51.830+0000] {processor.py:183} INFO - Processing /home/airflow/.local/lib/python3.12/site-packages/airflow/example_dags/example_task_group_decorator.py took 0.083 seconds
[2026-06-01T21:23:22.156+0000] {processor.py:161} INFO - Started process (PID=22982) to work on /home/airflow/.local/lib/python3.12/site-packages/airflow/example_dags/example_task_group_decorator.py
[2026-06-01T21:23:22.157+0000] {processor.py:830} INFO - Processing file /home/airflow/.local/lib/python3.12/site-packages/airflow/example_dags/example_task_group_decorator.py for tasks to queue
[2026-06-01T21:23:22.159+0000] {logging_mixin.py:188} INFO - [2026-06-01T21:23:22.159+0000] {dagbag.py:540} INFO - Filling up the DagBag from /home/airflow/.local/lib/python3.12/site-packages/airflow/example_dags/example_task_group_decorator.py
[2026-06-01T21:23:22.172+0000] {processor.py:840} INFO - DAG(s) 'example_task_group_decorator' retrieved from /home/airflow/.local/lib/python3.12/site-packages/airflow/example_dags/example_task_group_decorator.py
[2026-06-01T21:23:22.199+0000] {logging_mixin.py:188} INFO - [2026-06-01T21:23:22.198+0000] {dag.py:3096} INFO - Sync 1 DAGs
[2026-06-01T21:23:22.220+0000] {logging_mixin.py:188} INFO - [2026-06-01T21:23:22.220+0000] {dag.py:3954} INFO - Setting next_dagrun for example_task_group_decorator to 2026-05-31 00:00:00+00:00, run_after=2026-06-01 00:00:00+00:00
[2026-06-01T21:23:22.242+0000] {processor.py:183} INFO - Processing /home/airflow/.local/lib/python3.12/site-packages/airflow/example_dags/example_task_group_decorator.py took 0.091 seconds
[2026-06-01T21:23:52.333+0000] {processor.py:161} INFO - Started process (PID=23041) to work on /home/airflow/.local/lib/python3.12/site-packages/airflow/example_dags/example_task_group_decorator.py
[2026-06-01T21:23:52.334+0000] {processor.py:830} INFO - Processing file /home/airflow/.local/lib/python3.12/site-packages/airflow/example_dags/example_task_group_decorator.py for tasks to queue
[2026-06-01T21:23:52.336+0000] {logging_mixin.py:188} INFO - [2026-06-01T21:23:52.336+0000] {dagbag.py:540} INFO - Filling up the DagBag from /home/airflow/.local/lib/python3.12/site-packages/airflow/example_dags/example_task_group_decorator.py
[2026-06-01T21:23:52.349+0000] {processor.py:840} INFO - DAG(s) 'example_task_group_decorator' retrieved from /home/airflow/.local/lib/python3.12/site-packages/airflow/example_dags/example_task_group_decorator.py
[2026-06-01T21:23:52.373+0000] {logging_mixin.py:188} INFO - [2026-06-01T21:23:52.372+0000] {dag.py:3096} INFO - Sync 1 DAGs
[2026-06-01T21:23:52.394+0000] {logging_mixin.py:188} INFO - [2026-06-01T21:23:52.394+0000] {dag.py:3954} INFO - Setting next_dagrun for example_task_group_decorator to 2026-05-31 00:00:00+00:00, run_after=2026-06-01 00:00:00+00:00
[2026-06-01T21:23:52.417+0000] {processor.py:183} INFO - Processing /home/airflow/.local/lib/python3.12/site-packages/airflow/example_dags/example_task_group_decorator.py took 0.090 seconds
[2026-06-01T21:24:22.742+0000] {processor.py:161} INFO - Started process (PID=23100) to work on /home/airflow/.local/lib/python3.12/site-packages/airflow/example_dags/example_task_group_decorator.py
[2026-06-01T21:24:22.743+0000] {processor.py:830} INFO - Processing file /home/airflow/.local/lib/python3.12/site-packages/airflow/example_dags/example_task_group_decorator.py for tasks to queue
[2026-06-01T21:24:22.745+0000] {logging_mixin.py:188} INFO - [2026-06-01T21:24:22.745+0000] {dagbag.py:540} INFO - Filling up the DagBag from /home/airflow/.local/lib/python3.12/site-packages/airflow/example_dags/example_task_group_decorator.py
[2026-06-01T21:24:22.759+0000] {processor.py:840} INFO - DAG(s) 'example_task_group_decorator' retrieved from /home/airflow/.local/lib/python3.12/site-packages/airflow/example_dags/example_task_group_decorator.py
[2026-06-01T21:24:22.780+0000] {logging_mixin.py:188} INFO - [2026-06-01T21:24:22.780+0000] {dag.py:3096} INFO - Sync 1 DAGs
[2026-06-01T21:24:22.799+0000] {logging_mixin.py:188} INFO - [2026-06-01T21:24:22.798+0000] {dag.py:3954} INFO - Setting next_dagrun for example_task_group_decorator to 2026-05-31 00:00:00+00:00, run_after=2026-06-01 00:00:00+00:00
[2026-06-01T21:24:22.819+0000] {processor.py:183} INFO - Processing /home/airflow/.local/lib/python3.12/site-packages/airflow/example_dags/example_task_group_decorator.py took 0.081 seconds
[2026-06-01T21:24:52.894+0000] {processor.py:161} INFO - Started process (PID=23159) to work on /home/airflow/.local/lib/python3.12/site-packages/airflow/example_dags/example_task_group_decorator.py
[2026-06-01T21:24:52.895+0000] {processor.py:830} INFO - Processing file /home/airflow/.local/lib/python3.12/site-packages/airflow/example_dags/example_task_group_decorator.py for tasks to queue
[2026-06-01T21:24:52.897+0000] {logging_mixin.py:188} INFO - [2026-06-01T21:24:52.897+0000] {dagbag.py:540} INFO - Filling up the DagBag from /home/airflow/.local/lib/python3.12/site-packages/airflow/example_dags/example_task_group_decorator.py
[2026-06-01T21:24:52.911+0000] {processor.py:840} INFO - DAG(s) 'example_task_group_decorator' retrieved from /home/airflow/.local/lib/python3.12/site-packages/airflow/example_dags/example_task_group_decorator.py
[2026-06-01T21:24:52.933+0000] {logging_mixin.py:188} INFO - [2026-06-01T21:24:52.932+0000] {dag.py:3096} INFO - Sync 1 DAGs
[2026-06-01T21:24:52.951+0000] {logging_mixin.py:188} INFO - [2026-06-01T21:24:52.951+0000] {dag.py:3954} INFO - Setting next_dagrun for example_task_group_decorator to 2026-05-31 00:00:00+00:00, run_after=2026-06-01 00:00:00+00:00
[2026-06-01T21:24:52.969+0000] {processor.py:183} INFO - Processing /home/airflow/.local/lib/python3.12/site-packages/airflow/example_dags/example_task_group_decorator.py took 0.079 seconds
[2026-06-01T21:25:23.055+0000] {processor.py:161} INFO - Started process (PID=23218) to work on /home/airflow/.local/lib/python3.12/site-packages/airflow/example_dags/example_task_group_decorator.py
[2026-06-01T21:25:23.056+0000] {processor.py:830} INFO - Processing file /home/airflow/.local/lib/python3.12/site-packages/airflow/example_dags/example_task_group_decorator.py for tasks to queue
[2026-06-01T21:25:23.058+0000] {logging_mixin.py:188} INFO - [2026-06-01T21:25:23.057+0000] {dagbag.py:540} INFO - Filling up the DagBag from /home/airflow/.local/lib/python3.12/site-packages/airflow/example_dags/example_task_group_decorator.py
[2026-06-01T21:25:23.071+0000] {processor.py:840} INFO - DAG(s) 'example_task_group_decorator' retrieved from /home/airflow/.local/lib/python3.12/site-packages/airflow/example_dags/example_task_group_decorator.py
[2026-06-01T21:25:23.093+0000] {logging_mixin.py:188} INFO - [2026-06-01T21:25:23.093+0000] {dag.py:3096} INFO - Sync 1 DAGs
[2026-06-01T21:25:23.113+0000] {logging_mixin.py:188} INFO - [2026-06-01T21:25:23.112+0000] {dag.py:3954} INFO - Setting next_dagrun for example_task_group_decorator to 2026-05-31 00:00:00+00:00, run_after=2026-06-01 00:00:00+00:00
[2026-06-01T21:25:23.134+0000] {processor.py:183} INFO - Processing /home/airflow/.local/lib/python3.12/site-packages/airflow/example_dags/example_task_group_decorator.py took 0.085 seconds
[2026-06-01T21:25:53.358+0000] {processor.py:161} INFO - Started process (PID=23277) to work on /home/airflow/.local/lib/python3.12/site-packages/airflow/example_dags/example_task_group_decorator.py
[2026-06-01T21:25:53.359+0000] {processor.py:830} INFO - Processing file /home/airflow/.local/lib/python3.12/site-packages/airflow/example_dags/example_task_group_decorator.py for tasks to queue
[2026-06-01T21:25:53.361+0000] {logging_mixin.py:188} INFO - [2026-06-01T21:25:53.360+0000] {dagbag.py:540} INFO - Filling up the DagBag from /home/airflow/.local/lib/python3.12/site-packages/airflow/example_dags/example_task_group_decorator.py
[2026-06-01T21:25:53.373+0000] {processor.py:840} INFO - DAG(s) 'example_task_group_decorator' retrieved from /home/airflow/.local/lib/python3.12/site-packages/airflow/example_dags/example_task_group_decorator.py
[2026-06-01T21:25:53.395+0000] {logging_mixin.py:188} INFO - [2026-06-01T21:25:53.395+0000] {dag.py:3096} INFO - Sync 1 DAGs
[2026-06-01T21:25:53.416+0000] {logging_mixin.py:188} INFO - [2026-06-01T21:25:53.415+0000] {dag.py:3954} INFO - Setting next_dagrun for example_task_group_decorator to 2026-05-31 00:00:00+00:00, run_after=2026-06-01 00:00:00+00:00
[2026-06-01T21:25:53.433+0000] {processor.py:183} INFO - Processing /home/airflow/.local/lib/python3.12/site-packages/airflow/example_dags/example_task_group_decorator.py took 0.080 seconds
[2026-06-01T21:26:24.025+0000] {processor.py:161} INFO - Started process (PID=23336) to work on /home/airflow/.local/lib/python3.12/site-packages/airflow/example_dags/example_task_group_decorator.py
[2026-06-01T21:26:24.027+0000] {processor.py:830} INFO - Processing file /home/airflow/.local/lib/python3.12/site-packages/airflow/example_dags/example_task_group_decorator.py for tasks to queue
[2026-06-01T21:26:24.029+0000] {logging_mixin.py:188} INFO - [2026-06-01T21:26:24.029+0000] {dagbag.py:540} INFO - Filling up the DagBag from /home/airflow/.local/lib/python3.12/site-packages/airflow/example_dags/example_task_group_decorator.py
[2026-06-01T21:26:24.043+0000] {processor.py:840} INFO - DAG(s) 'example_task_group_decorator' retrieved from /home/airflow/.local/lib/python3.12/site-packages/airflow/example_dags/example_task_group_decorator.py
[2026-06-01T21:26:24.069+0000] {logging_mixin.py:188} INFO - [2026-06-01T21:26:24.068+0000] {dag.py:3096} INFO - Sync 1 DAGs
[2026-06-01T21:26:24.090+0000] {logging_mixin.py:188} INFO - [2026-06-01T21:26:24.090+0000] {dag.py:3954} INFO - Setting next_dagrun for example_task_group_decorator to 2026-05-31 00:00:00+00:00, run_after=2026-06-01 00:00:00+00:00
[2026-06-01T21:26:24.110+0000] {processor.py:183} INFO - Processing /home/airflow/.local/lib/python3.12/site-packages/airflow/example_dags/example_task_group_decorator.py took 0.091 seconds
[2026-06-01T21:26:54.408+0000] {processor.py:161} INFO - Started process (PID=23395) to work on /home/airflow/.local/lib/python3.12/site-packages/airflow/example_dags/example_task_group_decorator.py
[2026-06-01T21:26:54.409+0000] {processor.py:830} INFO - Processing file /home/airflow/.local/lib/python3.12/site-packages/airflow/example_dags/example_task_group_decorator.py for tasks to queue
[2026-06-01T21:26:54.411+0000] {logging_mixin.py:188} INFO - [2026-06-01T21:26:54.411+0000] {dagbag.py:540} INFO - Filling up the DagBag from /home/airflow/.local/lib/python3.12/site-packages/airflow/example_dags/example_task_group_decorator.py
[2026-06-01T21:26:54.426+0000] {processor.py:840} INFO - DAG(s) 'example_task_group_decorator' retrieved from /home/airflow/.local/lib/python3.12/site-packages/airflow/example_dags/example_task_group_decorator.py
[2026-06-01T21:26:54.448+0000] {logging_mixin.py:188} INFO - [2026-06-01T21:26:54.448+0000] {dag.py:3096} INFO - Sync 1 DAGs
[2026-06-01T21:26:54.469+0000] {logging_mixin.py:188} INFO - [2026-06-01T21:26:54.469+0000] {dag.py:3954} INFO - Setting next_dagrun for example_task_group_decorator to 2026-05-31 00:00:00+00:00, run_after=2026-06-01 00:00:00+00:00
[2026-06-01T21:26:54.487+0000] {processor.py:183} INFO - Processing /home/airflow/.local/lib/python3.12/site-packages/airflow/example_dags/example_task_group_decorator.py took 0.085 seconds
[2026-06-01T21:27:24.569+0000] {processor.py:161} INFO - Started process (PID=23454) to work on /home/airflow/.local/lib/python3.12/site-packages/airflow/example_dags/example_task_group_decorator.py
[2026-06-01T21:27:24.570+0000] {processor.py:830} INFO - Processing file /home/airflow/.local/lib/python3.12/site-packages/airflow/example_dags/example_task_group_decorator.py for tasks to queue
[2026-06-01T21:27:24.572+0000] {logging_mixin.py:188} INFO - [2026-06-01T21:27:24.571+0000] {dagbag.py:540} INFO - Filling up the DagBag from /home/airflow/.local/lib/python3.12/site-packages/airflow/example_dags/example_task_group_decorator.py
[2026-06-01T21:27:24.585+0000] {processor.py:840} INFO - DAG(s) 'example_task_group_decorator' retrieved from /home/airflow/.local/lib/python3.12/site-packages/airflow/example_dags/example_task_group_decorator.py
[2026-06-01T21:27:24.610+0000] {logging_mixin.py:188} INFO - [2026-06-01T21:27:24.610+0000] {dag.py:3096} INFO - Sync 1 DAGs
[2026-06-01T21:27:24.634+0000] {logging_mixin.py:188} INFO - [2026-06-01T21:27:24.633+0000] {dag.py:3954} INFO - Setting next_dagrun for example_task_group_decorator to 2026-05-31 00:00:00+00:00, run_after=2026-06-01 00:00:00+00:00
[2026-06-01T21:27:24.655+0000] {processor.py:183} INFO - Processing /home/airflow/.local/lib/python3.12/site-packages/airflow/example_dags/example_task_group_decorator.py took 0.091 seconds
[2026-06-01T21:27:54.741+0000] {processor.py:161} INFO - Started process (PID=23513) to work on /home/airflow/.local/lib/python3.12/site-packages/airflow/example_dags/example_task_group_decorator.py
[2026-06-01T21:27:54.742+0000] {processor.py:830} INFO - Processing file /home/airflow/.local/lib/python3.12/site-packages/airflow/example_dags/example_task_group_decorator.py for tasks to queue
[2026-06-01T21:27:54.744+0000] {logging_mixin.py:188} INFO - [2026-06-01T21:27:54.744+0000] {dagbag.py:540} INFO - Filling up the DagBag from /home/airflow/.local/lib/python3.12/site-packages/airflow/example_dags/example_task_group_decorator.py
[2026-06-01T21:27:54.758+0000] {processor.py:840} INFO - DAG(s) 'example_task_group_decorator' retrieved from /home/airflow/.local/lib/python3.12/site-packages/airflow/example_dags/example_task_group_decorator.py
[2026-06-01T21:27:54.785+0000] {logging_mixin.py:188} INFO - [2026-06-01T21:27:54.784+0000] {dag.py:3096} INFO - Sync 1 DAGs
[2026-06-01T21:27:54.806+0000] {logging_mixin.py:188} INFO - [2026-06-01T21:27:54.806+0000] {dag.py:3954} INFO - Setting next_dagrun for example_task_group_decorator to 2026-05-31 00:00:00+00:00, run_after=2026-06-01 00:00:00+00:00
[2026-06-01T21:27:54.827+0000] {processor.py:183} INFO - Processing /home/airflow/.local/lib/python3.12/site-packages/airflow/example_dags/example_task_group_decorator.py took 0.092 seconds
[2026-06-01T21:28:24.998+0000] {processor.py:161} INFO - Started process (PID=23572) to work on /home/airflow/.local/lib/python3.12/site-packages/airflow/example_dags/example_task_group_decorator.py
[2026-06-01T21:28:24.999+0000] {processor.py:830} INFO - Processing file /home/airflow/.local/lib/python3.12/site-packages/airflow/example_dags/example_task_group_decorator.py for tasks to queue
[2026-06-01T21:28:25.001+0000] {logging_mixin.py:188} INFO - [2026-06-01T21:28:25.001+0000] {dagbag.py:540} INFO - Filling up the DagBag from /home/airflow/.local/lib/python3.12/site-packages/airflow/example_dags/example_task_group_decorator.py
[2026-06-01T21:28:25.015+0000] {processor.py:840} INFO - DAG(s) 'example_task_group_decorator' retrieved from /home/airflow/.local/lib/python3.12/site-packages/airflow/example_dags/example_task_group_decorator.py
[2026-06-01T21:28:25.039+0000] {logging_mixin.py:188} INFO - [2026-06-01T21:28:25.038+0000] {dag.py:3096} INFO - Sync 1 DAGs
[2026-06-01T21:28:25.060+0000] {logging_mixin.py:188} INFO - [2026-06-01T21:28:25.060+0000] {dag.py:3954} INFO - Setting next_dagrun for example_task_group_decorator to 2026-05-31 00:00:00+00:00, run_after=2026-06-01 00:00:00+00:00
[2026-06-01T21:28:25.079+0000] {processor.py:183} INFO - Processing /home/airflow/.local/lib/python3.12/site-packages/airflow/example_dags/example_task_group_decorator.py took 0.087 seconds
[2026-06-01T21:28:55.208+0000] {processor.py:161} INFO - Started process (PID=23631) to work on /home/airflow/.local/lib/python3.12/site-packages/airflow/example_dags/example_task_group_decorator.py
[2026-06-01T21:28:55.209+0000] {processor.py:830} INFO - Processing file /home/airflow/.local/lib/python3.12/site-packages/airflow/example_dags/example_task_group_decorator.py for tasks to queue
[2026-06-01T21:28:55.211+0000] {logging_mixin.py:188} INFO - [2026-06-01T21:28:55.211+0000] {dagbag.py:540} INFO - Filling up the DagBag from /home/airflow/.local/lib/python3.12/site-packages/airflow/example_dags/example_task_group_decorator.py
[2026-06-01T21:28:55.225+0000] {processor.py:840} INFO - DAG(s) 'example_task_group_decorator' retrieved from /home/airflow/.local/lib/python3.12/site-packages/airflow/example_dags/example_task_group_decorator.py
[2026-06-01T21:28:55.251+0000] {logging_mixin.py:188} INFO - [2026-06-01T21:28:55.250+0000] {dag.py:3096} INFO - Sync 1 DAGs
[2026-06-01T21:28:55.277+0000] {logging_mixin.py:188} INFO - [2026-06-01T21:28:55.277+0000] {dag.py:3954} INFO - Setting next_dagrun for example_task_group_decorator to 2026-05-31 00:00:00+00:00, run_after=2026-06-01 00:00:00+00:00
[2026-06-01T21:28:55.301+0000] {processor.py:183} INFO - Processing /home/airflow/.local/lib/python3.12/site-packages/airflow/example_dags/example_task_group_decorator.py took 0.098 seconds
[2026-06-01T21:29:25.692+0000] {processor.py:161} INFO - Started process (PID=23690) to work on /home/airflow/.local/lib/python3.12/site-packages/airflow/example_dags/example_task_group_decorator.py
[2026-06-01T21:29:25.693+0000] {processor.py:830} INFO - Processing file /home/airflow/.local/lib/python3.12/site-packages/airflow/example_dags/example_task_group_decorator.py for tasks to queue
[2026-06-01T21:29:25.695+0000] {logging_mixin.py:188} INFO - [2026-06-01T21:29:25.694+0000] {dagbag.py:540} INFO - Filling up the DagBag from /home/airflow/.local/lib/python3.12/site-packages/airflow/example_dags/example_task_group_decorator.py
[2026-06-01T21:29:25.708+0000] {processor.py:840} INFO - DAG(s) 'example_task_group_decorator' retrieved from /home/airflow/.local/lib/python3.12/site-packages/airflow/example_dags/example_task_group_decorator.py
[2026-06-01T21:29:25.728+0000] {logging_mixin.py:188} INFO - [2026-06-01T21:29:25.728+0000] {dag.py:3096} INFO - Sync 1 DAGs
[2026-06-01T21:29:25.748+0000] {logging_mixin.py:188} INFO - [2026-06-01T21:29:25.748+0000] {dag.py:3954} INFO - Setting next_dagrun for example_task_group_decorator to 2026-05-31 00:00:00+00:00, run_after=2026-06-01 00:00:00+00:00
[2026-06-01T21:29:25.769+0000] {processor.py:183} INFO - Processing /home/airflow/.local/lib/python3.12/site-packages/airflow/example_dags/example_task_group_decorator.py took 0.082 seconds
[2026-06-01T21:29:56.066+0000] {processor.py:161} INFO - Started process (PID=23749) to work on /home/airflow/.local/lib/python3.12/site-packages/airflow/example_dags/example_task_group_decorator.py
[2026-06-01T21:29:56.066+0000] {processor.py:830} INFO - Processing file /home/airflow/.local/lib/python3.12/site-packages/airflow/example_dags/example_task_group_decorator.py for tasks to queue
[2026-06-01T21:29:56.068+0000] {logging_mixin.py:188} INFO - [2026-06-01T21:29:56.068+0000] {dagbag.py:540} INFO - Filling up the DagBag from /home/airflow/.local/lib/python3.12/site-packages/airflow/example_dags/example_task_group_decorator.py
[2026-06-01T21:29:56.080+0000] {processor.py:840} INFO - DAG(s) 'example_task_group_decorator' retrieved from /home/airflow/.local/lib/python3.12/site-packages/airflow/example_dags/example_task_group_decorator.py
[2026-06-01T21:29:56.101+0000] {logging_mixin.py:188} INFO - [2026-06-01T21:29:56.100+0000] {dag.py:3096} INFO - Sync 1 DAGs
[2026-06-01T21:29:56.119+0000] {logging_mixin.py:188} INFO - [2026-06-01T21:29:56.119+0000] {dag.py:3954} INFO - Setting next_dagrun for example_task_group_decorator to 2026-05-31 00:00:00+00:00, run_after=2026-06-01 00:00:00+00:00
[2026-06-01T21:29:56.135+0000] {processor.py:183} INFO - Processing /home/airflow/.local/lib/python3.12/site-packages/airflow/example_dags/example_task_group_decorator.py took 0.075 seconds
[2026-06-01T21:30:26.542+0000] {processor.py:161} INFO - Started process (PID=23808) to work on /home/airflow/.local/lib/python3.12/site-packages/airflow/example_dags/example_task_group_decorator.py
[2026-06-01T21:30:26.543+0000] {processor.py:830} INFO - Processing file /home/airflow/.local/lib/python3.12/site-packages/airflow/example_dags/example_task_group_decorator.py for tasks to queue
[2026-06-01T21:30:26.545+0000] {logging_mixin.py:188} INFO - [2026-06-01T21:30:26.545+0000] {dagbag.py:540} INFO - Filling up the DagBag from /home/airflow/.local/lib/python3.12/site-packages/airflow/example_dags/example_task_group_decorator.py
[2026-06-01T21:30:26.557+0000] {processor.py:840} INFO - DAG(s) 'example_task_group_decorator' retrieved from /home/airflow/.local/lib/python3.12/site-packages/airflow/example_dags/example_task_group_decorator.py
[2026-06-01T21:30:26.580+0000] {logging_mixin.py:188} INFO - [2026-06-01T21:30:26.579+0000] {dag.py:3096} INFO - Sync 1 DAGs
[2026-06-01T21:30:26.597+0000] {logging_mixin.py:188} INFO - [2026-06-01T21:30:26.597+0000] {dag.py:3954} INFO - Setting next_dagrun for example_task_group_decorator to 2026-05-31 00:00:00+00:00, run_after=2026-06-01 00:00:00+00:00
[2026-06-01T21:30:26.614+0000] {processor.py:183} INFO - Processing /home/airflow/.local/lib/python3.12/site-packages/airflow/example_dags/example_task_group_decorator.py took 0.076 seconds
[2026-06-01T21:30:57.528+0000] {processor.py:161} INFO - Started process (PID=23867) to work on /home/airflow/.local/lib/python3.12/site-packages/airflow/example_dags/example_task_group_decorator.py
[2026-06-01T21:30:57.529+0000] {processor.py:830} INFO - Processing file /home/airflow/.local/lib/python3.12/site-packages/airflow/example_dags/example_task_group_decorator.py for tasks to queue
[2026-06-01T21:30:57.531+0000] {logging_mixin.py:188} INFO - [2026-06-01T21:30:57.531+0000] {dagbag.py:540} INFO - Filling up the DagBag from /home/airflow/.local/lib/python3.12/site-packages/airflow/example_dags/example_task_group_decorator.py
[2026-06-01T21:30:57.544+0000] {processor.py:840} INFO - DAG(s) 'example_task_group_decorator' retrieved from /home/airflow/.local/lib/python3.12/site-packages/airflow/example_dags/example_task_group_decorator.py
[2026-06-01T21:30:57.567+0000] {logging_mixin.py:188} INFO - [2026-06-01T21:30:57.567+0000] {dag.py:3096} INFO - Sync 1 DAGs
[2026-06-01T21:30:57.586+0000] {logging_mixin.py:188} INFO - [2026-06-01T21:30:57.586+0000] {dag.py:3954} INFO - Setting next_dagrun for example_task_group_decorator to 2026-05-31 00:00:00+00:00, run_after=2026-06-01 00:00:00+00:00
[2026-06-01T21:30:57.603+0000] {processor.py:183} INFO - Processing /home/airflow/.local/lib/python3.12/site-packages/airflow/example_dags/example_task_group_decorator.py took 0.080 seconds
[2026-06-01T21:31:28.022+0000] {processor.py:161} INFO - Started process (PID=23926) to work on /home/airflow/.local/lib/python3.12/site-packages/airflow/example_dags/example_task_group_decorator.py
[2026-06-01T21:31:28.023+0000] {processor.py:830} INFO - Processing file /home/airflow/.local/lib/python3.12/site-packages/airflow/example_dags/example_task_group_decorator.py for tasks to queue
[2026-06-01T21:31:28.026+0000] {logging_mixin.py:188} INFO - [2026-06-01T21:31:28.025+0000] {dagbag.py:540} INFO - Filling up the DagBag from /home/airflow/.local/lib/python3.12/site-packages/airflow/example_dags/example_task_group_decorator.py
[2026-06-01T21:31:28.042+0000] {processor.py:840} INFO - DAG(s) 'example_task_group_decorator' retrieved from /home/airflow/.local/lib/python3.12/site-packages/airflow/example_dags/example_task_group_decorator.py
[2026-06-01T21:31:28.066+0000] {logging_mixin.py:188} INFO - [2026-06-01T21:31:28.066+0000] {dag.py:3096} INFO - Sync 1 DAGs
[2026-06-01T21:31:28.086+0000] {logging_mixin.py:188} INFO - [2026-06-01T21:31:28.085+0000] {dag.py:3954} INFO - Setting next_dagrun for example_task_group_decorator to 2026-05-31 00:00:00+00:00, run_after=2026-06-01 00:00:00+00:00
[2026-06-01T21:31:28.104+0000] {processor.py:183} INFO - Processing /home/airflow/.local/lib/python3.12/site-packages/airflow/example_dags/example_task_group_decorator.py took 0.094 seconds
[2026-06-01T21:31:58.247+0000] {processor.py:161} INFO - Started process (PID=23985) to work on /home/airflow/.local/lib/python3.12/site-packages/airflow/example_dags/example_task_group_decorator.py
[2026-06-01T21:31:58.248+0000] {processor.py:830} INFO - Processing file /home/airflow/.local/lib/python3.12/site-packages/airflow/example_dags/example_task_group_decorator.py for tasks to queue
[2026-06-01T21:31:58.250+0000] {logging_mixin.py:188} INFO - [2026-06-01T21:31:58.250+0000] {dagbag.py:540} INFO - Filling up the DagBag from /home/airflow/.local/lib/python3.12/site-packages/airflow/example_dags/example_task_group_decorator.py
[2026-06-01T21:31:58.263+0000] {processor.py:840} INFO - DAG(s) 'example_task_group_decorator' retrieved from /home/airflow/.local/lib/python3.12/site-packages/airflow/example_dags/example_task_group_decorator.py
[2026-06-01T21:31:58.285+0000] {logging_mixin.py:188} INFO - [2026-06-01T21:31:58.285+0000] {dag.py:3096} INFO - Sync 1 DAGs
[2026-06-01T21:31:58.304+0000] {logging_mixin.py:188} INFO - [2026-06-01T21:31:58.304+0000] {dag.py:3954} INFO - Setting next_dagrun for example_task_group_decorator to 2026-05-31 00:00:00+00:00, run_after=2026-06-01 00:00:00+00:00
[2026-06-01T21:31:58.322+0000] {processor.py:183} INFO - Processing /home/airflow/.local/lib/python3.12/site-packages/airflow/example_dags/example_task_group_decorator.py took 0.080 seconds
[2026-06-01T21:32:28.905+0000] {processor.py:161} INFO - Started process (PID=24044) to work on /home/airflow/.local/lib/python3.12/site-packages/airflow/example_dags/example_task_group_decorator.py
[2026-06-01T21:32:28.906+0000] {processor.py:830} INFO - Processing file /home/airflow/.local/lib/python3.12/site-packages/airflow/example_dags/example_task_group_decorator.py for tasks to queue
[2026-06-01T21:32:28.907+0000] {logging_mixin.py:188} INFO - [2026-06-01T21:32:28.907+0000] {dagbag.py:540} INFO - Filling up the DagBag from /home/airflow/.local/lib/python3.12/site-packages/airflow/example_dags/example_task_group_decorator.py
[2026-06-01T21:32:28.927+0000] {processor.py:840} INFO - DAG(s) 'example_task_group_decorator' retrieved from /home/airflow/.local/lib/python3.12/site-packages/airflow/example_dags/example_task_group_decorator.py
[2026-06-01T21:32:28.959+0000] {logging_mixin.py:188} INFO - [2026-06-01T21:32:28.959+0000] {dag.py:3096} INFO - Sync 1 DAGs
[2026-06-01T21:32:28.989+0000] {logging_mixin.py:188} INFO - [2026-06-01T21:32:28.989+0000] {dag.py:3954} INFO - Setting next_dagrun for example_task_group_decorator to 2026-05-31 00:00:00+00:00, run_after=2026-06-01 00:00:00+00:00
[2026-06-01T21:32:29.017+0000] {processor.py:183} INFO - Processing /home/airflow/.local/lib/python3.12/site-packages/airflow/example_dags/example_task_group_decorator.py took 0.118 seconds
[2026-06-01T21:32:59.707+0000] {processor.py:161} INFO - Started process (PID=24103) to work on /home/airflow/.local/lib/python3.12/site-packages/airflow/example_dags/example_task_group_decorator.py
[2026-06-01T21:32:59.708+0000] {processor.py:830} INFO - Processing file /home/airflow/.local/lib/python3.12/site-packages/airflow/example_dags/example_task_group_decorator.py for tasks to queue
[2026-06-01T21:32:59.711+0000] {logging_mixin.py:188} INFO - [2026-06-01T21:32:59.710+0000] {dagbag.py:540} INFO - Filling up the DagBag from /home/airflow/.local/lib/python3.12/site-packages/airflow/example_dags/example_task_group_decorator.py
[2026-06-01T21:32:59.724+0000] {processor.py:840} INFO - DAG(s) 'example_task_group_decorator' retrieved from /home/airflow/.local/lib/python3.12/site-packages/airflow/example_dags/example_task_group_decorator.py
[2026-06-01T21:32:59.751+0000] {logging_mixin.py:188} INFO - [2026-06-01T21:32:59.751+0000] {dag.py:3096} INFO - Sync 1 DAGs
[2026-06-01T21:32:59.773+0000] {logging_mixin.py:188} INFO - [2026-06-01T21:32:59.773+0000] {dag.py:3954} INFO - Setting next_dagrun for example_task_group_decorator to 2026-05-31 00:00:00+00:00, run_after=2026-06-01 00:00:00+00:00
[2026-06-01T21:32:59.792+0000] {processor.py:183} INFO - Processing /home/airflow/.local/lib/python3.12/site-packages/airflow/example_dags/example_task_group_decorator.py took 0.090 seconds
[2026-06-01T21:33:30.730+0000] {processor.py:161} INFO - Started process (PID=24168) to work on /home/airflow/.local/lib/python3.12/site-packages/airflow/example_dags/example_task_group_decorator.py
[2026-06-01T21:33:30.731+0000] {processor.py:830} INFO - Processing file /home/airflow/.local/lib/python3.12/site-packages/airflow/example_dags/example_task_group_decorator.py for tasks to queue
[2026-06-01T21:33:30.733+0000] {logging_mixin.py:188} INFO - [2026-06-01T21:33:30.733+0000] {dagbag.py:540} INFO - Filling up the DagBag from /home/airflow/.local/lib/python3.12/site-packages/airflow/example_dags/example_task_group_decorator.py
[2026-06-01T21:33:30.870+0000] {processor.py:840} INFO - DAG(s) 'example_task_group_decorator' retrieved from /home/airflow/.local/lib/python3.12/site-packages/airflow/example_dags/example_task_group_decorator.py
[2026-06-01T21:33:30.888+0000] {logging_mixin.py:188} INFO - [2026-06-01T21:33:30.887+0000] {dag.py:3096} INFO - Sync 1 DAGs
[2026-06-01T21:33:30.903+0000] {logging_mixin.py:188} INFO - [2026-06-01T21:33:30.903+0000] {dag.py:3954} INFO - Setting next_dagrun for example_task_group_decorator to 2026-05-31 00:00:00+00:00, run_after=2026-06-01 00:00:00+00:00
[2026-06-01T21:33:30.918+0000] {processor.py:183} INFO - Processing /home/airflow/.local/lib/python3.12/site-packages/airflow/example_dags/example_task_group_decorator.py took 0.193 seconds
[2026-06-01T22:52:13.968+0000] {processor.py:161} INFO - Started process (PID=24224) to work on /home/airflow/.local/lib/python3.12/site-packages/airflow/example_dags/example_task_group_decorator.py
[2026-06-01T22:52:13.969+0000] {processor.py:830} INFO - Processing file /home/airflow/.local/lib/python3.12/site-packages/airflow/example_dags/example_task_group_decorator.py for tasks to queue
[2026-06-01T22:52:13.971+0000] {logging_mixin.py:188} INFO - [2026-06-01T22:52:13.970+0000] {dagbag.py:540} INFO - Filling up the DagBag from /home/airflow/.local/lib/python3.12/site-packages/airflow/example_dags/example_task_group_decorator.py
[2026-06-01T22:52:13.985+0000] {processor.py:840} INFO - DAG(s) 'example_task_group_decorator' retrieved from /home/airflow/.local/lib/python3.12/site-packages/airflow/example_dags/example_task_group_decorator.py
[2026-06-01T22:52:14.009+0000] {logging_mixin.py:188} INFO - [2026-06-01T22:52:14.009+0000] {dag.py:3096} INFO - Sync 1 DAGs
[2026-06-01T22:52:14.028+0000] {logging_mixin.py:188} INFO - [2026-06-01T22:52:14.028+0000] {dag.py:3954} INFO - Setting next_dagrun for example_task_group_decorator to 2026-05-31 00:00:00+00:00, run_after=2026-06-01 00:00:00+00:00
[2026-06-01T22:52:14.045+0000] {processor.py:183} INFO - Processing /home/airflow/.local/lib/python3.12/site-packages/airflow/example_dags/example_task_group_decorator.py took 0.083 seconds
