[2026-06-01T02:41:32.016+0000] {processor.py:161} INFO - Started process (PID=37921) to work on /home/airflow/.local/lib/python3.12/site-packages/airflow/example_dags/example_xcom.py
[2026-06-01T02:41:32.018+0000] {processor.py:830} INFO - Processing file /home/airflow/.local/lib/python3.12/site-packages/airflow/example_dags/example_xcom.py for tasks to queue
[2026-06-01T02:41:32.022+0000] {logging_mixin.py:188} INFO - [2026-06-01T02:41:32.022+0000] {dagbag.py:540} INFO - Filling up the DagBag from /home/airflow/.local/lib/python3.12/site-packages/airflow/example_dags/example_xcom.py
[2026-06-01T02:41:32.044+0000] {processor.py:840} INFO - DAG(s) 'example_xcom' retrieved from /home/airflow/.local/lib/python3.12/site-packages/airflow/example_dags/example_xcom.py
[2026-06-01T02:41:32.114+0000] {logging_mixin.py:188} INFO - [2026-06-01T02:41:32.113+0000] {dag.py:3096} INFO - Sync 1 DAGs
[2026-06-01T02:41:32.161+0000] {logging_mixin.py:188} INFO - [2026-06-01T02:41:32.160+0000] {dag.py:3954} INFO - Setting next_dagrun for example_xcom to 2021-01-01 00:00:00+00:00, run_after=2021-01-01 00:00:00+00:00
[2026-06-01T02:41:32.185+0000] {processor.py:183} INFO - Processing /home/airflow/.local/lib/python3.12/site-packages/airflow/example_dags/example_xcom.py took 0.179 seconds
[2026-06-01T03:32:04.295+0000] {processor.py:161} INFO - Started process (PID=37980) to work on /home/airflow/.local/lib/python3.12/site-packages/airflow/example_dags/example_xcom.py
[2026-06-01T03:32:04.297+0000] {processor.py:830} INFO - Processing file /home/airflow/.local/lib/python3.12/site-packages/airflow/example_dags/example_xcom.py for tasks to queue
[2026-06-01T03:32:04.302+0000] {logging_mixin.py:188} INFO - [2026-06-01T03:32:04.301+0000] {dagbag.py:540} INFO - Filling up the DagBag from /home/airflow/.local/lib/python3.12/site-packages/airflow/example_dags/example_xcom.py
[2026-06-01T03:32:04.324+0000] {processor.py:840} INFO - DAG(s) 'example_xcom' retrieved from /home/airflow/.local/lib/python3.12/site-packages/airflow/example_dags/example_xcom.py
[2026-06-01T03:32:04.373+0000] {logging_mixin.py:188} INFO - [2026-06-01T03:32:04.369+0000] {dag.py:3096} INFO - Sync 1 DAGs
[2026-06-01T03:32:04.436+0000] {logging_mixin.py:188} INFO - [2026-06-01T03:32:04.435+0000] {dag.py:3954} INFO - Setting next_dagrun for example_xcom to 2021-01-01 00:00:00+00:00, run_after=2021-01-01 00:00:00+00:00
[2026-06-01T03:32:04.482+0000] {processor.py:183} INFO - Processing /home/airflow/.local/lib/python3.12/site-packages/airflow/example_dags/example_xcom.py took 0.199 seconds
[2026-06-01T04:20:18.815+0000] {processor.py:161} INFO - Started process (PID=38033) to work on /home/airflow/.local/lib/python3.12/site-packages/airflow/example_dags/example_xcom.py
[2026-06-01T04:20:18.816+0000] {processor.py:830} INFO - Processing file /home/airflow/.local/lib/python3.12/site-packages/airflow/example_dags/example_xcom.py for tasks to queue
[2026-06-01T04:20:18.818+0000] {logging_mixin.py:188} INFO - [2026-06-01T04:20:18.818+0000] {dagbag.py:540} INFO - Filling up the DagBag from /home/airflow/.local/lib/python3.12/site-packages/airflow/example_dags/example_xcom.py
[2026-06-01T04:20:18.825+0000] {processor.py:840} INFO - DAG(s) 'example_xcom' retrieved from /home/airflow/.local/lib/python3.12/site-packages/airflow/example_dags/example_xcom.py
[2026-06-01T04:20:18.847+0000] {logging_mixin.py:188} INFO - [2026-06-01T04:20:18.846+0000] {dag.py:3096} INFO - Sync 1 DAGs
[2026-06-01T04:20:18.868+0000] {logging_mixin.py:188} INFO - [2026-06-01T04:20:18.867+0000] {dag.py:3954} INFO - Setting next_dagrun for example_xcom to 2021-01-01 00:00:00+00:00, run_after=2021-01-01 00:00:00+00:00
[2026-06-01T04:20:18.887+0000] {processor.py:183} INFO - Processing /home/airflow/.local/lib/python3.12/site-packages/airflow/example_dags/example_xcom.py took 0.078 seconds
[2026-06-01T04:20:49.434+0000] {processor.py:161} INFO - Started process (PID=38092) to work on /home/airflow/.local/lib/python3.12/site-packages/airflow/example_dags/example_xcom.py
[2026-06-01T04:20:49.435+0000] {processor.py:830} INFO - Processing file /home/airflow/.local/lib/python3.12/site-packages/airflow/example_dags/example_xcom.py for tasks to queue
[2026-06-01T04:20:49.437+0000] {logging_mixin.py:188} INFO - [2026-06-01T04:20:49.437+0000] {dagbag.py:540} INFO - Filling up the DagBag from /home/airflow/.local/lib/python3.12/site-packages/airflow/example_dags/example_xcom.py
[2026-06-01T04:20:49.444+0000] {processor.py:840} INFO - DAG(s) 'example_xcom' retrieved from /home/airflow/.local/lib/python3.12/site-packages/airflow/example_dags/example_xcom.py
[2026-06-01T04:20:49.464+0000] {logging_mixin.py:188} INFO - [2026-06-01T04:20:49.464+0000] {dag.py:3096} INFO - Sync 1 DAGs
[2026-06-01T04:20:49.483+0000] {logging_mixin.py:188} INFO - [2026-06-01T04:20:49.483+0000] {dag.py:3954} INFO - Setting next_dagrun for example_xcom to 2021-01-01 00:00:00+00:00, run_after=2021-01-01 00:00:00+00:00
[2026-06-01T04:20:49.499+0000] {processor.py:183} INFO - Processing /home/airflow/.local/lib/python3.12/site-packages/airflow/example_dags/example_xcom.py took 0.070 seconds
[2026-06-01T04:21:20.879+0000] {processor.py:161} INFO - Started process (PID=38151) to work on /home/airflow/.local/lib/python3.12/site-packages/airflow/example_dags/example_xcom.py
[2026-06-01T04:21:20.880+0000] {processor.py:830} INFO - Processing file /home/airflow/.local/lib/python3.12/site-packages/airflow/example_dags/example_xcom.py for tasks to queue
[2026-06-01T04:21:20.882+0000] {logging_mixin.py:188} INFO - [2026-06-01T04:21:20.881+0000] {dagbag.py:540} INFO - Filling up the DagBag from /home/airflow/.local/lib/python3.12/site-packages/airflow/example_dags/example_xcom.py
[2026-06-01T04:21:20.889+0000] {processor.py:840} INFO - DAG(s) 'example_xcom' retrieved from /home/airflow/.local/lib/python3.12/site-packages/airflow/example_dags/example_xcom.py
[2026-06-01T04:21:20.906+0000] {logging_mixin.py:188} INFO - [2026-06-01T04:21:20.906+0000] {dag.py:3096} INFO - Sync 1 DAGs
[2026-06-01T04:21:20.923+0000] {logging_mixin.py:188} INFO - [2026-06-01T04:21:20.923+0000] {dag.py:3954} INFO - Setting next_dagrun for example_xcom to 2021-01-01 00:00:00+00:00, run_after=2021-01-01 00:00:00+00:00
[2026-06-01T04:21:20.938+0000] {processor.py:183} INFO - Processing /home/airflow/.local/lib/python3.12/site-packages/airflow/example_dags/example_xcom.py took 0.064 seconds
[2026-06-01T04:21:51.066+0000] {processor.py:161} INFO - Started process (PID=38206) to work on /home/airflow/.local/lib/python3.12/site-packages/airflow/example_dags/example_xcom.py
[2026-06-01T04:21:51.067+0000] {processor.py:830} INFO - Processing file /home/airflow/.local/lib/python3.12/site-packages/airflow/example_dags/example_xcom.py for tasks to queue
[2026-06-01T04:21:51.069+0000] {logging_mixin.py:188} INFO - [2026-06-01T04:21:51.068+0000] {dagbag.py:540} INFO - Filling up the DagBag from /home/airflow/.local/lib/python3.12/site-packages/airflow/example_dags/example_xcom.py
[2026-06-01T04:21:51.075+0000] {processor.py:840} INFO - DAG(s) 'example_xcom' retrieved from /home/airflow/.local/lib/python3.12/site-packages/airflow/example_dags/example_xcom.py
[2026-06-01T04:21:51.091+0000] {logging_mixin.py:188} INFO - [2026-06-01T04:21:51.091+0000] {dag.py:3096} INFO - Sync 1 DAGs
[2026-06-01T04:21:51.108+0000] {logging_mixin.py:188} INFO - [2026-06-01T04:21:51.108+0000] {dag.py:3954} INFO - Setting next_dagrun for example_xcom to 2021-01-01 00:00:00+00:00, run_after=2021-01-01 00:00:00+00:00
[2026-06-01T04:21:51.122+0000] {processor.py:183} INFO - Processing /home/airflow/.local/lib/python3.12/site-packages/airflow/example_dags/example_xcom.py took 0.062 seconds
[2026-06-01T04:22:21.848+0000] {processor.py:161} INFO - Started process (PID=38258) to work on /home/airflow/.local/lib/python3.12/site-packages/airflow/example_dags/example_xcom.py
[2026-06-01T04:22:21.849+0000] {processor.py:830} INFO - Processing file /home/airflow/.local/lib/python3.12/site-packages/airflow/example_dags/example_xcom.py for tasks to queue
[2026-06-01T04:22:21.851+0000] {logging_mixin.py:188} INFO - [2026-06-01T04:22:21.851+0000] {dagbag.py:540} INFO - Filling up the DagBag from /home/airflow/.local/lib/python3.12/site-packages/airflow/example_dags/example_xcom.py
[2026-06-01T04:22:21.857+0000] {processor.py:840} INFO - DAG(s) 'example_xcom' retrieved from /home/airflow/.local/lib/python3.12/site-packages/airflow/example_dags/example_xcom.py
[2026-06-01T04:22:21.875+0000] {logging_mixin.py:188} INFO - [2026-06-01T04:22:21.875+0000] {dag.py:3096} INFO - Sync 1 DAGs
[2026-06-01T04:22:21.892+0000] {logging_mixin.py:188} INFO - [2026-06-01T04:22:21.892+0000] {dag.py:3954} INFO - Setting next_dagrun for example_xcom to 2021-01-01 00:00:00+00:00, run_after=2021-01-01 00:00:00+00:00
[2026-06-01T04:22:21.909+0000] {processor.py:183} INFO - Processing /home/airflow/.local/lib/python3.12/site-packages/airflow/example_dags/example_xcom.py took 0.068 seconds
[2026-06-01T04:22:52.360+0000] {processor.py:161} INFO - Started process (PID=38312) to work on /home/airflow/.local/lib/python3.12/site-packages/airflow/example_dags/example_xcom.py
[2026-06-01T04:22:52.362+0000] {processor.py:830} INFO - Processing file /home/airflow/.local/lib/python3.12/site-packages/airflow/example_dags/example_xcom.py for tasks to queue
[2026-06-01T04:22:52.364+0000] {logging_mixin.py:188} INFO - [2026-06-01T04:22:52.364+0000] {dagbag.py:540} INFO - Filling up the DagBag from /home/airflow/.local/lib/python3.12/site-packages/airflow/example_dags/example_xcom.py
[2026-06-01T04:22:52.373+0000] {processor.py:840} INFO - DAG(s) 'example_xcom' retrieved from /home/airflow/.local/lib/python3.12/site-packages/airflow/example_dags/example_xcom.py
[2026-06-01T04:22:52.394+0000] {logging_mixin.py:188} INFO - [2026-06-01T04:22:52.394+0000] {dag.py:3096} INFO - Sync 1 DAGs
[2026-06-01T04:22:52.418+0000] {logging_mixin.py:188} INFO - [2026-06-01T04:22:52.418+0000] {dag.py:3954} INFO - Setting next_dagrun for example_xcom to 2021-01-01 00:00:00+00:00, run_after=2021-01-01 00:00:00+00:00
[2026-06-01T04:22:52.438+0000] {processor.py:183} INFO - Processing /home/airflow/.local/lib/python3.12/site-packages/airflow/example_dags/example_xcom.py took 0.087 seconds
[2026-06-01T04:23:23.192+0000] {processor.py:161} INFO - Started process (PID=38369) to work on /home/airflow/.local/lib/python3.12/site-packages/airflow/example_dags/example_xcom.py
[2026-06-01T04:23:23.193+0000] {processor.py:830} INFO - Processing file /home/airflow/.local/lib/python3.12/site-packages/airflow/example_dags/example_xcom.py for tasks to queue
[2026-06-01T04:23:23.195+0000] {logging_mixin.py:188} INFO - [2026-06-01T04:23:23.195+0000] {dagbag.py:540} INFO - Filling up the DagBag from /home/airflow/.local/lib/python3.12/site-packages/airflow/example_dags/example_xcom.py
[2026-06-01T04:23:23.203+0000] {processor.py:840} INFO - DAG(s) 'example_xcom' retrieved from /home/airflow/.local/lib/python3.12/site-packages/airflow/example_dags/example_xcom.py
[2026-06-01T04:23:23.223+0000] {logging_mixin.py:188} INFO - [2026-06-01T04:23:23.223+0000] {dag.py:3096} INFO - Sync 1 DAGs
[2026-06-01T04:23:23.242+0000] {logging_mixin.py:188} INFO - [2026-06-01T04:23:23.242+0000] {dag.py:3954} INFO - Setting next_dagrun for example_xcom to 2021-01-01 00:00:00+00:00, run_after=2021-01-01 00:00:00+00:00
[2026-06-01T04:23:23.258+0000] {processor.py:183} INFO - Processing /home/airflow/.local/lib/python3.12/site-packages/airflow/example_dags/example_xcom.py took 0.072 seconds
[2026-06-01T04:23:53.779+0000] {processor.py:161} INFO - Started process (PID=38424) to work on /home/airflow/.local/lib/python3.12/site-packages/airflow/example_dags/example_xcom.py
[2026-06-01T04:23:53.780+0000] {processor.py:830} INFO - Processing file /home/airflow/.local/lib/python3.12/site-packages/airflow/example_dags/example_xcom.py for tasks to queue
[2026-06-01T04:23:53.782+0000] {logging_mixin.py:188} INFO - [2026-06-01T04:23:53.782+0000] {dagbag.py:540} INFO - Filling up the DagBag from /home/airflow/.local/lib/python3.12/site-packages/airflow/example_dags/example_xcom.py
[2026-06-01T04:23:53.788+0000] {processor.py:840} INFO - DAG(s) 'example_xcom' retrieved from /home/airflow/.local/lib/python3.12/site-packages/airflow/example_dags/example_xcom.py
[2026-06-01T04:23:53.805+0000] {logging_mixin.py:188} INFO - [2026-06-01T04:23:53.805+0000] {dag.py:3096} INFO - Sync 1 DAGs
[2026-06-01T04:23:53.823+0000] {logging_mixin.py:188} INFO - [2026-06-01T04:23:53.822+0000] {dag.py:3954} INFO - Setting next_dagrun for example_xcom to 2021-01-01 00:00:00+00:00, run_after=2021-01-01 00:00:00+00:00
[2026-06-01T04:23:53.839+0000] {processor.py:183} INFO - Processing /home/airflow/.local/lib/python3.12/site-packages/airflow/example_dags/example_xcom.py took 0.065 seconds
[2026-06-01T04:24:24.478+0000] {processor.py:161} INFO - Started process (PID=38484) to work on /home/airflow/.local/lib/python3.12/site-packages/airflow/example_dags/example_xcom.py
[2026-06-01T04:24:24.479+0000] {processor.py:830} INFO - Processing file /home/airflow/.local/lib/python3.12/site-packages/airflow/example_dags/example_xcom.py for tasks to queue
[2026-06-01T04:24:24.481+0000] {logging_mixin.py:188} INFO - [2026-06-01T04:24:24.481+0000] {dagbag.py:540} INFO - Filling up the DagBag from /home/airflow/.local/lib/python3.12/site-packages/airflow/example_dags/example_xcom.py
[2026-06-01T04:24:24.488+0000] {processor.py:840} INFO - DAG(s) 'example_xcom' retrieved from /home/airflow/.local/lib/python3.12/site-packages/airflow/example_dags/example_xcom.py
[2026-06-01T04:24:24.506+0000] {logging_mixin.py:188} INFO - [2026-06-01T04:24:24.505+0000] {dag.py:3096} INFO - Sync 1 DAGs
[2026-06-01T04:24:24.523+0000] {logging_mixin.py:188} INFO - [2026-06-01T04:24:24.523+0000] {dag.py:3954} INFO - Setting next_dagrun for example_xcom to 2021-01-01 00:00:00+00:00, run_after=2021-01-01 00:00:00+00:00
[2026-06-01T04:24:24.538+0000] {processor.py:183} INFO - Processing /home/airflow/.local/lib/python3.12/site-packages/airflow/example_dags/example_xcom.py took 0.065 seconds
[2026-06-01T04:24:55.038+0000] {processor.py:161} INFO - Started process (PID=38538) to work on /home/airflow/.local/lib/python3.12/site-packages/airflow/example_dags/example_xcom.py
[2026-06-01T04:24:55.039+0000] {processor.py:830} INFO - Processing file /home/airflow/.local/lib/python3.12/site-packages/airflow/example_dags/example_xcom.py for tasks to queue
[2026-06-01T04:24:55.041+0000] {logging_mixin.py:188} INFO - [2026-06-01T04:24:55.041+0000] {dagbag.py:540} INFO - Filling up the DagBag from /home/airflow/.local/lib/python3.12/site-packages/airflow/example_dags/example_xcom.py
[2026-06-01T04:24:55.047+0000] {processor.py:840} INFO - DAG(s) 'example_xcom' retrieved from /home/airflow/.local/lib/python3.12/site-packages/airflow/example_dags/example_xcom.py
[2026-06-01T04:24:55.065+0000] {logging_mixin.py:188} INFO - [2026-06-01T04:24:55.065+0000] {dag.py:3096} INFO - Sync 1 DAGs
[2026-06-01T04:24:55.085+0000] {logging_mixin.py:188} INFO - [2026-06-01T04:24:55.084+0000] {dag.py:3954} INFO - Setting next_dagrun for example_xcom to 2021-01-01 00:00:00+00:00, run_after=2021-01-01 00:00:00+00:00
[2026-06-01T04:24:55.099+0000] {processor.py:183} INFO - Processing /home/airflow/.local/lib/python3.12/site-packages/airflow/example_dags/example_xcom.py took 0.066 seconds
[2026-06-01T04:25:25.890+0000] {processor.py:161} INFO - Started process (PID=38596) to work on /home/airflow/.local/lib/python3.12/site-packages/airflow/example_dags/example_xcom.py
[2026-06-01T04:25:25.892+0000] {processor.py:830} INFO - Processing file /home/airflow/.local/lib/python3.12/site-packages/airflow/example_dags/example_xcom.py for tasks to queue
[2026-06-01T04:25:25.894+0000] {logging_mixin.py:188} INFO - [2026-06-01T04:25:25.893+0000] {dagbag.py:540} INFO - Filling up the DagBag from /home/airflow/.local/lib/python3.12/site-packages/airflow/example_dags/example_xcom.py
[2026-06-01T04:25:25.901+0000] {processor.py:840} INFO - DAG(s) 'example_xcom' retrieved from /home/airflow/.local/lib/python3.12/site-packages/airflow/example_dags/example_xcom.py
[2026-06-01T04:25:25.922+0000] {logging_mixin.py:188} INFO - [2026-06-01T04:25:25.922+0000] {dag.py:3096} INFO - Sync 1 DAGs
[2026-06-01T04:25:25.944+0000] {logging_mixin.py:188} INFO - [2026-06-01T04:25:25.944+0000] {dag.py:3954} INFO - Setting next_dagrun for example_xcom to 2021-01-01 00:00:00+00:00, run_after=2021-01-01 00:00:00+00:00
[2026-06-01T04:25:25.965+0000] {processor.py:183} INFO - Processing /home/airflow/.local/lib/python3.12/site-packages/airflow/example_dags/example_xcom.py took 0.080 seconds
[2026-06-01T04:25:56.824+0000] {processor.py:161} INFO - Started process (PID=38655) to work on /home/airflow/.local/lib/python3.12/site-packages/airflow/example_dags/example_xcom.py
[2026-06-01T04:25:56.825+0000] {processor.py:830} INFO - Processing file /home/airflow/.local/lib/python3.12/site-packages/airflow/example_dags/example_xcom.py for tasks to queue
[2026-06-01T04:25:56.827+0000] {logging_mixin.py:188} INFO - [2026-06-01T04:25:56.826+0000] {dagbag.py:540} INFO - Filling up the DagBag from /home/airflow/.local/lib/python3.12/site-packages/airflow/example_dags/example_xcom.py
[2026-06-01T04:25:56.833+0000] {processor.py:840} INFO - DAG(s) 'example_xcom' retrieved from /home/airflow/.local/lib/python3.12/site-packages/airflow/example_dags/example_xcom.py
[2026-06-01T04:25:56.851+0000] {logging_mixin.py:188} INFO - [2026-06-01T04:25:56.851+0000] {dag.py:3096} INFO - Sync 1 DAGs
[2026-06-01T04:25:56.869+0000] {logging_mixin.py:188} INFO - [2026-06-01T04:25:56.869+0000] {dag.py:3954} INFO - Setting next_dagrun for example_xcom to 2021-01-01 00:00:00+00:00, run_after=2021-01-01 00:00:00+00:00
[2026-06-01T04:25:56.885+0000] {processor.py:183} INFO - Processing /home/airflow/.local/lib/python3.12/site-packages/airflow/example_dags/example_xcom.py took 0.067 seconds
[2026-06-01T04:26:26.925+0000] {processor.py:161} INFO - Started process (PID=38714) to work on /home/airflow/.local/lib/python3.12/site-packages/airflow/example_dags/example_xcom.py
[2026-06-01T04:26:26.926+0000] {processor.py:830} INFO - Processing file /home/airflow/.local/lib/python3.12/site-packages/airflow/example_dags/example_xcom.py for tasks to queue
[2026-06-01T04:26:26.928+0000] {logging_mixin.py:188} INFO - [2026-06-01T04:26:26.928+0000] {dagbag.py:540} INFO - Filling up the DagBag from /home/airflow/.local/lib/python3.12/site-packages/airflow/example_dags/example_xcom.py
[2026-06-01T04:26:26.934+0000] {processor.py:840} INFO - DAG(s) 'example_xcom' retrieved from /home/airflow/.local/lib/python3.12/site-packages/airflow/example_dags/example_xcom.py
[2026-06-01T04:26:26.950+0000] {logging_mixin.py:188} INFO - [2026-06-01T04:26:26.949+0000] {dag.py:3096} INFO - Sync 1 DAGs
[2026-06-01T04:26:26.965+0000] {logging_mixin.py:188} INFO - [2026-06-01T04:26:26.965+0000] {dag.py:3954} INFO - Setting next_dagrun for example_xcom to 2021-01-01 00:00:00+00:00, run_after=2021-01-01 00:00:00+00:00
[2026-06-01T04:26:26.980+0000] {processor.py:183} INFO - Processing /home/airflow/.local/lib/python3.12/site-packages/airflow/example_dags/example_xcom.py took 0.061 seconds
[2026-06-01T04:26:57.572+0000] {processor.py:161} INFO - Started process (PID=38773) to work on /home/airflow/.local/lib/python3.12/site-packages/airflow/example_dags/example_xcom.py
[2026-06-01T04:26:57.573+0000] {processor.py:830} INFO - Processing file /home/airflow/.local/lib/python3.12/site-packages/airflow/example_dags/example_xcom.py for tasks to queue
[2026-06-01T04:26:57.575+0000] {logging_mixin.py:188} INFO - [2026-06-01T04:26:57.575+0000] {dagbag.py:540} INFO - Filling up the DagBag from /home/airflow/.local/lib/python3.12/site-packages/airflow/example_dags/example_xcom.py
[2026-06-01T04:26:57.580+0000] {processor.py:840} INFO - DAG(s) 'example_xcom' retrieved from /home/airflow/.local/lib/python3.12/site-packages/airflow/example_dags/example_xcom.py
[2026-06-01T04:26:57.595+0000] {logging_mixin.py:188} INFO - [2026-06-01T04:26:57.595+0000] {dag.py:3096} INFO - Sync 1 DAGs
[2026-06-01T04:26:57.611+0000] {logging_mixin.py:188} INFO - [2026-06-01T04:26:57.611+0000] {dag.py:3954} INFO - Setting next_dagrun for example_xcom to 2021-01-01 00:00:00+00:00, run_after=2021-01-01 00:00:00+00:00
[2026-06-01T04:26:57.625+0000] {processor.py:183} INFO - Processing /home/airflow/.local/lib/python3.12/site-packages/airflow/example_dags/example_xcom.py took 0.058 seconds
[2026-06-01T11:29:44.861+0000] {processor.py:161} INFO - Started process (PID=38813) to work on /home/airflow/.local/lib/python3.12/site-packages/airflow/example_dags/example_xcom.py
[2026-06-01T11:29:44.863+0000] {processor.py:830} INFO - Processing file /home/airflow/.local/lib/python3.12/site-packages/airflow/example_dags/example_xcom.py for tasks to queue
[2026-06-01T11:29:44.866+0000] {logging_mixin.py:188} INFO - [2026-06-01T11:29:44.865+0000] {dagbag.py:540} INFO - Filling up the DagBag from /home/airflow/.local/lib/python3.12/site-packages/airflow/example_dags/example_xcom.py
[2026-06-01T11:29:44.883+0000] {processor.py:840} INFO - DAG(s) 'example_xcom' retrieved from /home/airflow/.local/lib/python3.12/site-packages/airflow/example_dags/example_xcom.py
[2026-06-01T11:29:44.919+0000] {logging_mixin.py:188} INFO - [2026-06-01T11:29:44.919+0000] {dag.py:3096} INFO - Sync 1 DAGs
[2026-06-01T11:29:44.972+0000] {logging_mixin.py:188} INFO - [2026-06-01T11:29:44.972+0000] {dag.py:3954} INFO - Setting next_dagrun for example_xcom to 2021-01-01 00:00:00+00:00, run_after=2021-01-01 00:00:00+00:00
[2026-06-01T11:29:45.014+0000] {processor.py:183} INFO - Processing /home/airflow/.local/lib/python3.12/site-packages/airflow/example_dags/example_xcom.py took 0.172 seconds
[2026-06-01T11:30:15.746+0000] {processor.py:161} INFO - Started process (PID=38877) to work on /home/airflow/.local/lib/python3.12/site-packages/airflow/example_dags/example_xcom.py
[2026-06-01T11:30:15.747+0000] {processor.py:830} INFO - Processing file /home/airflow/.local/lib/python3.12/site-packages/airflow/example_dags/example_xcom.py for tasks to queue
[2026-06-01T11:30:15.749+0000] {logging_mixin.py:188} INFO - [2026-06-01T11:30:15.749+0000] {dagbag.py:540} INFO - Filling up the DagBag from /home/airflow/.local/lib/python3.12/site-packages/airflow/example_dags/example_xcom.py
[2026-06-01T11:30:15.756+0000] {processor.py:840} INFO - DAG(s) 'example_xcom' retrieved from /home/airflow/.local/lib/python3.12/site-packages/airflow/example_dags/example_xcom.py
[2026-06-01T11:30:15.773+0000] {logging_mixin.py:188} INFO - [2026-06-01T11:30:15.773+0000] {dag.py:3096} INFO - Sync 1 DAGs
[2026-06-01T11:30:15.791+0000] {logging_mixin.py:188} INFO - [2026-06-01T11:30:15.791+0000] {dag.py:3954} INFO - Setting next_dagrun for example_xcom to 2021-01-01 00:00:00+00:00, run_after=2021-01-01 00:00:00+00:00
[2026-06-01T11:30:15.809+0000] {processor.py:183} INFO - Processing /home/airflow/.local/lib/python3.12/site-packages/airflow/example_dags/example_xcom.py took 0.069 seconds
[2026-06-01T11:30:45.887+0000] {processor.py:161} INFO - Started process (PID=38936) to work on /home/airflow/.local/lib/python3.12/site-packages/airflow/example_dags/example_xcom.py
[2026-06-01T11:30:45.888+0000] {processor.py:830} INFO - Processing file /home/airflow/.local/lib/python3.12/site-packages/airflow/example_dags/example_xcom.py for tasks to queue
[2026-06-01T11:30:45.890+0000] {logging_mixin.py:188} INFO - [2026-06-01T11:30:45.890+0000] {dagbag.py:540} INFO - Filling up the DagBag from /home/airflow/.local/lib/python3.12/site-packages/airflow/example_dags/example_xcom.py
[2026-06-01T11:30:45.896+0000] {processor.py:840} INFO - DAG(s) 'example_xcom' retrieved from /home/airflow/.local/lib/python3.12/site-packages/airflow/example_dags/example_xcom.py
[2026-06-01T11:30:45.913+0000] {logging_mixin.py:188} INFO - [2026-06-01T11:30:45.912+0000] {dag.py:3096} INFO - Sync 1 DAGs
[2026-06-01T11:30:45.931+0000] {logging_mixin.py:188} INFO - [2026-06-01T11:30:45.931+0000] {dag.py:3954} INFO - Setting next_dagrun for example_xcom to 2021-01-01 00:00:00+00:00, run_after=2021-01-01 00:00:00+00:00
[2026-06-01T11:30:45.946+0000] {processor.py:183} INFO - Processing /home/airflow/.local/lib/python3.12/site-packages/airflow/example_dags/example_xcom.py took 0.065 seconds
[2026-06-01T11:31:16.723+0000] {processor.py:161} INFO - Started process (PID=38995) to work on /home/airflow/.local/lib/python3.12/site-packages/airflow/example_dags/example_xcom.py
[2026-06-01T11:31:16.724+0000] {processor.py:830} INFO - Processing file /home/airflow/.local/lib/python3.12/site-packages/airflow/example_dags/example_xcom.py for tasks to queue
[2026-06-01T11:31:16.726+0000] {logging_mixin.py:188} INFO - [2026-06-01T11:31:16.726+0000] {dagbag.py:540} INFO - Filling up the DagBag from /home/airflow/.local/lib/python3.12/site-packages/airflow/example_dags/example_xcom.py
[2026-06-01T11:31:16.733+0000] {processor.py:840} INFO - DAG(s) 'example_xcom' retrieved from /home/airflow/.local/lib/python3.12/site-packages/airflow/example_dags/example_xcom.py
[2026-06-01T11:31:16.756+0000] {logging_mixin.py:188} INFO - [2026-06-01T11:31:16.756+0000] {dag.py:3096} INFO - Sync 1 DAGs
[2026-06-01T11:31:16.774+0000] {logging_mixin.py:188} INFO - [2026-06-01T11:31:16.773+0000] {dag.py:3954} INFO - Setting next_dagrun for example_xcom to 2021-01-01 00:00:00+00:00, run_after=2021-01-01 00:00:00+00:00
[2026-06-01T11:31:16.791+0000] {processor.py:183} INFO - Processing /home/airflow/.local/lib/python3.12/site-packages/airflow/example_dags/example_xcom.py took 0.074 seconds
[2026-06-01T11:31:46.902+0000] {processor.py:161} INFO - Started process (PID=39054) to work on /home/airflow/.local/lib/python3.12/site-packages/airflow/example_dags/example_xcom.py
[2026-06-01T11:31:46.903+0000] {processor.py:830} INFO - Processing file /home/airflow/.local/lib/python3.12/site-packages/airflow/example_dags/example_xcom.py for tasks to queue
[2026-06-01T11:31:46.905+0000] {logging_mixin.py:188} INFO - [2026-06-01T11:31:46.905+0000] {dagbag.py:540} INFO - Filling up the DagBag from /home/airflow/.local/lib/python3.12/site-packages/airflow/example_dags/example_xcom.py
[2026-06-01T11:31:46.917+0000] {processor.py:840} INFO - DAG(s) 'example_xcom' retrieved from /home/airflow/.local/lib/python3.12/site-packages/airflow/example_dags/example_xcom.py
[2026-06-01T11:31:46.942+0000] {logging_mixin.py:188} INFO - [2026-06-01T11:31:46.942+0000] {dag.py:3096} INFO - Sync 1 DAGs
[2026-06-01T11:31:46.963+0000] {logging_mixin.py:188} INFO - [2026-06-01T11:31:46.963+0000] {dag.py:3954} INFO - Setting next_dagrun for example_xcom to 2021-01-01 00:00:00+00:00, run_after=2021-01-01 00:00:00+00:00
[2026-06-01T11:31:46.985+0000] {processor.py:183} INFO - Processing /home/airflow/.local/lib/python3.12/site-packages/airflow/example_dags/example_xcom.py took 0.089 seconds
[2026-06-01T11:32:17.127+0000] {processor.py:161} INFO - Started process (PID=39113) to work on /home/airflow/.local/lib/python3.12/site-packages/airflow/example_dags/example_xcom.py
[2026-06-01T11:32:17.128+0000] {processor.py:830} INFO - Processing file /home/airflow/.local/lib/python3.12/site-packages/airflow/example_dags/example_xcom.py for tasks to queue
[2026-06-01T11:32:17.130+0000] {logging_mixin.py:188} INFO - [2026-06-01T11:32:17.129+0000] {dagbag.py:540} INFO - Filling up the DagBag from /home/airflow/.local/lib/python3.12/site-packages/airflow/example_dags/example_xcom.py
[2026-06-01T11:32:17.136+0000] {processor.py:840} INFO - DAG(s) 'example_xcom' retrieved from /home/airflow/.local/lib/python3.12/site-packages/airflow/example_dags/example_xcom.py
[2026-06-01T11:32:17.153+0000] {logging_mixin.py:188} INFO - [2026-06-01T11:32:17.153+0000] {dag.py:3096} INFO - Sync 1 DAGs
[2026-06-01T11:32:17.171+0000] {logging_mixin.py:188} INFO - [2026-06-01T11:32:17.170+0000] {dag.py:3954} INFO - Setting next_dagrun for example_xcom to 2021-01-01 00:00:00+00:00, run_after=2021-01-01 00:00:00+00:00
[2026-06-01T11:32:17.186+0000] {processor.py:183} INFO - Processing /home/airflow/.local/lib/python3.12/site-packages/airflow/example_dags/example_xcom.py took 0.064 seconds
[2026-06-01T11:32:47.878+0000] {processor.py:161} INFO - Started process (PID=39172) to work on /home/airflow/.local/lib/python3.12/site-packages/airflow/example_dags/example_xcom.py
[2026-06-01T11:32:47.879+0000] {processor.py:830} INFO - Processing file /home/airflow/.local/lib/python3.12/site-packages/airflow/example_dags/example_xcom.py for tasks to queue
[2026-06-01T11:32:47.881+0000] {logging_mixin.py:188} INFO - [2026-06-01T11:32:47.881+0000] {dagbag.py:540} INFO - Filling up the DagBag from /home/airflow/.local/lib/python3.12/site-packages/airflow/example_dags/example_xcom.py
[2026-06-01T11:32:47.888+0000] {processor.py:840} INFO - DAG(s) 'example_xcom' retrieved from /home/airflow/.local/lib/python3.12/site-packages/airflow/example_dags/example_xcom.py
[2026-06-01T11:32:47.905+0000] {logging_mixin.py:188} INFO - [2026-06-01T11:32:47.904+0000] {dag.py:3096} INFO - Sync 1 DAGs
[2026-06-01T11:32:47.922+0000] {logging_mixin.py:188} INFO - [2026-06-01T11:32:47.922+0000] {dag.py:3954} INFO - Setting next_dagrun for example_xcom to 2021-01-01 00:00:00+00:00, run_after=2021-01-01 00:00:00+00:00
[2026-06-01T11:32:47.936+0000] {processor.py:183} INFO - Processing /home/airflow/.local/lib/python3.12/site-packages/airflow/example_dags/example_xcom.py took 0.063 seconds
[2026-06-01T11:33:18.632+0000] {processor.py:161} INFO - Started process (PID=39231) to work on /home/airflow/.local/lib/python3.12/site-packages/airflow/example_dags/example_xcom.py
[2026-06-01T11:33:18.633+0000] {processor.py:830} INFO - Processing file /home/airflow/.local/lib/python3.12/site-packages/airflow/example_dags/example_xcom.py for tasks to queue
[2026-06-01T11:33:18.635+0000] {logging_mixin.py:188} INFO - [2026-06-01T11:33:18.635+0000] {dagbag.py:540} INFO - Filling up the DagBag from /home/airflow/.local/lib/python3.12/site-packages/airflow/example_dags/example_xcom.py
[2026-06-01T11:33:18.642+0000] {processor.py:840} INFO - DAG(s) 'example_xcom' retrieved from /home/airflow/.local/lib/python3.12/site-packages/airflow/example_dags/example_xcom.py
[2026-06-01T11:33:18.657+0000] {logging_mixin.py:188} INFO - [2026-06-01T11:33:18.657+0000] {dag.py:3096} INFO - Sync 1 DAGs
[2026-06-01T11:33:18.673+0000] {logging_mixin.py:188} INFO - [2026-06-01T11:33:18.673+0000] {dag.py:3954} INFO - Setting next_dagrun for example_xcom to 2021-01-01 00:00:00+00:00, run_after=2021-01-01 00:00:00+00:00
[2026-06-01T11:33:18.688+0000] {processor.py:183} INFO - Processing /home/airflow/.local/lib/python3.12/site-packages/airflow/example_dags/example_xcom.py took 0.061 seconds
[2026-06-01T11:33:49.332+0000] {processor.py:161} INFO - Started process (PID=39296) to work on /home/airflow/.local/lib/python3.12/site-packages/airflow/example_dags/example_xcom.py
[2026-06-01T11:33:49.333+0000] {processor.py:830} INFO - Processing file /home/airflow/.local/lib/python3.12/site-packages/airflow/example_dags/example_xcom.py for tasks to queue
[2026-06-01T11:33:49.334+0000] {logging_mixin.py:188} INFO - [2026-06-01T11:33:49.334+0000] {dagbag.py:540} INFO - Filling up the DagBag from /home/airflow/.local/lib/python3.12/site-packages/airflow/example_dags/example_xcom.py
[2026-06-01T11:33:49.340+0000] {processor.py:840} INFO - DAG(s) 'example_xcom' retrieved from /home/airflow/.local/lib/python3.12/site-packages/airflow/example_dags/example_xcom.py
[2026-06-01T11:33:49.358+0000] {logging_mixin.py:188} INFO - [2026-06-01T11:33:49.358+0000] {dag.py:3096} INFO - Sync 1 DAGs
[2026-06-01T11:33:49.374+0000] {logging_mixin.py:188} INFO - [2026-06-01T11:33:49.374+0000] {dag.py:3954} INFO - Setting next_dagrun for example_xcom to 2021-01-01 00:00:00+00:00, run_after=2021-01-01 00:00:00+00:00
[2026-06-01T11:33:49.390+0000] {processor.py:183} INFO - Processing /home/airflow/.local/lib/python3.12/site-packages/airflow/example_dags/example_xcom.py took 0.064 seconds
[2026-06-01T11:34:20.235+0000] {processor.py:161} INFO - Started process (PID=39355) to work on /home/airflow/.local/lib/python3.12/site-packages/airflow/example_dags/example_xcom.py
[2026-06-01T11:34:20.236+0000] {processor.py:830} INFO - Processing file /home/airflow/.local/lib/python3.12/site-packages/airflow/example_dags/example_xcom.py for tasks to queue
[2026-06-01T11:34:20.238+0000] {logging_mixin.py:188} INFO - [2026-06-01T11:34:20.237+0000] {dagbag.py:540} INFO - Filling up the DagBag from /home/airflow/.local/lib/python3.12/site-packages/airflow/example_dags/example_xcom.py
[2026-06-01T11:34:20.245+0000] {processor.py:840} INFO - DAG(s) 'example_xcom' retrieved from /home/airflow/.local/lib/python3.12/site-packages/airflow/example_dags/example_xcom.py
[2026-06-01T11:34:20.262+0000] {logging_mixin.py:188} INFO - [2026-06-01T11:34:20.262+0000] {dag.py:3096} INFO - Sync 1 DAGs
[2026-06-01T11:34:20.279+0000] {logging_mixin.py:188} INFO - [2026-06-01T11:34:20.279+0000] {dag.py:3954} INFO - Setting next_dagrun for example_xcom to 2021-01-01 00:00:00+00:00, run_after=2021-01-01 00:00:00+00:00
[2026-06-01T11:34:20.295+0000] {processor.py:183} INFO - Processing /home/airflow/.local/lib/python3.12/site-packages/airflow/example_dags/example_xcom.py took 0.065 seconds
[2026-06-01T11:34:51.152+0000] {processor.py:161} INFO - Started process (PID=39414) to work on /home/airflow/.local/lib/python3.12/site-packages/airflow/example_dags/example_xcom.py
[2026-06-01T11:34:51.152+0000] {processor.py:830} INFO - Processing file /home/airflow/.local/lib/python3.12/site-packages/airflow/example_dags/example_xcom.py for tasks to queue
[2026-06-01T11:34:51.156+0000] {logging_mixin.py:188} INFO - [2026-06-01T11:34:51.155+0000] {dagbag.py:540} INFO - Filling up the DagBag from /home/airflow/.local/lib/python3.12/site-packages/airflow/example_dags/example_xcom.py
[2026-06-01T11:34:51.162+0000] {processor.py:840} INFO - DAG(s) 'example_xcom' retrieved from /home/airflow/.local/lib/python3.12/site-packages/airflow/example_dags/example_xcom.py
[2026-06-01T11:34:51.178+0000] {logging_mixin.py:188} INFO - [2026-06-01T11:34:51.177+0000] {dag.py:3096} INFO - Sync 1 DAGs
[2026-06-01T11:34:51.196+0000] {logging_mixin.py:188} INFO - [2026-06-01T11:34:51.196+0000] {dag.py:3954} INFO - Setting next_dagrun for example_xcom to 2021-01-01 00:00:00+00:00, run_after=2021-01-01 00:00:00+00:00
[2026-06-01T11:34:51.212+0000] {processor.py:183} INFO - Processing /home/airflow/.local/lib/python3.12/site-packages/airflow/example_dags/example_xcom.py took 0.066 seconds
[2026-06-01T11:35:22.104+0000] {processor.py:161} INFO - Started process (PID=39477) to work on /home/airflow/.local/lib/python3.12/site-packages/airflow/example_dags/example_xcom.py
[2026-06-01T11:35:22.105+0000] {processor.py:830} INFO - Processing file /home/airflow/.local/lib/python3.12/site-packages/airflow/example_dags/example_xcom.py for tasks to queue
[2026-06-01T11:35:22.107+0000] {logging_mixin.py:188} INFO - [2026-06-01T11:35:22.106+0000] {dagbag.py:540} INFO - Filling up the DagBag from /home/airflow/.local/lib/python3.12/site-packages/airflow/example_dags/example_xcom.py
[2026-06-01T11:35:22.113+0000] {processor.py:840} INFO - DAG(s) 'example_xcom' retrieved from /home/airflow/.local/lib/python3.12/site-packages/airflow/example_dags/example_xcom.py
[2026-06-01T11:35:22.129+0000] {logging_mixin.py:188} INFO - [2026-06-01T11:35:22.129+0000] {dag.py:3096} INFO - Sync 1 DAGs
[2026-06-01T11:35:22.146+0000] {logging_mixin.py:188} INFO - [2026-06-01T11:35:22.146+0000] {dag.py:3954} INFO - Setting next_dagrun for example_xcom to 2021-01-01 00:00:00+00:00, run_after=2021-01-01 00:00:00+00:00
[2026-06-01T11:35:22.160+0000] {processor.py:183} INFO - Processing /home/airflow/.local/lib/python3.12/site-packages/airflow/example_dags/example_xcom.py took 0.062 seconds
[2026-06-01T11:35:52.930+0000] {processor.py:161} INFO - Started process (PID=39536) to work on /home/airflow/.local/lib/python3.12/site-packages/airflow/example_dags/example_xcom.py
[2026-06-01T11:35:52.931+0000] {processor.py:830} INFO - Processing file /home/airflow/.local/lib/python3.12/site-packages/airflow/example_dags/example_xcom.py for tasks to queue
[2026-06-01T11:35:52.933+0000] {logging_mixin.py:188} INFO - [2026-06-01T11:35:52.933+0000] {dagbag.py:540} INFO - Filling up the DagBag from /home/airflow/.local/lib/python3.12/site-packages/airflow/example_dags/example_xcom.py
[2026-06-01T11:35:52.940+0000] {processor.py:840} INFO - DAG(s) 'example_xcom' retrieved from /home/airflow/.local/lib/python3.12/site-packages/airflow/example_dags/example_xcom.py
[2026-06-01T11:35:52.956+0000] {logging_mixin.py:188} INFO - [2026-06-01T11:35:52.956+0000] {dag.py:3096} INFO - Sync 1 DAGs
[2026-06-01T11:35:52.972+0000] {logging_mixin.py:188} INFO - [2026-06-01T11:35:52.972+0000] {dag.py:3954} INFO - Setting next_dagrun for example_xcom to 2021-01-01 00:00:00+00:00, run_after=2021-01-01 00:00:00+00:00
[2026-06-01T11:35:52.987+0000] {processor.py:183} INFO - Processing /home/airflow/.local/lib/python3.12/site-packages/airflow/example_dags/example_xcom.py took 0.062 seconds
[2026-06-01T11:36:23.710+0000] {processor.py:161} INFO - Started process (PID=39595) to work on /home/airflow/.local/lib/python3.12/site-packages/airflow/example_dags/example_xcom.py
[2026-06-01T11:36:23.711+0000] {processor.py:830} INFO - Processing file /home/airflow/.local/lib/python3.12/site-packages/airflow/example_dags/example_xcom.py for tasks to queue
[2026-06-01T11:36:23.713+0000] {logging_mixin.py:188} INFO - [2026-06-01T11:36:23.713+0000] {dagbag.py:540} INFO - Filling up the DagBag from /home/airflow/.local/lib/python3.12/site-packages/airflow/example_dags/example_xcom.py
[2026-06-01T11:36:23.720+0000] {processor.py:840} INFO - DAG(s) 'example_xcom' retrieved from /home/airflow/.local/lib/python3.12/site-packages/airflow/example_dags/example_xcom.py
[2026-06-01T11:36:23.741+0000] {logging_mixin.py:188} INFO - [2026-06-01T11:36:23.741+0000] {dag.py:3096} INFO - Sync 1 DAGs
[2026-06-01T11:36:23.762+0000] {logging_mixin.py:188} INFO - [2026-06-01T11:36:23.762+0000] {dag.py:3954} INFO - Setting next_dagrun for example_xcom to 2021-01-01 00:00:00+00:00, run_after=2021-01-01 00:00:00+00:00
[2026-06-01T11:36:23.782+0000] {processor.py:183} INFO - Processing /home/airflow/.local/lib/python3.12/site-packages/airflow/example_dags/example_xcom.py took 0.077 seconds
[2026-06-01T11:36:54.679+0000] {processor.py:161} INFO - Started process (PID=39654) to work on /home/airflow/.local/lib/python3.12/site-packages/airflow/example_dags/example_xcom.py
[2026-06-01T11:36:54.680+0000] {processor.py:830} INFO - Processing file /home/airflow/.local/lib/python3.12/site-packages/airflow/example_dags/example_xcom.py for tasks to queue
[2026-06-01T11:36:54.682+0000] {logging_mixin.py:188} INFO - [2026-06-01T11:36:54.681+0000] {dagbag.py:540} INFO - Filling up the DagBag from /home/airflow/.local/lib/python3.12/site-packages/airflow/example_dags/example_xcom.py
[2026-06-01T11:36:54.688+0000] {processor.py:840} INFO - DAG(s) 'example_xcom' retrieved from /home/airflow/.local/lib/python3.12/site-packages/airflow/example_dags/example_xcom.py
[2026-06-01T11:36:54.704+0000] {logging_mixin.py:188} INFO - [2026-06-01T11:36:54.704+0000] {dag.py:3096} INFO - Sync 1 DAGs
[2026-06-01T11:36:54.722+0000] {logging_mixin.py:188} INFO - [2026-06-01T11:36:54.721+0000] {dag.py:3954} INFO - Setting next_dagrun for example_xcom to 2021-01-01 00:00:00+00:00, run_after=2021-01-01 00:00:00+00:00
[2026-06-01T11:36:54.736+0000] {processor.py:183} INFO - Processing /home/airflow/.local/lib/python3.12/site-packages/airflow/example_dags/example_xcom.py took 0.062 seconds
[2026-06-01T11:37:25.380+0000] {processor.py:161} INFO - Started process (PID=39713) to work on /home/airflow/.local/lib/python3.12/site-packages/airflow/example_dags/example_xcom.py
[2026-06-01T11:37:25.381+0000] {processor.py:830} INFO - Processing file /home/airflow/.local/lib/python3.12/site-packages/airflow/example_dags/example_xcom.py for tasks to queue
[2026-06-01T11:37:25.383+0000] {logging_mixin.py:188} INFO - [2026-06-01T11:37:25.382+0000] {dagbag.py:540} INFO - Filling up the DagBag from /home/airflow/.local/lib/python3.12/site-packages/airflow/example_dags/example_xcom.py
[2026-06-01T11:37:25.389+0000] {processor.py:840} INFO - DAG(s) 'example_xcom' retrieved from /home/airflow/.local/lib/python3.12/site-packages/airflow/example_dags/example_xcom.py
[2026-06-01T11:37:25.407+0000] {logging_mixin.py:188} INFO - [2026-06-01T11:37:25.407+0000] {dag.py:3096} INFO - Sync 1 DAGs
[2026-06-01T11:37:25.424+0000] {logging_mixin.py:188} INFO - [2026-06-01T11:37:25.424+0000] {dag.py:3954} INFO - Setting next_dagrun for example_xcom to 2021-01-01 00:00:00+00:00, run_after=2021-01-01 00:00:00+00:00
[2026-06-01T11:37:25.439+0000] {processor.py:183} INFO - Processing /home/airflow/.local/lib/python3.12/site-packages/airflow/example_dags/example_xcom.py took 0.065 seconds
[2026-06-01T11:37:56.257+0000] {processor.py:161} INFO - Started process (PID=39772) to work on /home/airflow/.local/lib/python3.12/site-packages/airflow/example_dags/example_xcom.py
[2026-06-01T11:37:56.258+0000] {processor.py:830} INFO - Processing file /home/airflow/.local/lib/python3.12/site-packages/airflow/example_dags/example_xcom.py for tasks to queue
[2026-06-01T11:37:56.260+0000] {logging_mixin.py:188} INFO - [2026-06-01T11:37:56.260+0000] {dagbag.py:540} INFO - Filling up the DagBag from /home/airflow/.local/lib/python3.12/site-packages/airflow/example_dags/example_xcom.py
[2026-06-01T11:37:56.268+0000] {processor.py:840} INFO - DAG(s) 'example_xcom' retrieved from /home/airflow/.local/lib/python3.12/site-packages/airflow/example_dags/example_xcom.py
[2026-06-01T11:37:56.284+0000] {logging_mixin.py:188} INFO - [2026-06-01T11:37:56.284+0000] {dag.py:3096} INFO - Sync 1 DAGs
[2026-06-01T11:37:56.301+0000] {logging_mixin.py:188} INFO - [2026-06-01T11:37:56.301+0000] {dag.py:3954} INFO - Setting next_dagrun for example_xcom to 2021-01-01 00:00:00+00:00, run_after=2021-01-01 00:00:00+00:00
[2026-06-01T11:37:56.315+0000] {processor.py:183} INFO - Processing /home/airflow/.local/lib/python3.12/site-packages/airflow/example_dags/example_xcom.py took 0.063 seconds
[2026-06-01T11:38:26.932+0000] {processor.py:161} INFO - Started process (PID=39831) to work on /home/airflow/.local/lib/python3.12/site-packages/airflow/example_dags/example_xcom.py
[2026-06-01T11:38:26.933+0000] {processor.py:830} INFO - Processing file /home/airflow/.local/lib/python3.12/site-packages/airflow/example_dags/example_xcom.py for tasks to queue
[2026-06-01T11:38:26.935+0000] {logging_mixin.py:188} INFO - [2026-06-01T11:38:26.934+0000] {dagbag.py:540} INFO - Filling up the DagBag from /home/airflow/.local/lib/python3.12/site-packages/airflow/example_dags/example_xcom.py
[2026-06-01T11:38:26.941+0000] {processor.py:840} INFO - DAG(s) 'example_xcom' retrieved from /home/airflow/.local/lib/python3.12/site-packages/airflow/example_dags/example_xcom.py
[2026-06-01T11:38:26.960+0000] {logging_mixin.py:188} INFO - [2026-06-01T11:38:26.959+0000] {dag.py:3096} INFO - Sync 1 DAGs
[2026-06-01T11:38:26.978+0000] {logging_mixin.py:188} INFO - [2026-06-01T11:38:26.978+0000] {dag.py:3954} INFO - Setting next_dagrun for example_xcom to 2021-01-01 00:00:00+00:00, run_after=2021-01-01 00:00:00+00:00
[2026-06-01T11:38:26.995+0000] {processor.py:183} INFO - Processing /home/airflow/.local/lib/python3.12/site-packages/airflow/example_dags/example_xcom.py took 0.069 seconds
[2026-06-01T11:38:57.841+0000] {processor.py:161} INFO - Started process (PID=39890) to work on /home/airflow/.local/lib/python3.12/site-packages/airflow/example_dags/example_xcom.py
[2026-06-01T11:38:57.842+0000] {processor.py:830} INFO - Processing file /home/airflow/.local/lib/python3.12/site-packages/airflow/example_dags/example_xcom.py for tasks to queue
[2026-06-01T11:38:57.844+0000] {logging_mixin.py:188} INFO - [2026-06-01T11:38:57.844+0000] {dagbag.py:540} INFO - Filling up the DagBag from /home/airflow/.local/lib/python3.12/site-packages/airflow/example_dags/example_xcom.py
[2026-06-01T11:38:57.851+0000] {processor.py:840} INFO - DAG(s) 'example_xcom' retrieved from /home/airflow/.local/lib/python3.12/site-packages/airflow/example_dags/example_xcom.py
[2026-06-01T11:38:57.868+0000] {logging_mixin.py:188} INFO - [2026-06-01T11:38:57.868+0000] {dag.py:3096} INFO - Sync 1 DAGs
[2026-06-01T11:38:57.884+0000] {logging_mixin.py:188} INFO - [2026-06-01T11:38:57.884+0000] {dag.py:3954} INFO - Setting next_dagrun for example_xcom to 2021-01-01 00:00:00+00:00, run_after=2021-01-01 00:00:00+00:00
[2026-06-01T11:38:57.900+0000] {processor.py:183} INFO - Processing /home/airflow/.local/lib/python3.12/site-packages/airflow/example_dags/example_xcom.py took 0.064 seconds
[2026-06-01T11:39:28.743+0000] {processor.py:161} INFO - Started process (PID=39949) to work on /home/airflow/.local/lib/python3.12/site-packages/airflow/example_dags/example_xcom.py
[2026-06-01T11:39:28.744+0000] {processor.py:830} INFO - Processing file /home/airflow/.local/lib/python3.12/site-packages/airflow/example_dags/example_xcom.py for tasks to queue
[2026-06-01T11:39:28.746+0000] {logging_mixin.py:188} INFO - [2026-06-01T11:39:28.746+0000] {dagbag.py:540} INFO - Filling up the DagBag from /home/airflow/.local/lib/python3.12/site-packages/airflow/example_dags/example_xcom.py
[2026-06-01T11:39:28.753+0000] {processor.py:840} INFO - DAG(s) 'example_xcom' retrieved from /home/airflow/.local/lib/python3.12/site-packages/airflow/example_dags/example_xcom.py
[2026-06-01T11:39:28.771+0000] {logging_mixin.py:188} INFO - [2026-06-01T11:39:28.771+0000] {dag.py:3096} INFO - Sync 1 DAGs
[2026-06-01T11:39:28.789+0000] {logging_mixin.py:188} INFO - [2026-06-01T11:39:28.789+0000] {dag.py:3954} INFO - Setting next_dagrun for example_xcom to 2021-01-01 00:00:00+00:00, run_after=2021-01-01 00:00:00+00:00
[2026-06-01T11:39:28.804+0000] {processor.py:183} INFO - Processing /home/airflow/.local/lib/python3.12/site-packages/airflow/example_dags/example_xcom.py took 0.066 seconds
[2026-06-01T11:39:59.731+0000] {processor.py:161} INFO - Started process (PID=40008) to work on /home/airflow/.local/lib/python3.12/site-packages/airflow/example_dags/example_xcom.py
[2026-06-01T11:39:59.732+0000] {processor.py:830} INFO - Processing file /home/airflow/.local/lib/python3.12/site-packages/airflow/example_dags/example_xcom.py for tasks to queue
[2026-06-01T11:39:59.734+0000] {logging_mixin.py:188} INFO - [2026-06-01T11:39:59.733+0000] {dagbag.py:540} INFO - Filling up the DagBag from /home/airflow/.local/lib/python3.12/site-packages/airflow/example_dags/example_xcom.py
[2026-06-01T11:39:59.741+0000] {processor.py:840} INFO - DAG(s) 'example_xcom' retrieved from /home/airflow/.local/lib/python3.12/site-packages/airflow/example_dags/example_xcom.py
[2026-06-01T11:39:59.757+0000] {logging_mixin.py:188} INFO - [2026-06-01T11:39:59.756+0000] {dag.py:3096} INFO - Sync 1 DAGs
[2026-06-01T11:39:59.773+0000] {logging_mixin.py:188} INFO - [2026-06-01T11:39:59.773+0000] {dag.py:3954} INFO - Setting next_dagrun for example_xcom to 2021-01-01 00:00:00+00:00, run_after=2021-01-01 00:00:00+00:00
[2026-06-01T11:39:59.787+0000] {processor.py:183} INFO - Processing /home/airflow/.local/lib/python3.12/site-packages/airflow/example_dags/example_xcom.py took 0.062 seconds
[2026-06-01T11:40:29.854+0000] {processor.py:161} INFO - Started process (PID=40067) to work on /home/airflow/.local/lib/python3.12/site-packages/airflow/example_dags/example_xcom.py
[2026-06-01T11:40:29.855+0000] {processor.py:830} INFO - Processing file /home/airflow/.local/lib/python3.12/site-packages/airflow/example_dags/example_xcom.py for tasks to queue
[2026-06-01T11:40:29.856+0000] {logging_mixin.py:188} INFO - [2026-06-01T11:40:29.856+0000] {dagbag.py:540} INFO - Filling up the DagBag from /home/airflow/.local/lib/python3.12/site-packages/airflow/example_dags/example_xcom.py
[2026-06-01T11:40:29.863+0000] {processor.py:840} INFO - DAG(s) 'example_xcom' retrieved from /home/airflow/.local/lib/python3.12/site-packages/airflow/example_dags/example_xcom.py
[2026-06-01T11:40:29.879+0000] {logging_mixin.py:188} INFO - [2026-06-01T11:40:29.879+0000] {dag.py:3096} INFO - Sync 1 DAGs
[2026-06-01T11:40:29.895+0000] {logging_mixin.py:188} INFO - [2026-06-01T11:40:29.895+0000] {dag.py:3954} INFO - Setting next_dagrun for example_xcom to 2021-01-01 00:00:00+00:00, run_after=2021-01-01 00:00:00+00:00
[2026-06-01T11:40:29.910+0000] {processor.py:183} INFO - Processing /home/airflow/.local/lib/python3.12/site-packages/airflow/example_dags/example_xcom.py took 0.061 seconds
[2026-06-01T11:41:00.480+0000] {processor.py:161} INFO - Started process (PID=40126) to work on /home/airflow/.local/lib/python3.12/site-packages/airflow/example_dags/example_xcom.py
[2026-06-01T11:41:00.483+0000] {processor.py:830} INFO - Processing file /home/airflow/.local/lib/python3.12/site-packages/airflow/example_dags/example_xcom.py for tasks to queue
[2026-06-01T11:41:00.487+0000] {logging_mixin.py:188} INFO - [2026-06-01T11:41:00.486+0000] {dagbag.py:540} INFO - Filling up the DagBag from /home/airflow/.local/lib/python3.12/site-packages/airflow/example_dags/example_xcom.py
[2026-06-01T11:41:00.502+0000] {processor.py:840} INFO - DAG(s) 'example_xcom' retrieved from /home/airflow/.local/lib/python3.12/site-packages/airflow/example_dags/example_xcom.py
[2026-06-01T11:41:00.530+0000] {logging_mixin.py:188} INFO - [2026-06-01T11:41:00.529+0000] {dag.py:3096} INFO - Sync 1 DAGs
[2026-06-01T11:41:00.553+0000] {logging_mixin.py:188} INFO - [2026-06-01T11:41:00.553+0000] {dag.py:3954} INFO - Setting next_dagrun for example_xcom to 2021-01-01 00:00:00+00:00, run_after=2021-01-01 00:00:00+00:00
[2026-06-01T11:41:00.578+0000] {processor.py:183} INFO - Processing /home/airflow/.local/lib/python3.12/site-packages/airflow/example_dags/example_xcom.py took 0.110 seconds
[2026-06-01T11:41:30.631+0000] {processor.py:161} INFO - Started process (PID=40185) to work on /home/airflow/.local/lib/python3.12/site-packages/airflow/example_dags/example_xcom.py
[2026-06-01T11:41:30.632+0000] {processor.py:830} INFO - Processing file /home/airflow/.local/lib/python3.12/site-packages/airflow/example_dags/example_xcom.py for tasks to queue
[2026-06-01T11:41:30.634+0000] {logging_mixin.py:188} INFO - [2026-06-01T11:41:30.634+0000] {dagbag.py:540} INFO - Filling up the DagBag from /home/airflow/.local/lib/python3.12/site-packages/airflow/example_dags/example_xcom.py
[2026-06-01T11:41:30.640+0000] {processor.py:840} INFO - DAG(s) 'example_xcom' retrieved from /home/airflow/.local/lib/python3.12/site-packages/airflow/example_dags/example_xcom.py
[2026-06-01T11:41:30.656+0000] {logging_mixin.py:188} INFO - [2026-06-01T11:41:30.656+0000] {dag.py:3096} INFO - Sync 1 DAGs
[2026-06-01T11:41:30.673+0000] {logging_mixin.py:188} INFO - [2026-06-01T11:41:30.673+0000] {dag.py:3954} INFO - Setting next_dagrun for example_xcom to 2021-01-01 00:00:00+00:00, run_after=2021-01-01 00:00:00+00:00
[2026-06-01T11:41:30.689+0000] {processor.py:183} INFO - Processing /home/airflow/.local/lib/python3.12/site-packages/airflow/example_dags/example_xcom.py took 0.062 seconds
[2026-06-01T11:42:01.490+0000] {processor.py:161} INFO - Started process (PID=40244) to work on /home/airflow/.local/lib/python3.12/site-packages/airflow/example_dags/example_xcom.py
[2026-06-01T11:42:01.491+0000] {processor.py:830} INFO - Processing file /home/airflow/.local/lib/python3.12/site-packages/airflow/example_dags/example_xcom.py for tasks to queue
[2026-06-01T11:42:01.493+0000] {logging_mixin.py:188} INFO - [2026-06-01T11:42:01.492+0000] {dagbag.py:540} INFO - Filling up the DagBag from /home/airflow/.local/lib/python3.12/site-packages/airflow/example_dags/example_xcom.py
[2026-06-01T11:42:01.500+0000] {processor.py:840} INFO - DAG(s) 'example_xcom' retrieved from /home/airflow/.local/lib/python3.12/site-packages/airflow/example_dags/example_xcom.py
[2026-06-01T11:42:01.518+0000] {logging_mixin.py:188} INFO - [2026-06-01T11:42:01.517+0000] {dag.py:3096} INFO - Sync 1 DAGs
[2026-06-01T11:42:01.536+0000] {logging_mixin.py:188} INFO - [2026-06-01T11:42:01.535+0000] {dag.py:3954} INFO - Setting next_dagrun for example_xcom to 2021-01-01 00:00:00+00:00, run_after=2021-01-01 00:00:00+00:00
[2026-06-01T11:42:01.557+0000] {processor.py:183} INFO - Processing /home/airflow/.local/lib/python3.12/site-packages/airflow/example_dags/example_xcom.py took 0.073 seconds
[2026-06-01T11:42:31.732+0000] {processor.py:161} INFO - Started process (PID=40303) to work on /home/airflow/.local/lib/python3.12/site-packages/airflow/example_dags/example_xcom.py
[2026-06-01T11:42:31.733+0000] {processor.py:830} INFO - Processing file /home/airflow/.local/lib/python3.12/site-packages/airflow/example_dags/example_xcom.py for tasks to queue
[2026-06-01T11:42:31.734+0000] {logging_mixin.py:188} INFO - [2026-06-01T11:42:31.734+0000] {dagbag.py:540} INFO - Filling up the DagBag from /home/airflow/.local/lib/python3.12/site-packages/airflow/example_dags/example_xcom.py
[2026-06-01T11:42:31.745+0000] {processor.py:840} INFO - DAG(s) 'example_xcom' retrieved from /home/airflow/.local/lib/python3.12/site-packages/airflow/example_dags/example_xcom.py
[2026-06-01T11:42:31.774+0000] {logging_mixin.py:188} INFO - [2026-06-01T11:42:31.774+0000] {dag.py:3096} INFO - Sync 1 DAGs
[2026-06-01T11:42:31.795+0000] {logging_mixin.py:188} INFO - [2026-06-01T11:42:31.795+0000] {dag.py:3954} INFO - Setting next_dagrun for example_xcom to 2021-01-01 00:00:00+00:00, run_after=2021-01-01 00:00:00+00:00
[2026-06-01T11:42:31.818+0000] {processor.py:183} INFO - Processing /home/airflow/.local/lib/python3.12/site-packages/airflow/example_dags/example_xcom.py took 0.092 seconds
[2026-06-01T11:43:02.014+0000] {processor.py:161} INFO - Started process (PID=40362) to work on /home/airflow/.local/lib/python3.12/site-packages/airflow/example_dags/example_xcom.py
[2026-06-01T11:43:02.015+0000] {processor.py:830} INFO - Processing file /home/airflow/.local/lib/python3.12/site-packages/airflow/example_dags/example_xcom.py for tasks to queue
[2026-06-01T11:43:02.017+0000] {logging_mixin.py:188} INFO - [2026-06-01T11:43:02.016+0000] {dagbag.py:540} INFO - Filling up the DagBag from /home/airflow/.local/lib/python3.12/site-packages/airflow/example_dags/example_xcom.py
[2026-06-01T11:43:02.024+0000] {processor.py:840} INFO - DAG(s) 'example_xcom' retrieved from /home/airflow/.local/lib/python3.12/site-packages/airflow/example_dags/example_xcom.py
[2026-06-01T11:43:02.046+0000] {logging_mixin.py:188} INFO - [2026-06-01T11:43:02.045+0000] {dag.py:3096} INFO - Sync 1 DAGs
[2026-06-01T11:43:02.068+0000] {logging_mixin.py:188} INFO - [2026-06-01T11:43:02.068+0000] {dag.py:3954} INFO - Setting next_dagrun for example_xcom to 2021-01-01 00:00:00+00:00, run_after=2021-01-01 00:00:00+00:00
[2026-06-01T11:43:02.084+0000] {processor.py:183} INFO - Processing /home/airflow/.local/lib/python3.12/site-packages/airflow/example_dags/example_xcom.py took 0.076 seconds
[2026-06-01T11:43:32.215+0000] {processor.py:161} INFO - Started process (PID=40421) to work on /home/airflow/.local/lib/python3.12/site-packages/airflow/example_dags/example_xcom.py
[2026-06-01T11:43:32.216+0000] {processor.py:830} INFO - Processing file /home/airflow/.local/lib/python3.12/site-packages/airflow/example_dags/example_xcom.py for tasks to queue
[2026-06-01T11:43:32.218+0000] {logging_mixin.py:188} INFO - [2026-06-01T11:43:32.218+0000] {dagbag.py:540} INFO - Filling up the DagBag from /home/airflow/.local/lib/python3.12/site-packages/airflow/example_dags/example_xcom.py
[2026-06-01T11:43:32.224+0000] {processor.py:840} INFO - DAG(s) 'example_xcom' retrieved from /home/airflow/.local/lib/python3.12/site-packages/airflow/example_dags/example_xcom.py
[2026-06-01T11:43:32.241+0000] {logging_mixin.py:188} INFO - [2026-06-01T11:43:32.240+0000] {dag.py:3096} INFO - Sync 1 DAGs
[2026-06-01T11:43:32.262+0000] {logging_mixin.py:188} INFO - [2026-06-01T11:43:32.261+0000] {dag.py:3954} INFO - Setting next_dagrun for example_xcom to 2021-01-01 00:00:00+00:00, run_after=2021-01-01 00:00:00+00:00
[2026-06-01T11:43:32.279+0000] {processor.py:183} INFO - Processing /home/airflow/.local/lib/python3.12/site-packages/airflow/example_dags/example_xcom.py took 0.068 seconds
[2026-06-01T11:44:02.545+0000] {processor.py:161} INFO - Started process (PID=40480) to work on /home/airflow/.local/lib/python3.12/site-packages/airflow/example_dags/example_xcom.py
[2026-06-01T11:44:02.546+0000] {processor.py:830} INFO - Processing file /home/airflow/.local/lib/python3.12/site-packages/airflow/example_dags/example_xcom.py for tasks to queue
[2026-06-01T11:44:02.547+0000] {logging_mixin.py:188} INFO - [2026-06-01T11:44:02.547+0000] {dagbag.py:540} INFO - Filling up the DagBag from /home/airflow/.local/lib/python3.12/site-packages/airflow/example_dags/example_xcom.py
[2026-06-01T11:44:02.554+0000] {processor.py:840} INFO - DAG(s) 'example_xcom' retrieved from /home/airflow/.local/lib/python3.12/site-packages/airflow/example_dags/example_xcom.py
[2026-06-01T11:44:02.570+0000] {logging_mixin.py:188} INFO - [2026-06-01T11:44:02.570+0000] {dag.py:3096} INFO - Sync 1 DAGs
[2026-06-01T11:44:02.587+0000] {logging_mixin.py:188} INFO - [2026-06-01T11:44:02.587+0000] {dag.py:3954} INFO - Setting next_dagrun for example_xcom to 2021-01-01 00:00:00+00:00, run_after=2021-01-01 00:00:00+00:00
[2026-06-01T11:44:02.604+0000] {processor.py:183} INFO - Processing /home/airflow/.local/lib/python3.12/site-packages/airflow/example_dags/example_xcom.py took 0.065 seconds
[2026-06-01T11:44:32.695+0000] {processor.py:161} INFO - Started process (PID=40539) to work on /home/airflow/.local/lib/python3.12/site-packages/airflow/example_dags/example_xcom.py
[2026-06-01T11:44:32.696+0000] {processor.py:830} INFO - Processing file /home/airflow/.local/lib/python3.12/site-packages/airflow/example_dags/example_xcom.py for tasks to queue
[2026-06-01T11:44:32.698+0000] {logging_mixin.py:188} INFO - [2026-06-01T11:44:32.698+0000] {dagbag.py:540} INFO - Filling up the DagBag from /home/airflow/.local/lib/python3.12/site-packages/airflow/example_dags/example_xcom.py
[2026-06-01T11:44:32.704+0000] {processor.py:840} INFO - DAG(s) 'example_xcom' retrieved from /home/airflow/.local/lib/python3.12/site-packages/airflow/example_dags/example_xcom.py
[2026-06-01T11:44:32.721+0000] {logging_mixin.py:188} INFO - [2026-06-01T11:44:32.721+0000] {dag.py:3096} INFO - Sync 1 DAGs
[2026-06-01T11:44:32.742+0000] {logging_mixin.py:188} INFO - [2026-06-01T11:44:32.742+0000] {dag.py:3954} INFO - Setting next_dagrun for example_xcom to 2021-01-01 00:00:00+00:00, run_after=2021-01-01 00:00:00+00:00
[2026-06-01T11:44:32.759+0000] {processor.py:183} INFO - Processing /home/airflow/.local/lib/python3.12/site-packages/airflow/example_dags/example_xcom.py took 0.070 seconds
[2026-06-01T11:45:03.107+0000] {processor.py:161} INFO - Started process (PID=40598) to work on /home/airflow/.local/lib/python3.12/site-packages/airflow/example_dags/example_xcom.py
[2026-06-01T11:45:03.108+0000] {processor.py:830} INFO - Processing file /home/airflow/.local/lib/python3.12/site-packages/airflow/example_dags/example_xcom.py for tasks to queue
[2026-06-01T11:45:03.110+0000] {logging_mixin.py:188} INFO - [2026-06-01T11:45:03.110+0000] {dagbag.py:540} INFO - Filling up the DagBag from /home/airflow/.local/lib/python3.12/site-packages/airflow/example_dags/example_xcom.py
[2026-06-01T11:45:03.121+0000] {processor.py:840} INFO - DAG(s) 'example_xcom' retrieved from /home/airflow/.local/lib/python3.12/site-packages/airflow/example_dags/example_xcom.py
[2026-06-01T11:45:03.144+0000] {logging_mixin.py:188} INFO - [2026-06-01T11:45:03.144+0000] {dag.py:3096} INFO - Sync 1 DAGs
[2026-06-01T11:45:03.167+0000] {logging_mixin.py:188} INFO - [2026-06-01T11:45:03.166+0000] {dag.py:3954} INFO - Setting next_dagrun for example_xcom to 2021-01-01 00:00:00+00:00, run_after=2021-01-01 00:00:00+00:00
[2026-06-01T11:45:03.189+0000] {processor.py:183} INFO - Processing /home/airflow/.local/lib/python3.12/site-packages/airflow/example_dags/example_xcom.py took 0.087 seconds
[2026-06-01T11:45:33.252+0000] {processor.py:161} INFO - Started process (PID=40657) to work on /home/airflow/.local/lib/python3.12/site-packages/airflow/example_dags/example_xcom.py
[2026-06-01T11:45:33.253+0000] {processor.py:830} INFO - Processing file /home/airflow/.local/lib/python3.12/site-packages/airflow/example_dags/example_xcom.py for tasks to queue
[2026-06-01T11:45:33.255+0000] {logging_mixin.py:188} INFO - [2026-06-01T11:45:33.254+0000] {dagbag.py:540} INFO - Filling up the DagBag from /home/airflow/.local/lib/python3.12/site-packages/airflow/example_dags/example_xcom.py
[2026-06-01T11:45:33.261+0000] {processor.py:840} INFO - DAG(s) 'example_xcom' retrieved from /home/airflow/.local/lib/python3.12/site-packages/airflow/example_dags/example_xcom.py
[2026-06-01T11:45:33.284+0000] {logging_mixin.py:188} INFO - [2026-06-01T11:45:33.284+0000] {dag.py:3096} INFO - Sync 1 DAGs
[2026-06-01T11:45:33.306+0000] {logging_mixin.py:188} INFO - [2026-06-01T11:45:33.306+0000] {dag.py:3954} INFO - Setting next_dagrun for example_xcom to 2021-01-01 00:00:00+00:00, run_after=2021-01-01 00:00:00+00:00
[2026-06-01T11:45:33.324+0000] {processor.py:183} INFO - Processing /home/airflow/.local/lib/python3.12/site-packages/airflow/example_dags/example_xcom.py took 0.078 seconds
[2026-06-01T11:46:03.371+0000] {processor.py:161} INFO - Started process (PID=40715) to work on /home/airflow/.local/lib/python3.12/site-packages/airflow/example_dags/example_xcom.py
[2026-06-01T11:46:03.372+0000] {processor.py:830} INFO - Processing file /home/airflow/.local/lib/python3.12/site-packages/airflow/example_dags/example_xcom.py for tasks to queue
[2026-06-01T11:46:03.374+0000] {logging_mixin.py:188} INFO - [2026-06-01T11:46:03.374+0000] {dagbag.py:540} INFO - Filling up the DagBag from /home/airflow/.local/lib/python3.12/site-packages/airflow/example_dags/example_xcom.py
[2026-06-01T11:46:03.381+0000] {processor.py:840} INFO - DAG(s) 'example_xcom' retrieved from /home/airflow/.local/lib/python3.12/site-packages/airflow/example_dags/example_xcom.py
[2026-06-01T11:46:03.398+0000] {logging_mixin.py:188} INFO - [2026-06-01T11:46:03.398+0000] {dag.py:3096} INFO - Sync 1 DAGs
[2026-06-01T11:46:03.416+0000] {logging_mixin.py:188} INFO - [2026-06-01T11:46:03.416+0000] {dag.py:3954} INFO - Setting next_dagrun for example_xcom to 2021-01-01 00:00:00+00:00, run_after=2021-01-01 00:00:00+00:00
[2026-06-01T11:46:03.431+0000] {processor.py:183} INFO - Processing /home/airflow/.local/lib/python3.12/site-packages/airflow/example_dags/example_xcom.py took 0.064 seconds
[2026-06-01T11:46:33.811+0000] {processor.py:161} INFO - Started process (PID=40775) to work on /home/airflow/.local/lib/python3.12/site-packages/airflow/example_dags/example_xcom.py
[2026-06-01T11:46:33.812+0000] {processor.py:830} INFO - Processing file /home/airflow/.local/lib/python3.12/site-packages/airflow/example_dags/example_xcom.py for tasks to queue
[2026-06-01T11:46:33.814+0000] {logging_mixin.py:188} INFO - [2026-06-01T11:46:33.814+0000] {dagbag.py:540} INFO - Filling up the DagBag from /home/airflow/.local/lib/python3.12/site-packages/airflow/example_dags/example_xcom.py
[2026-06-01T11:46:33.820+0000] {processor.py:840} INFO - DAG(s) 'example_xcom' retrieved from /home/airflow/.local/lib/python3.12/site-packages/airflow/example_dags/example_xcom.py
[2026-06-01T11:46:33.837+0000] {logging_mixin.py:188} INFO - [2026-06-01T11:46:33.837+0000] {dag.py:3096} INFO - Sync 1 DAGs
[2026-06-01T11:46:33.855+0000] {logging_mixin.py:188} INFO - [2026-06-01T11:46:33.855+0000] {dag.py:3954} INFO - Setting next_dagrun for example_xcom to 2021-01-01 00:00:00+00:00, run_after=2021-01-01 00:00:00+00:00
[2026-06-01T11:46:33.877+0000] {processor.py:183} INFO - Processing /home/airflow/.local/lib/python3.12/site-packages/airflow/example_dags/example_xcom.py took 0.070 seconds
[2026-06-01T11:47:03.989+0000] {processor.py:161} INFO - Started process (PID=40834) to work on /home/airflow/.local/lib/python3.12/site-packages/airflow/example_dags/example_xcom.py
[2026-06-01T11:47:03.990+0000] {processor.py:830} INFO - Processing file /home/airflow/.local/lib/python3.12/site-packages/airflow/example_dags/example_xcom.py for tasks to queue
[2026-06-01T11:47:03.992+0000] {logging_mixin.py:188} INFO - [2026-06-01T11:47:03.992+0000] {dagbag.py:540} INFO - Filling up the DagBag from /home/airflow/.local/lib/python3.12/site-packages/airflow/example_dags/example_xcom.py
[2026-06-01T11:47:03.998+0000] {processor.py:840} INFO - DAG(s) 'example_xcom' retrieved from /home/airflow/.local/lib/python3.12/site-packages/airflow/example_dags/example_xcom.py
[2026-06-01T11:47:04.015+0000] {logging_mixin.py:188} INFO - [2026-06-01T11:47:04.015+0000] {dag.py:3096} INFO - Sync 1 DAGs
[2026-06-01T11:47:04.035+0000] {logging_mixin.py:188} INFO - [2026-06-01T11:47:04.035+0000] {dag.py:3954} INFO - Setting next_dagrun for example_xcom to 2021-01-01 00:00:00+00:00, run_after=2021-01-01 00:00:00+00:00
[2026-06-01T11:47:04.050+0000] {processor.py:183} INFO - Processing /home/airflow/.local/lib/python3.12/site-packages/airflow/example_dags/example_xcom.py took 0.066 seconds
[2026-06-01T11:47:34.318+0000] {processor.py:161} INFO - Started process (PID=40893) to work on /home/airflow/.local/lib/python3.12/site-packages/airflow/example_dags/example_xcom.py
[2026-06-01T11:47:34.319+0000] {processor.py:830} INFO - Processing file /home/airflow/.local/lib/python3.12/site-packages/airflow/example_dags/example_xcom.py for tasks to queue
[2026-06-01T11:47:34.321+0000] {logging_mixin.py:188} INFO - [2026-06-01T11:47:34.321+0000] {dagbag.py:540} INFO - Filling up the DagBag from /home/airflow/.local/lib/python3.12/site-packages/airflow/example_dags/example_xcom.py
[2026-06-01T11:47:34.329+0000] {processor.py:840} INFO - DAG(s) 'example_xcom' retrieved from /home/airflow/.local/lib/python3.12/site-packages/airflow/example_dags/example_xcom.py
[2026-06-01T11:47:34.352+0000] {logging_mixin.py:188} INFO - [2026-06-01T11:47:34.352+0000] {dag.py:3096} INFO - Sync 1 DAGs
[2026-06-01T11:47:34.372+0000] {logging_mixin.py:188} INFO - [2026-06-01T11:47:34.371+0000] {dag.py:3954} INFO - Setting next_dagrun for example_xcom to 2021-01-01 00:00:00+00:00, run_after=2021-01-01 00:00:00+00:00
[2026-06-01T11:47:34.387+0000] {processor.py:183} INFO - Processing /home/airflow/.local/lib/python3.12/site-packages/airflow/example_dags/example_xcom.py took 0.076 seconds
[2026-06-01T11:48:04.477+0000] {processor.py:161} INFO - Started process (PID=40952) to work on /home/airflow/.local/lib/python3.12/site-packages/airflow/example_dags/example_xcom.py
[2026-06-01T11:48:04.478+0000] {processor.py:830} INFO - Processing file /home/airflow/.local/lib/python3.12/site-packages/airflow/example_dags/example_xcom.py for tasks to queue
[2026-06-01T11:48:04.480+0000] {logging_mixin.py:188} INFO - [2026-06-01T11:48:04.480+0000] {dagbag.py:540} INFO - Filling up the DagBag from /home/airflow/.local/lib/python3.12/site-packages/airflow/example_dags/example_xcom.py
[2026-06-01T11:48:04.488+0000] {processor.py:840} INFO - DAG(s) 'example_xcom' retrieved from /home/airflow/.local/lib/python3.12/site-packages/airflow/example_dags/example_xcom.py
[2026-06-01T11:48:04.506+0000] {logging_mixin.py:188} INFO - [2026-06-01T11:48:04.506+0000] {dag.py:3096} INFO - Sync 1 DAGs
[2026-06-01T11:48:04.526+0000] {logging_mixin.py:188} INFO - [2026-06-01T11:48:04.525+0000] {dag.py:3954} INFO - Setting next_dagrun for example_xcom to 2021-01-01 00:00:00+00:00, run_after=2021-01-01 00:00:00+00:00
[2026-06-01T11:48:04.542+0000] {processor.py:183} INFO - Processing /home/airflow/.local/lib/python3.12/site-packages/airflow/example_dags/example_xcom.py took 0.070 seconds
[2026-06-01T11:48:34.756+0000] {processor.py:161} INFO - Started process (PID=41011) to work on /home/airflow/.local/lib/python3.12/site-packages/airflow/example_dags/example_xcom.py
[2026-06-01T11:48:34.757+0000] {processor.py:830} INFO - Processing file /home/airflow/.local/lib/python3.12/site-packages/airflow/example_dags/example_xcom.py for tasks to queue
[2026-06-01T11:48:34.759+0000] {logging_mixin.py:188} INFO - [2026-06-01T11:48:34.759+0000] {dagbag.py:540} INFO - Filling up the DagBag from /home/airflow/.local/lib/python3.12/site-packages/airflow/example_dags/example_xcom.py
[2026-06-01T11:48:34.765+0000] {processor.py:840} INFO - DAG(s) 'example_xcom' retrieved from /home/airflow/.local/lib/python3.12/site-packages/airflow/example_dags/example_xcom.py
[2026-06-01T11:48:34.783+0000] {logging_mixin.py:188} INFO - [2026-06-01T11:48:34.782+0000] {dag.py:3096} INFO - Sync 1 DAGs
[2026-06-01T11:48:34.801+0000] {logging_mixin.py:188} INFO - [2026-06-01T11:48:34.800+0000] {dag.py:3954} INFO - Setting next_dagrun for example_xcom to 2021-01-01 00:00:00+00:00, run_after=2021-01-01 00:00:00+00:00
[2026-06-01T11:48:34.823+0000] {processor.py:183} INFO - Processing /home/airflow/.local/lib/python3.12/site-packages/airflow/example_dags/example_xcom.py took 0.073 seconds
[2026-06-01T11:49:04.979+0000] {processor.py:161} INFO - Started process (PID=41070) to work on /home/airflow/.local/lib/python3.12/site-packages/airflow/example_dags/example_xcom.py
[2026-06-01T11:49:04.981+0000] {processor.py:830} INFO - Processing file /home/airflow/.local/lib/python3.12/site-packages/airflow/example_dags/example_xcom.py for tasks to queue
[2026-06-01T11:49:04.984+0000] {logging_mixin.py:188} INFO - [2026-06-01T11:49:04.983+0000] {dagbag.py:540} INFO - Filling up the DagBag from /home/airflow/.local/lib/python3.12/site-packages/airflow/example_dags/example_xcom.py
[2026-06-01T11:49:04.993+0000] {processor.py:840} INFO - DAG(s) 'example_xcom' retrieved from /home/airflow/.local/lib/python3.12/site-packages/airflow/example_dags/example_xcom.py
[2026-06-01T11:49:05.016+0000] {logging_mixin.py:188} INFO - [2026-06-01T11:49:05.016+0000] {dag.py:3096} INFO - Sync 1 DAGs
[2026-06-01T11:49:05.038+0000] {logging_mixin.py:188} INFO - [2026-06-01T11:49:05.037+0000] {dag.py:3954} INFO - Setting next_dagrun for example_xcom to 2021-01-01 00:00:00+00:00, run_after=2021-01-01 00:00:00+00:00
[2026-06-01T11:49:05.054+0000] {processor.py:183} INFO - Processing /home/airflow/.local/lib/python3.12/site-packages/airflow/example_dags/example_xcom.py took 0.084 seconds
[2026-06-01T11:49:35.167+0000] {processor.py:161} INFO - Started process (PID=41129) to work on /home/airflow/.local/lib/python3.12/site-packages/airflow/example_dags/example_xcom.py
[2026-06-01T11:49:35.169+0000] {processor.py:830} INFO - Processing file /home/airflow/.local/lib/python3.12/site-packages/airflow/example_dags/example_xcom.py for tasks to queue
[2026-06-01T11:49:35.171+0000] {logging_mixin.py:188} INFO - [2026-06-01T11:49:35.171+0000] {dagbag.py:540} INFO - Filling up the DagBag from /home/airflow/.local/lib/python3.12/site-packages/airflow/example_dags/example_xcom.py
[2026-06-01T11:49:35.178+0000] {processor.py:840} INFO - DAG(s) 'example_xcom' retrieved from /home/airflow/.local/lib/python3.12/site-packages/airflow/example_dags/example_xcom.py
[2026-06-01T11:49:35.199+0000] {logging_mixin.py:188} INFO - [2026-06-01T11:49:35.199+0000] {dag.py:3096} INFO - Sync 1 DAGs
[2026-06-01T11:49:35.216+0000] {logging_mixin.py:188} INFO - [2026-06-01T11:49:35.216+0000] {dag.py:3954} INFO - Setting next_dagrun for example_xcom to 2021-01-01 00:00:00+00:00, run_after=2021-01-01 00:00:00+00:00
[2026-06-01T11:49:35.232+0000] {processor.py:183} INFO - Processing /home/airflow/.local/lib/python3.12/site-packages/airflow/example_dags/example_xcom.py took 0.070 seconds
[2026-06-01T11:50:05.412+0000] {processor.py:161} INFO - Started process (PID=41188) to work on /home/airflow/.local/lib/python3.12/site-packages/airflow/example_dags/example_xcom.py
[2026-06-01T11:50:05.413+0000] {processor.py:830} INFO - Processing file /home/airflow/.local/lib/python3.12/site-packages/airflow/example_dags/example_xcom.py for tasks to queue
[2026-06-01T11:50:05.415+0000] {logging_mixin.py:188} INFO - [2026-06-01T11:50:05.415+0000] {dagbag.py:540} INFO - Filling up the DagBag from /home/airflow/.local/lib/python3.12/site-packages/airflow/example_dags/example_xcom.py
[2026-06-01T11:50:05.423+0000] {processor.py:840} INFO - DAG(s) 'example_xcom' retrieved from /home/airflow/.local/lib/python3.12/site-packages/airflow/example_dags/example_xcom.py
[2026-06-01T11:50:05.445+0000] {logging_mixin.py:188} INFO - [2026-06-01T11:50:05.445+0000] {dag.py:3096} INFO - Sync 1 DAGs
[2026-06-01T11:50:05.462+0000] {logging_mixin.py:188} INFO - [2026-06-01T11:50:05.462+0000] {dag.py:3954} INFO - Setting next_dagrun for example_xcom to 2021-01-01 00:00:00+00:00, run_after=2021-01-01 00:00:00+00:00
[2026-06-01T11:50:05.478+0000] {processor.py:183} INFO - Processing /home/airflow/.local/lib/python3.12/site-packages/airflow/example_dags/example_xcom.py took 0.071 seconds
[2026-06-01T11:50:35.589+0000] {processor.py:161} INFO - Started process (PID=41247) to work on /home/airflow/.local/lib/python3.12/site-packages/airflow/example_dags/example_xcom.py
[2026-06-01T11:50:35.590+0000] {processor.py:830} INFO - Processing file /home/airflow/.local/lib/python3.12/site-packages/airflow/example_dags/example_xcom.py for tasks to queue
[2026-06-01T11:50:35.592+0000] {logging_mixin.py:188} INFO - [2026-06-01T11:50:35.592+0000] {dagbag.py:540} INFO - Filling up the DagBag from /home/airflow/.local/lib/python3.12/site-packages/airflow/example_dags/example_xcom.py
[2026-06-01T11:50:35.599+0000] {processor.py:840} INFO - DAG(s) 'example_xcom' retrieved from /home/airflow/.local/lib/python3.12/site-packages/airflow/example_dags/example_xcom.py
[2026-06-01T11:50:35.619+0000] {logging_mixin.py:188} INFO - [2026-06-01T11:50:35.619+0000] {dag.py:3096} INFO - Sync 1 DAGs
[2026-06-01T11:50:35.636+0000] {logging_mixin.py:188} INFO - [2026-06-01T11:50:35.636+0000] {dag.py:3954} INFO - Setting next_dagrun for example_xcom to 2021-01-01 00:00:00+00:00, run_after=2021-01-01 00:00:00+00:00
[2026-06-01T11:50:35.651+0000] {processor.py:183} INFO - Processing /home/airflow/.local/lib/python3.12/site-packages/airflow/example_dags/example_xcom.py took 0.067 seconds
[2026-06-01T11:51:05.777+0000] {processor.py:161} INFO - Started process (PID=41306) to work on /home/airflow/.local/lib/python3.12/site-packages/airflow/example_dags/example_xcom.py
[2026-06-01T11:51:05.779+0000] {processor.py:830} INFO - Processing file /home/airflow/.local/lib/python3.12/site-packages/airflow/example_dags/example_xcom.py for tasks to queue
[2026-06-01T11:51:05.781+0000] {logging_mixin.py:188} INFO - [2026-06-01T11:51:05.780+0000] {dagbag.py:540} INFO - Filling up the DagBag from /home/airflow/.local/lib/python3.12/site-packages/airflow/example_dags/example_xcom.py
[2026-06-01T11:51:05.787+0000] {processor.py:840} INFO - DAG(s) 'example_xcom' retrieved from /home/airflow/.local/lib/python3.12/site-packages/airflow/example_dags/example_xcom.py
[2026-06-01T11:51:05.804+0000] {logging_mixin.py:188} INFO - [2026-06-01T11:51:05.804+0000] {dag.py:3096} INFO - Sync 1 DAGs
[2026-06-01T11:51:05.822+0000] {logging_mixin.py:188} INFO - [2026-06-01T11:51:05.822+0000] {dag.py:3954} INFO - Setting next_dagrun for example_xcom to 2021-01-01 00:00:00+00:00, run_after=2021-01-01 00:00:00+00:00
[2026-06-01T11:51:05.836+0000] {processor.py:183} INFO - Processing /home/airflow/.local/lib/python3.12/site-packages/airflow/example_dags/example_xcom.py took 0.063 seconds
[2026-06-01T11:51:35.965+0000] {processor.py:161} INFO - Started process (PID=41365) to work on /home/airflow/.local/lib/python3.12/site-packages/airflow/example_dags/example_xcom.py
[2026-06-01T11:51:35.966+0000] {processor.py:830} INFO - Processing file /home/airflow/.local/lib/python3.12/site-packages/airflow/example_dags/example_xcom.py for tasks to queue
[2026-06-01T11:51:35.968+0000] {logging_mixin.py:188} INFO - [2026-06-01T11:51:35.968+0000] {dagbag.py:540} INFO - Filling up the DagBag from /home/airflow/.local/lib/python3.12/site-packages/airflow/example_dags/example_xcom.py
[2026-06-01T11:51:35.975+0000] {processor.py:840} INFO - DAG(s) 'example_xcom' retrieved from /home/airflow/.local/lib/python3.12/site-packages/airflow/example_dags/example_xcom.py
[2026-06-01T11:51:35.992+0000] {logging_mixin.py:188} INFO - [2026-06-01T11:51:35.992+0000] {dag.py:3096} INFO - Sync 1 DAGs
[2026-06-01T11:51:36.014+0000] {logging_mixin.py:188} INFO - [2026-06-01T11:51:36.013+0000] {dag.py:3954} INFO - Setting next_dagrun for example_xcom to 2021-01-01 00:00:00+00:00, run_after=2021-01-01 00:00:00+00:00
[2026-06-01T11:51:36.030+0000] {processor.py:183} INFO - Processing /home/airflow/.local/lib/python3.12/site-packages/airflow/example_dags/example_xcom.py took 0.070 seconds
[2026-06-01T11:52:06.566+0000] {processor.py:161} INFO - Started process (PID=41424) to work on /home/airflow/.local/lib/python3.12/site-packages/airflow/example_dags/example_xcom.py
[2026-06-01T11:52:06.567+0000] {processor.py:830} INFO - Processing file /home/airflow/.local/lib/python3.12/site-packages/airflow/example_dags/example_xcom.py for tasks to queue
[2026-06-01T11:52:06.570+0000] {logging_mixin.py:188} INFO - [2026-06-01T11:52:06.570+0000] {dagbag.py:540} INFO - Filling up the DagBag from /home/airflow/.local/lib/python3.12/site-packages/airflow/example_dags/example_xcom.py
[2026-06-01T11:52:06.577+0000] {processor.py:840} INFO - DAG(s) 'example_xcom' retrieved from /home/airflow/.local/lib/python3.12/site-packages/airflow/example_dags/example_xcom.py
[2026-06-01T11:52:06.594+0000] {logging_mixin.py:188} INFO - [2026-06-01T11:52:06.594+0000] {dag.py:3096} INFO - Sync 1 DAGs
[2026-06-01T11:52:06.611+0000] {logging_mixin.py:188} INFO - [2026-06-01T11:52:06.611+0000] {dag.py:3954} INFO - Setting next_dagrun for example_xcom to 2021-01-01 00:00:00+00:00, run_after=2021-01-01 00:00:00+00:00
[2026-06-01T11:52:06.626+0000] {processor.py:183} INFO - Processing /home/airflow/.local/lib/python3.12/site-packages/airflow/example_dags/example_xcom.py took 0.066 seconds
[2026-06-01T11:52:37.169+0000] {processor.py:161} INFO - Started process (PID=41483) to work on /home/airflow/.local/lib/python3.12/site-packages/airflow/example_dags/example_xcom.py
[2026-06-01T11:52:37.170+0000] {processor.py:830} INFO - Processing file /home/airflow/.local/lib/python3.12/site-packages/airflow/example_dags/example_xcom.py for tasks to queue
[2026-06-01T11:52:37.172+0000] {logging_mixin.py:188} INFO - [2026-06-01T11:52:37.172+0000] {dagbag.py:540} INFO - Filling up the DagBag from /home/airflow/.local/lib/python3.12/site-packages/airflow/example_dags/example_xcom.py
[2026-06-01T11:52:37.178+0000] {processor.py:840} INFO - DAG(s) 'example_xcom' retrieved from /home/airflow/.local/lib/python3.12/site-packages/airflow/example_dags/example_xcom.py
[2026-06-01T11:52:37.196+0000] {logging_mixin.py:188} INFO - [2026-06-01T11:52:37.196+0000] {dag.py:3096} INFO - Sync 1 DAGs
[2026-06-01T11:52:37.214+0000] {logging_mixin.py:188} INFO - [2026-06-01T11:52:37.214+0000] {dag.py:3954} INFO - Setting next_dagrun for example_xcom to 2021-01-01 00:00:00+00:00, run_after=2021-01-01 00:00:00+00:00
[2026-06-01T11:52:37.231+0000] {processor.py:183} INFO - Processing /home/airflow/.local/lib/python3.12/site-packages/airflow/example_dags/example_xcom.py took 0.067 seconds
[2026-06-01T11:53:07.385+0000] {processor.py:161} INFO - Started process (PID=41542) to work on /home/airflow/.local/lib/python3.12/site-packages/airflow/example_dags/example_xcom.py
[2026-06-01T11:53:07.386+0000] {processor.py:830} INFO - Processing file /home/airflow/.local/lib/python3.12/site-packages/airflow/example_dags/example_xcom.py for tasks to queue
[2026-06-01T11:53:07.388+0000] {logging_mixin.py:188} INFO - [2026-06-01T11:53:07.387+0000] {dagbag.py:540} INFO - Filling up the DagBag from /home/airflow/.local/lib/python3.12/site-packages/airflow/example_dags/example_xcom.py
[2026-06-01T11:53:07.395+0000] {processor.py:840} INFO - DAG(s) 'example_xcom' retrieved from /home/airflow/.local/lib/python3.12/site-packages/airflow/example_dags/example_xcom.py
[2026-06-01T11:53:07.413+0000] {logging_mixin.py:188} INFO - [2026-06-01T11:53:07.413+0000] {dag.py:3096} INFO - Sync 1 DAGs
[2026-06-01T11:53:07.431+0000] {logging_mixin.py:188} INFO - [2026-06-01T11:53:07.431+0000] {dag.py:3954} INFO - Setting next_dagrun for example_xcom to 2021-01-01 00:00:00+00:00, run_after=2021-01-01 00:00:00+00:00
[2026-06-01T11:53:07.446+0000] {processor.py:183} INFO - Processing /home/airflow/.local/lib/python3.12/site-packages/airflow/example_dags/example_xcom.py took 0.066 seconds
[2026-06-01T11:53:37.682+0000] {processor.py:161} INFO - Started process (PID=41601) to work on /home/airflow/.local/lib/python3.12/site-packages/airflow/example_dags/example_xcom.py
[2026-06-01T11:53:37.683+0000] {processor.py:830} INFO - Processing file /home/airflow/.local/lib/python3.12/site-packages/airflow/example_dags/example_xcom.py for tasks to queue
[2026-06-01T11:53:37.685+0000] {logging_mixin.py:188} INFO - [2026-06-01T11:53:37.685+0000] {dagbag.py:540} INFO - Filling up the DagBag from /home/airflow/.local/lib/python3.12/site-packages/airflow/example_dags/example_xcom.py
[2026-06-01T11:53:37.691+0000] {processor.py:840} INFO - DAG(s) 'example_xcom' retrieved from /home/airflow/.local/lib/python3.12/site-packages/airflow/example_dags/example_xcom.py
[2026-06-01T11:53:37.710+0000] {logging_mixin.py:188} INFO - [2026-06-01T11:53:37.710+0000] {dag.py:3096} INFO - Sync 1 DAGs
[2026-06-01T11:53:37.728+0000] {logging_mixin.py:188} INFO - [2026-06-01T11:53:37.728+0000] {dag.py:3954} INFO - Setting next_dagrun for example_xcom to 2021-01-01 00:00:00+00:00, run_after=2021-01-01 00:00:00+00:00
[2026-06-01T11:53:37.745+0000] {processor.py:183} INFO - Processing /home/airflow/.local/lib/python3.12/site-packages/airflow/example_dags/example_xcom.py took 0.070 seconds
[2026-06-01T11:54:08.145+0000] {processor.py:161} INFO - Started process (PID=41660) to work on /home/airflow/.local/lib/python3.12/site-packages/airflow/example_dags/example_xcom.py
[2026-06-01T11:54:08.146+0000] {processor.py:830} INFO - Processing file /home/airflow/.local/lib/python3.12/site-packages/airflow/example_dags/example_xcom.py for tasks to queue
[2026-06-01T11:54:08.148+0000] {logging_mixin.py:188} INFO - [2026-06-01T11:54:08.148+0000] {dagbag.py:540} INFO - Filling up the DagBag from /home/airflow/.local/lib/python3.12/site-packages/airflow/example_dags/example_xcom.py
[2026-06-01T11:54:08.156+0000] {processor.py:840} INFO - DAG(s) 'example_xcom' retrieved from /home/airflow/.local/lib/python3.12/site-packages/airflow/example_dags/example_xcom.py
[2026-06-01T11:54:08.178+0000] {logging_mixin.py:188} INFO - [2026-06-01T11:54:08.178+0000] {dag.py:3096} INFO - Sync 1 DAGs
[2026-06-01T11:54:08.199+0000] {logging_mixin.py:188} INFO - [2026-06-01T11:54:08.199+0000] {dag.py:3954} INFO - Setting next_dagrun for example_xcom to 2021-01-01 00:00:00+00:00, run_after=2021-01-01 00:00:00+00:00
[2026-06-01T11:54:08.218+0000] {processor.py:183} INFO - Processing /home/airflow/.local/lib/python3.12/site-packages/airflow/example_dags/example_xcom.py took 0.078 seconds
[2026-06-01T11:54:38.360+0000] {processor.py:161} INFO - Started process (PID=41719) to work on /home/airflow/.local/lib/python3.12/site-packages/airflow/example_dags/example_xcom.py
[2026-06-01T11:54:38.361+0000] {processor.py:830} INFO - Processing file /home/airflow/.local/lib/python3.12/site-packages/airflow/example_dags/example_xcom.py for tasks to queue
[2026-06-01T11:54:38.363+0000] {logging_mixin.py:188} INFO - [2026-06-01T11:54:38.363+0000] {dagbag.py:540} INFO - Filling up the DagBag from /home/airflow/.local/lib/python3.12/site-packages/airflow/example_dags/example_xcom.py
[2026-06-01T11:54:38.370+0000] {processor.py:840} INFO - DAG(s) 'example_xcom' retrieved from /home/airflow/.local/lib/python3.12/site-packages/airflow/example_dags/example_xcom.py
[2026-06-01T11:54:38.390+0000] {logging_mixin.py:188} INFO - [2026-06-01T11:54:38.390+0000] {dag.py:3096} INFO - Sync 1 DAGs
[2026-06-01T11:54:38.410+0000] {logging_mixin.py:188} INFO - [2026-06-01T11:54:38.410+0000] {dag.py:3954} INFO - Setting next_dagrun for example_xcom to 2021-01-01 00:00:00+00:00, run_after=2021-01-01 00:00:00+00:00
[2026-06-01T11:54:38.429+0000] {processor.py:183} INFO - Processing /home/airflow/.local/lib/python3.12/site-packages/airflow/example_dags/example_xcom.py took 0.076 seconds
[2026-06-01T11:55:09.050+0000] {processor.py:161} INFO - Started process (PID=41778) to work on /home/airflow/.local/lib/python3.12/site-packages/airflow/example_dags/example_xcom.py
[2026-06-01T11:55:09.051+0000] {processor.py:830} INFO - Processing file /home/airflow/.local/lib/python3.12/site-packages/airflow/example_dags/example_xcom.py for tasks to queue
[2026-06-01T11:55:09.053+0000] {logging_mixin.py:188} INFO - [2026-06-01T11:55:09.053+0000] {dagbag.py:540} INFO - Filling up the DagBag from /home/airflow/.local/lib/python3.12/site-packages/airflow/example_dags/example_xcom.py
[2026-06-01T11:55:09.061+0000] {processor.py:840} INFO - DAG(s) 'example_xcom' retrieved from /home/airflow/.local/lib/python3.12/site-packages/airflow/example_dags/example_xcom.py
[2026-06-01T11:55:09.087+0000] {logging_mixin.py:188} INFO - [2026-06-01T11:55:09.087+0000] {dag.py:3096} INFO - Sync 1 DAGs
[2026-06-01T11:55:09.113+0000] {logging_mixin.py:188} INFO - [2026-06-01T11:55:09.112+0000] {dag.py:3954} INFO - Setting next_dagrun for example_xcom to 2021-01-01 00:00:00+00:00, run_after=2021-01-01 00:00:00+00:00
[2026-06-01T11:55:09.132+0000] {processor.py:183} INFO - Processing /home/airflow/.local/lib/python3.12/site-packages/airflow/example_dags/example_xcom.py took 0.089 seconds
[2026-06-01T11:55:39.908+0000] {processor.py:161} INFO - Started process (PID=41837) to work on /home/airflow/.local/lib/python3.12/site-packages/airflow/example_dags/example_xcom.py
[2026-06-01T11:55:39.910+0000] {processor.py:830} INFO - Processing file /home/airflow/.local/lib/python3.12/site-packages/airflow/example_dags/example_xcom.py for tasks to queue
[2026-06-01T11:55:39.913+0000] {logging_mixin.py:188} INFO - [2026-06-01T11:55:39.912+0000] {dagbag.py:540} INFO - Filling up the DagBag from /home/airflow/.local/lib/python3.12/site-packages/airflow/example_dags/example_xcom.py
[2026-06-01T11:55:39.923+0000] {processor.py:840} INFO - DAG(s) 'example_xcom' retrieved from /home/airflow/.local/lib/python3.12/site-packages/airflow/example_dags/example_xcom.py
[2026-06-01T11:55:39.952+0000] {logging_mixin.py:188} INFO - [2026-06-01T11:55:39.951+0000] {dag.py:3096} INFO - Sync 1 DAGs
[2026-06-01T11:55:39.975+0000] {logging_mixin.py:188} INFO - [2026-06-01T11:55:39.975+0000] {dag.py:3954} INFO - Setting next_dagrun for example_xcom to 2021-01-01 00:00:00+00:00, run_after=2021-01-01 00:00:00+00:00
[2026-06-01T11:55:40.005+0000] {processor.py:183} INFO - Processing /home/airflow/.local/lib/python3.12/site-packages/airflow/example_dags/example_xcom.py took 0.105 seconds
[2026-06-01T11:56:10.221+0000] {processor.py:161} INFO - Started process (PID=41896) to work on /home/airflow/.local/lib/python3.12/site-packages/airflow/example_dags/example_xcom.py
[2026-06-01T11:56:10.222+0000] {processor.py:830} INFO - Processing file /home/airflow/.local/lib/python3.12/site-packages/airflow/example_dags/example_xcom.py for tasks to queue
[2026-06-01T11:56:10.224+0000] {logging_mixin.py:188} INFO - [2026-06-01T11:56:10.224+0000] {dagbag.py:540} INFO - Filling up the DagBag from /home/airflow/.local/lib/python3.12/site-packages/airflow/example_dags/example_xcom.py
[2026-06-01T11:56:10.231+0000] {processor.py:840} INFO - DAG(s) 'example_xcom' retrieved from /home/airflow/.local/lib/python3.12/site-packages/airflow/example_dags/example_xcom.py
[2026-06-01T11:56:10.249+0000] {logging_mixin.py:188} INFO - [2026-06-01T11:56:10.249+0000] {dag.py:3096} INFO - Sync 1 DAGs
[2026-06-01T11:56:10.266+0000] {logging_mixin.py:188} INFO - [2026-06-01T11:56:10.266+0000] {dag.py:3954} INFO - Setting next_dagrun for example_xcom to 2021-01-01 00:00:00+00:00, run_after=2021-01-01 00:00:00+00:00
[2026-06-01T11:56:10.283+0000] {processor.py:183} INFO - Processing /home/airflow/.local/lib/python3.12/site-packages/airflow/example_dags/example_xcom.py took 0.067 seconds
[2026-06-01T11:56:40.994+0000] {processor.py:161} INFO - Started process (PID=41955) to work on /home/airflow/.local/lib/python3.12/site-packages/airflow/example_dags/example_xcom.py
[2026-06-01T11:56:40.995+0000] {processor.py:830} INFO - Processing file /home/airflow/.local/lib/python3.12/site-packages/airflow/example_dags/example_xcom.py for tasks to queue
[2026-06-01T11:56:40.998+0000] {logging_mixin.py:188} INFO - [2026-06-01T11:56:40.997+0000] {dagbag.py:540} INFO - Filling up the DagBag from /home/airflow/.local/lib/python3.12/site-packages/airflow/example_dags/example_xcom.py
[2026-06-01T11:56:41.004+0000] {processor.py:840} INFO - DAG(s) 'example_xcom' retrieved from /home/airflow/.local/lib/python3.12/site-packages/airflow/example_dags/example_xcom.py
[2026-06-01T11:56:41.025+0000] {logging_mixin.py:188} INFO - [2026-06-01T11:56:41.025+0000] {dag.py:3096} INFO - Sync 1 DAGs
[2026-06-01T11:56:41.163+0000] {logging_mixin.py:188} INFO - [2026-06-01T11:56:41.163+0000] {dag.py:3954} INFO - Setting next_dagrun for example_xcom to 2021-01-01 00:00:00+00:00, run_after=2021-01-01 00:00:00+00:00
[2026-06-01T11:56:41.177+0000] {processor.py:183} INFO - Processing /home/airflow/.local/lib/python3.12/site-packages/airflow/example_dags/example_xcom.py took 0.188 seconds
[2026-06-01T11:57:11.753+0000] {processor.py:161} INFO - Started process (PID=42014) to work on /home/airflow/.local/lib/python3.12/site-packages/airflow/example_dags/example_xcom.py
[2026-06-01T11:57:11.754+0000] {processor.py:830} INFO - Processing file /home/airflow/.local/lib/python3.12/site-packages/airflow/example_dags/example_xcom.py for tasks to queue
[2026-06-01T11:57:11.757+0000] {logging_mixin.py:188} INFO - [2026-06-01T11:57:11.756+0000] {dagbag.py:540} INFO - Filling up the DagBag from /home/airflow/.local/lib/python3.12/site-packages/airflow/example_dags/example_xcom.py
[2026-06-01T11:57:11.763+0000] {processor.py:840} INFO - DAG(s) 'example_xcom' retrieved from /home/airflow/.local/lib/python3.12/site-packages/airflow/example_dags/example_xcom.py
[2026-06-01T11:57:11.785+0000] {logging_mixin.py:188} INFO - [2026-06-01T11:57:11.785+0000] {dag.py:3096} INFO - Sync 1 DAGs
[2026-06-01T11:57:11.943+0000] {logging_mixin.py:188} INFO - [2026-06-01T11:57:11.942+0000] {dag.py:3954} INFO - Setting next_dagrun for example_xcom to 2021-01-01 00:00:00+00:00, run_after=2021-01-01 00:00:00+00:00
[2026-06-01T11:57:11.963+0000] {processor.py:183} INFO - Processing /home/airflow/.local/lib/python3.12/site-packages/airflow/example_dags/example_xcom.py took 0.215 seconds
[2026-06-01T11:57:42.215+0000] {processor.py:161} INFO - Started process (PID=42073) to work on /home/airflow/.local/lib/python3.12/site-packages/airflow/example_dags/example_xcom.py
[2026-06-01T11:57:42.217+0000] {processor.py:830} INFO - Processing file /home/airflow/.local/lib/python3.12/site-packages/airflow/example_dags/example_xcom.py for tasks to queue
[2026-06-01T11:57:42.218+0000] {logging_mixin.py:188} INFO - [2026-06-01T11:57:42.218+0000] {dagbag.py:540} INFO - Filling up the DagBag from /home/airflow/.local/lib/python3.12/site-packages/airflow/example_dags/example_xcom.py
[2026-06-01T11:57:42.225+0000] {processor.py:840} INFO - DAG(s) 'example_xcom' retrieved from /home/airflow/.local/lib/python3.12/site-packages/airflow/example_dags/example_xcom.py
[2026-06-01T11:57:42.245+0000] {logging_mixin.py:188} INFO - [2026-06-01T11:57:42.245+0000] {dag.py:3096} INFO - Sync 1 DAGs
[2026-06-01T11:57:42.270+0000] {logging_mixin.py:188} INFO - [2026-06-01T11:57:42.270+0000] {dag.py:3954} INFO - Setting next_dagrun for example_xcom to 2021-01-01 00:00:00+00:00, run_after=2021-01-01 00:00:00+00:00
[2026-06-01T11:57:42.288+0000] {processor.py:183} INFO - Processing /home/airflow/.local/lib/python3.12/site-packages/airflow/example_dags/example_xcom.py took 0.078 seconds
[2026-06-01T11:58:12.649+0000] {processor.py:161} INFO - Started process (PID=42132) to work on /home/airflow/.local/lib/python3.12/site-packages/airflow/example_dags/example_xcom.py
[2026-06-01T11:58:12.651+0000] {processor.py:830} INFO - Processing file /home/airflow/.local/lib/python3.12/site-packages/airflow/example_dags/example_xcom.py for tasks to queue
[2026-06-01T11:58:12.653+0000] {logging_mixin.py:188} INFO - [2026-06-01T11:58:12.652+0000] {dagbag.py:540} INFO - Filling up the DagBag from /home/airflow/.local/lib/python3.12/site-packages/airflow/example_dags/example_xcom.py
[2026-06-01T11:58:12.659+0000] {processor.py:840} INFO - DAG(s) 'example_xcom' retrieved from /home/airflow/.local/lib/python3.12/site-packages/airflow/example_dags/example_xcom.py
[2026-06-01T11:58:12.677+0000] {logging_mixin.py:188} INFO - [2026-06-01T11:58:12.677+0000] {dag.py:3096} INFO - Sync 1 DAGs
[2026-06-01T11:58:12.694+0000] {logging_mixin.py:188} INFO - [2026-06-01T11:58:12.694+0000] {dag.py:3954} INFO - Setting next_dagrun for example_xcom to 2021-01-01 00:00:00+00:00, run_after=2021-01-01 00:00:00+00:00
[2026-06-01T11:58:12.709+0000] {processor.py:183} INFO - Processing /home/airflow/.local/lib/python3.12/site-packages/airflow/example_dags/example_xcom.py took 0.065 seconds
[2026-06-01T11:58:43.005+0000] {processor.py:161} INFO - Started process (PID=42191) to work on /home/airflow/.local/lib/python3.12/site-packages/airflow/example_dags/example_xcom.py
[2026-06-01T11:58:43.007+0000] {processor.py:830} INFO - Processing file /home/airflow/.local/lib/python3.12/site-packages/airflow/example_dags/example_xcom.py for tasks to queue
[2026-06-01T11:58:43.010+0000] {logging_mixin.py:188} INFO - [2026-06-01T11:58:43.010+0000] {dagbag.py:540} INFO - Filling up the DagBag from /home/airflow/.local/lib/python3.12/site-packages/airflow/example_dags/example_xcom.py
[2026-06-01T11:58:43.017+0000] {processor.py:840} INFO - DAG(s) 'example_xcom' retrieved from /home/airflow/.local/lib/python3.12/site-packages/airflow/example_dags/example_xcom.py
[2026-06-01T11:58:43.039+0000] {logging_mixin.py:188} INFO - [2026-06-01T11:58:43.039+0000] {dag.py:3096} INFO - Sync 1 DAGs
[2026-06-01T11:58:43.060+0000] {logging_mixin.py:188} INFO - [2026-06-01T11:58:43.059+0000] {dag.py:3954} INFO - Setting next_dagrun for example_xcom to 2021-01-01 00:00:00+00:00, run_after=2021-01-01 00:00:00+00:00
[2026-06-01T11:58:43.079+0000] {processor.py:183} INFO - Processing /home/airflow/.local/lib/python3.12/site-packages/airflow/example_dags/example_xcom.py took 0.081 seconds
[2026-06-01T11:59:13.840+0000] {processor.py:161} INFO - Started process (PID=42250) to work on /home/airflow/.local/lib/python3.12/site-packages/airflow/example_dags/example_xcom.py
[2026-06-01T11:59:13.841+0000] {processor.py:830} INFO - Processing file /home/airflow/.local/lib/python3.12/site-packages/airflow/example_dags/example_xcom.py for tasks to queue
[2026-06-01T11:59:13.843+0000] {logging_mixin.py:188} INFO - [2026-06-01T11:59:13.843+0000] {dagbag.py:540} INFO - Filling up the DagBag from /home/airflow/.local/lib/python3.12/site-packages/airflow/example_dags/example_xcom.py
[2026-06-01T11:59:13.850+0000] {processor.py:840} INFO - DAG(s) 'example_xcom' retrieved from /home/airflow/.local/lib/python3.12/site-packages/airflow/example_dags/example_xcom.py
[2026-06-01T11:59:13.871+0000] {logging_mixin.py:188} INFO - [2026-06-01T11:59:13.871+0000] {dag.py:3096} INFO - Sync 1 DAGs
[2026-06-01T11:59:13.890+0000] {logging_mixin.py:188} INFO - [2026-06-01T11:59:13.890+0000] {dag.py:3954} INFO - Setting next_dagrun for example_xcom to 2021-01-01 00:00:00+00:00, run_after=2021-01-01 00:00:00+00:00
[2026-06-01T11:59:13.908+0000] {processor.py:183} INFO - Processing /home/airflow/.local/lib/python3.12/site-packages/airflow/example_dags/example_xcom.py took 0.073 seconds
[2026-06-01T11:59:44.492+0000] {processor.py:161} INFO - Started process (PID=42309) to work on /home/airflow/.local/lib/python3.12/site-packages/airflow/example_dags/example_xcom.py
[2026-06-01T11:59:44.494+0000] {processor.py:830} INFO - Processing file /home/airflow/.local/lib/python3.12/site-packages/airflow/example_dags/example_xcom.py for tasks to queue
[2026-06-01T11:59:44.496+0000] {logging_mixin.py:188} INFO - [2026-06-01T11:59:44.495+0000] {dagbag.py:540} INFO - Filling up the DagBag from /home/airflow/.local/lib/python3.12/site-packages/airflow/example_dags/example_xcom.py
[2026-06-01T11:59:44.503+0000] {processor.py:840} INFO - DAG(s) 'example_xcom' retrieved from /home/airflow/.local/lib/python3.12/site-packages/airflow/example_dags/example_xcom.py
[2026-06-01T11:59:44.522+0000] {logging_mixin.py:188} INFO - [2026-06-01T11:59:44.522+0000] {dag.py:3096} INFO - Sync 1 DAGs
[2026-06-01T11:59:44.548+0000] {logging_mixin.py:188} INFO - [2026-06-01T11:59:44.547+0000] {dag.py:3954} INFO - Setting next_dagrun for example_xcom to 2021-01-01 00:00:00+00:00, run_after=2021-01-01 00:00:00+00:00
[2026-06-01T11:59:44.572+0000] {processor.py:183} INFO - Processing /home/airflow/.local/lib/python3.12/site-packages/airflow/example_dags/example_xcom.py took 0.086 seconds
[2026-06-01T12:00:14.729+0000] {processor.py:161} INFO - Started process (PID=42368) to work on /home/airflow/.local/lib/python3.12/site-packages/airflow/example_dags/example_xcom.py
[2026-06-01T12:00:14.730+0000] {processor.py:830} INFO - Processing file /home/airflow/.local/lib/python3.12/site-packages/airflow/example_dags/example_xcom.py for tasks to queue
[2026-06-01T12:00:14.734+0000] {logging_mixin.py:188} INFO - [2026-06-01T12:00:14.733+0000] {dagbag.py:540} INFO - Filling up the DagBag from /home/airflow/.local/lib/python3.12/site-packages/airflow/example_dags/example_xcom.py
[2026-06-01T12:00:14.744+0000] {processor.py:840} INFO - DAG(s) 'example_xcom' retrieved from /home/airflow/.local/lib/python3.12/site-packages/airflow/example_dags/example_xcom.py
[2026-06-01T12:00:14.764+0000] {logging_mixin.py:188} INFO - [2026-06-01T12:00:14.764+0000] {dag.py:3096} INFO - Sync 1 DAGs
[2026-06-01T12:00:14.785+0000] {logging_mixin.py:188} INFO - [2026-06-01T12:00:14.785+0000] {dag.py:3954} INFO - Setting next_dagrun for example_xcom to 2021-01-01 00:00:00+00:00, run_after=2021-01-01 00:00:00+00:00
[2026-06-01T12:00:14.801+0000] {processor.py:183} INFO - Processing /home/airflow/.local/lib/python3.12/site-packages/airflow/example_dags/example_xcom.py took 0.080 seconds
[2026-06-01T12:00:44.951+0000] {processor.py:161} INFO - Started process (PID=42427) to work on /home/airflow/.local/lib/python3.12/site-packages/airflow/example_dags/example_xcom.py
[2026-06-01T12:00:44.953+0000] {processor.py:830} INFO - Processing file /home/airflow/.local/lib/python3.12/site-packages/airflow/example_dags/example_xcom.py for tasks to queue
[2026-06-01T12:00:44.954+0000] {logging_mixin.py:188} INFO - [2026-06-01T12:00:44.954+0000] {dagbag.py:540} INFO - Filling up the DagBag from /home/airflow/.local/lib/python3.12/site-packages/airflow/example_dags/example_xcom.py
[2026-06-01T12:00:44.961+0000] {processor.py:840} INFO - DAG(s) 'example_xcom' retrieved from /home/airflow/.local/lib/python3.12/site-packages/airflow/example_dags/example_xcom.py
[2026-06-01T12:00:44.978+0000] {logging_mixin.py:188} INFO - [2026-06-01T12:00:44.978+0000] {dag.py:3096} INFO - Sync 1 DAGs
[2026-06-01T12:00:44.997+0000] {logging_mixin.py:188} INFO - [2026-06-01T12:00:44.996+0000] {dag.py:3954} INFO - Setting next_dagrun for example_xcom to 2021-01-01 00:00:00+00:00, run_after=2021-01-01 00:00:00+00:00
[2026-06-01T12:00:45.015+0000] {processor.py:183} INFO - Processing /home/airflow/.local/lib/python3.12/site-packages/airflow/example_dags/example_xcom.py took 0.069 seconds
[2026-06-01T12:01:15.119+0000] {processor.py:161} INFO - Started process (PID=42486) to work on /home/airflow/.local/lib/python3.12/site-packages/airflow/example_dags/example_xcom.py
[2026-06-01T12:01:15.121+0000] {processor.py:830} INFO - Processing file /home/airflow/.local/lib/python3.12/site-packages/airflow/example_dags/example_xcom.py for tasks to queue
[2026-06-01T12:01:15.122+0000] {logging_mixin.py:188} INFO - [2026-06-01T12:01:15.122+0000] {dagbag.py:540} INFO - Filling up the DagBag from /home/airflow/.local/lib/python3.12/site-packages/airflow/example_dags/example_xcom.py
[2026-06-01T12:01:15.129+0000] {processor.py:840} INFO - DAG(s) 'example_xcom' retrieved from /home/airflow/.local/lib/python3.12/site-packages/airflow/example_dags/example_xcom.py
[2026-06-01T12:01:15.146+0000] {logging_mixin.py:188} INFO - [2026-06-01T12:01:15.145+0000] {dag.py:3096} INFO - Sync 1 DAGs
[2026-06-01T12:01:15.164+0000] {logging_mixin.py:188} INFO - [2026-06-01T12:01:15.164+0000] {dag.py:3954} INFO - Setting next_dagrun for example_xcom to 2021-01-01 00:00:00+00:00, run_after=2021-01-01 00:00:00+00:00
[2026-06-01T12:01:15.180+0000] {processor.py:183} INFO - Processing /home/airflow/.local/lib/python3.12/site-packages/airflow/example_dags/example_xcom.py took 0.066 seconds
[2026-06-01T12:01:46.014+0000] {processor.py:161} INFO - Started process (PID=42545) to work on /home/airflow/.local/lib/python3.12/site-packages/airflow/example_dags/example_xcom.py
[2026-06-01T12:01:46.015+0000] {processor.py:830} INFO - Processing file /home/airflow/.local/lib/python3.12/site-packages/airflow/example_dags/example_xcom.py for tasks to queue
[2026-06-01T12:01:46.018+0000] {logging_mixin.py:188} INFO - [2026-06-01T12:01:46.017+0000] {dagbag.py:540} INFO - Filling up the DagBag from /home/airflow/.local/lib/python3.12/site-packages/airflow/example_dags/example_xcom.py
[2026-06-01T12:01:46.024+0000] {processor.py:840} INFO - DAG(s) 'example_xcom' retrieved from /home/airflow/.local/lib/python3.12/site-packages/airflow/example_dags/example_xcom.py
[2026-06-01T12:01:46.043+0000] {logging_mixin.py:188} INFO - [2026-06-01T12:01:46.043+0000] {dag.py:3096} INFO - Sync 1 DAGs
[2026-06-01T12:01:46.061+0000] {logging_mixin.py:188} INFO - [2026-06-01T12:01:46.061+0000] {dag.py:3954} INFO - Setting next_dagrun for example_xcom to 2021-01-01 00:00:00+00:00, run_after=2021-01-01 00:00:00+00:00
[2026-06-01T12:01:46.077+0000] {processor.py:183} INFO - Processing /home/airflow/.local/lib/python3.12/site-packages/airflow/example_dags/example_xcom.py took 0.069 seconds
[2026-06-01T12:02:16.547+0000] {processor.py:161} INFO - Started process (PID=42604) to work on /home/airflow/.local/lib/python3.12/site-packages/airflow/example_dags/example_xcom.py
[2026-06-01T12:02:16.549+0000] {processor.py:830} INFO - Processing file /home/airflow/.local/lib/python3.12/site-packages/airflow/example_dags/example_xcom.py for tasks to queue
[2026-06-01T12:02:16.550+0000] {logging_mixin.py:188} INFO - [2026-06-01T12:02:16.550+0000] {dagbag.py:540} INFO - Filling up the DagBag from /home/airflow/.local/lib/python3.12/site-packages/airflow/example_dags/example_xcom.py
[2026-06-01T12:02:16.557+0000] {processor.py:840} INFO - DAG(s) 'example_xcom' retrieved from /home/airflow/.local/lib/python3.12/site-packages/airflow/example_dags/example_xcom.py
[2026-06-01T12:02:16.576+0000] {logging_mixin.py:188} INFO - [2026-06-01T12:02:16.575+0000] {dag.py:3096} INFO - Sync 1 DAGs
[2026-06-01T12:02:16.595+0000] {logging_mixin.py:188} INFO - [2026-06-01T12:02:16.594+0000] {dag.py:3954} INFO - Setting next_dagrun for example_xcom to 2021-01-01 00:00:00+00:00, run_after=2021-01-01 00:00:00+00:00
[2026-06-01T12:02:16.611+0000] {processor.py:183} INFO - Processing /home/airflow/.local/lib/python3.12/site-packages/airflow/example_dags/example_xcom.py took 0.068 seconds
[2026-06-01T12:02:46.903+0000] {processor.py:161} INFO - Started process (PID=42663) to work on /home/airflow/.local/lib/python3.12/site-packages/airflow/example_dags/example_xcom.py
[2026-06-01T12:02:46.904+0000] {processor.py:830} INFO - Processing file /home/airflow/.local/lib/python3.12/site-packages/airflow/example_dags/example_xcom.py for tasks to queue
[2026-06-01T12:02:46.906+0000] {logging_mixin.py:188} INFO - [2026-06-01T12:02:46.906+0000] {dagbag.py:540} INFO - Filling up the DagBag from /home/airflow/.local/lib/python3.12/site-packages/airflow/example_dags/example_xcom.py
[2026-06-01T12:02:46.917+0000] {processor.py:840} INFO - DAG(s) 'example_xcom' retrieved from /home/airflow/.local/lib/python3.12/site-packages/airflow/example_dags/example_xcom.py
[2026-06-01T12:02:46.937+0000] {logging_mixin.py:188} INFO - [2026-06-01T12:02:46.936+0000] {dag.py:3096} INFO - Sync 1 DAGs
[2026-06-01T12:02:46.956+0000] {logging_mixin.py:188} INFO - [2026-06-01T12:02:46.956+0000] {dag.py:3954} INFO - Setting next_dagrun for example_xcom to 2021-01-01 00:00:00+00:00, run_after=2021-01-01 00:00:00+00:00
[2026-06-01T12:02:46.975+0000] {processor.py:183} INFO - Processing /home/airflow/.local/lib/python3.12/site-packages/airflow/example_dags/example_xcom.py took 0.079 seconds
[2026-06-01T12:03:17.854+0000] {processor.py:161} INFO - Started process (PID=42722) to work on /home/airflow/.local/lib/python3.12/site-packages/airflow/example_dags/example_xcom.py
[2026-06-01T12:03:17.855+0000] {processor.py:830} INFO - Processing file /home/airflow/.local/lib/python3.12/site-packages/airflow/example_dags/example_xcom.py for tasks to queue
[2026-06-01T12:03:17.857+0000] {logging_mixin.py:188} INFO - [2026-06-01T12:03:17.857+0000] {dagbag.py:540} INFO - Filling up the DagBag from /home/airflow/.local/lib/python3.12/site-packages/airflow/example_dags/example_xcom.py
[2026-06-01T12:03:17.864+0000] {processor.py:840} INFO - DAG(s) 'example_xcom' retrieved from /home/airflow/.local/lib/python3.12/site-packages/airflow/example_dags/example_xcom.py
[2026-06-01T12:03:17.888+0000] {logging_mixin.py:188} INFO - [2026-06-01T12:03:17.887+0000] {dag.py:3096} INFO - Sync 1 DAGs
[2026-06-01T12:03:17.912+0000] {logging_mixin.py:188} INFO - [2026-06-01T12:03:17.911+0000] {dag.py:3954} INFO - Setting next_dagrun for example_xcom to 2021-01-01 00:00:00+00:00, run_after=2021-01-01 00:00:00+00:00
[2026-06-01T12:03:17.931+0000] {processor.py:183} INFO - Processing /home/airflow/.local/lib/python3.12/site-packages/airflow/example_dags/example_xcom.py took 0.083 seconds
[2026-06-01T12:03:48.329+0000] {processor.py:161} INFO - Started process (PID=42781) to work on /home/airflow/.local/lib/python3.12/site-packages/airflow/example_dags/example_xcom.py
[2026-06-01T12:03:48.330+0000] {processor.py:830} INFO - Processing file /home/airflow/.local/lib/python3.12/site-packages/airflow/example_dags/example_xcom.py for tasks to queue
[2026-06-01T12:03:48.333+0000] {logging_mixin.py:188} INFO - [2026-06-01T12:03:48.332+0000] {dagbag.py:540} INFO - Filling up the DagBag from /home/airflow/.local/lib/python3.12/site-packages/airflow/example_dags/example_xcom.py
[2026-06-01T12:03:48.341+0000] {processor.py:840} INFO - DAG(s) 'example_xcom' retrieved from /home/airflow/.local/lib/python3.12/site-packages/airflow/example_dags/example_xcom.py
[2026-06-01T12:03:48.363+0000] {logging_mixin.py:188} INFO - [2026-06-01T12:03:48.363+0000] {dag.py:3096} INFO - Sync 1 DAGs
[2026-06-01T12:03:48.385+0000] {logging_mixin.py:188} INFO - [2026-06-01T12:03:48.385+0000] {dag.py:3954} INFO - Setting next_dagrun for example_xcom to 2021-01-01 00:00:00+00:00, run_after=2021-01-01 00:00:00+00:00
[2026-06-01T12:03:48.405+0000] {processor.py:183} INFO - Processing /home/airflow/.local/lib/python3.12/site-packages/airflow/example_dags/example_xcom.py took 0.083 seconds
[2026-06-01T12:04:18.595+0000] {processor.py:161} INFO - Started process (PID=42840) to work on /home/airflow/.local/lib/python3.12/site-packages/airflow/example_dags/example_xcom.py
[2026-06-01T12:04:18.597+0000] {processor.py:830} INFO - Processing file /home/airflow/.local/lib/python3.12/site-packages/airflow/example_dags/example_xcom.py for tasks to queue
[2026-06-01T12:04:18.599+0000] {logging_mixin.py:188} INFO - [2026-06-01T12:04:18.598+0000] {dagbag.py:540} INFO - Filling up the DagBag from /home/airflow/.local/lib/python3.12/site-packages/airflow/example_dags/example_xcom.py
[2026-06-01T12:04:18.606+0000] {processor.py:840} INFO - DAG(s) 'example_xcom' retrieved from /home/airflow/.local/lib/python3.12/site-packages/airflow/example_dags/example_xcom.py
[2026-06-01T12:04:18.623+0000] {logging_mixin.py:188} INFO - [2026-06-01T12:04:18.623+0000] {dag.py:3096} INFO - Sync 1 DAGs
[2026-06-01T12:04:18.641+0000] {logging_mixin.py:188} INFO - [2026-06-01T12:04:18.641+0000] {dag.py:3954} INFO - Setting next_dagrun for example_xcom to 2021-01-01 00:00:00+00:00, run_after=2021-01-01 00:00:00+00:00
[2026-06-01T12:04:18.660+0000] {processor.py:183} INFO - Processing /home/airflow/.local/lib/python3.12/site-packages/airflow/example_dags/example_xcom.py took 0.070 seconds
[2026-06-01T12:04:49.929+0000] {processor.py:161} INFO - Started process (PID=42899) to work on /home/airflow/.local/lib/python3.12/site-packages/airflow/example_dags/example_xcom.py
[2026-06-01T12:04:49.931+0000] {processor.py:830} INFO - Processing file /home/airflow/.local/lib/python3.12/site-packages/airflow/example_dags/example_xcom.py for tasks to queue
[2026-06-01T12:04:49.936+0000] {logging_mixin.py:188} INFO - [2026-06-01T12:04:49.935+0000] {dagbag.py:540} INFO - Filling up the DagBag from /home/airflow/.local/lib/python3.12/site-packages/airflow/example_dags/example_xcom.py
[2026-06-01T12:04:49.949+0000] {processor.py:840} INFO - DAG(s) 'example_xcom' retrieved from /home/airflow/.local/lib/python3.12/site-packages/airflow/example_dags/example_xcom.py
[2026-06-01T12:04:49.976+0000] {logging_mixin.py:188} INFO - [2026-06-01T12:04:49.975+0000] {dag.py:3096} INFO - Sync 1 DAGs
[2026-06-01T12:04:49.998+0000] {logging_mixin.py:188} INFO - [2026-06-01T12:04:49.998+0000] {dag.py:3954} INFO - Setting next_dagrun for example_xcom to 2021-01-01 00:00:00+00:00, run_after=2021-01-01 00:00:00+00:00
[2026-06-01T12:04:50.018+0000] {processor.py:183} INFO - Processing /home/airflow/.local/lib/python3.12/site-packages/airflow/example_dags/example_xcom.py took 0.100 seconds
[2026-06-01T12:05:20.132+0000] {processor.py:161} INFO - Started process (PID=42958) to work on /home/airflow/.local/lib/python3.12/site-packages/airflow/example_dags/example_xcom.py
[2026-06-01T12:05:20.134+0000] {processor.py:830} INFO - Processing file /home/airflow/.local/lib/python3.12/site-packages/airflow/example_dags/example_xcom.py for tasks to queue
[2026-06-01T12:05:20.136+0000] {logging_mixin.py:188} INFO - [2026-06-01T12:05:20.135+0000] {dagbag.py:540} INFO - Filling up the DagBag from /home/airflow/.local/lib/python3.12/site-packages/airflow/example_dags/example_xcom.py
[2026-06-01T12:05:20.143+0000] {processor.py:840} INFO - DAG(s) 'example_xcom' retrieved from /home/airflow/.local/lib/python3.12/site-packages/airflow/example_dags/example_xcom.py
[2026-06-01T12:05:20.162+0000] {logging_mixin.py:188} INFO - [2026-06-01T12:05:20.162+0000] {dag.py:3096} INFO - Sync 1 DAGs
[2026-06-01T12:05:20.181+0000] {logging_mixin.py:188} INFO - [2026-06-01T12:05:20.181+0000] {dag.py:3954} INFO - Setting next_dagrun for example_xcom to 2021-01-01 00:00:00+00:00, run_after=2021-01-01 00:00:00+00:00
[2026-06-01T12:05:20.211+0000] {processor.py:183} INFO - Processing /home/airflow/.local/lib/python3.12/site-packages/airflow/example_dags/example_xcom.py took 0.084 seconds
[2026-06-01T12:05:51.181+0000] {processor.py:161} INFO - Started process (PID=43017) to work on /home/airflow/.local/lib/python3.12/site-packages/airflow/example_dags/example_xcom.py
[2026-06-01T12:05:51.183+0000] {processor.py:830} INFO - Processing file /home/airflow/.local/lib/python3.12/site-packages/airflow/example_dags/example_xcom.py for tasks to queue
[2026-06-01T12:05:51.186+0000] {logging_mixin.py:188} INFO - [2026-06-01T12:05:51.185+0000] {dagbag.py:540} INFO - Filling up the DagBag from /home/airflow/.local/lib/python3.12/site-packages/airflow/example_dags/example_xcom.py
[2026-06-01T12:05:51.194+0000] {processor.py:840} INFO - DAG(s) 'example_xcom' retrieved from /home/airflow/.local/lib/python3.12/site-packages/airflow/example_dags/example_xcom.py
[2026-06-01T12:05:51.226+0000] {logging_mixin.py:188} INFO - [2026-06-01T12:05:51.225+0000] {dag.py:3096} INFO - Sync 1 DAGs
[2026-06-01T12:05:51.259+0000] {logging_mixin.py:188} INFO - [2026-06-01T12:05:51.259+0000] {dag.py:3954} INFO - Setting next_dagrun for example_xcom to 2021-01-01 00:00:00+00:00, run_after=2021-01-01 00:00:00+00:00
[2026-06-01T12:05:51.287+0000] {processor.py:183} INFO - Processing /home/airflow/.local/lib/python3.12/site-packages/airflow/example_dags/example_xcom.py took 0.115 seconds
[2026-06-01T12:06:21.418+0000] {processor.py:161} INFO - Started process (PID=43077) to work on /home/airflow/.local/lib/python3.12/site-packages/airflow/example_dags/example_xcom.py
[2026-06-01T12:06:21.419+0000] {processor.py:830} INFO - Processing file /home/airflow/.local/lib/python3.12/site-packages/airflow/example_dags/example_xcom.py for tasks to queue
[2026-06-01T12:06:21.422+0000] {logging_mixin.py:188} INFO - [2026-06-01T12:06:21.421+0000] {dagbag.py:540} INFO - Filling up the DagBag from /home/airflow/.local/lib/python3.12/site-packages/airflow/example_dags/example_xcom.py
[2026-06-01T12:06:21.429+0000] {processor.py:840} INFO - DAG(s) 'example_xcom' retrieved from /home/airflow/.local/lib/python3.12/site-packages/airflow/example_dags/example_xcom.py
[2026-06-01T12:06:21.452+0000] {logging_mixin.py:188} INFO - [2026-06-01T12:06:21.451+0000] {dag.py:3096} INFO - Sync 1 DAGs
[2026-06-01T12:06:21.472+0000] {logging_mixin.py:188} INFO - [2026-06-01T12:06:21.472+0000] {dag.py:3954} INFO - Setting next_dagrun for example_xcom to 2021-01-01 00:00:00+00:00, run_after=2021-01-01 00:00:00+00:00
[2026-06-01T12:06:21.492+0000] {processor.py:183} INFO - Processing /home/airflow/.local/lib/python3.12/site-packages/airflow/example_dags/example_xcom.py took 0.079 seconds
[2026-06-01T12:06:51.781+0000] {processor.py:161} INFO - Started process (PID=43136) to work on /home/airflow/.local/lib/python3.12/site-packages/airflow/example_dags/example_xcom.py
[2026-06-01T12:06:51.782+0000] {processor.py:830} INFO - Processing file /home/airflow/.local/lib/python3.12/site-packages/airflow/example_dags/example_xcom.py for tasks to queue
[2026-06-01T12:06:51.784+0000] {logging_mixin.py:188} INFO - [2026-06-01T12:06:51.784+0000] {dagbag.py:540} INFO - Filling up the DagBag from /home/airflow/.local/lib/python3.12/site-packages/airflow/example_dags/example_xcom.py
[2026-06-01T12:06:51.791+0000] {processor.py:840} INFO - DAG(s) 'example_xcom' retrieved from /home/airflow/.local/lib/python3.12/site-packages/airflow/example_dags/example_xcom.py
[2026-06-01T12:06:51.810+0000] {logging_mixin.py:188} INFO - [2026-06-01T12:06:51.810+0000] {dag.py:3096} INFO - Sync 1 DAGs
[2026-06-01T12:06:51.829+0000] {logging_mixin.py:188} INFO - [2026-06-01T12:06:51.828+0000] {dag.py:3954} INFO - Setting next_dagrun for example_xcom to 2021-01-01 00:00:00+00:00, run_after=2021-01-01 00:00:00+00:00
[2026-06-01T12:06:51.846+0000] {processor.py:183} INFO - Processing /home/airflow/.local/lib/python3.12/site-packages/airflow/example_dags/example_xcom.py took 0.070 seconds
[2026-06-01T12:07:22.143+0000] {processor.py:161} INFO - Started process (PID=43201) to work on /home/airflow/.local/lib/python3.12/site-packages/airflow/example_dags/example_xcom.py
[2026-06-01T12:07:22.145+0000] {processor.py:830} INFO - Processing file /home/airflow/.local/lib/python3.12/site-packages/airflow/example_dags/example_xcom.py for tasks to queue
[2026-06-01T12:07:22.147+0000] {logging_mixin.py:188} INFO - [2026-06-01T12:07:22.147+0000] {dagbag.py:540} INFO - Filling up the DagBag from /home/airflow/.local/lib/python3.12/site-packages/airflow/example_dags/example_xcom.py
[2026-06-01T12:07:22.157+0000] {processor.py:840} INFO - DAG(s) 'example_xcom' retrieved from /home/airflow/.local/lib/python3.12/site-packages/airflow/example_dags/example_xcom.py
[2026-06-01T12:07:22.182+0000] {logging_mixin.py:188} INFO - [2026-06-01T12:07:22.182+0000] {dag.py:3096} INFO - Sync 1 DAGs
[2026-06-01T12:07:22.207+0000] {logging_mixin.py:188} INFO - [2026-06-01T12:07:22.207+0000] {dag.py:3954} INFO - Setting next_dagrun for example_xcom to 2021-01-01 00:00:00+00:00, run_after=2021-01-01 00:00:00+00:00
[2026-06-01T12:07:22.229+0000] {processor.py:183} INFO - Processing /home/airflow/.local/lib/python3.12/site-packages/airflow/example_dags/example_xcom.py took 0.093 seconds
[2026-06-01T12:07:52.389+0000] {processor.py:161} INFO - Started process (PID=43260) to work on /home/airflow/.local/lib/python3.12/site-packages/airflow/example_dags/example_xcom.py
[2026-06-01T12:07:52.390+0000] {processor.py:830} INFO - Processing file /home/airflow/.local/lib/python3.12/site-packages/airflow/example_dags/example_xcom.py for tasks to queue
[2026-06-01T12:07:52.392+0000] {logging_mixin.py:188} INFO - [2026-06-01T12:07:52.392+0000] {dagbag.py:540} INFO - Filling up the DagBag from /home/airflow/.local/lib/python3.12/site-packages/airflow/example_dags/example_xcom.py
[2026-06-01T12:07:52.399+0000] {processor.py:840} INFO - DAG(s) 'example_xcom' retrieved from /home/airflow/.local/lib/python3.12/site-packages/airflow/example_dags/example_xcom.py
[2026-06-01T12:07:52.417+0000] {logging_mixin.py:188} INFO - [2026-06-01T12:07:52.416+0000] {dag.py:3096} INFO - Sync 1 DAGs
[2026-06-01T12:07:52.435+0000] {logging_mixin.py:188} INFO - [2026-06-01T12:07:52.434+0000] {dag.py:3954} INFO - Setting next_dagrun for example_xcom to 2021-01-01 00:00:00+00:00, run_after=2021-01-01 00:00:00+00:00
[2026-06-01T12:07:52.450+0000] {processor.py:183} INFO - Processing /home/airflow/.local/lib/python3.12/site-packages/airflow/example_dags/example_xcom.py took 0.066 seconds
[2026-06-01T12:08:23.404+0000] {processor.py:161} INFO - Started process (PID=43319) to work on /home/airflow/.local/lib/python3.12/site-packages/airflow/example_dags/example_xcom.py
[2026-06-01T12:08:23.405+0000] {processor.py:830} INFO - Processing file /home/airflow/.local/lib/python3.12/site-packages/airflow/example_dags/example_xcom.py for tasks to queue
[2026-06-01T12:08:23.407+0000] {logging_mixin.py:188} INFO - [2026-06-01T12:08:23.407+0000] {dagbag.py:540} INFO - Filling up the DagBag from /home/airflow/.local/lib/python3.12/site-packages/airflow/example_dags/example_xcom.py
[2026-06-01T12:08:23.415+0000] {processor.py:840} INFO - DAG(s) 'example_xcom' retrieved from /home/airflow/.local/lib/python3.12/site-packages/airflow/example_dags/example_xcom.py
[2026-06-01T12:08:23.433+0000] {logging_mixin.py:188} INFO - [2026-06-01T12:08:23.433+0000] {dag.py:3096} INFO - Sync 1 DAGs
[2026-06-01T12:08:23.452+0000] {logging_mixin.py:188} INFO - [2026-06-01T12:08:23.452+0000] {dag.py:3954} INFO - Setting next_dagrun for example_xcom to 2021-01-01 00:00:00+00:00, run_after=2021-01-01 00:00:00+00:00
[2026-06-01T12:08:23.468+0000] {processor.py:183} INFO - Processing /home/airflow/.local/lib/python3.12/site-packages/airflow/example_dags/example_xcom.py took 0.069 seconds
[2026-06-01T12:08:54.245+0000] {processor.py:161} INFO - Started process (PID=43379) to work on /home/airflow/.local/lib/python3.12/site-packages/airflow/example_dags/example_xcom.py
[2026-06-01T12:08:54.246+0000] {processor.py:830} INFO - Processing file /home/airflow/.local/lib/python3.12/site-packages/airflow/example_dags/example_xcom.py for tasks to queue
[2026-06-01T12:08:54.248+0000] {logging_mixin.py:188} INFO - [2026-06-01T12:08:54.248+0000] {dagbag.py:540} INFO - Filling up the DagBag from /home/airflow/.local/lib/python3.12/site-packages/airflow/example_dags/example_xcom.py
[2026-06-01T12:08:54.255+0000] {processor.py:840} INFO - DAG(s) 'example_xcom' retrieved from /home/airflow/.local/lib/python3.12/site-packages/airflow/example_dags/example_xcom.py
[2026-06-01T12:08:54.273+0000] {logging_mixin.py:188} INFO - [2026-06-01T12:08:54.273+0000] {dag.py:3096} INFO - Sync 1 DAGs
[2026-06-01T12:08:54.291+0000] {logging_mixin.py:188} INFO - [2026-06-01T12:08:54.291+0000] {dag.py:3954} INFO - Setting next_dagrun for example_xcom to 2021-01-01 00:00:00+00:00, run_after=2021-01-01 00:00:00+00:00
[2026-06-01T12:08:54.310+0000] {processor.py:183} INFO - Processing /home/airflow/.local/lib/python3.12/site-packages/airflow/example_dags/example_xcom.py took 0.072 seconds
[2026-06-01T12:09:25.158+0000] {processor.py:161} INFO - Started process (PID=43438) to work on /home/airflow/.local/lib/python3.12/site-packages/airflow/example_dags/example_xcom.py
[2026-06-01T12:09:25.159+0000] {processor.py:830} INFO - Processing file /home/airflow/.local/lib/python3.12/site-packages/airflow/example_dags/example_xcom.py for tasks to queue
[2026-06-01T12:09:25.161+0000] {logging_mixin.py:188} INFO - [2026-06-01T12:09:25.161+0000] {dagbag.py:540} INFO - Filling up the DagBag from /home/airflow/.local/lib/python3.12/site-packages/airflow/example_dags/example_xcom.py
[2026-06-01T12:09:25.167+0000] {processor.py:840} INFO - DAG(s) 'example_xcom' retrieved from /home/airflow/.local/lib/python3.12/site-packages/airflow/example_dags/example_xcom.py
[2026-06-01T12:09:25.184+0000] {logging_mixin.py:188} INFO - [2026-06-01T12:09:25.184+0000] {dag.py:3096} INFO - Sync 1 DAGs
[2026-06-01T12:09:25.203+0000] {logging_mixin.py:188} INFO - [2026-06-01T12:09:25.202+0000] {dag.py:3954} INFO - Setting next_dagrun for example_xcom to 2021-01-01 00:00:00+00:00, run_after=2021-01-01 00:00:00+00:00
[2026-06-01T12:09:25.219+0000] {processor.py:183} INFO - Processing /home/airflow/.local/lib/python3.12/site-packages/airflow/example_dags/example_xcom.py took 0.066 seconds
[2026-06-01T12:09:55.927+0000] {processor.py:161} INFO - Started process (PID=43497) to work on /home/airflow/.local/lib/python3.12/site-packages/airflow/example_dags/example_xcom.py
[2026-06-01T12:09:55.928+0000] {processor.py:830} INFO - Processing file /home/airflow/.local/lib/python3.12/site-packages/airflow/example_dags/example_xcom.py for tasks to queue
[2026-06-01T12:09:55.930+0000] {logging_mixin.py:188} INFO - [2026-06-01T12:09:55.930+0000] {dagbag.py:540} INFO - Filling up the DagBag from /home/airflow/.local/lib/python3.12/site-packages/airflow/example_dags/example_xcom.py
[2026-06-01T12:09:55.938+0000] {processor.py:840} INFO - DAG(s) 'example_xcom' retrieved from /home/airflow/.local/lib/python3.12/site-packages/airflow/example_dags/example_xcom.py
[2026-06-01T12:09:55.964+0000] {logging_mixin.py:188} INFO - [2026-06-01T12:09:55.963+0000] {dag.py:3096} INFO - Sync 1 DAGs
[2026-06-01T12:09:55.987+0000] {logging_mixin.py:188} INFO - [2026-06-01T12:09:55.987+0000] {dag.py:3954} INFO - Setting next_dagrun for example_xcom to 2021-01-01 00:00:00+00:00, run_after=2021-01-01 00:00:00+00:00
[2026-06-01T12:09:56.007+0000] {processor.py:183} INFO - Processing /home/airflow/.local/lib/python3.12/site-packages/airflow/example_dags/example_xcom.py took 0.086 seconds
[2026-06-01T12:10:26.568+0000] {processor.py:161} INFO - Started process (PID=43556) to work on /home/airflow/.local/lib/python3.12/site-packages/airflow/example_dags/example_xcom.py
[2026-06-01T12:10:26.570+0000] {processor.py:830} INFO - Processing file /home/airflow/.local/lib/python3.12/site-packages/airflow/example_dags/example_xcom.py for tasks to queue
[2026-06-01T12:10:26.574+0000] {logging_mixin.py:188} INFO - [2026-06-01T12:10:26.574+0000] {dagbag.py:540} INFO - Filling up the DagBag from /home/airflow/.local/lib/python3.12/site-packages/airflow/example_dags/example_xcom.py
[2026-06-01T12:10:26.584+0000] {processor.py:840} INFO - DAG(s) 'example_xcom' retrieved from /home/airflow/.local/lib/python3.12/site-packages/airflow/example_dags/example_xcom.py
[2026-06-01T12:10:26.605+0000] {logging_mixin.py:188} INFO - [2026-06-01T12:10:26.605+0000] {dag.py:3096} INFO - Sync 1 DAGs
[2026-06-01T12:10:26.628+0000] {logging_mixin.py:188} INFO - [2026-06-01T12:10:26.627+0000] {dag.py:3954} INFO - Setting next_dagrun for example_xcom to 2021-01-01 00:00:00+00:00, run_after=2021-01-01 00:00:00+00:00
[2026-06-01T12:10:26.647+0000] {processor.py:183} INFO - Processing /home/airflow/.local/lib/python3.12/site-packages/airflow/example_dags/example_xcom.py took 0.085 seconds
[2026-06-01T12:10:57.426+0000] {processor.py:161} INFO - Started process (PID=43615) to work on /home/airflow/.local/lib/python3.12/site-packages/airflow/example_dags/example_xcom.py
[2026-06-01T12:10:57.427+0000] {processor.py:830} INFO - Processing file /home/airflow/.local/lib/python3.12/site-packages/airflow/example_dags/example_xcom.py for tasks to queue
[2026-06-01T12:10:57.429+0000] {logging_mixin.py:188} INFO - [2026-06-01T12:10:57.429+0000] {dagbag.py:540} INFO - Filling up the DagBag from /home/airflow/.local/lib/python3.12/site-packages/airflow/example_dags/example_xcom.py
[2026-06-01T12:10:57.437+0000] {processor.py:840} INFO - DAG(s) 'example_xcom' retrieved from /home/airflow/.local/lib/python3.12/site-packages/airflow/example_dags/example_xcom.py
[2026-06-01T12:10:57.455+0000] {logging_mixin.py:188} INFO - [2026-06-01T12:10:57.455+0000] {dag.py:3096} INFO - Sync 1 DAGs
[2026-06-01T12:10:57.475+0000] {logging_mixin.py:188} INFO - [2026-06-01T12:10:57.475+0000] {dag.py:3954} INFO - Setting next_dagrun for example_xcom to 2021-01-01 00:00:00+00:00, run_after=2021-01-01 00:00:00+00:00
[2026-06-01T12:10:57.493+0000] {processor.py:183} INFO - Processing /home/airflow/.local/lib/python3.12/site-packages/airflow/example_dags/example_xcom.py took 0.072 seconds
[2026-06-01T12:11:28.126+0000] {processor.py:161} INFO - Started process (PID=43674) to work on /home/airflow/.local/lib/python3.12/site-packages/airflow/example_dags/example_xcom.py
[2026-06-01T12:11:28.127+0000] {processor.py:830} INFO - Processing file /home/airflow/.local/lib/python3.12/site-packages/airflow/example_dags/example_xcom.py for tasks to queue
[2026-06-01T12:11:28.129+0000] {logging_mixin.py:188} INFO - [2026-06-01T12:11:28.128+0000] {dagbag.py:540} INFO - Filling up the DagBag from /home/airflow/.local/lib/python3.12/site-packages/airflow/example_dags/example_xcom.py
[2026-06-01T12:11:28.135+0000] {processor.py:840} INFO - DAG(s) 'example_xcom' retrieved from /home/airflow/.local/lib/python3.12/site-packages/airflow/example_dags/example_xcom.py
[2026-06-01T12:11:28.153+0000] {logging_mixin.py:188} INFO - [2026-06-01T12:11:28.153+0000] {dag.py:3096} INFO - Sync 1 DAGs
[2026-06-01T12:11:28.171+0000] {logging_mixin.py:188} INFO - [2026-06-01T12:11:28.171+0000] {dag.py:3954} INFO - Setting next_dagrun for example_xcom to 2021-01-01 00:00:00+00:00, run_after=2021-01-01 00:00:00+00:00
[2026-06-01T12:11:28.186+0000] {processor.py:183} INFO - Processing /home/airflow/.local/lib/python3.12/site-packages/airflow/example_dags/example_xcom.py took 0.066 seconds
[2026-06-01T12:11:58.949+0000] {processor.py:161} INFO - Started process (PID=43734) to work on /home/airflow/.local/lib/python3.12/site-packages/airflow/example_dags/example_xcom.py
[2026-06-01T12:11:58.950+0000] {processor.py:830} INFO - Processing file /home/airflow/.local/lib/python3.12/site-packages/airflow/example_dags/example_xcom.py for tasks to queue
[2026-06-01T12:11:58.953+0000] {logging_mixin.py:188} INFO - [2026-06-01T12:11:58.952+0000] {dagbag.py:540} INFO - Filling up the DagBag from /home/airflow/.local/lib/python3.12/site-packages/airflow/example_dags/example_xcom.py
[2026-06-01T12:11:58.961+0000] {processor.py:840} INFO - DAG(s) 'example_xcom' retrieved from /home/airflow/.local/lib/python3.12/site-packages/airflow/example_dags/example_xcom.py
[2026-06-01T12:11:58.987+0000] {logging_mixin.py:188} INFO - [2026-06-01T12:11:58.987+0000] {dag.py:3096} INFO - Sync 1 DAGs
[2026-06-01T12:11:59.016+0000] {logging_mixin.py:188} INFO - [2026-06-01T12:11:59.016+0000] {dag.py:3954} INFO - Setting next_dagrun for example_xcom to 2021-01-01 00:00:00+00:00, run_after=2021-01-01 00:00:00+00:00
[2026-06-01T12:11:59.037+0000] {processor.py:183} INFO - Processing /home/airflow/.local/lib/python3.12/site-packages/airflow/example_dags/example_xcom.py took 0.095 seconds
[2026-06-01T12:12:29.113+0000] {processor.py:161} INFO - Started process (PID=43793) to work on /home/airflow/.local/lib/python3.12/site-packages/airflow/example_dags/example_xcom.py
[2026-06-01T12:12:29.114+0000] {processor.py:830} INFO - Processing file /home/airflow/.local/lib/python3.12/site-packages/airflow/example_dags/example_xcom.py for tasks to queue
[2026-06-01T12:12:29.116+0000] {logging_mixin.py:188} INFO - [2026-06-01T12:12:29.116+0000] {dagbag.py:540} INFO - Filling up the DagBag from /home/airflow/.local/lib/python3.12/site-packages/airflow/example_dags/example_xcom.py
[2026-06-01T12:12:29.122+0000] {processor.py:840} INFO - DAG(s) 'example_xcom' retrieved from /home/airflow/.local/lib/python3.12/site-packages/airflow/example_dags/example_xcom.py
[2026-06-01T12:12:29.141+0000] {logging_mixin.py:188} INFO - [2026-06-01T12:12:29.141+0000] {dag.py:3096} INFO - Sync 1 DAGs
[2026-06-01T12:12:29.160+0000] {logging_mixin.py:188} INFO - [2026-06-01T12:12:29.160+0000] {dag.py:3954} INFO - Setting next_dagrun for example_xcom to 2021-01-01 00:00:00+00:00, run_after=2021-01-01 00:00:00+00:00
[2026-06-01T12:12:29.175+0000] {processor.py:183} INFO - Processing /home/airflow/.local/lib/python3.12/site-packages/airflow/example_dags/example_xcom.py took 0.068 seconds
[2026-06-01T12:12:59.324+0000] {processor.py:161} INFO - Started process (PID=43852) to work on /home/airflow/.local/lib/python3.12/site-packages/airflow/example_dags/example_xcom.py
[2026-06-01T12:12:59.325+0000] {processor.py:830} INFO - Processing file /home/airflow/.local/lib/python3.12/site-packages/airflow/example_dags/example_xcom.py for tasks to queue
[2026-06-01T12:12:59.327+0000] {logging_mixin.py:188} INFO - [2026-06-01T12:12:59.327+0000] {dagbag.py:540} INFO - Filling up the DagBag from /home/airflow/.local/lib/python3.12/site-packages/airflow/example_dags/example_xcom.py
[2026-06-01T12:12:59.334+0000] {processor.py:840} INFO - DAG(s) 'example_xcom' retrieved from /home/airflow/.local/lib/python3.12/site-packages/airflow/example_dags/example_xcom.py
[2026-06-01T12:12:59.351+0000] {logging_mixin.py:188} INFO - [2026-06-01T12:12:59.351+0000] {dag.py:3096} INFO - Sync 1 DAGs
[2026-06-01T12:12:59.368+0000] {logging_mixin.py:188} INFO - [2026-06-01T12:12:59.367+0000] {dag.py:3954} INFO - Setting next_dagrun for example_xcom to 2021-01-01 00:00:00+00:00, run_after=2021-01-01 00:00:00+00:00
[2026-06-01T12:12:59.383+0000] {processor.py:183} INFO - Processing /home/airflow/.local/lib/python3.12/site-packages/airflow/example_dags/example_xcom.py took 0.065 seconds
[2026-06-01T12:13:29.505+0000] {processor.py:161} INFO - Started process (PID=43911) to work on /home/airflow/.local/lib/python3.12/site-packages/airflow/example_dags/example_xcom.py
[2026-06-01T12:13:29.506+0000] {processor.py:830} INFO - Processing file /home/airflow/.local/lib/python3.12/site-packages/airflow/example_dags/example_xcom.py for tasks to queue
[2026-06-01T12:13:29.508+0000] {logging_mixin.py:188} INFO - [2026-06-01T12:13:29.507+0000] {dagbag.py:540} INFO - Filling up the DagBag from /home/airflow/.local/lib/python3.12/site-packages/airflow/example_dags/example_xcom.py
[2026-06-01T12:13:29.514+0000] {processor.py:840} INFO - DAG(s) 'example_xcom' retrieved from /home/airflow/.local/lib/python3.12/site-packages/airflow/example_dags/example_xcom.py
[2026-06-01T12:13:29.533+0000] {logging_mixin.py:188} INFO - [2026-06-01T12:13:29.533+0000] {dag.py:3096} INFO - Sync 1 DAGs
[2026-06-01T12:13:29.553+0000] {logging_mixin.py:188} INFO - [2026-06-01T12:13:29.553+0000] {dag.py:3954} INFO - Setting next_dagrun for example_xcom to 2021-01-01 00:00:00+00:00, run_after=2021-01-01 00:00:00+00:00
[2026-06-01T12:13:29.571+0000] {processor.py:183} INFO - Processing /home/airflow/.local/lib/python3.12/site-packages/airflow/example_dags/example_xcom.py took 0.072 seconds
[2026-06-01T12:13:59.744+0000] {processor.py:161} INFO - Started process (PID=43970) to work on /home/airflow/.local/lib/python3.12/site-packages/airflow/example_dags/example_xcom.py
[2026-06-01T12:13:59.745+0000] {processor.py:830} INFO - Processing file /home/airflow/.local/lib/python3.12/site-packages/airflow/example_dags/example_xcom.py for tasks to queue
[2026-06-01T12:13:59.747+0000] {logging_mixin.py:188} INFO - [2026-06-01T12:13:59.746+0000] {dagbag.py:540} INFO - Filling up the DagBag from /home/airflow/.local/lib/python3.12/site-packages/airflow/example_dags/example_xcom.py
[2026-06-01T12:13:59.753+0000] {processor.py:840} INFO - DAG(s) 'example_xcom' retrieved from /home/airflow/.local/lib/python3.12/site-packages/airflow/example_dags/example_xcom.py
[2026-06-01T12:13:59.772+0000] {logging_mixin.py:188} INFO - [2026-06-01T12:13:59.771+0000] {dag.py:3096} INFO - Sync 1 DAGs
[2026-06-01T12:13:59.789+0000] {logging_mixin.py:188} INFO - [2026-06-01T12:13:59.789+0000] {dag.py:3954} INFO - Setting next_dagrun for example_xcom to 2021-01-01 00:00:00+00:00, run_after=2021-01-01 00:00:00+00:00
[2026-06-01T12:13:59.804+0000] {processor.py:183} INFO - Processing /home/airflow/.local/lib/python3.12/site-packages/airflow/example_dags/example_xcom.py took 0.066 seconds
[2026-06-01T12:14:30.270+0000] {processor.py:161} INFO - Started process (PID=44029) to work on /home/airflow/.local/lib/python3.12/site-packages/airflow/example_dags/example_xcom.py
[2026-06-01T12:14:30.273+0000] {processor.py:830} INFO - Processing file /home/airflow/.local/lib/python3.12/site-packages/airflow/example_dags/example_xcom.py for tasks to queue
[2026-06-01T12:14:30.277+0000] {logging_mixin.py:188} INFO - [2026-06-01T12:14:30.276+0000] {dagbag.py:540} INFO - Filling up the DagBag from /home/airflow/.local/lib/python3.12/site-packages/airflow/example_dags/example_xcom.py
[2026-06-01T12:14:30.291+0000] {processor.py:840} INFO - DAG(s) 'example_xcom' retrieved from /home/airflow/.local/lib/python3.12/site-packages/airflow/example_dags/example_xcom.py
[2026-06-01T12:14:30.336+0000] {logging_mixin.py:188} INFO - [2026-06-01T12:14:30.336+0000] {dag.py:3096} INFO - Sync 1 DAGs
[2026-06-01T12:14:30.380+0000] {logging_mixin.py:188} INFO - [2026-06-01T12:14:30.379+0000] {dag.py:3954} INFO - Setting next_dagrun for example_xcom to 2021-01-01 00:00:00+00:00, run_after=2021-01-01 00:00:00+00:00
[2026-06-01T12:14:30.423+0000] {processor.py:183} INFO - Processing /home/airflow/.local/lib/python3.12/site-packages/airflow/example_dags/example_xcom.py took 0.167 seconds
[2026-06-01T12:15:00.544+0000] {processor.py:161} INFO - Started process (PID=44088) to work on /home/airflow/.local/lib/python3.12/site-packages/airflow/example_dags/example_xcom.py
[2026-06-01T12:15:00.545+0000] {processor.py:830} INFO - Processing file /home/airflow/.local/lib/python3.12/site-packages/airflow/example_dags/example_xcom.py for tasks to queue
[2026-06-01T12:15:00.547+0000] {logging_mixin.py:188} INFO - [2026-06-01T12:15:00.547+0000] {dagbag.py:540} INFO - Filling up the DagBag from /home/airflow/.local/lib/python3.12/site-packages/airflow/example_dags/example_xcom.py
[2026-06-01T12:15:00.553+0000] {processor.py:840} INFO - DAG(s) 'example_xcom' retrieved from /home/airflow/.local/lib/python3.12/site-packages/airflow/example_dags/example_xcom.py
[2026-06-01T12:15:00.573+0000] {logging_mixin.py:188} INFO - [2026-06-01T12:15:00.573+0000] {dag.py:3096} INFO - Sync 1 DAGs
[2026-06-01T12:15:00.592+0000] {logging_mixin.py:188} INFO - [2026-06-01T12:15:00.592+0000] {dag.py:3954} INFO - Setting next_dagrun for example_xcom to 2021-01-01 00:00:00+00:00, run_after=2021-01-01 00:00:00+00:00
[2026-06-01T12:15:00.609+0000] {processor.py:183} INFO - Processing /home/airflow/.local/lib/python3.12/site-packages/airflow/example_dags/example_xcom.py took 0.071 seconds
[2026-06-01T12:15:31.441+0000] {processor.py:161} INFO - Started process (PID=44147) to work on /home/airflow/.local/lib/python3.12/site-packages/airflow/example_dags/example_xcom.py
[2026-06-01T12:15:31.443+0000] {processor.py:830} INFO - Processing file /home/airflow/.local/lib/python3.12/site-packages/airflow/example_dags/example_xcom.py for tasks to queue
[2026-06-01T12:15:31.445+0000] {logging_mixin.py:188} INFO - [2026-06-01T12:15:31.444+0000] {dagbag.py:540} INFO - Filling up the DagBag from /home/airflow/.local/lib/python3.12/site-packages/airflow/example_dags/example_xcom.py
[2026-06-01T12:15:31.452+0000] {processor.py:840} INFO - DAG(s) 'example_xcom' retrieved from /home/airflow/.local/lib/python3.12/site-packages/airflow/example_dags/example_xcom.py
[2026-06-01T12:15:31.474+0000] {logging_mixin.py:188} INFO - [2026-06-01T12:15:31.473+0000] {dag.py:3096} INFO - Sync 1 DAGs
[2026-06-01T12:15:31.494+0000] {logging_mixin.py:188} INFO - [2026-06-01T12:15:31.494+0000] {dag.py:3954} INFO - Setting next_dagrun for example_xcom to 2021-01-01 00:00:00+00:00, run_after=2021-01-01 00:00:00+00:00
[2026-06-01T12:15:31.516+0000] {processor.py:183} INFO - Processing /home/airflow/.local/lib/python3.12/site-packages/airflow/example_dags/example_xcom.py took 0.080 seconds
[2026-06-01T12:16:01.970+0000] {processor.py:161} INFO - Started process (PID=44206) to work on /home/airflow/.local/lib/python3.12/site-packages/airflow/example_dags/example_xcom.py
[2026-06-01T12:16:01.972+0000] {processor.py:830} INFO - Processing file /home/airflow/.local/lib/python3.12/site-packages/airflow/example_dags/example_xcom.py for tasks to queue
[2026-06-01T12:16:01.973+0000] {logging_mixin.py:188} INFO - [2026-06-01T12:16:01.973+0000] {dagbag.py:540} INFO - Filling up the DagBag from /home/airflow/.local/lib/python3.12/site-packages/airflow/example_dags/example_xcom.py
[2026-06-01T12:16:01.981+0000] {processor.py:840} INFO - DAG(s) 'example_xcom' retrieved from /home/airflow/.local/lib/python3.12/site-packages/airflow/example_dags/example_xcom.py
[2026-06-01T12:16:01.999+0000] {logging_mixin.py:188} INFO - [2026-06-01T12:16:01.999+0000] {dag.py:3096} INFO - Sync 1 DAGs
[2026-06-01T12:16:02.023+0000] {logging_mixin.py:188} INFO - [2026-06-01T12:16:02.022+0000] {dag.py:3954} INFO - Setting next_dagrun for example_xcom to 2021-01-01 00:00:00+00:00, run_after=2021-01-01 00:00:00+00:00
[2026-06-01T12:16:02.041+0000] {processor.py:183} INFO - Processing /home/airflow/.local/lib/python3.12/site-packages/airflow/example_dags/example_xcom.py took 0.076 seconds
[2026-06-01T12:16:32.268+0000] {processor.py:161} INFO - Started process (PID=44265) to work on /home/airflow/.local/lib/python3.12/site-packages/airflow/example_dags/example_xcom.py
[2026-06-01T12:16:32.269+0000] {processor.py:830} INFO - Processing file /home/airflow/.local/lib/python3.12/site-packages/airflow/example_dags/example_xcom.py for tasks to queue
[2026-06-01T12:16:32.271+0000] {logging_mixin.py:188} INFO - [2026-06-01T12:16:32.271+0000] {dagbag.py:540} INFO - Filling up the DagBag from /home/airflow/.local/lib/python3.12/site-packages/airflow/example_dags/example_xcom.py
[2026-06-01T12:16:32.278+0000] {processor.py:840} INFO - DAG(s) 'example_xcom' retrieved from /home/airflow/.local/lib/python3.12/site-packages/airflow/example_dags/example_xcom.py
[2026-06-01T12:16:32.294+0000] {logging_mixin.py:188} INFO - [2026-06-01T12:16:32.294+0000] {dag.py:3096} INFO - Sync 1 DAGs
[2026-06-01T12:16:32.311+0000] {logging_mixin.py:188} INFO - [2026-06-01T12:16:32.311+0000] {dag.py:3954} INFO - Setting next_dagrun for example_xcom to 2021-01-01 00:00:00+00:00, run_after=2021-01-01 00:00:00+00:00
[2026-06-01T12:16:32.328+0000] {processor.py:183} INFO - Processing /home/airflow/.local/lib/python3.12/site-packages/airflow/example_dags/example_xcom.py took 0.065 seconds
[2026-06-01T12:17:02.437+0000] {processor.py:161} INFO - Started process (PID=44324) to work on /home/airflow/.local/lib/python3.12/site-packages/airflow/example_dags/example_xcom.py
[2026-06-01T12:17:02.438+0000] {processor.py:830} INFO - Processing file /home/airflow/.local/lib/python3.12/site-packages/airflow/example_dags/example_xcom.py for tasks to queue
[2026-06-01T12:17:02.440+0000] {logging_mixin.py:188} INFO - [2026-06-01T12:17:02.439+0000] {dagbag.py:540} INFO - Filling up the DagBag from /home/airflow/.local/lib/python3.12/site-packages/airflow/example_dags/example_xcom.py
[2026-06-01T12:17:02.447+0000] {processor.py:840} INFO - DAG(s) 'example_xcom' retrieved from /home/airflow/.local/lib/python3.12/site-packages/airflow/example_dags/example_xcom.py
[2026-06-01T12:17:02.464+0000] {logging_mixin.py:188} INFO - [2026-06-01T12:17:02.464+0000] {dag.py:3096} INFO - Sync 1 DAGs
[2026-06-01T12:17:02.482+0000] {logging_mixin.py:188} INFO - [2026-06-01T12:17:02.482+0000] {dag.py:3954} INFO - Setting next_dagrun for example_xcom to 2021-01-01 00:00:00+00:00, run_after=2021-01-01 00:00:00+00:00
[2026-06-01T12:17:02.498+0000] {processor.py:183} INFO - Processing /home/airflow/.local/lib/python3.12/site-packages/airflow/example_dags/example_xcom.py took 0.066 seconds
[2026-06-01T12:17:33.092+0000] {processor.py:161} INFO - Started process (PID=44383) to work on /home/airflow/.local/lib/python3.12/site-packages/airflow/example_dags/example_xcom.py
[2026-06-01T12:17:33.093+0000] {processor.py:830} INFO - Processing file /home/airflow/.local/lib/python3.12/site-packages/airflow/example_dags/example_xcom.py for tasks to queue
[2026-06-01T12:17:33.095+0000] {logging_mixin.py:188} INFO - [2026-06-01T12:17:33.095+0000] {dagbag.py:540} INFO - Filling up the DagBag from /home/airflow/.local/lib/python3.12/site-packages/airflow/example_dags/example_xcom.py
[2026-06-01T12:17:33.102+0000] {processor.py:840} INFO - DAG(s) 'example_xcom' retrieved from /home/airflow/.local/lib/python3.12/site-packages/airflow/example_dags/example_xcom.py
[2026-06-01T12:17:33.119+0000] {logging_mixin.py:188} INFO - [2026-06-01T12:17:33.119+0000] {dag.py:3096} INFO - Sync 1 DAGs
[2026-06-01T12:17:33.136+0000] {logging_mixin.py:188} INFO - [2026-06-01T12:17:33.136+0000] {dag.py:3954} INFO - Setting next_dagrun for example_xcom to 2021-01-01 00:00:00+00:00, run_after=2021-01-01 00:00:00+00:00
[2026-06-01T12:17:33.151+0000] {processor.py:183} INFO - Processing /home/airflow/.local/lib/python3.12/site-packages/airflow/example_dags/example_xcom.py took 0.064 seconds
[2026-06-01T12:18:03.673+0000] {processor.py:161} INFO - Started process (PID=44442) to work on /home/airflow/.local/lib/python3.12/site-packages/airflow/example_dags/example_xcom.py
[2026-06-01T12:18:03.674+0000] {processor.py:830} INFO - Processing file /home/airflow/.local/lib/python3.12/site-packages/airflow/example_dags/example_xcom.py for tasks to queue
[2026-06-01T12:18:03.676+0000] {logging_mixin.py:188} INFO - [2026-06-01T12:18:03.676+0000] {dagbag.py:540} INFO - Filling up the DagBag from /home/airflow/.local/lib/python3.12/site-packages/airflow/example_dags/example_xcom.py
[2026-06-01T12:18:03.684+0000] {processor.py:840} INFO - DAG(s) 'example_xcom' retrieved from /home/airflow/.local/lib/python3.12/site-packages/airflow/example_dags/example_xcom.py
[2026-06-01T12:18:03.702+0000] {logging_mixin.py:188} INFO - [2026-06-01T12:18:03.702+0000] {dag.py:3096} INFO - Sync 1 DAGs
[2026-06-01T12:18:03.721+0000] {logging_mixin.py:188} INFO - [2026-06-01T12:18:03.721+0000] {dag.py:3954} INFO - Setting next_dagrun for example_xcom to 2021-01-01 00:00:00+00:00, run_after=2021-01-01 00:00:00+00:00
[2026-06-01T12:18:03.738+0000] {processor.py:183} INFO - Processing /home/airflow/.local/lib/python3.12/site-packages/airflow/example_dags/example_xcom.py took 0.070 seconds
[2026-06-01T12:18:33.863+0000] {processor.py:161} INFO - Started process (PID=44501) to work on /home/airflow/.local/lib/python3.12/site-packages/airflow/example_dags/example_xcom.py
[2026-06-01T12:18:33.864+0000] {processor.py:830} INFO - Processing file /home/airflow/.local/lib/python3.12/site-packages/airflow/example_dags/example_xcom.py for tasks to queue
[2026-06-01T12:18:33.866+0000] {logging_mixin.py:188} INFO - [2026-06-01T12:18:33.866+0000] {dagbag.py:540} INFO - Filling up the DagBag from /home/airflow/.local/lib/python3.12/site-packages/airflow/example_dags/example_xcom.py
[2026-06-01T12:18:33.874+0000] {processor.py:840} INFO - DAG(s) 'example_xcom' retrieved from /home/airflow/.local/lib/python3.12/site-packages/airflow/example_dags/example_xcom.py
[2026-06-01T12:18:33.892+0000] {logging_mixin.py:188} INFO - [2026-06-01T12:18:33.891+0000] {dag.py:3096} INFO - Sync 1 DAGs
[2026-06-01T12:18:33.912+0000] {logging_mixin.py:188} INFO - [2026-06-01T12:18:33.912+0000] {dag.py:3954} INFO - Setting next_dagrun for example_xcom to 2021-01-01 00:00:00+00:00, run_after=2021-01-01 00:00:00+00:00
[2026-06-01T12:18:33.930+0000] {processor.py:183} INFO - Processing /home/airflow/.local/lib/python3.12/site-packages/airflow/example_dags/example_xcom.py took 0.073 seconds
[2026-06-01T12:19:04.455+0000] {processor.py:161} INFO - Started process (PID=44560) to work on /home/airflow/.local/lib/python3.12/site-packages/airflow/example_dags/example_xcom.py
[2026-06-01T12:19:04.456+0000] {processor.py:830} INFO - Processing file /home/airflow/.local/lib/python3.12/site-packages/airflow/example_dags/example_xcom.py for tasks to queue
[2026-06-01T12:19:04.458+0000] {logging_mixin.py:188} INFO - [2026-06-01T12:19:04.457+0000] {dagbag.py:540} INFO - Filling up the DagBag from /home/airflow/.local/lib/python3.12/site-packages/airflow/example_dags/example_xcom.py
[2026-06-01T12:19:04.464+0000] {processor.py:840} INFO - DAG(s) 'example_xcom' retrieved from /home/airflow/.local/lib/python3.12/site-packages/airflow/example_dags/example_xcom.py
[2026-06-01T12:19:04.483+0000] {logging_mixin.py:188} INFO - [2026-06-01T12:19:04.482+0000] {dag.py:3096} INFO - Sync 1 DAGs
[2026-06-01T12:19:04.504+0000] {logging_mixin.py:188} INFO - [2026-06-01T12:19:04.503+0000] {dag.py:3954} INFO - Setting next_dagrun for example_xcom to 2021-01-01 00:00:00+00:00, run_after=2021-01-01 00:00:00+00:00
[2026-06-01T12:19:04.521+0000] {processor.py:183} INFO - Processing /home/airflow/.local/lib/python3.12/site-packages/airflow/example_dags/example_xcom.py took 0.072 seconds
[2026-06-01T12:19:35.003+0000] {processor.py:161} INFO - Started process (PID=44619) to work on /home/airflow/.local/lib/python3.12/site-packages/airflow/example_dags/example_xcom.py
[2026-06-01T12:19:35.005+0000] {processor.py:830} INFO - Processing file /home/airflow/.local/lib/python3.12/site-packages/airflow/example_dags/example_xcom.py for tasks to queue
[2026-06-01T12:19:35.007+0000] {logging_mixin.py:188} INFO - [2026-06-01T12:19:35.006+0000] {dagbag.py:540} INFO - Filling up the DagBag from /home/airflow/.local/lib/python3.12/site-packages/airflow/example_dags/example_xcom.py
[2026-06-01T12:19:35.013+0000] {processor.py:840} INFO - DAG(s) 'example_xcom' retrieved from /home/airflow/.local/lib/python3.12/site-packages/airflow/example_dags/example_xcom.py
[2026-06-01T12:19:35.030+0000] {logging_mixin.py:188} INFO - [2026-06-01T12:19:35.030+0000] {dag.py:3096} INFO - Sync 1 DAGs
[2026-06-01T12:19:35.048+0000] {logging_mixin.py:188} INFO - [2026-06-01T12:19:35.048+0000] {dag.py:3954} INFO - Setting next_dagrun for example_xcom to 2021-01-01 00:00:00+00:00, run_after=2021-01-01 00:00:00+00:00
[2026-06-01T12:19:35.064+0000] {processor.py:183} INFO - Processing /home/airflow/.local/lib/python3.12/site-packages/airflow/example_dags/example_xcom.py took 0.065 seconds
[2026-06-01T12:20:05.591+0000] {processor.py:161} INFO - Started process (PID=44678) to work on /home/airflow/.local/lib/python3.12/site-packages/airflow/example_dags/example_xcom.py
[2026-06-01T12:20:05.592+0000] {processor.py:830} INFO - Processing file /home/airflow/.local/lib/python3.12/site-packages/airflow/example_dags/example_xcom.py for tasks to queue
[2026-06-01T12:20:05.594+0000] {logging_mixin.py:188} INFO - [2026-06-01T12:20:05.594+0000] {dagbag.py:540} INFO - Filling up the DagBag from /home/airflow/.local/lib/python3.12/site-packages/airflow/example_dags/example_xcom.py
[2026-06-01T12:20:05.601+0000] {processor.py:840} INFO - DAG(s) 'example_xcom' retrieved from /home/airflow/.local/lib/python3.12/site-packages/airflow/example_dags/example_xcom.py
[2026-06-01T12:20:05.617+0000] {logging_mixin.py:188} INFO - [2026-06-01T12:20:05.617+0000] {dag.py:3096} INFO - Sync 1 DAGs
[2026-06-01T12:20:05.634+0000] {logging_mixin.py:188} INFO - [2026-06-01T12:20:05.634+0000] {dag.py:3954} INFO - Setting next_dagrun for example_xcom to 2021-01-01 00:00:00+00:00, run_after=2021-01-01 00:00:00+00:00
[2026-06-01T12:20:05.650+0000] {processor.py:183} INFO - Processing /home/airflow/.local/lib/python3.12/site-packages/airflow/example_dags/example_xcom.py took 0.065 seconds
[2026-06-01T12:20:36.021+0000] {processor.py:161} INFO - Started process (PID=44737) to work on /home/airflow/.local/lib/python3.12/site-packages/airflow/example_dags/example_xcom.py
[2026-06-01T12:20:36.022+0000] {processor.py:830} INFO - Processing file /home/airflow/.local/lib/python3.12/site-packages/airflow/example_dags/example_xcom.py for tasks to queue
[2026-06-01T12:20:36.024+0000] {logging_mixin.py:188} INFO - [2026-06-01T12:20:36.024+0000] {dagbag.py:540} INFO - Filling up the DagBag from /home/airflow/.local/lib/python3.12/site-packages/airflow/example_dags/example_xcom.py
[2026-06-01T12:20:36.031+0000] {processor.py:840} INFO - DAG(s) 'example_xcom' retrieved from /home/airflow/.local/lib/python3.12/site-packages/airflow/example_dags/example_xcom.py
[2026-06-01T12:20:36.048+0000] {logging_mixin.py:188} INFO - [2026-06-01T12:20:36.047+0000] {dag.py:3096} INFO - Sync 1 DAGs
[2026-06-01T12:20:36.065+0000] {logging_mixin.py:188} INFO - [2026-06-01T12:20:36.065+0000] {dag.py:3954} INFO - Setting next_dagrun for example_xcom to 2021-01-01 00:00:00+00:00, run_after=2021-01-01 00:00:00+00:00
[2026-06-01T12:20:36.081+0000] {processor.py:183} INFO - Processing /home/airflow/.local/lib/python3.12/site-packages/airflow/example_dags/example_xcom.py took 0.065 seconds
[2026-06-01T12:21:06.519+0000] {processor.py:161} INFO - Started process (PID=44796) to work on /home/airflow/.local/lib/python3.12/site-packages/airflow/example_dags/example_xcom.py
[2026-06-01T12:21:06.520+0000] {processor.py:830} INFO - Processing file /home/airflow/.local/lib/python3.12/site-packages/airflow/example_dags/example_xcom.py for tasks to queue
[2026-06-01T12:21:06.523+0000] {logging_mixin.py:188} INFO - [2026-06-01T12:21:06.523+0000] {dagbag.py:540} INFO - Filling up the DagBag from /home/airflow/.local/lib/python3.12/site-packages/airflow/example_dags/example_xcom.py
[2026-06-01T12:21:06.530+0000] {processor.py:840} INFO - DAG(s) 'example_xcom' retrieved from /home/airflow/.local/lib/python3.12/site-packages/airflow/example_dags/example_xcom.py
[2026-06-01T12:21:06.549+0000] {logging_mixin.py:188} INFO - [2026-06-01T12:21:06.548+0000] {dag.py:3096} INFO - Sync 1 DAGs
[2026-06-01T12:21:06.568+0000] {logging_mixin.py:188} INFO - [2026-06-01T12:21:06.567+0000] {dag.py:3954} INFO - Setting next_dagrun for example_xcom to 2021-01-01 00:00:00+00:00, run_after=2021-01-01 00:00:00+00:00
[2026-06-01T12:21:06.584+0000] {processor.py:183} INFO - Processing /home/airflow/.local/lib/python3.12/site-packages/airflow/example_dags/example_xcom.py took 0.071 seconds
[2026-06-01T12:21:36.913+0000] {processor.py:161} INFO - Started process (PID=44855) to work on /home/airflow/.local/lib/python3.12/site-packages/airflow/example_dags/example_xcom.py
[2026-06-01T12:21:36.914+0000] {processor.py:830} INFO - Processing file /home/airflow/.local/lib/python3.12/site-packages/airflow/example_dags/example_xcom.py for tasks to queue
[2026-06-01T12:21:36.916+0000] {logging_mixin.py:188} INFO - [2026-06-01T12:21:36.916+0000] {dagbag.py:540} INFO - Filling up the DagBag from /home/airflow/.local/lib/python3.12/site-packages/airflow/example_dags/example_xcom.py
[2026-06-01T12:21:36.923+0000] {processor.py:840} INFO - DAG(s) 'example_xcom' retrieved from /home/airflow/.local/lib/python3.12/site-packages/airflow/example_dags/example_xcom.py
[2026-06-01T12:21:36.942+0000] {logging_mixin.py:188} INFO - [2026-06-01T12:21:36.941+0000] {dag.py:3096} INFO - Sync 1 DAGs
[2026-06-01T12:21:36.959+0000] {logging_mixin.py:188} INFO - [2026-06-01T12:21:36.959+0000] {dag.py:3954} INFO - Setting next_dagrun for example_xcom to 2021-01-01 00:00:00+00:00, run_after=2021-01-01 00:00:00+00:00
[2026-06-01T12:21:36.975+0000] {processor.py:183} INFO - Processing /home/airflow/.local/lib/python3.12/site-packages/airflow/example_dags/example_xcom.py took 0.068 seconds
[2026-06-01T12:22:07.496+0000] {processor.py:161} INFO - Started process (PID=44914) to work on /home/airflow/.local/lib/python3.12/site-packages/airflow/example_dags/example_xcom.py
[2026-06-01T12:22:07.497+0000] {processor.py:830} INFO - Processing file /home/airflow/.local/lib/python3.12/site-packages/airflow/example_dags/example_xcom.py for tasks to queue
[2026-06-01T12:22:07.499+0000] {logging_mixin.py:188} INFO - [2026-06-01T12:22:07.499+0000] {dagbag.py:540} INFO - Filling up the DagBag from /home/airflow/.local/lib/python3.12/site-packages/airflow/example_dags/example_xcom.py
[2026-06-01T12:22:07.505+0000] {processor.py:840} INFO - DAG(s) 'example_xcom' retrieved from /home/airflow/.local/lib/python3.12/site-packages/airflow/example_dags/example_xcom.py
[2026-06-01T12:22:07.523+0000] {logging_mixin.py:188} INFO - [2026-06-01T12:22:07.522+0000] {dag.py:3096} INFO - Sync 1 DAGs
[2026-06-01T12:22:07.540+0000] {logging_mixin.py:188} INFO - [2026-06-01T12:22:07.540+0000] {dag.py:3954} INFO - Setting next_dagrun for example_xcom to 2021-01-01 00:00:00+00:00, run_after=2021-01-01 00:00:00+00:00
[2026-06-01T12:22:07.554+0000] {processor.py:183} INFO - Processing /home/airflow/.local/lib/python3.12/site-packages/airflow/example_dags/example_xcom.py took 0.064 seconds
[2026-06-01T12:22:38.053+0000] {processor.py:161} INFO - Started process (PID=44973) to work on /home/airflow/.local/lib/python3.12/site-packages/airflow/example_dags/example_xcom.py
[2026-06-01T12:22:38.054+0000] {processor.py:830} INFO - Processing file /home/airflow/.local/lib/python3.12/site-packages/airflow/example_dags/example_xcom.py for tasks to queue
[2026-06-01T12:22:38.056+0000] {logging_mixin.py:188} INFO - [2026-06-01T12:22:38.055+0000] {dagbag.py:540} INFO - Filling up the DagBag from /home/airflow/.local/lib/python3.12/site-packages/airflow/example_dags/example_xcom.py
[2026-06-01T12:22:38.062+0000] {processor.py:840} INFO - DAG(s) 'example_xcom' retrieved from /home/airflow/.local/lib/python3.12/site-packages/airflow/example_dags/example_xcom.py
[2026-06-01T12:22:38.080+0000] {logging_mixin.py:188} INFO - [2026-06-01T12:22:38.080+0000] {dag.py:3096} INFO - Sync 1 DAGs
[2026-06-01T12:22:38.098+0000] {logging_mixin.py:188} INFO - [2026-06-01T12:22:38.098+0000] {dag.py:3954} INFO - Setting next_dagrun for example_xcom to 2021-01-01 00:00:00+00:00, run_after=2021-01-01 00:00:00+00:00
[2026-06-01T12:22:38.114+0000] {processor.py:183} INFO - Processing /home/airflow/.local/lib/python3.12/site-packages/airflow/example_dags/example_xcom.py took 0.066 seconds
[2026-06-01T12:23:08.539+0000] {processor.py:161} INFO - Started process (PID=45033) to work on /home/airflow/.local/lib/python3.12/site-packages/airflow/example_dags/example_xcom.py
[2026-06-01T12:23:08.540+0000] {processor.py:830} INFO - Processing file /home/airflow/.local/lib/python3.12/site-packages/airflow/example_dags/example_xcom.py for tasks to queue
[2026-06-01T12:23:08.542+0000] {logging_mixin.py:188} INFO - [2026-06-01T12:23:08.542+0000] {dagbag.py:540} INFO - Filling up the DagBag from /home/airflow/.local/lib/python3.12/site-packages/airflow/example_dags/example_xcom.py
[2026-06-01T12:23:08.549+0000] {processor.py:840} INFO - DAG(s) 'example_xcom' retrieved from /home/airflow/.local/lib/python3.12/site-packages/airflow/example_dags/example_xcom.py
[2026-06-01T12:23:08.565+0000] {logging_mixin.py:188} INFO - [2026-06-01T12:23:08.565+0000] {dag.py:3096} INFO - Sync 1 DAGs
[2026-06-01T12:23:08.584+0000] {logging_mixin.py:188} INFO - [2026-06-01T12:23:08.584+0000] {dag.py:3954} INFO - Setting next_dagrun for example_xcom to 2021-01-01 00:00:00+00:00, run_after=2021-01-01 00:00:00+00:00
[2026-06-01T12:23:08.600+0000] {processor.py:183} INFO - Processing /home/airflow/.local/lib/python3.12/site-packages/airflow/example_dags/example_xcom.py took 0.067 seconds
[2026-06-01T12:23:39.058+0000] {processor.py:161} INFO - Started process (PID=45092) to work on /home/airflow/.local/lib/python3.12/site-packages/airflow/example_dags/example_xcom.py
[2026-06-01T12:23:39.059+0000] {processor.py:830} INFO - Processing file /home/airflow/.local/lib/python3.12/site-packages/airflow/example_dags/example_xcom.py for tasks to queue
[2026-06-01T12:23:39.061+0000] {logging_mixin.py:188} INFO - [2026-06-01T12:23:39.061+0000] {dagbag.py:540} INFO - Filling up the DagBag from /home/airflow/.local/lib/python3.12/site-packages/airflow/example_dags/example_xcom.py
[2026-06-01T12:23:39.068+0000] {processor.py:840} INFO - DAG(s) 'example_xcom' retrieved from /home/airflow/.local/lib/python3.12/site-packages/airflow/example_dags/example_xcom.py
[2026-06-01T12:23:39.088+0000] {logging_mixin.py:188} INFO - [2026-06-01T12:23:39.088+0000] {dag.py:3096} INFO - Sync 1 DAGs
[2026-06-01T12:23:39.107+0000] {logging_mixin.py:188} INFO - [2026-06-01T12:23:39.107+0000] {dag.py:3954} INFO - Setting next_dagrun for example_xcom to 2021-01-01 00:00:00+00:00, run_after=2021-01-01 00:00:00+00:00
[2026-06-01T12:23:39.123+0000] {processor.py:183} INFO - Processing /home/airflow/.local/lib/python3.12/site-packages/airflow/example_dags/example_xcom.py took 0.071 seconds
[2026-06-01T12:24:09.626+0000] {processor.py:161} INFO - Started process (PID=45151) to work on /home/airflow/.local/lib/python3.12/site-packages/airflow/example_dags/example_xcom.py
[2026-06-01T12:24:09.627+0000] {processor.py:830} INFO - Processing file /home/airflow/.local/lib/python3.12/site-packages/airflow/example_dags/example_xcom.py for tasks to queue
[2026-06-01T12:24:09.629+0000] {logging_mixin.py:188} INFO - [2026-06-01T12:24:09.628+0000] {dagbag.py:540} INFO - Filling up the DagBag from /home/airflow/.local/lib/python3.12/site-packages/airflow/example_dags/example_xcom.py
[2026-06-01T12:24:09.637+0000] {processor.py:840} INFO - DAG(s) 'example_xcom' retrieved from /home/airflow/.local/lib/python3.12/site-packages/airflow/example_dags/example_xcom.py
[2026-06-01T12:24:09.658+0000] {logging_mixin.py:188} INFO - [2026-06-01T12:24:09.657+0000] {dag.py:3096} INFO - Sync 1 DAGs
[2026-06-01T12:24:09.677+0000] {logging_mixin.py:188} INFO - [2026-06-01T12:24:09.677+0000] {dag.py:3954} INFO - Setting next_dagrun for example_xcom to 2021-01-01 00:00:00+00:00, run_after=2021-01-01 00:00:00+00:00
[2026-06-01T12:24:09.694+0000] {processor.py:183} INFO - Processing /home/airflow/.local/lib/python3.12/site-packages/airflow/example_dags/example_xcom.py took 0.073 seconds
[2026-06-01T12:24:40.233+0000] {processor.py:161} INFO - Started process (PID=45210) to work on /home/airflow/.local/lib/python3.12/site-packages/airflow/example_dags/example_xcom.py
[2026-06-01T12:24:40.235+0000] {processor.py:830} INFO - Processing file /home/airflow/.local/lib/python3.12/site-packages/airflow/example_dags/example_xcom.py for tasks to queue
[2026-06-01T12:24:40.236+0000] {logging_mixin.py:188} INFO - [2026-06-01T12:24:40.236+0000] {dagbag.py:540} INFO - Filling up the DagBag from /home/airflow/.local/lib/python3.12/site-packages/airflow/example_dags/example_xcom.py
[2026-06-01T12:24:40.243+0000] {processor.py:840} INFO - DAG(s) 'example_xcom' retrieved from /home/airflow/.local/lib/python3.12/site-packages/airflow/example_dags/example_xcom.py
[2026-06-01T12:24:40.260+0000] {logging_mixin.py:188} INFO - [2026-06-01T12:24:40.260+0000] {dag.py:3096} INFO - Sync 1 DAGs
[2026-06-01T12:24:40.277+0000] {logging_mixin.py:188} INFO - [2026-06-01T12:24:40.277+0000] {dag.py:3954} INFO - Setting next_dagrun for example_xcom to 2021-01-01 00:00:00+00:00, run_after=2021-01-01 00:00:00+00:00
[2026-06-01T12:24:40.293+0000] {processor.py:183} INFO - Processing /home/airflow/.local/lib/python3.12/site-packages/airflow/example_dags/example_xcom.py took 0.064 seconds
[2026-06-01T12:25:10.928+0000] {processor.py:161} INFO - Started process (PID=45269) to work on /home/airflow/.local/lib/python3.12/site-packages/airflow/example_dags/example_xcom.py
[2026-06-01T12:25:10.929+0000] {processor.py:830} INFO - Processing file /home/airflow/.local/lib/python3.12/site-packages/airflow/example_dags/example_xcom.py for tasks to queue
[2026-06-01T12:25:10.931+0000] {logging_mixin.py:188} INFO - [2026-06-01T12:25:10.931+0000] {dagbag.py:540} INFO - Filling up the DagBag from /home/airflow/.local/lib/python3.12/site-packages/airflow/example_dags/example_xcom.py
[2026-06-01T12:25:10.937+0000] {processor.py:840} INFO - DAG(s) 'example_xcom' retrieved from /home/airflow/.local/lib/python3.12/site-packages/airflow/example_dags/example_xcom.py
[2026-06-01T12:25:10.955+0000] {logging_mixin.py:188} INFO - [2026-06-01T12:25:10.955+0000] {dag.py:3096} INFO - Sync 1 DAGs
[2026-06-01T12:25:10.973+0000] {logging_mixin.py:188} INFO - [2026-06-01T12:25:10.972+0000] {dag.py:3954} INFO - Setting next_dagrun for example_xcom to 2021-01-01 00:00:00+00:00, run_after=2021-01-01 00:00:00+00:00
[2026-06-01T12:25:10.988+0000] {processor.py:183} INFO - Processing /home/airflow/.local/lib/python3.12/site-packages/airflow/example_dags/example_xcom.py took 0.066 seconds
[2026-06-01T12:25:41.405+0000] {processor.py:161} INFO - Started process (PID=45328) to work on /home/airflow/.local/lib/python3.12/site-packages/airflow/example_dags/example_xcom.py
[2026-06-01T12:25:41.406+0000] {processor.py:830} INFO - Processing file /home/airflow/.local/lib/python3.12/site-packages/airflow/example_dags/example_xcom.py for tasks to queue
[2026-06-01T12:25:41.408+0000] {logging_mixin.py:188} INFO - [2026-06-01T12:25:41.407+0000] {dagbag.py:540} INFO - Filling up the DagBag from /home/airflow/.local/lib/python3.12/site-packages/airflow/example_dags/example_xcom.py
[2026-06-01T12:25:41.415+0000] {processor.py:840} INFO - DAG(s) 'example_xcom' retrieved from /home/airflow/.local/lib/python3.12/site-packages/airflow/example_dags/example_xcom.py
[2026-06-01T12:25:41.433+0000] {logging_mixin.py:188} INFO - [2026-06-01T12:25:41.433+0000] {dag.py:3096} INFO - Sync 1 DAGs
[2026-06-01T12:25:41.452+0000] {logging_mixin.py:188} INFO - [2026-06-01T12:25:41.451+0000] {dag.py:3954} INFO - Setting next_dagrun for example_xcom to 2021-01-01 00:00:00+00:00, run_after=2021-01-01 00:00:00+00:00
[2026-06-01T12:25:41.469+0000] {processor.py:183} INFO - Processing /home/airflow/.local/lib/python3.12/site-packages/airflow/example_dags/example_xcom.py took 0.070 seconds
[2026-06-01T12:26:12.016+0000] {processor.py:161} INFO - Started process (PID=45387) to work on /home/airflow/.local/lib/python3.12/site-packages/airflow/example_dags/example_xcom.py
[2026-06-01T12:26:12.017+0000] {processor.py:830} INFO - Processing file /home/airflow/.local/lib/python3.12/site-packages/airflow/example_dags/example_xcom.py for tasks to queue
[2026-06-01T12:26:12.019+0000] {logging_mixin.py:188} INFO - [2026-06-01T12:26:12.018+0000] {dagbag.py:540} INFO - Filling up the DagBag from /home/airflow/.local/lib/python3.12/site-packages/airflow/example_dags/example_xcom.py
[2026-06-01T12:26:12.026+0000] {processor.py:840} INFO - DAG(s) 'example_xcom' retrieved from /home/airflow/.local/lib/python3.12/site-packages/airflow/example_dags/example_xcom.py
[2026-06-01T12:26:12.044+0000] {logging_mixin.py:188} INFO - [2026-06-01T12:26:12.044+0000] {dag.py:3096} INFO - Sync 1 DAGs
[2026-06-01T12:26:12.061+0000] {logging_mixin.py:188} INFO - [2026-06-01T12:26:12.061+0000] {dag.py:3954} INFO - Setting next_dagrun for example_xcom to 2021-01-01 00:00:00+00:00, run_after=2021-01-01 00:00:00+00:00
[2026-06-01T12:26:12.077+0000] {processor.py:183} INFO - Processing /home/airflow/.local/lib/python3.12/site-packages/airflow/example_dags/example_xcom.py took 0.067 seconds
[2026-06-01T12:26:42.625+0000] {processor.py:161} INFO - Started process (PID=45446) to work on /home/airflow/.local/lib/python3.12/site-packages/airflow/example_dags/example_xcom.py
[2026-06-01T12:26:42.626+0000] {processor.py:830} INFO - Processing file /home/airflow/.local/lib/python3.12/site-packages/airflow/example_dags/example_xcom.py for tasks to queue
[2026-06-01T12:26:42.628+0000] {logging_mixin.py:188} INFO - [2026-06-01T12:26:42.628+0000] {dagbag.py:540} INFO - Filling up the DagBag from /home/airflow/.local/lib/python3.12/site-packages/airflow/example_dags/example_xcom.py
[2026-06-01T12:26:42.635+0000] {processor.py:840} INFO - DAG(s) 'example_xcom' retrieved from /home/airflow/.local/lib/python3.12/site-packages/airflow/example_dags/example_xcom.py
[2026-06-01T12:26:42.654+0000] {logging_mixin.py:188} INFO - [2026-06-01T12:26:42.654+0000] {dag.py:3096} INFO - Sync 1 DAGs
[2026-06-01T12:26:42.673+0000] {logging_mixin.py:188} INFO - [2026-06-01T12:26:42.673+0000] {dag.py:3954} INFO - Setting next_dagrun for example_xcom to 2021-01-01 00:00:00+00:00, run_after=2021-01-01 00:00:00+00:00
[2026-06-01T12:26:42.690+0000] {processor.py:183} INFO - Processing /home/airflow/.local/lib/python3.12/site-packages/airflow/example_dags/example_xcom.py took 0.070 seconds
[2026-06-01T12:27:13.068+0000] {processor.py:161} INFO - Started process (PID=45505) to work on /home/airflow/.local/lib/python3.12/site-packages/airflow/example_dags/example_xcom.py
[2026-06-01T12:27:13.069+0000] {processor.py:830} INFO - Processing file /home/airflow/.local/lib/python3.12/site-packages/airflow/example_dags/example_xcom.py for tasks to queue
[2026-06-01T12:27:13.072+0000] {logging_mixin.py:188} INFO - [2026-06-01T12:27:13.071+0000] {dagbag.py:540} INFO - Filling up the DagBag from /home/airflow/.local/lib/python3.12/site-packages/airflow/example_dags/example_xcom.py
[2026-06-01T12:27:13.079+0000] {processor.py:840} INFO - DAG(s) 'example_xcom' retrieved from /home/airflow/.local/lib/python3.12/site-packages/airflow/example_dags/example_xcom.py
[2026-06-01T12:27:13.098+0000] {logging_mixin.py:188} INFO - [2026-06-01T12:27:13.097+0000] {dag.py:3096} INFO - Sync 1 DAGs
[2026-06-01T12:27:13.116+0000] {logging_mixin.py:188} INFO - [2026-06-01T12:27:13.116+0000] {dag.py:3954} INFO - Setting next_dagrun for example_xcom to 2021-01-01 00:00:00+00:00, run_after=2021-01-01 00:00:00+00:00
[2026-06-01T12:27:13.132+0000] {processor.py:183} INFO - Processing /home/airflow/.local/lib/python3.12/site-packages/airflow/example_dags/example_xcom.py took 0.069 seconds
[2026-06-01T12:27:43.592+0000] {processor.py:161} INFO - Started process (PID=45564) to work on /home/airflow/.local/lib/python3.12/site-packages/airflow/example_dags/example_xcom.py
[2026-06-01T12:27:43.593+0000] {processor.py:830} INFO - Processing file /home/airflow/.local/lib/python3.12/site-packages/airflow/example_dags/example_xcom.py for tasks to queue
[2026-06-01T12:27:43.596+0000] {logging_mixin.py:188} INFO - [2026-06-01T12:27:43.596+0000] {dagbag.py:540} INFO - Filling up the DagBag from /home/airflow/.local/lib/python3.12/site-packages/airflow/example_dags/example_xcom.py
[2026-06-01T12:27:43.603+0000] {processor.py:840} INFO - DAG(s) 'example_xcom' retrieved from /home/airflow/.local/lib/python3.12/site-packages/airflow/example_dags/example_xcom.py
[2026-06-01T12:27:43.623+0000] {logging_mixin.py:188} INFO - [2026-06-01T12:27:43.623+0000] {dag.py:3096} INFO - Sync 1 DAGs
[2026-06-01T12:27:43.644+0000] {logging_mixin.py:188} INFO - [2026-06-01T12:27:43.644+0000] {dag.py:3954} INFO - Setting next_dagrun for example_xcom to 2021-01-01 00:00:00+00:00, run_after=2021-01-01 00:00:00+00:00
[2026-06-01T12:27:43.660+0000] {processor.py:183} INFO - Processing /home/airflow/.local/lib/python3.12/site-packages/airflow/example_dags/example_xcom.py took 0.075 seconds
[2026-06-01T12:28:14.120+0000] {processor.py:161} INFO - Started process (PID=45623) to work on /home/airflow/.local/lib/python3.12/site-packages/airflow/example_dags/example_xcom.py
[2026-06-01T12:28:14.121+0000] {processor.py:830} INFO - Processing file /home/airflow/.local/lib/python3.12/site-packages/airflow/example_dags/example_xcom.py for tasks to queue
[2026-06-01T12:28:14.123+0000] {logging_mixin.py:188} INFO - [2026-06-01T12:28:14.123+0000] {dagbag.py:540} INFO - Filling up the DagBag from /home/airflow/.local/lib/python3.12/site-packages/airflow/example_dags/example_xcom.py
[2026-06-01T12:28:14.129+0000] {processor.py:840} INFO - DAG(s) 'example_xcom' retrieved from /home/airflow/.local/lib/python3.12/site-packages/airflow/example_dags/example_xcom.py
[2026-06-01T12:28:14.147+0000] {logging_mixin.py:188} INFO - [2026-06-01T12:28:14.146+0000] {dag.py:3096} INFO - Sync 1 DAGs
[2026-06-01T12:28:14.164+0000] {logging_mixin.py:188} INFO - [2026-06-01T12:28:14.164+0000] {dag.py:3954} INFO - Setting next_dagrun for example_xcom to 2021-01-01 00:00:00+00:00, run_after=2021-01-01 00:00:00+00:00
[2026-06-01T12:28:14.180+0000] {processor.py:183} INFO - Processing /home/airflow/.local/lib/python3.12/site-packages/airflow/example_dags/example_xcom.py took 0.066 seconds
[2026-06-01T12:28:44.639+0000] {processor.py:161} INFO - Started process (PID=45682) to work on /home/airflow/.local/lib/python3.12/site-packages/airflow/example_dags/example_xcom.py
[2026-06-01T12:28:44.641+0000] {processor.py:830} INFO - Processing file /home/airflow/.local/lib/python3.12/site-packages/airflow/example_dags/example_xcom.py for tasks to queue
[2026-06-01T12:28:44.643+0000] {logging_mixin.py:188} INFO - [2026-06-01T12:28:44.642+0000] {dagbag.py:540} INFO - Filling up the DagBag from /home/airflow/.local/lib/python3.12/site-packages/airflow/example_dags/example_xcom.py
[2026-06-01T12:28:44.649+0000] {processor.py:840} INFO - DAG(s) 'example_xcom' retrieved from /home/airflow/.local/lib/python3.12/site-packages/airflow/example_dags/example_xcom.py
[2026-06-01T12:28:44.666+0000] {logging_mixin.py:188} INFO - [2026-06-01T12:28:44.666+0000] {dag.py:3096} INFO - Sync 1 DAGs
[2026-06-01T12:28:44.683+0000] {logging_mixin.py:188} INFO - [2026-06-01T12:28:44.683+0000] {dag.py:3954} INFO - Setting next_dagrun for example_xcom to 2021-01-01 00:00:00+00:00, run_after=2021-01-01 00:00:00+00:00
[2026-06-01T12:28:44.699+0000] {processor.py:183} INFO - Processing /home/airflow/.local/lib/python3.12/site-packages/airflow/example_dags/example_xcom.py took 0.065 seconds
[2026-06-01T12:29:15.149+0000] {processor.py:161} INFO - Started process (PID=45741) to work on /home/airflow/.local/lib/python3.12/site-packages/airflow/example_dags/example_xcom.py
[2026-06-01T12:29:15.150+0000] {processor.py:830} INFO - Processing file /home/airflow/.local/lib/python3.12/site-packages/airflow/example_dags/example_xcom.py for tasks to queue
[2026-06-01T12:29:15.152+0000] {logging_mixin.py:188} INFO - [2026-06-01T12:29:15.152+0000] {dagbag.py:540} INFO - Filling up the DagBag from /home/airflow/.local/lib/python3.12/site-packages/airflow/example_dags/example_xcom.py
[2026-06-01T12:29:15.158+0000] {processor.py:840} INFO - DAG(s) 'example_xcom' retrieved from /home/airflow/.local/lib/python3.12/site-packages/airflow/example_dags/example_xcom.py
[2026-06-01T12:29:15.176+0000] {logging_mixin.py:188} INFO - [2026-06-01T12:29:15.176+0000] {dag.py:3096} INFO - Sync 1 DAGs
[2026-06-01T12:29:15.195+0000] {logging_mixin.py:188} INFO - [2026-06-01T12:29:15.194+0000] {dag.py:3954} INFO - Setting next_dagrun for example_xcom to 2021-01-01 00:00:00+00:00, run_after=2021-01-01 00:00:00+00:00
[2026-06-01T12:29:15.212+0000] {processor.py:183} INFO - Processing /home/airflow/.local/lib/python3.12/site-packages/airflow/example_dags/example_xcom.py took 0.068 seconds
[2026-06-01T12:29:45.769+0000] {processor.py:161} INFO - Started process (PID=45800) to work on /home/airflow/.local/lib/python3.12/site-packages/airflow/example_dags/example_xcom.py
[2026-06-01T12:29:45.771+0000] {processor.py:830} INFO - Processing file /home/airflow/.local/lib/python3.12/site-packages/airflow/example_dags/example_xcom.py for tasks to queue
[2026-06-01T12:29:45.773+0000] {logging_mixin.py:188} INFO - [2026-06-01T12:29:45.773+0000] {dagbag.py:540} INFO - Filling up the DagBag from /home/airflow/.local/lib/python3.12/site-packages/airflow/example_dags/example_xcom.py
[2026-06-01T12:29:45.782+0000] {processor.py:840} INFO - DAG(s) 'example_xcom' retrieved from /home/airflow/.local/lib/python3.12/site-packages/airflow/example_dags/example_xcom.py
[2026-06-01T12:29:45.808+0000] {logging_mixin.py:188} INFO - [2026-06-01T12:29:45.808+0000] {dag.py:3096} INFO - Sync 1 DAGs
[2026-06-01T12:29:45.827+0000] {logging_mixin.py:188} INFO - [2026-06-01T12:29:45.827+0000] {dag.py:3954} INFO - Setting next_dagrun for example_xcom to 2021-01-01 00:00:00+00:00, run_after=2021-01-01 00:00:00+00:00
[2026-06-01T12:29:45.843+0000] {processor.py:183} INFO - Processing /home/airflow/.local/lib/python3.12/site-packages/airflow/example_dags/example_xcom.py took 0.081 seconds
[2026-06-01T12:30:15.928+0000] {processor.py:161} INFO - Started process (PID=45859) to work on /home/airflow/.local/lib/python3.12/site-packages/airflow/example_dags/example_xcom.py
[2026-06-01T12:30:15.929+0000] {processor.py:830} INFO - Processing file /home/airflow/.local/lib/python3.12/site-packages/airflow/example_dags/example_xcom.py for tasks to queue
[2026-06-01T12:30:15.931+0000] {logging_mixin.py:188} INFO - [2026-06-01T12:30:15.931+0000] {dagbag.py:540} INFO - Filling up the DagBag from /home/airflow/.local/lib/python3.12/site-packages/airflow/example_dags/example_xcom.py
[2026-06-01T12:30:15.938+0000] {processor.py:840} INFO - DAG(s) 'example_xcom' retrieved from /home/airflow/.local/lib/python3.12/site-packages/airflow/example_dags/example_xcom.py
[2026-06-01T12:30:15.955+0000] {logging_mixin.py:188} INFO - [2026-06-01T12:30:15.955+0000] {dag.py:3096} INFO - Sync 1 DAGs
[2026-06-01T12:30:15.972+0000] {logging_mixin.py:188} INFO - [2026-06-01T12:30:15.972+0000] {dag.py:3954} INFO - Setting next_dagrun for example_xcom to 2021-01-01 00:00:00+00:00, run_after=2021-01-01 00:00:00+00:00
[2026-06-01T12:30:15.988+0000] {processor.py:183} INFO - Processing /home/airflow/.local/lib/python3.12/site-packages/airflow/example_dags/example_xcom.py took 0.067 seconds
[2026-06-01T12:30:46.717+0000] {processor.py:161} INFO - Started process (PID=45916) to work on /home/airflow/.local/lib/python3.12/site-packages/airflow/example_dags/example_xcom.py
[2026-06-01T12:30:46.720+0000] {processor.py:830} INFO - Processing file /home/airflow/.local/lib/python3.12/site-packages/airflow/example_dags/example_xcom.py for tasks to queue
[2026-06-01T12:30:46.723+0000] {logging_mixin.py:188} INFO - [2026-06-01T12:30:46.723+0000] {dagbag.py:540} INFO - Filling up the DagBag from /home/airflow/.local/lib/python3.12/site-packages/airflow/example_dags/example_xcom.py
[2026-06-01T12:30:46.731+0000] {processor.py:840} INFO - DAG(s) 'example_xcom' retrieved from /home/airflow/.local/lib/python3.12/site-packages/airflow/example_dags/example_xcom.py
[2026-06-01T12:30:46.751+0000] {logging_mixin.py:188} INFO - [2026-06-01T12:30:46.750+0000] {dag.py:3096} INFO - Sync 1 DAGs
[2026-06-01T12:30:46.771+0000] {logging_mixin.py:188} INFO - [2026-06-01T12:30:46.771+0000] {dag.py:3954} INFO - Setting next_dagrun for example_xcom to 2021-01-01 00:00:00+00:00, run_after=2021-01-01 00:00:00+00:00
[2026-06-01T12:30:46.790+0000] {processor.py:183} INFO - Processing /home/airflow/.local/lib/python3.12/site-packages/airflow/example_dags/example_xcom.py took 0.079 seconds
[2026-06-01T12:31:16.960+0000] {processor.py:161} INFO - Started process (PID=45975) to work on /home/airflow/.local/lib/python3.12/site-packages/airflow/example_dags/example_xcom.py
[2026-06-01T12:31:16.962+0000] {processor.py:830} INFO - Processing file /home/airflow/.local/lib/python3.12/site-packages/airflow/example_dags/example_xcom.py for tasks to queue
[2026-06-01T12:31:16.964+0000] {logging_mixin.py:188} INFO - [2026-06-01T12:31:16.964+0000] {dagbag.py:540} INFO - Filling up the DagBag from /home/airflow/.local/lib/python3.12/site-packages/airflow/example_dags/example_xcom.py
[2026-06-01T12:31:16.975+0000] {processor.py:840} INFO - DAG(s) 'example_xcom' retrieved from /home/airflow/.local/lib/python3.12/site-packages/airflow/example_dags/example_xcom.py
[2026-06-01T12:31:17.001+0000] {logging_mixin.py:188} INFO - [2026-06-01T12:31:17.000+0000] {dag.py:3096} INFO - Sync 1 DAGs
[2026-06-01T12:31:17.023+0000] {logging_mixin.py:188} INFO - [2026-06-01T12:31:17.023+0000] {dag.py:3954} INFO - Setting next_dagrun for example_xcom to 2021-01-01 00:00:00+00:00, run_after=2021-01-01 00:00:00+00:00
[2026-06-01T12:31:17.045+0000] {processor.py:183} INFO - Processing /home/airflow/.local/lib/python3.12/site-packages/airflow/example_dags/example_xcom.py took 0.091 seconds
[2026-06-01T12:31:47.171+0000] {processor.py:161} INFO - Started process (PID=46034) to work on /home/airflow/.local/lib/python3.12/site-packages/airflow/example_dags/example_xcom.py
[2026-06-01T12:31:47.172+0000] {processor.py:830} INFO - Processing file /home/airflow/.local/lib/python3.12/site-packages/airflow/example_dags/example_xcom.py for tasks to queue
[2026-06-01T12:31:47.174+0000] {logging_mixin.py:188} INFO - [2026-06-01T12:31:47.174+0000] {dagbag.py:540} INFO - Filling up the DagBag from /home/airflow/.local/lib/python3.12/site-packages/airflow/example_dags/example_xcom.py
[2026-06-01T12:31:47.181+0000] {processor.py:840} INFO - DAG(s) 'example_xcom' retrieved from /home/airflow/.local/lib/python3.12/site-packages/airflow/example_dags/example_xcom.py
[2026-06-01T12:31:47.198+0000] {logging_mixin.py:188} INFO - [2026-06-01T12:31:47.198+0000] {dag.py:3096} INFO - Sync 1 DAGs
[2026-06-01T12:31:47.218+0000] {logging_mixin.py:188} INFO - [2026-06-01T12:31:47.218+0000] {dag.py:3954} INFO - Setting next_dagrun for example_xcom to 2021-01-01 00:00:00+00:00, run_after=2021-01-01 00:00:00+00:00
[2026-06-01T12:31:47.233+0000] {processor.py:183} INFO - Processing /home/airflow/.local/lib/python3.12/site-packages/airflow/example_dags/example_xcom.py took 0.067 seconds
[2026-06-01T12:32:17.646+0000] {processor.py:161} INFO - Started process (PID=46093) to work on /home/airflow/.local/lib/python3.12/site-packages/airflow/example_dags/example_xcom.py
[2026-06-01T12:32:17.648+0000] {processor.py:830} INFO - Processing file /home/airflow/.local/lib/python3.12/site-packages/airflow/example_dags/example_xcom.py for tasks to queue
[2026-06-01T12:32:17.650+0000] {logging_mixin.py:188} INFO - [2026-06-01T12:32:17.649+0000] {dagbag.py:540} INFO - Filling up the DagBag from /home/airflow/.local/lib/python3.12/site-packages/airflow/example_dags/example_xcom.py
[2026-06-01T12:32:17.658+0000] {processor.py:840} INFO - DAG(s) 'example_xcom' retrieved from /home/airflow/.local/lib/python3.12/site-packages/airflow/example_dags/example_xcom.py
[2026-06-01T12:32:17.693+0000] {logging_mixin.py:188} INFO - [2026-06-01T12:32:17.692+0000] {dag.py:3096} INFO - Sync 1 DAGs
[2026-06-01T12:32:17.715+0000] {logging_mixin.py:188} INFO - [2026-06-01T12:32:17.715+0000] {dag.py:3954} INFO - Setting next_dagrun for example_xcom to 2021-01-01 00:00:00+00:00, run_after=2021-01-01 00:00:00+00:00
[2026-06-01T12:32:17.731+0000] {processor.py:183} INFO - Processing /home/airflow/.local/lib/python3.12/site-packages/airflow/example_dags/example_xcom.py took 0.091 seconds
[2026-06-01T12:32:47.918+0000] {processor.py:161} INFO - Started process (PID=46152) to work on /home/airflow/.local/lib/python3.12/site-packages/airflow/example_dags/example_xcom.py
[2026-06-01T12:32:47.919+0000] {processor.py:830} INFO - Processing file /home/airflow/.local/lib/python3.12/site-packages/airflow/example_dags/example_xcom.py for tasks to queue
[2026-06-01T12:32:47.921+0000] {logging_mixin.py:188} INFO - [2026-06-01T12:32:47.920+0000] {dagbag.py:540} INFO - Filling up the DagBag from /home/airflow/.local/lib/python3.12/site-packages/airflow/example_dags/example_xcom.py
[2026-06-01T12:32:47.927+0000] {processor.py:840} INFO - DAG(s) 'example_xcom' retrieved from /home/airflow/.local/lib/python3.12/site-packages/airflow/example_dags/example_xcom.py
[2026-06-01T12:32:47.943+0000] {logging_mixin.py:188} INFO - [2026-06-01T12:32:47.943+0000] {dag.py:3096} INFO - Sync 1 DAGs
[2026-06-01T12:32:47.959+0000] {logging_mixin.py:188} INFO - [2026-06-01T12:32:47.958+0000] {dag.py:3954} INFO - Setting next_dagrun for example_xcom to 2021-01-01 00:00:00+00:00, run_after=2021-01-01 00:00:00+00:00
[2026-06-01T12:32:47.978+0000] {processor.py:183} INFO - Processing /home/airflow/.local/lib/python3.12/site-packages/airflow/example_dags/example_xcom.py took 0.066 seconds
[2026-06-01T12:33:18.136+0000] {processor.py:161} INFO - Started process (PID=46211) to work on /home/airflow/.local/lib/python3.12/site-packages/airflow/example_dags/example_xcom.py
[2026-06-01T12:33:18.137+0000] {processor.py:830} INFO - Processing file /home/airflow/.local/lib/python3.12/site-packages/airflow/example_dags/example_xcom.py for tasks to queue
[2026-06-01T12:33:18.139+0000] {logging_mixin.py:188} INFO - [2026-06-01T12:33:18.139+0000] {dagbag.py:540} INFO - Filling up the DagBag from /home/airflow/.local/lib/python3.12/site-packages/airflow/example_dags/example_xcom.py
[2026-06-01T12:33:18.147+0000] {processor.py:840} INFO - DAG(s) 'example_xcom' retrieved from /home/airflow/.local/lib/python3.12/site-packages/airflow/example_dags/example_xcom.py
[2026-06-01T12:33:18.170+0000] {logging_mixin.py:188} INFO - [2026-06-01T12:33:18.169+0000] {dag.py:3096} INFO - Sync 1 DAGs
[2026-06-01T12:33:18.193+0000] {logging_mixin.py:188} INFO - [2026-06-01T12:33:18.192+0000] {dag.py:3954} INFO - Setting next_dagrun for example_xcom to 2021-01-01 00:00:00+00:00, run_after=2021-01-01 00:00:00+00:00
[2026-06-01T12:33:18.216+0000] {processor.py:183} INFO - Processing /home/airflow/.local/lib/python3.12/site-packages/airflow/example_dags/example_xcom.py took 0.087 seconds
[2026-06-01T12:33:48.343+0000] {processor.py:161} INFO - Started process (PID=46270) to work on /home/airflow/.local/lib/python3.12/site-packages/airflow/example_dags/example_xcom.py
[2026-06-01T12:33:48.352+0000] {processor.py:830} INFO - Processing file /home/airflow/.local/lib/python3.12/site-packages/airflow/example_dags/example_xcom.py for tasks to queue
[2026-06-01T12:33:48.359+0000] {logging_mixin.py:188} INFO - [2026-06-01T12:33:48.358+0000] {dagbag.py:540} INFO - Filling up the DagBag from /home/airflow/.local/lib/python3.12/site-packages/airflow/example_dags/example_xcom.py
[2026-06-01T12:33:48.372+0000] {processor.py:840} INFO - DAG(s) 'example_xcom' retrieved from /home/airflow/.local/lib/python3.12/site-packages/airflow/example_dags/example_xcom.py
[2026-06-01T12:33:48.401+0000] {logging_mixin.py:188} INFO - [2026-06-01T12:33:48.401+0000] {dag.py:3096} INFO - Sync 1 DAGs
[2026-06-01T12:33:48.421+0000] {logging_mixin.py:188} INFO - [2026-06-01T12:33:48.421+0000] {dag.py:3954} INFO - Setting next_dagrun for example_xcom to 2021-01-01 00:00:00+00:00, run_after=2021-01-01 00:00:00+00:00
[2026-06-01T12:33:48.442+0000] {processor.py:183} INFO - Processing /home/airflow/.local/lib/python3.12/site-packages/airflow/example_dags/example_xcom.py took 0.110 seconds
[2026-06-01T12:34:18.668+0000] {processor.py:161} INFO - Started process (PID=46329) to work on /home/airflow/.local/lib/python3.12/site-packages/airflow/example_dags/example_xcom.py
[2026-06-01T12:34:18.670+0000] {processor.py:830} INFO - Processing file /home/airflow/.local/lib/python3.12/site-packages/airflow/example_dags/example_xcom.py for tasks to queue
[2026-06-01T12:34:18.672+0000] {logging_mixin.py:188} INFO - [2026-06-01T12:34:18.671+0000] {dagbag.py:540} INFO - Filling up the DagBag from /home/airflow/.local/lib/python3.12/site-packages/airflow/example_dags/example_xcom.py
[2026-06-01T12:34:18.678+0000] {processor.py:840} INFO - DAG(s) 'example_xcom' retrieved from /home/airflow/.local/lib/python3.12/site-packages/airflow/example_dags/example_xcom.py
[2026-06-01T12:34:18.701+0000] {logging_mixin.py:188} INFO - [2026-06-01T12:34:18.700+0000] {dag.py:3096} INFO - Sync 1 DAGs
[2026-06-01T12:34:18.720+0000] {logging_mixin.py:188} INFO - [2026-06-01T12:34:18.719+0000] {dag.py:3954} INFO - Setting next_dagrun for example_xcom to 2021-01-01 00:00:00+00:00, run_after=2021-01-01 00:00:00+00:00
[2026-06-01T12:34:18.738+0000] {processor.py:183} INFO - Processing /home/airflow/.local/lib/python3.12/site-packages/airflow/example_dags/example_xcom.py took 0.075 seconds
[2026-06-01T12:34:49.451+0000] {processor.py:161} INFO - Started process (PID=46387) to work on /home/airflow/.local/lib/python3.12/site-packages/airflow/example_dags/example_xcom.py
[2026-06-01T12:34:49.453+0000] {processor.py:830} INFO - Processing file /home/airflow/.local/lib/python3.12/site-packages/airflow/example_dags/example_xcom.py for tasks to queue
[2026-06-01T12:34:49.454+0000] {logging_mixin.py:188} INFO - [2026-06-01T12:34:49.454+0000] {dagbag.py:540} INFO - Filling up the DagBag from /home/airflow/.local/lib/python3.12/site-packages/airflow/example_dags/example_xcom.py
[2026-06-01T12:34:49.461+0000] {processor.py:840} INFO - DAG(s) 'example_xcom' retrieved from /home/airflow/.local/lib/python3.12/site-packages/airflow/example_dags/example_xcom.py
[2026-06-01T12:34:49.477+0000] {logging_mixin.py:188} INFO - [2026-06-01T12:34:49.477+0000] {dag.py:3096} INFO - Sync 1 DAGs
[2026-06-01T12:34:49.494+0000] {logging_mixin.py:188} INFO - [2026-06-01T12:34:49.494+0000] {dag.py:3954} INFO - Setting next_dagrun for example_xcom to 2021-01-01 00:00:00+00:00, run_after=2021-01-01 00:00:00+00:00
[2026-06-01T12:34:49.508+0000] {processor.py:183} INFO - Processing /home/airflow/.local/lib/python3.12/site-packages/airflow/example_dags/example_xcom.py took 0.062 seconds
[2026-06-01T12:35:19.890+0000] {processor.py:161} INFO - Started process (PID=46446) to work on /home/airflow/.local/lib/python3.12/site-packages/airflow/example_dags/example_xcom.py
[2026-06-01T12:35:19.892+0000] {processor.py:830} INFO - Processing file /home/airflow/.local/lib/python3.12/site-packages/airflow/example_dags/example_xcom.py for tasks to queue
[2026-06-01T12:35:19.894+0000] {logging_mixin.py:188} INFO - [2026-06-01T12:35:19.893+0000] {dagbag.py:540} INFO - Filling up the DagBag from /home/airflow/.local/lib/python3.12/site-packages/airflow/example_dags/example_xcom.py
[2026-06-01T12:35:19.900+0000] {processor.py:840} INFO - DAG(s) 'example_xcom' retrieved from /home/airflow/.local/lib/python3.12/site-packages/airflow/example_dags/example_xcom.py
[2026-06-01T12:35:19.917+0000] {logging_mixin.py:188} INFO - [2026-06-01T12:35:19.917+0000] {dag.py:3096} INFO - Sync 1 DAGs
[2026-06-01T12:35:19.935+0000] {logging_mixin.py:188} INFO - [2026-06-01T12:35:19.934+0000] {dag.py:3954} INFO - Setting next_dagrun for example_xcom to 2021-01-01 00:00:00+00:00, run_after=2021-01-01 00:00:00+00:00
[2026-06-01T12:35:19.951+0000] {processor.py:183} INFO - Processing /home/airflow/.local/lib/python3.12/site-packages/airflow/example_dags/example_xcom.py took 0.066 seconds
[2026-06-01T12:35:50.951+0000] {processor.py:161} INFO - Started process (PID=46505) to work on /home/airflow/.local/lib/python3.12/site-packages/airflow/example_dags/example_xcom.py
[2026-06-01T12:35:50.952+0000] {processor.py:830} INFO - Processing file /home/airflow/.local/lib/python3.12/site-packages/airflow/example_dags/example_xcom.py for tasks to queue
[2026-06-01T12:35:50.955+0000] {logging_mixin.py:188} INFO - [2026-06-01T12:35:50.954+0000] {dagbag.py:540} INFO - Filling up the DagBag from /home/airflow/.local/lib/python3.12/site-packages/airflow/example_dags/example_xcom.py
[2026-06-01T12:35:50.961+0000] {processor.py:840} INFO - DAG(s) 'example_xcom' retrieved from /home/airflow/.local/lib/python3.12/site-packages/airflow/example_dags/example_xcom.py
[2026-06-01T12:35:50.979+0000] {logging_mixin.py:188} INFO - [2026-06-01T12:35:50.979+0000] {dag.py:3096} INFO - Sync 1 DAGs
[2026-06-01T12:35:50.997+0000] {logging_mixin.py:188} INFO - [2026-06-01T12:35:50.997+0000] {dag.py:3954} INFO - Setting next_dagrun for example_xcom to 2021-01-01 00:00:00+00:00, run_after=2021-01-01 00:00:00+00:00
[2026-06-01T12:35:51.012+0000] {processor.py:183} INFO - Processing /home/airflow/.local/lib/python3.12/site-packages/airflow/example_dags/example_xcom.py took 0.067 seconds
[2026-06-01T12:36:21.735+0000] {processor.py:161} INFO - Started process (PID=46564) to work on /home/airflow/.local/lib/python3.12/site-packages/airflow/example_dags/example_xcom.py
[2026-06-01T12:36:21.736+0000] {processor.py:830} INFO - Processing file /home/airflow/.local/lib/python3.12/site-packages/airflow/example_dags/example_xcom.py for tasks to queue
[2026-06-01T12:36:21.738+0000] {logging_mixin.py:188} INFO - [2026-06-01T12:36:21.738+0000] {dagbag.py:540} INFO - Filling up the DagBag from /home/airflow/.local/lib/python3.12/site-packages/airflow/example_dags/example_xcom.py
[2026-06-01T12:36:21.745+0000] {processor.py:840} INFO - DAG(s) 'example_xcom' retrieved from /home/airflow/.local/lib/python3.12/site-packages/airflow/example_dags/example_xcom.py
[2026-06-01T12:36:21.761+0000] {logging_mixin.py:188} INFO - [2026-06-01T12:36:21.761+0000] {dag.py:3096} INFO - Sync 1 DAGs
[2026-06-01T12:36:21.782+0000] {logging_mixin.py:188} INFO - [2026-06-01T12:36:21.782+0000] {dag.py:3954} INFO - Setting next_dagrun for example_xcom to 2021-01-01 00:00:00+00:00, run_after=2021-01-01 00:00:00+00:00
[2026-06-01T12:36:21.798+0000] {processor.py:183} INFO - Processing /home/airflow/.local/lib/python3.12/site-packages/airflow/example_dags/example_xcom.py took 0.068 seconds
[2026-06-01T12:36:52.442+0000] {processor.py:161} INFO - Started process (PID=46624) to work on /home/airflow/.local/lib/python3.12/site-packages/airflow/example_dags/example_xcom.py
[2026-06-01T12:36:52.443+0000] {processor.py:830} INFO - Processing file /home/airflow/.local/lib/python3.12/site-packages/airflow/example_dags/example_xcom.py for tasks to queue
[2026-06-01T12:36:52.446+0000] {logging_mixin.py:188} INFO - [2026-06-01T12:36:52.445+0000] {dagbag.py:540} INFO - Filling up the DagBag from /home/airflow/.local/lib/python3.12/site-packages/airflow/example_dags/example_xcom.py
[2026-06-01T12:36:52.578+0000] {processor.py:840} INFO - DAG(s) 'example_xcom' retrieved from /home/airflow/.local/lib/python3.12/site-packages/airflow/example_dags/example_xcom.py
[2026-06-01T12:36:52.596+0000] {logging_mixin.py:188} INFO - [2026-06-01T12:36:52.596+0000] {dag.py:3096} INFO - Sync 1 DAGs
[2026-06-01T12:36:52.612+0000] {logging_mixin.py:188} INFO - [2026-06-01T12:36:52.612+0000] {dag.py:3954} INFO - Setting next_dagrun for example_xcom to 2021-01-01 00:00:00+00:00, run_after=2021-01-01 00:00:00+00:00
[2026-06-01T12:36:52.628+0000] {processor.py:183} INFO - Processing /home/airflow/.local/lib/python3.12/site-packages/airflow/example_dags/example_xcom.py took 0.191 seconds
[2026-06-01T12:37:23.271+0000] {processor.py:161} INFO - Started process (PID=46684) to work on /home/airflow/.local/lib/python3.12/site-packages/airflow/example_dags/example_xcom.py
[2026-06-01T12:37:23.272+0000] {processor.py:830} INFO - Processing file /home/airflow/.local/lib/python3.12/site-packages/airflow/example_dags/example_xcom.py for tasks to queue
[2026-06-01T12:37:23.274+0000] {logging_mixin.py:188} INFO - [2026-06-01T12:37:23.273+0000] {dagbag.py:540} INFO - Filling up the DagBag from /home/airflow/.local/lib/python3.12/site-packages/airflow/example_dags/example_xcom.py
[2026-06-01T12:37:23.281+0000] {processor.py:840} INFO - DAG(s) 'example_xcom' retrieved from /home/airflow/.local/lib/python3.12/site-packages/airflow/example_dags/example_xcom.py
[2026-06-01T12:37:23.301+0000] {logging_mixin.py:188} INFO - [2026-06-01T12:37:23.301+0000] {dag.py:3096} INFO - Sync 1 DAGs
[2026-06-01T12:37:23.320+0000] {logging_mixin.py:188} INFO - [2026-06-01T12:37:23.320+0000] {dag.py:3954} INFO - Setting next_dagrun for example_xcom to 2021-01-01 00:00:00+00:00, run_after=2021-01-01 00:00:00+00:00
[2026-06-01T12:37:23.336+0000] {processor.py:183} INFO - Processing /home/airflow/.local/lib/python3.12/site-packages/airflow/example_dags/example_xcom.py took 0.072 seconds
[2026-06-01T12:37:53.956+0000] {processor.py:161} INFO - Started process (PID=46743) to work on /home/airflow/.local/lib/python3.12/site-packages/airflow/example_dags/example_xcom.py
[2026-06-01T12:37:53.957+0000] {processor.py:830} INFO - Processing file /home/airflow/.local/lib/python3.12/site-packages/airflow/example_dags/example_xcom.py for tasks to queue
[2026-06-01T12:37:53.958+0000] {logging_mixin.py:188} INFO - [2026-06-01T12:37:53.958+0000] {dagbag.py:540} INFO - Filling up the DagBag from /home/airflow/.local/lib/python3.12/site-packages/airflow/example_dags/example_xcom.py
[2026-06-01T12:37:53.964+0000] {processor.py:840} INFO - DAG(s) 'example_xcom' retrieved from /home/airflow/.local/lib/python3.12/site-packages/airflow/example_dags/example_xcom.py
[2026-06-01T12:37:53.980+0000] {logging_mixin.py:188} INFO - [2026-06-01T12:37:53.980+0000] {dag.py:3096} INFO - Sync 1 DAGs
[2026-06-01T12:37:53.996+0000] {logging_mixin.py:188} INFO - [2026-06-01T12:37:53.996+0000] {dag.py:3954} INFO - Setting next_dagrun for example_xcom to 2021-01-01 00:00:00+00:00, run_after=2021-01-01 00:00:00+00:00
[2026-06-01T12:37:54.010+0000] {processor.py:183} INFO - Processing /home/airflow/.local/lib/python3.12/site-packages/airflow/example_dags/example_xcom.py took 0.060 seconds
[2026-06-01T12:38:24.471+0000] {processor.py:161} INFO - Started process (PID=46808) to work on /home/airflow/.local/lib/python3.12/site-packages/airflow/example_dags/example_xcom.py
[2026-06-01T12:38:24.472+0000] {processor.py:830} INFO - Processing file /home/airflow/.local/lib/python3.12/site-packages/airflow/example_dags/example_xcom.py for tasks to queue
[2026-06-01T12:38:24.474+0000] {logging_mixin.py:188} INFO - [2026-06-01T12:38:24.474+0000] {dagbag.py:540} INFO - Filling up the DagBag from /home/airflow/.local/lib/python3.12/site-packages/airflow/example_dags/example_xcom.py
[2026-06-01T12:38:24.480+0000] {processor.py:840} INFO - DAG(s) 'example_xcom' retrieved from /home/airflow/.local/lib/python3.12/site-packages/airflow/example_dags/example_xcom.py
[2026-06-01T12:38:24.496+0000] {logging_mixin.py:188} INFO - [2026-06-01T12:38:24.496+0000] {dag.py:3096} INFO - Sync 1 DAGs
[2026-06-01T12:38:24.515+0000] {logging_mixin.py:188} INFO - [2026-06-01T12:38:24.514+0000] {dag.py:3954} INFO - Setting next_dagrun for example_xcom to 2021-01-01 00:00:00+00:00, run_after=2021-01-01 00:00:00+00:00
[2026-06-01T12:38:24.527+0000] {processor.py:183} INFO - Processing /home/airflow/.local/lib/python3.12/site-packages/airflow/example_dags/example_xcom.py took 0.062 seconds
[2026-06-01T12:38:54.812+0000] {processor.py:161} INFO - Started process (PID=46867) to work on /home/airflow/.local/lib/python3.12/site-packages/airflow/example_dags/example_xcom.py
[2026-06-01T12:38:54.813+0000] {processor.py:830} INFO - Processing file /home/airflow/.local/lib/python3.12/site-packages/airflow/example_dags/example_xcom.py for tasks to queue
[2026-06-01T12:38:54.814+0000] {logging_mixin.py:188} INFO - [2026-06-01T12:38:54.814+0000] {dagbag.py:540} INFO - Filling up the DagBag from /home/airflow/.local/lib/python3.12/site-packages/airflow/example_dags/example_xcom.py
[2026-06-01T12:38:54.821+0000] {processor.py:840} INFO - DAG(s) 'example_xcom' retrieved from /home/airflow/.local/lib/python3.12/site-packages/airflow/example_dags/example_xcom.py
[2026-06-01T12:38:54.837+0000] {logging_mixin.py:188} INFO - [2026-06-01T12:38:54.836+0000] {dag.py:3096} INFO - Sync 1 DAGs
[2026-06-01T12:38:54.851+0000] {logging_mixin.py:188} INFO - [2026-06-01T12:38:54.851+0000] {dag.py:3954} INFO - Setting next_dagrun for example_xcom to 2021-01-01 00:00:00+00:00, run_after=2021-01-01 00:00:00+00:00
[2026-06-01T12:38:54.870+0000] {processor.py:183} INFO - Processing /home/airflow/.local/lib/python3.12/site-packages/airflow/example_dags/example_xcom.py took 0.062 seconds
[2026-06-01T12:39:25.357+0000] {processor.py:161} INFO - Started process (PID=46926) to work on /home/airflow/.local/lib/python3.12/site-packages/airflow/example_dags/example_xcom.py
[2026-06-01T12:39:25.359+0000] {processor.py:830} INFO - Processing file /home/airflow/.local/lib/python3.12/site-packages/airflow/example_dags/example_xcom.py for tasks to queue
[2026-06-01T12:39:25.360+0000] {logging_mixin.py:188} INFO - [2026-06-01T12:39:25.360+0000] {dagbag.py:540} INFO - Filling up the DagBag from /home/airflow/.local/lib/python3.12/site-packages/airflow/example_dags/example_xcom.py
[2026-06-01T12:39:25.367+0000] {processor.py:840} INFO - DAG(s) 'example_xcom' retrieved from /home/airflow/.local/lib/python3.12/site-packages/airflow/example_dags/example_xcom.py
[2026-06-01T12:39:25.383+0000] {logging_mixin.py:188} INFO - [2026-06-01T12:39:25.382+0000] {dag.py:3096} INFO - Sync 1 DAGs
[2026-06-01T12:39:25.399+0000] {logging_mixin.py:188} INFO - [2026-06-01T12:39:25.398+0000] {dag.py:3954} INFO - Setting next_dagrun for example_xcom to 2021-01-01 00:00:00+00:00, run_after=2021-01-01 00:00:00+00:00
[2026-06-01T12:39:25.421+0000] {processor.py:183} INFO - Processing /home/airflow/.local/lib/python3.12/site-packages/airflow/example_dags/example_xcom.py took 0.068 seconds
[2026-06-01T12:39:56.009+0000] {processor.py:161} INFO - Started process (PID=46985) to work on /home/airflow/.local/lib/python3.12/site-packages/airflow/example_dags/example_xcom.py
[2026-06-01T12:39:56.010+0000] {processor.py:830} INFO - Processing file /home/airflow/.local/lib/python3.12/site-packages/airflow/example_dags/example_xcom.py for tasks to queue
[2026-06-01T12:39:56.012+0000] {logging_mixin.py:188} INFO - [2026-06-01T12:39:56.011+0000] {dagbag.py:540} INFO - Filling up the DagBag from /home/airflow/.local/lib/python3.12/site-packages/airflow/example_dags/example_xcom.py
[2026-06-01T12:39:56.019+0000] {processor.py:840} INFO - DAG(s) 'example_xcom' retrieved from /home/airflow/.local/lib/python3.12/site-packages/airflow/example_dags/example_xcom.py
[2026-06-01T12:39:56.043+0000] {logging_mixin.py:188} INFO - [2026-06-01T12:39:56.043+0000] {dag.py:3096} INFO - Sync 1 DAGs
[2026-06-01T12:39:56.066+0000] {logging_mixin.py:188} INFO - [2026-06-01T12:39:56.066+0000] {dag.py:3954} INFO - Setting next_dagrun for example_xcom to 2021-01-01 00:00:00+00:00, run_after=2021-01-01 00:00:00+00:00
[2026-06-01T12:39:56.082+0000] {processor.py:183} INFO - Processing /home/airflow/.local/lib/python3.12/site-packages/airflow/example_dags/example_xcom.py took 0.078 seconds
[2026-06-01T12:40:26.740+0000] {processor.py:161} INFO - Started process (PID=47044) to work on /home/airflow/.local/lib/python3.12/site-packages/airflow/example_dags/example_xcom.py
[2026-06-01T12:40:26.742+0000] {processor.py:830} INFO - Processing file /home/airflow/.local/lib/python3.12/site-packages/airflow/example_dags/example_xcom.py for tasks to queue
[2026-06-01T12:40:26.744+0000] {logging_mixin.py:188} INFO - [2026-06-01T12:40:26.744+0000] {dagbag.py:540} INFO - Filling up the DagBag from /home/airflow/.local/lib/python3.12/site-packages/airflow/example_dags/example_xcom.py
[2026-06-01T12:40:26.751+0000] {processor.py:840} INFO - DAG(s) 'example_xcom' retrieved from /home/airflow/.local/lib/python3.12/site-packages/airflow/example_dags/example_xcom.py
[2026-06-01T12:40:26.768+0000] {logging_mixin.py:188} INFO - [2026-06-01T12:40:26.768+0000] {dag.py:3096} INFO - Sync 1 DAGs
[2026-06-01T12:40:26.786+0000] {logging_mixin.py:188} INFO - [2026-06-01T12:40:26.786+0000] {dag.py:3954} INFO - Setting next_dagrun for example_xcom to 2021-01-01 00:00:00+00:00, run_after=2021-01-01 00:00:00+00:00
[2026-06-01T12:40:26.801+0000] {processor.py:183} INFO - Processing /home/airflow/.local/lib/python3.12/site-packages/airflow/example_dags/example_xcom.py took 0.068 seconds
[2026-06-01T12:40:57.330+0000] {processor.py:161} INFO - Started process (PID=47103) to work on /home/airflow/.local/lib/python3.12/site-packages/airflow/example_dags/example_xcom.py
[2026-06-01T12:40:57.331+0000] {processor.py:830} INFO - Processing file /home/airflow/.local/lib/python3.12/site-packages/airflow/example_dags/example_xcom.py for tasks to queue
[2026-06-01T12:40:57.333+0000] {logging_mixin.py:188} INFO - [2026-06-01T12:40:57.333+0000] {dagbag.py:540} INFO - Filling up the DagBag from /home/airflow/.local/lib/python3.12/site-packages/airflow/example_dags/example_xcom.py
[2026-06-01T12:40:57.340+0000] {processor.py:840} INFO - DAG(s) 'example_xcom' retrieved from /home/airflow/.local/lib/python3.12/site-packages/airflow/example_dags/example_xcom.py
[2026-06-01T12:40:57.358+0000] {logging_mixin.py:188} INFO - [2026-06-01T12:40:57.358+0000] {dag.py:3096} INFO - Sync 1 DAGs
[2026-06-01T12:40:57.377+0000] {logging_mixin.py:188} INFO - [2026-06-01T12:40:57.376+0000] {dag.py:3954} INFO - Setting next_dagrun for example_xcom to 2021-01-01 00:00:00+00:00, run_after=2021-01-01 00:00:00+00:00
[2026-06-01T12:40:57.392+0000] {processor.py:183} INFO - Processing /home/airflow/.local/lib/python3.12/site-packages/airflow/example_dags/example_xcom.py took 0.067 seconds
[2026-06-01T12:41:27.711+0000] {processor.py:161} INFO - Started process (PID=47162) to work on /home/airflow/.local/lib/python3.12/site-packages/airflow/example_dags/example_xcom.py
[2026-06-01T12:41:27.712+0000] {processor.py:830} INFO - Processing file /home/airflow/.local/lib/python3.12/site-packages/airflow/example_dags/example_xcom.py for tasks to queue
[2026-06-01T12:41:27.714+0000] {logging_mixin.py:188} INFO - [2026-06-01T12:41:27.713+0000] {dagbag.py:540} INFO - Filling up the DagBag from /home/airflow/.local/lib/python3.12/site-packages/airflow/example_dags/example_xcom.py
[2026-06-01T12:41:27.723+0000] {processor.py:840} INFO - DAG(s) 'example_xcom' retrieved from /home/airflow/.local/lib/python3.12/site-packages/airflow/example_dags/example_xcom.py
[2026-06-01T12:41:27.741+0000] {logging_mixin.py:188} INFO - [2026-06-01T12:41:27.741+0000] {dag.py:3096} INFO - Sync 1 DAGs
[2026-06-01T12:41:27.758+0000] {logging_mixin.py:188} INFO - [2026-06-01T12:41:27.758+0000] {dag.py:3954} INFO - Setting next_dagrun for example_xcom to 2021-01-01 00:00:00+00:00, run_after=2021-01-01 00:00:00+00:00
[2026-06-01T12:41:27.777+0000] {processor.py:183} INFO - Processing /home/airflow/.local/lib/python3.12/site-packages/airflow/example_dags/example_xcom.py took 0.071 seconds
[2026-06-01T12:41:58.103+0000] {processor.py:161} INFO - Started process (PID=47221) to work on /home/airflow/.local/lib/python3.12/site-packages/airflow/example_dags/example_xcom.py
[2026-06-01T12:41:58.104+0000] {processor.py:830} INFO - Processing file /home/airflow/.local/lib/python3.12/site-packages/airflow/example_dags/example_xcom.py for tasks to queue
[2026-06-01T12:41:58.106+0000] {logging_mixin.py:188} INFO - [2026-06-01T12:41:58.105+0000] {dagbag.py:540} INFO - Filling up the DagBag from /home/airflow/.local/lib/python3.12/site-packages/airflow/example_dags/example_xcom.py
[2026-06-01T12:41:58.111+0000] {processor.py:840} INFO - DAG(s) 'example_xcom' retrieved from /home/airflow/.local/lib/python3.12/site-packages/airflow/example_dags/example_xcom.py
[2026-06-01T12:41:58.128+0000] {logging_mixin.py:188} INFO - [2026-06-01T12:41:58.127+0000] {dag.py:3096} INFO - Sync 1 DAGs
[2026-06-01T12:41:58.143+0000] {logging_mixin.py:188} INFO - [2026-06-01T12:41:58.143+0000] {dag.py:3954} INFO - Setting next_dagrun for example_xcom to 2021-01-01 00:00:00+00:00, run_after=2021-01-01 00:00:00+00:00
[2026-06-01T12:41:58.161+0000] {processor.py:183} INFO - Processing /home/airflow/.local/lib/python3.12/site-packages/airflow/example_dags/example_xcom.py took 0.063 seconds
[2026-06-01T12:42:28.667+0000] {processor.py:161} INFO - Started process (PID=47280) to work on /home/airflow/.local/lib/python3.12/site-packages/airflow/example_dags/example_xcom.py
[2026-06-01T12:42:28.668+0000] {processor.py:830} INFO - Processing file /home/airflow/.local/lib/python3.12/site-packages/airflow/example_dags/example_xcom.py for tasks to queue
[2026-06-01T12:42:28.670+0000] {logging_mixin.py:188} INFO - [2026-06-01T12:42:28.670+0000] {dagbag.py:540} INFO - Filling up the DagBag from /home/airflow/.local/lib/python3.12/site-packages/airflow/example_dags/example_xcom.py
[2026-06-01T12:42:28.677+0000] {processor.py:840} INFO - DAG(s) 'example_xcom' retrieved from /home/airflow/.local/lib/python3.12/site-packages/airflow/example_dags/example_xcom.py
[2026-06-01T12:42:28.695+0000] {logging_mixin.py:188} INFO - [2026-06-01T12:42:28.694+0000] {dag.py:3096} INFO - Sync 1 DAGs
[2026-06-01T12:42:28.712+0000] {logging_mixin.py:188} INFO - [2026-06-01T12:42:28.712+0000] {dag.py:3954} INFO - Setting next_dagrun for example_xcom to 2021-01-01 00:00:00+00:00, run_after=2021-01-01 00:00:00+00:00
[2026-06-01T12:42:28.727+0000] {processor.py:183} INFO - Processing /home/airflow/.local/lib/python3.12/site-packages/airflow/example_dags/example_xcom.py took 0.065 seconds
[2026-06-01T12:42:59.444+0000] {processor.py:161} INFO - Started process (PID=47339) to work on /home/airflow/.local/lib/python3.12/site-packages/airflow/example_dags/example_xcom.py
[2026-06-01T12:42:59.446+0000] {processor.py:830} INFO - Processing file /home/airflow/.local/lib/python3.12/site-packages/airflow/example_dags/example_xcom.py for tasks to queue
[2026-06-01T12:42:59.448+0000] {logging_mixin.py:188} INFO - [2026-06-01T12:42:59.448+0000] {dagbag.py:540} INFO - Filling up the DagBag from /home/airflow/.local/lib/python3.12/site-packages/airflow/example_dags/example_xcom.py
[2026-06-01T12:42:59.463+0000] {processor.py:840} INFO - DAG(s) 'example_xcom' retrieved from /home/airflow/.local/lib/python3.12/site-packages/airflow/example_dags/example_xcom.py
[2026-06-01T12:42:59.501+0000] {logging_mixin.py:188} INFO - [2026-06-01T12:42:59.501+0000] {dag.py:3096} INFO - Sync 1 DAGs
[2026-06-01T12:42:59.541+0000] {logging_mixin.py:188} INFO - [2026-06-01T12:42:59.540+0000] {dag.py:3954} INFO - Setting next_dagrun for example_xcom to 2021-01-01 00:00:00+00:00, run_after=2021-01-01 00:00:00+00:00
[2026-06-01T12:42:59.571+0000] {processor.py:183} INFO - Processing /home/airflow/.local/lib/python3.12/site-packages/airflow/example_dags/example_xcom.py took 0.134 seconds
[2026-06-01T12:43:29.693+0000] {processor.py:161} INFO - Started process (PID=47398) to work on /home/airflow/.local/lib/python3.12/site-packages/airflow/example_dags/example_xcom.py
[2026-06-01T12:43:29.695+0000] {processor.py:830} INFO - Processing file /home/airflow/.local/lib/python3.12/site-packages/airflow/example_dags/example_xcom.py for tasks to queue
[2026-06-01T12:43:29.697+0000] {logging_mixin.py:188} INFO - [2026-06-01T12:43:29.697+0000] {dagbag.py:540} INFO - Filling up the DagBag from /home/airflow/.local/lib/python3.12/site-packages/airflow/example_dags/example_xcom.py
[2026-06-01T12:43:29.705+0000] {processor.py:840} INFO - DAG(s) 'example_xcom' retrieved from /home/airflow/.local/lib/python3.12/site-packages/airflow/example_dags/example_xcom.py
[2026-06-01T12:43:29.732+0000] {logging_mixin.py:188} INFO - [2026-06-01T12:43:29.732+0000] {dag.py:3096} INFO - Sync 1 DAGs
[2026-06-01T12:43:29.764+0000] {logging_mixin.py:188} INFO - [2026-06-01T12:43:29.763+0000] {dag.py:3954} INFO - Setting next_dagrun for example_xcom to 2021-01-01 00:00:00+00:00, run_after=2021-01-01 00:00:00+00:00
[2026-06-01T12:43:29.801+0000] {processor.py:183} INFO - Processing /home/airflow/.local/lib/python3.12/site-packages/airflow/example_dags/example_xcom.py took 0.116 seconds
[2026-06-01T12:43:59.899+0000] {processor.py:161} INFO - Started process (PID=47457) to work on /home/airflow/.local/lib/python3.12/site-packages/airflow/example_dags/example_xcom.py
[2026-06-01T12:43:59.901+0000] {processor.py:830} INFO - Processing file /home/airflow/.local/lib/python3.12/site-packages/airflow/example_dags/example_xcom.py for tasks to queue
[2026-06-01T12:43:59.902+0000] {logging_mixin.py:188} INFO - [2026-06-01T12:43:59.902+0000] {dagbag.py:540} INFO - Filling up the DagBag from /home/airflow/.local/lib/python3.12/site-packages/airflow/example_dags/example_xcom.py
[2026-06-01T12:43:59.910+0000] {processor.py:840} INFO - DAG(s) 'example_xcom' retrieved from /home/airflow/.local/lib/python3.12/site-packages/airflow/example_dags/example_xcom.py
[2026-06-01T12:43:59.926+0000] {logging_mixin.py:188} INFO - [2026-06-01T12:43:59.926+0000] {dag.py:3096} INFO - Sync 1 DAGs
[2026-06-01T12:43:59.942+0000] {logging_mixin.py:188} INFO - [2026-06-01T12:43:59.942+0000] {dag.py:3954} INFO - Setting next_dagrun for example_xcom to 2021-01-01 00:00:00+00:00, run_after=2021-01-01 00:00:00+00:00
[2026-06-01T12:43:59.960+0000] {processor.py:183} INFO - Processing /home/airflow/.local/lib/python3.12/site-packages/airflow/example_dags/example_xcom.py took 0.068 seconds
[2026-06-01T12:44:30.199+0000] {processor.py:161} INFO - Started process (PID=47516) to work on /home/airflow/.local/lib/python3.12/site-packages/airflow/example_dags/example_xcom.py
[2026-06-01T12:44:30.200+0000] {processor.py:830} INFO - Processing file /home/airflow/.local/lib/python3.12/site-packages/airflow/example_dags/example_xcom.py for tasks to queue
[2026-06-01T12:44:30.203+0000] {logging_mixin.py:188} INFO - [2026-06-01T12:44:30.202+0000] {dagbag.py:540} INFO - Filling up the DagBag from /home/airflow/.local/lib/python3.12/site-packages/airflow/example_dags/example_xcom.py
[2026-06-01T12:44:30.211+0000] {processor.py:840} INFO - DAG(s) 'example_xcom' retrieved from /home/airflow/.local/lib/python3.12/site-packages/airflow/example_dags/example_xcom.py
[2026-06-01T12:44:30.238+0000] {logging_mixin.py:188} INFO - [2026-06-01T12:44:30.237+0000] {dag.py:3096} INFO - Sync 1 DAGs
[2026-06-01T12:44:30.280+0000] {logging_mixin.py:188} INFO - [2026-06-01T12:44:30.280+0000] {dag.py:3954} INFO - Setting next_dagrun for example_xcom to 2021-01-01 00:00:00+00:00, run_after=2021-01-01 00:00:00+00:00
[2026-06-01T12:44:30.320+0000] {processor.py:183} INFO - Processing /home/airflow/.local/lib/python3.12/site-packages/airflow/example_dags/example_xcom.py took 0.126 seconds
[2026-06-01T12:45:01.168+0000] {processor.py:161} INFO - Started process (PID=47575) to work on /home/airflow/.local/lib/python3.12/site-packages/airflow/example_dags/example_xcom.py
[2026-06-01T12:45:01.168+0000] {processor.py:830} INFO - Processing file /home/airflow/.local/lib/python3.12/site-packages/airflow/example_dags/example_xcom.py for tasks to queue
[2026-06-01T12:45:01.170+0000] {logging_mixin.py:188} INFO - [2026-06-01T12:45:01.170+0000] {dagbag.py:540} INFO - Filling up the DagBag from /home/airflow/.local/lib/python3.12/site-packages/airflow/example_dags/example_xcom.py
[2026-06-01T12:45:01.177+0000] {processor.py:840} INFO - DAG(s) 'example_xcom' retrieved from /home/airflow/.local/lib/python3.12/site-packages/airflow/example_dags/example_xcom.py
[2026-06-01T12:45:01.195+0000] {logging_mixin.py:188} INFO - [2026-06-01T12:45:01.195+0000] {dag.py:3096} INFO - Sync 1 DAGs
[2026-06-01T12:45:01.212+0000] {logging_mixin.py:188} INFO - [2026-06-01T12:45:01.212+0000] {dag.py:3954} INFO - Setting next_dagrun for example_xcom to 2021-01-01 00:00:00+00:00, run_after=2021-01-01 00:00:00+00:00
[2026-06-01T12:45:01.238+0000] {processor.py:183} INFO - Processing /home/airflow/.local/lib/python3.12/site-packages/airflow/example_dags/example_xcom.py took 0.076 seconds
[2026-06-01T12:45:31.812+0000] {processor.py:161} INFO - Started process (PID=47634) to work on /home/airflow/.local/lib/python3.12/site-packages/airflow/example_dags/example_xcom.py
[2026-06-01T12:45:31.815+0000] {processor.py:830} INFO - Processing file /home/airflow/.local/lib/python3.12/site-packages/airflow/example_dags/example_xcom.py for tasks to queue
[2026-06-01T12:45:31.817+0000] {logging_mixin.py:188} INFO - [2026-06-01T12:45:31.817+0000] {dagbag.py:540} INFO - Filling up the DagBag from /home/airflow/.local/lib/python3.12/site-packages/airflow/example_dags/example_xcom.py
[2026-06-01T12:45:31.825+0000] {processor.py:840} INFO - DAG(s) 'example_xcom' retrieved from /home/airflow/.local/lib/python3.12/site-packages/airflow/example_dags/example_xcom.py
[2026-06-01T12:45:31.842+0000] {logging_mixin.py:188} INFO - [2026-06-01T12:45:31.841+0000] {dag.py:3096} INFO - Sync 1 DAGs
[2026-06-01T12:45:31.860+0000] {logging_mixin.py:188} INFO - [2026-06-01T12:45:31.860+0000] {dag.py:3954} INFO - Setting next_dagrun for example_xcom to 2021-01-01 00:00:00+00:00, run_after=2021-01-01 00:00:00+00:00
[2026-06-01T12:45:31.877+0000] {processor.py:183} INFO - Processing /home/airflow/.local/lib/python3.12/site-packages/airflow/example_dags/example_xcom.py took 0.071 seconds
[2026-06-01T12:46:02.000+0000] {processor.py:161} INFO - Started process (PID=47693) to work on /home/airflow/.local/lib/python3.12/site-packages/airflow/example_dags/example_xcom.py
[2026-06-01T12:46:02.001+0000] {processor.py:830} INFO - Processing file /home/airflow/.local/lib/python3.12/site-packages/airflow/example_dags/example_xcom.py for tasks to queue
[2026-06-01T12:46:02.002+0000] {logging_mixin.py:188} INFO - [2026-06-01T12:46:02.002+0000] {dagbag.py:540} INFO - Filling up the DagBag from /home/airflow/.local/lib/python3.12/site-packages/airflow/example_dags/example_xcom.py
[2026-06-01T12:46:02.009+0000] {processor.py:840} INFO - DAG(s) 'example_xcom' retrieved from /home/airflow/.local/lib/python3.12/site-packages/airflow/example_dags/example_xcom.py
[2026-06-01T12:46:02.027+0000] {logging_mixin.py:188} INFO - [2026-06-01T12:46:02.026+0000] {dag.py:3096} INFO - Sync 1 DAGs
[2026-06-01T12:46:02.042+0000] {logging_mixin.py:188} INFO - [2026-06-01T12:46:02.042+0000] {dag.py:3954} INFO - Setting next_dagrun for example_xcom to 2021-01-01 00:00:00+00:00, run_after=2021-01-01 00:00:00+00:00
[2026-06-01T12:46:02.057+0000] {processor.py:183} INFO - Processing /home/airflow/.local/lib/python3.12/site-packages/airflow/example_dags/example_xcom.py took 0.063 seconds
[2026-06-01T12:46:32.699+0000] {processor.py:161} INFO - Started process (PID=47751) to work on /home/airflow/.local/lib/python3.12/site-packages/airflow/example_dags/example_xcom.py
[2026-06-01T12:46:32.701+0000] {processor.py:830} INFO - Processing file /home/airflow/.local/lib/python3.12/site-packages/airflow/example_dags/example_xcom.py for tasks to queue
[2026-06-01T12:46:32.703+0000] {logging_mixin.py:188} INFO - [2026-06-01T12:46:32.703+0000] {dagbag.py:540} INFO - Filling up the DagBag from /home/airflow/.local/lib/python3.12/site-packages/airflow/example_dags/example_xcom.py
[2026-06-01T12:46:32.710+0000] {processor.py:840} INFO - DAG(s) 'example_xcom' retrieved from /home/airflow/.local/lib/python3.12/site-packages/airflow/example_dags/example_xcom.py
[2026-06-01T12:46:32.737+0000] {logging_mixin.py:188} INFO - [2026-06-01T12:46:32.736+0000] {dag.py:3096} INFO - Sync 1 DAGs
[2026-06-01T12:46:32.754+0000] {logging_mixin.py:188} INFO - [2026-06-01T12:46:32.754+0000] {dag.py:3954} INFO - Setting next_dagrun for example_xcom to 2021-01-01 00:00:00+00:00, run_after=2021-01-01 00:00:00+00:00
[2026-06-01T12:46:32.779+0000] {processor.py:183} INFO - Processing /home/airflow/.local/lib/python3.12/site-packages/airflow/example_dags/example_xcom.py took 0.085 seconds
[2026-06-01T12:47:03.223+0000] {processor.py:161} INFO - Started process (PID=47810) to work on /home/airflow/.local/lib/python3.12/site-packages/airflow/example_dags/example_xcom.py
[2026-06-01T12:47:03.224+0000] {processor.py:830} INFO - Processing file /home/airflow/.local/lib/python3.12/site-packages/airflow/example_dags/example_xcom.py for tasks to queue
[2026-06-01T12:47:03.226+0000] {logging_mixin.py:188} INFO - [2026-06-01T12:47:03.226+0000] {dagbag.py:540} INFO - Filling up the DagBag from /home/airflow/.local/lib/python3.12/site-packages/airflow/example_dags/example_xcom.py
[2026-06-01T12:47:03.234+0000] {processor.py:840} INFO - DAG(s) 'example_xcom' retrieved from /home/airflow/.local/lib/python3.12/site-packages/airflow/example_dags/example_xcom.py
[2026-06-01T12:47:03.251+0000] {logging_mixin.py:188} INFO - [2026-06-01T12:47:03.250+0000] {dag.py:3096} INFO - Sync 1 DAGs
[2026-06-01T12:47:03.267+0000] {logging_mixin.py:188} INFO - [2026-06-01T12:47:03.266+0000] {dag.py:3954} INFO - Setting next_dagrun for example_xcom to 2021-01-01 00:00:00+00:00, run_after=2021-01-01 00:00:00+00:00
[2026-06-01T12:47:03.286+0000] {processor.py:183} INFO - Processing /home/airflow/.local/lib/python3.12/site-packages/airflow/example_dags/example_xcom.py took 0.068 seconds
[2026-06-01T12:47:33.574+0000] {processor.py:161} INFO - Started process (PID=47869) to work on /home/airflow/.local/lib/python3.12/site-packages/airflow/example_dags/example_xcom.py
[2026-06-01T12:47:33.576+0000] {processor.py:830} INFO - Processing file /home/airflow/.local/lib/python3.12/site-packages/airflow/example_dags/example_xcom.py for tasks to queue
[2026-06-01T12:47:33.578+0000] {logging_mixin.py:188} INFO - [2026-06-01T12:47:33.577+0000] {dagbag.py:540} INFO - Filling up the DagBag from /home/airflow/.local/lib/python3.12/site-packages/airflow/example_dags/example_xcom.py
[2026-06-01T12:47:33.585+0000] {processor.py:840} INFO - DAG(s) 'example_xcom' retrieved from /home/airflow/.local/lib/python3.12/site-packages/airflow/example_dags/example_xcom.py
[2026-06-01T12:47:33.602+0000] {logging_mixin.py:188} INFO - [2026-06-01T12:47:33.602+0000] {dag.py:3096} INFO - Sync 1 DAGs
[2026-06-01T12:47:33.620+0000] {logging_mixin.py:188} INFO - [2026-06-01T12:47:33.619+0000] {dag.py:3954} INFO - Setting next_dagrun for example_xcom to 2021-01-01 00:00:00+00:00, run_after=2021-01-01 00:00:00+00:00
[2026-06-01T12:47:33.636+0000] {processor.py:183} INFO - Processing /home/airflow/.local/lib/python3.12/site-packages/airflow/example_dags/example_xcom.py took 0.068 seconds
[2026-06-01T12:48:03.989+0000] {processor.py:161} INFO - Started process (PID=47928) to work on /home/airflow/.local/lib/python3.12/site-packages/airflow/example_dags/example_xcom.py
[2026-06-01T12:48:03.990+0000] {processor.py:830} INFO - Processing file /home/airflow/.local/lib/python3.12/site-packages/airflow/example_dags/example_xcom.py for tasks to queue
[2026-06-01T12:48:03.992+0000] {logging_mixin.py:188} INFO - [2026-06-01T12:48:03.991+0000] {dagbag.py:540} INFO - Filling up the DagBag from /home/airflow/.local/lib/python3.12/site-packages/airflow/example_dags/example_xcom.py
[2026-06-01T12:48:03.999+0000] {processor.py:840} INFO - DAG(s) 'example_xcom' retrieved from /home/airflow/.local/lib/python3.12/site-packages/airflow/example_dags/example_xcom.py
[2026-06-01T12:48:04.014+0000] {logging_mixin.py:188} INFO - [2026-06-01T12:48:04.014+0000] {dag.py:3096} INFO - Sync 1 DAGs
[2026-06-01T12:48:04.030+0000] {logging_mixin.py:188} INFO - [2026-06-01T12:48:04.030+0000] {dag.py:3954} INFO - Setting next_dagrun for example_xcom to 2021-01-01 00:00:00+00:00, run_after=2021-01-01 00:00:00+00:00
[2026-06-01T12:48:04.044+0000] {processor.py:183} INFO - Processing /home/airflow/.local/lib/python3.12/site-packages/airflow/example_dags/example_xcom.py took 0.060 seconds
[2026-06-01T12:48:34.332+0000] {processor.py:161} INFO - Started process (PID=47987) to work on /home/airflow/.local/lib/python3.12/site-packages/airflow/example_dags/example_xcom.py
[2026-06-01T12:48:34.333+0000] {processor.py:830} INFO - Processing file /home/airflow/.local/lib/python3.12/site-packages/airflow/example_dags/example_xcom.py for tasks to queue
[2026-06-01T12:48:34.335+0000] {logging_mixin.py:188} INFO - [2026-06-01T12:48:34.335+0000] {dagbag.py:540} INFO - Filling up the DagBag from /home/airflow/.local/lib/python3.12/site-packages/airflow/example_dags/example_xcom.py
[2026-06-01T12:48:34.342+0000] {processor.py:840} INFO - DAG(s) 'example_xcom' retrieved from /home/airflow/.local/lib/python3.12/site-packages/airflow/example_dags/example_xcom.py
[2026-06-01T12:48:34.363+0000] {logging_mixin.py:188} INFO - [2026-06-01T12:48:34.363+0000] {dag.py:3096} INFO - Sync 1 DAGs
[2026-06-01T12:48:34.382+0000] {logging_mixin.py:188} INFO - [2026-06-01T12:48:34.382+0000] {dag.py:3954} INFO - Setting next_dagrun for example_xcom to 2021-01-01 00:00:00+00:00, run_after=2021-01-01 00:00:00+00:00
[2026-06-01T12:48:34.403+0000] {processor.py:183} INFO - Processing /home/airflow/.local/lib/python3.12/site-packages/airflow/example_dags/example_xcom.py took 0.078 seconds
[2026-06-01T12:49:04.921+0000] {processor.py:161} INFO - Started process (PID=48046) to work on /home/airflow/.local/lib/python3.12/site-packages/airflow/example_dags/example_xcom.py
[2026-06-01T12:49:04.922+0000] {processor.py:830} INFO - Processing file /home/airflow/.local/lib/python3.12/site-packages/airflow/example_dags/example_xcom.py for tasks to queue
[2026-06-01T12:49:04.923+0000] {logging_mixin.py:188} INFO - [2026-06-01T12:49:04.923+0000] {dagbag.py:540} INFO - Filling up the DagBag from /home/airflow/.local/lib/python3.12/site-packages/airflow/example_dags/example_xcom.py
[2026-06-01T12:49:04.930+0000] {processor.py:840} INFO - DAG(s) 'example_xcom' retrieved from /home/airflow/.local/lib/python3.12/site-packages/airflow/example_dags/example_xcom.py
[2026-06-01T12:49:04.948+0000] {logging_mixin.py:188} INFO - [2026-06-01T12:49:04.948+0000] {dag.py:3096} INFO - Sync 1 DAGs
[2026-06-01T12:49:04.964+0000] {logging_mixin.py:188} INFO - [2026-06-01T12:49:04.964+0000] {dag.py:3954} INFO - Setting next_dagrun for example_xcom to 2021-01-01 00:00:00+00:00, run_after=2021-01-01 00:00:00+00:00
[2026-06-01T12:49:04.979+0000] {processor.py:183} INFO - Processing /home/airflow/.local/lib/python3.12/site-packages/airflow/example_dags/example_xcom.py took 0.064 seconds
[2026-06-01T12:49:35.234+0000] {processor.py:161} INFO - Started process (PID=48105) to work on /home/airflow/.local/lib/python3.12/site-packages/airflow/example_dags/example_xcom.py
[2026-06-01T12:49:35.235+0000] {processor.py:830} INFO - Processing file /home/airflow/.local/lib/python3.12/site-packages/airflow/example_dags/example_xcom.py for tasks to queue
[2026-06-01T12:49:35.237+0000] {logging_mixin.py:188} INFO - [2026-06-01T12:49:35.237+0000] {dagbag.py:540} INFO - Filling up the DagBag from /home/airflow/.local/lib/python3.12/site-packages/airflow/example_dags/example_xcom.py
[2026-06-01T12:49:35.243+0000] {processor.py:840} INFO - DAG(s) 'example_xcom' retrieved from /home/airflow/.local/lib/python3.12/site-packages/airflow/example_dags/example_xcom.py
[2026-06-01T12:49:35.258+0000] {logging_mixin.py:188} INFO - [2026-06-01T12:49:35.257+0000] {dag.py:3096} INFO - Sync 1 DAGs
[2026-06-01T12:49:35.274+0000] {logging_mixin.py:188} INFO - [2026-06-01T12:49:35.274+0000] {dag.py:3954} INFO - Setting next_dagrun for example_xcom to 2021-01-01 00:00:00+00:00, run_after=2021-01-01 00:00:00+00:00
[2026-06-01T12:49:35.288+0000] {processor.py:183} INFO - Processing /home/airflow/.local/lib/python3.12/site-packages/airflow/example_dags/example_xcom.py took 0.058 seconds
[2026-06-01T12:50:05.635+0000] {processor.py:161} INFO - Started process (PID=48164) to work on /home/airflow/.local/lib/python3.12/site-packages/airflow/example_dags/example_xcom.py
[2026-06-01T12:50:05.636+0000] {processor.py:830} INFO - Processing file /home/airflow/.local/lib/python3.12/site-packages/airflow/example_dags/example_xcom.py for tasks to queue
[2026-06-01T12:50:05.637+0000] {logging_mixin.py:188} INFO - [2026-06-01T12:50:05.637+0000] {dagbag.py:540} INFO - Filling up the DagBag from /home/airflow/.local/lib/python3.12/site-packages/airflow/example_dags/example_xcom.py
[2026-06-01T12:50:05.643+0000] {processor.py:840} INFO - DAG(s) 'example_xcom' retrieved from /home/airflow/.local/lib/python3.12/site-packages/airflow/example_dags/example_xcom.py
[2026-06-01T12:50:05.658+0000] {logging_mixin.py:188} INFO - [2026-06-01T12:50:05.658+0000] {dag.py:3096} INFO - Sync 1 DAGs
[2026-06-01T12:50:05.673+0000] {logging_mixin.py:188} INFO - [2026-06-01T12:50:05.673+0000] {dag.py:3954} INFO - Setting next_dagrun for example_xcom to 2021-01-01 00:00:00+00:00, run_after=2021-01-01 00:00:00+00:00
[2026-06-01T12:50:05.687+0000] {processor.py:183} INFO - Processing /home/airflow/.local/lib/python3.12/site-packages/airflow/example_dags/example_xcom.py took 0.057 seconds
[2026-06-01T12:50:36.166+0000] {processor.py:161} INFO - Started process (PID=48223) to work on /home/airflow/.local/lib/python3.12/site-packages/airflow/example_dags/example_xcom.py
[2026-06-01T12:50:36.167+0000] {processor.py:830} INFO - Processing file /home/airflow/.local/lib/python3.12/site-packages/airflow/example_dags/example_xcom.py for tasks to queue
[2026-06-01T12:50:36.169+0000] {logging_mixin.py:188} INFO - [2026-06-01T12:50:36.169+0000] {dagbag.py:540} INFO - Filling up the DagBag from /home/airflow/.local/lib/python3.12/site-packages/airflow/example_dags/example_xcom.py
[2026-06-01T12:50:36.176+0000] {processor.py:840} INFO - DAG(s) 'example_xcom' retrieved from /home/airflow/.local/lib/python3.12/site-packages/airflow/example_dags/example_xcom.py
[2026-06-01T12:50:36.192+0000] {logging_mixin.py:188} INFO - [2026-06-01T12:50:36.192+0000] {dag.py:3096} INFO - Sync 1 DAGs
[2026-06-01T12:50:36.212+0000] {logging_mixin.py:188} INFO - [2026-06-01T12:50:36.211+0000] {dag.py:3954} INFO - Setting next_dagrun for example_xcom to 2021-01-01 00:00:00+00:00, run_after=2021-01-01 00:00:00+00:00
[2026-06-01T12:50:36.227+0000] {processor.py:183} INFO - Processing /home/airflow/.local/lib/python3.12/site-packages/airflow/example_dags/example_xcom.py took 0.067 seconds
[2026-06-01T12:51:06.687+0000] {processor.py:161} INFO - Started process (PID=48282) to work on /home/airflow/.local/lib/python3.12/site-packages/airflow/example_dags/example_xcom.py
[2026-06-01T12:51:06.688+0000] {processor.py:830} INFO - Processing file /home/airflow/.local/lib/python3.12/site-packages/airflow/example_dags/example_xcom.py for tasks to queue
[2026-06-01T12:51:06.689+0000] {logging_mixin.py:188} INFO - [2026-06-01T12:51:06.689+0000] {dagbag.py:540} INFO - Filling up the DagBag from /home/airflow/.local/lib/python3.12/site-packages/airflow/example_dags/example_xcom.py
[2026-06-01T12:51:06.695+0000] {processor.py:840} INFO - DAG(s) 'example_xcom' retrieved from /home/airflow/.local/lib/python3.12/site-packages/airflow/example_dags/example_xcom.py
[2026-06-01T12:51:06.710+0000] {logging_mixin.py:188} INFO - [2026-06-01T12:51:06.710+0000] {dag.py:3096} INFO - Sync 1 DAGs
[2026-06-01T12:51:06.725+0000] {logging_mixin.py:188} INFO - [2026-06-01T12:51:06.725+0000] {dag.py:3954} INFO - Setting next_dagrun for example_xcom to 2021-01-01 00:00:00+00:00, run_after=2021-01-01 00:00:00+00:00
[2026-06-01T12:51:06.741+0000] {processor.py:183} INFO - Processing /home/airflow/.local/lib/python3.12/site-packages/airflow/example_dags/example_xcom.py took 0.059 seconds
[2026-06-01T12:51:36.960+0000] {processor.py:161} INFO - Started process (PID=48341) to work on /home/airflow/.local/lib/python3.12/site-packages/airflow/example_dags/example_xcom.py
[2026-06-01T12:51:36.961+0000] {processor.py:830} INFO - Processing file /home/airflow/.local/lib/python3.12/site-packages/airflow/example_dags/example_xcom.py for tasks to queue
[2026-06-01T12:51:36.962+0000] {logging_mixin.py:188} INFO - [2026-06-01T12:51:36.962+0000] {dagbag.py:540} INFO - Filling up the DagBag from /home/airflow/.local/lib/python3.12/site-packages/airflow/example_dags/example_xcom.py
[2026-06-01T12:51:36.969+0000] {processor.py:840} INFO - DAG(s) 'example_xcom' retrieved from /home/airflow/.local/lib/python3.12/site-packages/airflow/example_dags/example_xcom.py
[2026-06-01T12:51:36.987+0000] {logging_mixin.py:188} INFO - [2026-06-01T12:51:36.987+0000] {dag.py:3096} INFO - Sync 1 DAGs
[2026-06-01T12:51:37.005+0000] {logging_mixin.py:188} INFO - [2026-06-01T12:51:37.005+0000] {dag.py:3954} INFO - Setting next_dagrun for example_xcom to 2021-01-01 00:00:00+00:00, run_after=2021-01-01 00:00:00+00:00
[2026-06-01T12:51:37.021+0000] {processor.py:183} INFO - Processing /home/airflow/.local/lib/python3.12/site-packages/airflow/example_dags/example_xcom.py took 0.066 seconds
[2026-06-01T12:52:07.730+0000] {processor.py:161} INFO - Started process (PID=48400) to work on /home/airflow/.local/lib/python3.12/site-packages/airflow/example_dags/example_xcom.py
[2026-06-01T12:52:07.731+0000] {processor.py:830} INFO - Processing file /home/airflow/.local/lib/python3.12/site-packages/airflow/example_dags/example_xcom.py for tasks to queue
[2026-06-01T12:52:07.733+0000] {logging_mixin.py:188} INFO - [2026-06-01T12:52:07.732+0000] {dagbag.py:540} INFO - Filling up the DagBag from /home/airflow/.local/lib/python3.12/site-packages/airflow/example_dags/example_xcom.py
[2026-06-01T12:52:07.739+0000] {processor.py:840} INFO - DAG(s) 'example_xcom' retrieved from /home/airflow/.local/lib/python3.12/site-packages/airflow/example_dags/example_xcom.py
[2026-06-01T12:52:07.760+0000] {logging_mixin.py:188} INFO - [2026-06-01T12:52:07.760+0000] {dag.py:3096} INFO - Sync 1 DAGs
[2026-06-01T12:52:07.778+0000] {logging_mixin.py:188} INFO - [2026-06-01T12:52:07.778+0000] {dag.py:3954} INFO - Setting next_dagrun for example_xcom to 2021-01-01 00:00:00+00:00, run_after=2021-01-01 00:00:00+00:00
[2026-06-01T12:52:07.799+0000] {processor.py:183} INFO - Processing /home/airflow/.local/lib/python3.12/site-packages/airflow/example_dags/example_xcom.py took 0.074 seconds
[2026-06-01T12:52:38.152+0000] {processor.py:161} INFO - Started process (PID=48459) to work on /home/airflow/.local/lib/python3.12/site-packages/airflow/example_dags/example_xcom.py
[2026-06-01T12:52:38.153+0000] {processor.py:830} INFO - Processing file /home/airflow/.local/lib/python3.12/site-packages/airflow/example_dags/example_xcom.py for tasks to queue
[2026-06-01T12:52:38.157+0000] {logging_mixin.py:188} INFO - [2026-06-01T12:52:38.156+0000] {dagbag.py:540} INFO - Filling up the DagBag from /home/airflow/.local/lib/python3.12/site-packages/airflow/example_dags/example_xcom.py
[2026-06-01T12:52:38.170+0000] {processor.py:840} INFO - DAG(s) 'example_xcom' retrieved from /home/airflow/.local/lib/python3.12/site-packages/airflow/example_dags/example_xcom.py
[2026-06-01T12:52:38.192+0000] {logging_mixin.py:188} INFO - [2026-06-01T12:52:38.191+0000] {dag.py:3096} INFO - Sync 1 DAGs
[2026-06-01T12:52:38.219+0000] {logging_mixin.py:188} INFO - [2026-06-01T12:52:38.218+0000] {dag.py:3954} INFO - Setting next_dagrun for example_xcom to 2021-01-01 00:00:00+00:00, run_after=2021-01-01 00:00:00+00:00
[2026-06-01T12:52:38.238+0000] {processor.py:183} INFO - Processing /home/airflow/.local/lib/python3.12/site-packages/airflow/example_dags/example_xcom.py took 0.093 seconds
[2026-06-01T12:53:08.495+0000] {processor.py:161} INFO - Started process (PID=48518) to work on /home/airflow/.local/lib/python3.12/site-packages/airflow/example_dags/example_xcom.py
[2026-06-01T12:53:08.497+0000] {processor.py:830} INFO - Processing file /home/airflow/.local/lib/python3.12/site-packages/airflow/example_dags/example_xcom.py for tasks to queue
[2026-06-01T12:53:08.500+0000] {logging_mixin.py:188} INFO - [2026-06-01T12:53:08.500+0000] {dagbag.py:540} INFO - Filling up the DagBag from /home/airflow/.local/lib/python3.12/site-packages/airflow/example_dags/example_xcom.py
[2026-06-01T12:53:08.507+0000] {processor.py:840} INFO - DAG(s) 'example_xcom' retrieved from /home/airflow/.local/lib/python3.12/site-packages/airflow/example_dags/example_xcom.py
[2026-06-01T12:53:08.524+0000] {logging_mixin.py:188} INFO - [2026-06-01T12:53:08.524+0000] {dag.py:3096} INFO - Sync 1 DAGs
[2026-06-01T12:53:08.541+0000] {logging_mixin.py:188} INFO - [2026-06-01T12:53:08.540+0000] {dag.py:3954} INFO - Setting next_dagrun for example_xcom to 2021-01-01 00:00:00+00:00, run_after=2021-01-01 00:00:00+00:00
[2026-06-01T12:53:08.557+0000] {processor.py:183} INFO - Processing /home/airflow/.local/lib/python3.12/site-packages/airflow/example_dags/example_xcom.py took 0.066 seconds
[2026-06-01T12:53:38.950+0000] {processor.py:161} INFO - Started process (PID=48577) to work on /home/airflow/.local/lib/python3.12/site-packages/airflow/example_dags/example_xcom.py
[2026-06-01T12:53:38.951+0000] {processor.py:830} INFO - Processing file /home/airflow/.local/lib/python3.12/site-packages/airflow/example_dags/example_xcom.py for tasks to queue
[2026-06-01T12:53:38.952+0000] {logging_mixin.py:188} INFO - [2026-06-01T12:53:38.952+0000] {dagbag.py:540} INFO - Filling up the DagBag from /home/airflow/.local/lib/python3.12/site-packages/airflow/example_dags/example_xcom.py
[2026-06-01T12:53:38.959+0000] {processor.py:840} INFO - DAG(s) 'example_xcom' retrieved from /home/airflow/.local/lib/python3.12/site-packages/airflow/example_dags/example_xcom.py
[2026-06-01T12:53:38.974+0000] {logging_mixin.py:188} INFO - [2026-06-01T12:53:38.973+0000] {dag.py:3096} INFO - Sync 1 DAGs
[2026-06-01T12:53:38.989+0000] {logging_mixin.py:188} INFO - [2026-06-01T12:53:38.989+0000] {dag.py:3954} INFO - Setting next_dagrun for example_xcom to 2021-01-01 00:00:00+00:00, run_after=2021-01-01 00:00:00+00:00
[2026-06-01T12:53:39.005+0000] {processor.py:183} INFO - Processing /home/airflow/.local/lib/python3.12/site-packages/airflow/example_dags/example_xcom.py took 0.060 seconds
[2026-06-01T12:54:09.308+0000] {processor.py:161} INFO - Started process (PID=48636) to work on /home/airflow/.local/lib/python3.12/site-packages/airflow/example_dags/example_xcom.py
[2026-06-01T12:54:09.309+0000] {processor.py:830} INFO - Processing file /home/airflow/.local/lib/python3.12/site-packages/airflow/example_dags/example_xcom.py for tasks to queue
[2026-06-01T12:54:09.311+0000] {logging_mixin.py:188} INFO - [2026-06-01T12:54:09.311+0000] {dagbag.py:540} INFO - Filling up the DagBag from /home/airflow/.local/lib/python3.12/site-packages/airflow/example_dags/example_xcom.py
[2026-06-01T12:54:09.318+0000] {processor.py:840} INFO - DAG(s) 'example_xcom' retrieved from /home/airflow/.local/lib/python3.12/site-packages/airflow/example_dags/example_xcom.py
[2026-06-01T12:54:09.338+0000] {logging_mixin.py:188} INFO - [2026-06-01T12:54:09.338+0000] {dag.py:3096} INFO - Sync 1 DAGs
[2026-06-01T12:54:09.356+0000] {logging_mixin.py:188} INFO - [2026-06-01T12:54:09.356+0000] {dag.py:3954} INFO - Setting next_dagrun for example_xcom to 2021-01-01 00:00:00+00:00, run_after=2021-01-01 00:00:00+00:00
[2026-06-01T12:54:09.373+0000] {processor.py:183} INFO - Processing /home/airflow/.local/lib/python3.12/site-packages/airflow/example_dags/example_xcom.py took 0.071 seconds
[2026-06-01T12:54:40.159+0000] {processor.py:161} INFO - Started process (PID=48695) to work on /home/airflow/.local/lib/python3.12/site-packages/airflow/example_dags/example_xcom.py
[2026-06-01T12:54:40.160+0000] {processor.py:830} INFO - Processing file /home/airflow/.local/lib/python3.12/site-packages/airflow/example_dags/example_xcom.py for tasks to queue
[2026-06-01T12:54:40.162+0000] {logging_mixin.py:188} INFO - [2026-06-01T12:54:40.162+0000] {dagbag.py:540} INFO - Filling up the DagBag from /home/airflow/.local/lib/python3.12/site-packages/airflow/example_dags/example_xcom.py
[2026-06-01T12:54:40.168+0000] {processor.py:840} INFO - DAG(s) 'example_xcom' retrieved from /home/airflow/.local/lib/python3.12/site-packages/airflow/example_dags/example_xcom.py
[2026-06-01T12:54:40.184+0000] {logging_mixin.py:188} INFO - [2026-06-01T12:54:40.184+0000] {dag.py:3096} INFO - Sync 1 DAGs
[2026-06-01T12:54:40.200+0000] {logging_mixin.py:188} INFO - [2026-06-01T12:54:40.200+0000] {dag.py:3954} INFO - Setting next_dagrun for example_xcom to 2021-01-01 00:00:00+00:00, run_after=2021-01-01 00:00:00+00:00
[2026-06-01T12:54:40.221+0000] {processor.py:183} INFO - Processing /home/airflow/.local/lib/python3.12/site-packages/airflow/example_dags/example_xcom.py took 0.067 seconds
[2026-06-01T12:55:10.749+0000] {processor.py:161} INFO - Started process (PID=48754) to work on /home/airflow/.local/lib/python3.12/site-packages/airflow/example_dags/example_xcom.py
[2026-06-01T12:55:10.750+0000] {processor.py:830} INFO - Processing file /home/airflow/.local/lib/python3.12/site-packages/airflow/example_dags/example_xcom.py for tasks to queue
[2026-06-01T12:55:10.752+0000] {logging_mixin.py:188} INFO - [2026-06-01T12:55:10.752+0000] {dagbag.py:540} INFO - Filling up the DagBag from /home/airflow/.local/lib/python3.12/site-packages/airflow/example_dags/example_xcom.py
[2026-06-01T12:55:10.760+0000] {processor.py:840} INFO - DAG(s) 'example_xcom' retrieved from /home/airflow/.local/lib/python3.12/site-packages/airflow/example_dags/example_xcom.py
[2026-06-01T12:55:10.786+0000] {logging_mixin.py:188} INFO - [2026-06-01T12:55:10.786+0000] {dag.py:3096} INFO - Sync 1 DAGs
[2026-06-01T12:55:10.808+0000] {logging_mixin.py:188} INFO - [2026-06-01T12:55:10.808+0000] {dag.py:3954} INFO - Setting next_dagrun for example_xcom to 2021-01-01 00:00:00+00:00, run_after=2021-01-01 00:00:00+00:00
[2026-06-01T12:55:10.826+0000] {processor.py:183} INFO - Processing /home/airflow/.local/lib/python3.12/site-packages/airflow/example_dags/example_xcom.py took 0.083 seconds
[2026-06-01T12:55:41.130+0000] {processor.py:161} INFO - Started process (PID=48813) to work on /home/airflow/.local/lib/python3.12/site-packages/airflow/example_dags/example_xcom.py
[2026-06-01T12:55:41.131+0000] {processor.py:830} INFO - Processing file /home/airflow/.local/lib/python3.12/site-packages/airflow/example_dags/example_xcom.py for tasks to queue
[2026-06-01T12:55:41.132+0000] {logging_mixin.py:188} INFO - [2026-06-01T12:55:41.132+0000] {dagbag.py:540} INFO - Filling up the DagBag from /home/airflow/.local/lib/python3.12/site-packages/airflow/example_dags/example_xcom.py
[2026-06-01T12:55:41.139+0000] {processor.py:840} INFO - DAG(s) 'example_xcom' retrieved from /home/airflow/.local/lib/python3.12/site-packages/airflow/example_dags/example_xcom.py
[2026-06-01T12:55:41.157+0000] {logging_mixin.py:188} INFO - [2026-06-01T12:55:41.156+0000] {dag.py:3096} INFO - Sync 1 DAGs
[2026-06-01T12:55:41.175+0000] {logging_mixin.py:188} INFO - [2026-06-01T12:55:41.175+0000] {dag.py:3954} INFO - Setting next_dagrun for example_xcom to 2021-01-01 00:00:00+00:00, run_after=2021-01-01 00:00:00+00:00
[2026-06-01T12:55:41.200+0000] {processor.py:183} INFO - Processing /home/airflow/.local/lib/python3.12/site-packages/airflow/example_dags/example_xcom.py took 0.076 seconds
[2026-06-01T12:56:11.584+0000] {processor.py:161} INFO - Started process (PID=48872) to work on /home/airflow/.local/lib/python3.12/site-packages/airflow/example_dags/example_xcom.py
[2026-06-01T12:56:11.585+0000] {processor.py:830} INFO - Processing file /home/airflow/.local/lib/python3.12/site-packages/airflow/example_dags/example_xcom.py for tasks to queue
[2026-06-01T12:56:11.587+0000] {logging_mixin.py:188} INFO - [2026-06-01T12:56:11.587+0000] {dagbag.py:540} INFO - Filling up the DagBag from /home/airflow/.local/lib/python3.12/site-packages/airflow/example_dags/example_xcom.py
[2026-06-01T12:56:11.594+0000] {processor.py:840} INFO - DAG(s) 'example_xcom' retrieved from /home/airflow/.local/lib/python3.12/site-packages/airflow/example_dags/example_xcom.py
[2026-06-01T12:56:11.611+0000] {logging_mixin.py:188} INFO - [2026-06-01T12:56:11.611+0000] {dag.py:3096} INFO - Sync 1 DAGs
[2026-06-01T12:56:11.629+0000] {logging_mixin.py:188} INFO - [2026-06-01T12:56:11.629+0000] {dag.py:3954} INFO - Setting next_dagrun for example_xcom to 2021-01-01 00:00:00+00:00, run_after=2021-01-01 00:00:00+00:00
[2026-06-01T12:56:11.645+0000] {processor.py:183} INFO - Processing /home/airflow/.local/lib/python3.12/site-packages/airflow/example_dags/example_xcom.py took 0.067 seconds
[2026-06-01T12:56:42.197+0000] {processor.py:161} INFO - Started process (PID=48931) to work on /home/airflow/.local/lib/python3.12/site-packages/airflow/example_dags/example_xcom.py
[2026-06-01T12:56:42.198+0000] {processor.py:830} INFO - Processing file /home/airflow/.local/lib/python3.12/site-packages/airflow/example_dags/example_xcom.py for tasks to queue
[2026-06-01T12:56:42.200+0000] {logging_mixin.py:188} INFO - [2026-06-01T12:56:42.200+0000] {dagbag.py:540} INFO - Filling up the DagBag from /home/airflow/.local/lib/python3.12/site-packages/airflow/example_dags/example_xcom.py
[2026-06-01T12:56:42.206+0000] {processor.py:840} INFO - DAG(s) 'example_xcom' retrieved from /home/airflow/.local/lib/python3.12/site-packages/airflow/example_dags/example_xcom.py
[2026-06-01T12:56:42.221+0000] {logging_mixin.py:188} INFO - [2026-06-01T12:56:42.221+0000] {dag.py:3096} INFO - Sync 1 DAGs
[2026-06-01T12:56:42.238+0000] {logging_mixin.py:188} INFO - [2026-06-01T12:56:42.238+0000] {dag.py:3954} INFO - Setting next_dagrun for example_xcom to 2021-01-01 00:00:00+00:00, run_after=2021-01-01 00:00:00+00:00
[2026-06-01T12:56:42.253+0000] {processor.py:183} INFO - Processing /home/airflow/.local/lib/python3.12/site-packages/airflow/example_dags/example_xcom.py took 0.062 seconds
[2026-06-01T12:57:12.597+0000] {processor.py:161} INFO - Started process (PID=48990) to work on /home/airflow/.local/lib/python3.12/site-packages/airflow/example_dags/example_xcom.py
[2026-06-01T12:57:12.598+0000] {processor.py:830} INFO - Processing file /home/airflow/.local/lib/python3.12/site-packages/airflow/example_dags/example_xcom.py for tasks to queue
[2026-06-01T12:57:12.600+0000] {logging_mixin.py:188} INFO - [2026-06-01T12:57:12.600+0000] {dagbag.py:540} INFO - Filling up the DagBag from /home/airflow/.local/lib/python3.12/site-packages/airflow/example_dags/example_xcom.py
[2026-06-01T12:57:12.607+0000] {processor.py:840} INFO - DAG(s) 'example_xcom' retrieved from /home/airflow/.local/lib/python3.12/site-packages/airflow/example_dags/example_xcom.py
[2026-06-01T12:57:12.623+0000] {logging_mixin.py:188} INFO - [2026-06-01T12:57:12.623+0000] {dag.py:3096} INFO - Sync 1 DAGs
[2026-06-01T12:57:12.639+0000] {logging_mixin.py:188} INFO - [2026-06-01T12:57:12.639+0000] {dag.py:3954} INFO - Setting next_dagrun for example_xcom to 2021-01-01 00:00:00+00:00, run_after=2021-01-01 00:00:00+00:00
[2026-06-01T12:57:12.653+0000] {processor.py:183} INFO - Processing /home/airflow/.local/lib/python3.12/site-packages/airflow/example_dags/example_xcom.py took 0.060 seconds
[2026-06-01T12:57:43.171+0000] {processor.py:161} INFO - Started process (PID=49049) to work on /home/airflow/.local/lib/python3.12/site-packages/airflow/example_dags/example_xcom.py
[2026-06-01T12:57:43.172+0000] {processor.py:830} INFO - Processing file /home/airflow/.local/lib/python3.12/site-packages/airflow/example_dags/example_xcom.py for tasks to queue
[2026-06-01T12:57:43.174+0000] {logging_mixin.py:188} INFO - [2026-06-01T12:57:43.173+0000] {dagbag.py:540} INFO - Filling up the DagBag from /home/airflow/.local/lib/python3.12/site-packages/airflow/example_dags/example_xcom.py
[2026-06-01T12:57:43.181+0000] {processor.py:840} INFO - DAG(s) 'example_xcom' retrieved from /home/airflow/.local/lib/python3.12/site-packages/airflow/example_dags/example_xcom.py
[2026-06-01T12:57:43.199+0000] {logging_mixin.py:188} INFO - [2026-06-01T12:57:43.199+0000] {dag.py:3096} INFO - Sync 1 DAGs
[2026-06-01T12:57:43.216+0000] {logging_mixin.py:188} INFO - [2026-06-01T12:57:43.216+0000] {dag.py:3954} INFO - Setting next_dagrun for example_xcom to 2021-01-01 00:00:00+00:00, run_after=2021-01-01 00:00:00+00:00
[2026-06-01T12:57:43.231+0000] {processor.py:183} INFO - Processing /home/airflow/.local/lib/python3.12/site-packages/airflow/example_dags/example_xcom.py took 0.065 seconds
[2026-06-01T12:58:13.816+0000] {processor.py:161} INFO - Started process (PID=49108) to work on /home/airflow/.local/lib/python3.12/site-packages/airflow/example_dags/example_xcom.py
[2026-06-01T12:58:13.817+0000] {processor.py:830} INFO - Processing file /home/airflow/.local/lib/python3.12/site-packages/airflow/example_dags/example_xcom.py for tasks to queue
[2026-06-01T12:58:13.819+0000] {logging_mixin.py:188} INFO - [2026-06-01T12:58:13.818+0000] {dagbag.py:540} INFO - Filling up the DagBag from /home/airflow/.local/lib/python3.12/site-packages/airflow/example_dags/example_xcom.py
[2026-06-01T12:58:13.825+0000] {processor.py:840} INFO - DAG(s) 'example_xcom' retrieved from /home/airflow/.local/lib/python3.12/site-packages/airflow/example_dags/example_xcom.py
[2026-06-01T12:58:13.847+0000] {logging_mixin.py:188} INFO - [2026-06-01T12:58:13.847+0000] {dag.py:3096} INFO - Sync 1 DAGs
[2026-06-01T12:58:13.866+0000] {logging_mixin.py:188} INFO - [2026-06-01T12:58:13.866+0000] {dag.py:3954} INFO - Setting next_dagrun for example_xcom to 2021-01-01 00:00:00+00:00, run_after=2021-01-01 00:00:00+00:00
[2026-06-01T12:58:13.888+0000] {processor.py:183} INFO - Processing /home/airflow/.local/lib/python3.12/site-packages/airflow/example_dags/example_xcom.py took 0.078 seconds
[2026-06-01T18:02:32.528+0000] {processor.py:161} INFO - Started process (PID=95) to work on /home/airflow/.local/lib/python3.12/site-packages/airflow/example_dags/example_xcom.py
[2026-06-01T18:02:32.531+0000] {processor.py:830} INFO - Processing file /home/airflow/.local/lib/python3.12/site-packages/airflow/example_dags/example_xcom.py for tasks to queue
[2026-06-01T18:02:32.535+0000] {logging_mixin.py:188} INFO - [2026-06-01T18:02:32.534+0000] {dagbag.py:540} INFO - Filling up the DagBag from /home/airflow/.local/lib/python3.12/site-packages/airflow/example_dags/example_xcom.py
[2026-06-01T18:02:32.561+0000] {processor.py:840} INFO - DAG(s) 'example_xcom' retrieved from /home/airflow/.local/lib/python3.12/site-packages/airflow/example_dags/example_xcom.py
[2026-06-01T18:02:32.603+0000] {logging_mixin.py:188} INFO - [2026-06-01T18:02:32.603+0000] {dag.py:3096} INFO - Sync 1 DAGs
[2026-06-01T18:02:32.647+0000] {logging_mixin.py:188} INFO - [2026-06-01T18:02:32.646+0000] {dag.py:3954} INFO - Setting next_dagrun for example_xcom to 2021-01-01 00:00:00+00:00, run_after=2021-01-01 00:00:00+00:00
[2026-06-01T18:02:32.685+0000] {processor.py:183} INFO - Processing /home/airflow/.local/lib/python3.12/site-packages/airflow/example_dags/example_xcom.py took 0.173 seconds
[2026-06-01T18:03:03.388+0000] {processor.py:161} INFO - Started process (PID=154) to work on /home/airflow/.local/lib/python3.12/site-packages/airflow/example_dags/example_xcom.py
[2026-06-01T18:03:03.390+0000] {processor.py:830} INFO - Processing file /home/airflow/.local/lib/python3.12/site-packages/airflow/example_dags/example_xcom.py for tasks to queue
[2026-06-01T18:03:03.391+0000] {logging_mixin.py:188} INFO - [2026-06-01T18:03:03.391+0000] {dagbag.py:540} INFO - Filling up the DagBag from /home/airflow/.local/lib/python3.12/site-packages/airflow/example_dags/example_xcom.py
[2026-06-01T18:03:03.398+0000] {processor.py:840} INFO - DAG(s) 'example_xcom' retrieved from /home/airflow/.local/lib/python3.12/site-packages/airflow/example_dags/example_xcom.py
[2026-06-01T18:03:03.415+0000] {logging_mixin.py:188} INFO - [2026-06-01T18:03:03.415+0000] {dag.py:3096} INFO - Sync 1 DAGs
[2026-06-01T18:03:03.432+0000] {logging_mixin.py:188} INFO - [2026-06-01T18:03:03.431+0000] {dag.py:3954} INFO - Setting next_dagrun for example_xcom to 2021-01-01 00:00:00+00:00, run_after=2021-01-01 00:00:00+00:00
[2026-06-01T18:03:03.448+0000] {processor.py:183} INFO - Processing /home/airflow/.local/lib/python3.12/site-packages/airflow/example_dags/example_xcom.py took 0.065 seconds
[2026-06-01T18:03:33.543+0000] {processor.py:161} INFO - Started process (PID=213) to work on /home/airflow/.local/lib/python3.12/site-packages/airflow/example_dags/example_xcom.py
[2026-06-01T18:03:33.544+0000] {processor.py:830} INFO - Processing file /home/airflow/.local/lib/python3.12/site-packages/airflow/example_dags/example_xcom.py for tasks to queue
[2026-06-01T18:03:33.546+0000] {logging_mixin.py:188} INFO - [2026-06-01T18:03:33.546+0000] {dagbag.py:540} INFO - Filling up the DagBag from /home/airflow/.local/lib/python3.12/site-packages/airflow/example_dags/example_xcom.py
[2026-06-01T18:03:33.553+0000] {processor.py:840} INFO - DAG(s) 'example_xcom' retrieved from /home/airflow/.local/lib/python3.12/site-packages/airflow/example_dags/example_xcom.py
[2026-06-01T18:03:33.569+0000] {logging_mixin.py:188} INFO - [2026-06-01T18:03:33.569+0000] {dag.py:3096} INFO - Sync 1 DAGs
[2026-06-01T18:03:33.586+0000] {logging_mixin.py:188} INFO - [2026-06-01T18:03:33.586+0000] {dag.py:3954} INFO - Setting next_dagrun for example_xcom to 2021-01-01 00:00:00+00:00, run_after=2021-01-01 00:00:00+00:00
[2026-06-01T18:03:33.602+0000] {processor.py:183} INFO - Processing /home/airflow/.local/lib/python3.12/site-packages/airflow/example_dags/example_xcom.py took 0.063 seconds
[2026-06-01T18:04:04.484+0000] {processor.py:161} INFO - Started process (PID=272) to work on /home/airflow/.local/lib/python3.12/site-packages/airflow/example_dags/example_xcom.py
[2026-06-01T18:04:04.485+0000] {processor.py:830} INFO - Processing file /home/airflow/.local/lib/python3.12/site-packages/airflow/example_dags/example_xcom.py for tasks to queue
[2026-06-01T18:04:04.487+0000] {logging_mixin.py:188} INFO - [2026-06-01T18:04:04.487+0000] {dagbag.py:540} INFO - Filling up the DagBag from /home/airflow/.local/lib/python3.12/site-packages/airflow/example_dags/example_xcom.py
[2026-06-01T18:04:04.494+0000] {processor.py:840} INFO - DAG(s) 'example_xcom' retrieved from /home/airflow/.local/lib/python3.12/site-packages/airflow/example_dags/example_xcom.py
[2026-06-01T18:04:04.512+0000] {logging_mixin.py:188} INFO - [2026-06-01T18:04:04.512+0000] {dag.py:3096} INFO - Sync 1 DAGs
[2026-06-01T18:04:04.531+0000] {logging_mixin.py:188} INFO - [2026-06-01T18:04:04.530+0000] {dag.py:3954} INFO - Setting next_dagrun for example_xcom to 2021-01-01 00:00:00+00:00, run_after=2021-01-01 00:00:00+00:00
[2026-06-01T18:04:04.548+0000] {processor.py:183} INFO - Processing /home/airflow/.local/lib/python3.12/site-packages/airflow/example_dags/example_xcom.py took 0.069 seconds
[2026-06-01T18:04:34.771+0000] {processor.py:161} INFO - Started process (PID=331) to work on /home/airflow/.local/lib/python3.12/site-packages/airflow/example_dags/example_xcom.py
[2026-06-01T18:04:34.772+0000] {processor.py:830} INFO - Processing file /home/airflow/.local/lib/python3.12/site-packages/airflow/example_dags/example_xcom.py for tasks to queue
[2026-06-01T18:04:34.774+0000] {logging_mixin.py:188} INFO - [2026-06-01T18:04:34.773+0000] {dagbag.py:540} INFO - Filling up the DagBag from /home/airflow/.local/lib/python3.12/site-packages/airflow/example_dags/example_xcom.py
[2026-06-01T18:04:34.781+0000] {processor.py:840} INFO - DAG(s) 'example_xcom' retrieved from /home/airflow/.local/lib/python3.12/site-packages/airflow/example_dags/example_xcom.py
[2026-06-01T18:04:34.802+0000] {logging_mixin.py:188} INFO - [2026-06-01T18:04:34.802+0000] {dag.py:3096} INFO - Sync 1 DAGs
[2026-06-01T18:04:34.822+0000] {logging_mixin.py:188} INFO - [2026-06-01T18:04:34.822+0000] {dag.py:3954} INFO - Setting next_dagrun for example_xcom to 2021-01-01 00:00:00+00:00, run_after=2021-01-01 00:00:00+00:00
[2026-06-01T18:04:34.839+0000] {processor.py:183} INFO - Processing /home/airflow/.local/lib/python3.12/site-packages/airflow/example_dags/example_xcom.py took 0.074 seconds
[2026-06-01T18:05:05.632+0000] {processor.py:161} INFO - Started process (PID=390) to work on /home/airflow/.local/lib/python3.12/site-packages/airflow/example_dags/example_xcom.py
[2026-06-01T18:05:05.633+0000] {processor.py:830} INFO - Processing file /home/airflow/.local/lib/python3.12/site-packages/airflow/example_dags/example_xcom.py for tasks to queue
[2026-06-01T18:05:05.635+0000] {logging_mixin.py:188} INFO - [2026-06-01T18:05:05.635+0000] {dagbag.py:540} INFO - Filling up the DagBag from /home/airflow/.local/lib/python3.12/site-packages/airflow/example_dags/example_xcom.py
[2026-06-01T18:05:05.644+0000] {processor.py:840} INFO - DAG(s) 'example_xcom' retrieved from /home/airflow/.local/lib/python3.12/site-packages/airflow/example_dags/example_xcom.py
[2026-06-01T18:05:05.663+0000] {logging_mixin.py:188} INFO - [2026-06-01T18:05:05.663+0000] {dag.py:3096} INFO - Sync 1 DAGs
[2026-06-01T18:05:05.686+0000] {logging_mixin.py:188} INFO - [2026-06-01T18:05:05.686+0000] {dag.py:3954} INFO - Setting next_dagrun for example_xcom to 2021-01-01 00:00:00+00:00, run_after=2021-01-01 00:00:00+00:00
[2026-06-01T18:05:05.710+0000] {processor.py:183} INFO - Processing /home/airflow/.local/lib/python3.12/site-packages/airflow/example_dags/example_xcom.py took 0.085 seconds
[2026-06-01T18:05:36.381+0000] {processor.py:161} INFO - Started process (PID=449) to work on /home/airflow/.local/lib/python3.12/site-packages/airflow/example_dags/example_xcom.py
[2026-06-01T18:05:36.382+0000] {processor.py:830} INFO - Processing file /home/airflow/.local/lib/python3.12/site-packages/airflow/example_dags/example_xcom.py for tasks to queue
[2026-06-01T18:05:36.384+0000] {logging_mixin.py:188} INFO - [2026-06-01T18:05:36.383+0000] {dagbag.py:540} INFO - Filling up the DagBag from /home/airflow/.local/lib/python3.12/site-packages/airflow/example_dags/example_xcom.py
[2026-06-01T18:05:36.390+0000] {processor.py:840} INFO - DAG(s) 'example_xcom' retrieved from /home/airflow/.local/lib/python3.12/site-packages/airflow/example_dags/example_xcom.py
[2026-06-01T18:05:36.408+0000] {logging_mixin.py:188} INFO - [2026-06-01T18:05:36.408+0000] {dag.py:3096} INFO - Sync 1 DAGs
[2026-06-01T18:05:36.425+0000] {logging_mixin.py:188} INFO - [2026-06-01T18:05:36.425+0000] {dag.py:3954} INFO - Setting next_dagrun for example_xcom to 2021-01-01 00:00:00+00:00, run_after=2021-01-01 00:00:00+00:00
[2026-06-01T18:05:36.442+0000] {processor.py:183} INFO - Processing /home/airflow/.local/lib/python3.12/site-packages/airflow/example_dags/example_xcom.py took 0.066 seconds
[2026-06-01T18:06:50.842+0000] {processor.py:161} INFO - Started process (PID=104) to work on /home/airflow/.local/lib/python3.12/site-packages/airflow/example_dags/example_xcom.py
[2026-06-01T18:06:50.844+0000] {processor.py:830} INFO - Processing file /home/airflow/.local/lib/python3.12/site-packages/airflow/example_dags/example_xcom.py for tasks to queue
[2026-06-01T18:06:50.847+0000] {logging_mixin.py:188} INFO - [2026-06-01T18:06:50.847+0000] {dagbag.py:540} INFO - Filling up the DagBag from /home/airflow/.local/lib/python3.12/site-packages/airflow/example_dags/example_xcom.py
[2026-06-01T18:06:50.857+0000] {processor.py:840} INFO - DAG(s) 'example_xcom' retrieved from /home/airflow/.local/lib/python3.12/site-packages/airflow/example_dags/example_xcom.py
[2026-06-01T18:06:50.952+0000] {logging_mixin.py:188} INFO - [2026-06-01T18:06:50.952+0000] {dag.py:3096} INFO - Sync 1 DAGs
[2026-06-01T18:06:50.982+0000] {logging_mixin.py:188} INFO - [2026-06-01T18:06:50.982+0000] {dag.py:3954} INFO - Setting next_dagrun for example_xcom to 2021-01-01 00:00:00+00:00, run_after=2021-01-01 00:00:00+00:00
[2026-06-01T18:06:51.015+0000] {processor.py:183} INFO - Processing /home/airflow/.local/lib/python3.12/site-packages/airflow/example_dags/example_xcom.py took 0.178 seconds
[2026-06-01T18:07:22.115+0000] {processor.py:161} INFO - Started process (PID=163) to work on /home/airflow/.local/lib/python3.12/site-packages/airflow/example_dags/example_xcom.py
[2026-06-01T18:07:22.122+0000] {processor.py:830} INFO - Processing file /home/airflow/.local/lib/python3.12/site-packages/airflow/example_dags/example_xcom.py for tasks to queue
[2026-06-01T18:07:22.130+0000] {logging_mixin.py:188} INFO - [2026-06-01T18:07:22.130+0000] {dagbag.py:540} INFO - Filling up the DagBag from /home/airflow/.local/lib/python3.12/site-packages/airflow/example_dags/example_xcom.py
[2026-06-01T18:07:22.163+0000] {processor.py:840} INFO - DAG(s) 'example_xcom' retrieved from /home/airflow/.local/lib/python3.12/site-packages/airflow/example_dags/example_xcom.py
[2026-06-01T18:07:22.227+0000] {logging_mixin.py:188} INFO - [2026-06-01T18:07:22.226+0000] {dag.py:3096} INFO - Sync 1 DAGs
[2026-06-01T18:07:22.321+0000] {logging_mixin.py:188} INFO - [2026-06-01T18:07:22.320+0000] {dag.py:3954} INFO - Setting next_dagrun for example_xcom to 2021-01-01 00:00:00+00:00, run_after=2021-01-01 00:00:00+00:00
[2026-06-01T18:07:22.429+0000] {processor.py:183} INFO - Processing /home/airflow/.local/lib/python3.12/site-packages/airflow/example_dags/example_xcom.py took 0.325 seconds
[2026-06-01T18:07:52.727+0000] {processor.py:161} INFO - Started process (PID=222) to work on /home/airflow/.local/lib/python3.12/site-packages/airflow/example_dags/example_xcom.py
[2026-06-01T18:07:52.728+0000] {processor.py:830} INFO - Processing file /home/airflow/.local/lib/python3.12/site-packages/airflow/example_dags/example_xcom.py for tasks to queue
[2026-06-01T18:07:52.730+0000] {logging_mixin.py:188} INFO - [2026-06-01T18:07:52.729+0000] {dagbag.py:540} INFO - Filling up the DagBag from /home/airflow/.local/lib/python3.12/site-packages/airflow/example_dags/example_xcom.py
[2026-06-01T18:07:52.736+0000] {processor.py:840} INFO - DAG(s) 'example_xcom' retrieved from /home/airflow/.local/lib/python3.12/site-packages/airflow/example_dags/example_xcom.py
[2026-06-01T18:07:52.756+0000] {logging_mixin.py:188} INFO - [2026-06-01T18:07:52.756+0000] {dag.py:3096} INFO - Sync 1 DAGs
[2026-06-01T18:07:52.926+0000] {logging_mixin.py:188} INFO - [2026-06-01T18:07:52.926+0000] {dag.py:3954} INFO - Setting next_dagrun for example_xcom to 2021-01-01 00:00:00+00:00, run_after=2021-01-01 00:00:00+00:00
[2026-06-01T18:07:52.942+0000] {processor.py:183} INFO - Processing /home/airflow/.local/lib/python3.12/site-packages/airflow/example_dags/example_xcom.py took 0.221 seconds
[2026-06-01T18:08:23.644+0000] {processor.py:161} INFO - Started process (PID=281) to work on /home/airflow/.local/lib/python3.12/site-packages/airflow/example_dags/example_xcom.py
[2026-06-01T18:08:23.645+0000] {processor.py:830} INFO - Processing file /home/airflow/.local/lib/python3.12/site-packages/airflow/example_dags/example_xcom.py for tasks to queue
[2026-06-01T18:08:23.646+0000] {logging_mixin.py:188} INFO - [2026-06-01T18:08:23.646+0000] {dagbag.py:540} INFO - Filling up the DagBag from /home/airflow/.local/lib/python3.12/site-packages/airflow/example_dags/example_xcom.py
[2026-06-01T18:08:23.653+0000] {processor.py:840} INFO - DAG(s) 'example_xcom' retrieved from /home/airflow/.local/lib/python3.12/site-packages/airflow/example_dags/example_xcom.py
[2026-06-01T18:08:23.674+0000] {logging_mixin.py:188} INFO - [2026-06-01T18:08:23.673+0000] {dag.py:3096} INFO - Sync 1 DAGs
[2026-06-01T18:08:23.693+0000] {logging_mixin.py:188} INFO - [2026-06-01T18:08:23.693+0000] {dag.py:3954} INFO - Setting next_dagrun for example_xcom to 2021-01-01 00:00:00+00:00, run_after=2021-01-01 00:00:00+00:00
[2026-06-01T18:08:23.717+0000] {processor.py:183} INFO - Processing /home/airflow/.local/lib/python3.12/site-packages/airflow/example_dags/example_xcom.py took 0.079 seconds
[2026-06-01T18:08:54.332+0000] {processor.py:161} INFO - Started process (PID=340) to work on /home/airflow/.local/lib/python3.12/site-packages/airflow/example_dags/example_xcom.py
[2026-06-01T18:08:54.334+0000] {processor.py:830} INFO - Processing file /home/airflow/.local/lib/python3.12/site-packages/airflow/example_dags/example_xcom.py for tasks to queue
[2026-06-01T18:08:54.337+0000] {logging_mixin.py:188} INFO - [2026-06-01T18:08:54.336+0000] {dagbag.py:540} INFO - Filling up the DagBag from /home/airflow/.local/lib/python3.12/site-packages/airflow/example_dags/example_xcom.py
[2026-06-01T18:08:54.345+0000] {processor.py:840} INFO - DAG(s) 'example_xcom' retrieved from /home/airflow/.local/lib/python3.12/site-packages/airflow/example_dags/example_xcom.py
[2026-06-01T18:08:54.367+0000] {logging_mixin.py:188} INFO - [2026-06-01T18:08:54.367+0000] {dag.py:3096} INFO - Sync 1 DAGs
[2026-06-01T18:08:54.389+0000] {logging_mixin.py:188} INFO - [2026-06-01T18:08:54.389+0000] {dag.py:3954} INFO - Setting next_dagrun for example_xcom to 2021-01-01 00:00:00+00:00, run_after=2021-01-01 00:00:00+00:00
[2026-06-01T18:08:54.410+0000] {processor.py:183} INFO - Processing /home/airflow/.local/lib/python3.12/site-packages/airflow/example_dags/example_xcom.py took 0.084 seconds
[2026-06-01T18:09:24.644+0000] {processor.py:161} INFO - Started process (PID=398) to work on /home/airflow/.local/lib/python3.12/site-packages/airflow/example_dags/example_xcom.py
[2026-06-01T18:09:24.645+0000] {processor.py:830} INFO - Processing file /home/airflow/.local/lib/python3.12/site-packages/airflow/example_dags/example_xcom.py for tasks to queue
[2026-06-01T18:09:24.647+0000] {logging_mixin.py:188} INFO - [2026-06-01T18:09:24.647+0000] {dagbag.py:540} INFO - Filling up the DagBag from /home/airflow/.local/lib/python3.12/site-packages/airflow/example_dags/example_xcom.py
[2026-06-01T18:09:24.653+0000] {processor.py:840} INFO - DAG(s) 'example_xcom' retrieved from /home/airflow/.local/lib/python3.12/site-packages/airflow/example_dags/example_xcom.py
[2026-06-01T18:09:24.673+0000] {logging_mixin.py:188} INFO - [2026-06-01T18:09:24.672+0000] {dag.py:3096} INFO - Sync 1 DAGs
[2026-06-01T18:09:24.692+0000] {logging_mixin.py:188} INFO - [2026-06-01T18:09:24.691+0000] {dag.py:3954} INFO - Setting next_dagrun for example_xcom to 2021-01-01 00:00:00+00:00, run_after=2021-01-01 00:00:00+00:00
[2026-06-01T18:09:24.710+0000] {processor.py:183} INFO - Processing /home/airflow/.local/lib/python3.12/site-packages/airflow/example_dags/example_xcom.py took 0.071 seconds
[2026-06-01T18:09:54.822+0000] {processor.py:161} INFO - Started process (PID=457) to work on /home/airflow/.local/lib/python3.12/site-packages/airflow/example_dags/example_xcom.py
[2026-06-01T18:09:54.823+0000] {processor.py:830} INFO - Processing file /home/airflow/.local/lib/python3.12/site-packages/airflow/example_dags/example_xcom.py for tasks to queue
[2026-06-01T18:09:54.824+0000] {logging_mixin.py:188} INFO - [2026-06-01T18:09:54.824+0000] {dagbag.py:540} INFO - Filling up the DagBag from /home/airflow/.local/lib/python3.12/site-packages/airflow/example_dags/example_xcom.py
[2026-06-01T18:09:54.832+0000] {processor.py:840} INFO - DAG(s) 'example_xcom' retrieved from /home/airflow/.local/lib/python3.12/site-packages/airflow/example_dags/example_xcom.py
[2026-06-01T18:09:54.850+0000] {logging_mixin.py:188} INFO - [2026-06-01T18:09:54.849+0000] {dag.py:3096} INFO - Sync 1 DAGs
[2026-06-01T18:09:54.869+0000] {logging_mixin.py:188} INFO - [2026-06-01T18:09:54.869+0000] {dag.py:3954} INFO - Setting next_dagrun for example_xcom to 2021-01-01 00:00:00+00:00, run_after=2021-01-01 00:00:00+00:00
[2026-06-01T18:09:54.886+0000] {processor.py:183} INFO - Processing /home/airflow/.local/lib/python3.12/site-packages/airflow/example_dags/example_xcom.py took 0.069 seconds
[2026-06-01T18:10:25.313+0000] {processor.py:161} INFO - Started process (PID=516) to work on /home/airflow/.local/lib/python3.12/site-packages/airflow/example_dags/example_xcom.py
[2026-06-01T18:10:25.315+0000] {processor.py:830} INFO - Processing file /home/airflow/.local/lib/python3.12/site-packages/airflow/example_dags/example_xcom.py for tasks to queue
[2026-06-01T18:10:25.317+0000] {logging_mixin.py:188} INFO - [2026-06-01T18:10:25.317+0000] {dagbag.py:540} INFO - Filling up the DagBag from /home/airflow/.local/lib/python3.12/site-packages/airflow/example_dags/example_xcom.py
[2026-06-01T18:10:25.325+0000] {processor.py:840} INFO - DAG(s) 'example_xcom' retrieved from /home/airflow/.local/lib/python3.12/site-packages/airflow/example_dags/example_xcom.py
[2026-06-01T18:10:25.346+0000] {logging_mixin.py:188} INFO - [2026-06-01T18:10:25.346+0000] {dag.py:3096} INFO - Sync 1 DAGs
[2026-06-01T18:10:25.365+0000] {logging_mixin.py:188} INFO - [2026-06-01T18:10:25.365+0000] {dag.py:3954} INFO - Setting next_dagrun for example_xcom to 2021-01-01 00:00:00+00:00, run_after=2021-01-01 00:00:00+00:00
[2026-06-01T18:10:25.387+0000] {processor.py:183} INFO - Processing /home/airflow/.local/lib/python3.12/site-packages/airflow/example_dags/example_xcom.py took 0.079 seconds
[2026-06-01T18:10:55.500+0000] {processor.py:161} INFO - Started process (PID=575) to work on /home/airflow/.local/lib/python3.12/site-packages/airflow/example_dags/example_xcom.py
[2026-06-01T18:10:55.502+0000] {processor.py:830} INFO - Processing file /home/airflow/.local/lib/python3.12/site-packages/airflow/example_dags/example_xcom.py for tasks to queue
[2026-06-01T18:10:55.503+0000] {logging_mixin.py:188} INFO - [2026-06-01T18:10:55.503+0000] {dagbag.py:540} INFO - Filling up the DagBag from /home/airflow/.local/lib/python3.12/site-packages/airflow/example_dags/example_xcom.py
[2026-06-01T18:10:55.512+0000] {processor.py:840} INFO - DAG(s) 'example_xcom' retrieved from /home/airflow/.local/lib/python3.12/site-packages/airflow/example_dags/example_xcom.py
[2026-06-01T18:10:55.537+0000] {logging_mixin.py:188} INFO - [2026-06-01T18:10:55.537+0000] {dag.py:3096} INFO - Sync 1 DAGs
[2026-06-01T18:10:55.562+0000] {logging_mixin.py:188} INFO - [2026-06-01T18:10:55.562+0000] {dag.py:3954} INFO - Setting next_dagrun for example_xcom to 2021-01-01 00:00:00+00:00, run_after=2021-01-01 00:00:00+00:00
[2026-06-01T18:10:55.581+0000] {processor.py:183} INFO - Processing /home/airflow/.local/lib/python3.12/site-packages/airflow/example_dags/example_xcom.py took 0.088 seconds
[2026-06-01T18:11:26.034+0000] {processor.py:161} INFO - Started process (PID=635) to work on /home/airflow/.local/lib/python3.12/site-packages/airflow/example_dags/example_xcom.py
[2026-06-01T18:11:26.036+0000] {processor.py:830} INFO - Processing file /home/airflow/.local/lib/python3.12/site-packages/airflow/example_dags/example_xcom.py for tasks to queue
[2026-06-01T18:11:26.040+0000] {logging_mixin.py:188} INFO - [2026-06-01T18:11:26.040+0000] {dagbag.py:540} INFO - Filling up the DagBag from /home/airflow/.local/lib/python3.12/site-packages/airflow/example_dags/example_xcom.py
[2026-06-01T18:11:26.050+0000] {processor.py:840} INFO - DAG(s) 'example_xcom' retrieved from /home/airflow/.local/lib/python3.12/site-packages/airflow/example_dags/example_xcom.py
[2026-06-01T18:11:26.075+0000] {logging_mixin.py:188} INFO - [2026-06-01T18:11:26.075+0000] {dag.py:3096} INFO - Sync 1 DAGs
[2026-06-01T18:11:26.103+0000] {logging_mixin.py:188} INFO - [2026-06-01T18:11:26.102+0000] {dag.py:3954} INFO - Setting next_dagrun for example_xcom to 2021-01-01 00:00:00+00:00, run_after=2021-01-01 00:00:00+00:00
[2026-06-01T18:11:26.133+0000] {processor.py:183} INFO - Processing /home/airflow/.local/lib/python3.12/site-packages/airflow/example_dags/example_xcom.py took 0.106 seconds
[2026-06-01T18:11:56.272+0000] {processor.py:161} INFO - Started process (PID=694) to work on /home/airflow/.local/lib/python3.12/site-packages/airflow/example_dags/example_xcom.py
[2026-06-01T18:11:56.273+0000] {processor.py:830} INFO - Processing file /home/airflow/.local/lib/python3.12/site-packages/airflow/example_dags/example_xcom.py for tasks to queue
[2026-06-01T18:11:56.275+0000] {logging_mixin.py:188} INFO - [2026-06-01T18:11:56.275+0000] {dagbag.py:540} INFO - Filling up the DagBag from /home/airflow/.local/lib/python3.12/site-packages/airflow/example_dags/example_xcom.py
[2026-06-01T18:11:56.285+0000] {processor.py:840} INFO - DAG(s) 'example_xcom' retrieved from /home/airflow/.local/lib/python3.12/site-packages/airflow/example_dags/example_xcom.py
[2026-06-01T18:11:56.315+0000] {logging_mixin.py:188} INFO - [2026-06-01T18:11:56.315+0000] {dag.py:3096} INFO - Sync 1 DAGs
[2026-06-01T18:11:56.342+0000] {logging_mixin.py:188} INFO - [2026-06-01T18:11:56.342+0000] {dag.py:3954} INFO - Setting next_dagrun for example_xcom to 2021-01-01 00:00:00+00:00, run_after=2021-01-01 00:00:00+00:00
[2026-06-01T18:11:56.372+0000] {processor.py:183} INFO - Processing /home/airflow/.local/lib/python3.12/site-packages/airflow/example_dags/example_xcom.py took 0.108 seconds
[2026-06-01T18:12:26.416+0000] {processor.py:161} INFO - Started process (PID=754) to work on /home/airflow/.local/lib/python3.12/site-packages/airflow/example_dags/example_xcom.py
[2026-06-01T18:12:26.418+0000] {processor.py:830} INFO - Processing file /home/airflow/.local/lib/python3.12/site-packages/airflow/example_dags/example_xcom.py for tasks to queue
[2026-06-01T18:12:26.420+0000] {logging_mixin.py:188} INFO - [2026-06-01T18:12:26.419+0000] {dagbag.py:540} INFO - Filling up the DagBag from /home/airflow/.local/lib/python3.12/site-packages/airflow/example_dags/example_xcom.py
[2026-06-01T18:12:26.427+0000] {processor.py:840} INFO - DAG(s) 'example_xcom' retrieved from /home/airflow/.local/lib/python3.12/site-packages/airflow/example_dags/example_xcom.py
[2026-06-01T18:12:26.447+0000] {logging_mixin.py:188} INFO - [2026-06-01T18:12:26.446+0000] {dag.py:3096} INFO - Sync 1 DAGs
[2026-06-01T18:12:26.466+0000] {logging_mixin.py:188} INFO - [2026-06-01T18:12:26.466+0000] {dag.py:3954} INFO - Setting next_dagrun for example_xcom to 2021-01-01 00:00:00+00:00, run_after=2021-01-01 00:00:00+00:00
[2026-06-01T18:12:26.484+0000] {processor.py:183} INFO - Processing /home/airflow/.local/lib/python3.12/site-packages/airflow/example_dags/example_xcom.py took 0.073 seconds
[2026-06-01T18:12:57.078+0000] {processor.py:161} INFO - Started process (PID=813) to work on /home/airflow/.local/lib/python3.12/site-packages/airflow/example_dags/example_xcom.py
[2026-06-01T18:12:57.079+0000] {processor.py:830} INFO - Processing file /home/airflow/.local/lib/python3.12/site-packages/airflow/example_dags/example_xcom.py for tasks to queue
[2026-06-01T18:12:57.081+0000] {logging_mixin.py:188} INFO - [2026-06-01T18:12:57.080+0000] {dagbag.py:540} INFO - Filling up the DagBag from /home/airflow/.local/lib/python3.12/site-packages/airflow/example_dags/example_xcom.py
[2026-06-01T18:12:57.088+0000] {processor.py:840} INFO - DAG(s) 'example_xcom' retrieved from /home/airflow/.local/lib/python3.12/site-packages/airflow/example_dags/example_xcom.py
[2026-06-01T18:12:57.107+0000] {logging_mixin.py:188} INFO - [2026-06-01T18:12:57.107+0000] {dag.py:3096} INFO - Sync 1 DAGs
[2026-06-01T18:12:57.126+0000] {logging_mixin.py:188} INFO - [2026-06-01T18:12:57.125+0000] {dag.py:3954} INFO - Setting next_dagrun for example_xcom to 2021-01-01 00:00:00+00:00, run_after=2021-01-01 00:00:00+00:00
[2026-06-01T18:12:57.145+0000] {processor.py:183} INFO - Processing /home/airflow/.local/lib/python3.12/site-packages/airflow/example_dags/example_xcom.py took 0.073 seconds
[2026-06-01T18:13:27.462+0000] {processor.py:161} INFO - Started process (PID=872) to work on /home/airflow/.local/lib/python3.12/site-packages/airflow/example_dags/example_xcom.py
[2026-06-01T18:13:27.463+0000] {processor.py:830} INFO - Processing file /home/airflow/.local/lib/python3.12/site-packages/airflow/example_dags/example_xcom.py for tasks to queue
[2026-06-01T18:13:27.465+0000] {logging_mixin.py:188} INFO - [2026-06-01T18:13:27.465+0000] {dagbag.py:540} INFO - Filling up the DagBag from /home/airflow/.local/lib/python3.12/site-packages/airflow/example_dags/example_xcom.py
[2026-06-01T18:13:27.472+0000] {processor.py:840} INFO - DAG(s) 'example_xcom' retrieved from /home/airflow/.local/lib/python3.12/site-packages/airflow/example_dags/example_xcom.py
[2026-06-01T18:13:27.490+0000] {logging_mixin.py:188} INFO - [2026-06-01T18:13:27.490+0000] {dag.py:3096} INFO - Sync 1 DAGs
[2026-06-01T18:13:27.510+0000] {logging_mixin.py:188} INFO - [2026-06-01T18:13:27.510+0000] {dag.py:3954} INFO - Setting next_dagrun for example_xcom to 2021-01-01 00:00:00+00:00, run_after=2021-01-01 00:00:00+00:00
[2026-06-01T18:13:27.527+0000] {processor.py:183} INFO - Processing /home/airflow/.local/lib/python3.12/site-packages/airflow/example_dags/example_xcom.py took 0.070 seconds
[2026-06-01T18:13:57.671+0000] {processor.py:161} INFO - Started process (PID=931) to work on /home/airflow/.local/lib/python3.12/site-packages/airflow/example_dags/example_xcom.py
[2026-06-01T18:13:57.672+0000] {processor.py:830} INFO - Processing file /home/airflow/.local/lib/python3.12/site-packages/airflow/example_dags/example_xcom.py for tasks to queue
[2026-06-01T18:13:57.675+0000] {logging_mixin.py:188} INFO - [2026-06-01T18:13:57.674+0000] {dagbag.py:540} INFO - Filling up the DagBag from /home/airflow/.local/lib/python3.12/site-packages/airflow/example_dags/example_xcom.py
[2026-06-01T18:13:57.682+0000] {processor.py:840} INFO - DAG(s) 'example_xcom' retrieved from /home/airflow/.local/lib/python3.12/site-packages/airflow/example_dags/example_xcom.py
[2026-06-01T18:13:57.702+0000] {logging_mixin.py:188} INFO - [2026-06-01T18:13:57.702+0000] {dag.py:3096} INFO - Sync 1 DAGs
[2026-06-01T18:13:57.722+0000] {logging_mixin.py:188} INFO - [2026-06-01T18:13:57.722+0000] {dag.py:3954} INFO - Setting next_dagrun for example_xcom to 2021-01-01 00:00:00+00:00, run_after=2021-01-01 00:00:00+00:00
[2026-06-01T18:13:57.739+0000] {processor.py:183} INFO - Processing /home/airflow/.local/lib/python3.12/site-packages/airflow/example_dags/example_xcom.py took 0.073 seconds
[2026-06-01T18:14:27.993+0000] {processor.py:161} INFO - Started process (PID=990) to work on /home/airflow/.local/lib/python3.12/site-packages/airflow/example_dags/example_xcom.py
[2026-06-01T18:14:27.995+0000] {processor.py:830} INFO - Processing file /home/airflow/.local/lib/python3.12/site-packages/airflow/example_dags/example_xcom.py for tasks to queue
[2026-06-01T18:14:27.997+0000] {logging_mixin.py:188} INFO - [2026-06-01T18:14:27.997+0000] {dagbag.py:540} INFO - Filling up the DagBag from /home/airflow/.local/lib/python3.12/site-packages/airflow/example_dags/example_xcom.py
[2026-06-01T18:14:28.008+0000] {processor.py:840} INFO - DAG(s) 'example_xcom' retrieved from /home/airflow/.local/lib/python3.12/site-packages/airflow/example_dags/example_xcom.py
[2026-06-01T18:14:28.029+0000] {logging_mixin.py:188} INFO - [2026-06-01T18:14:28.029+0000] {dag.py:3096} INFO - Sync 1 DAGs
[2026-06-01T18:14:28.051+0000] {logging_mixin.py:188} INFO - [2026-06-01T18:14:28.051+0000] {dag.py:3954} INFO - Setting next_dagrun for example_xcom to 2021-01-01 00:00:00+00:00, run_after=2021-01-01 00:00:00+00:00
[2026-06-01T18:14:28.069+0000] {processor.py:183} INFO - Processing /home/airflow/.local/lib/python3.12/site-packages/airflow/example_dags/example_xcom.py took 0.081 seconds
[2026-06-01T18:14:58.373+0000] {processor.py:161} INFO - Started process (PID=1049) to work on /home/airflow/.local/lib/python3.12/site-packages/airflow/example_dags/example_xcom.py
[2026-06-01T18:14:58.375+0000] {processor.py:830} INFO - Processing file /home/airflow/.local/lib/python3.12/site-packages/airflow/example_dags/example_xcom.py for tasks to queue
[2026-06-01T18:14:58.378+0000] {logging_mixin.py:188} INFO - [2026-06-01T18:14:58.377+0000] {dagbag.py:540} INFO - Filling up the DagBag from /home/airflow/.local/lib/python3.12/site-packages/airflow/example_dags/example_xcom.py
[2026-06-01T18:14:58.389+0000] {processor.py:840} INFO - DAG(s) 'example_xcom' retrieved from /home/airflow/.local/lib/python3.12/site-packages/airflow/example_dags/example_xcom.py
[2026-06-01T18:14:58.414+0000] {logging_mixin.py:188} INFO - [2026-06-01T18:14:58.413+0000] {dag.py:3096} INFO - Sync 1 DAGs
[2026-06-01T18:14:58.438+0000] {logging_mixin.py:188} INFO - [2026-06-01T18:14:58.438+0000] {dag.py:3954} INFO - Setting next_dagrun for example_xcom to 2021-01-01 00:00:00+00:00, run_after=2021-01-01 00:00:00+00:00
[2026-06-01T18:14:58.468+0000] {processor.py:183} INFO - Processing /home/airflow/.local/lib/python3.12/site-packages/airflow/example_dags/example_xcom.py took 0.102 seconds
[2026-06-01T18:15:28.534+0000] {processor.py:161} INFO - Started process (PID=1108) to work on /home/airflow/.local/lib/python3.12/site-packages/airflow/example_dags/example_xcom.py
[2026-06-01T18:15:28.536+0000] {processor.py:830} INFO - Processing file /home/airflow/.local/lib/python3.12/site-packages/airflow/example_dags/example_xcom.py for tasks to queue
[2026-06-01T18:15:28.538+0000] {logging_mixin.py:188} INFO - [2026-06-01T18:15:28.538+0000] {dagbag.py:540} INFO - Filling up the DagBag from /home/airflow/.local/lib/python3.12/site-packages/airflow/example_dags/example_xcom.py
[2026-06-01T18:15:28.545+0000] {processor.py:840} INFO - DAG(s) 'example_xcom' retrieved from /home/airflow/.local/lib/python3.12/site-packages/airflow/example_dags/example_xcom.py
[2026-06-01T18:15:28.565+0000] {logging_mixin.py:188} INFO - [2026-06-01T18:15:28.564+0000] {dag.py:3096} INFO - Sync 1 DAGs
[2026-06-01T18:15:28.593+0000] {logging_mixin.py:188} INFO - [2026-06-01T18:15:28.592+0000] {dag.py:3954} INFO - Setting next_dagrun for example_xcom to 2021-01-01 00:00:00+00:00, run_after=2021-01-01 00:00:00+00:00
[2026-06-01T18:15:28.614+0000] {processor.py:183} INFO - Processing /home/airflow/.local/lib/python3.12/site-packages/airflow/example_dags/example_xcom.py took 0.085 seconds
[2026-06-01T18:15:58.668+0000] {processor.py:161} INFO - Started process (PID=1167) to work on /home/airflow/.local/lib/python3.12/site-packages/airflow/example_dags/example_xcom.py
[2026-06-01T18:15:58.670+0000] {processor.py:830} INFO - Processing file /home/airflow/.local/lib/python3.12/site-packages/airflow/example_dags/example_xcom.py for tasks to queue
[2026-06-01T18:15:58.672+0000] {logging_mixin.py:188} INFO - [2026-06-01T18:15:58.671+0000] {dagbag.py:540} INFO - Filling up the DagBag from /home/airflow/.local/lib/python3.12/site-packages/airflow/example_dags/example_xcom.py
[2026-06-01T18:15:58.679+0000] {processor.py:840} INFO - DAG(s) 'example_xcom' retrieved from /home/airflow/.local/lib/python3.12/site-packages/airflow/example_dags/example_xcom.py
[2026-06-01T18:15:58.697+0000] {logging_mixin.py:188} INFO - [2026-06-01T18:15:58.697+0000] {dag.py:3096} INFO - Sync 1 DAGs
[2026-06-01T18:15:58.716+0000] {logging_mixin.py:188} INFO - [2026-06-01T18:15:58.716+0000] {dag.py:3954} INFO - Setting next_dagrun for example_xcom to 2021-01-01 00:00:00+00:00, run_after=2021-01-01 00:00:00+00:00
[2026-06-01T18:15:58.736+0000] {processor.py:183} INFO - Processing /home/airflow/.local/lib/python3.12/site-packages/airflow/example_dags/example_xcom.py took 0.073 seconds
[2026-06-01T18:16:28.909+0000] {processor.py:161} INFO - Started process (PID=1226) to work on /home/airflow/.local/lib/python3.12/site-packages/airflow/example_dags/example_xcom.py
[2026-06-01T18:16:28.911+0000] {processor.py:830} INFO - Processing file /home/airflow/.local/lib/python3.12/site-packages/airflow/example_dags/example_xcom.py for tasks to queue
[2026-06-01T18:16:28.913+0000] {logging_mixin.py:188} INFO - [2026-06-01T18:16:28.913+0000] {dagbag.py:540} INFO - Filling up the DagBag from /home/airflow/.local/lib/python3.12/site-packages/airflow/example_dags/example_xcom.py
[2026-06-01T18:16:28.921+0000] {processor.py:840} INFO - DAG(s) 'example_xcom' retrieved from /home/airflow/.local/lib/python3.12/site-packages/airflow/example_dags/example_xcom.py
[2026-06-01T18:16:28.942+0000] {logging_mixin.py:188} INFO - [2026-06-01T18:16:28.942+0000] {dag.py:3096} INFO - Sync 1 DAGs
[2026-06-01T18:16:28.963+0000] {logging_mixin.py:188} INFO - [2026-06-01T18:16:28.963+0000] {dag.py:3954} INFO - Setting next_dagrun for example_xcom to 2021-01-01 00:00:00+00:00, run_after=2021-01-01 00:00:00+00:00
[2026-06-01T18:16:28.981+0000] {processor.py:183} INFO - Processing /home/airflow/.local/lib/python3.12/site-packages/airflow/example_dags/example_xcom.py took 0.079 seconds
[2026-06-01T18:16:59.209+0000] {processor.py:161} INFO - Started process (PID=1285) to work on /home/airflow/.local/lib/python3.12/site-packages/airflow/example_dags/example_xcom.py
[2026-06-01T18:16:59.211+0000] {processor.py:830} INFO - Processing file /home/airflow/.local/lib/python3.12/site-packages/airflow/example_dags/example_xcom.py for tasks to queue
[2026-06-01T18:16:59.212+0000] {logging_mixin.py:188} INFO - [2026-06-01T18:16:59.212+0000] {dagbag.py:540} INFO - Filling up the DagBag from /home/airflow/.local/lib/python3.12/site-packages/airflow/example_dags/example_xcom.py
[2026-06-01T18:16:59.220+0000] {processor.py:840} INFO - DAG(s) 'example_xcom' retrieved from /home/airflow/.local/lib/python3.12/site-packages/airflow/example_dags/example_xcom.py
[2026-06-01T18:16:59.238+0000] {logging_mixin.py:188} INFO - [2026-06-01T18:16:59.237+0000] {dag.py:3096} INFO - Sync 1 DAGs
[2026-06-01T18:16:59.257+0000] {logging_mixin.py:188} INFO - [2026-06-01T18:16:59.257+0000] {dag.py:3954} INFO - Setting next_dagrun for example_xcom to 2021-01-01 00:00:00+00:00, run_after=2021-01-01 00:00:00+00:00
[2026-06-01T18:16:59.273+0000] {processor.py:183} INFO - Processing /home/airflow/.local/lib/python3.12/site-packages/airflow/example_dags/example_xcom.py took 0.069 seconds
[2026-06-01T18:17:29.605+0000] {processor.py:161} INFO - Started process (PID=1344) to work on /home/airflow/.local/lib/python3.12/site-packages/airflow/example_dags/example_xcom.py
[2026-06-01T18:17:29.615+0000] {processor.py:830} INFO - Processing file /home/airflow/.local/lib/python3.12/site-packages/airflow/example_dags/example_xcom.py for tasks to queue
[2026-06-01T18:17:29.618+0000] {logging_mixin.py:188} INFO - [2026-06-01T18:17:29.618+0000] {dagbag.py:540} INFO - Filling up the DagBag from /home/airflow/.local/lib/python3.12/site-packages/airflow/example_dags/example_xcom.py
[2026-06-01T18:17:29.651+0000] {processor.py:840} INFO - DAG(s) 'example_xcom' retrieved from /home/airflow/.local/lib/python3.12/site-packages/airflow/example_dags/example_xcom.py
[2026-06-01T18:17:29.731+0000] {logging_mixin.py:188} INFO - [2026-06-01T18:17:29.730+0000] {dag.py:3096} INFO - Sync 1 DAGs
[2026-06-01T18:17:29.809+0000] {logging_mixin.py:188} INFO - [2026-06-01T18:17:29.808+0000] {dag.py:3954} INFO - Setting next_dagrun for example_xcom to 2021-01-01 00:00:00+00:00, run_after=2021-01-01 00:00:00+00:00
[2026-06-01T18:17:29.896+0000] {processor.py:183} INFO - Processing /home/airflow/.local/lib/python3.12/site-packages/airflow/example_dags/example_xcom.py took 0.300 seconds
[2026-06-01T18:18:00.832+0000] {processor.py:161} INFO - Started process (PID=1403) to work on /home/airflow/.local/lib/python3.12/site-packages/airflow/example_dags/example_xcom.py
[2026-06-01T18:18:00.833+0000] {processor.py:830} INFO - Processing file /home/airflow/.local/lib/python3.12/site-packages/airflow/example_dags/example_xcom.py for tasks to queue
[2026-06-01T18:18:00.834+0000] {logging_mixin.py:188} INFO - [2026-06-01T18:18:00.834+0000] {dagbag.py:540} INFO - Filling up the DagBag from /home/airflow/.local/lib/python3.12/site-packages/airflow/example_dags/example_xcom.py
[2026-06-01T18:18:00.842+0000] {processor.py:840} INFO - DAG(s) 'example_xcom' retrieved from /home/airflow/.local/lib/python3.12/site-packages/airflow/example_dags/example_xcom.py
[2026-06-01T18:18:00.863+0000] {logging_mixin.py:188} INFO - [2026-06-01T18:18:00.862+0000] {dag.py:3096} INFO - Sync 1 DAGs
[2026-06-01T18:18:00.882+0000] {logging_mixin.py:188} INFO - [2026-06-01T18:18:00.881+0000] {dag.py:3954} INFO - Setting next_dagrun for example_xcom to 2021-01-01 00:00:00+00:00, run_after=2021-01-01 00:00:00+00:00
[2026-06-01T18:18:00.901+0000] {processor.py:183} INFO - Processing /home/airflow/.local/lib/python3.12/site-packages/airflow/example_dags/example_xcom.py took 0.075 seconds
[2026-06-01T18:18:31.008+0000] {processor.py:161} INFO - Started process (PID=1462) to work on /home/airflow/.local/lib/python3.12/site-packages/airflow/example_dags/example_xcom.py
[2026-06-01T18:18:31.009+0000] {processor.py:830} INFO - Processing file /home/airflow/.local/lib/python3.12/site-packages/airflow/example_dags/example_xcom.py for tasks to queue
[2026-06-01T18:18:31.011+0000] {logging_mixin.py:188} INFO - [2026-06-01T18:18:31.010+0000] {dagbag.py:540} INFO - Filling up the DagBag from /home/airflow/.local/lib/python3.12/site-packages/airflow/example_dags/example_xcom.py
[2026-06-01T18:18:31.018+0000] {processor.py:840} INFO - DAG(s) 'example_xcom' retrieved from /home/airflow/.local/lib/python3.12/site-packages/airflow/example_dags/example_xcom.py
[2026-06-01T18:18:31.039+0000] {logging_mixin.py:188} INFO - [2026-06-01T18:18:31.038+0000] {dag.py:3096} INFO - Sync 1 DAGs
[2026-06-01T18:18:31.058+0000] {logging_mixin.py:188} INFO - [2026-06-01T18:18:31.058+0000] {dag.py:3954} INFO - Setting next_dagrun for example_xcom to 2021-01-01 00:00:00+00:00, run_after=2021-01-01 00:00:00+00:00
[2026-06-01T18:18:31.078+0000] {processor.py:183} INFO - Processing /home/airflow/.local/lib/python3.12/site-packages/airflow/example_dags/example_xcom.py took 0.076 seconds
[2026-06-01T18:19:01.244+0000] {processor.py:161} INFO - Started process (PID=1521) to work on /home/airflow/.local/lib/python3.12/site-packages/airflow/example_dags/example_xcom.py
[2026-06-01T18:19:01.245+0000] {processor.py:830} INFO - Processing file /home/airflow/.local/lib/python3.12/site-packages/airflow/example_dags/example_xcom.py for tasks to queue
[2026-06-01T18:19:01.247+0000] {logging_mixin.py:188} INFO - [2026-06-01T18:19:01.247+0000] {dagbag.py:540} INFO - Filling up the DagBag from /home/airflow/.local/lib/python3.12/site-packages/airflow/example_dags/example_xcom.py
[2026-06-01T18:19:01.254+0000] {processor.py:840} INFO - DAG(s) 'example_xcom' retrieved from /home/airflow/.local/lib/python3.12/site-packages/airflow/example_dags/example_xcom.py
[2026-06-01T18:19:01.273+0000] {logging_mixin.py:188} INFO - [2026-06-01T18:19:01.273+0000] {dag.py:3096} INFO - Sync 1 DAGs
[2026-06-01T18:19:01.293+0000] {logging_mixin.py:188} INFO - [2026-06-01T18:19:01.292+0000] {dag.py:3954} INFO - Setting next_dagrun for example_xcom to 2021-01-01 00:00:00+00:00, run_after=2021-01-01 00:00:00+00:00
[2026-06-01T18:19:01.312+0000] {processor.py:183} INFO - Processing /home/airflow/.local/lib/python3.12/site-packages/airflow/example_dags/example_xcom.py took 0.074 seconds
[2026-06-01T18:19:31.521+0000] {processor.py:161} INFO - Started process (PID=1580) to work on /home/airflow/.local/lib/python3.12/site-packages/airflow/example_dags/example_xcom.py
[2026-06-01T18:19:31.522+0000] {processor.py:830} INFO - Processing file /home/airflow/.local/lib/python3.12/site-packages/airflow/example_dags/example_xcom.py for tasks to queue
[2026-06-01T18:19:31.524+0000] {logging_mixin.py:188} INFO - [2026-06-01T18:19:31.524+0000] {dagbag.py:540} INFO - Filling up the DagBag from /home/airflow/.local/lib/python3.12/site-packages/airflow/example_dags/example_xcom.py
[2026-06-01T18:19:31.531+0000] {processor.py:840} INFO - DAG(s) 'example_xcom' retrieved from /home/airflow/.local/lib/python3.12/site-packages/airflow/example_dags/example_xcom.py
[2026-06-01T18:19:31.552+0000] {logging_mixin.py:188} INFO - [2026-06-01T18:19:31.551+0000] {dag.py:3096} INFO - Sync 1 DAGs
[2026-06-01T18:19:31.571+0000] {logging_mixin.py:188} INFO - [2026-06-01T18:19:31.571+0000] {dag.py:3954} INFO - Setting next_dagrun for example_xcom to 2021-01-01 00:00:00+00:00, run_after=2021-01-01 00:00:00+00:00
[2026-06-01T18:19:31.592+0000] {processor.py:183} INFO - Processing /home/airflow/.local/lib/python3.12/site-packages/airflow/example_dags/example_xcom.py took 0.076 seconds
[2026-06-01T18:20:01.899+0000] {processor.py:161} INFO - Started process (PID=1639) to work on /home/airflow/.local/lib/python3.12/site-packages/airflow/example_dags/example_xcom.py
[2026-06-01T18:20:01.900+0000] {processor.py:830} INFO - Processing file /home/airflow/.local/lib/python3.12/site-packages/airflow/example_dags/example_xcom.py for tasks to queue
[2026-06-01T18:20:01.903+0000] {logging_mixin.py:188} INFO - [2026-06-01T18:20:01.902+0000] {dagbag.py:540} INFO - Filling up the DagBag from /home/airflow/.local/lib/python3.12/site-packages/airflow/example_dags/example_xcom.py
[2026-06-01T18:20:01.910+0000] {processor.py:840} INFO - DAG(s) 'example_xcom' retrieved from /home/airflow/.local/lib/python3.12/site-packages/airflow/example_dags/example_xcom.py
[2026-06-01T18:20:01.929+0000] {logging_mixin.py:188} INFO - [2026-06-01T18:20:01.929+0000] {dag.py:3096} INFO - Sync 1 DAGs
[2026-06-01T18:20:01.951+0000] {logging_mixin.py:188} INFO - [2026-06-01T18:20:01.950+0000] {dag.py:3954} INFO - Setting next_dagrun for example_xcom to 2021-01-01 00:00:00+00:00, run_after=2021-01-01 00:00:00+00:00
[2026-06-01T18:20:01.977+0000] {processor.py:183} INFO - Processing /home/airflow/.local/lib/python3.12/site-packages/airflow/example_dags/example_xcom.py took 0.083 seconds
[2026-06-01T18:20:32.275+0000] {processor.py:161} INFO - Started process (PID=1698) to work on /home/airflow/.local/lib/python3.12/site-packages/airflow/example_dags/example_xcom.py
[2026-06-01T18:20:32.276+0000] {processor.py:830} INFO - Processing file /home/airflow/.local/lib/python3.12/site-packages/airflow/example_dags/example_xcom.py for tasks to queue
[2026-06-01T18:20:32.278+0000] {logging_mixin.py:188} INFO - [2026-06-01T18:20:32.278+0000] {dagbag.py:540} INFO - Filling up the DagBag from /home/airflow/.local/lib/python3.12/site-packages/airflow/example_dags/example_xcom.py
[2026-06-01T18:20:32.286+0000] {processor.py:840} INFO - DAG(s) 'example_xcom' retrieved from /home/airflow/.local/lib/python3.12/site-packages/airflow/example_dags/example_xcom.py
[2026-06-01T18:20:32.306+0000] {logging_mixin.py:188} INFO - [2026-06-01T18:20:32.306+0000] {dag.py:3096} INFO - Sync 1 DAGs
[2026-06-01T18:20:32.325+0000] {logging_mixin.py:188} INFO - [2026-06-01T18:20:32.325+0000] {dag.py:3954} INFO - Setting next_dagrun for example_xcom to 2021-01-01 00:00:00+00:00, run_after=2021-01-01 00:00:00+00:00
[2026-06-01T18:20:32.345+0000] {processor.py:183} INFO - Processing /home/airflow/.local/lib/python3.12/site-packages/airflow/example_dags/example_xcom.py took 0.075 seconds
[2026-06-01T18:21:02.453+0000] {processor.py:161} INFO - Started process (PID=1757) to work on /home/airflow/.local/lib/python3.12/site-packages/airflow/example_dags/example_xcom.py
[2026-06-01T18:21:02.455+0000] {processor.py:830} INFO - Processing file /home/airflow/.local/lib/python3.12/site-packages/airflow/example_dags/example_xcom.py for tasks to queue
[2026-06-01T18:21:02.457+0000] {logging_mixin.py:188} INFO - [2026-06-01T18:21:02.457+0000] {dagbag.py:540} INFO - Filling up the DagBag from /home/airflow/.local/lib/python3.12/site-packages/airflow/example_dags/example_xcom.py
[2026-06-01T18:21:02.468+0000] {processor.py:840} INFO - DAG(s) 'example_xcom' retrieved from /home/airflow/.local/lib/python3.12/site-packages/airflow/example_dags/example_xcom.py
[2026-06-01T18:21:02.493+0000] {logging_mixin.py:188} INFO - [2026-06-01T18:21:02.492+0000] {dag.py:3096} INFO - Sync 1 DAGs
[2026-06-01T18:21:02.512+0000] {logging_mixin.py:188} INFO - [2026-06-01T18:21:02.512+0000] {dag.py:3954} INFO - Setting next_dagrun for example_xcom to 2021-01-01 00:00:00+00:00, run_after=2021-01-01 00:00:00+00:00
[2026-06-01T18:21:02.532+0000] {processor.py:183} INFO - Processing /home/airflow/.local/lib/python3.12/site-packages/airflow/example_dags/example_xcom.py took 0.086 seconds
[2026-06-01T18:21:32.591+0000] {processor.py:161} INFO - Started process (PID=1816) to work on /home/airflow/.local/lib/python3.12/site-packages/airflow/example_dags/example_xcom.py
[2026-06-01T18:21:32.592+0000] {processor.py:830} INFO - Processing file /home/airflow/.local/lib/python3.12/site-packages/airflow/example_dags/example_xcom.py for tasks to queue
[2026-06-01T18:21:32.594+0000] {logging_mixin.py:188} INFO - [2026-06-01T18:21:32.594+0000] {dagbag.py:540} INFO - Filling up the DagBag from /home/airflow/.local/lib/python3.12/site-packages/airflow/example_dags/example_xcom.py
[2026-06-01T18:21:32.602+0000] {processor.py:840} INFO - DAG(s) 'example_xcom' retrieved from /home/airflow/.local/lib/python3.12/site-packages/airflow/example_dags/example_xcom.py
[2026-06-01T18:21:32.627+0000] {logging_mixin.py:188} INFO - [2026-06-01T18:21:32.627+0000] {dag.py:3096} INFO - Sync 1 DAGs
[2026-06-01T18:21:32.646+0000] {logging_mixin.py:188} INFO - [2026-06-01T18:21:32.646+0000] {dag.py:3954} INFO - Setting next_dagrun for example_xcom to 2021-01-01 00:00:00+00:00, run_after=2021-01-01 00:00:00+00:00
[2026-06-01T18:21:32.664+0000] {processor.py:183} INFO - Processing /home/airflow/.local/lib/python3.12/site-packages/airflow/example_dags/example_xcom.py took 0.078 seconds
[2026-06-01T18:22:02.929+0000] {processor.py:161} INFO - Started process (PID=1875) to work on /home/airflow/.local/lib/python3.12/site-packages/airflow/example_dags/example_xcom.py
[2026-06-01T18:22:02.930+0000] {processor.py:830} INFO - Processing file /home/airflow/.local/lib/python3.12/site-packages/airflow/example_dags/example_xcom.py for tasks to queue
[2026-06-01T18:22:02.932+0000] {logging_mixin.py:188} INFO - [2026-06-01T18:22:02.932+0000] {dagbag.py:540} INFO - Filling up the DagBag from /home/airflow/.local/lib/python3.12/site-packages/airflow/example_dags/example_xcom.py
[2026-06-01T18:22:02.940+0000] {processor.py:840} INFO - DAG(s) 'example_xcom' retrieved from /home/airflow/.local/lib/python3.12/site-packages/airflow/example_dags/example_xcom.py
[2026-06-01T18:22:02.960+0000] {logging_mixin.py:188} INFO - [2026-06-01T18:22:02.960+0000] {dag.py:3096} INFO - Sync 1 DAGs
[2026-06-01T18:22:02.979+0000] {logging_mixin.py:188} INFO - [2026-06-01T18:22:02.978+0000] {dag.py:3954} INFO - Setting next_dagrun for example_xcom to 2021-01-01 00:00:00+00:00, run_after=2021-01-01 00:00:00+00:00
[2026-06-01T18:22:03.000+0000] {processor.py:183} INFO - Processing /home/airflow/.local/lib/python3.12/site-packages/airflow/example_dags/example_xcom.py took 0.076 seconds
[2026-06-01T18:22:33.576+0000] {processor.py:161} INFO - Started process (PID=1934) to work on /home/airflow/.local/lib/python3.12/site-packages/airflow/example_dags/example_xcom.py
[2026-06-01T18:22:33.578+0000] {processor.py:830} INFO - Processing file /home/airflow/.local/lib/python3.12/site-packages/airflow/example_dags/example_xcom.py for tasks to queue
[2026-06-01T18:22:33.580+0000] {logging_mixin.py:188} INFO - [2026-06-01T18:22:33.580+0000] {dagbag.py:540} INFO - Filling up the DagBag from /home/airflow/.local/lib/python3.12/site-packages/airflow/example_dags/example_xcom.py
[2026-06-01T18:22:33.587+0000] {processor.py:840} INFO - DAG(s) 'example_xcom' retrieved from /home/airflow/.local/lib/python3.12/site-packages/airflow/example_dags/example_xcom.py
[2026-06-01T18:22:33.608+0000] {logging_mixin.py:188} INFO - [2026-06-01T18:22:33.607+0000] {dag.py:3096} INFO - Sync 1 DAGs
[2026-06-01T18:22:33.626+0000] {logging_mixin.py:188} INFO - [2026-06-01T18:22:33.625+0000] {dag.py:3954} INFO - Setting next_dagrun for example_xcom to 2021-01-01 00:00:00+00:00, run_after=2021-01-01 00:00:00+00:00
[2026-06-01T18:22:33.652+0000] {processor.py:183} INFO - Processing /home/airflow/.local/lib/python3.12/site-packages/airflow/example_dags/example_xcom.py took 0.080 seconds
[2026-06-01T18:23:03.730+0000] {processor.py:161} INFO - Started process (PID=1993) to work on /home/airflow/.local/lib/python3.12/site-packages/airflow/example_dags/example_xcom.py
[2026-06-01T18:23:03.732+0000] {processor.py:830} INFO - Processing file /home/airflow/.local/lib/python3.12/site-packages/airflow/example_dags/example_xcom.py for tasks to queue
[2026-06-01T18:23:03.734+0000] {logging_mixin.py:188} INFO - [2026-06-01T18:23:03.734+0000] {dagbag.py:540} INFO - Filling up the DagBag from /home/airflow/.local/lib/python3.12/site-packages/airflow/example_dags/example_xcom.py
[2026-06-01T18:23:03.745+0000] {processor.py:840} INFO - DAG(s) 'example_xcom' retrieved from /home/airflow/.local/lib/python3.12/site-packages/airflow/example_dags/example_xcom.py
[2026-06-01T18:23:03.766+0000] {logging_mixin.py:188} INFO - [2026-06-01T18:23:03.765+0000] {dag.py:3096} INFO - Sync 1 DAGs
[2026-06-01T18:23:03.789+0000] {logging_mixin.py:188} INFO - [2026-06-01T18:23:03.789+0000] {dag.py:3954} INFO - Setting next_dagrun for example_xcom to 2021-01-01 00:00:00+00:00, run_after=2021-01-01 00:00:00+00:00
[2026-06-01T18:23:03.821+0000] {processor.py:183} INFO - Processing /home/airflow/.local/lib/python3.12/site-packages/airflow/example_dags/example_xcom.py took 0.099 seconds
[2026-06-01T18:23:33.903+0000] {processor.py:161} INFO - Started process (PID=2052) to work on /home/airflow/.local/lib/python3.12/site-packages/airflow/example_dags/example_xcom.py
[2026-06-01T18:23:33.904+0000] {processor.py:830} INFO - Processing file /home/airflow/.local/lib/python3.12/site-packages/airflow/example_dags/example_xcom.py for tasks to queue
[2026-06-01T18:23:33.906+0000] {logging_mixin.py:188} INFO - [2026-06-01T18:23:33.906+0000] {dagbag.py:540} INFO - Filling up the DagBag from /home/airflow/.local/lib/python3.12/site-packages/airflow/example_dags/example_xcom.py
[2026-06-01T18:23:33.913+0000] {processor.py:840} INFO - DAG(s) 'example_xcom' retrieved from /home/airflow/.local/lib/python3.12/site-packages/airflow/example_dags/example_xcom.py
[2026-06-01T18:23:33.932+0000] {logging_mixin.py:188} INFO - [2026-06-01T18:23:33.932+0000] {dag.py:3096} INFO - Sync 1 DAGs
[2026-06-01T18:23:33.951+0000] {logging_mixin.py:188} INFO - [2026-06-01T18:23:33.950+0000] {dag.py:3954} INFO - Setting next_dagrun for example_xcom to 2021-01-01 00:00:00+00:00, run_after=2021-01-01 00:00:00+00:00
[2026-06-01T18:23:33.970+0000] {processor.py:183} INFO - Processing /home/airflow/.local/lib/python3.12/site-packages/airflow/example_dags/example_xcom.py took 0.073 seconds
[2026-06-01T18:24:04.140+0000] {processor.py:161} INFO - Started process (PID=2111) to work on /home/airflow/.local/lib/python3.12/site-packages/airflow/example_dags/example_xcom.py
[2026-06-01T18:24:04.141+0000] {processor.py:830} INFO - Processing file /home/airflow/.local/lib/python3.12/site-packages/airflow/example_dags/example_xcom.py for tasks to queue
[2026-06-01T18:24:04.143+0000] {logging_mixin.py:188} INFO - [2026-06-01T18:24:04.143+0000] {dagbag.py:540} INFO - Filling up the DagBag from /home/airflow/.local/lib/python3.12/site-packages/airflow/example_dags/example_xcom.py
[2026-06-01T18:24:04.150+0000] {processor.py:840} INFO - DAG(s) 'example_xcom' retrieved from /home/airflow/.local/lib/python3.12/site-packages/airflow/example_dags/example_xcom.py
[2026-06-01T18:24:04.169+0000] {logging_mixin.py:188} INFO - [2026-06-01T18:24:04.168+0000] {dag.py:3096} INFO - Sync 1 DAGs
[2026-06-01T18:24:04.187+0000] {logging_mixin.py:188} INFO - [2026-06-01T18:24:04.187+0000] {dag.py:3954} INFO - Setting next_dagrun for example_xcom to 2021-01-01 00:00:00+00:00, run_after=2021-01-01 00:00:00+00:00
[2026-06-01T18:24:04.208+0000] {processor.py:183} INFO - Processing /home/airflow/.local/lib/python3.12/site-packages/airflow/example_dags/example_xcom.py took 0.073 seconds
[2026-06-01T18:24:34.349+0000] {processor.py:161} INFO - Started process (PID=2170) to work on /home/airflow/.local/lib/python3.12/site-packages/airflow/example_dags/example_xcom.py
[2026-06-01T18:24:34.350+0000] {processor.py:830} INFO - Processing file /home/airflow/.local/lib/python3.12/site-packages/airflow/example_dags/example_xcom.py for tasks to queue
[2026-06-01T18:24:34.352+0000] {logging_mixin.py:188} INFO - [2026-06-01T18:24:34.352+0000] {dagbag.py:540} INFO - Filling up the DagBag from /home/airflow/.local/lib/python3.12/site-packages/airflow/example_dags/example_xcom.py
[2026-06-01T18:24:34.359+0000] {processor.py:840} INFO - DAG(s) 'example_xcom' retrieved from /home/airflow/.local/lib/python3.12/site-packages/airflow/example_dags/example_xcom.py
[2026-06-01T18:24:34.380+0000] {logging_mixin.py:188} INFO - [2026-06-01T18:24:34.380+0000] {dag.py:3096} INFO - Sync 1 DAGs
[2026-06-01T18:24:34.400+0000] {logging_mixin.py:188} INFO - [2026-06-01T18:24:34.399+0000] {dag.py:3954} INFO - Setting next_dagrun for example_xcom to 2021-01-01 00:00:00+00:00, run_after=2021-01-01 00:00:00+00:00
[2026-06-01T18:24:34.415+0000] {processor.py:183} INFO - Processing /home/airflow/.local/lib/python3.12/site-packages/airflow/example_dags/example_xcom.py took 0.071 seconds
[2026-06-01T18:25:04.576+0000] {processor.py:161} INFO - Started process (PID=2229) to work on /home/airflow/.local/lib/python3.12/site-packages/airflow/example_dags/example_xcom.py
[2026-06-01T18:25:04.577+0000] {processor.py:830} INFO - Processing file /home/airflow/.local/lib/python3.12/site-packages/airflow/example_dags/example_xcom.py for tasks to queue
[2026-06-01T18:25:04.579+0000] {logging_mixin.py:188} INFO - [2026-06-01T18:25:04.579+0000] {dagbag.py:540} INFO - Filling up the DagBag from /home/airflow/.local/lib/python3.12/site-packages/airflow/example_dags/example_xcom.py
[2026-06-01T18:25:04.586+0000] {processor.py:840} INFO - DAG(s) 'example_xcom' retrieved from /home/airflow/.local/lib/python3.12/site-packages/airflow/example_dags/example_xcom.py
[2026-06-01T18:25:04.606+0000] {logging_mixin.py:188} INFO - [2026-06-01T18:25:04.606+0000] {dag.py:3096} INFO - Sync 1 DAGs
[2026-06-01T18:25:04.624+0000] {logging_mixin.py:188} INFO - [2026-06-01T18:25:04.624+0000] {dag.py:3954} INFO - Setting next_dagrun for example_xcom to 2021-01-01 00:00:00+00:00, run_after=2021-01-01 00:00:00+00:00
[2026-06-01T18:25:04.642+0000] {processor.py:183} INFO - Processing /home/airflow/.local/lib/python3.12/site-packages/airflow/example_dags/example_xcom.py took 0.071 seconds
[2026-06-01T18:25:34.859+0000] {processor.py:161} INFO - Started process (PID=2288) to work on /home/airflow/.local/lib/python3.12/site-packages/airflow/example_dags/example_xcom.py
[2026-06-01T18:25:34.860+0000] {processor.py:830} INFO - Processing file /home/airflow/.local/lib/python3.12/site-packages/airflow/example_dags/example_xcom.py for tasks to queue
[2026-06-01T18:25:34.862+0000] {logging_mixin.py:188} INFO - [2026-06-01T18:25:34.862+0000] {dagbag.py:540} INFO - Filling up the DagBag from /home/airflow/.local/lib/python3.12/site-packages/airflow/example_dags/example_xcom.py
[2026-06-01T18:25:34.869+0000] {processor.py:840} INFO - DAG(s) 'example_xcom' retrieved from /home/airflow/.local/lib/python3.12/site-packages/airflow/example_dags/example_xcom.py
[2026-06-01T18:25:34.889+0000] {logging_mixin.py:188} INFO - [2026-06-01T18:25:34.888+0000] {dag.py:3096} INFO - Sync 1 DAGs
[2026-06-01T18:25:34.906+0000] {logging_mixin.py:188} INFO - [2026-06-01T18:25:34.906+0000] {dag.py:3954} INFO - Setting next_dagrun for example_xcom to 2021-01-01 00:00:00+00:00, run_after=2021-01-01 00:00:00+00:00
[2026-06-01T18:25:34.925+0000] {processor.py:183} INFO - Processing /home/airflow/.local/lib/python3.12/site-packages/airflow/example_dags/example_xcom.py took 0.071 seconds
[2026-06-01T18:26:05.148+0000] {processor.py:161} INFO - Started process (PID=2347) to work on /home/airflow/.local/lib/python3.12/site-packages/airflow/example_dags/example_xcom.py
[2026-06-01T18:26:05.149+0000] {processor.py:830} INFO - Processing file /home/airflow/.local/lib/python3.12/site-packages/airflow/example_dags/example_xcom.py for tasks to queue
[2026-06-01T18:26:05.151+0000] {logging_mixin.py:188} INFO - [2026-06-01T18:26:05.151+0000] {dagbag.py:540} INFO - Filling up the DagBag from /home/airflow/.local/lib/python3.12/site-packages/airflow/example_dags/example_xcom.py
[2026-06-01T18:26:05.158+0000] {processor.py:840} INFO - DAG(s) 'example_xcom' retrieved from /home/airflow/.local/lib/python3.12/site-packages/airflow/example_dags/example_xcom.py
[2026-06-01T18:26:05.176+0000] {logging_mixin.py:188} INFO - [2026-06-01T18:26:05.176+0000] {dag.py:3096} INFO - Sync 1 DAGs
[2026-06-01T18:26:05.193+0000] {logging_mixin.py:188} INFO - [2026-06-01T18:26:05.193+0000] {dag.py:3954} INFO - Setting next_dagrun for example_xcom to 2021-01-01 00:00:00+00:00, run_after=2021-01-01 00:00:00+00:00
[2026-06-01T18:26:05.219+0000] {processor.py:183} INFO - Processing /home/airflow/.local/lib/python3.12/site-packages/airflow/example_dags/example_xcom.py took 0.077 seconds
[2026-06-01T18:26:35.353+0000] {processor.py:161} INFO - Started process (PID=2406) to work on /home/airflow/.local/lib/python3.12/site-packages/airflow/example_dags/example_xcom.py
[2026-06-01T18:26:35.355+0000] {processor.py:830} INFO - Processing file /home/airflow/.local/lib/python3.12/site-packages/airflow/example_dags/example_xcom.py for tasks to queue
[2026-06-01T18:26:35.357+0000] {logging_mixin.py:188} INFO - [2026-06-01T18:26:35.356+0000] {dagbag.py:540} INFO - Filling up the DagBag from /home/airflow/.local/lib/python3.12/site-packages/airflow/example_dags/example_xcom.py
[2026-06-01T18:26:35.364+0000] {processor.py:840} INFO - DAG(s) 'example_xcom' retrieved from /home/airflow/.local/lib/python3.12/site-packages/airflow/example_dags/example_xcom.py
[2026-06-01T18:26:35.384+0000] {logging_mixin.py:188} INFO - [2026-06-01T18:26:35.384+0000] {dag.py:3096} INFO - Sync 1 DAGs
[2026-06-01T18:26:35.405+0000] {logging_mixin.py:188} INFO - [2026-06-01T18:26:35.405+0000] {dag.py:3954} INFO - Setting next_dagrun for example_xcom to 2021-01-01 00:00:00+00:00, run_after=2021-01-01 00:00:00+00:00
[2026-06-01T18:26:35.425+0000] {processor.py:183} INFO - Processing /home/airflow/.local/lib/python3.12/site-packages/airflow/example_dags/example_xcom.py took 0.077 seconds
[2026-06-01T18:27:06.198+0000] {processor.py:161} INFO - Started process (PID=2465) to work on /home/airflow/.local/lib/python3.12/site-packages/airflow/example_dags/example_xcom.py
[2026-06-01T18:27:06.199+0000] {processor.py:830} INFO - Processing file /home/airflow/.local/lib/python3.12/site-packages/airflow/example_dags/example_xcom.py for tasks to queue
[2026-06-01T18:27:06.201+0000] {logging_mixin.py:188} INFO - [2026-06-01T18:27:06.201+0000] {dagbag.py:540} INFO - Filling up the DagBag from /home/airflow/.local/lib/python3.12/site-packages/airflow/example_dags/example_xcom.py
[2026-06-01T18:27:06.208+0000] {processor.py:840} INFO - DAG(s) 'example_xcom' retrieved from /home/airflow/.local/lib/python3.12/site-packages/airflow/example_dags/example_xcom.py
[2026-06-01T18:27:06.227+0000] {logging_mixin.py:188} INFO - [2026-06-01T18:27:06.227+0000] {dag.py:3096} INFO - Sync 1 DAGs
[2026-06-01T18:27:06.247+0000] {logging_mixin.py:188} INFO - [2026-06-01T18:27:06.247+0000] {dag.py:3954} INFO - Setting next_dagrun for example_xcom to 2021-01-01 00:00:00+00:00, run_after=2021-01-01 00:00:00+00:00
[2026-06-01T18:27:06.268+0000] {processor.py:183} INFO - Processing /home/airflow/.local/lib/python3.12/site-packages/airflow/example_dags/example_xcom.py took 0.076 seconds
[2026-06-01T18:27:36.803+0000] {processor.py:161} INFO - Started process (PID=2524) to work on /home/airflow/.local/lib/python3.12/site-packages/airflow/example_dags/example_xcom.py
[2026-06-01T18:27:36.804+0000] {processor.py:830} INFO - Processing file /home/airflow/.local/lib/python3.12/site-packages/airflow/example_dags/example_xcom.py for tasks to queue
[2026-06-01T18:27:36.806+0000] {logging_mixin.py:188} INFO - [2026-06-01T18:27:36.805+0000] {dagbag.py:540} INFO - Filling up the DagBag from /home/airflow/.local/lib/python3.12/site-packages/airflow/example_dags/example_xcom.py
[2026-06-01T18:27:36.814+0000] {processor.py:840} INFO - DAG(s) 'example_xcom' retrieved from /home/airflow/.local/lib/python3.12/site-packages/airflow/example_dags/example_xcom.py
[2026-06-01T18:27:36.833+0000] {logging_mixin.py:188} INFO - [2026-06-01T18:27:36.833+0000] {dag.py:3096} INFO - Sync 1 DAGs
[2026-06-01T18:27:36.856+0000] {logging_mixin.py:188} INFO - [2026-06-01T18:27:36.855+0000] {dag.py:3954} INFO - Setting next_dagrun for example_xcom to 2021-01-01 00:00:00+00:00, run_after=2021-01-01 00:00:00+00:00
[2026-06-01T18:27:36.876+0000] {processor.py:183} INFO - Processing /home/airflow/.local/lib/python3.12/site-packages/airflow/example_dags/example_xcom.py took 0.079 seconds
[2026-06-01T18:28:07.543+0000] {processor.py:161} INFO - Started process (PID=2581) to work on /home/airflow/.local/lib/python3.12/site-packages/airflow/example_dags/example_xcom.py
[2026-06-01T18:28:07.544+0000] {processor.py:830} INFO - Processing file /home/airflow/.local/lib/python3.12/site-packages/airflow/example_dags/example_xcom.py for tasks to queue
[2026-06-01T18:28:07.546+0000] {logging_mixin.py:188} INFO - [2026-06-01T18:28:07.546+0000] {dagbag.py:540} INFO - Filling up the DagBag from /home/airflow/.local/lib/python3.12/site-packages/airflow/example_dags/example_xcom.py
[2026-06-01T18:28:07.552+0000] {processor.py:840} INFO - DAG(s) 'example_xcom' retrieved from /home/airflow/.local/lib/python3.12/site-packages/airflow/example_dags/example_xcom.py
[2026-06-01T18:28:07.571+0000] {logging_mixin.py:188} INFO - [2026-06-01T18:28:07.571+0000] {dag.py:3096} INFO - Sync 1 DAGs
[2026-06-01T18:28:07.589+0000] {logging_mixin.py:188} INFO - [2026-06-01T18:28:07.588+0000] {dag.py:3954} INFO - Setting next_dagrun for example_xcom to 2021-01-01 00:00:00+00:00, run_after=2021-01-01 00:00:00+00:00
[2026-06-01T18:28:07.609+0000] {processor.py:183} INFO - Processing /home/airflow/.local/lib/python3.12/site-packages/airflow/example_dags/example_xcom.py took 0.073 seconds
[2026-06-01T18:28:38.224+0000] {processor.py:161} INFO - Started process (PID=2640) to work on /home/airflow/.local/lib/python3.12/site-packages/airflow/example_dags/example_xcom.py
[2026-06-01T18:28:38.226+0000] {processor.py:830} INFO - Processing file /home/airflow/.local/lib/python3.12/site-packages/airflow/example_dags/example_xcom.py for tasks to queue
[2026-06-01T18:28:38.227+0000] {logging_mixin.py:188} INFO - [2026-06-01T18:28:38.227+0000] {dagbag.py:540} INFO - Filling up the DagBag from /home/airflow/.local/lib/python3.12/site-packages/airflow/example_dags/example_xcom.py
[2026-06-01T18:28:38.234+0000] {processor.py:840} INFO - DAG(s) 'example_xcom' retrieved from /home/airflow/.local/lib/python3.12/site-packages/airflow/example_dags/example_xcom.py
[2026-06-01T18:28:38.254+0000] {logging_mixin.py:188} INFO - [2026-06-01T18:28:38.254+0000] {dag.py:3096} INFO - Sync 1 DAGs
[2026-06-01T18:28:38.273+0000] {logging_mixin.py:188} INFO - [2026-06-01T18:28:38.273+0000] {dag.py:3954} INFO - Setting next_dagrun for example_xcom to 2021-01-01 00:00:00+00:00, run_after=2021-01-01 00:00:00+00:00
[2026-06-01T18:28:38.298+0000] {processor.py:183} INFO - Processing /home/airflow/.local/lib/python3.12/site-packages/airflow/example_dags/example_xcom.py took 0.079 seconds
[2026-06-01T18:29:09.022+0000] {processor.py:161} INFO - Started process (PID=2699) to work on /home/airflow/.local/lib/python3.12/site-packages/airflow/example_dags/example_xcom.py
[2026-06-01T18:29:09.023+0000] {processor.py:830} INFO - Processing file /home/airflow/.local/lib/python3.12/site-packages/airflow/example_dags/example_xcom.py for tasks to queue
[2026-06-01T18:29:09.025+0000] {logging_mixin.py:188} INFO - [2026-06-01T18:29:09.025+0000] {dagbag.py:540} INFO - Filling up the DagBag from /home/airflow/.local/lib/python3.12/site-packages/airflow/example_dags/example_xcom.py
[2026-06-01T18:29:09.032+0000] {processor.py:840} INFO - DAG(s) 'example_xcom' retrieved from /home/airflow/.local/lib/python3.12/site-packages/airflow/example_dags/example_xcom.py
[2026-06-01T18:29:09.051+0000] {logging_mixin.py:188} INFO - [2026-06-01T18:29:09.051+0000] {dag.py:3096} INFO - Sync 1 DAGs
[2026-06-01T18:29:09.072+0000] {logging_mixin.py:188} INFO - [2026-06-01T18:29:09.072+0000] {dag.py:3954} INFO - Setting next_dagrun for example_xcom to 2021-01-01 00:00:00+00:00, run_after=2021-01-01 00:00:00+00:00
[2026-06-01T18:29:09.089+0000] {processor.py:183} INFO - Processing /home/airflow/.local/lib/python3.12/site-packages/airflow/example_dags/example_xcom.py took 0.072 seconds
[2026-06-01T18:29:39.740+0000] {processor.py:161} INFO - Started process (PID=2758) to work on /home/airflow/.local/lib/python3.12/site-packages/airflow/example_dags/example_xcom.py
[2026-06-01T18:29:39.741+0000] {processor.py:830} INFO - Processing file /home/airflow/.local/lib/python3.12/site-packages/airflow/example_dags/example_xcom.py for tasks to queue
[2026-06-01T18:29:39.743+0000] {logging_mixin.py:188} INFO - [2026-06-01T18:29:39.743+0000] {dagbag.py:540} INFO - Filling up the DagBag from /home/airflow/.local/lib/python3.12/site-packages/airflow/example_dags/example_xcom.py
[2026-06-01T18:29:39.750+0000] {processor.py:840} INFO - DAG(s) 'example_xcom' retrieved from /home/airflow/.local/lib/python3.12/site-packages/airflow/example_dags/example_xcom.py
[2026-06-01T18:29:39.767+0000] {logging_mixin.py:188} INFO - [2026-06-01T18:29:39.767+0000] {dag.py:3096} INFO - Sync 1 DAGs
[2026-06-01T18:29:39.786+0000] {logging_mixin.py:188} INFO - [2026-06-01T18:29:39.786+0000] {dag.py:3954} INFO - Setting next_dagrun for example_xcom to 2021-01-01 00:00:00+00:00, run_after=2021-01-01 00:00:00+00:00
[2026-06-01T18:29:39.803+0000] {processor.py:183} INFO - Processing /home/airflow/.local/lib/python3.12/site-packages/airflow/example_dags/example_xcom.py took 0.069 seconds
[2026-06-01T18:30:10.444+0000] {processor.py:161} INFO - Started process (PID=2817) to work on /home/airflow/.local/lib/python3.12/site-packages/airflow/example_dags/example_xcom.py
[2026-06-01T18:30:10.446+0000] {processor.py:830} INFO - Processing file /home/airflow/.local/lib/python3.12/site-packages/airflow/example_dags/example_xcom.py for tasks to queue
[2026-06-01T18:30:10.449+0000] {logging_mixin.py:188} INFO - [2026-06-01T18:30:10.449+0000] {dagbag.py:540} INFO - Filling up the DagBag from /home/airflow/.local/lib/python3.12/site-packages/airflow/example_dags/example_xcom.py
[2026-06-01T18:30:10.457+0000] {processor.py:840} INFO - DAG(s) 'example_xcom' retrieved from /home/airflow/.local/lib/python3.12/site-packages/airflow/example_dags/example_xcom.py
[2026-06-01T18:30:10.483+0000] {logging_mixin.py:188} INFO - [2026-06-01T18:30:10.483+0000] {dag.py:3096} INFO - Sync 1 DAGs
[2026-06-01T18:30:10.514+0000] {logging_mixin.py:188} INFO - [2026-06-01T18:30:10.513+0000] {dag.py:3954} INFO - Setting next_dagrun for example_xcom to 2021-01-01 00:00:00+00:00, run_after=2021-01-01 00:00:00+00:00
[2026-06-01T18:30:10.532+0000] {processor.py:183} INFO - Processing /home/airflow/.local/lib/python3.12/site-packages/airflow/example_dags/example_xcom.py took 0.097 seconds
[2026-06-01T18:30:40.981+0000] {processor.py:161} INFO - Started process (PID=2876) to work on /home/airflow/.local/lib/python3.12/site-packages/airflow/example_dags/example_xcom.py
[2026-06-01T18:30:40.982+0000] {processor.py:830} INFO - Processing file /home/airflow/.local/lib/python3.12/site-packages/airflow/example_dags/example_xcom.py for tasks to queue
[2026-06-01T18:30:40.984+0000] {logging_mixin.py:188} INFO - [2026-06-01T18:30:40.984+0000] {dagbag.py:540} INFO - Filling up the DagBag from /home/airflow/.local/lib/python3.12/site-packages/airflow/example_dags/example_xcom.py
[2026-06-01T18:30:40.991+0000] {processor.py:840} INFO - DAG(s) 'example_xcom' retrieved from /home/airflow/.local/lib/python3.12/site-packages/airflow/example_dags/example_xcom.py
[2026-06-01T18:30:41.009+0000] {logging_mixin.py:188} INFO - [2026-06-01T18:30:41.008+0000] {dag.py:3096} INFO - Sync 1 DAGs
[2026-06-01T18:30:41.028+0000] {logging_mixin.py:188} INFO - [2026-06-01T18:30:41.027+0000] {dag.py:3954} INFO - Setting next_dagrun for example_xcom to 2021-01-01 00:00:00+00:00, run_after=2021-01-01 00:00:00+00:00
[2026-06-01T18:30:41.052+0000] {processor.py:183} INFO - Processing /home/airflow/.local/lib/python3.12/site-packages/airflow/example_dags/example_xcom.py took 0.076 seconds
[2026-06-01T18:31:11.409+0000] {processor.py:161} INFO - Started process (PID=2935) to work on /home/airflow/.local/lib/python3.12/site-packages/airflow/example_dags/example_xcom.py
[2026-06-01T18:31:11.410+0000] {processor.py:830} INFO - Processing file /home/airflow/.local/lib/python3.12/site-packages/airflow/example_dags/example_xcom.py for tasks to queue
[2026-06-01T18:31:11.412+0000] {logging_mixin.py:188} INFO - [2026-06-01T18:31:11.412+0000] {dagbag.py:540} INFO - Filling up the DagBag from /home/airflow/.local/lib/python3.12/site-packages/airflow/example_dags/example_xcom.py
[2026-06-01T18:31:11.419+0000] {processor.py:840} INFO - DAG(s) 'example_xcom' retrieved from /home/airflow/.local/lib/python3.12/site-packages/airflow/example_dags/example_xcom.py
[2026-06-01T18:31:11.438+0000] {logging_mixin.py:188} INFO - [2026-06-01T18:31:11.437+0000] {dag.py:3096} INFO - Sync 1 DAGs
[2026-06-01T18:31:11.461+0000] {logging_mixin.py:188} INFO - [2026-06-01T18:31:11.460+0000] {dag.py:3954} INFO - Setting next_dagrun for example_xcom to 2021-01-01 00:00:00+00:00, run_after=2021-01-01 00:00:00+00:00
[2026-06-01T18:31:11.486+0000] {processor.py:183} INFO - Processing /home/airflow/.local/lib/python3.12/site-packages/airflow/example_dags/example_xcom.py took 0.082 seconds
[2026-06-01T18:31:41.771+0000] {processor.py:161} INFO - Started process (PID=2994) to work on /home/airflow/.local/lib/python3.12/site-packages/airflow/example_dags/example_xcom.py
[2026-06-01T18:31:41.772+0000] {processor.py:830} INFO - Processing file /home/airflow/.local/lib/python3.12/site-packages/airflow/example_dags/example_xcom.py for tasks to queue
[2026-06-01T18:31:41.774+0000] {logging_mixin.py:188} INFO - [2026-06-01T18:31:41.773+0000] {dagbag.py:540} INFO - Filling up the DagBag from /home/airflow/.local/lib/python3.12/site-packages/airflow/example_dags/example_xcom.py
[2026-06-01T18:31:41.780+0000] {processor.py:840} INFO - DAG(s) 'example_xcom' retrieved from /home/airflow/.local/lib/python3.12/site-packages/airflow/example_dags/example_xcom.py
[2026-06-01T18:31:41.800+0000] {logging_mixin.py:188} INFO - [2026-06-01T18:31:41.800+0000] {dag.py:3096} INFO - Sync 1 DAGs
[2026-06-01T18:31:41.819+0000] {logging_mixin.py:188} INFO - [2026-06-01T18:31:41.819+0000] {dag.py:3954} INFO - Setting next_dagrun for example_xcom to 2021-01-01 00:00:00+00:00, run_after=2021-01-01 00:00:00+00:00
[2026-06-01T18:31:41.839+0000] {processor.py:183} INFO - Processing /home/airflow/.local/lib/python3.12/site-packages/airflow/example_dags/example_xcom.py took 0.073 seconds
[2026-06-01T18:32:11.989+0000] {processor.py:161} INFO - Started process (PID=3053) to work on /home/airflow/.local/lib/python3.12/site-packages/airflow/example_dags/example_xcom.py
[2026-06-01T18:32:11.990+0000] {processor.py:830} INFO - Processing file /home/airflow/.local/lib/python3.12/site-packages/airflow/example_dags/example_xcom.py for tasks to queue
[2026-06-01T18:32:11.993+0000] {logging_mixin.py:188} INFO - [2026-06-01T18:32:11.993+0000] {dagbag.py:540} INFO - Filling up the DagBag from /home/airflow/.local/lib/python3.12/site-packages/airflow/example_dags/example_xcom.py
[2026-06-01T18:32:12.003+0000] {processor.py:840} INFO - DAG(s) 'example_xcom' retrieved from /home/airflow/.local/lib/python3.12/site-packages/airflow/example_dags/example_xcom.py
[2026-06-01T18:32:12.026+0000] {logging_mixin.py:188} INFO - [2026-06-01T18:32:12.025+0000] {dag.py:3096} INFO - Sync 1 DAGs
[2026-06-01T18:32:12.051+0000] {logging_mixin.py:188} INFO - [2026-06-01T18:32:12.051+0000] {dag.py:3954} INFO - Setting next_dagrun for example_xcom to 2021-01-01 00:00:00+00:00, run_after=2021-01-01 00:00:00+00:00
[2026-06-01T18:32:12.088+0000] {processor.py:183} INFO - Processing /home/airflow/.local/lib/python3.12/site-packages/airflow/example_dags/example_xcom.py took 0.104 seconds
[2026-06-01T18:32:42.277+0000] {processor.py:161} INFO - Started process (PID=3112) to work on /home/airflow/.local/lib/python3.12/site-packages/airflow/example_dags/example_xcom.py
[2026-06-01T18:32:42.278+0000] {processor.py:830} INFO - Processing file /home/airflow/.local/lib/python3.12/site-packages/airflow/example_dags/example_xcom.py for tasks to queue
[2026-06-01T18:32:42.280+0000] {logging_mixin.py:188} INFO - [2026-06-01T18:32:42.279+0000] {dagbag.py:540} INFO - Filling up the DagBag from /home/airflow/.local/lib/python3.12/site-packages/airflow/example_dags/example_xcom.py
[2026-06-01T18:32:42.287+0000] {processor.py:840} INFO - DAG(s) 'example_xcom' retrieved from /home/airflow/.local/lib/python3.12/site-packages/airflow/example_dags/example_xcom.py
[2026-06-01T18:32:42.306+0000] {logging_mixin.py:188} INFO - [2026-06-01T18:32:42.305+0000] {dag.py:3096} INFO - Sync 1 DAGs
[2026-06-01T18:32:42.330+0000] {logging_mixin.py:188} INFO - [2026-06-01T18:32:42.329+0000] {dag.py:3954} INFO - Setting next_dagrun for example_xcom to 2021-01-01 00:00:00+00:00, run_after=2021-01-01 00:00:00+00:00
[2026-06-01T18:32:42.356+0000] {processor.py:183} INFO - Processing /home/airflow/.local/lib/python3.12/site-packages/airflow/example_dags/example_xcom.py took 0.084 seconds
[2026-06-01T18:33:12.531+0000] {processor.py:161} INFO - Started process (PID=3171) to work on /home/airflow/.local/lib/python3.12/site-packages/airflow/example_dags/example_xcom.py
[2026-06-01T18:33:12.532+0000] {processor.py:830} INFO - Processing file /home/airflow/.local/lib/python3.12/site-packages/airflow/example_dags/example_xcom.py for tasks to queue
[2026-06-01T18:33:12.534+0000] {logging_mixin.py:188} INFO - [2026-06-01T18:33:12.534+0000] {dagbag.py:540} INFO - Filling up the DagBag from /home/airflow/.local/lib/python3.12/site-packages/airflow/example_dags/example_xcom.py
[2026-06-01T18:33:12.541+0000] {processor.py:840} INFO - DAG(s) 'example_xcom' retrieved from /home/airflow/.local/lib/python3.12/site-packages/airflow/example_dags/example_xcom.py
[2026-06-01T18:33:12.559+0000] {logging_mixin.py:188} INFO - [2026-06-01T18:33:12.559+0000] {dag.py:3096} INFO - Sync 1 DAGs
[2026-06-01T18:33:12.578+0000] {logging_mixin.py:188} INFO - [2026-06-01T18:33:12.578+0000] {dag.py:3954} INFO - Setting next_dagrun for example_xcom to 2021-01-01 00:00:00+00:00, run_after=2021-01-01 00:00:00+00:00
[2026-06-01T18:33:12.597+0000] {processor.py:183} INFO - Processing /home/airflow/.local/lib/python3.12/site-packages/airflow/example_dags/example_xcom.py took 0.071 seconds
[2026-06-01T18:33:42.986+0000] {processor.py:161} INFO - Started process (PID=3230) to work on /home/airflow/.local/lib/python3.12/site-packages/airflow/example_dags/example_xcom.py
[2026-06-01T18:33:42.988+0000] {processor.py:830} INFO - Processing file /home/airflow/.local/lib/python3.12/site-packages/airflow/example_dags/example_xcom.py for tasks to queue
[2026-06-01T18:33:42.990+0000] {logging_mixin.py:188} INFO - [2026-06-01T18:33:42.990+0000] {dagbag.py:540} INFO - Filling up the DagBag from /home/airflow/.local/lib/python3.12/site-packages/airflow/example_dags/example_xcom.py
[2026-06-01T18:33:42.998+0000] {processor.py:840} INFO - DAG(s) 'example_xcom' retrieved from /home/airflow/.local/lib/python3.12/site-packages/airflow/example_dags/example_xcom.py
[2026-06-01T18:33:43.017+0000] {logging_mixin.py:188} INFO - [2026-06-01T18:33:43.017+0000] {dag.py:3096} INFO - Sync 1 DAGs
[2026-06-01T18:33:43.035+0000] {logging_mixin.py:188} INFO - [2026-06-01T18:33:43.035+0000] {dag.py:3954} INFO - Setting next_dagrun for example_xcom to 2021-01-01 00:00:00+00:00, run_after=2021-01-01 00:00:00+00:00
[2026-06-01T18:33:43.053+0000] {processor.py:183} INFO - Processing /home/airflow/.local/lib/python3.12/site-packages/airflow/example_dags/example_xcom.py took 0.074 seconds
[2026-06-01T18:34:13.323+0000] {processor.py:161} INFO - Started process (PID=3289) to work on /home/airflow/.local/lib/python3.12/site-packages/airflow/example_dags/example_xcom.py
[2026-06-01T18:34:13.325+0000] {processor.py:830} INFO - Processing file /home/airflow/.local/lib/python3.12/site-packages/airflow/example_dags/example_xcom.py for tasks to queue
[2026-06-01T18:34:13.326+0000] {logging_mixin.py:188} INFO - [2026-06-01T18:34:13.326+0000] {dagbag.py:540} INFO - Filling up the DagBag from /home/airflow/.local/lib/python3.12/site-packages/airflow/example_dags/example_xcom.py
[2026-06-01T18:34:13.333+0000] {processor.py:840} INFO - DAG(s) 'example_xcom' retrieved from /home/airflow/.local/lib/python3.12/site-packages/airflow/example_dags/example_xcom.py
[2026-06-01T18:34:13.351+0000] {logging_mixin.py:188} INFO - [2026-06-01T18:34:13.351+0000] {dag.py:3096} INFO - Sync 1 DAGs
[2026-06-01T18:34:13.375+0000] {logging_mixin.py:188} INFO - [2026-06-01T18:34:13.375+0000] {dag.py:3954} INFO - Setting next_dagrun for example_xcom to 2021-01-01 00:00:00+00:00, run_after=2021-01-01 00:00:00+00:00
[2026-06-01T18:34:13.393+0000] {processor.py:183} INFO - Processing /home/airflow/.local/lib/python3.12/site-packages/airflow/example_dags/example_xcom.py took 0.074 seconds
[2026-06-01T18:34:43.613+0000] {processor.py:161} INFO - Started process (PID=3348) to work on /home/airflow/.local/lib/python3.12/site-packages/airflow/example_dags/example_xcom.py
[2026-06-01T18:34:43.614+0000] {processor.py:830} INFO - Processing file /home/airflow/.local/lib/python3.12/site-packages/airflow/example_dags/example_xcom.py for tasks to queue
[2026-06-01T18:34:43.616+0000] {logging_mixin.py:188} INFO - [2026-06-01T18:34:43.616+0000] {dagbag.py:540} INFO - Filling up the DagBag from /home/airflow/.local/lib/python3.12/site-packages/airflow/example_dags/example_xcom.py
[2026-06-01T18:34:43.623+0000] {processor.py:840} INFO - DAG(s) 'example_xcom' retrieved from /home/airflow/.local/lib/python3.12/site-packages/airflow/example_dags/example_xcom.py
[2026-06-01T18:34:43.641+0000] {logging_mixin.py:188} INFO - [2026-06-01T18:34:43.641+0000] {dag.py:3096} INFO - Sync 1 DAGs
[2026-06-01T18:34:43.661+0000] {logging_mixin.py:188} INFO - [2026-06-01T18:34:43.661+0000] {dag.py:3954} INFO - Setting next_dagrun for example_xcom to 2021-01-01 00:00:00+00:00, run_after=2021-01-01 00:00:00+00:00
[2026-06-01T18:34:43.687+0000] {processor.py:183} INFO - Processing /home/airflow/.local/lib/python3.12/site-packages/airflow/example_dags/example_xcom.py took 0.079 seconds
[2026-06-01T18:35:13.766+0000] {processor.py:161} INFO - Started process (PID=3407) to work on /home/airflow/.local/lib/python3.12/site-packages/airflow/example_dags/example_xcom.py
[2026-06-01T18:35:13.768+0000] {processor.py:830} INFO - Processing file /home/airflow/.local/lib/python3.12/site-packages/airflow/example_dags/example_xcom.py for tasks to queue
[2026-06-01T18:35:13.770+0000] {logging_mixin.py:188} INFO - [2026-06-01T18:35:13.770+0000] {dagbag.py:540} INFO - Filling up the DagBag from /home/airflow/.local/lib/python3.12/site-packages/airflow/example_dags/example_xcom.py
[2026-06-01T18:35:13.778+0000] {processor.py:840} INFO - DAG(s) 'example_xcom' retrieved from /home/airflow/.local/lib/python3.12/site-packages/airflow/example_dags/example_xcom.py
[2026-06-01T18:35:13.799+0000] {logging_mixin.py:188} INFO - [2026-06-01T18:35:13.799+0000] {dag.py:3096} INFO - Sync 1 DAGs
[2026-06-01T18:35:13.820+0000] {logging_mixin.py:188} INFO - [2026-06-01T18:35:13.820+0000] {dag.py:3954} INFO - Setting next_dagrun for example_xcom to 2021-01-01 00:00:00+00:00, run_after=2021-01-01 00:00:00+00:00
[2026-06-01T18:35:13.848+0000] {processor.py:183} INFO - Processing /home/airflow/.local/lib/python3.12/site-packages/airflow/example_dags/example_xcom.py took 0.087 seconds
[2026-06-01T18:35:44.059+0000] {processor.py:161} INFO - Started process (PID=3466) to work on /home/airflow/.local/lib/python3.12/site-packages/airflow/example_dags/example_xcom.py
[2026-06-01T18:35:44.060+0000] {processor.py:830} INFO - Processing file /home/airflow/.local/lib/python3.12/site-packages/airflow/example_dags/example_xcom.py for tasks to queue
[2026-06-01T18:35:44.062+0000] {logging_mixin.py:188} INFO - [2026-06-01T18:35:44.061+0000] {dagbag.py:540} INFO - Filling up the DagBag from /home/airflow/.local/lib/python3.12/site-packages/airflow/example_dags/example_xcom.py
[2026-06-01T18:35:44.068+0000] {processor.py:840} INFO - DAG(s) 'example_xcom' retrieved from /home/airflow/.local/lib/python3.12/site-packages/airflow/example_dags/example_xcom.py
[2026-06-01T18:35:44.087+0000] {logging_mixin.py:188} INFO - [2026-06-01T18:35:44.087+0000] {dag.py:3096} INFO - Sync 1 DAGs
[2026-06-01T18:35:44.106+0000] {logging_mixin.py:188} INFO - [2026-06-01T18:35:44.105+0000] {dag.py:3954} INFO - Setting next_dagrun for example_xcom to 2021-01-01 00:00:00+00:00, run_after=2021-01-01 00:00:00+00:00
[2026-06-01T18:35:44.134+0000] {processor.py:183} INFO - Processing /home/airflow/.local/lib/python3.12/site-packages/airflow/example_dags/example_xcom.py took 0.080 seconds
[2026-06-01T18:36:14.354+0000] {processor.py:161} INFO - Started process (PID=3526) to work on /home/airflow/.local/lib/python3.12/site-packages/airflow/example_dags/example_xcom.py
[2026-06-01T18:36:14.355+0000] {processor.py:830} INFO - Processing file /home/airflow/.local/lib/python3.12/site-packages/airflow/example_dags/example_xcom.py for tasks to queue
[2026-06-01T18:36:14.357+0000] {logging_mixin.py:188} INFO - [2026-06-01T18:36:14.356+0000] {dagbag.py:540} INFO - Filling up the DagBag from /home/airflow/.local/lib/python3.12/site-packages/airflow/example_dags/example_xcom.py
[2026-06-01T18:36:14.363+0000] {processor.py:840} INFO - DAG(s) 'example_xcom' retrieved from /home/airflow/.local/lib/python3.12/site-packages/airflow/example_dags/example_xcom.py
[2026-06-01T18:36:14.381+0000] {logging_mixin.py:188} INFO - [2026-06-01T18:36:14.381+0000] {dag.py:3096} INFO - Sync 1 DAGs
[2026-06-01T18:36:14.401+0000] {logging_mixin.py:188} INFO - [2026-06-01T18:36:14.401+0000] {dag.py:3954} INFO - Setting next_dagrun for example_xcom to 2021-01-01 00:00:00+00:00, run_after=2021-01-01 00:00:00+00:00
[2026-06-01T18:36:14.420+0000] {processor.py:183} INFO - Processing /home/airflow/.local/lib/python3.12/site-packages/airflow/example_dags/example_xcom.py took 0.071 seconds
[2026-06-01T18:36:44.512+0000] {processor.py:161} INFO - Started process (PID=3585) to work on /home/airflow/.local/lib/python3.12/site-packages/airflow/example_dags/example_xcom.py
[2026-06-01T18:36:44.514+0000] {processor.py:830} INFO - Processing file /home/airflow/.local/lib/python3.12/site-packages/airflow/example_dags/example_xcom.py for tasks to queue
[2026-06-01T18:36:44.516+0000] {logging_mixin.py:188} INFO - [2026-06-01T18:36:44.515+0000] {dagbag.py:540} INFO - Filling up the DagBag from /home/airflow/.local/lib/python3.12/site-packages/airflow/example_dags/example_xcom.py
[2026-06-01T18:36:44.523+0000] {processor.py:840} INFO - DAG(s) 'example_xcom' retrieved from /home/airflow/.local/lib/python3.12/site-packages/airflow/example_dags/example_xcom.py
[2026-06-01T18:36:44.541+0000] {logging_mixin.py:188} INFO - [2026-06-01T18:36:44.541+0000] {dag.py:3096} INFO - Sync 1 DAGs
[2026-06-01T18:36:44.560+0000] {logging_mixin.py:188} INFO - [2026-06-01T18:36:44.559+0000] {dag.py:3954} INFO - Setting next_dagrun for example_xcom to 2021-01-01 00:00:00+00:00, run_after=2021-01-01 00:00:00+00:00
[2026-06-01T18:36:44.587+0000] {processor.py:183} INFO - Processing /home/airflow/.local/lib/python3.12/site-packages/airflow/example_dags/example_xcom.py took 0.080 seconds
[2026-06-01T18:37:15.125+0000] {processor.py:161} INFO - Started process (PID=3644) to work on /home/airflow/.local/lib/python3.12/site-packages/airflow/example_dags/example_xcom.py
[2026-06-01T18:37:15.127+0000] {processor.py:830} INFO - Processing file /home/airflow/.local/lib/python3.12/site-packages/airflow/example_dags/example_xcom.py for tasks to queue
[2026-06-01T18:37:15.129+0000] {logging_mixin.py:188} INFO - [2026-06-01T18:37:15.128+0000] {dagbag.py:540} INFO - Filling up the DagBag from /home/airflow/.local/lib/python3.12/site-packages/airflow/example_dags/example_xcom.py
[2026-06-01T18:37:15.137+0000] {processor.py:840} INFO - DAG(s) 'example_xcom' retrieved from /home/airflow/.local/lib/python3.12/site-packages/airflow/example_dags/example_xcom.py
[2026-06-01T18:37:15.158+0000] {logging_mixin.py:188} INFO - [2026-06-01T18:37:15.158+0000] {dag.py:3096} INFO - Sync 1 DAGs
[2026-06-01T18:37:15.176+0000] {logging_mixin.py:188} INFO - [2026-06-01T18:37:15.176+0000] {dag.py:3954} INFO - Setting next_dagrun for example_xcom to 2021-01-01 00:00:00+00:00, run_after=2021-01-01 00:00:00+00:00
[2026-06-01T18:37:15.204+0000] {processor.py:183} INFO - Processing /home/airflow/.local/lib/python3.12/site-packages/airflow/example_dags/example_xcom.py took 0.084 seconds
[2026-06-01T18:37:46.074+0000] {processor.py:161} INFO - Started process (PID=3709) to work on /home/airflow/.local/lib/python3.12/site-packages/airflow/example_dags/example_xcom.py
[2026-06-01T18:37:46.076+0000] {processor.py:830} INFO - Processing file /home/airflow/.local/lib/python3.12/site-packages/airflow/example_dags/example_xcom.py for tasks to queue
[2026-06-01T18:37:46.078+0000] {logging_mixin.py:188} INFO - [2026-06-01T18:37:46.077+0000] {dagbag.py:540} INFO - Filling up the DagBag from /home/airflow/.local/lib/python3.12/site-packages/airflow/example_dags/example_xcom.py
[2026-06-01T18:37:46.085+0000] {processor.py:840} INFO - DAG(s) 'example_xcom' retrieved from /home/airflow/.local/lib/python3.12/site-packages/airflow/example_dags/example_xcom.py
[2026-06-01T18:37:46.107+0000] {logging_mixin.py:188} INFO - [2026-06-01T18:37:46.107+0000] {dag.py:3096} INFO - Sync 1 DAGs
[2026-06-01T18:37:46.128+0000] {logging_mixin.py:188} INFO - [2026-06-01T18:37:46.127+0000] {dag.py:3954} INFO - Setting next_dagrun for example_xcom to 2021-01-01 00:00:00+00:00, run_after=2021-01-01 00:00:00+00:00
[2026-06-01T18:37:46.149+0000] {processor.py:183} INFO - Processing /home/airflow/.local/lib/python3.12/site-packages/airflow/example_dags/example_xcom.py took 0.081 seconds
[2026-06-01T18:38:16.675+0000] {processor.py:161} INFO - Started process (PID=3768) to work on /home/airflow/.local/lib/python3.12/site-packages/airflow/example_dags/example_xcom.py
[2026-06-01T18:38:16.677+0000] {processor.py:830} INFO - Processing file /home/airflow/.local/lib/python3.12/site-packages/airflow/example_dags/example_xcom.py for tasks to queue
[2026-06-01T18:38:16.679+0000] {logging_mixin.py:188} INFO - [2026-06-01T18:38:16.679+0000] {dagbag.py:540} INFO - Filling up the DagBag from /home/airflow/.local/lib/python3.12/site-packages/airflow/example_dags/example_xcom.py
[2026-06-01T18:38:16.686+0000] {processor.py:840} INFO - DAG(s) 'example_xcom' retrieved from /home/airflow/.local/lib/python3.12/site-packages/airflow/example_dags/example_xcom.py
[2026-06-01T18:38:16.705+0000] {logging_mixin.py:188} INFO - [2026-06-01T18:38:16.704+0000] {dag.py:3096} INFO - Sync 1 DAGs
[2026-06-01T18:38:16.723+0000] {logging_mixin.py:188} INFO - [2026-06-01T18:38:16.723+0000] {dag.py:3954} INFO - Setting next_dagrun for example_xcom to 2021-01-01 00:00:00+00:00, run_after=2021-01-01 00:00:00+00:00
[2026-06-01T18:38:16.742+0000] {processor.py:183} INFO - Processing /home/airflow/.local/lib/python3.12/site-packages/airflow/example_dags/example_xcom.py took 0.071 seconds
[2026-06-01T18:38:47.318+0000] {processor.py:161} INFO - Started process (PID=3827) to work on /home/airflow/.local/lib/python3.12/site-packages/airflow/example_dags/example_xcom.py
[2026-06-01T18:38:47.319+0000] {processor.py:830} INFO - Processing file /home/airflow/.local/lib/python3.12/site-packages/airflow/example_dags/example_xcom.py for tasks to queue
[2026-06-01T18:38:47.321+0000] {logging_mixin.py:188} INFO - [2026-06-01T18:38:47.321+0000] {dagbag.py:540} INFO - Filling up the DagBag from /home/airflow/.local/lib/python3.12/site-packages/airflow/example_dags/example_xcom.py
[2026-06-01T18:38:47.328+0000] {processor.py:840} INFO - DAG(s) 'example_xcom' retrieved from /home/airflow/.local/lib/python3.12/site-packages/airflow/example_dags/example_xcom.py
[2026-06-01T18:38:47.347+0000] {logging_mixin.py:188} INFO - [2026-06-01T18:38:47.347+0000] {dag.py:3096} INFO - Sync 1 DAGs
[2026-06-01T18:38:47.366+0000] {logging_mixin.py:188} INFO - [2026-06-01T18:38:47.366+0000] {dag.py:3954} INFO - Setting next_dagrun for example_xcom to 2021-01-01 00:00:00+00:00, run_after=2021-01-01 00:00:00+00:00
[2026-06-01T18:38:47.382+0000] {processor.py:183} INFO - Processing /home/airflow/.local/lib/python3.12/site-packages/airflow/example_dags/example_xcom.py took 0.070 seconds
[2026-06-01T18:39:18.001+0000] {processor.py:161} INFO - Started process (PID=3886) to work on /home/airflow/.local/lib/python3.12/site-packages/airflow/example_dags/example_xcom.py
[2026-06-01T18:39:18.002+0000] {processor.py:830} INFO - Processing file /home/airflow/.local/lib/python3.12/site-packages/airflow/example_dags/example_xcom.py for tasks to queue
[2026-06-01T18:39:18.004+0000] {logging_mixin.py:188} INFO - [2026-06-01T18:39:18.004+0000] {dagbag.py:540} INFO - Filling up the DagBag from /home/airflow/.local/lib/python3.12/site-packages/airflow/example_dags/example_xcom.py
[2026-06-01T18:39:18.011+0000] {processor.py:840} INFO - DAG(s) 'example_xcom' retrieved from /home/airflow/.local/lib/python3.12/site-packages/airflow/example_dags/example_xcom.py
[2026-06-01T18:39:18.031+0000] {logging_mixin.py:188} INFO - [2026-06-01T18:39:18.030+0000] {dag.py:3096} INFO - Sync 1 DAGs
[2026-06-01T18:39:18.051+0000] {logging_mixin.py:188} INFO - [2026-06-01T18:39:18.051+0000] {dag.py:3954} INFO - Setting next_dagrun for example_xcom to 2021-01-01 00:00:00+00:00, run_after=2021-01-01 00:00:00+00:00
[2026-06-01T18:39:18.078+0000] {processor.py:183} INFO - Processing /home/airflow/.local/lib/python3.12/site-packages/airflow/example_dags/example_xcom.py took 0.081 seconds
[2026-06-01T18:39:48.162+0000] {processor.py:161} INFO - Started process (PID=3945) to work on /home/airflow/.local/lib/python3.12/site-packages/airflow/example_dags/example_xcom.py
[2026-06-01T18:39:48.163+0000] {processor.py:830} INFO - Processing file /home/airflow/.local/lib/python3.12/site-packages/airflow/example_dags/example_xcom.py for tasks to queue
[2026-06-01T18:39:48.165+0000] {logging_mixin.py:188} INFO - [2026-06-01T18:39:48.165+0000] {dagbag.py:540} INFO - Filling up the DagBag from /home/airflow/.local/lib/python3.12/site-packages/airflow/example_dags/example_xcom.py
[2026-06-01T18:39:48.172+0000] {processor.py:840} INFO - DAG(s) 'example_xcom' retrieved from /home/airflow/.local/lib/python3.12/site-packages/airflow/example_dags/example_xcom.py
[2026-06-01T18:39:48.190+0000] {logging_mixin.py:188} INFO - [2026-06-01T18:39:48.190+0000] {dag.py:3096} INFO - Sync 1 DAGs
[2026-06-01T18:39:48.212+0000] {logging_mixin.py:188} INFO - [2026-06-01T18:39:48.211+0000] {dag.py:3954} INFO - Setting next_dagrun for example_xcom to 2021-01-01 00:00:00+00:00, run_after=2021-01-01 00:00:00+00:00
[2026-06-01T18:39:48.237+0000] {processor.py:183} INFO - Processing /home/airflow/.local/lib/python3.12/site-packages/airflow/example_dags/example_xcom.py took 0.081 seconds
[2026-06-01T18:40:18.349+0000] {processor.py:161} INFO - Started process (PID=4004) to work on /home/airflow/.local/lib/python3.12/site-packages/airflow/example_dags/example_xcom.py
[2026-06-01T18:40:18.351+0000] {processor.py:830} INFO - Processing file /home/airflow/.local/lib/python3.12/site-packages/airflow/example_dags/example_xcom.py for tasks to queue
[2026-06-01T18:40:18.353+0000] {logging_mixin.py:188} INFO - [2026-06-01T18:40:18.352+0000] {dagbag.py:540} INFO - Filling up the DagBag from /home/airflow/.local/lib/python3.12/site-packages/airflow/example_dags/example_xcom.py
[2026-06-01T18:40:18.360+0000] {processor.py:840} INFO - DAG(s) 'example_xcom' retrieved from /home/airflow/.local/lib/python3.12/site-packages/airflow/example_dags/example_xcom.py
[2026-06-01T18:40:18.379+0000] {logging_mixin.py:188} INFO - [2026-06-01T18:40:18.378+0000] {dag.py:3096} INFO - Sync 1 DAGs
[2026-06-01T18:40:18.399+0000] {logging_mixin.py:188} INFO - [2026-06-01T18:40:18.399+0000] {dag.py:3954} INFO - Setting next_dagrun for example_xcom to 2021-01-01 00:00:00+00:00, run_after=2021-01-01 00:00:00+00:00
[2026-06-01T18:40:18.424+0000] {processor.py:183} INFO - Processing /home/airflow/.local/lib/python3.12/site-packages/airflow/example_dags/example_xcom.py took 0.080 seconds
[2026-06-01T18:40:48.592+0000] {processor.py:161} INFO - Started process (PID=4063) to work on /home/airflow/.local/lib/python3.12/site-packages/airflow/example_dags/example_xcom.py
[2026-06-01T18:40:48.594+0000] {processor.py:830} INFO - Processing file /home/airflow/.local/lib/python3.12/site-packages/airflow/example_dags/example_xcom.py for tasks to queue
[2026-06-01T18:40:48.596+0000] {logging_mixin.py:188} INFO - [2026-06-01T18:40:48.595+0000] {dagbag.py:540} INFO - Filling up the DagBag from /home/airflow/.local/lib/python3.12/site-packages/airflow/example_dags/example_xcom.py
[2026-06-01T18:40:48.602+0000] {processor.py:840} INFO - DAG(s) 'example_xcom' retrieved from /home/airflow/.local/lib/python3.12/site-packages/airflow/example_dags/example_xcom.py
[2026-06-01T18:40:48.620+0000] {logging_mixin.py:188} INFO - [2026-06-01T18:40:48.620+0000] {dag.py:3096} INFO - Sync 1 DAGs
[2026-06-01T18:40:48.641+0000] {logging_mixin.py:188} INFO - [2026-06-01T18:40:48.641+0000] {dag.py:3954} INFO - Setting next_dagrun for example_xcom to 2021-01-01 00:00:00+00:00, run_after=2021-01-01 00:00:00+00:00
[2026-06-01T18:40:48.659+0000] {processor.py:183} INFO - Processing /home/airflow/.local/lib/python3.12/site-packages/airflow/example_dags/example_xcom.py took 0.072 seconds
[2026-06-01T18:41:18.907+0000] {processor.py:161} INFO - Started process (PID=4122) to work on /home/airflow/.local/lib/python3.12/site-packages/airflow/example_dags/example_xcom.py
[2026-06-01T18:41:18.908+0000] {processor.py:830} INFO - Processing file /home/airflow/.local/lib/python3.12/site-packages/airflow/example_dags/example_xcom.py for tasks to queue
[2026-06-01T18:41:18.912+0000] {logging_mixin.py:188} INFO - [2026-06-01T18:41:18.911+0000] {dagbag.py:540} INFO - Filling up the DagBag from /home/airflow/.local/lib/python3.12/site-packages/airflow/example_dags/example_xcom.py
[2026-06-01T18:41:18.923+0000] {processor.py:840} INFO - DAG(s) 'example_xcom' retrieved from /home/airflow/.local/lib/python3.12/site-packages/airflow/example_dags/example_xcom.py
[2026-06-01T18:41:18.957+0000] {logging_mixin.py:188} INFO - [2026-06-01T18:41:18.957+0000] {dag.py:3096} INFO - Sync 1 DAGs
[2026-06-01T18:41:18.993+0000] {logging_mixin.py:188} INFO - [2026-06-01T18:41:18.993+0000] {dag.py:3954} INFO - Setting next_dagrun for example_xcom to 2021-01-01 00:00:00+00:00, run_after=2021-01-01 00:00:00+00:00
[2026-06-01T18:41:19.040+0000] {processor.py:183} INFO - Processing /home/airflow/.local/lib/python3.12/site-packages/airflow/example_dags/example_xcom.py took 0.144 seconds
[2026-06-01T18:41:49.154+0000] {processor.py:161} INFO - Started process (PID=4181) to work on /home/airflow/.local/lib/python3.12/site-packages/airflow/example_dags/example_xcom.py
[2026-06-01T18:41:49.155+0000] {processor.py:830} INFO - Processing file /home/airflow/.local/lib/python3.12/site-packages/airflow/example_dags/example_xcom.py for tasks to queue
[2026-06-01T18:41:49.156+0000] {logging_mixin.py:188} INFO - [2026-06-01T18:41:49.156+0000] {dagbag.py:540} INFO - Filling up the DagBag from /home/airflow/.local/lib/python3.12/site-packages/airflow/example_dags/example_xcom.py
[2026-06-01T18:41:49.164+0000] {processor.py:840} INFO - DAG(s) 'example_xcom' retrieved from /home/airflow/.local/lib/python3.12/site-packages/airflow/example_dags/example_xcom.py
[2026-06-01T18:41:49.186+0000] {logging_mixin.py:188} INFO - [2026-06-01T18:41:49.186+0000] {dag.py:3096} INFO - Sync 1 DAGs
[2026-06-01T18:41:49.206+0000] {logging_mixin.py:188} INFO - [2026-06-01T18:41:49.205+0000] {dag.py:3954} INFO - Setting next_dagrun for example_xcom to 2021-01-01 00:00:00+00:00, run_after=2021-01-01 00:00:00+00:00
[2026-06-01T18:41:49.235+0000] {processor.py:183} INFO - Processing /home/airflow/.local/lib/python3.12/site-packages/airflow/example_dags/example_xcom.py took 0.086 seconds
[2026-06-01T18:42:19.373+0000] {processor.py:161} INFO - Started process (PID=4240) to work on /home/airflow/.local/lib/python3.12/site-packages/airflow/example_dags/example_xcom.py
[2026-06-01T18:42:19.374+0000] {processor.py:830} INFO - Processing file /home/airflow/.local/lib/python3.12/site-packages/airflow/example_dags/example_xcom.py for tasks to queue
[2026-06-01T18:42:19.375+0000] {logging_mixin.py:188} INFO - [2026-06-01T18:42:19.375+0000] {dagbag.py:540} INFO - Filling up the DagBag from /home/airflow/.local/lib/python3.12/site-packages/airflow/example_dags/example_xcom.py
[2026-06-01T18:42:19.382+0000] {processor.py:840} INFO - DAG(s) 'example_xcom' retrieved from /home/airflow/.local/lib/python3.12/site-packages/airflow/example_dags/example_xcom.py
[2026-06-01T18:42:19.400+0000] {logging_mixin.py:188} INFO - [2026-06-01T18:42:19.400+0000] {dag.py:3096} INFO - Sync 1 DAGs
[2026-06-01T18:42:19.419+0000] {logging_mixin.py:188} INFO - [2026-06-01T18:42:19.419+0000] {dag.py:3954} INFO - Setting next_dagrun for example_xcom to 2021-01-01 00:00:00+00:00, run_after=2021-01-01 00:00:00+00:00
[2026-06-01T18:42:19.445+0000] {processor.py:183} INFO - Processing /home/airflow/.local/lib/python3.12/site-packages/airflow/example_dags/example_xcom.py took 0.077 seconds
[2026-06-01T18:42:49.797+0000] {processor.py:161} INFO - Started process (PID=4299) to work on /home/airflow/.local/lib/python3.12/site-packages/airflow/example_dags/example_xcom.py
[2026-06-01T18:42:49.798+0000] {processor.py:830} INFO - Processing file /home/airflow/.local/lib/python3.12/site-packages/airflow/example_dags/example_xcom.py for tasks to queue
[2026-06-01T18:42:49.801+0000] {logging_mixin.py:188} INFO - [2026-06-01T18:42:49.800+0000] {dagbag.py:540} INFO - Filling up the DagBag from /home/airflow/.local/lib/python3.12/site-packages/airflow/example_dags/example_xcom.py
[2026-06-01T18:42:49.809+0000] {processor.py:840} INFO - DAG(s) 'example_xcom' retrieved from /home/airflow/.local/lib/python3.12/site-packages/airflow/example_dags/example_xcom.py
[2026-06-01T18:42:49.828+0000] {logging_mixin.py:188} INFO - [2026-06-01T18:42:49.828+0000] {dag.py:3096} INFO - Sync 1 DAGs
[2026-06-01T18:42:49.852+0000] {logging_mixin.py:188} INFO - [2026-06-01T18:42:49.852+0000] {dag.py:3954} INFO - Setting next_dagrun for example_xcom to 2021-01-01 00:00:00+00:00, run_after=2021-01-01 00:00:00+00:00
[2026-06-01T18:42:49.878+0000] {processor.py:183} INFO - Processing /home/airflow/.local/lib/python3.12/site-packages/airflow/example_dags/example_xcom.py took 0.086 seconds
[2026-06-01T18:43:19.984+0000] {processor.py:161} INFO - Started process (PID=4358) to work on /home/airflow/.local/lib/python3.12/site-packages/airflow/example_dags/example_xcom.py
[2026-06-01T18:43:19.985+0000] {processor.py:830} INFO - Processing file /home/airflow/.local/lib/python3.12/site-packages/airflow/example_dags/example_xcom.py for tasks to queue
[2026-06-01T18:43:19.988+0000] {logging_mixin.py:188} INFO - [2026-06-01T18:43:19.987+0000] {dagbag.py:540} INFO - Filling up the DagBag from /home/airflow/.local/lib/python3.12/site-packages/airflow/example_dags/example_xcom.py
[2026-06-01T18:43:19.995+0000] {processor.py:840} INFO - DAG(s) 'example_xcom' retrieved from /home/airflow/.local/lib/python3.12/site-packages/airflow/example_dags/example_xcom.py
[2026-06-01T18:43:20.014+0000] {logging_mixin.py:188} INFO - [2026-06-01T18:43:20.014+0000] {dag.py:3096} INFO - Sync 1 DAGs
[2026-06-01T18:43:20.041+0000] {logging_mixin.py:188} INFO - [2026-06-01T18:43:20.041+0000] {dag.py:3954} INFO - Setting next_dagrun for example_xcom to 2021-01-01 00:00:00+00:00, run_after=2021-01-01 00:00:00+00:00
[2026-06-01T18:43:20.059+0000] {processor.py:183} INFO - Processing /home/airflow/.local/lib/python3.12/site-packages/airflow/example_dags/example_xcom.py took 0.082 seconds
[2026-06-01T18:43:50.385+0000] {processor.py:161} INFO - Started process (PID=4417) to work on /home/airflow/.local/lib/python3.12/site-packages/airflow/example_dags/example_xcom.py
[2026-06-01T18:43:50.387+0000] {processor.py:830} INFO - Processing file /home/airflow/.local/lib/python3.12/site-packages/airflow/example_dags/example_xcom.py for tasks to queue
[2026-06-01T18:43:50.388+0000] {logging_mixin.py:188} INFO - [2026-06-01T18:43:50.388+0000] {dagbag.py:540} INFO - Filling up the DagBag from /home/airflow/.local/lib/python3.12/site-packages/airflow/example_dags/example_xcom.py
[2026-06-01T18:43:50.398+0000] {processor.py:840} INFO - DAG(s) 'example_xcom' retrieved from /home/airflow/.local/lib/python3.12/site-packages/airflow/example_dags/example_xcom.py
[2026-06-01T18:43:50.420+0000] {logging_mixin.py:188} INFO - [2026-06-01T18:43:50.420+0000] {dag.py:3096} INFO - Sync 1 DAGs
[2026-06-01T18:43:50.442+0000] {logging_mixin.py:188} INFO - [2026-06-01T18:43:50.441+0000] {dag.py:3954} INFO - Setting next_dagrun for example_xcom to 2021-01-01 00:00:00+00:00, run_after=2021-01-01 00:00:00+00:00
[2026-06-01T18:43:50.469+0000] {processor.py:183} INFO - Processing /home/airflow/.local/lib/python3.12/site-packages/airflow/example_dags/example_xcom.py took 0.089 seconds
[2026-06-01T18:44:20.814+0000] {processor.py:161} INFO - Started process (PID=4477) to work on /home/airflow/.local/lib/python3.12/site-packages/airflow/example_dags/example_xcom.py
[2026-06-01T18:44:20.815+0000] {processor.py:830} INFO - Processing file /home/airflow/.local/lib/python3.12/site-packages/airflow/example_dags/example_xcom.py for tasks to queue
[2026-06-01T18:44:20.817+0000] {logging_mixin.py:188} INFO - [2026-06-01T18:44:20.817+0000] {dagbag.py:540} INFO - Filling up the DagBag from /home/airflow/.local/lib/python3.12/site-packages/airflow/example_dags/example_xcom.py
[2026-06-01T18:44:20.824+0000] {processor.py:840} INFO - DAG(s) 'example_xcom' retrieved from /home/airflow/.local/lib/python3.12/site-packages/airflow/example_dags/example_xcom.py
[2026-06-01T18:44:20.842+0000] {logging_mixin.py:188} INFO - [2026-06-01T18:44:20.842+0000] {dag.py:3096} INFO - Sync 1 DAGs
[2026-06-01T18:44:20.860+0000] {logging_mixin.py:188} INFO - [2026-06-01T18:44:20.860+0000] {dag.py:3954} INFO - Setting next_dagrun for example_xcom to 2021-01-01 00:00:00+00:00, run_after=2021-01-01 00:00:00+00:00
[2026-06-01T18:44:20.880+0000] {processor.py:183} INFO - Processing /home/airflow/.local/lib/python3.12/site-packages/airflow/example_dags/example_xcom.py took 0.071 seconds
[2026-06-01T18:44:51.093+0000] {processor.py:161} INFO - Started process (PID=4536) to work on /home/airflow/.local/lib/python3.12/site-packages/airflow/example_dags/example_xcom.py
[2026-06-01T18:44:51.094+0000] {processor.py:830} INFO - Processing file /home/airflow/.local/lib/python3.12/site-packages/airflow/example_dags/example_xcom.py for tasks to queue
[2026-06-01T18:44:51.103+0000] {logging_mixin.py:188} INFO - [2026-06-01T18:44:51.102+0000] {dagbag.py:540} INFO - Filling up the DagBag from /home/airflow/.local/lib/python3.12/site-packages/airflow/example_dags/example_xcom.py
[2026-06-01T18:44:51.109+0000] {processor.py:840} INFO - DAG(s) 'example_xcom' retrieved from /home/airflow/.local/lib/python3.12/site-packages/airflow/example_dags/example_xcom.py
[2026-06-01T18:44:51.128+0000] {logging_mixin.py:188} INFO - [2026-06-01T18:44:51.128+0000] {dag.py:3096} INFO - Sync 1 DAGs
[2026-06-01T18:44:51.147+0000] {logging_mixin.py:188} INFO - [2026-06-01T18:44:51.147+0000] {dag.py:3954} INFO - Setting next_dagrun for example_xcom to 2021-01-01 00:00:00+00:00, run_after=2021-01-01 00:00:00+00:00
[2026-06-01T18:44:51.164+0000] {processor.py:183} INFO - Processing /home/airflow/.local/lib/python3.12/site-packages/airflow/example_dags/example_xcom.py took 0.076 seconds
[2026-06-01T18:45:21.382+0000] {processor.py:161} INFO - Started process (PID=4595) to work on /home/airflow/.local/lib/python3.12/site-packages/airflow/example_dags/example_xcom.py
[2026-06-01T18:45:21.383+0000] {processor.py:830} INFO - Processing file /home/airflow/.local/lib/python3.12/site-packages/airflow/example_dags/example_xcom.py for tasks to queue
[2026-06-01T18:45:21.385+0000] {logging_mixin.py:188} INFO - [2026-06-01T18:45:21.384+0000] {dagbag.py:540} INFO - Filling up the DagBag from /home/airflow/.local/lib/python3.12/site-packages/airflow/example_dags/example_xcom.py
[2026-06-01T18:45:21.391+0000] {processor.py:840} INFO - DAG(s) 'example_xcom' retrieved from /home/airflow/.local/lib/python3.12/site-packages/airflow/example_dags/example_xcom.py
[2026-06-01T18:45:21.410+0000] {logging_mixin.py:188} INFO - [2026-06-01T18:45:21.410+0000] {dag.py:3096} INFO - Sync 1 DAGs
[2026-06-01T18:45:21.431+0000] {logging_mixin.py:188} INFO - [2026-06-01T18:45:21.431+0000] {dag.py:3954} INFO - Setting next_dagrun for example_xcom to 2021-01-01 00:00:00+00:00, run_after=2021-01-01 00:00:00+00:00
[2026-06-01T18:45:21.455+0000] {processor.py:183} INFO - Processing /home/airflow/.local/lib/python3.12/site-packages/airflow/example_dags/example_xcom.py took 0.079 seconds
[2026-06-01T18:45:51.864+0000] {processor.py:161} INFO - Started process (PID=4654) to work on /home/airflow/.local/lib/python3.12/site-packages/airflow/example_dags/example_xcom.py
[2026-06-01T18:45:51.866+0000] {processor.py:830} INFO - Processing file /home/airflow/.local/lib/python3.12/site-packages/airflow/example_dags/example_xcom.py for tasks to queue
[2026-06-01T18:45:51.868+0000] {logging_mixin.py:188} INFO - [2026-06-01T18:45:51.868+0000] {dagbag.py:540} INFO - Filling up the DagBag from /home/airflow/.local/lib/python3.12/site-packages/airflow/example_dags/example_xcom.py
[2026-06-01T18:45:51.875+0000] {processor.py:840} INFO - DAG(s) 'example_xcom' retrieved from /home/airflow/.local/lib/python3.12/site-packages/airflow/example_dags/example_xcom.py
[2026-06-01T18:45:51.895+0000] {logging_mixin.py:188} INFO - [2026-06-01T18:45:51.894+0000] {dag.py:3096} INFO - Sync 1 DAGs
[2026-06-01T18:45:51.913+0000] {logging_mixin.py:188} INFO - [2026-06-01T18:45:51.913+0000] {dag.py:3954} INFO - Setting next_dagrun for example_xcom to 2021-01-01 00:00:00+00:00, run_after=2021-01-01 00:00:00+00:00
[2026-06-01T18:45:51.935+0000] {processor.py:183} INFO - Processing /home/airflow/.local/lib/python3.12/site-packages/airflow/example_dags/example_xcom.py took 0.075 seconds
[2026-06-01T18:46:22.298+0000] {processor.py:161} INFO - Started process (PID=4713) to work on /home/airflow/.local/lib/python3.12/site-packages/airflow/example_dags/example_xcom.py
[2026-06-01T18:46:22.299+0000] {processor.py:830} INFO - Processing file /home/airflow/.local/lib/python3.12/site-packages/airflow/example_dags/example_xcom.py for tasks to queue
[2026-06-01T18:46:22.301+0000] {logging_mixin.py:188} INFO - [2026-06-01T18:46:22.300+0000] {dagbag.py:540} INFO - Filling up the DagBag from /home/airflow/.local/lib/python3.12/site-packages/airflow/example_dags/example_xcom.py
[2026-06-01T18:46:22.307+0000] {processor.py:840} INFO - DAG(s) 'example_xcom' retrieved from /home/airflow/.local/lib/python3.12/site-packages/airflow/example_dags/example_xcom.py
[2026-06-01T18:46:22.326+0000] {logging_mixin.py:188} INFO - [2026-06-01T18:46:22.326+0000] {dag.py:3096} INFO - Sync 1 DAGs
[2026-06-01T18:46:22.346+0000] {logging_mixin.py:188} INFO - [2026-06-01T18:46:22.345+0000] {dag.py:3954} INFO - Setting next_dagrun for example_xcom to 2021-01-01 00:00:00+00:00, run_after=2021-01-01 00:00:00+00:00
[2026-06-01T18:46:22.372+0000] {processor.py:183} INFO - Processing /home/airflow/.local/lib/python3.12/site-packages/airflow/example_dags/example_xcom.py took 0.079 seconds
[2026-06-01T18:46:52.708+0000] {processor.py:161} INFO - Started process (PID=4772) to work on /home/airflow/.local/lib/python3.12/site-packages/airflow/example_dags/example_xcom.py
[2026-06-01T18:46:52.710+0000] {processor.py:830} INFO - Processing file /home/airflow/.local/lib/python3.12/site-packages/airflow/example_dags/example_xcom.py for tasks to queue
[2026-06-01T18:46:52.712+0000] {logging_mixin.py:188} INFO - [2026-06-01T18:46:52.711+0000] {dagbag.py:540} INFO - Filling up the DagBag from /home/airflow/.local/lib/python3.12/site-packages/airflow/example_dags/example_xcom.py
[2026-06-01T18:46:52.719+0000] {processor.py:840} INFO - DAG(s) 'example_xcom' retrieved from /home/airflow/.local/lib/python3.12/site-packages/airflow/example_dags/example_xcom.py
[2026-06-01T18:46:52.739+0000] {logging_mixin.py:188} INFO - [2026-06-01T18:46:52.739+0000] {dag.py:3096} INFO - Sync 1 DAGs
[2026-06-01T18:46:52.761+0000] {logging_mixin.py:188} INFO - [2026-06-01T18:46:52.761+0000] {dag.py:3954} INFO - Setting next_dagrun for example_xcom to 2021-01-01 00:00:00+00:00, run_after=2021-01-01 00:00:00+00:00
[2026-06-01T18:46:52.789+0000] {processor.py:183} INFO - Processing /home/airflow/.local/lib/python3.12/site-packages/airflow/example_dags/example_xcom.py took 0.086 seconds
[2026-06-01T18:47:22.894+0000] {processor.py:161} INFO - Started process (PID=4831) to work on /home/airflow/.local/lib/python3.12/site-packages/airflow/example_dags/example_xcom.py
[2026-06-01T18:47:22.896+0000] {processor.py:830} INFO - Processing file /home/airflow/.local/lib/python3.12/site-packages/airflow/example_dags/example_xcom.py for tasks to queue
[2026-06-01T18:47:22.897+0000] {logging_mixin.py:188} INFO - [2026-06-01T18:47:22.897+0000] {dagbag.py:540} INFO - Filling up the DagBag from /home/airflow/.local/lib/python3.12/site-packages/airflow/example_dags/example_xcom.py
[2026-06-01T18:47:22.905+0000] {processor.py:840} INFO - DAG(s) 'example_xcom' retrieved from /home/airflow/.local/lib/python3.12/site-packages/airflow/example_dags/example_xcom.py
[2026-06-01T18:47:22.924+0000] {logging_mixin.py:188} INFO - [2026-06-01T18:47:22.924+0000] {dag.py:3096} INFO - Sync 1 DAGs
[2026-06-01T18:47:22.942+0000] {logging_mixin.py:188} INFO - [2026-06-01T18:47:22.941+0000] {dag.py:3954} INFO - Setting next_dagrun for example_xcom to 2021-01-01 00:00:00+00:00, run_after=2021-01-01 00:00:00+00:00
[2026-06-01T18:47:22.967+0000] {processor.py:183} INFO - Processing /home/airflow/.local/lib/python3.12/site-packages/airflow/example_dags/example_xcom.py took 0.077 seconds
[2026-06-01T18:47:53.348+0000] {processor.py:161} INFO - Started process (PID=4890) to work on /home/airflow/.local/lib/python3.12/site-packages/airflow/example_dags/example_xcom.py
[2026-06-01T18:47:53.351+0000] {processor.py:830} INFO - Processing file /home/airflow/.local/lib/python3.12/site-packages/airflow/example_dags/example_xcom.py for tasks to queue
[2026-06-01T18:47:53.354+0000] {logging_mixin.py:188} INFO - [2026-06-01T18:47:53.354+0000] {dagbag.py:540} INFO - Filling up the DagBag from /home/airflow/.local/lib/python3.12/site-packages/airflow/example_dags/example_xcom.py
[2026-06-01T18:47:53.367+0000] {processor.py:840} INFO - DAG(s) 'example_xcom' retrieved from /home/airflow/.local/lib/python3.12/site-packages/airflow/example_dags/example_xcom.py
[2026-06-01T18:47:53.398+0000] {logging_mixin.py:188} INFO - [2026-06-01T18:47:53.397+0000] {dag.py:3096} INFO - Sync 1 DAGs
[2026-06-01T18:47:53.639+0000] {logging_mixin.py:188} INFO - [2026-06-01T18:47:53.638+0000] {dag.py:3954} INFO - Setting next_dagrun for example_xcom to 2021-01-01 00:00:00+00:00, run_after=2021-01-01 00:00:00+00:00
[2026-06-01T18:47:53.660+0000] {processor.py:183} INFO - Processing /home/airflow/.local/lib/python3.12/site-packages/airflow/example_dags/example_xcom.py took 0.321 seconds
[2026-06-01T18:48:24.355+0000] {processor.py:161} INFO - Started process (PID=4950) to work on /home/airflow/.local/lib/python3.12/site-packages/airflow/example_dags/example_xcom.py
[2026-06-01T18:48:24.357+0000] {processor.py:830} INFO - Processing file /home/airflow/.local/lib/python3.12/site-packages/airflow/example_dags/example_xcom.py for tasks to queue
[2026-06-01T18:48:24.359+0000] {logging_mixin.py:188} INFO - [2026-06-01T18:48:24.359+0000] {dagbag.py:540} INFO - Filling up the DagBag from /home/airflow/.local/lib/python3.12/site-packages/airflow/example_dags/example_xcom.py
[2026-06-01T18:48:24.365+0000] {processor.py:840} INFO - DAG(s) 'example_xcom' retrieved from /home/airflow/.local/lib/python3.12/site-packages/airflow/example_dags/example_xcom.py
[2026-06-01T18:48:24.383+0000] {logging_mixin.py:188} INFO - [2026-06-01T18:48:24.383+0000] {dag.py:3096} INFO - Sync 1 DAGs
[2026-06-01T18:48:24.542+0000] {logging_mixin.py:188} INFO - [2026-06-01T18:48:24.541+0000] {dag.py:3954} INFO - Setting next_dagrun for example_xcom to 2021-01-01 00:00:00+00:00, run_after=2021-01-01 00:00:00+00:00
[2026-06-01T18:48:24.566+0000] {processor.py:183} INFO - Processing /home/airflow/.local/lib/python3.12/site-packages/airflow/example_dags/example_xcom.py took 0.215 seconds
[2026-06-01T18:48:54.815+0000] {processor.py:161} INFO - Started process (PID=5009) to work on /home/airflow/.local/lib/python3.12/site-packages/airflow/example_dags/example_xcom.py
[2026-06-01T18:48:54.816+0000] {processor.py:830} INFO - Processing file /home/airflow/.local/lib/python3.12/site-packages/airflow/example_dags/example_xcom.py for tasks to queue
[2026-06-01T18:48:54.818+0000] {logging_mixin.py:188} INFO - [2026-06-01T18:48:54.818+0000] {dagbag.py:540} INFO - Filling up the DagBag from /home/airflow/.local/lib/python3.12/site-packages/airflow/example_dags/example_xcom.py
[2026-06-01T18:48:54.825+0000] {processor.py:840} INFO - DAG(s) 'example_xcom' retrieved from /home/airflow/.local/lib/python3.12/site-packages/airflow/example_dags/example_xcom.py
[2026-06-01T18:48:54.851+0000] {logging_mixin.py:188} INFO - [2026-06-01T18:48:54.851+0000] {dag.py:3096} INFO - Sync 1 DAGs
[2026-06-01T18:48:54.872+0000] {logging_mixin.py:188} INFO - [2026-06-01T18:48:54.872+0000] {dag.py:3954} INFO - Setting next_dagrun for example_xcom to 2021-01-01 00:00:00+00:00, run_after=2021-01-01 00:00:00+00:00
[2026-06-01T18:48:54.890+0000] {processor.py:183} INFO - Processing /home/airflow/.local/lib/python3.12/site-packages/airflow/example_dags/example_xcom.py took 0.081 seconds
[2026-06-01T18:49:25.566+0000] {processor.py:161} INFO - Started process (PID=5066) to work on /home/airflow/.local/lib/python3.12/site-packages/airflow/example_dags/example_xcom.py
[2026-06-01T18:49:25.567+0000] {processor.py:830} INFO - Processing file /home/airflow/.local/lib/python3.12/site-packages/airflow/example_dags/example_xcom.py for tasks to queue
[2026-06-01T18:49:25.570+0000] {logging_mixin.py:188} INFO - [2026-06-01T18:49:25.569+0000] {dagbag.py:540} INFO - Filling up the DagBag from /home/airflow/.local/lib/python3.12/site-packages/airflow/example_dags/example_xcom.py
[2026-06-01T18:49:25.578+0000] {processor.py:840} INFO - DAG(s) 'example_xcom' retrieved from /home/airflow/.local/lib/python3.12/site-packages/airflow/example_dags/example_xcom.py
[2026-06-01T18:49:25.599+0000] {logging_mixin.py:188} INFO - [2026-06-01T18:49:25.599+0000] {dag.py:3096} INFO - Sync 1 DAGs
[2026-06-01T18:49:25.620+0000] {logging_mixin.py:188} INFO - [2026-06-01T18:49:25.620+0000] {dag.py:3954} INFO - Setting next_dagrun for example_xcom to 2021-01-01 00:00:00+00:00, run_after=2021-01-01 00:00:00+00:00
[2026-06-01T18:49:25.640+0000] {processor.py:183} INFO - Processing /home/airflow/.local/lib/python3.12/site-packages/airflow/example_dags/example_xcom.py took 0.080 seconds
[2026-06-01T18:49:56.489+0000] {processor.py:161} INFO - Started process (PID=5125) to work on /home/airflow/.local/lib/python3.12/site-packages/airflow/example_dags/example_xcom.py
[2026-06-01T18:49:56.490+0000] {processor.py:830} INFO - Processing file /home/airflow/.local/lib/python3.12/site-packages/airflow/example_dags/example_xcom.py for tasks to queue
[2026-06-01T18:49:56.492+0000] {logging_mixin.py:188} INFO - [2026-06-01T18:49:56.492+0000] {dagbag.py:540} INFO - Filling up the DagBag from /home/airflow/.local/lib/python3.12/site-packages/airflow/example_dags/example_xcom.py
[2026-06-01T18:49:56.499+0000] {processor.py:840} INFO - DAG(s) 'example_xcom' retrieved from /home/airflow/.local/lib/python3.12/site-packages/airflow/example_dags/example_xcom.py
[2026-06-01T18:49:56.518+0000] {logging_mixin.py:188} INFO - [2026-06-01T18:49:56.518+0000] {dag.py:3096} INFO - Sync 1 DAGs
[2026-06-01T18:49:56.536+0000] {logging_mixin.py:188} INFO - [2026-06-01T18:49:56.535+0000] {dag.py:3954} INFO - Setting next_dagrun for example_xcom to 2021-01-01 00:00:00+00:00, run_after=2021-01-01 00:00:00+00:00
[2026-06-01T18:49:56.555+0000] {processor.py:183} INFO - Processing /home/airflow/.local/lib/python3.12/site-packages/airflow/example_dags/example_xcom.py took 0.071 seconds
[2026-06-01T18:50:26.774+0000] {processor.py:161} INFO - Started process (PID=5184) to work on /home/airflow/.local/lib/python3.12/site-packages/airflow/example_dags/example_xcom.py
[2026-06-01T18:50:26.775+0000] {processor.py:830} INFO - Processing file /home/airflow/.local/lib/python3.12/site-packages/airflow/example_dags/example_xcom.py for tasks to queue
[2026-06-01T18:50:26.777+0000] {logging_mixin.py:188} INFO - [2026-06-01T18:50:26.777+0000] {dagbag.py:540} INFO - Filling up the DagBag from /home/airflow/.local/lib/python3.12/site-packages/airflow/example_dags/example_xcom.py
[2026-06-01T18:50:26.784+0000] {processor.py:840} INFO - DAG(s) 'example_xcom' retrieved from /home/airflow/.local/lib/python3.12/site-packages/airflow/example_dags/example_xcom.py
[2026-06-01T18:50:26.804+0000] {logging_mixin.py:188} INFO - [2026-06-01T18:50:26.804+0000] {dag.py:3096} INFO - Sync 1 DAGs
[2026-06-01T18:50:26.822+0000] {logging_mixin.py:188} INFO - [2026-06-01T18:50:26.821+0000] {dag.py:3954} INFO - Setting next_dagrun for example_xcom to 2021-01-01 00:00:00+00:00, run_after=2021-01-01 00:00:00+00:00
[2026-06-01T18:50:26.839+0000] {processor.py:183} INFO - Processing /home/airflow/.local/lib/python3.12/site-packages/airflow/example_dags/example_xcom.py took 0.070 seconds
[2026-06-01T18:50:56.932+0000] {processor.py:161} INFO - Started process (PID=5243) to work on /home/airflow/.local/lib/python3.12/site-packages/airflow/example_dags/example_xcom.py
[2026-06-01T18:50:56.933+0000] {processor.py:830} INFO - Processing file /home/airflow/.local/lib/python3.12/site-packages/airflow/example_dags/example_xcom.py for tasks to queue
[2026-06-01T18:50:56.937+0000] {logging_mixin.py:188} INFO - [2026-06-01T18:50:56.936+0000] {dagbag.py:540} INFO - Filling up the DagBag from /home/airflow/.local/lib/python3.12/site-packages/airflow/example_dags/example_xcom.py
[2026-06-01T18:50:56.944+0000] {processor.py:840} INFO - DAG(s) 'example_xcom' retrieved from /home/airflow/.local/lib/python3.12/site-packages/airflow/example_dags/example_xcom.py
[2026-06-01T18:50:56.966+0000] {logging_mixin.py:188} INFO - [2026-06-01T18:50:56.965+0000] {dag.py:3096} INFO - Sync 1 DAGs
[2026-06-01T18:50:56.989+0000] {logging_mixin.py:188} INFO - [2026-06-01T18:50:56.989+0000] {dag.py:3954} INFO - Setting next_dagrun for example_xcom to 2021-01-01 00:00:00+00:00, run_after=2021-01-01 00:00:00+00:00
[2026-06-01T18:50:57.014+0000] {processor.py:183} INFO - Processing /home/airflow/.local/lib/python3.12/site-packages/airflow/example_dags/example_xcom.py took 0.089 seconds
[2026-06-01T18:51:27.487+0000] {processor.py:161} INFO - Started process (PID=5302) to work on /home/airflow/.local/lib/python3.12/site-packages/airflow/example_dags/example_xcom.py
[2026-06-01T18:51:27.488+0000] {processor.py:830} INFO - Processing file /home/airflow/.local/lib/python3.12/site-packages/airflow/example_dags/example_xcom.py for tasks to queue
[2026-06-01T18:51:27.489+0000] {logging_mixin.py:188} INFO - [2026-06-01T18:51:27.489+0000] {dagbag.py:540} INFO - Filling up the DagBag from /home/airflow/.local/lib/python3.12/site-packages/airflow/example_dags/example_xcom.py
[2026-06-01T18:51:27.497+0000] {processor.py:840} INFO - DAG(s) 'example_xcom' retrieved from /home/airflow/.local/lib/python3.12/site-packages/airflow/example_dags/example_xcom.py
[2026-06-01T18:51:27.517+0000] {logging_mixin.py:188} INFO - [2026-06-01T18:51:27.517+0000] {dag.py:3096} INFO - Sync 1 DAGs
[2026-06-01T18:51:27.538+0000] {logging_mixin.py:188} INFO - [2026-06-01T18:51:27.538+0000] {dag.py:3954} INFO - Setting next_dagrun for example_xcom to 2021-01-01 00:00:00+00:00, run_after=2021-01-01 00:00:00+00:00
[2026-06-01T18:51:27.556+0000] {processor.py:183} INFO - Processing /home/airflow/.local/lib/python3.12/site-packages/airflow/example_dags/example_xcom.py took 0.075 seconds
[2026-06-01T18:51:57.688+0000] {processor.py:161} INFO - Started process (PID=5361) to work on /home/airflow/.local/lib/python3.12/site-packages/airflow/example_dags/example_xcom.py
[2026-06-01T18:51:57.689+0000] {processor.py:830} INFO - Processing file /home/airflow/.local/lib/python3.12/site-packages/airflow/example_dags/example_xcom.py for tasks to queue
[2026-06-01T18:51:57.691+0000] {logging_mixin.py:188} INFO - [2026-06-01T18:51:57.691+0000] {dagbag.py:540} INFO - Filling up the DagBag from /home/airflow/.local/lib/python3.12/site-packages/airflow/example_dags/example_xcom.py
[2026-06-01T18:51:57.699+0000] {processor.py:840} INFO - DAG(s) 'example_xcom' retrieved from /home/airflow/.local/lib/python3.12/site-packages/airflow/example_dags/example_xcom.py
[2026-06-01T18:51:57.716+0000] {logging_mixin.py:188} INFO - [2026-06-01T18:51:57.715+0000] {dag.py:3096} INFO - Sync 1 DAGs
[2026-06-01T18:51:57.734+0000] {logging_mixin.py:188} INFO - [2026-06-01T18:51:57.734+0000] {dag.py:3954} INFO - Setting next_dagrun for example_xcom to 2021-01-01 00:00:00+00:00, run_after=2021-01-01 00:00:00+00:00
[2026-06-01T18:51:57.751+0000] {processor.py:183} INFO - Processing /home/airflow/.local/lib/python3.12/site-packages/airflow/example_dags/example_xcom.py took 0.068 seconds
[2026-06-01T18:52:28.522+0000] {processor.py:161} INFO - Started process (PID=5420) to work on /home/airflow/.local/lib/python3.12/site-packages/airflow/example_dags/example_xcom.py
[2026-06-01T18:52:28.523+0000] {processor.py:830} INFO - Processing file /home/airflow/.local/lib/python3.12/site-packages/airflow/example_dags/example_xcom.py for tasks to queue
[2026-06-01T18:52:28.525+0000] {logging_mixin.py:188} INFO - [2026-06-01T18:52:28.525+0000] {dagbag.py:540} INFO - Filling up the DagBag from /home/airflow/.local/lib/python3.12/site-packages/airflow/example_dags/example_xcom.py
[2026-06-01T18:52:28.532+0000] {processor.py:840} INFO - DAG(s) 'example_xcom' retrieved from /home/airflow/.local/lib/python3.12/site-packages/airflow/example_dags/example_xcom.py
[2026-06-01T18:52:28.549+0000] {logging_mixin.py:188} INFO - [2026-06-01T18:52:28.548+0000] {dag.py:3096} INFO - Sync 1 DAGs
[2026-06-01T18:52:28.567+0000] {logging_mixin.py:188} INFO - [2026-06-01T18:52:28.567+0000] {dag.py:3954} INFO - Setting next_dagrun for example_xcom to 2021-01-01 00:00:00+00:00, run_after=2021-01-01 00:00:00+00:00
[2026-06-01T18:52:28.583+0000] {processor.py:183} INFO - Processing /home/airflow/.local/lib/python3.12/site-packages/airflow/example_dags/example_xcom.py took 0.065 seconds
[2026-06-01T18:52:59.393+0000] {processor.py:161} INFO - Started process (PID=5479) to work on /home/airflow/.local/lib/python3.12/site-packages/airflow/example_dags/example_xcom.py
[2026-06-01T18:52:59.395+0000] {processor.py:830} INFO - Processing file /home/airflow/.local/lib/python3.12/site-packages/airflow/example_dags/example_xcom.py for tasks to queue
[2026-06-01T18:52:59.397+0000] {logging_mixin.py:188} INFO - [2026-06-01T18:52:59.396+0000] {dagbag.py:540} INFO - Filling up the DagBag from /home/airflow/.local/lib/python3.12/site-packages/airflow/example_dags/example_xcom.py
[2026-06-01T18:52:59.406+0000] {processor.py:840} INFO - DAG(s) 'example_xcom' retrieved from /home/airflow/.local/lib/python3.12/site-packages/airflow/example_dags/example_xcom.py
[2026-06-01T18:52:59.426+0000] {logging_mixin.py:188} INFO - [2026-06-01T18:52:59.426+0000] {dag.py:3096} INFO - Sync 1 DAGs
[2026-06-01T18:52:59.443+0000] {logging_mixin.py:188} INFO - [2026-06-01T18:52:59.443+0000] {dag.py:3954} INFO - Setting next_dagrun for example_xcom to 2021-01-01 00:00:00+00:00, run_after=2021-01-01 00:00:00+00:00
[2026-06-01T18:52:59.461+0000] {processor.py:183} INFO - Processing /home/airflow/.local/lib/python3.12/site-packages/airflow/example_dags/example_xcom.py took 0.073 seconds
[2026-06-01T18:53:30.330+0000] {processor.py:161} INFO - Started process (PID=5538) to work on /home/airflow/.local/lib/python3.12/site-packages/airflow/example_dags/example_xcom.py
[2026-06-01T18:53:30.332+0000] {processor.py:830} INFO - Processing file /home/airflow/.local/lib/python3.12/site-packages/airflow/example_dags/example_xcom.py for tasks to queue
[2026-06-01T18:53:30.333+0000] {logging_mixin.py:188} INFO - [2026-06-01T18:53:30.333+0000] {dagbag.py:540} INFO - Filling up the DagBag from /home/airflow/.local/lib/python3.12/site-packages/airflow/example_dags/example_xcom.py
[2026-06-01T18:53:30.343+0000] {processor.py:840} INFO - DAG(s) 'example_xcom' retrieved from /home/airflow/.local/lib/python3.12/site-packages/airflow/example_dags/example_xcom.py
[2026-06-01T18:53:30.367+0000] {logging_mixin.py:188} INFO - [2026-06-01T18:53:30.366+0000] {dag.py:3096} INFO - Sync 1 DAGs
[2026-06-01T18:53:30.386+0000] {logging_mixin.py:188} INFO - [2026-06-01T18:53:30.386+0000] {dag.py:3954} INFO - Setting next_dagrun for example_xcom to 2021-01-01 00:00:00+00:00, run_after=2021-01-01 00:00:00+00:00
[2026-06-01T18:53:30.403+0000] {processor.py:183} INFO - Processing /home/airflow/.local/lib/python3.12/site-packages/airflow/example_dags/example_xcom.py took 0.077 seconds
[2026-06-01T18:54:00.519+0000] {processor.py:161} INFO - Started process (PID=5597) to work on /home/airflow/.local/lib/python3.12/site-packages/airflow/example_dags/example_xcom.py
[2026-06-01T18:54:00.521+0000] {processor.py:830} INFO - Processing file /home/airflow/.local/lib/python3.12/site-packages/airflow/example_dags/example_xcom.py for tasks to queue
[2026-06-01T18:54:00.523+0000] {logging_mixin.py:188} INFO - [2026-06-01T18:54:00.522+0000] {dagbag.py:540} INFO - Filling up the DagBag from /home/airflow/.local/lib/python3.12/site-packages/airflow/example_dags/example_xcom.py
[2026-06-01T18:54:00.530+0000] {processor.py:840} INFO - DAG(s) 'example_xcom' retrieved from /home/airflow/.local/lib/python3.12/site-packages/airflow/example_dags/example_xcom.py
[2026-06-01T18:54:00.554+0000] {logging_mixin.py:188} INFO - [2026-06-01T18:54:00.553+0000] {dag.py:3096} INFO - Sync 1 DAGs
[2026-06-01T18:54:00.577+0000] {logging_mixin.py:188} INFO - [2026-06-01T18:54:00.576+0000] {dag.py:3954} INFO - Setting next_dagrun for example_xcom to 2021-01-01 00:00:00+00:00, run_after=2021-01-01 00:00:00+00:00
[2026-06-01T18:54:00.597+0000] {processor.py:183} INFO - Processing /home/airflow/.local/lib/python3.12/site-packages/airflow/example_dags/example_xcom.py took 0.082 seconds
[2026-06-01T18:54:30.706+0000] {processor.py:161} INFO - Started process (PID=5656) to work on /home/airflow/.local/lib/python3.12/site-packages/airflow/example_dags/example_xcom.py
[2026-06-01T18:54:30.707+0000] {processor.py:830} INFO - Processing file /home/airflow/.local/lib/python3.12/site-packages/airflow/example_dags/example_xcom.py for tasks to queue
[2026-06-01T18:54:30.709+0000] {logging_mixin.py:188} INFO - [2026-06-01T18:54:30.708+0000] {dagbag.py:540} INFO - Filling up the DagBag from /home/airflow/.local/lib/python3.12/site-packages/airflow/example_dags/example_xcom.py
[2026-06-01T18:54:30.716+0000] {processor.py:840} INFO - DAG(s) 'example_xcom' retrieved from /home/airflow/.local/lib/python3.12/site-packages/airflow/example_dags/example_xcom.py
[2026-06-01T18:54:30.733+0000] {logging_mixin.py:188} INFO - [2026-06-01T18:54:30.733+0000] {dag.py:3096} INFO - Sync 1 DAGs
[2026-06-01T18:54:30.751+0000] {logging_mixin.py:188} INFO - [2026-06-01T18:54:30.751+0000] {dag.py:3954} INFO - Setting next_dagrun for example_xcom to 2021-01-01 00:00:00+00:00, run_after=2021-01-01 00:00:00+00:00
[2026-06-01T18:54:30.767+0000] {processor.py:183} INFO - Processing /home/airflow/.local/lib/python3.12/site-packages/airflow/example_dags/example_xcom.py took 0.066 seconds
[2026-06-01T18:55:01.438+0000] {processor.py:161} INFO - Started process (PID=5715) to work on /home/airflow/.local/lib/python3.12/site-packages/airflow/example_dags/example_xcom.py
[2026-06-01T18:55:01.440+0000] {processor.py:830} INFO - Processing file /home/airflow/.local/lib/python3.12/site-packages/airflow/example_dags/example_xcom.py for tasks to queue
[2026-06-01T18:55:01.442+0000] {logging_mixin.py:188} INFO - [2026-06-01T18:55:01.441+0000] {dagbag.py:540} INFO - Filling up the DagBag from /home/airflow/.local/lib/python3.12/site-packages/airflow/example_dags/example_xcom.py
[2026-06-01T18:55:01.449+0000] {processor.py:840} INFO - DAG(s) 'example_xcom' retrieved from /home/airflow/.local/lib/python3.12/site-packages/airflow/example_dags/example_xcom.py
[2026-06-01T18:55:01.468+0000] {logging_mixin.py:188} INFO - [2026-06-01T18:55:01.467+0000] {dag.py:3096} INFO - Sync 1 DAGs
[2026-06-01T18:55:01.486+0000] {logging_mixin.py:188} INFO - [2026-06-01T18:55:01.486+0000] {dag.py:3954} INFO - Setting next_dagrun for example_xcom to 2021-01-01 00:00:00+00:00, run_after=2021-01-01 00:00:00+00:00
[2026-06-01T18:55:01.505+0000] {processor.py:183} INFO - Processing /home/airflow/.local/lib/python3.12/site-packages/airflow/example_dags/example_xcom.py took 0.072 seconds
[2026-06-01T18:55:32.023+0000] {processor.py:161} INFO - Started process (PID=5774) to work on /home/airflow/.local/lib/python3.12/site-packages/airflow/example_dags/example_xcom.py
[2026-06-01T18:55:32.024+0000] {processor.py:830} INFO - Processing file /home/airflow/.local/lib/python3.12/site-packages/airflow/example_dags/example_xcom.py for tasks to queue
[2026-06-01T18:55:32.026+0000] {logging_mixin.py:188} INFO - [2026-06-01T18:55:32.026+0000] {dagbag.py:540} INFO - Filling up the DagBag from /home/airflow/.local/lib/python3.12/site-packages/airflow/example_dags/example_xcom.py
[2026-06-01T18:55:32.033+0000] {processor.py:840} INFO - DAG(s) 'example_xcom' retrieved from /home/airflow/.local/lib/python3.12/site-packages/airflow/example_dags/example_xcom.py
[2026-06-01T18:55:32.053+0000] {logging_mixin.py:188} INFO - [2026-06-01T18:55:32.053+0000] {dag.py:3096} INFO - Sync 1 DAGs
[2026-06-01T18:55:32.072+0000] {logging_mixin.py:188} INFO - [2026-06-01T18:55:32.072+0000] {dag.py:3954} INFO - Setting next_dagrun for example_xcom to 2021-01-01 00:00:00+00:00, run_after=2021-01-01 00:00:00+00:00
[2026-06-01T18:55:32.090+0000] {processor.py:183} INFO - Processing /home/airflow/.local/lib/python3.12/site-packages/airflow/example_dags/example_xcom.py took 0.072 seconds
[2026-06-01T18:56:02.640+0000] {processor.py:161} INFO - Started process (PID=5833) to work on /home/airflow/.local/lib/python3.12/site-packages/airflow/example_dags/example_xcom.py
[2026-06-01T18:56:02.641+0000] {processor.py:830} INFO - Processing file /home/airflow/.local/lib/python3.12/site-packages/airflow/example_dags/example_xcom.py for tasks to queue
[2026-06-01T18:56:02.643+0000] {logging_mixin.py:188} INFO - [2026-06-01T18:56:02.643+0000] {dagbag.py:540} INFO - Filling up the DagBag from /home/airflow/.local/lib/python3.12/site-packages/airflow/example_dags/example_xcom.py
[2026-06-01T18:56:02.650+0000] {processor.py:840} INFO - DAG(s) 'example_xcom' retrieved from /home/airflow/.local/lib/python3.12/site-packages/airflow/example_dags/example_xcom.py
[2026-06-01T18:56:02.667+0000] {logging_mixin.py:188} INFO - [2026-06-01T18:56:02.666+0000] {dag.py:3096} INFO - Sync 1 DAGs
[2026-06-01T18:56:02.684+0000] {logging_mixin.py:188} INFO - [2026-06-01T18:56:02.683+0000] {dag.py:3954} INFO - Setting next_dagrun for example_xcom to 2021-01-01 00:00:00+00:00, run_after=2021-01-01 00:00:00+00:00
[2026-06-01T18:56:02.703+0000] {processor.py:183} INFO - Processing /home/airflow/.local/lib/python3.12/site-packages/airflow/example_dags/example_xcom.py took 0.067 seconds
[2026-06-01T18:56:33.236+0000] {processor.py:161} INFO - Started process (PID=5892) to work on /home/airflow/.local/lib/python3.12/site-packages/airflow/example_dags/example_xcom.py
[2026-06-01T18:56:33.237+0000] {processor.py:830} INFO - Processing file /home/airflow/.local/lib/python3.12/site-packages/airflow/example_dags/example_xcom.py for tasks to queue
[2026-06-01T18:56:33.239+0000] {logging_mixin.py:188} INFO - [2026-06-01T18:56:33.239+0000] {dagbag.py:540} INFO - Filling up the DagBag from /home/airflow/.local/lib/python3.12/site-packages/airflow/example_dags/example_xcom.py
[2026-06-01T18:56:33.246+0000] {processor.py:840} INFO - DAG(s) 'example_xcom' retrieved from /home/airflow/.local/lib/python3.12/site-packages/airflow/example_dags/example_xcom.py
[2026-06-01T18:56:33.265+0000] {logging_mixin.py:188} INFO - [2026-06-01T18:56:33.264+0000] {dag.py:3096} INFO - Sync 1 DAGs
[2026-06-01T18:56:33.283+0000] {logging_mixin.py:188} INFO - [2026-06-01T18:56:33.283+0000] {dag.py:3954} INFO - Setting next_dagrun for example_xcom to 2021-01-01 00:00:00+00:00, run_after=2021-01-01 00:00:00+00:00
[2026-06-01T18:56:33.300+0000] {processor.py:183} INFO - Processing /home/airflow/.local/lib/python3.12/site-packages/airflow/example_dags/example_xcom.py took 0.069 seconds
[2026-06-01T18:57:04.104+0000] {processor.py:161} INFO - Started process (PID=5951) to work on /home/airflow/.local/lib/python3.12/site-packages/airflow/example_dags/example_xcom.py
[2026-06-01T18:57:04.105+0000] {processor.py:830} INFO - Processing file /home/airflow/.local/lib/python3.12/site-packages/airflow/example_dags/example_xcom.py for tasks to queue
[2026-06-01T18:57:04.107+0000] {logging_mixin.py:188} INFO - [2026-06-01T18:57:04.107+0000] {dagbag.py:540} INFO - Filling up the DagBag from /home/airflow/.local/lib/python3.12/site-packages/airflow/example_dags/example_xcom.py
[2026-06-01T18:57:04.114+0000] {processor.py:840} INFO - DAG(s) 'example_xcom' retrieved from /home/airflow/.local/lib/python3.12/site-packages/airflow/example_dags/example_xcom.py
[2026-06-01T18:57:04.132+0000] {logging_mixin.py:188} INFO - [2026-06-01T18:57:04.132+0000] {dag.py:3096} INFO - Sync 1 DAGs
[2026-06-01T18:57:04.151+0000] {logging_mixin.py:188} INFO - [2026-06-01T18:57:04.150+0000] {dag.py:3954} INFO - Setting next_dagrun for example_xcom to 2021-01-01 00:00:00+00:00, run_after=2021-01-01 00:00:00+00:00
[2026-06-01T18:57:04.170+0000] {processor.py:183} INFO - Processing /home/airflow/.local/lib/python3.12/site-packages/airflow/example_dags/example_xcom.py took 0.071 seconds
[2026-06-01T18:57:34.280+0000] {processor.py:161} INFO - Started process (PID=6010) to work on /home/airflow/.local/lib/python3.12/site-packages/airflow/example_dags/example_xcom.py
[2026-06-01T18:57:34.281+0000] {processor.py:830} INFO - Processing file /home/airflow/.local/lib/python3.12/site-packages/airflow/example_dags/example_xcom.py for tasks to queue
[2026-06-01T18:57:34.283+0000] {logging_mixin.py:188} INFO - [2026-06-01T18:57:34.282+0000] {dagbag.py:540} INFO - Filling up the DagBag from /home/airflow/.local/lib/python3.12/site-packages/airflow/example_dags/example_xcom.py
[2026-06-01T18:57:34.289+0000] {processor.py:840} INFO - DAG(s) 'example_xcom' retrieved from /home/airflow/.local/lib/python3.12/site-packages/airflow/example_dags/example_xcom.py
[2026-06-01T18:57:34.309+0000] {logging_mixin.py:188} INFO - [2026-06-01T18:57:34.309+0000] {dag.py:3096} INFO - Sync 1 DAGs
[2026-06-01T18:57:34.328+0000] {logging_mixin.py:188} INFO - [2026-06-01T18:57:34.328+0000] {dag.py:3954} INFO - Setting next_dagrun for example_xcom to 2021-01-01 00:00:00+00:00, run_after=2021-01-01 00:00:00+00:00
[2026-06-01T18:57:34.349+0000] {processor.py:183} INFO - Processing /home/airflow/.local/lib/python3.12/site-packages/airflow/example_dags/example_xcom.py took 0.074 seconds
[2026-06-01T18:58:04.437+0000] {processor.py:161} INFO - Started process (PID=6069) to work on /home/airflow/.local/lib/python3.12/site-packages/airflow/example_dags/example_xcom.py
[2026-06-01T18:58:04.439+0000] {processor.py:830} INFO - Processing file /home/airflow/.local/lib/python3.12/site-packages/airflow/example_dags/example_xcom.py for tasks to queue
[2026-06-01T18:58:04.441+0000] {logging_mixin.py:188} INFO - [2026-06-01T18:58:04.440+0000] {dagbag.py:540} INFO - Filling up the DagBag from /home/airflow/.local/lib/python3.12/site-packages/airflow/example_dags/example_xcom.py
[2026-06-01T18:58:04.448+0000] {processor.py:840} INFO - DAG(s) 'example_xcom' retrieved from /home/airflow/.local/lib/python3.12/site-packages/airflow/example_dags/example_xcom.py
[2026-06-01T18:58:04.466+0000] {logging_mixin.py:188} INFO - [2026-06-01T18:58:04.465+0000] {dag.py:3096} INFO - Sync 1 DAGs
[2026-06-01T18:58:04.485+0000] {logging_mixin.py:188} INFO - [2026-06-01T18:58:04.485+0000] {dag.py:3954} INFO - Setting next_dagrun for example_xcom to 2021-01-01 00:00:00+00:00, run_after=2021-01-01 00:00:00+00:00
[2026-06-01T18:58:04.501+0000] {processor.py:183} INFO - Processing /home/airflow/.local/lib/python3.12/site-packages/airflow/example_dags/example_xcom.py took 0.069 seconds
[2026-06-01T18:58:35.412+0000] {processor.py:161} INFO - Started process (PID=6129) to work on /home/airflow/.local/lib/python3.12/site-packages/airflow/example_dags/example_xcom.py
[2026-06-01T18:58:35.413+0000] {processor.py:830} INFO - Processing file /home/airflow/.local/lib/python3.12/site-packages/airflow/example_dags/example_xcom.py for tasks to queue
[2026-06-01T18:58:35.415+0000] {logging_mixin.py:188} INFO - [2026-06-01T18:58:35.415+0000] {dagbag.py:540} INFO - Filling up the DagBag from /home/airflow/.local/lib/python3.12/site-packages/airflow/example_dags/example_xcom.py
[2026-06-01T18:58:35.423+0000] {processor.py:840} INFO - DAG(s) 'example_xcom' retrieved from /home/airflow/.local/lib/python3.12/site-packages/airflow/example_dags/example_xcom.py
[2026-06-01T18:58:35.442+0000] {logging_mixin.py:188} INFO - [2026-06-01T18:58:35.442+0000] {dag.py:3096} INFO - Sync 1 DAGs
[2026-06-01T18:58:35.461+0000] {logging_mixin.py:188} INFO - [2026-06-01T18:58:35.460+0000] {dag.py:3954} INFO - Setting next_dagrun for example_xcom to 2021-01-01 00:00:00+00:00, run_after=2021-01-01 00:00:00+00:00
[2026-06-01T18:58:35.478+0000] {processor.py:183} INFO - Processing /home/airflow/.local/lib/python3.12/site-packages/airflow/example_dags/example_xcom.py took 0.074 seconds
[2026-06-01T18:59:06.030+0000] {processor.py:161} INFO - Started process (PID=6189) to work on /home/airflow/.local/lib/python3.12/site-packages/airflow/example_dags/example_xcom.py
[2026-06-01T18:59:06.031+0000] {processor.py:830} INFO - Processing file /home/airflow/.local/lib/python3.12/site-packages/airflow/example_dags/example_xcom.py for tasks to queue
[2026-06-01T18:59:06.033+0000] {logging_mixin.py:188} INFO - [2026-06-01T18:59:06.033+0000] {dagbag.py:540} INFO - Filling up the DagBag from /home/airflow/.local/lib/python3.12/site-packages/airflow/example_dags/example_xcom.py
[2026-06-01T18:59:06.040+0000] {processor.py:840} INFO - DAG(s) 'example_xcom' retrieved from /home/airflow/.local/lib/python3.12/site-packages/airflow/example_dags/example_xcom.py
[2026-06-01T18:59:06.060+0000] {logging_mixin.py:188} INFO - [2026-06-01T18:59:06.059+0000] {dag.py:3096} INFO - Sync 1 DAGs
[2026-06-01T18:59:06.077+0000] {logging_mixin.py:188} INFO - [2026-06-01T18:59:06.077+0000] {dag.py:3954} INFO - Setting next_dagrun for example_xcom to 2021-01-01 00:00:00+00:00, run_after=2021-01-01 00:00:00+00:00
[2026-06-01T18:59:06.092+0000] {processor.py:183} INFO - Processing /home/airflow/.local/lib/python3.12/site-packages/airflow/example_dags/example_xcom.py took 0.067 seconds
[2026-06-01T18:59:36.789+0000] {processor.py:161} INFO - Started process (PID=6248) to work on /home/airflow/.local/lib/python3.12/site-packages/airflow/example_dags/example_xcom.py
[2026-06-01T18:59:36.790+0000] {processor.py:830} INFO - Processing file /home/airflow/.local/lib/python3.12/site-packages/airflow/example_dags/example_xcom.py for tasks to queue
[2026-06-01T18:59:36.792+0000] {logging_mixin.py:188} INFO - [2026-06-01T18:59:36.792+0000] {dagbag.py:540} INFO - Filling up the DagBag from /home/airflow/.local/lib/python3.12/site-packages/airflow/example_dags/example_xcom.py
[2026-06-01T18:59:36.800+0000] {processor.py:840} INFO - DAG(s) 'example_xcom' retrieved from /home/airflow/.local/lib/python3.12/site-packages/airflow/example_dags/example_xcom.py
[2026-06-01T18:59:36.822+0000] {logging_mixin.py:188} INFO - [2026-06-01T18:59:36.821+0000] {dag.py:3096} INFO - Sync 1 DAGs
[2026-06-01T18:59:36.841+0000] {logging_mixin.py:188} INFO - [2026-06-01T18:59:36.841+0000] {dag.py:3954} INFO - Setting next_dagrun for example_xcom to 2021-01-01 00:00:00+00:00, run_after=2021-01-01 00:00:00+00:00
[2026-06-01T18:59:36.861+0000] {processor.py:183} INFO - Processing /home/airflow/.local/lib/python3.12/site-packages/airflow/example_dags/example_xcom.py took 0.078 seconds
[2026-06-01T19:00:06.971+0000] {processor.py:161} INFO - Started process (PID=6307) to work on /home/airflow/.local/lib/python3.12/site-packages/airflow/example_dags/example_xcom.py
[2026-06-01T19:00:06.972+0000] {processor.py:830} INFO - Processing file /home/airflow/.local/lib/python3.12/site-packages/airflow/example_dags/example_xcom.py for tasks to queue
[2026-06-01T19:00:06.974+0000] {logging_mixin.py:188} INFO - [2026-06-01T19:00:06.974+0000] {dagbag.py:540} INFO - Filling up the DagBag from /home/airflow/.local/lib/python3.12/site-packages/airflow/example_dags/example_xcom.py
[2026-06-01T19:00:06.981+0000] {processor.py:840} INFO - DAG(s) 'example_xcom' retrieved from /home/airflow/.local/lib/python3.12/site-packages/airflow/example_dags/example_xcom.py
[2026-06-01T19:00:06.998+0000] {logging_mixin.py:188} INFO - [2026-06-01T19:00:06.998+0000] {dag.py:3096} INFO - Sync 1 DAGs
[2026-06-01T19:00:07.018+0000] {logging_mixin.py:188} INFO - [2026-06-01T19:00:07.018+0000] {dag.py:3954} INFO - Setting next_dagrun for example_xcom to 2021-01-01 00:00:00+00:00, run_after=2021-01-01 00:00:00+00:00
[2026-06-01T19:00:07.034+0000] {processor.py:183} INFO - Processing /home/airflow/.local/lib/python3.12/site-packages/airflow/example_dags/example_xcom.py took 0.068 seconds
[2026-06-01T19:00:37.235+0000] {processor.py:161} INFO - Started process (PID=6366) to work on /home/airflow/.local/lib/python3.12/site-packages/airflow/example_dags/example_xcom.py
[2026-06-01T19:00:37.236+0000] {processor.py:830} INFO - Processing file /home/airflow/.local/lib/python3.12/site-packages/airflow/example_dags/example_xcom.py for tasks to queue
[2026-06-01T19:00:37.238+0000] {logging_mixin.py:188} INFO - [2026-06-01T19:00:37.238+0000] {dagbag.py:540} INFO - Filling up the DagBag from /home/airflow/.local/lib/python3.12/site-packages/airflow/example_dags/example_xcom.py
[2026-06-01T19:00:37.245+0000] {processor.py:840} INFO - DAG(s) 'example_xcom' retrieved from /home/airflow/.local/lib/python3.12/site-packages/airflow/example_dags/example_xcom.py
[2026-06-01T19:00:37.262+0000] {logging_mixin.py:188} INFO - [2026-06-01T19:00:37.262+0000] {dag.py:3096} INFO - Sync 1 DAGs
[2026-06-01T19:00:37.281+0000] {logging_mixin.py:188} INFO - [2026-06-01T19:00:37.281+0000] {dag.py:3954} INFO - Setting next_dagrun for example_xcom to 2021-01-01 00:00:00+00:00, run_after=2021-01-01 00:00:00+00:00
[2026-06-01T19:00:37.302+0000] {processor.py:183} INFO - Processing /home/airflow/.local/lib/python3.12/site-packages/airflow/example_dags/example_xcom.py took 0.072 seconds
[2026-06-01T19:01:07.562+0000] {processor.py:161} INFO - Started process (PID=6425) to work on /home/airflow/.local/lib/python3.12/site-packages/airflow/example_dags/example_xcom.py
[2026-06-01T19:01:07.564+0000] {processor.py:830} INFO - Processing file /home/airflow/.local/lib/python3.12/site-packages/airflow/example_dags/example_xcom.py for tasks to queue
[2026-06-01T19:01:07.566+0000] {logging_mixin.py:188} INFO - [2026-06-01T19:01:07.566+0000] {dagbag.py:540} INFO - Filling up the DagBag from /home/airflow/.local/lib/python3.12/site-packages/airflow/example_dags/example_xcom.py
[2026-06-01T19:01:07.574+0000] {processor.py:840} INFO - DAG(s) 'example_xcom' retrieved from /home/airflow/.local/lib/python3.12/site-packages/airflow/example_dags/example_xcom.py
[2026-06-01T19:01:07.595+0000] {logging_mixin.py:188} INFO - [2026-06-01T19:01:07.594+0000] {dag.py:3096} INFO - Sync 1 DAGs
[2026-06-01T19:01:07.618+0000] {logging_mixin.py:188} INFO - [2026-06-01T19:01:07.617+0000] {dag.py:3954} INFO - Setting next_dagrun for example_xcom to 2021-01-01 00:00:00+00:00, run_after=2021-01-01 00:00:00+00:00
[2026-06-01T19:01:07.637+0000] {processor.py:183} INFO - Processing /home/airflow/.local/lib/python3.12/site-packages/airflow/example_dags/example_xcom.py took 0.081 seconds
[2026-06-01T19:01:38.576+0000] {processor.py:161} INFO - Started process (PID=6484) to work on /home/airflow/.local/lib/python3.12/site-packages/airflow/example_dags/example_xcom.py
[2026-06-01T19:01:38.578+0000] {processor.py:830} INFO - Processing file /home/airflow/.local/lib/python3.12/site-packages/airflow/example_dags/example_xcom.py for tasks to queue
[2026-06-01T19:01:38.582+0000] {logging_mixin.py:188} INFO - [2026-06-01T19:01:38.581+0000] {dagbag.py:540} INFO - Filling up the DagBag from /home/airflow/.local/lib/python3.12/site-packages/airflow/example_dags/example_xcom.py
[2026-06-01T19:01:38.603+0000] {processor.py:840} INFO - DAG(s) 'example_xcom' retrieved from /home/airflow/.local/lib/python3.12/site-packages/airflow/example_dags/example_xcom.py
[2026-06-01T19:01:38.638+0000] {logging_mixin.py:188} INFO - [2026-06-01T19:01:38.637+0000] {dag.py:3096} INFO - Sync 1 DAGs
[2026-06-01T19:01:38.670+0000] {logging_mixin.py:188} INFO - [2026-06-01T19:01:38.670+0000] {dag.py:3954} INFO - Setting next_dagrun for example_xcom to 2021-01-01 00:00:00+00:00, run_after=2021-01-01 00:00:00+00:00
[2026-06-01T19:01:38.709+0000] {processor.py:183} INFO - Processing /home/airflow/.local/lib/python3.12/site-packages/airflow/example_dags/example_xcom.py took 0.141 seconds
[2026-06-01T19:02:09.606+0000] {processor.py:161} INFO - Started process (PID=6543) to work on /home/airflow/.local/lib/python3.12/site-packages/airflow/example_dags/example_xcom.py
[2026-06-01T19:02:09.606+0000] {processor.py:830} INFO - Processing file /home/airflow/.local/lib/python3.12/site-packages/airflow/example_dags/example_xcom.py for tasks to queue
[2026-06-01T19:02:09.608+0000] {logging_mixin.py:188} INFO - [2026-06-01T19:02:09.608+0000] {dagbag.py:540} INFO - Filling up the DagBag from /home/airflow/.local/lib/python3.12/site-packages/airflow/example_dags/example_xcom.py
[2026-06-01T19:02:09.615+0000] {processor.py:840} INFO - DAG(s) 'example_xcom' retrieved from /home/airflow/.local/lib/python3.12/site-packages/airflow/example_dags/example_xcom.py
[2026-06-01T19:02:09.632+0000] {logging_mixin.py:188} INFO - [2026-06-01T19:02:09.632+0000] {dag.py:3096} INFO - Sync 1 DAGs
[2026-06-01T19:02:09.653+0000] {logging_mixin.py:188} INFO - [2026-06-01T19:02:09.653+0000] {dag.py:3954} INFO - Setting next_dagrun for example_xcom to 2021-01-01 00:00:00+00:00, run_after=2021-01-01 00:00:00+00:00
[2026-06-01T19:02:09.670+0000] {processor.py:183} INFO - Processing /home/airflow/.local/lib/python3.12/site-packages/airflow/example_dags/example_xcom.py took 0.070 seconds
[2026-06-01T19:02:40.304+0000] {processor.py:161} INFO - Started process (PID=6602) to work on /home/airflow/.local/lib/python3.12/site-packages/airflow/example_dags/example_xcom.py
[2026-06-01T19:02:40.305+0000] {processor.py:830} INFO - Processing file /home/airflow/.local/lib/python3.12/site-packages/airflow/example_dags/example_xcom.py for tasks to queue
[2026-06-01T19:02:40.307+0000] {logging_mixin.py:188} INFO - [2026-06-01T19:02:40.307+0000] {dagbag.py:540} INFO - Filling up the DagBag from /home/airflow/.local/lib/python3.12/site-packages/airflow/example_dags/example_xcom.py
[2026-06-01T19:02:40.314+0000] {processor.py:840} INFO - DAG(s) 'example_xcom' retrieved from /home/airflow/.local/lib/python3.12/site-packages/airflow/example_dags/example_xcom.py
[2026-06-01T19:02:40.332+0000] {logging_mixin.py:188} INFO - [2026-06-01T19:02:40.331+0000] {dag.py:3096} INFO - Sync 1 DAGs
[2026-06-01T19:02:40.353+0000] {logging_mixin.py:188} INFO - [2026-06-01T19:02:40.353+0000] {dag.py:3954} INFO - Setting next_dagrun for example_xcom to 2021-01-01 00:00:00+00:00, run_after=2021-01-01 00:00:00+00:00
[2026-06-01T19:02:40.376+0000] {processor.py:183} INFO - Processing /home/airflow/.local/lib/python3.12/site-packages/airflow/example_dags/example_xcom.py took 0.077 seconds
[2026-06-01T19:03:10.862+0000] {processor.py:161} INFO - Started process (PID=6661) to work on /home/airflow/.local/lib/python3.12/site-packages/airflow/example_dags/example_xcom.py
[2026-06-01T19:03:10.863+0000] {processor.py:830} INFO - Processing file /home/airflow/.local/lib/python3.12/site-packages/airflow/example_dags/example_xcom.py for tasks to queue
[2026-06-01T19:03:10.864+0000] {logging_mixin.py:188} INFO - [2026-06-01T19:03:10.864+0000] {dagbag.py:540} INFO - Filling up the DagBag from /home/airflow/.local/lib/python3.12/site-packages/airflow/example_dags/example_xcom.py
[2026-06-01T19:03:10.871+0000] {processor.py:840} INFO - DAG(s) 'example_xcom' retrieved from /home/airflow/.local/lib/python3.12/site-packages/airflow/example_dags/example_xcom.py
[2026-06-01T19:03:10.889+0000] {logging_mixin.py:188} INFO - [2026-06-01T19:03:10.889+0000] {dag.py:3096} INFO - Sync 1 DAGs
[2026-06-01T19:03:10.907+0000] {logging_mixin.py:188} INFO - [2026-06-01T19:03:10.907+0000] {dag.py:3954} INFO - Setting next_dagrun for example_xcom to 2021-01-01 00:00:00+00:00, run_after=2021-01-01 00:00:00+00:00
[2026-06-01T19:03:10.923+0000] {processor.py:183} INFO - Processing /home/airflow/.local/lib/python3.12/site-packages/airflow/example_dags/example_xcom.py took 0.066 seconds
[2026-06-01T19:03:41.449+0000] {processor.py:161} INFO - Started process (PID=6720) to work on /home/airflow/.local/lib/python3.12/site-packages/airflow/example_dags/example_xcom.py
[2026-06-01T19:03:41.450+0000] {processor.py:830} INFO - Processing file /home/airflow/.local/lib/python3.12/site-packages/airflow/example_dags/example_xcom.py for tasks to queue
[2026-06-01T19:03:41.452+0000] {logging_mixin.py:188} INFO - [2026-06-01T19:03:41.452+0000] {dagbag.py:540} INFO - Filling up the DagBag from /home/airflow/.local/lib/python3.12/site-packages/airflow/example_dags/example_xcom.py
[2026-06-01T19:03:41.459+0000] {processor.py:840} INFO - DAG(s) 'example_xcom' retrieved from /home/airflow/.local/lib/python3.12/site-packages/airflow/example_dags/example_xcom.py
[2026-06-01T19:03:41.478+0000] {logging_mixin.py:188} INFO - [2026-06-01T19:03:41.477+0000] {dag.py:3096} INFO - Sync 1 DAGs
[2026-06-01T19:03:41.497+0000] {logging_mixin.py:188} INFO - [2026-06-01T19:03:41.496+0000] {dag.py:3954} INFO - Setting next_dagrun for example_xcom to 2021-01-01 00:00:00+00:00, run_after=2021-01-01 00:00:00+00:00
[2026-06-01T19:03:41.517+0000] {processor.py:183} INFO - Processing /home/airflow/.local/lib/python3.12/site-packages/airflow/example_dags/example_xcom.py took 0.072 seconds
[2026-06-01T19:04:12.170+0000] {processor.py:161} INFO - Started process (PID=6779) to work on /home/airflow/.local/lib/python3.12/site-packages/airflow/example_dags/example_xcom.py
[2026-06-01T19:04:12.171+0000] {processor.py:830} INFO - Processing file /home/airflow/.local/lib/python3.12/site-packages/airflow/example_dags/example_xcom.py for tasks to queue
[2026-06-01T19:04:12.173+0000] {logging_mixin.py:188} INFO - [2026-06-01T19:04:12.173+0000] {dagbag.py:540} INFO - Filling up the DagBag from /home/airflow/.local/lib/python3.12/site-packages/airflow/example_dags/example_xcom.py
[2026-06-01T19:04:12.180+0000] {processor.py:840} INFO - DAG(s) 'example_xcom' retrieved from /home/airflow/.local/lib/python3.12/site-packages/airflow/example_dags/example_xcom.py
[2026-06-01T19:04:12.199+0000] {logging_mixin.py:188} INFO - [2026-06-01T19:04:12.198+0000] {dag.py:3096} INFO - Sync 1 DAGs
[2026-06-01T19:04:12.219+0000] {logging_mixin.py:188} INFO - [2026-06-01T19:04:12.218+0000] {dag.py:3954} INFO - Setting next_dagrun for example_xcom to 2021-01-01 00:00:00+00:00, run_after=2021-01-01 00:00:00+00:00
[2026-06-01T19:04:12.243+0000] {processor.py:183} INFO - Processing /home/airflow/.local/lib/python3.12/site-packages/airflow/example_dags/example_xcom.py took 0.078 seconds
[2026-06-01T19:04:42.428+0000] {processor.py:161} INFO - Started process (PID=6838) to work on /home/airflow/.local/lib/python3.12/site-packages/airflow/example_dags/example_xcom.py
[2026-06-01T19:04:42.429+0000] {processor.py:830} INFO - Processing file /home/airflow/.local/lib/python3.12/site-packages/airflow/example_dags/example_xcom.py for tasks to queue
[2026-06-01T19:04:42.431+0000] {logging_mixin.py:188} INFO - [2026-06-01T19:04:42.430+0000] {dagbag.py:540} INFO - Filling up the DagBag from /home/airflow/.local/lib/python3.12/site-packages/airflow/example_dags/example_xcom.py
[2026-06-01T19:04:42.438+0000] {processor.py:840} INFO - DAG(s) 'example_xcom' retrieved from /home/airflow/.local/lib/python3.12/site-packages/airflow/example_dags/example_xcom.py
[2026-06-01T19:04:42.456+0000] {logging_mixin.py:188} INFO - [2026-06-01T19:04:42.456+0000] {dag.py:3096} INFO - Sync 1 DAGs
[2026-06-01T19:04:42.474+0000] {logging_mixin.py:188} INFO - [2026-06-01T19:04:42.473+0000] {dag.py:3954} INFO - Setting next_dagrun for example_xcom to 2021-01-01 00:00:00+00:00, run_after=2021-01-01 00:00:00+00:00
[2026-06-01T19:04:42.498+0000] {processor.py:183} INFO - Processing /home/airflow/.local/lib/python3.12/site-packages/airflow/example_dags/example_xcom.py took 0.075 seconds
[2026-06-01T19:05:13.170+0000] {processor.py:161} INFO - Started process (PID=6897) to work on /home/airflow/.local/lib/python3.12/site-packages/airflow/example_dags/example_xcom.py
[2026-06-01T19:05:13.171+0000] {processor.py:830} INFO - Processing file /home/airflow/.local/lib/python3.12/site-packages/airflow/example_dags/example_xcom.py for tasks to queue
[2026-06-01T19:05:13.173+0000] {logging_mixin.py:188} INFO - [2026-06-01T19:05:13.173+0000] {dagbag.py:540} INFO - Filling up the DagBag from /home/airflow/.local/lib/python3.12/site-packages/airflow/example_dags/example_xcom.py
[2026-06-01T19:05:13.180+0000] {processor.py:840} INFO - DAG(s) 'example_xcom' retrieved from /home/airflow/.local/lib/python3.12/site-packages/airflow/example_dags/example_xcom.py
[2026-06-01T19:05:13.199+0000] {logging_mixin.py:188} INFO - [2026-06-01T19:05:13.199+0000] {dag.py:3096} INFO - Sync 1 DAGs
[2026-06-01T19:05:13.220+0000] {logging_mixin.py:188} INFO - [2026-06-01T19:05:13.220+0000] {dag.py:3954} INFO - Setting next_dagrun for example_xcom to 2021-01-01 00:00:00+00:00, run_after=2021-01-01 00:00:00+00:00
[2026-06-01T19:05:13.240+0000] {processor.py:183} INFO - Processing /home/airflow/.local/lib/python3.12/site-packages/airflow/example_dags/example_xcom.py took 0.075 seconds
[2026-06-01T19:05:44.108+0000] {processor.py:161} INFO - Started process (PID=6956) to work on /home/airflow/.local/lib/python3.12/site-packages/airflow/example_dags/example_xcom.py
[2026-06-01T19:05:44.109+0000] {processor.py:830} INFO - Processing file /home/airflow/.local/lib/python3.12/site-packages/airflow/example_dags/example_xcom.py for tasks to queue
[2026-06-01T19:05:44.111+0000] {logging_mixin.py:188} INFO - [2026-06-01T19:05:44.111+0000] {dagbag.py:540} INFO - Filling up the DagBag from /home/airflow/.local/lib/python3.12/site-packages/airflow/example_dags/example_xcom.py
[2026-06-01T19:05:44.118+0000] {processor.py:840} INFO - DAG(s) 'example_xcom' retrieved from /home/airflow/.local/lib/python3.12/site-packages/airflow/example_dags/example_xcom.py
[2026-06-01T19:05:44.136+0000] {logging_mixin.py:188} INFO - [2026-06-01T19:05:44.135+0000] {dag.py:3096} INFO - Sync 1 DAGs
[2026-06-01T19:05:44.154+0000] {logging_mixin.py:188} INFO - [2026-06-01T19:05:44.154+0000] {dag.py:3954} INFO - Setting next_dagrun for example_xcom to 2021-01-01 00:00:00+00:00, run_after=2021-01-01 00:00:00+00:00
[2026-06-01T19:05:44.171+0000] {processor.py:183} INFO - Processing /home/airflow/.local/lib/python3.12/site-packages/airflow/example_dags/example_xcom.py took 0.069 seconds
[2026-06-01T19:06:14.349+0000] {processor.py:161} INFO - Started process (PID=7015) to work on /home/airflow/.local/lib/python3.12/site-packages/airflow/example_dags/example_xcom.py
[2026-06-01T19:06:14.350+0000] {processor.py:830} INFO - Processing file /home/airflow/.local/lib/python3.12/site-packages/airflow/example_dags/example_xcom.py for tasks to queue
[2026-06-01T19:06:14.352+0000] {logging_mixin.py:188} INFO - [2026-06-01T19:06:14.352+0000] {dagbag.py:540} INFO - Filling up the DagBag from /home/airflow/.local/lib/python3.12/site-packages/airflow/example_dags/example_xcom.py
[2026-06-01T19:06:14.360+0000] {processor.py:840} INFO - DAG(s) 'example_xcom' retrieved from /home/airflow/.local/lib/python3.12/site-packages/airflow/example_dags/example_xcom.py
[2026-06-01T19:06:14.393+0000] {logging_mixin.py:188} INFO - [2026-06-01T19:06:14.392+0000] {dag.py:3096} INFO - Sync 1 DAGs
[2026-06-01T19:06:14.427+0000] {logging_mixin.py:188} INFO - [2026-06-01T19:06:14.427+0000] {dag.py:3954} INFO - Setting next_dagrun for example_xcom to 2021-01-01 00:00:00+00:00, run_after=2021-01-01 00:00:00+00:00
[2026-06-01T19:06:14.457+0000] {processor.py:183} INFO - Processing /home/airflow/.local/lib/python3.12/site-packages/airflow/example_dags/example_xcom.py took 0.116 seconds
[2026-06-01T19:06:44.634+0000] {processor.py:161} INFO - Started process (PID=7075) to work on /home/airflow/.local/lib/python3.12/site-packages/airflow/example_dags/example_xcom.py
[2026-06-01T19:06:44.636+0000] {processor.py:830} INFO - Processing file /home/airflow/.local/lib/python3.12/site-packages/airflow/example_dags/example_xcom.py for tasks to queue
[2026-06-01T19:06:44.638+0000] {logging_mixin.py:188} INFO - [2026-06-01T19:06:44.637+0000] {dagbag.py:540} INFO - Filling up the DagBag from /home/airflow/.local/lib/python3.12/site-packages/airflow/example_dags/example_xcom.py
[2026-06-01T19:06:44.644+0000] {processor.py:840} INFO - DAG(s) 'example_xcom' retrieved from /home/airflow/.local/lib/python3.12/site-packages/airflow/example_dags/example_xcom.py
[2026-06-01T19:06:44.661+0000] {logging_mixin.py:188} INFO - [2026-06-01T19:06:44.661+0000] {dag.py:3096} INFO - Sync 1 DAGs
[2026-06-01T19:06:44.680+0000] {logging_mixin.py:188} INFO - [2026-06-01T19:06:44.680+0000] {dag.py:3954} INFO - Setting next_dagrun for example_xcom to 2021-01-01 00:00:00+00:00, run_after=2021-01-01 00:00:00+00:00
[2026-06-01T19:06:44.708+0000] {processor.py:183} INFO - Processing /home/airflow/.local/lib/python3.12/site-packages/airflow/example_dags/example_xcom.py took 0.079 seconds
[2026-06-01T19:07:14.959+0000] {processor.py:161} INFO - Started process (PID=7134) to work on /home/airflow/.local/lib/python3.12/site-packages/airflow/example_dags/example_xcom.py
[2026-06-01T19:07:14.960+0000] {processor.py:830} INFO - Processing file /home/airflow/.local/lib/python3.12/site-packages/airflow/example_dags/example_xcom.py for tasks to queue
[2026-06-01T19:07:14.962+0000] {logging_mixin.py:188} INFO - [2026-06-01T19:07:14.962+0000] {dagbag.py:540} INFO - Filling up the DagBag from /home/airflow/.local/lib/python3.12/site-packages/airflow/example_dags/example_xcom.py
[2026-06-01T19:07:14.968+0000] {processor.py:840} INFO - DAG(s) 'example_xcom' retrieved from /home/airflow/.local/lib/python3.12/site-packages/airflow/example_dags/example_xcom.py
[2026-06-01T19:07:14.986+0000] {logging_mixin.py:188} INFO - [2026-06-01T19:07:14.986+0000] {dag.py:3096} INFO - Sync 1 DAGs
[2026-06-01T19:07:15.006+0000] {logging_mixin.py:188} INFO - [2026-06-01T19:07:15.005+0000] {dag.py:3954} INFO - Setting next_dagrun for example_xcom to 2021-01-01 00:00:00+00:00, run_after=2021-01-01 00:00:00+00:00
[2026-06-01T19:07:15.031+0000] {processor.py:183} INFO - Processing /home/airflow/.local/lib/python3.12/site-packages/airflow/example_dags/example_xcom.py took 0.077 seconds
[2026-06-01T19:07:45.400+0000] {processor.py:161} INFO - Started process (PID=7193) to work on /home/airflow/.local/lib/python3.12/site-packages/airflow/example_dags/example_xcom.py
[2026-06-01T19:07:45.401+0000] {processor.py:830} INFO - Processing file /home/airflow/.local/lib/python3.12/site-packages/airflow/example_dags/example_xcom.py for tasks to queue
[2026-06-01T19:07:45.403+0000] {logging_mixin.py:188} INFO - [2026-06-01T19:07:45.403+0000] {dagbag.py:540} INFO - Filling up the DagBag from /home/airflow/.local/lib/python3.12/site-packages/airflow/example_dags/example_xcom.py
[2026-06-01T19:07:45.411+0000] {processor.py:840} INFO - DAG(s) 'example_xcom' retrieved from /home/airflow/.local/lib/python3.12/site-packages/airflow/example_dags/example_xcom.py
[2026-06-01T19:07:45.433+0000] {logging_mixin.py:188} INFO - [2026-06-01T19:07:45.433+0000] {dag.py:3096} INFO - Sync 1 DAGs
[2026-06-01T19:07:45.458+0000] {logging_mixin.py:188} INFO - [2026-06-01T19:07:45.458+0000] {dag.py:3954} INFO - Setting next_dagrun for example_xcom to 2021-01-01 00:00:00+00:00, run_after=2021-01-01 00:00:00+00:00
[2026-06-01T19:07:45.484+0000] {processor.py:183} INFO - Processing /home/airflow/.local/lib/python3.12/site-packages/airflow/example_dags/example_xcom.py took 0.090 seconds
[2026-06-01T19:08:15.713+0000] {processor.py:161} INFO - Started process (PID=7252) to work on /home/airflow/.local/lib/python3.12/site-packages/airflow/example_dags/example_xcom.py
[2026-06-01T19:08:15.715+0000] {processor.py:830} INFO - Processing file /home/airflow/.local/lib/python3.12/site-packages/airflow/example_dags/example_xcom.py for tasks to queue
[2026-06-01T19:08:15.717+0000] {logging_mixin.py:188} INFO - [2026-06-01T19:08:15.717+0000] {dagbag.py:540} INFO - Filling up the DagBag from /home/airflow/.local/lib/python3.12/site-packages/airflow/example_dags/example_xcom.py
[2026-06-01T19:08:15.725+0000] {processor.py:840} INFO - DAG(s) 'example_xcom' retrieved from /home/airflow/.local/lib/python3.12/site-packages/airflow/example_dags/example_xcom.py
[2026-06-01T19:08:15.745+0000] {logging_mixin.py:188} INFO - [2026-06-01T19:08:15.744+0000] {dag.py:3096} INFO - Sync 1 DAGs
[2026-06-01T19:08:15.763+0000] {logging_mixin.py:188} INFO - [2026-06-01T19:08:15.763+0000] {dag.py:3954} INFO - Setting next_dagrun for example_xcom to 2021-01-01 00:00:00+00:00, run_after=2021-01-01 00:00:00+00:00
[2026-06-01T19:08:15.781+0000] {processor.py:183} INFO - Processing /home/airflow/.local/lib/python3.12/site-packages/airflow/example_dags/example_xcom.py took 0.073 seconds
[2026-06-01T19:08:46.487+0000] {processor.py:161} INFO - Started process (PID=7311) to work on /home/airflow/.local/lib/python3.12/site-packages/airflow/example_dags/example_xcom.py
[2026-06-01T19:08:46.488+0000] {processor.py:830} INFO - Processing file /home/airflow/.local/lib/python3.12/site-packages/airflow/example_dags/example_xcom.py for tasks to queue
[2026-06-01T19:08:46.490+0000] {logging_mixin.py:188} INFO - [2026-06-01T19:08:46.490+0000] {dagbag.py:540} INFO - Filling up the DagBag from /home/airflow/.local/lib/python3.12/site-packages/airflow/example_dags/example_xcom.py
[2026-06-01T19:08:46.497+0000] {processor.py:840} INFO - DAG(s) 'example_xcom' retrieved from /home/airflow/.local/lib/python3.12/site-packages/airflow/example_dags/example_xcom.py
[2026-06-01T19:08:46.515+0000] {logging_mixin.py:188} INFO - [2026-06-01T19:08:46.515+0000] {dag.py:3096} INFO - Sync 1 DAGs
[2026-06-01T19:08:46.533+0000] {logging_mixin.py:188} INFO - [2026-06-01T19:08:46.533+0000] {dag.py:3954} INFO - Setting next_dagrun for example_xcom to 2021-01-01 00:00:00+00:00, run_after=2021-01-01 00:00:00+00:00
[2026-06-01T19:08:46.550+0000] {processor.py:183} INFO - Processing /home/airflow/.local/lib/python3.12/site-packages/airflow/example_dags/example_xcom.py took 0.068 seconds
[2026-06-01T19:09:16.901+0000] {processor.py:161} INFO - Started process (PID=7370) to work on /home/airflow/.local/lib/python3.12/site-packages/airflow/example_dags/example_xcom.py
[2026-06-01T19:09:16.902+0000] {processor.py:830} INFO - Processing file /home/airflow/.local/lib/python3.12/site-packages/airflow/example_dags/example_xcom.py for tasks to queue
[2026-06-01T19:09:16.905+0000] {logging_mixin.py:188} INFO - [2026-06-01T19:09:16.905+0000] {dagbag.py:540} INFO - Filling up the DagBag from /home/airflow/.local/lib/python3.12/site-packages/airflow/example_dags/example_xcom.py
[2026-06-01T19:09:16.913+0000] {processor.py:840} INFO - DAG(s) 'example_xcom' retrieved from /home/airflow/.local/lib/python3.12/site-packages/airflow/example_dags/example_xcom.py
[2026-06-01T19:09:16.935+0000] {logging_mixin.py:188} INFO - [2026-06-01T19:09:16.935+0000] {dag.py:3096} INFO - Sync 1 DAGs
[2026-06-01T19:09:16.959+0000] {logging_mixin.py:188} INFO - [2026-06-01T19:09:16.959+0000] {dag.py:3954} INFO - Setting next_dagrun for example_xcom to 2021-01-01 00:00:00+00:00, run_after=2021-01-01 00:00:00+00:00
[2026-06-01T19:09:16.978+0000] {processor.py:183} INFO - Processing /home/airflow/.local/lib/python3.12/site-packages/airflow/example_dags/example_xcom.py took 0.082 seconds
[2026-06-01T19:09:47.151+0000] {processor.py:161} INFO - Started process (PID=7429) to work on /home/airflow/.local/lib/python3.12/site-packages/airflow/example_dags/example_xcom.py
[2026-06-01T19:09:47.152+0000] {processor.py:830} INFO - Processing file /home/airflow/.local/lib/python3.12/site-packages/airflow/example_dags/example_xcom.py for tasks to queue
[2026-06-01T19:09:47.154+0000] {logging_mixin.py:188} INFO - [2026-06-01T19:09:47.154+0000] {dagbag.py:540} INFO - Filling up the DagBag from /home/airflow/.local/lib/python3.12/site-packages/airflow/example_dags/example_xcom.py
[2026-06-01T19:09:47.162+0000] {processor.py:840} INFO - DAG(s) 'example_xcom' retrieved from /home/airflow/.local/lib/python3.12/site-packages/airflow/example_dags/example_xcom.py
[2026-06-01T19:09:47.184+0000] {logging_mixin.py:188} INFO - [2026-06-01T19:09:47.183+0000] {dag.py:3096} INFO - Sync 1 DAGs
[2026-06-01T19:09:47.203+0000] {logging_mixin.py:188} INFO - [2026-06-01T19:09:47.202+0000] {dag.py:3954} INFO - Setting next_dagrun for example_xcom to 2021-01-01 00:00:00+00:00, run_after=2021-01-01 00:00:00+00:00
[2026-06-01T19:09:47.222+0000] {processor.py:183} INFO - Processing /home/airflow/.local/lib/python3.12/site-packages/airflow/example_dags/example_xcom.py took 0.077 seconds
[2026-06-01T19:10:17.422+0000] {processor.py:161} INFO - Started process (PID=7488) to work on /home/airflow/.local/lib/python3.12/site-packages/airflow/example_dags/example_xcom.py
[2026-06-01T19:10:17.424+0000] {processor.py:830} INFO - Processing file /home/airflow/.local/lib/python3.12/site-packages/airflow/example_dags/example_xcom.py for tasks to queue
[2026-06-01T19:10:17.425+0000] {logging_mixin.py:188} INFO - [2026-06-01T19:10:17.425+0000] {dagbag.py:540} INFO - Filling up the DagBag from /home/airflow/.local/lib/python3.12/site-packages/airflow/example_dags/example_xcom.py
[2026-06-01T19:10:17.433+0000] {processor.py:840} INFO - DAG(s) 'example_xcom' retrieved from /home/airflow/.local/lib/python3.12/site-packages/airflow/example_dags/example_xcom.py
[2026-06-01T19:10:17.453+0000] {logging_mixin.py:188} INFO - [2026-06-01T19:10:17.452+0000] {dag.py:3096} INFO - Sync 1 DAGs
[2026-06-01T19:10:17.472+0000] {logging_mixin.py:188} INFO - [2026-06-01T19:10:17.472+0000] {dag.py:3954} INFO - Setting next_dagrun for example_xcom to 2021-01-01 00:00:00+00:00, run_after=2021-01-01 00:00:00+00:00
[2026-06-01T19:10:17.489+0000] {processor.py:183} INFO - Processing /home/airflow/.local/lib/python3.12/site-packages/airflow/example_dags/example_xcom.py took 0.072 seconds
[2026-06-01T19:10:48.226+0000] {processor.py:161} INFO - Started process (PID=7547) to work on /home/airflow/.local/lib/python3.12/site-packages/airflow/example_dags/example_xcom.py
[2026-06-01T19:10:48.227+0000] {processor.py:830} INFO - Processing file /home/airflow/.local/lib/python3.12/site-packages/airflow/example_dags/example_xcom.py for tasks to queue
[2026-06-01T19:10:48.228+0000] {logging_mixin.py:188} INFO - [2026-06-01T19:10:48.228+0000] {dagbag.py:540} INFO - Filling up the DagBag from /home/airflow/.local/lib/python3.12/site-packages/airflow/example_dags/example_xcom.py
[2026-06-01T19:10:48.235+0000] {processor.py:840} INFO - DAG(s) 'example_xcom' retrieved from /home/airflow/.local/lib/python3.12/site-packages/airflow/example_dags/example_xcom.py
[2026-06-01T19:10:48.254+0000] {logging_mixin.py:188} INFO - [2026-06-01T19:10:48.253+0000] {dag.py:3096} INFO - Sync 1 DAGs
[2026-06-01T19:10:48.273+0000] {logging_mixin.py:188} INFO - [2026-06-01T19:10:48.273+0000] {dag.py:3954} INFO - Setting next_dagrun for example_xcom to 2021-01-01 00:00:00+00:00, run_after=2021-01-01 00:00:00+00:00
[2026-06-01T19:10:48.293+0000] {processor.py:183} INFO - Processing /home/airflow/.local/lib/python3.12/site-packages/airflow/example_dags/example_xcom.py took 0.072 seconds
[2026-06-01T19:11:18.874+0000] {processor.py:161} INFO - Started process (PID=7612) to work on /home/airflow/.local/lib/python3.12/site-packages/airflow/example_dags/example_xcom.py
[2026-06-01T19:11:18.879+0000] {processor.py:830} INFO - Processing file /home/airflow/.local/lib/python3.12/site-packages/airflow/example_dags/example_xcom.py for tasks to queue
[2026-06-01T19:11:18.883+0000] {logging_mixin.py:188} INFO - [2026-06-01T19:11:18.882+0000] {dagbag.py:540} INFO - Filling up the DagBag from /home/airflow/.local/lib/python3.12/site-packages/airflow/example_dags/example_xcom.py
[2026-06-01T19:11:18.907+0000] {processor.py:840} INFO - DAG(s) 'example_xcom' retrieved from /home/airflow/.local/lib/python3.12/site-packages/airflow/example_dags/example_xcom.py
[2026-06-01T19:11:18.951+0000] {logging_mixin.py:188} INFO - [2026-06-01T19:11:18.951+0000] {dag.py:3096} INFO - Sync 1 DAGs
[2026-06-01T19:11:18.980+0000] {logging_mixin.py:188} INFO - [2026-06-01T19:11:18.979+0000] {dag.py:3954} INFO - Setting next_dagrun for example_xcom to 2021-01-01 00:00:00+00:00, run_after=2021-01-01 00:00:00+00:00
[2026-06-01T19:11:19.015+0000] {processor.py:183} INFO - Processing /home/airflow/.local/lib/python3.12/site-packages/airflow/example_dags/example_xcom.py took 0.156 seconds
[2026-06-01T19:11:49.236+0000] {processor.py:161} INFO - Started process (PID=7671) to work on /home/airflow/.local/lib/python3.12/site-packages/airflow/example_dags/example_xcom.py
[2026-06-01T19:11:49.237+0000] {processor.py:830} INFO - Processing file /home/airflow/.local/lib/python3.12/site-packages/airflow/example_dags/example_xcom.py for tasks to queue
[2026-06-01T19:11:49.239+0000] {logging_mixin.py:188} INFO - [2026-06-01T19:11:49.239+0000] {dagbag.py:540} INFO - Filling up the DagBag from /home/airflow/.local/lib/python3.12/site-packages/airflow/example_dags/example_xcom.py
[2026-06-01T19:11:49.246+0000] {processor.py:840} INFO - DAG(s) 'example_xcom' retrieved from /home/airflow/.local/lib/python3.12/site-packages/airflow/example_dags/example_xcom.py
[2026-06-01T19:11:49.263+0000] {logging_mixin.py:188} INFO - [2026-06-01T19:11:49.263+0000] {dag.py:3096} INFO - Sync 1 DAGs
[2026-06-01T19:11:49.280+0000] {logging_mixin.py:188} INFO - [2026-06-01T19:11:49.280+0000] {dag.py:3954} INFO - Setting next_dagrun for example_xcom to 2021-01-01 00:00:00+00:00, run_after=2021-01-01 00:00:00+00:00
[2026-06-01T19:11:49.297+0000] {processor.py:183} INFO - Processing /home/airflow/.local/lib/python3.12/site-packages/airflow/example_dags/example_xcom.py took 0.066 seconds
[2026-06-01T19:12:19.759+0000] {processor.py:161} INFO - Started process (PID=7730) to work on /home/airflow/.local/lib/python3.12/site-packages/airflow/example_dags/example_xcom.py
[2026-06-01T19:12:19.765+0000] {processor.py:830} INFO - Processing file /home/airflow/.local/lib/python3.12/site-packages/airflow/example_dags/example_xcom.py for tasks to queue
[2026-06-01T19:12:19.769+0000] {logging_mixin.py:188} INFO - [2026-06-01T19:12:19.769+0000] {dagbag.py:540} INFO - Filling up the DagBag from /home/airflow/.local/lib/python3.12/site-packages/airflow/example_dags/example_xcom.py
[2026-06-01T19:12:19.777+0000] {processor.py:840} INFO - DAG(s) 'example_xcom' retrieved from /home/airflow/.local/lib/python3.12/site-packages/airflow/example_dags/example_xcom.py
[2026-06-01T19:12:19.798+0000] {logging_mixin.py:188} INFO - [2026-06-01T19:12:19.798+0000] {dag.py:3096} INFO - Sync 1 DAGs
[2026-06-01T19:12:19.818+0000] {logging_mixin.py:188} INFO - [2026-06-01T19:12:19.818+0000] {dag.py:3954} INFO - Setting next_dagrun for example_xcom to 2021-01-01 00:00:00+00:00, run_after=2021-01-01 00:00:00+00:00
[2026-06-01T19:12:19.840+0000] {processor.py:183} INFO - Processing /home/airflow/.local/lib/python3.12/site-packages/airflow/example_dags/example_xcom.py took 0.088 seconds
[2026-06-01T19:12:50.022+0000] {processor.py:161} INFO - Started process (PID=7789) to work on /home/airflow/.local/lib/python3.12/site-packages/airflow/example_dags/example_xcom.py
[2026-06-01T19:12:50.023+0000] {processor.py:830} INFO - Processing file /home/airflow/.local/lib/python3.12/site-packages/airflow/example_dags/example_xcom.py for tasks to queue
[2026-06-01T19:12:50.025+0000] {logging_mixin.py:188} INFO - [2026-06-01T19:12:50.024+0000] {dagbag.py:540} INFO - Filling up the DagBag from /home/airflow/.local/lib/python3.12/site-packages/airflow/example_dags/example_xcom.py
[2026-06-01T19:12:50.032+0000] {processor.py:840} INFO - DAG(s) 'example_xcom' retrieved from /home/airflow/.local/lib/python3.12/site-packages/airflow/example_dags/example_xcom.py
[2026-06-01T19:12:50.050+0000] {logging_mixin.py:188} INFO - [2026-06-01T19:12:50.050+0000] {dag.py:3096} INFO - Sync 1 DAGs
[2026-06-01T19:12:50.069+0000] {logging_mixin.py:188} INFO - [2026-06-01T19:12:50.069+0000] {dag.py:3954} INFO - Setting next_dagrun for example_xcom to 2021-01-01 00:00:00+00:00, run_after=2021-01-01 00:00:00+00:00
[2026-06-01T19:12:50.085+0000] {processor.py:183} INFO - Processing /home/airflow/.local/lib/python3.12/site-packages/airflow/example_dags/example_xcom.py took 0.070 seconds
[2026-06-01T19:13:20.241+0000] {processor.py:161} INFO - Started process (PID=7848) to work on /home/airflow/.local/lib/python3.12/site-packages/airflow/example_dags/example_xcom.py
[2026-06-01T19:13:20.242+0000] {processor.py:830} INFO - Processing file /home/airflow/.local/lib/python3.12/site-packages/airflow/example_dags/example_xcom.py for tasks to queue
[2026-06-01T19:13:20.244+0000] {logging_mixin.py:188} INFO - [2026-06-01T19:13:20.243+0000] {dagbag.py:540} INFO - Filling up the DagBag from /home/airflow/.local/lib/python3.12/site-packages/airflow/example_dags/example_xcom.py
[2026-06-01T19:13:20.253+0000] {processor.py:840} INFO - DAG(s) 'example_xcom' retrieved from /home/airflow/.local/lib/python3.12/site-packages/airflow/example_dags/example_xcom.py
[2026-06-01T19:13:20.275+0000] {logging_mixin.py:188} INFO - [2026-06-01T19:13:20.274+0000] {dag.py:3096} INFO - Sync 1 DAGs
[2026-06-01T19:13:20.298+0000] {logging_mixin.py:188} INFO - [2026-06-01T19:13:20.297+0000] {dag.py:3954} INFO - Setting next_dagrun for example_xcom to 2021-01-01 00:00:00+00:00, run_after=2021-01-01 00:00:00+00:00
[2026-06-01T19:13:20.321+0000] {processor.py:183} INFO - Processing /home/airflow/.local/lib/python3.12/site-packages/airflow/example_dags/example_xcom.py took 0.086 seconds
[2026-06-01T19:13:50.482+0000] {processor.py:161} INFO - Started process (PID=7907) to work on /home/airflow/.local/lib/python3.12/site-packages/airflow/example_dags/example_xcom.py
[2026-06-01T19:13:50.483+0000] {processor.py:830} INFO - Processing file /home/airflow/.local/lib/python3.12/site-packages/airflow/example_dags/example_xcom.py for tasks to queue
[2026-06-01T19:13:50.484+0000] {logging_mixin.py:188} INFO - [2026-06-01T19:13:50.484+0000] {dagbag.py:540} INFO - Filling up the DagBag from /home/airflow/.local/lib/python3.12/site-packages/airflow/example_dags/example_xcom.py
[2026-06-01T19:13:50.491+0000] {processor.py:840} INFO - DAG(s) 'example_xcom' retrieved from /home/airflow/.local/lib/python3.12/site-packages/airflow/example_dags/example_xcom.py
[2026-06-01T19:13:50.511+0000] {logging_mixin.py:188} INFO - [2026-06-01T19:13:50.511+0000] {dag.py:3096} INFO - Sync 1 DAGs
[2026-06-01T19:13:50.529+0000] {logging_mixin.py:188} INFO - [2026-06-01T19:13:50.529+0000] {dag.py:3954} INFO - Setting next_dagrun for example_xcom to 2021-01-01 00:00:00+00:00, run_after=2021-01-01 00:00:00+00:00
[2026-06-01T19:13:50.546+0000] {processor.py:183} INFO - Processing /home/airflow/.local/lib/python3.12/site-packages/airflow/example_dags/example_xcom.py took 0.069 seconds
[2026-06-01T19:14:20.843+0000] {processor.py:161} INFO - Started process (PID=7966) to work on /home/airflow/.local/lib/python3.12/site-packages/airflow/example_dags/example_xcom.py
[2026-06-01T19:14:20.844+0000] {processor.py:830} INFO - Processing file /home/airflow/.local/lib/python3.12/site-packages/airflow/example_dags/example_xcom.py for tasks to queue
[2026-06-01T19:14:20.846+0000] {logging_mixin.py:188} INFO - [2026-06-01T19:14:20.846+0000] {dagbag.py:540} INFO - Filling up the DagBag from /home/airflow/.local/lib/python3.12/site-packages/airflow/example_dags/example_xcom.py
[2026-06-01T19:14:20.853+0000] {processor.py:840} INFO - DAG(s) 'example_xcom' retrieved from /home/airflow/.local/lib/python3.12/site-packages/airflow/example_dags/example_xcom.py
[2026-06-01T19:14:20.873+0000] {logging_mixin.py:188} INFO - [2026-06-01T19:14:20.873+0000] {dag.py:3096} INFO - Sync 1 DAGs
[2026-06-01T19:14:20.897+0000] {logging_mixin.py:188} INFO - [2026-06-01T19:14:20.896+0000] {dag.py:3954} INFO - Setting next_dagrun for example_xcom to 2021-01-01 00:00:00+00:00, run_after=2021-01-01 00:00:00+00:00
[2026-06-01T19:14:20.919+0000] {processor.py:183} INFO - Processing /home/airflow/.local/lib/python3.12/site-packages/airflow/example_dags/example_xcom.py took 0.082 seconds
[2026-06-01T19:14:51.006+0000] {processor.py:161} INFO - Started process (PID=8025) to work on /home/airflow/.local/lib/python3.12/site-packages/airflow/example_dags/example_xcom.py
[2026-06-01T19:14:51.007+0000] {processor.py:830} INFO - Processing file /home/airflow/.local/lib/python3.12/site-packages/airflow/example_dags/example_xcom.py for tasks to queue
[2026-06-01T19:14:51.009+0000] {logging_mixin.py:188} INFO - [2026-06-01T19:14:51.008+0000] {dagbag.py:540} INFO - Filling up the DagBag from /home/airflow/.local/lib/python3.12/site-packages/airflow/example_dags/example_xcom.py
[2026-06-01T19:14:51.018+0000] {processor.py:840} INFO - DAG(s) 'example_xcom' retrieved from /home/airflow/.local/lib/python3.12/site-packages/airflow/example_dags/example_xcom.py
[2026-06-01T19:14:51.037+0000] {logging_mixin.py:188} INFO - [2026-06-01T19:14:51.037+0000] {dag.py:3096} INFO - Sync 1 DAGs
[2026-06-01T19:14:51.055+0000] {logging_mixin.py:188} INFO - [2026-06-01T19:14:51.055+0000] {dag.py:3954} INFO - Setting next_dagrun for example_xcom to 2021-01-01 00:00:00+00:00, run_after=2021-01-01 00:00:00+00:00
[2026-06-01T19:14:51.076+0000] {processor.py:183} INFO - Processing /home/airflow/.local/lib/python3.12/site-packages/airflow/example_dags/example_xcom.py took 0.075 seconds
[2026-06-01T19:15:21.339+0000] {processor.py:161} INFO - Started process (PID=8084) to work on /home/airflow/.local/lib/python3.12/site-packages/airflow/example_dags/example_xcom.py
[2026-06-01T19:15:21.340+0000] {processor.py:830} INFO - Processing file /home/airflow/.local/lib/python3.12/site-packages/airflow/example_dags/example_xcom.py for tasks to queue
[2026-06-01T19:15:21.342+0000] {logging_mixin.py:188} INFO - [2026-06-01T19:15:21.342+0000] {dagbag.py:540} INFO - Filling up the DagBag from /home/airflow/.local/lib/python3.12/site-packages/airflow/example_dags/example_xcom.py
[2026-06-01T19:15:21.350+0000] {processor.py:840} INFO - DAG(s) 'example_xcom' retrieved from /home/airflow/.local/lib/python3.12/site-packages/airflow/example_dags/example_xcom.py
[2026-06-01T19:15:21.368+0000] {logging_mixin.py:188} INFO - [2026-06-01T19:15:21.368+0000] {dag.py:3096} INFO - Sync 1 DAGs
[2026-06-01T19:15:21.387+0000] {logging_mixin.py:188} INFO - [2026-06-01T19:15:21.387+0000] {dag.py:3954} INFO - Setting next_dagrun for example_xcom to 2021-01-01 00:00:00+00:00, run_after=2021-01-01 00:00:00+00:00
[2026-06-01T19:15:21.404+0000] {processor.py:183} INFO - Processing /home/airflow/.local/lib/python3.12/site-packages/airflow/example_dags/example_xcom.py took 0.070 seconds
[2026-06-01T19:15:51.555+0000] {processor.py:161} INFO - Started process (PID=8143) to work on /home/airflow/.local/lib/python3.12/site-packages/airflow/example_dags/example_xcom.py
[2026-06-01T19:15:51.556+0000] {processor.py:830} INFO - Processing file /home/airflow/.local/lib/python3.12/site-packages/airflow/example_dags/example_xcom.py for tasks to queue
[2026-06-01T19:15:51.558+0000] {logging_mixin.py:188} INFO - [2026-06-01T19:15:51.558+0000] {dagbag.py:540} INFO - Filling up the DagBag from /home/airflow/.local/lib/python3.12/site-packages/airflow/example_dags/example_xcom.py
[2026-06-01T19:15:51.565+0000] {processor.py:840} INFO - DAG(s) 'example_xcom' retrieved from /home/airflow/.local/lib/python3.12/site-packages/airflow/example_dags/example_xcom.py
[2026-06-01T19:15:51.586+0000] {logging_mixin.py:188} INFO - [2026-06-01T19:15:51.586+0000] {dag.py:3096} INFO - Sync 1 DAGs
[2026-06-01T19:15:51.607+0000] {logging_mixin.py:188} INFO - [2026-06-01T19:15:51.607+0000] {dag.py:3954} INFO - Setting next_dagrun for example_xcom to 2021-01-01 00:00:00+00:00, run_after=2021-01-01 00:00:00+00:00
[2026-06-01T19:15:51.631+0000] {processor.py:183} INFO - Processing /home/airflow/.local/lib/python3.12/site-packages/airflow/example_dags/example_xcom.py took 0.081 seconds
[2026-06-01T19:16:21.980+0000] {processor.py:161} INFO - Started process (PID=8202) to work on /home/airflow/.local/lib/python3.12/site-packages/airflow/example_dags/example_xcom.py
[2026-06-01T19:16:21.980+0000] {processor.py:830} INFO - Processing file /home/airflow/.local/lib/python3.12/site-packages/airflow/example_dags/example_xcom.py for tasks to queue
[2026-06-01T19:16:21.982+0000] {logging_mixin.py:188} INFO - [2026-06-01T19:16:21.982+0000] {dagbag.py:540} INFO - Filling up the DagBag from /home/airflow/.local/lib/python3.12/site-packages/airflow/example_dags/example_xcom.py
[2026-06-01T19:16:21.990+0000] {processor.py:840} INFO - DAG(s) 'example_xcom' retrieved from /home/airflow/.local/lib/python3.12/site-packages/airflow/example_dags/example_xcom.py
[2026-06-01T19:16:22.014+0000] {logging_mixin.py:188} INFO - [2026-06-01T19:16:22.014+0000] {dag.py:3096} INFO - Sync 1 DAGs
[2026-06-01T19:16:22.037+0000] {logging_mixin.py:188} INFO - [2026-06-01T19:16:22.037+0000] {dag.py:3954} INFO - Setting next_dagrun for example_xcom to 2021-01-01 00:00:00+00:00, run_after=2021-01-01 00:00:00+00:00
[2026-06-01T19:16:22.056+0000] {processor.py:183} INFO - Processing /home/airflow/.local/lib/python3.12/site-packages/airflow/example_dags/example_xcom.py took 0.082 seconds
[2026-06-01T19:16:52.490+0000] {processor.py:161} INFO - Started process (PID=8261) to work on /home/airflow/.local/lib/python3.12/site-packages/airflow/example_dags/example_xcom.py
[2026-06-01T19:16:52.491+0000] {processor.py:830} INFO - Processing file /home/airflow/.local/lib/python3.12/site-packages/airflow/example_dags/example_xcom.py for tasks to queue
[2026-06-01T19:16:52.493+0000] {logging_mixin.py:188} INFO - [2026-06-01T19:16:52.492+0000] {dagbag.py:540} INFO - Filling up the DagBag from /home/airflow/.local/lib/python3.12/site-packages/airflow/example_dags/example_xcom.py
[2026-06-01T19:16:52.500+0000] {processor.py:840} INFO - DAG(s) 'example_xcom' retrieved from /home/airflow/.local/lib/python3.12/site-packages/airflow/example_dags/example_xcom.py
[2026-06-01T19:16:52.518+0000] {logging_mixin.py:188} INFO - [2026-06-01T19:16:52.518+0000] {dag.py:3096} INFO - Sync 1 DAGs
[2026-06-01T19:16:52.539+0000] {logging_mixin.py:188} INFO - [2026-06-01T19:16:52.539+0000] {dag.py:3954} INFO - Setting next_dagrun for example_xcom to 2021-01-01 00:00:00+00:00, run_after=2021-01-01 00:00:00+00:00
[2026-06-01T19:16:52.566+0000] {processor.py:183} INFO - Processing /home/airflow/.local/lib/python3.12/site-packages/airflow/example_dags/example_xcom.py took 0.082 seconds
[2026-06-01T19:17:23.044+0000] {processor.py:161} INFO - Started process (PID=8320) to work on /home/airflow/.local/lib/python3.12/site-packages/airflow/example_dags/example_xcom.py
[2026-06-01T19:17:23.045+0000] {processor.py:830} INFO - Processing file /home/airflow/.local/lib/python3.12/site-packages/airflow/example_dags/example_xcom.py for tasks to queue
[2026-06-01T19:17:23.047+0000] {logging_mixin.py:188} INFO - [2026-06-01T19:17:23.047+0000] {dagbag.py:540} INFO - Filling up the DagBag from /home/airflow/.local/lib/python3.12/site-packages/airflow/example_dags/example_xcom.py
[2026-06-01T19:17:23.053+0000] {processor.py:840} INFO - DAG(s) 'example_xcom' retrieved from /home/airflow/.local/lib/python3.12/site-packages/airflow/example_dags/example_xcom.py
[2026-06-01T19:17:23.071+0000] {logging_mixin.py:188} INFO - [2026-06-01T19:17:23.071+0000] {dag.py:3096} INFO - Sync 1 DAGs
[2026-06-01T19:17:23.090+0000] {logging_mixin.py:188} INFO - [2026-06-01T19:17:23.090+0000] {dag.py:3954} INFO - Setting next_dagrun for example_xcom to 2021-01-01 00:00:00+00:00, run_after=2021-01-01 00:00:00+00:00
[2026-06-01T19:17:23.108+0000] {processor.py:183} INFO - Processing /home/airflow/.local/lib/python3.12/site-packages/airflow/example_dags/example_xcom.py took 0.068 seconds
[2026-06-01T19:17:53.578+0000] {processor.py:161} INFO - Started process (PID=8379) to work on /home/airflow/.local/lib/python3.12/site-packages/airflow/example_dags/example_xcom.py
[2026-06-01T19:17:53.579+0000] {processor.py:830} INFO - Processing file /home/airflow/.local/lib/python3.12/site-packages/airflow/example_dags/example_xcom.py for tasks to queue
[2026-06-01T19:17:53.581+0000] {logging_mixin.py:188} INFO - [2026-06-01T19:17:53.580+0000] {dagbag.py:540} INFO - Filling up the DagBag from /home/airflow/.local/lib/python3.12/site-packages/airflow/example_dags/example_xcom.py
[2026-06-01T19:17:53.588+0000] {processor.py:840} INFO - DAG(s) 'example_xcom' retrieved from /home/airflow/.local/lib/python3.12/site-packages/airflow/example_dags/example_xcom.py
[2026-06-01T19:17:53.607+0000] {logging_mixin.py:188} INFO - [2026-06-01T19:17:53.607+0000] {dag.py:3096} INFO - Sync 1 DAGs
[2026-06-01T19:17:53.625+0000] {logging_mixin.py:188} INFO - [2026-06-01T19:17:53.625+0000] {dag.py:3954} INFO - Setting next_dagrun for example_xcom to 2021-01-01 00:00:00+00:00, run_after=2021-01-01 00:00:00+00:00
[2026-06-01T19:17:53.642+0000] {processor.py:183} INFO - Processing /home/airflow/.local/lib/python3.12/site-packages/airflow/example_dags/example_xcom.py took 0.070 seconds
[2026-06-01T19:18:23.853+0000] {processor.py:161} INFO - Started process (PID=8438) to work on /home/airflow/.local/lib/python3.12/site-packages/airflow/example_dags/example_xcom.py
[2026-06-01T19:18:23.854+0000] {processor.py:830} INFO - Processing file /home/airflow/.local/lib/python3.12/site-packages/airflow/example_dags/example_xcom.py for tasks to queue
[2026-06-01T19:18:23.855+0000] {logging_mixin.py:188} INFO - [2026-06-01T19:18:23.855+0000] {dagbag.py:540} INFO - Filling up the DagBag from /home/airflow/.local/lib/python3.12/site-packages/airflow/example_dags/example_xcom.py
[2026-06-01T19:18:23.863+0000] {processor.py:840} INFO - DAG(s) 'example_xcom' retrieved from /home/airflow/.local/lib/python3.12/site-packages/airflow/example_dags/example_xcom.py
[2026-06-01T19:18:23.883+0000] {logging_mixin.py:188} INFO - [2026-06-01T19:18:23.883+0000] {dag.py:3096} INFO - Sync 1 DAGs
[2026-06-01T19:18:23.905+0000] {logging_mixin.py:188} INFO - [2026-06-01T19:18:23.905+0000] {dag.py:3954} INFO - Setting next_dagrun for example_xcom to 2021-01-01 00:00:00+00:00, run_after=2021-01-01 00:00:00+00:00
[2026-06-01T19:18:23.924+0000] {processor.py:183} INFO - Processing /home/airflow/.local/lib/python3.12/site-packages/airflow/example_dags/example_xcom.py took 0.076 seconds
[2026-06-01T19:18:54.087+0000] {processor.py:161} INFO - Started process (PID=8497) to work on /home/airflow/.local/lib/python3.12/site-packages/airflow/example_dags/example_xcom.py
[2026-06-01T19:18:54.088+0000] {processor.py:830} INFO - Processing file /home/airflow/.local/lib/python3.12/site-packages/airflow/example_dags/example_xcom.py for tasks to queue
[2026-06-01T19:18:54.090+0000] {logging_mixin.py:188} INFO - [2026-06-01T19:18:54.089+0000] {dagbag.py:540} INFO - Filling up the DagBag from /home/airflow/.local/lib/python3.12/site-packages/airflow/example_dags/example_xcom.py
[2026-06-01T19:18:54.098+0000] {processor.py:840} INFO - DAG(s) 'example_xcom' retrieved from /home/airflow/.local/lib/python3.12/site-packages/airflow/example_dags/example_xcom.py
[2026-06-01T19:18:54.115+0000] {logging_mixin.py:188} INFO - [2026-06-01T19:18:54.115+0000] {dag.py:3096} INFO - Sync 1 DAGs
[2026-06-01T19:18:54.133+0000] {logging_mixin.py:188} INFO - [2026-06-01T19:18:54.133+0000] {dag.py:3954} INFO - Setting next_dagrun for example_xcom to 2021-01-01 00:00:00+00:00, run_after=2021-01-01 00:00:00+00:00
[2026-06-01T19:18:54.153+0000] {processor.py:183} INFO - Processing /home/airflow/.local/lib/python3.12/site-packages/airflow/example_dags/example_xcom.py took 0.071 seconds
[2026-06-01T19:19:24.210+0000] {processor.py:161} INFO - Started process (PID=8556) to work on /home/airflow/.local/lib/python3.12/site-packages/airflow/example_dags/example_xcom.py
[2026-06-01T19:19:24.211+0000] {processor.py:830} INFO - Processing file /home/airflow/.local/lib/python3.12/site-packages/airflow/example_dags/example_xcom.py for tasks to queue
[2026-06-01T19:19:24.213+0000] {logging_mixin.py:188} INFO - [2026-06-01T19:19:24.213+0000] {dagbag.py:540} INFO - Filling up the DagBag from /home/airflow/.local/lib/python3.12/site-packages/airflow/example_dags/example_xcom.py
[2026-06-01T19:19:24.220+0000] {processor.py:840} INFO - DAG(s) 'example_xcom' retrieved from /home/airflow/.local/lib/python3.12/site-packages/airflow/example_dags/example_xcom.py
[2026-06-01T19:19:24.242+0000] {logging_mixin.py:188} INFO - [2026-06-01T19:19:24.242+0000] {dag.py:3096} INFO - Sync 1 DAGs
[2026-06-01T19:19:24.259+0000] {logging_mixin.py:188} INFO - [2026-06-01T19:19:24.259+0000] {dag.py:3954} INFO - Setting next_dagrun for example_xcom to 2021-01-01 00:00:00+00:00, run_after=2021-01-01 00:00:00+00:00
[2026-06-01T19:19:24.275+0000] {processor.py:183} INFO - Processing /home/airflow/.local/lib/python3.12/site-packages/airflow/example_dags/example_xcom.py took 0.070 seconds
[2026-06-01T19:19:54.359+0000] {processor.py:161} INFO - Started process (PID=8615) to work on /home/airflow/.local/lib/python3.12/site-packages/airflow/example_dags/example_xcom.py
[2026-06-01T19:19:54.360+0000] {processor.py:830} INFO - Processing file /home/airflow/.local/lib/python3.12/site-packages/airflow/example_dags/example_xcom.py for tasks to queue
[2026-06-01T19:19:54.362+0000] {logging_mixin.py:188} INFO - [2026-06-01T19:19:54.362+0000] {dagbag.py:540} INFO - Filling up the DagBag from /home/airflow/.local/lib/python3.12/site-packages/airflow/example_dags/example_xcom.py
[2026-06-01T19:19:54.369+0000] {processor.py:840} INFO - DAG(s) 'example_xcom' retrieved from /home/airflow/.local/lib/python3.12/site-packages/airflow/example_dags/example_xcom.py
[2026-06-01T19:19:54.386+0000] {logging_mixin.py:188} INFO - [2026-06-01T19:19:54.386+0000] {dag.py:3096} INFO - Sync 1 DAGs
[2026-06-01T19:19:54.403+0000] {logging_mixin.py:188} INFO - [2026-06-01T19:19:54.403+0000] {dag.py:3954} INFO - Setting next_dagrun for example_xcom to 2021-01-01 00:00:00+00:00, run_after=2021-01-01 00:00:00+00:00
[2026-06-01T19:19:54.428+0000] {processor.py:183} INFO - Processing /home/airflow/.local/lib/python3.12/site-packages/airflow/example_dags/example_xcom.py took 0.074 seconds
[2026-06-01T19:20:24.622+0000] {processor.py:161} INFO - Started process (PID=8674) to work on /home/airflow/.local/lib/python3.12/site-packages/airflow/example_dags/example_xcom.py
[2026-06-01T19:20:24.623+0000] {processor.py:830} INFO - Processing file /home/airflow/.local/lib/python3.12/site-packages/airflow/example_dags/example_xcom.py for tasks to queue
[2026-06-01T19:20:24.624+0000] {logging_mixin.py:188} INFO - [2026-06-01T19:20:24.624+0000] {dagbag.py:540} INFO - Filling up the DagBag from /home/airflow/.local/lib/python3.12/site-packages/airflow/example_dags/example_xcom.py
[2026-06-01T19:20:24.631+0000] {processor.py:840} INFO - DAG(s) 'example_xcom' retrieved from /home/airflow/.local/lib/python3.12/site-packages/airflow/example_dags/example_xcom.py
[2026-06-01T19:20:24.648+0000] {logging_mixin.py:188} INFO - [2026-06-01T19:20:24.648+0000] {dag.py:3096} INFO - Sync 1 DAGs
[2026-06-01T19:20:24.665+0000] {logging_mixin.py:188} INFO - [2026-06-01T19:20:24.665+0000] {dag.py:3954} INFO - Setting next_dagrun for example_xcom to 2021-01-01 00:00:00+00:00, run_after=2021-01-01 00:00:00+00:00
[2026-06-01T19:20:24.681+0000] {processor.py:183} INFO - Processing /home/airflow/.local/lib/python3.12/site-packages/airflow/example_dags/example_xcom.py took 0.064 seconds
[2026-06-01T19:20:55.400+0000] {processor.py:161} INFO - Started process (PID=8731) to work on /home/airflow/.local/lib/python3.12/site-packages/airflow/example_dags/example_xcom.py
[2026-06-01T19:20:55.401+0000] {processor.py:830} INFO - Processing file /home/airflow/.local/lib/python3.12/site-packages/airflow/example_dags/example_xcom.py for tasks to queue
[2026-06-01T19:20:55.403+0000] {logging_mixin.py:188} INFO - [2026-06-01T19:20:55.403+0000] {dagbag.py:540} INFO - Filling up the DagBag from /home/airflow/.local/lib/python3.12/site-packages/airflow/example_dags/example_xcom.py
[2026-06-01T19:20:55.410+0000] {processor.py:840} INFO - DAG(s) 'example_xcom' retrieved from /home/airflow/.local/lib/python3.12/site-packages/airflow/example_dags/example_xcom.py
[2026-06-01T19:20:55.427+0000] {logging_mixin.py:188} INFO - [2026-06-01T19:20:55.427+0000] {dag.py:3096} INFO - Sync 1 DAGs
[2026-06-01T19:20:55.444+0000] {logging_mixin.py:188} INFO - [2026-06-01T19:20:55.444+0000] {dag.py:3954} INFO - Setting next_dagrun for example_xcom to 2021-01-01 00:00:00+00:00, run_after=2021-01-01 00:00:00+00:00
[2026-06-01T19:20:55.459+0000] {processor.py:183} INFO - Processing /home/airflow/.local/lib/python3.12/site-packages/airflow/example_dags/example_xcom.py took 0.063 seconds
[2026-06-01T19:21:25.600+0000] {processor.py:161} INFO - Started process (PID=8790) to work on /home/airflow/.local/lib/python3.12/site-packages/airflow/example_dags/example_xcom.py
[2026-06-01T19:21:25.601+0000] {processor.py:830} INFO - Processing file /home/airflow/.local/lib/python3.12/site-packages/airflow/example_dags/example_xcom.py for tasks to queue
[2026-06-01T19:21:25.603+0000] {logging_mixin.py:188} INFO - [2026-06-01T19:21:25.603+0000] {dagbag.py:540} INFO - Filling up the DagBag from /home/airflow/.local/lib/python3.12/site-packages/airflow/example_dags/example_xcom.py
[2026-06-01T19:21:25.610+0000] {processor.py:840} INFO - DAG(s) 'example_xcom' retrieved from /home/airflow/.local/lib/python3.12/site-packages/airflow/example_dags/example_xcom.py
[2026-06-01T19:21:25.629+0000] {logging_mixin.py:188} INFO - [2026-06-01T19:21:25.629+0000] {dag.py:3096} INFO - Sync 1 DAGs
[2026-06-01T19:21:25.649+0000] {logging_mixin.py:188} INFO - [2026-06-01T19:21:25.649+0000] {dag.py:3954} INFO - Setting next_dagrun for example_xcom to 2021-01-01 00:00:00+00:00, run_after=2021-01-01 00:00:00+00:00
[2026-06-01T19:21:25.668+0000] {processor.py:183} INFO - Processing /home/airflow/.local/lib/python3.12/site-packages/airflow/example_dags/example_xcom.py took 0.075 seconds
[2026-06-01T19:21:55.861+0000] {processor.py:161} INFO - Started process (PID=8849) to work on /home/airflow/.local/lib/python3.12/site-packages/airflow/example_dags/example_xcom.py
[2026-06-01T19:21:55.862+0000] {processor.py:830} INFO - Processing file /home/airflow/.local/lib/python3.12/site-packages/airflow/example_dags/example_xcom.py for tasks to queue
[2026-06-01T19:21:55.865+0000] {logging_mixin.py:188} INFO - [2026-06-01T19:21:55.864+0000] {dagbag.py:540} INFO - Filling up the DagBag from /home/airflow/.local/lib/python3.12/site-packages/airflow/example_dags/example_xcom.py
[2026-06-01T19:21:55.872+0000] {processor.py:840} INFO - DAG(s) 'example_xcom' retrieved from /home/airflow/.local/lib/python3.12/site-packages/airflow/example_dags/example_xcom.py
[2026-06-01T19:21:55.893+0000] {logging_mixin.py:188} INFO - [2026-06-01T19:21:55.893+0000] {dag.py:3096} INFO - Sync 1 DAGs
[2026-06-01T19:21:55.915+0000] {logging_mixin.py:188} INFO - [2026-06-01T19:21:55.915+0000] {dag.py:3954} INFO - Setting next_dagrun for example_xcom to 2021-01-01 00:00:00+00:00, run_after=2021-01-01 00:00:00+00:00
[2026-06-01T19:21:55.935+0000] {processor.py:183} INFO - Processing /home/airflow/.local/lib/python3.12/site-packages/airflow/example_dags/example_xcom.py took 0.080 seconds
[2026-06-01T19:22:26.226+0000] {processor.py:161} INFO - Started process (PID=8908) to work on /home/airflow/.local/lib/python3.12/site-packages/airflow/example_dags/example_xcom.py
[2026-06-01T19:22:26.227+0000] {processor.py:830} INFO - Processing file /home/airflow/.local/lib/python3.12/site-packages/airflow/example_dags/example_xcom.py for tasks to queue
[2026-06-01T19:22:26.229+0000] {logging_mixin.py:188} INFO - [2026-06-01T19:22:26.229+0000] {dagbag.py:540} INFO - Filling up the DagBag from /home/airflow/.local/lib/python3.12/site-packages/airflow/example_dags/example_xcom.py
[2026-06-01T19:22:26.237+0000] {processor.py:840} INFO - DAG(s) 'example_xcom' retrieved from /home/airflow/.local/lib/python3.12/site-packages/airflow/example_dags/example_xcom.py
[2026-06-01T19:22:26.255+0000] {logging_mixin.py:188} INFO - [2026-06-01T19:22:26.254+0000] {dag.py:3096} INFO - Sync 1 DAGs
[2026-06-01T19:22:26.273+0000] {logging_mixin.py:188} INFO - [2026-06-01T19:22:26.273+0000] {dag.py:3954} INFO - Setting next_dagrun for example_xcom to 2021-01-01 00:00:00+00:00, run_after=2021-01-01 00:00:00+00:00
[2026-06-01T19:22:26.292+0000] {processor.py:183} INFO - Processing /home/airflow/.local/lib/python3.12/site-packages/airflow/example_dags/example_xcom.py took 0.072 seconds
[2026-06-01T19:22:56.446+0000] {processor.py:161} INFO - Started process (PID=8967) to work on /home/airflow/.local/lib/python3.12/site-packages/airflow/example_dags/example_xcom.py
[2026-06-01T19:22:56.447+0000] {processor.py:830} INFO - Processing file /home/airflow/.local/lib/python3.12/site-packages/airflow/example_dags/example_xcom.py for tasks to queue
[2026-06-01T19:22:56.449+0000] {logging_mixin.py:188} INFO - [2026-06-01T19:22:56.449+0000] {dagbag.py:540} INFO - Filling up the DagBag from /home/airflow/.local/lib/python3.12/site-packages/airflow/example_dags/example_xcom.py
[2026-06-01T19:22:56.457+0000] {processor.py:840} INFO - DAG(s) 'example_xcom' retrieved from /home/airflow/.local/lib/python3.12/site-packages/airflow/example_dags/example_xcom.py
[2026-06-01T19:22:56.481+0000] {logging_mixin.py:188} INFO - [2026-06-01T19:22:56.480+0000] {dag.py:3096} INFO - Sync 1 DAGs
[2026-06-01T19:22:56.501+0000] {logging_mixin.py:188} INFO - [2026-06-01T19:22:56.501+0000] {dag.py:3954} INFO - Setting next_dagrun for example_xcom to 2021-01-01 00:00:00+00:00, run_after=2021-01-01 00:00:00+00:00
[2026-06-01T19:22:56.517+0000] {processor.py:183} INFO - Processing /home/airflow/.local/lib/python3.12/site-packages/airflow/example_dags/example_xcom.py took 0.077 seconds
[2026-06-01T19:23:26.621+0000] {processor.py:161} INFO - Started process (PID=9026) to work on /home/airflow/.local/lib/python3.12/site-packages/airflow/example_dags/example_xcom.py
[2026-06-01T19:23:26.622+0000] {processor.py:830} INFO - Processing file /home/airflow/.local/lib/python3.12/site-packages/airflow/example_dags/example_xcom.py for tasks to queue
[2026-06-01T19:23:26.624+0000] {logging_mixin.py:188} INFO - [2026-06-01T19:23:26.623+0000] {dagbag.py:540} INFO - Filling up the DagBag from /home/airflow/.local/lib/python3.12/site-packages/airflow/example_dags/example_xcom.py
[2026-06-01T19:23:26.631+0000] {processor.py:840} INFO - DAG(s) 'example_xcom' retrieved from /home/airflow/.local/lib/python3.12/site-packages/airflow/example_dags/example_xcom.py
[2026-06-01T19:23:26.648+0000] {logging_mixin.py:188} INFO - [2026-06-01T19:23:26.648+0000] {dag.py:3096} INFO - Sync 1 DAGs
[2026-06-01T19:23:26.665+0000] {logging_mixin.py:188} INFO - [2026-06-01T19:23:26.665+0000] {dag.py:3954} INFO - Setting next_dagrun for example_xcom to 2021-01-01 00:00:00+00:00, run_after=2021-01-01 00:00:00+00:00
[2026-06-01T19:23:26.687+0000] {processor.py:183} INFO - Processing /home/airflow/.local/lib/python3.12/site-packages/airflow/example_dags/example_xcom.py took 0.071 seconds
[2026-06-01T19:23:56.904+0000] {processor.py:161} INFO - Started process (PID=9085) to work on /home/airflow/.local/lib/python3.12/site-packages/airflow/example_dags/example_xcom.py
[2026-06-01T19:23:56.905+0000] {processor.py:830} INFO - Processing file /home/airflow/.local/lib/python3.12/site-packages/airflow/example_dags/example_xcom.py for tasks to queue
[2026-06-01T19:23:56.907+0000] {logging_mixin.py:188} INFO - [2026-06-01T19:23:56.907+0000] {dagbag.py:540} INFO - Filling up the DagBag from /home/airflow/.local/lib/python3.12/site-packages/airflow/example_dags/example_xcom.py
[2026-06-01T19:23:56.913+0000] {processor.py:840} INFO - DAG(s) 'example_xcom' retrieved from /home/airflow/.local/lib/python3.12/site-packages/airflow/example_dags/example_xcom.py
[2026-06-01T19:23:56.932+0000] {logging_mixin.py:188} INFO - [2026-06-01T19:23:56.932+0000] {dag.py:3096} INFO - Sync 1 DAGs
[2026-06-01T19:23:56.950+0000] {logging_mixin.py:188} INFO - [2026-06-01T19:23:56.950+0000] {dag.py:3954} INFO - Setting next_dagrun for example_xcom to 2021-01-01 00:00:00+00:00, run_after=2021-01-01 00:00:00+00:00
[2026-06-01T19:23:56.977+0000] {processor.py:183} INFO - Processing /home/airflow/.local/lib/python3.12/site-packages/airflow/example_dags/example_xcom.py took 0.078 seconds
[2026-06-01T19:24:27.100+0000] {processor.py:161} INFO - Started process (PID=9144) to work on /home/airflow/.local/lib/python3.12/site-packages/airflow/example_dags/example_xcom.py
[2026-06-01T19:24:27.101+0000] {processor.py:830} INFO - Processing file /home/airflow/.local/lib/python3.12/site-packages/airflow/example_dags/example_xcom.py for tasks to queue
[2026-06-01T19:24:27.103+0000] {logging_mixin.py:188} INFO - [2026-06-01T19:24:27.103+0000] {dagbag.py:540} INFO - Filling up the DagBag from /home/airflow/.local/lib/python3.12/site-packages/airflow/example_dags/example_xcom.py
[2026-06-01T19:24:27.110+0000] {processor.py:840} INFO - DAG(s) 'example_xcom' retrieved from /home/airflow/.local/lib/python3.12/site-packages/airflow/example_dags/example_xcom.py
[2026-06-01T19:24:27.127+0000] {logging_mixin.py:188} INFO - [2026-06-01T19:24:27.127+0000] {dag.py:3096} INFO - Sync 1 DAGs
[2026-06-01T19:24:27.147+0000] {logging_mixin.py:188} INFO - [2026-06-01T19:24:27.146+0000] {dag.py:3954} INFO - Setting next_dagrun for example_xcom to 2021-01-01 00:00:00+00:00, run_after=2021-01-01 00:00:00+00:00
[2026-06-01T19:24:27.166+0000] {processor.py:183} INFO - Processing /home/airflow/.local/lib/python3.12/site-packages/airflow/example_dags/example_xcom.py took 0.070 seconds
[2026-06-01T19:24:57.304+0000] {processor.py:161} INFO - Started process (PID=9203) to work on /home/airflow/.local/lib/python3.12/site-packages/airflow/example_dags/example_xcom.py
[2026-06-01T19:24:57.305+0000] {processor.py:830} INFO - Processing file /home/airflow/.local/lib/python3.12/site-packages/airflow/example_dags/example_xcom.py for tasks to queue
[2026-06-01T19:24:57.307+0000] {logging_mixin.py:188} INFO - [2026-06-01T19:24:57.306+0000] {dagbag.py:540} INFO - Filling up the DagBag from /home/airflow/.local/lib/python3.12/site-packages/airflow/example_dags/example_xcom.py
[2026-06-01T19:24:57.314+0000] {processor.py:840} INFO - DAG(s) 'example_xcom' retrieved from /home/airflow/.local/lib/python3.12/site-packages/airflow/example_dags/example_xcom.py
[2026-06-01T19:24:57.331+0000] {logging_mixin.py:188} INFO - [2026-06-01T19:24:57.331+0000] {dag.py:3096} INFO - Sync 1 DAGs
[2026-06-01T19:24:57.348+0000] {logging_mixin.py:188} INFO - [2026-06-01T19:24:57.348+0000] {dag.py:3954} INFO - Setting next_dagrun for example_xcom to 2021-01-01 00:00:00+00:00, run_after=2021-01-01 00:00:00+00:00
[2026-06-01T19:24:57.365+0000] {processor.py:183} INFO - Processing /home/airflow/.local/lib/python3.12/site-packages/airflow/example_dags/example_xcom.py took 0.066 seconds
[2026-06-01T19:25:27.774+0000] {processor.py:161} INFO - Started process (PID=9262) to work on /home/airflow/.local/lib/python3.12/site-packages/airflow/example_dags/example_xcom.py
[2026-06-01T19:25:27.775+0000] {processor.py:830} INFO - Processing file /home/airflow/.local/lib/python3.12/site-packages/airflow/example_dags/example_xcom.py for tasks to queue
[2026-06-01T19:25:27.777+0000] {logging_mixin.py:188} INFO - [2026-06-01T19:25:27.777+0000] {dagbag.py:540} INFO - Filling up the DagBag from /home/airflow/.local/lib/python3.12/site-packages/airflow/example_dags/example_xcom.py
[2026-06-01T19:25:27.786+0000] {processor.py:840} INFO - DAG(s) 'example_xcom' retrieved from /home/airflow/.local/lib/python3.12/site-packages/airflow/example_dags/example_xcom.py
[2026-06-01T19:25:27.803+0000] {logging_mixin.py:188} INFO - [2026-06-01T19:25:27.803+0000] {dag.py:3096} INFO - Sync 1 DAGs
[2026-06-01T19:25:27.821+0000] {logging_mixin.py:188} INFO - [2026-06-01T19:25:27.820+0000] {dag.py:3954} INFO - Setting next_dagrun for example_xcom to 2021-01-01 00:00:00+00:00, run_after=2021-01-01 00:00:00+00:00
[2026-06-01T19:25:27.837+0000] {processor.py:183} INFO - Processing /home/airflow/.local/lib/python3.12/site-packages/airflow/example_dags/example_xcom.py took 0.070 seconds
[2026-06-01T19:25:57.937+0000] {processor.py:161} INFO - Started process (PID=9321) to work on /home/airflow/.local/lib/python3.12/site-packages/airflow/example_dags/example_xcom.py
[2026-06-01T19:25:57.938+0000] {processor.py:830} INFO - Processing file /home/airflow/.local/lib/python3.12/site-packages/airflow/example_dags/example_xcom.py for tasks to queue
[2026-06-01T19:25:57.940+0000] {logging_mixin.py:188} INFO - [2026-06-01T19:25:57.939+0000] {dagbag.py:540} INFO - Filling up the DagBag from /home/airflow/.local/lib/python3.12/site-packages/airflow/example_dags/example_xcom.py
[2026-06-01T19:25:57.947+0000] {processor.py:840} INFO - DAG(s) 'example_xcom' retrieved from /home/airflow/.local/lib/python3.12/site-packages/airflow/example_dags/example_xcom.py
[2026-06-01T19:25:57.965+0000] {logging_mixin.py:188} INFO - [2026-06-01T19:25:57.965+0000] {dag.py:3096} INFO - Sync 1 DAGs
[2026-06-01T19:25:57.983+0000] {logging_mixin.py:188} INFO - [2026-06-01T19:25:57.983+0000] {dag.py:3954} INFO - Setting next_dagrun for example_xcom to 2021-01-01 00:00:00+00:00, run_after=2021-01-01 00:00:00+00:00
[2026-06-01T19:25:58.000+0000] {processor.py:183} INFO - Processing /home/airflow/.local/lib/python3.12/site-packages/airflow/example_dags/example_xcom.py took 0.068 seconds
[2026-06-01T19:26:28.456+0000] {processor.py:161} INFO - Started process (PID=9380) to work on /home/airflow/.local/lib/python3.12/site-packages/airflow/example_dags/example_xcom.py
[2026-06-01T19:26:28.457+0000] {processor.py:830} INFO - Processing file /home/airflow/.local/lib/python3.12/site-packages/airflow/example_dags/example_xcom.py for tasks to queue
[2026-06-01T19:26:28.459+0000] {logging_mixin.py:188} INFO - [2026-06-01T19:26:28.459+0000] {dagbag.py:540} INFO - Filling up the DagBag from /home/airflow/.local/lib/python3.12/site-packages/airflow/example_dags/example_xcom.py
[2026-06-01T19:26:28.466+0000] {processor.py:840} INFO - DAG(s) 'example_xcom' retrieved from /home/airflow/.local/lib/python3.12/site-packages/airflow/example_dags/example_xcom.py
[2026-06-01T19:26:28.484+0000] {logging_mixin.py:188} INFO - [2026-06-01T19:26:28.484+0000] {dag.py:3096} INFO - Sync 1 DAGs
[2026-06-01T19:26:28.501+0000] {logging_mixin.py:188} INFO - [2026-06-01T19:26:28.501+0000] {dag.py:3954} INFO - Setting next_dagrun for example_xcom to 2021-01-01 00:00:00+00:00, run_after=2021-01-01 00:00:00+00:00
[2026-06-01T19:26:28.518+0000] {processor.py:183} INFO - Processing /home/airflow/.local/lib/python3.12/site-packages/airflow/example_dags/example_xcom.py took 0.066 seconds
[2026-06-01T19:26:59.188+0000] {processor.py:161} INFO - Started process (PID=9439) to work on /home/airflow/.local/lib/python3.12/site-packages/airflow/example_dags/example_xcom.py
[2026-06-01T19:26:59.189+0000] {processor.py:830} INFO - Processing file /home/airflow/.local/lib/python3.12/site-packages/airflow/example_dags/example_xcom.py for tasks to queue
[2026-06-01T19:26:59.191+0000] {logging_mixin.py:188} INFO - [2026-06-01T19:26:59.191+0000] {dagbag.py:540} INFO - Filling up the DagBag from /home/airflow/.local/lib/python3.12/site-packages/airflow/example_dags/example_xcom.py
[2026-06-01T19:26:59.198+0000] {processor.py:840} INFO - DAG(s) 'example_xcom' retrieved from /home/airflow/.local/lib/python3.12/site-packages/airflow/example_dags/example_xcom.py
[2026-06-01T19:26:59.216+0000] {logging_mixin.py:188} INFO - [2026-06-01T19:26:59.216+0000] {dag.py:3096} INFO - Sync 1 DAGs
[2026-06-01T19:26:59.235+0000] {logging_mixin.py:188} INFO - [2026-06-01T19:26:59.235+0000] {dag.py:3954} INFO - Setting next_dagrun for example_xcom to 2021-01-01 00:00:00+00:00, run_after=2021-01-01 00:00:00+00:00
[2026-06-01T19:26:59.251+0000] {processor.py:183} INFO - Processing /home/airflow/.local/lib/python3.12/site-packages/airflow/example_dags/example_xcom.py took 0.069 seconds
[2026-06-01T19:27:29.354+0000] {processor.py:161} INFO - Started process (PID=9498) to work on /home/airflow/.local/lib/python3.12/site-packages/airflow/example_dags/example_xcom.py
[2026-06-01T19:27:29.355+0000] {processor.py:830} INFO - Processing file /home/airflow/.local/lib/python3.12/site-packages/airflow/example_dags/example_xcom.py for tasks to queue
[2026-06-01T19:27:29.357+0000] {logging_mixin.py:188} INFO - [2026-06-01T19:27:29.357+0000] {dagbag.py:540} INFO - Filling up the DagBag from /home/airflow/.local/lib/python3.12/site-packages/airflow/example_dags/example_xcom.py
[2026-06-01T19:27:29.364+0000] {processor.py:840} INFO - DAG(s) 'example_xcom' retrieved from /home/airflow/.local/lib/python3.12/site-packages/airflow/example_dags/example_xcom.py
[2026-06-01T19:27:29.383+0000] {logging_mixin.py:188} INFO - [2026-06-01T19:27:29.382+0000] {dag.py:3096} INFO - Sync 1 DAGs
[2026-06-01T19:27:29.402+0000] {logging_mixin.py:188} INFO - [2026-06-01T19:27:29.402+0000] {dag.py:3954} INFO - Setting next_dagrun for example_xcom to 2021-01-01 00:00:00+00:00, run_after=2021-01-01 00:00:00+00:00
[2026-06-01T19:27:29.419+0000] {processor.py:183} INFO - Processing /home/airflow/.local/lib/python3.12/site-packages/airflow/example_dags/example_xcom.py took 0.071 seconds
[2026-06-01T19:27:59.471+0000] {processor.py:161} INFO - Started process (PID=9557) to work on /home/airflow/.local/lib/python3.12/site-packages/airflow/example_dags/example_xcom.py
[2026-06-01T19:27:59.472+0000] {processor.py:830} INFO - Processing file /home/airflow/.local/lib/python3.12/site-packages/airflow/example_dags/example_xcom.py for tasks to queue
[2026-06-01T19:27:59.474+0000] {logging_mixin.py:188} INFO - [2026-06-01T19:27:59.473+0000] {dagbag.py:540} INFO - Filling up the DagBag from /home/airflow/.local/lib/python3.12/site-packages/airflow/example_dags/example_xcom.py
[2026-06-01T19:27:59.480+0000] {processor.py:840} INFO - DAG(s) 'example_xcom' retrieved from /home/airflow/.local/lib/python3.12/site-packages/airflow/example_dags/example_xcom.py
[2026-06-01T19:27:59.497+0000] {logging_mixin.py:188} INFO - [2026-06-01T19:27:59.497+0000] {dag.py:3096} INFO - Sync 1 DAGs
[2026-06-01T19:27:59.516+0000] {logging_mixin.py:188} INFO - [2026-06-01T19:27:59.516+0000] {dag.py:3954} INFO - Setting next_dagrun for example_xcom to 2021-01-01 00:00:00+00:00, run_after=2021-01-01 00:00:00+00:00
[2026-06-01T19:27:59.665+0000] {processor.py:183} INFO - Processing /home/airflow/.local/lib/python3.12/site-packages/airflow/example_dags/example_xcom.py took 0.200 seconds
[2026-06-01T19:28:30.075+0000] {processor.py:161} INFO - Started process (PID=9616) to work on /home/airflow/.local/lib/python3.12/site-packages/airflow/example_dags/example_xcom.py
[2026-06-01T19:28:30.076+0000] {processor.py:830} INFO - Processing file /home/airflow/.local/lib/python3.12/site-packages/airflow/example_dags/example_xcom.py for tasks to queue
[2026-06-01T19:28:30.078+0000] {logging_mixin.py:188} INFO - [2026-06-01T19:28:30.078+0000] {dagbag.py:540} INFO - Filling up the DagBag from /home/airflow/.local/lib/python3.12/site-packages/airflow/example_dags/example_xcom.py
[2026-06-01T19:28:30.086+0000] {processor.py:840} INFO - DAG(s) 'example_xcom' retrieved from /home/airflow/.local/lib/python3.12/site-packages/airflow/example_dags/example_xcom.py
[2026-06-01T19:28:30.105+0000] {logging_mixin.py:188} INFO - [2026-06-01T19:28:30.104+0000] {dag.py:3096} INFO - Sync 1 DAGs
[2026-06-01T19:28:30.122+0000] {logging_mixin.py:188} INFO - [2026-06-01T19:28:30.122+0000] {dag.py:3954} INFO - Setting next_dagrun for example_xcom to 2021-01-01 00:00:00+00:00, run_after=2021-01-01 00:00:00+00:00
[2026-06-01T19:28:30.139+0000] {processor.py:183} INFO - Processing /home/airflow/.local/lib/python3.12/site-packages/airflow/example_dags/example_xcom.py took 0.068 seconds
[2026-06-01T19:29:00.499+0000] {processor.py:161} INFO - Started process (PID=9675) to work on /home/airflow/.local/lib/python3.12/site-packages/airflow/example_dags/example_xcom.py
[2026-06-01T19:29:00.500+0000] {processor.py:830} INFO - Processing file /home/airflow/.local/lib/python3.12/site-packages/airflow/example_dags/example_xcom.py for tasks to queue
[2026-06-01T19:29:00.502+0000] {logging_mixin.py:188} INFO - [2026-06-01T19:29:00.502+0000] {dagbag.py:540} INFO - Filling up the DagBag from /home/airflow/.local/lib/python3.12/site-packages/airflow/example_dags/example_xcom.py
[2026-06-01T19:29:00.508+0000] {processor.py:840} INFO - DAG(s) 'example_xcom' retrieved from /home/airflow/.local/lib/python3.12/site-packages/airflow/example_dags/example_xcom.py
[2026-06-01T19:29:00.525+0000] {logging_mixin.py:188} INFO - [2026-06-01T19:29:00.525+0000] {dag.py:3096} INFO - Sync 1 DAGs
[2026-06-01T19:29:00.542+0000] {logging_mixin.py:188} INFO - [2026-06-01T19:29:00.542+0000] {dag.py:3954} INFO - Setting next_dagrun for example_xcom to 2021-01-01 00:00:00+00:00, run_after=2021-01-01 00:00:00+00:00
[2026-06-01T19:29:00.558+0000] {processor.py:183} INFO - Processing /home/airflow/.local/lib/python3.12/site-packages/airflow/example_dags/example_xcom.py took 0.064 seconds
[2026-06-01T19:29:30.795+0000] {processor.py:161} INFO - Started process (PID=9734) to work on /home/airflow/.local/lib/python3.12/site-packages/airflow/example_dags/example_xcom.py
[2026-06-01T19:29:30.796+0000] {processor.py:830} INFO - Processing file /home/airflow/.local/lib/python3.12/site-packages/airflow/example_dags/example_xcom.py for tasks to queue
[2026-06-01T19:29:30.798+0000] {logging_mixin.py:188} INFO - [2026-06-01T19:29:30.797+0000] {dagbag.py:540} INFO - Filling up the DagBag from /home/airflow/.local/lib/python3.12/site-packages/airflow/example_dags/example_xcom.py
[2026-06-01T19:29:30.804+0000] {processor.py:840} INFO - DAG(s) 'example_xcom' retrieved from /home/airflow/.local/lib/python3.12/site-packages/airflow/example_dags/example_xcom.py
[2026-06-01T19:29:30.824+0000] {logging_mixin.py:188} INFO - [2026-06-01T19:29:30.824+0000] {dag.py:3096} INFO - Sync 1 DAGs
[2026-06-01T19:29:30.842+0000] {logging_mixin.py:188} INFO - [2026-06-01T19:29:30.841+0000] {dag.py:3954} INFO - Setting next_dagrun for example_xcom to 2021-01-01 00:00:00+00:00, run_after=2021-01-01 00:00:00+00:00
[2026-06-01T19:29:30.859+0000] {processor.py:183} INFO - Processing /home/airflow/.local/lib/python3.12/site-packages/airflow/example_dags/example_xcom.py took 0.069 seconds
[2026-06-01T19:30:01.186+0000] {processor.py:161} INFO - Started process (PID=9793) to work on /home/airflow/.local/lib/python3.12/site-packages/airflow/example_dags/example_xcom.py
[2026-06-01T19:30:01.188+0000] {processor.py:830} INFO - Processing file /home/airflow/.local/lib/python3.12/site-packages/airflow/example_dags/example_xcom.py for tasks to queue
[2026-06-01T19:30:01.189+0000] {logging_mixin.py:188} INFO - [2026-06-01T19:30:01.189+0000] {dagbag.py:540} INFO - Filling up the DagBag from /home/airflow/.local/lib/python3.12/site-packages/airflow/example_dags/example_xcom.py
[2026-06-01T19:30:01.197+0000] {processor.py:840} INFO - DAG(s) 'example_xcom' retrieved from /home/airflow/.local/lib/python3.12/site-packages/airflow/example_dags/example_xcom.py
[2026-06-01T19:30:01.214+0000] {logging_mixin.py:188} INFO - [2026-06-01T19:30:01.214+0000] {dag.py:3096} INFO - Sync 1 DAGs
[2026-06-01T19:30:01.232+0000] {logging_mixin.py:188} INFO - [2026-06-01T19:30:01.232+0000] {dag.py:3954} INFO - Setting next_dagrun for example_xcom to 2021-01-01 00:00:00+00:00, run_after=2021-01-01 00:00:00+00:00
[2026-06-01T19:30:01.249+0000] {processor.py:183} INFO - Processing /home/airflow/.local/lib/python3.12/site-packages/airflow/example_dags/example_xcom.py took 0.068 seconds
[2026-06-01T19:30:32.151+0000] {processor.py:161} INFO - Started process (PID=9852) to work on /home/airflow/.local/lib/python3.12/site-packages/airflow/example_dags/example_xcom.py
[2026-06-01T19:30:32.153+0000] {processor.py:830} INFO - Processing file /home/airflow/.local/lib/python3.12/site-packages/airflow/example_dags/example_xcom.py for tasks to queue
[2026-06-01T19:30:32.155+0000] {logging_mixin.py:188} INFO - [2026-06-01T19:30:32.154+0000] {dagbag.py:540} INFO - Filling up the DagBag from /home/airflow/.local/lib/python3.12/site-packages/airflow/example_dags/example_xcom.py
[2026-06-01T19:30:32.291+0000] {processor.py:840} INFO - DAG(s) 'example_xcom' retrieved from /home/airflow/.local/lib/python3.12/site-packages/airflow/example_dags/example_xcom.py
[2026-06-01T19:30:32.310+0000] {logging_mixin.py:188} INFO - [2026-06-01T19:30:32.310+0000] {dag.py:3096} INFO - Sync 1 DAGs
[2026-06-01T19:30:32.327+0000] {logging_mixin.py:188} INFO - [2026-06-01T19:30:32.327+0000] {dag.py:3954} INFO - Setting next_dagrun for example_xcom to 2021-01-01 00:00:00+00:00, run_after=2021-01-01 00:00:00+00:00
[2026-06-01T19:30:32.342+0000] {processor.py:183} INFO - Processing /home/airflow/.local/lib/python3.12/site-packages/airflow/example_dags/example_xcom.py took 0.197 seconds
[2026-06-01T19:31:03.011+0000] {processor.py:161} INFO - Started process (PID=9911) to work on /home/airflow/.local/lib/python3.12/site-packages/airflow/example_dags/example_xcom.py
[2026-06-01T19:31:03.013+0000] {processor.py:830} INFO - Processing file /home/airflow/.local/lib/python3.12/site-packages/airflow/example_dags/example_xcom.py for tasks to queue
[2026-06-01T19:31:03.015+0000] {logging_mixin.py:188} INFO - [2026-06-01T19:31:03.014+0000] {dagbag.py:540} INFO - Filling up the DagBag from /home/airflow/.local/lib/python3.12/site-packages/airflow/example_dags/example_xcom.py
[2026-06-01T19:31:03.022+0000] {processor.py:840} INFO - DAG(s) 'example_xcom' retrieved from /home/airflow/.local/lib/python3.12/site-packages/airflow/example_dags/example_xcom.py
[2026-06-01T19:31:03.041+0000] {logging_mixin.py:188} INFO - [2026-06-01T19:31:03.040+0000] {dag.py:3096} INFO - Sync 1 DAGs
[2026-06-01T19:31:03.059+0000] {logging_mixin.py:188} INFO - [2026-06-01T19:31:03.059+0000] {dag.py:3954} INFO - Setting next_dagrun for example_xcom to 2021-01-01 00:00:00+00:00, run_after=2021-01-01 00:00:00+00:00
[2026-06-01T19:31:03.075+0000] {processor.py:183} INFO - Processing /home/airflow/.local/lib/python3.12/site-packages/airflow/example_dags/example_xcom.py took 0.069 seconds
[2026-06-01T19:31:33.204+0000] {processor.py:161} INFO - Started process (PID=9970) to work on /home/airflow/.local/lib/python3.12/site-packages/airflow/example_dags/example_xcom.py
[2026-06-01T19:31:33.204+0000] {processor.py:830} INFO - Processing file /home/airflow/.local/lib/python3.12/site-packages/airflow/example_dags/example_xcom.py for tasks to queue
[2026-06-01T19:31:33.206+0000] {logging_mixin.py:188} INFO - [2026-06-01T19:31:33.206+0000] {dagbag.py:540} INFO - Filling up the DagBag from /home/airflow/.local/lib/python3.12/site-packages/airflow/example_dags/example_xcom.py
[2026-06-01T19:31:33.213+0000] {processor.py:840} INFO - DAG(s) 'example_xcom' retrieved from /home/airflow/.local/lib/python3.12/site-packages/airflow/example_dags/example_xcom.py
[2026-06-01T19:31:33.232+0000] {logging_mixin.py:188} INFO - [2026-06-01T19:31:33.232+0000] {dag.py:3096} INFO - Sync 1 DAGs
[2026-06-01T19:31:33.254+0000] {logging_mixin.py:188} INFO - [2026-06-01T19:31:33.253+0000] {dag.py:3954} INFO - Setting next_dagrun for example_xcom to 2021-01-01 00:00:00+00:00, run_after=2021-01-01 00:00:00+00:00
[2026-06-01T19:31:33.273+0000] {processor.py:183} INFO - Processing /home/airflow/.local/lib/python3.12/site-packages/airflow/example_dags/example_xcom.py took 0.074 seconds
[2026-06-01T19:32:03.552+0000] {processor.py:161} INFO - Started process (PID=10029) to work on /home/airflow/.local/lib/python3.12/site-packages/airflow/example_dags/example_xcom.py
[2026-06-01T19:32:03.553+0000] {processor.py:830} INFO - Processing file /home/airflow/.local/lib/python3.12/site-packages/airflow/example_dags/example_xcom.py for tasks to queue
[2026-06-01T19:32:03.555+0000] {logging_mixin.py:188} INFO - [2026-06-01T19:32:03.555+0000] {dagbag.py:540} INFO - Filling up the DagBag from /home/airflow/.local/lib/python3.12/site-packages/airflow/example_dags/example_xcom.py
[2026-06-01T19:32:03.562+0000] {processor.py:840} INFO - DAG(s) 'example_xcom' retrieved from /home/airflow/.local/lib/python3.12/site-packages/airflow/example_dags/example_xcom.py
[2026-06-01T19:32:03.579+0000] {logging_mixin.py:188} INFO - [2026-06-01T19:32:03.579+0000] {dag.py:3096} INFO - Sync 1 DAGs
[2026-06-01T19:32:03.596+0000] {logging_mixin.py:188} INFO - [2026-06-01T19:32:03.596+0000] {dag.py:3954} INFO - Setting next_dagrun for example_xcom to 2021-01-01 00:00:00+00:00, run_after=2021-01-01 00:00:00+00:00
[2026-06-01T19:32:03.614+0000] {processor.py:183} INFO - Processing /home/airflow/.local/lib/python3.12/site-packages/airflow/example_dags/example_xcom.py took 0.066 seconds
[2026-06-01T19:32:34.186+0000] {processor.py:161} INFO - Started process (PID=10088) to work on /home/airflow/.local/lib/python3.12/site-packages/airflow/example_dags/example_xcom.py
[2026-06-01T19:32:34.187+0000] {processor.py:830} INFO - Processing file /home/airflow/.local/lib/python3.12/site-packages/airflow/example_dags/example_xcom.py for tasks to queue
[2026-06-01T19:32:34.188+0000] {logging_mixin.py:188} INFO - [2026-06-01T19:32:34.188+0000] {dagbag.py:540} INFO - Filling up the DagBag from /home/airflow/.local/lib/python3.12/site-packages/airflow/example_dags/example_xcom.py
[2026-06-01T19:32:34.195+0000] {processor.py:840} INFO - DAG(s) 'example_xcom' retrieved from /home/airflow/.local/lib/python3.12/site-packages/airflow/example_dags/example_xcom.py
[2026-06-01T19:32:34.212+0000] {logging_mixin.py:188} INFO - [2026-06-01T19:32:34.212+0000] {dag.py:3096} INFO - Sync 1 DAGs
[2026-06-01T19:32:34.229+0000] {logging_mixin.py:188} INFO - [2026-06-01T19:32:34.229+0000] {dag.py:3954} INFO - Setting next_dagrun for example_xcom to 2021-01-01 00:00:00+00:00, run_after=2021-01-01 00:00:00+00:00
[2026-06-01T19:32:34.243+0000] {processor.py:183} INFO - Processing /home/airflow/.local/lib/python3.12/site-packages/airflow/example_dags/example_xcom.py took 0.062 seconds
[2026-06-01T19:33:04.798+0000] {processor.py:161} INFO - Started process (PID=10147) to work on /home/airflow/.local/lib/python3.12/site-packages/airflow/example_dags/example_xcom.py
[2026-06-01T19:33:04.799+0000] {processor.py:830} INFO - Processing file /home/airflow/.local/lib/python3.12/site-packages/airflow/example_dags/example_xcom.py for tasks to queue
[2026-06-01T19:33:04.800+0000] {logging_mixin.py:188} INFO - [2026-06-01T19:33:04.800+0000] {dagbag.py:540} INFO - Filling up the DagBag from /home/airflow/.local/lib/python3.12/site-packages/airflow/example_dags/example_xcom.py
[2026-06-01T19:33:04.807+0000] {processor.py:840} INFO - DAG(s) 'example_xcom' retrieved from /home/airflow/.local/lib/python3.12/site-packages/airflow/example_dags/example_xcom.py
[2026-06-01T19:33:04.824+0000] {logging_mixin.py:188} INFO - [2026-06-01T19:33:04.824+0000] {dag.py:3096} INFO - Sync 1 DAGs
[2026-06-01T19:33:04.843+0000] {logging_mixin.py:188} INFO - [2026-06-01T19:33:04.843+0000] {dag.py:3954} INFO - Setting next_dagrun for example_xcom to 2021-01-01 00:00:00+00:00, run_after=2021-01-01 00:00:00+00:00
[2026-06-01T19:33:04.859+0000] {processor.py:183} INFO - Processing /home/airflow/.local/lib/python3.12/site-packages/airflow/example_dags/example_xcom.py took 0.066 seconds
[2026-06-01T19:33:35.609+0000] {processor.py:161} INFO - Started process (PID=10206) to work on /home/airflow/.local/lib/python3.12/site-packages/airflow/example_dags/example_xcom.py
[2026-06-01T19:33:35.610+0000] {processor.py:830} INFO - Processing file /home/airflow/.local/lib/python3.12/site-packages/airflow/example_dags/example_xcom.py for tasks to queue
[2026-06-01T19:33:35.612+0000] {logging_mixin.py:188} INFO - [2026-06-01T19:33:35.611+0000] {dagbag.py:540} INFO - Filling up the DagBag from /home/airflow/.local/lib/python3.12/site-packages/airflow/example_dags/example_xcom.py
[2026-06-01T19:33:35.620+0000] {processor.py:840} INFO - DAG(s) 'example_xcom' retrieved from /home/airflow/.local/lib/python3.12/site-packages/airflow/example_dags/example_xcom.py
[2026-06-01T19:33:35.638+0000] {logging_mixin.py:188} INFO - [2026-06-01T19:33:35.638+0000] {dag.py:3096} INFO - Sync 1 DAGs
[2026-06-01T19:33:35.657+0000] {logging_mixin.py:188} INFO - [2026-06-01T19:33:35.657+0000] {dag.py:3954} INFO - Setting next_dagrun for example_xcom to 2021-01-01 00:00:00+00:00, run_after=2021-01-01 00:00:00+00:00
[2026-06-01T19:33:35.676+0000] {processor.py:183} INFO - Processing /home/airflow/.local/lib/python3.12/site-packages/airflow/example_dags/example_xcom.py took 0.074 seconds
[2026-06-01T19:34:06.371+0000] {processor.py:161} INFO - Started process (PID=10265) to work on /home/airflow/.local/lib/python3.12/site-packages/airflow/example_dags/example_xcom.py
[2026-06-01T19:34:06.372+0000] {processor.py:830} INFO - Processing file /home/airflow/.local/lib/python3.12/site-packages/airflow/example_dags/example_xcom.py for tasks to queue
[2026-06-01T19:34:06.374+0000] {logging_mixin.py:188} INFO - [2026-06-01T19:34:06.374+0000] {dagbag.py:540} INFO - Filling up the DagBag from /home/airflow/.local/lib/python3.12/site-packages/airflow/example_dags/example_xcom.py
[2026-06-01T19:34:06.381+0000] {processor.py:840} INFO - DAG(s) 'example_xcom' retrieved from /home/airflow/.local/lib/python3.12/site-packages/airflow/example_dags/example_xcom.py
[2026-06-01T19:34:06.398+0000] {logging_mixin.py:188} INFO - [2026-06-01T19:34:06.398+0000] {dag.py:3096} INFO - Sync 1 DAGs
[2026-06-01T19:34:06.418+0000] {logging_mixin.py:188} INFO - [2026-06-01T19:34:06.417+0000] {dag.py:3954} INFO - Setting next_dagrun for example_xcom to 2021-01-01 00:00:00+00:00, run_after=2021-01-01 00:00:00+00:00
[2026-06-01T19:34:06.433+0000] {processor.py:183} INFO - Processing /home/airflow/.local/lib/python3.12/site-packages/airflow/example_dags/example_xcom.py took 0.067 seconds
[2026-06-01T19:34:37.080+0000] {processor.py:161} INFO - Started process (PID=10324) to work on /home/airflow/.local/lib/python3.12/site-packages/airflow/example_dags/example_xcom.py
[2026-06-01T19:34:37.081+0000] {processor.py:830} INFO - Processing file /home/airflow/.local/lib/python3.12/site-packages/airflow/example_dags/example_xcom.py for tasks to queue
[2026-06-01T19:34:37.083+0000] {logging_mixin.py:188} INFO - [2026-06-01T19:34:37.083+0000] {dagbag.py:540} INFO - Filling up the DagBag from /home/airflow/.local/lib/python3.12/site-packages/airflow/example_dags/example_xcom.py
[2026-06-01T19:34:37.089+0000] {processor.py:840} INFO - DAG(s) 'example_xcom' retrieved from /home/airflow/.local/lib/python3.12/site-packages/airflow/example_dags/example_xcom.py
[2026-06-01T19:34:37.105+0000] {logging_mixin.py:188} INFO - [2026-06-01T19:34:37.105+0000] {dag.py:3096} INFO - Sync 1 DAGs
[2026-06-01T19:34:37.122+0000] {logging_mixin.py:188} INFO - [2026-06-01T19:34:37.122+0000] {dag.py:3954} INFO - Setting next_dagrun for example_xcom to 2021-01-01 00:00:00+00:00, run_after=2021-01-01 00:00:00+00:00
[2026-06-01T19:34:37.139+0000] {processor.py:183} INFO - Processing /home/airflow/.local/lib/python3.12/site-packages/airflow/example_dags/example_xcom.py took 0.064 seconds
[2026-06-01T19:35:07.735+0000] {processor.py:161} INFO - Started process (PID=10383) to work on /home/airflow/.local/lib/python3.12/site-packages/airflow/example_dags/example_xcom.py
[2026-06-01T19:35:07.736+0000] {processor.py:830} INFO - Processing file /home/airflow/.local/lib/python3.12/site-packages/airflow/example_dags/example_xcom.py for tasks to queue
[2026-06-01T19:35:07.738+0000] {logging_mixin.py:188} INFO - [2026-06-01T19:35:07.738+0000] {dagbag.py:540} INFO - Filling up the DagBag from /home/airflow/.local/lib/python3.12/site-packages/airflow/example_dags/example_xcom.py
[2026-06-01T19:35:07.745+0000] {processor.py:840} INFO - DAG(s) 'example_xcom' retrieved from /home/airflow/.local/lib/python3.12/site-packages/airflow/example_dags/example_xcom.py
[2026-06-01T19:35:07.763+0000] {logging_mixin.py:188} INFO - [2026-06-01T19:35:07.762+0000] {dag.py:3096} INFO - Sync 1 DAGs
[2026-06-01T19:35:07.782+0000] {logging_mixin.py:188} INFO - [2026-06-01T19:35:07.781+0000] {dag.py:3954} INFO - Setting next_dagrun for example_xcom to 2021-01-01 00:00:00+00:00, run_after=2021-01-01 00:00:00+00:00
[2026-06-01T19:35:07.797+0000] {processor.py:183} INFO - Processing /home/airflow/.local/lib/python3.12/site-packages/airflow/example_dags/example_xcom.py took 0.068 seconds
[2026-06-01T19:35:38.436+0000] {processor.py:161} INFO - Started process (PID=10442) to work on /home/airflow/.local/lib/python3.12/site-packages/airflow/example_dags/example_xcom.py
[2026-06-01T19:35:38.438+0000] {processor.py:830} INFO - Processing file /home/airflow/.local/lib/python3.12/site-packages/airflow/example_dags/example_xcom.py for tasks to queue
[2026-06-01T19:35:38.441+0000] {logging_mixin.py:188} INFO - [2026-06-01T19:35:38.440+0000] {dagbag.py:540} INFO - Filling up the DagBag from /home/airflow/.local/lib/python3.12/site-packages/airflow/example_dags/example_xcom.py
[2026-06-01T19:35:38.448+0000] {processor.py:840} INFO - DAG(s) 'example_xcom' retrieved from /home/airflow/.local/lib/python3.12/site-packages/airflow/example_dags/example_xcom.py
[2026-06-01T19:35:38.465+0000] {logging_mixin.py:188} INFO - [2026-06-01T19:35:38.465+0000] {dag.py:3096} INFO - Sync 1 DAGs
[2026-06-01T19:35:38.484+0000] {logging_mixin.py:188} INFO - [2026-06-01T19:35:38.484+0000] {dag.py:3954} INFO - Setting next_dagrun for example_xcom to 2021-01-01 00:00:00+00:00, run_after=2021-01-01 00:00:00+00:00
[2026-06-01T19:35:38.500+0000] {processor.py:183} INFO - Processing /home/airflow/.local/lib/python3.12/site-packages/airflow/example_dags/example_xcom.py took 0.069 seconds
[2026-06-01T19:36:09.234+0000] {processor.py:161} INFO - Started process (PID=10501) to work on /home/airflow/.local/lib/python3.12/site-packages/airflow/example_dags/example_xcom.py
[2026-06-01T19:36:09.235+0000] {processor.py:830} INFO - Processing file /home/airflow/.local/lib/python3.12/site-packages/airflow/example_dags/example_xcom.py for tasks to queue
[2026-06-01T19:36:09.237+0000] {logging_mixin.py:188} INFO - [2026-06-01T19:36:09.237+0000] {dagbag.py:540} INFO - Filling up the DagBag from /home/airflow/.local/lib/python3.12/site-packages/airflow/example_dags/example_xcom.py
[2026-06-01T19:36:09.244+0000] {processor.py:840} INFO - DAG(s) 'example_xcom' retrieved from /home/airflow/.local/lib/python3.12/site-packages/airflow/example_dags/example_xcom.py
[2026-06-01T19:36:09.263+0000] {logging_mixin.py:188} INFO - [2026-06-01T19:36:09.263+0000] {dag.py:3096} INFO - Sync 1 DAGs
[2026-06-01T19:36:09.281+0000] {logging_mixin.py:188} INFO - [2026-06-01T19:36:09.281+0000] {dag.py:3954} INFO - Setting next_dagrun for example_xcom to 2021-01-01 00:00:00+00:00, run_after=2021-01-01 00:00:00+00:00
[2026-06-01T19:36:09.298+0000] {processor.py:183} INFO - Processing /home/airflow/.local/lib/python3.12/site-packages/airflow/example_dags/example_xcom.py took 0.069 seconds
[2026-06-01T19:36:39.942+0000] {processor.py:161} INFO - Started process (PID=10560) to work on /home/airflow/.local/lib/python3.12/site-packages/airflow/example_dags/example_xcom.py
[2026-06-01T19:36:39.944+0000] {processor.py:830} INFO - Processing file /home/airflow/.local/lib/python3.12/site-packages/airflow/example_dags/example_xcom.py for tasks to queue
[2026-06-01T19:36:39.946+0000] {logging_mixin.py:188} INFO - [2026-06-01T19:36:39.946+0000] {dagbag.py:540} INFO - Filling up the DagBag from /home/airflow/.local/lib/python3.12/site-packages/airflow/example_dags/example_xcom.py
[2026-06-01T19:36:39.953+0000] {processor.py:840} INFO - DAG(s) 'example_xcom' retrieved from /home/airflow/.local/lib/python3.12/site-packages/airflow/example_dags/example_xcom.py
[2026-06-01T19:36:39.973+0000] {logging_mixin.py:188} INFO - [2026-06-01T19:36:39.973+0000] {dag.py:3096} INFO - Sync 1 DAGs
[2026-06-01T19:36:39.992+0000] {logging_mixin.py:188} INFO - [2026-06-01T19:36:39.992+0000] {dag.py:3954} INFO - Setting next_dagrun for example_xcom to 2021-01-01 00:00:00+00:00, run_after=2021-01-01 00:00:00+00:00
[2026-06-01T19:36:40.011+0000] {processor.py:183} INFO - Processing /home/airflow/.local/lib/python3.12/site-packages/airflow/example_dags/example_xcom.py took 0.074 seconds
[2026-06-01T19:37:10.607+0000] {processor.py:161} INFO - Started process (PID=10619) to work on /home/airflow/.local/lib/python3.12/site-packages/airflow/example_dags/example_xcom.py
[2026-06-01T19:37:10.609+0000] {processor.py:830} INFO - Processing file /home/airflow/.local/lib/python3.12/site-packages/airflow/example_dags/example_xcom.py for tasks to queue
[2026-06-01T19:37:10.611+0000] {logging_mixin.py:188} INFO - [2026-06-01T19:37:10.610+0000] {dagbag.py:540} INFO - Filling up the DagBag from /home/airflow/.local/lib/python3.12/site-packages/airflow/example_dags/example_xcom.py
[2026-06-01T19:37:10.618+0000] {processor.py:840} INFO - DAG(s) 'example_xcom' retrieved from /home/airflow/.local/lib/python3.12/site-packages/airflow/example_dags/example_xcom.py
[2026-06-01T19:37:10.636+0000] {logging_mixin.py:188} INFO - [2026-06-01T19:37:10.636+0000] {dag.py:3096} INFO - Sync 1 DAGs
[2026-06-01T19:37:10.653+0000] {logging_mixin.py:188} INFO - [2026-06-01T19:37:10.653+0000] {dag.py:3954} INFO - Setting next_dagrun for example_xcom to 2021-01-01 00:00:00+00:00, run_after=2021-01-01 00:00:00+00:00
[2026-06-01T19:37:10.670+0000] {processor.py:183} INFO - Processing /home/airflow/.local/lib/python3.12/site-packages/airflow/example_dags/example_xcom.py took 0.068 seconds
[2026-06-01T19:37:41.429+0000] {processor.py:161} INFO - Started process (PID=10679) to work on /home/airflow/.local/lib/python3.12/site-packages/airflow/example_dags/example_xcom.py
[2026-06-01T19:37:41.430+0000] {processor.py:830} INFO - Processing file /home/airflow/.local/lib/python3.12/site-packages/airflow/example_dags/example_xcom.py for tasks to queue
[2026-06-01T19:37:41.432+0000] {logging_mixin.py:188} INFO - [2026-06-01T19:37:41.432+0000] {dagbag.py:540} INFO - Filling up the DagBag from /home/airflow/.local/lib/python3.12/site-packages/airflow/example_dags/example_xcom.py
[2026-06-01T19:37:41.441+0000] {processor.py:840} INFO - DAG(s) 'example_xcom' retrieved from /home/airflow/.local/lib/python3.12/site-packages/airflow/example_dags/example_xcom.py
[2026-06-01T19:37:41.460+0000] {logging_mixin.py:188} INFO - [2026-06-01T19:37:41.460+0000] {dag.py:3096} INFO - Sync 1 DAGs
[2026-06-01T19:37:41.479+0000] {logging_mixin.py:188} INFO - [2026-06-01T19:37:41.479+0000] {dag.py:3954} INFO - Setting next_dagrun for example_xcom to 2021-01-01 00:00:00+00:00, run_after=2021-01-01 00:00:00+00:00
[2026-06-01T19:37:41.495+0000] {processor.py:183} INFO - Processing /home/airflow/.local/lib/python3.12/site-packages/airflow/example_dags/example_xcom.py took 0.072 seconds
[2026-06-01T19:38:12.007+0000] {processor.py:161} INFO - Started process (PID=10738) to work on /home/airflow/.local/lib/python3.12/site-packages/airflow/example_dags/example_xcom.py
[2026-06-01T19:38:12.008+0000] {processor.py:830} INFO - Processing file /home/airflow/.local/lib/python3.12/site-packages/airflow/example_dags/example_xcom.py for tasks to queue
[2026-06-01T19:38:12.010+0000] {logging_mixin.py:188} INFO - [2026-06-01T19:38:12.010+0000] {dagbag.py:540} INFO - Filling up the DagBag from /home/airflow/.local/lib/python3.12/site-packages/airflow/example_dags/example_xcom.py
[2026-06-01T19:38:12.017+0000] {processor.py:840} INFO - DAG(s) 'example_xcom' retrieved from /home/airflow/.local/lib/python3.12/site-packages/airflow/example_dags/example_xcom.py
[2026-06-01T19:38:12.035+0000] {logging_mixin.py:188} INFO - [2026-06-01T19:38:12.035+0000] {dag.py:3096} INFO - Sync 1 DAGs
[2026-06-01T19:38:12.053+0000] {logging_mixin.py:188} INFO - [2026-06-01T19:38:12.053+0000] {dag.py:3954} INFO - Setting next_dagrun for example_xcom to 2021-01-01 00:00:00+00:00, run_after=2021-01-01 00:00:00+00:00
[2026-06-01T19:38:12.070+0000] {processor.py:183} INFO - Processing /home/airflow/.local/lib/python3.12/site-packages/airflow/example_dags/example_xcom.py took 0.069 seconds
[2026-06-01T19:38:42.677+0000] {processor.py:161} INFO - Started process (PID=10797) to work on /home/airflow/.local/lib/python3.12/site-packages/airflow/example_dags/example_xcom.py
[2026-06-01T19:38:42.678+0000] {processor.py:830} INFO - Processing file /home/airflow/.local/lib/python3.12/site-packages/airflow/example_dags/example_xcom.py for tasks to queue
[2026-06-01T19:38:42.680+0000] {logging_mixin.py:188} INFO - [2026-06-01T19:38:42.680+0000] {dagbag.py:540} INFO - Filling up the DagBag from /home/airflow/.local/lib/python3.12/site-packages/airflow/example_dags/example_xcom.py
[2026-06-01T19:38:42.687+0000] {processor.py:840} INFO - DAG(s) 'example_xcom' retrieved from /home/airflow/.local/lib/python3.12/site-packages/airflow/example_dags/example_xcom.py
[2026-06-01T19:38:42.706+0000] {logging_mixin.py:188} INFO - [2026-06-01T19:38:42.706+0000] {dag.py:3096} INFO - Sync 1 DAGs
[2026-06-01T19:38:42.724+0000] {logging_mixin.py:188} INFO - [2026-06-01T19:38:42.724+0000] {dag.py:3954} INFO - Setting next_dagrun for example_xcom to 2021-01-01 00:00:00+00:00, run_after=2021-01-01 00:00:00+00:00
[2026-06-01T19:38:42.740+0000] {processor.py:183} INFO - Processing /home/airflow/.local/lib/python3.12/site-packages/airflow/example_dags/example_xcom.py took 0.067 seconds
[2026-06-01T19:39:13.468+0000] {processor.py:161} INFO - Started process (PID=10856) to work on /home/airflow/.local/lib/python3.12/site-packages/airflow/example_dags/example_xcom.py
[2026-06-01T19:39:13.469+0000] {processor.py:830} INFO - Processing file /home/airflow/.local/lib/python3.12/site-packages/airflow/example_dags/example_xcom.py for tasks to queue
[2026-06-01T19:39:13.471+0000] {logging_mixin.py:188} INFO - [2026-06-01T19:39:13.470+0000] {dagbag.py:540} INFO - Filling up the DagBag from /home/airflow/.local/lib/python3.12/site-packages/airflow/example_dags/example_xcom.py
[2026-06-01T19:39:13.478+0000] {processor.py:840} INFO - DAG(s) 'example_xcom' retrieved from /home/airflow/.local/lib/python3.12/site-packages/airflow/example_dags/example_xcom.py
[2026-06-01T19:39:13.496+0000] {logging_mixin.py:188} INFO - [2026-06-01T19:39:13.496+0000] {dag.py:3096} INFO - Sync 1 DAGs
[2026-06-01T19:39:13.517+0000] {logging_mixin.py:188} INFO - [2026-06-01T19:39:13.517+0000] {dag.py:3954} INFO - Setting next_dagrun for example_xcom to 2021-01-01 00:00:00+00:00, run_after=2021-01-01 00:00:00+00:00
[2026-06-01T19:39:13.540+0000] {processor.py:183} INFO - Processing /home/airflow/.local/lib/python3.12/site-packages/airflow/example_dags/example_xcom.py took 0.078 seconds
[2026-06-01T19:39:44.265+0000] {processor.py:161} INFO - Started process (PID=10915) to work on /home/airflow/.local/lib/python3.12/site-packages/airflow/example_dags/example_xcom.py
[2026-06-01T19:39:44.267+0000] {processor.py:830} INFO - Processing file /home/airflow/.local/lib/python3.12/site-packages/airflow/example_dags/example_xcom.py for tasks to queue
[2026-06-01T19:39:44.268+0000] {logging_mixin.py:188} INFO - [2026-06-01T19:39:44.268+0000] {dagbag.py:540} INFO - Filling up the DagBag from /home/airflow/.local/lib/python3.12/site-packages/airflow/example_dags/example_xcom.py
[2026-06-01T19:39:44.275+0000] {processor.py:840} INFO - DAG(s) 'example_xcom' retrieved from /home/airflow/.local/lib/python3.12/site-packages/airflow/example_dags/example_xcom.py
[2026-06-01T19:39:44.294+0000] {logging_mixin.py:188} INFO - [2026-06-01T19:39:44.293+0000] {dag.py:3096} INFO - Sync 1 DAGs
[2026-06-01T19:39:44.312+0000] {logging_mixin.py:188} INFO - [2026-06-01T19:39:44.311+0000] {dag.py:3954} INFO - Setting next_dagrun for example_xcom to 2021-01-01 00:00:00+00:00, run_after=2021-01-01 00:00:00+00:00
[2026-06-01T19:39:44.328+0000] {processor.py:183} INFO - Processing /home/airflow/.local/lib/python3.12/site-packages/airflow/example_dags/example_xcom.py took 0.068 seconds
[2026-06-01T19:40:14.799+0000] {processor.py:161} INFO - Started process (PID=10974) to work on /home/airflow/.local/lib/python3.12/site-packages/airflow/example_dags/example_xcom.py
[2026-06-01T19:40:14.800+0000] {processor.py:830} INFO - Processing file /home/airflow/.local/lib/python3.12/site-packages/airflow/example_dags/example_xcom.py for tasks to queue
[2026-06-01T19:40:14.802+0000] {logging_mixin.py:188} INFO - [2026-06-01T19:40:14.802+0000] {dagbag.py:540} INFO - Filling up the DagBag from /home/airflow/.local/lib/python3.12/site-packages/airflow/example_dags/example_xcom.py
[2026-06-01T19:40:14.809+0000] {processor.py:840} INFO - DAG(s) 'example_xcom' retrieved from /home/airflow/.local/lib/python3.12/site-packages/airflow/example_dags/example_xcom.py
[2026-06-01T19:40:14.828+0000] {logging_mixin.py:188} INFO - [2026-06-01T19:40:14.828+0000] {dag.py:3096} INFO - Sync 1 DAGs
[2026-06-01T19:40:14.846+0000] {logging_mixin.py:188} INFO - [2026-06-01T19:40:14.846+0000] {dag.py:3954} INFO - Setting next_dagrun for example_xcom to 2021-01-01 00:00:00+00:00, run_after=2021-01-01 00:00:00+00:00
[2026-06-01T19:40:14.863+0000] {processor.py:183} INFO - Processing /home/airflow/.local/lib/python3.12/site-packages/airflow/example_dags/example_xcom.py took 0.070 seconds
[2026-06-01T19:40:45.432+0000] {processor.py:161} INFO - Started process (PID=11033) to work on /home/airflow/.local/lib/python3.12/site-packages/airflow/example_dags/example_xcom.py
[2026-06-01T19:40:45.433+0000] {processor.py:830} INFO - Processing file /home/airflow/.local/lib/python3.12/site-packages/airflow/example_dags/example_xcom.py for tasks to queue
[2026-06-01T19:40:45.435+0000] {logging_mixin.py:188} INFO - [2026-06-01T19:40:45.435+0000] {dagbag.py:540} INFO - Filling up the DagBag from /home/airflow/.local/lib/python3.12/site-packages/airflow/example_dags/example_xcom.py
[2026-06-01T19:40:45.442+0000] {processor.py:840} INFO - DAG(s) 'example_xcom' retrieved from /home/airflow/.local/lib/python3.12/site-packages/airflow/example_dags/example_xcom.py
[2026-06-01T19:40:45.462+0000] {logging_mixin.py:188} INFO - [2026-06-01T19:40:45.462+0000] {dag.py:3096} INFO - Sync 1 DAGs
[2026-06-01T19:40:45.483+0000] {logging_mixin.py:188} INFO - [2026-06-01T19:40:45.483+0000] {dag.py:3954} INFO - Setting next_dagrun for example_xcom to 2021-01-01 00:00:00+00:00, run_after=2021-01-01 00:00:00+00:00
[2026-06-01T19:40:45.502+0000] {processor.py:183} INFO - Processing /home/airflow/.local/lib/python3.12/site-packages/airflow/example_dags/example_xcom.py took 0.075 seconds
[2026-06-01T19:41:15.931+0000] {processor.py:161} INFO - Started process (PID=11092) to work on /home/airflow/.local/lib/python3.12/site-packages/airflow/example_dags/example_xcom.py
[2026-06-01T19:41:15.932+0000] {processor.py:830} INFO - Processing file /home/airflow/.local/lib/python3.12/site-packages/airflow/example_dags/example_xcom.py for tasks to queue
[2026-06-01T19:41:15.934+0000] {logging_mixin.py:188} INFO - [2026-06-01T19:41:15.934+0000] {dagbag.py:540} INFO - Filling up the DagBag from /home/airflow/.local/lib/python3.12/site-packages/airflow/example_dags/example_xcom.py
[2026-06-01T19:41:15.942+0000] {processor.py:840} INFO - DAG(s) 'example_xcom' retrieved from /home/airflow/.local/lib/python3.12/site-packages/airflow/example_dags/example_xcom.py
[2026-06-01T19:41:15.961+0000] {logging_mixin.py:188} INFO - [2026-06-01T19:41:15.961+0000] {dag.py:3096} INFO - Sync 1 DAGs
[2026-06-01T19:41:15.980+0000] {logging_mixin.py:188} INFO - [2026-06-01T19:41:15.980+0000] {dag.py:3954} INFO - Setting next_dagrun for example_xcom to 2021-01-01 00:00:00+00:00, run_after=2021-01-01 00:00:00+00:00
[2026-06-01T19:41:15.997+0000] {processor.py:183} INFO - Processing /home/airflow/.local/lib/python3.12/site-packages/airflow/example_dags/example_xcom.py took 0.072 seconds
[2026-06-01T19:41:46.741+0000] {processor.py:161} INFO - Started process (PID=11151) to work on /home/airflow/.local/lib/python3.12/site-packages/airflow/example_dags/example_xcom.py
[2026-06-01T19:41:46.742+0000] {processor.py:830} INFO - Processing file /home/airflow/.local/lib/python3.12/site-packages/airflow/example_dags/example_xcom.py for tasks to queue
[2026-06-01T19:41:46.744+0000] {logging_mixin.py:188} INFO - [2026-06-01T19:41:46.743+0000] {dagbag.py:540} INFO - Filling up the DagBag from /home/airflow/.local/lib/python3.12/site-packages/airflow/example_dags/example_xcom.py
[2026-06-01T19:41:46.752+0000] {processor.py:840} INFO - DAG(s) 'example_xcom' retrieved from /home/airflow/.local/lib/python3.12/site-packages/airflow/example_dags/example_xcom.py
[2026-06-01T19:41:46.771+0000] {logging_mixin.py:188} INFO - [2026-06-01T19:41:46.771+0000] {dag.py:3096} INFO - Sync 1 DAGs
[2026-06-01T19:41:46.791+0000] {logging_mixin.py:188} INFO - [2026-06-01T19:41:46.790+0000] {dag.py:3954} INFO - Setting next_dagrun for example_xcom to 2021-01-01 00:00:00+00:00, run_after=2021-01-01 00:00:00+00:00
[2026-06-01T19:41:46.806+0000] {processor.py:183} INFO - Processing /home/airflow/.local/lib/python3.12/site-packages/airflow/example_dags/example_xcom.py took 0.071 seconds
[2026-06-01T19:42:17.288+0000] {processor.py:161} INFO - Started process (PID=11211) to work on /home/airflow/.local/lib/python3.12/site-packages/airflow/example_dags/example_xcom.py
[2026-06-01T19:42:17.289+0000] {processor.py:830} INFO - Processing file /home/airflow/.local/lib/python3.12/site-packages/airflow/example_dags/example_xcom.py for tasks to queue
[2026-06-01T19:42:17.291+0000] {logging_mixin.py:188} INFO - [2026-06-01T19:42:17.291+0000] {dagbag.py:540} INFO - Filling up the DagBag from /home/airflow/.local/lib/python3.12/site-packages/airflow/example_dags/example_xcom.py
[2026-06-01T19:42:17.297+0000] {processor.py:840} INFO - DAG(s) 'example_xcom' retrieved from /home/airflow/.local/lib/python3.12/site-packages/airflow/example_dags/example_xcom.py
[2026-06-01T19:42:17.314+0000] {logging_mixin.py:188} INFO - [2026-06-01T19:42:17.314+0000] {dag.py:3096} INFO - Sync 1 DAGs
[2026-06-01T19:42:17.332+0000] {logging_mixin.py:188} INFO - [2026-06-01T19:42:17.331+0000] {dag.py:3954} INFO - Setting next_dagrun for example_xcom to 2021-01-01 00:00:00+00:00, run_after=2021-01-01 00:00:00+00:00
[2026-06-01T19:42:17.348+0000] {processor.py:183} INFO - Processing /home/airflow/.local/lib/python3.12/site-packages/airflow/example_dags/example_xcom.py took 0.065 seconds
[2026-06-01T19:42:47.934+0000] {processor.py:161} INFO - Started process (PID=11270) to work on /home/airflow/.local/lib/python3.12/site-packages/airflow/example_dags/example_xcom.py
[2026-06-01T19:42:47.935+0000] {processor.py:830} INFO - Processing file /home/airflow/.local/lib/python3.12/site-packages/airflow/example_dags/example_xcom.py for tasks to queue
[2026-06-01T19:42:47.937+0000] {logging_mixin.py:188} INFO - [2026-06-01T19:42:47.937+0000] {dagbag.py:540} INFO - Filling up the DagBag from /home/airflow/.local/lib/python3.12/site-packages/airflow/example_dags/example_xcom.py
[2026-06-01T19:42:47.945+0000] {processor.py:840} INFO - DAG(s) 'example_xcom' retrieved from /home/airflow/.local/lib/python3.12/site-packages/airflow/example_dags/example_xcom.py
[2026-06-01T19:42:47.963+0000] {logging_mixin.py:188} INFO - [2026-06-01T19:42:47.963+0000] {dag.py:3096} INFO - Sync 1 DAGs
[2026-06-01T19:42:47.983+0000] {logging_mixin.py:188} INFO - [2026-06-01T19:42:47.983+0000] {dag.py:3954} INFO - Setting next_dagrun for example_xcom to 2021-01-01 00:00:00+00:00, run_after=2021-01-01 00:00:00+00:00
[2026-06-01T19:42:48.003+0000] {processor.py:183} INFO - Processing /home/airflow/.local/lib/python3.12/site-packages/airflow/example_dags/example_xcom.py took 0.074 seconds
[2026-06-01T19:43:18.663+0000] {processor.py:161} INFO - Started process (PID=11329) to work on /home/airflow/.local/lib/python3.12/site-packages/airflow/example_dags/example_xcom.py
[2026-06-01T19:43:18.665+0000] {processor.py:830} INFO - Processing file /home/airflow/.local/lib/python3.12/site-packages/airflow/example_dags/example_xcom.py for tasks to queue
[2026-06-01T19:43:18.667+0000] {logging_mixin.py:188} INFO - [2026-06-01T19:43:18.667+0000] {dagbag.py:540} INFO - Filling up the DagBag from /home/airflow/.local/lib/python3.12/site-packages/airflow/example_dags/example_xcom.py
[2026-06-01T19:43:18.676+0000] {processor.py:840} INFO - DAG(s) 'example_xcom' retrieved from /home/airflow/.local/lib/python3.12/site-packages/airflow/example_dags/example_xcom.py
[2026-06-01T19:43:18.700+0000] {logging_mixin.py:188} INFO - [2026-06-01T19:43:18.700+0000] {dag.py:3096} INFO - Sync 1 DAGs
[2026-06-01T19:43:18.729+0000] {logging_mixin.py:188} INFO - [2026-06-01T19:43:18.729+0000] {dag.py:3954} INFO - Setting next_dagrun for example_xcom to 2021-01-01 00:00:00+00:00, run_after=2021-01-01 00:00:00+00:00
[2026-06-01T19:43:18.753+0000] {processor.py:183} INFO - Processing /home/airflow/.local/lib/python3.12/site-packages/airflow/example_dags/example_xcom.py took 0.097 seconds
[2026-06-01T19:43:49.407+0000] {processor.py:161} INFO - Started process (PID=11388) to work on /home/airflow/.local/lib/python3.12/site-packages/airflow/example_dags/example_xcom.py
[2026-06-01T19:43:49.408+0000] {processor.py:830} INFO - Processing file /home/airflow/.local/lib/python3.12/site-packages/airflow/example_dags/example_xcom.py for tasks to queue
[2026-06-01T19:43:49.410+0000] {logging_mixin.py:188} INFO - [2026-06-01T19:43:49.409+0000] {dagbag.py:540} INFO - Filling up the DagBag from /home/airflow/.local/lib/python3.12/site-packages/airflow/example_dags/example_xcom.py
[2026-06-01T19:43:49.416+0000] {processor.py:840} INFO - DAG(s) 'example_xcom' retrieved from /home/airflow/.local/lib/python3.12/site-packages/airflow/example_dags/example_xcom.py
[2026-06-01T19:43:49.434+0000] {logging_mixin.py:188} INFO - [2026-06-01T19:43:49.433+0000] {dag.py:3096} INFO - Sync 1 DAGs
[2026-06-01T19:43:49.452+0000] {logging_mixin.py:188} INFO - [2026-06-01T19:43:49.451+0000] {dag.py:3954} INFO - Setting next_dagrun for example_xcom to 2021-01-01 00:00:00+00:00, run_after=2021-01-01 00:00:00+00:00
[2026-06-01T19:43:49.470+0000] {processor.py:183} INFO - Processing /home/airflow/.local/lib/python3.12/site-packages/airflow/example_dags/example_xcom.py took 0.070 seconds
[2026-06-01T19:44:20.122+0000] {processor.py:161} INFO - Started process (PID=11447) to work on /home/airflow/.local/lib/python3.12/site-packages/airflow/example_dags/example_xcom.py
[2026-06-01T19:44:20.123+0000] {processor.py:830} INFO - Processing file /home/airflow/.local/lib/python3.12/site-packages/airflow/example_dags/example_xcom.py for tasks to queue
[2026-06-01T19:44:20.125+0000] {logging_mixin.py:188} INFO - [2026-06-01T19:44:20.125+0000] {dagbag.py:540} INFO - Filling up the DagBag from /home/airflow/.local/lib/python3.12/site-packages/airflow/example_dags/example_xcom.py
[2026-06-01T19:44:20.132+0000] {processor.py:840} INFO - DAG(s) 'example_xcom' retrieved from /home/airflow/.local/lib/python3.12/site-packages/airflow/example_dags/example_xcom.py
[2026-06-01T19:44:20.150+0000] {logging_mixin.py:188} INFO - [2026-06-01T19:44:20.150+0000] {dag.py:3096} INFO - Sync 1 DAGs
[2026-06-01T19:44:20.168+0000] {logging_mixin.py:188} INFO - [2026-06-01T19:44:20.168+0000] {dag.py:3954} INFO - Setting next_dagrun for example_xcom to 2021-01-01 00:00:00+00:00, run_after=2021-01-01 00:00:00+00:00
[2026-06-01T19:44:20.184+0000] {processor.py:183} INFO - Processing /home/airflow/.local/lib/python3.12/site-packages/airflow/example_dags/example_xcom.py took 0.066 seconds
[2026-06-01T19:44:50.889+0000] {processor.py:161} INFO - Started process (PID=11506) to work on /home/airflow/.local/lib/python3.12/site-packages/airflow/example_dags/example_xcom.py
[2026-06-01T19:44:50.890+0000] {processor.py:830} INFO - Processing file /home/airflow/.local/lib/python3.12/site-packages/airflow/example_dags/example_xcom.py for tasks to queue
[2026-06-01T19:44:50.892+0000] {logging_mixin.py:188} INFO - [2026-06-01T19:44:50.891+0000] {dagbag.py:540} INFO - Filling up the DagBag from /home/airflow/.local/lib/python3.12/site-packages/airflow/example_dags/example_xcom.py
[2026-06-01T19:44:50.900+0000] {processor.py:840} INFO - DAG(s) 'example_xcom' retrieved from /home/airflow/.local/lib/python3.12/site-packages/airflow/example_dags/example_xcom.py
[2026-06-01T19:44:50.922+0000] {logging_mixin.py:188} INFO - [2026-06-01T19:44:50.922+0000] {dag.py:3096} INFO - Sync 1 DAGs
[2026-06-01T19:44:50.942+0000] {logging_mixin.py:188} INFO - [2026-06-01T19:44:50.942+0000] {dag.py:3954} INFO - Setting next_dagrun for example_xcom to 2021-01-01 00:00:00+00:00, run_after=2021-01-01 00:00:00+00:00
[2026-06-01T19:44:50.959+0000] {processor.py:183} INFO - Processing /home/airflow/.local/lib/python3.12/site-packages/airflow/example_dags/example_xcom.py took 0.076 seconds
[2026-06-01T19:45:21.576+0000] {processor.py:161} INFO - Started process (PID=11571) to work on /home/airflow/.local/lib/python3.12/site-packages/airflow/example_dags/example_xcom.py
[2026-06-01T19:45:21.577+0000] {processor.py:830} INFO - Processing file /home/airflow/.local/lib/python3.12/site-packages/airflow/example_dags/example_xcom.py for tasks to queue
[2026-06-01T19:45:21.579+0000] {logging_mixin.py:188} INFO - [2026-06-01T19:45:21.578+0000] {dagbag.py:540} INFO - Filling up the DagBag from /home/airflow/.local/lib/python3.12/site-packages/airflow/example_dags/example_xcom.py
[2026-06-01T19:45:21.586+0000] {processor.py:840} INFO - DAG(s) 'example_xcom' retrieved from /home/airflow/.local/lib/python3.12/site-packages/airflow/example_dags/example_xcom.py
[2026-06-01T19:45:21.606+0000] {logging_mixin.py:188} INFO - [2026-06-01T19:45:21.606+0000] {dag.py:3096} INFO - Sync 1 DAGs
[2026-06-01T19:45:21.625+0000] {logging_mixin.py:188} INFO - [2026-06-01T19:45:21.625+0000] {dag.py:3954} INFO - Setting next_dagrun for example_xcom to 2021-01-01 00:00:00+00:00, run_after=2021-01-01 00:00:00+00:00
[2026-06-01T19:45:21.640+0000] {processor.py:183} INFO - Processing /home/airflow/.local/lib/python3.12/site-packages/airflow/example_dags/example_xcom.py took 0.069 seconds
[2026-06-01T19:45:52.055+0000] {processor.py:161} INFO - Started process (PID=11630) to work on /home/airflow/.local/lib/python3.12/site-packages/airflow/example_dags/example_xcom.py
[2026-06-01T19:45:52.056+0000] {processor.py:830} INFO - Processing file /home/airflow/.local/lib/python3.12/site-packages/airflow/example_dags/example_xcom.py for tasks to queue
[2026-06-01T19:45:52.058+0000] {logging_mixin.py:188} INFO - [2026-06-01T19:45:52.058+0000] {dagbag.py:540} INFO - Filling up the DagBag from /home/airflow/.local/lib/python3.12/site-packages/airflow/example_dags/example_xcom.py
[2026-06-01T19:45:52.065+0000] {processor.py:840} INFO - DAG(s) 'example_xcom' retrieved from /home/airflow/.local/lib/python3.12/site-packages/airflow/example_dags/example_xcom.py
[2026-06-01T19:45:52.090+0000] {logging_mixin.py:188} INFO - [2026-06-01T19:45:52.090+0000] {dag.py:3096} INFO - Sync 1 DAGs
[2026-06-01T19:45:52.110+0000] {logging_mixin.py:188} INFO - [2026-06-01T19:45:52.110+0000] {dag.py:3954} INFO - Setting next_dagrun for example_xcom to 2021-01-01 00:00:00+00:00, run_after=2021-01-01 00:00:00+00:00
[2026-06-01T19:45:52.129+0000] {processor.py:183} INFO - Processing /home/airflow/.local/lib/python3.12/site-packages/airflow/example_dags/example_xcom.py took 0.079 seconds
[2026-06-01T19:46:22.604+0000] {processor.py:161} INFO - Started process (PID=11689) to work on /home/airflow/.local/lib/python3.12/site-packages/airflow/example_dags/example_xcom.py
[2026-06-01T19:46:22.605+0000] {processor.py:830} INFO - Processing file /home/airflow/.local/lib/python3.12/site-packages/airflow/example_dags/example_xcom.py for tasks to queue
[2026-06-01T19:46:22.607+0000] {logging_mixin.py:188} INFO - [2026-06-01T19:46:22.607+0000] {dagbag.py:540} INFO - Filling up the DagBag from /home/airflow/.local/lib/python3.12/site-packages/airflow/example_dags/example_xcom.py
[2026-06-01T19:46:22.614+0000] {processor.py:840} INFO - DAG(s) 'example_xcom' retrieved from /home/airflow/.local/lib/python3.12/site-packages/airflow/example_dags/example_xcom.py
[2026-06-01T19:46:22.632+0000] {logging_mixin.py:188} INFO - [2026-06-01T19:46:22.632+0000] {dag.py:3096} INFO - Sync 1 DAGs
[2026-06-01T19:46:22.651+0000] {logging_mixin.py:188} INFO - [2026-06-01T19:46:22.651+0000] {dag.py:3954} INFO - Setting next_dagrun for example_xcom to 2021-01-01 00:00:00+00:00, run_after=2021-01-01 00:00:00+00:00
[2026-06-01T19:46:22.668+0000] {processor.py:183} INFO - Processing /home/airflow/.local/lib/python3.12/site-packages/airflow/example_dags/example_xcom.py took 0.069 seconds
[2026-06-01T19:46:52.784+0000] {processor.py:161} INFO - Started process (PID=11748) to work on /home/airflow/.local/lib/python3.12/site-packages/airflow/example_dags/example_xcom.py
[2026-06-01T19:46:52.786+0000] {processor.py:830} INFO - Processing file /home/airflow/.local/lib/python3.12/site-packages/airflow/example_dags/example_xcom.py for tasks to queue
[2026-06-01T19:46:52.787+0000] {logging_mixin.py:188} INFO - [2026-06-01T19:46:52.787+0000] {dagbag.py:540} INFO - Filling up the DagBag from /home/airflow/.local/lib/python3.12/site-packages/airflow/example_dags/example_xcom.py
[2026-06-01T19:46:52.794+0000] {processor.py:840} INFO - DAG(s) 'example_xcom' retrieved from /home/airflow/.local/lib/python3.12/site-packages/airflow/example_dags/example_xcom.py
[2026-06-01T19:46:52.815+0000] {logging_mixin.py:188} INFO - [2026-06-01T19:46:52.815+0000] {dag.py:3096} INFO - Sync 1 DAGs
[2026-06-01T19:46:52.837+0000] {logging_mixin.py:188} INFO - [2026-06-01T19:46:52.837+0000] {dag.py:3954} INFO - Setting next_dagrun for example_xcom to 2021-01-01 00:00:00+00:00, run_after=2021-01-01 00:00:00+00:00
[2026-06-01T19:46:52.854+0000] {processor.py:183} INFO - Processing /home/airflow/.local/lib/python3.12/site-packages/airflow/example_dags/example_xcom.py took 0.075 seconds
[2026-06-01T19:47:23.138+0000] {processor.py:161} INFO - Started process (PID=11807) to work on /home/airflow/.local/lib/python3.12/site-packages/airflow/example_dags/example_xcom.py
[2026-06-01T19:47:23.139+0000] {processor.py:830} INFO - Processing file /home/airflow/.local/lib/python3.12/site-packages/airflow/example_dags/example_xcom.py for tasks to queue
[2026-06-01T19:47:23.141+0000] {logging_mixin.py:188} INFO - [2026-06-01T19:47:23.140+0000] {dagbag.py:540} INFO - Filling up the DagBag from /home/airflow/.local/lib/python3.12/site-packages/airflow/example_dags/example_xcom.py
[2026-06-01T19:47:23.148+0000] {processor.py:840} INFO - DAG(s) 'example_xcom' retrieved from /home/airflow/.local/lib/python3.12/site-packages/airflow/example_dags/example_xcom.py
[2026-06-01T19:47:23.166+0000] {logging_mixin.py:188} INFO - [2026-06-01T19:47:23.166+0000] {dag.py:3096} INFO - Sync 1 DAGs
[2026-06-01T19:47:23.186+0000] {logging_mixin.py:188} INFO - [2026-06-01T19:47:23.186+0000] {dag.py:3954} INFO - Setting next_dagrun for example_xcom to 2021-01-01 00:00:00+00:00, run_after=2021-01-01 00:00:00+00:00
[2026-06-01T19:47:23.204+0000] {processor.py:183} INFO - Processing /home/airflow/.local/lib/python3.12/site-packages/airflow/example_dags/example_xcom.py took 0.072 seconds
[2026-06-01T19:47:53.367+0000] {processor.py:161} INFO - Started process (PID=11866) to work on /home/airflow/.local/lib/python3.12/site-packages/airflow/example_dags/example_xcom.py
[2026-06-01T19:47:53.369+0000] {processor.py:830} INFO - Processing file /home/airflow/.local/lib/python3.12/site-packages/airflow/example_dags/example_xcom.py for tasks to queue
[2026-06-01T19:47:53.371+0000] {logging_mixin.py:188} INFO - [2026-06-01T19:47:53.371+0000] {dagbag.py:540} INFO - Filling up the DagBag from /home/airflow/.local/lib/python3.12/site-packages/airflow/example_dags/example_xcom.py
[2026-06-01T19:47:53.379+0000] {processor.py:840} INFO - DAG(s) 'example_xcom' retrieved from /home/airflow/.local/lib/python3.12/site-packages/airflow/example_dags/example_xcom.py
[2026-06-01T19:47:53.400+0000] {logging_mixin.py:188} INFO - [2026-06-01T19:47:53.400+0000] {dag.py:3096} INFO - Sync 1 DAGs
[2026-06-01T19:47:53.423+0000] {logging_mixin.py:188} INFO - [2026-06-01T19:47:53.423+0000] {dag.py:3954} INFO - Setting next_dagrun for example_xcom to 2021-01-01 00:00:00+00:00, run_after=2021-01-01 00:00:00+00:00
[2026-06-01T19:47:53.446+0000] {processor.py:183} INFO - Processing /home/airflow/.local/lib/python3.12/site-packages/airflow/example_dags/example_xcom.py took 0.084 seconds
[2026-06-01T19:48:23.624+0000] {processor.py:161} INFO - Started process (PID=11925) to work on /home/airflow/.local/lib/python3.12/site-packages/airflow/example_dags/example_xcom.py
[2026-06-01T19:48:23.625+0000] {processor.py:830} INFO - Processing file /home/airflow/.local/lib/python3.12/site-packages/airflow/example_dags/example_xcom.py for tasks to queue
[2026-06-01T19:48:23.627+0000] {logging_mixin.py:188} INFO - [2026-06-01T19:48:23.626+0000] {dagbag.py:540} INFO - Filling up the DagBag from /home/airflow/.local/lib/python3.12/site-packages/airflow/example_dags/example_xcom.py
[2026-06-01T19:48:23.633+0000] {processor.py:840} INFO - DAG(s) 'example_xcom' retrieved from /home/airflow/.local/lib/python3.12/site-packages/airflow/example_dags/example_xcom.py
[2026-06-01T19:48:23.658+0000] {logging_mixin.py:188} INFO - [2026-06-01T19:48:23.658+0000] {dag.py:3096} INFO - Sync 1 DAGs
[2026-06-01T19:48:23.684+0000] {logging_mixin.py:188} INFO - [2026-06-01T19:48:23.683+0000] {dag.py:3954} INFO - Setting next_dagrun for example_xcom to 2021-01-01 00:00:00+00:00, run_after=2021-01-01 00:00:00+00:00
[2026-06-01T19:48:23.706+0000] {processor.py:183} INFO - Processing /home/airflow/.local/lib/python3.12/site-packages/airflow/example_dags/example_xcom.py took 0.088 seconds
[2026-06-01T19:48:53.844+0000] {processor.py:161} INFO - Started process (PID=11983) to work on /home/airflow/.local/lib/python3.12/site-packages/airflow/example_dags/example_xcom.py
[2026-06-01T19:48:53.845+0000] {processor.py:830} INFO - Processing file /home/airflow/.local/lib/python3.12/site-packages/airflow/example_dags/example_xcom.py for tasks to queue
[2026-06-01T19:48:53.846+0000] {logging_mixin.py:188} INFO - [2026-06-01T19:48:53.846+0000] {dagbag.py:540} INFO - Filling up the DagBag from /home/airflow/.local/lib/python3.12/site-packages/airflow/example_dags/example_xcom.py
[2026-06-01T19:48:53.853+0000] {processor.py:840} INFO - DAG(s) 'example_xcom' retrieved from /home/airflow/.local/lib/python3.12/site-packages/airflow/example_dags/example_xcom.py
[2026-06-01T19:48:53.870+0000] {logging_mixin.py:188} INFO - [2026-06-01T19:48:53.870+0000] {dag.py:3096} INFO - Sync 1 DAGs
[2026-06-01T19:48:53.888+0000] {logging_mixin.py:188} INFO - [2026-06-01T19:48:53.887+0000] {dag.py:3954} INFO - Setting next_dagrun for example_xcom to 2021-01-01 00:00:00+00:00, run_after=2021-01-01 00:00:00+00:00
[2026-06-01T19:48:53.905+0000] {processor.py:183} INFO - Processing /home/airflow/.local/lib/python3.12/site-packages/airflow/example_dags/example_xcom.py took 0.066 seconds
[2026-06-01T19:49:24.063+0000] {processor.py:161} INFO - Started process (PID=12042) to work on /home/airflow/.local/lib/python3.12/site-packages/airflow/example_dags/example_xcom.py
[2026-06-01T19:49:24.065+0000] {processor.py:830} INFO - Processing file /home/airflow/.local/lib/python3.12/site-packages/airflow/example_dags/example_xcom.py for tasks to queue
[2026-06-01T19:49:24.066+0000] {logging_mixin.py:188} INFO - [2026-06-01T19:49:24.066+0000] {dagbag.py:540} INFO - Filling up the DagBag from /home/airflow/.local/lib/python3.12/site-packages/airflow/example_dags/example_xcom.py
[2026-06-01T19:49:24.073+0000] {processor.py:840} INFO - DAG(s) 'example_xcom' retrieved from /home/airflow/.local/lib/python3.12/site-packages/airflow/example_dags/example_xcom.py
[2026-06-01T19:49:24.091+0000] {logging_mixin.py:188} INFO - [2026-06-01T19:49:24.091+0000] {dag.py:3096} INFO - Sync 1 DAGs
[2026-06-01T19:49:24.109+0000] {logging_mixin.py:188} INFO - [2026-06-01T19:49:24.108+0000] {dag.py:3954} INFO - Setting next_dagrun for example_xcom to 2021-01-01 00:00:00+00:00, run_after=2021-01-01 00:00:00+00:00
[2026-06-01T19:49:24.126+0000] {processor.py:183} INFO - Processing /home/airflow/.local/lib/python3.12/site-packages/airflow/example_dags/example_xcom.py took 0.067 seconds
[2026-06-01T19:49:54.349+0000] {processor.py:161} INFO - Started process (PID=12101) to work on /home/airflow/.local/lib/python3.12/site-packages/airflow/example_dags/example_xcom.py
[2026-06-01T19:49:54.350+0000] {processor.py:830} INFO - Processing file /home/airflow/.local/lib/python3.12/site-packages/airflow/example_dags/example_xcom.py for tasks to queue
[2026-06-01T19:49:54.352+0000] {logging_mixin.py:188} INFO - [2026-06-01T19:49:54.351+0000] {dagbag.py:540} INFO - Filling up the DagBag from /home/airflow/.local/lib/python3.12/site-packages/airflow/example_dags/example_xcom.py
[2026-06-01T19:49:54.359+0000] {processor.py:840} INFO - DAG(s) 'example_xcom' retrieved from /home/airflow/.local/lib/python3.12/site-packages/airflow/example_dags/example_xcom.py
[2026-06-01T19:49:54.378+0000] {logging_mixin.py:188} INFO - [2026-06-01T19:49:54.377+0000] {dag.py:3096} INFO - Sync 1 DAGs
[2026-06-01T19:49:54.397+0000] {logging_mixin.py:188} INFO - [2026-06-01T19:49:54.397+0000] {dag.py:3954} INFO - Setting next_dagrun for example_xcom to 2021-01-01 00:00:00+00:00, run_after=2021-01-01 00:00:00+00:00
[2026-06-01T19:49:54.413+0000] {processor.py:183} INFO - Processing /home/airflow/.local/lib/python3.12/site-packages/airflow/example_dags/example_xcom.py took 0.070 seconds
[2026-06-01T19:50:24.540+0000] {processor.py:161} INFO - Started process (PID=12160) to work on /home/airflow/.local/lib/python3.12/site-packages/airflow/example_dags/example_xcom.py
[2026-06-01T19:50:24.541+0000] {processor.py:830} INFO - Processing file /home/airflow/.local/lib/python3.12/site-packages/airflow/example_dags/example_xcom.py for tasks to queue
[2026-06-01T19:50:24.544+0000] {logging_mixin.py:188} INFO - [2026-06-01T19:50:24.543+0000] {dagbag.py:540} INFO - Filling up the DagBag from /home/airflow/.local/lib/python3.12/site-packages/airflow/example_dags/example_xcom.py
[2026-06-01T19:50:24.550+0000] {processor.py:840} INFO - DAG(s) 'example_xcom' retrieved from /home/airflow/.local/lib/python3.12/site-packages/airflow/example_dags/example_xcom.py
[2026-06-01T19:50:24.568+0000] {logging_mixin.py:188} INFO - [2026-06-01T19:50:24.568+0000] {dag.py:3096} INFO - Sync 1 DAGs
[2026-06-01T19:50:24.585+0000] {logging_mixin.py:188} INFO - [2026-06-01T19:50:24.585+0000] {dag.py:3954} INFO - Setting next_dagrun for example_xcom to 2021-01-01 00:00:00+00:00, run_after=2021-01-01 00:00:00+00:00
[2026-06-01T19:50:24.604+0000] {processor.py:183} INFO - Processing /home/airflow/.local/lib/python3.12/site-packages/airflow/example_dags/example_xcom.py took 0.070 seconds
[2026-06-01T19:50:54.736+0000] {processor.py:161} INFO - Started process (PID=12220) to work on /home/airflow/.local/lib/python3.12/site-packages/airflow/example_dags/example_xcom.py
[2026-06-01T19:50:54.737+0000] {processor.py:830} INFO - Processing file /home/airflow/.local/lib/python3.12/site-packages/airflow/example_dags/example_xcom.py for tasks to queue
[2026-06-01T19:50:54.739+0000] {logging_mixin.py:188} INFO - [2026-06-01T19:50:54.739+0000] {dagbag.py:540} INFO - Filling up the DagBag from /home/airflow/.local/lib/python3.12/site-packages/airflow/example_dags/example_xcom.py
[2026-06-01T19:50:54.746+0000] {processor.py:840} INFO - DAG(s) 'example_xcom' retrieved from /home/airflow/.local/lib/python3.12/site-packages/airflow/example_dags/example_xcom.py
[2026-06-01T19:50:54.763+0000] {logging_mixin.py:188} INFO - [2026-06-01T19:50:54.762+0000] {dag.py:3096} INFO - Sync 1 DAGs
[2026-06-01T19:50:54.780+0000] {logging_mixin.py:188} INFO - [2026-06-01T19:50:54.780+0000] {dag.py:3954} INFO - Setting next_dagrun for example_xcom to 2021-01-01 00:00:00+00:00, run_after=2021-01-01 00:00:00+00:00
[2026-06-01T19:50:54.798+0000] {processor.py:183} INFO - Processing /home/airflow/.local/lib/python3.12/site-packages/airflow/example_dags/example_xcom.py took 0.066 seconds
[2026-06-01T19:51:24.921+0000] {processor.py:161} INFO - Started process (PID=12279) to work on /home/airflow/.local/lib/python3.12/site-packages/airflow/example_dags/example_xcom.py
[2026-06-01T19:51:24.922+0000] {processor.py:830} INFO - Processing file /home/airflow/.local/lib/python3.12/site-packages/airflow/example_dags/example_xcom.py for tasks to queue
[2026-06-01T19:51:24.924+0000] {logging_mixin.py:188} INFO - [2026-06-01T19:51:24.924+0000] {dagbag.py:540} INFO - Filling up the DagBag from /home/airflow/.local/lib/python3.12/site-packages/airflow/example_dags/example_xcom.py
[2026-06-01T19:51:24.931+0000] {processor.py:840} INFO - DAG(s) 'example_xcom' retrieved from /home/airflow/.local/lib/python3.12/site-packages/airflow/example_dags/example_xcom.py
[2026-06-01T19:51:24.948+0000] {logging_mixin.py:188} INFO - [2026-06-01T19:51:24.948+0000] {dag.py:3096} INFO - Sync 1 DAGs
[2026-06-01T19:51:24.967+0000] {logging_mixin.py:188} INFO - [2026-06-01T19:51:24.966+0000] {dag.py:3954} INFO - Setting next_dagrun for example_xcom to 2021-01-01 00:00:00+00:00, run_after=2021-01-01 00:00:00+00:00
[2026-06-01T19:51:24.982+0000] {processor.py:183} INFO - Processing /home/airflow/.local/lib/python3.12/site-packages/airflow/example_dags/example_xcom.py took 0.066 seconds
[2026-06-01T19:51:55.104+0000] {processor.py:161} INFO - Started process (PID=12338) to work on /home/airflow/.local/lib/python3.12/site-packages/airflow/example_dags/example_xcom.py
[2026-06-01T19:51:55.105+0000] {processor.py:830} INFO - Processing file /home/airflow/.local/lib/python3.12/site-packages/airflow/example_dags/example_xcom.py for tasks to queue
[2026-06-01T19:51:55.108+0000] {logging_mixin.py:188} INFO - [2026-06-01T19:51:55.107+0000] {dagbag.py:540} INFO - Filling up the DagBag from /home/airflow/.local/lib/python3.12/site-packages/airflow/example_dags/example_xcom.py
[2026-06-01T19:51:55.116+0000] {processor.py:840} INFO - DAG(s) 'example_xcom' retrieved from /home/airflow/.local/lib/python3.12/site-packages/airflow/example_dags/example_xcom.py
[2026-06-01T19:51:55.134+0000] {logging_mixin.py:188} INFO - [2026-06-01T19:51:55.134+0000] {dag.py:3096} INFO - Sync 1 DAGs
[2026-06-01T19:51:55.153+0000] {logging_mixin.py:188} INFO - [2026-06-01T19:51:55.153+0000] {dag.py:3954} INFO - Setting next_dagrun for example_xcom to 2021-01-01 00:00:00+00:00, run_after=2021-01-01 00:00:00+00:00
[2026-06-01T19:51:55.168+0000] {processor.py:183} INFO - Processing /home/airflow/.local/lib/python3.12/site-packages/airflow/example_dags/example_xcom.py took 0.069 seconds
[2026-06-01T19:52:25.282+0000] {processor.py:161} INFO - Started process (PID=12397) to work on /home/airflow/.local/lib/python3.12/site-packages/airflow/example_dags/example_xcom.py
[2026-06-01T19:52:25.283+0000] {processor.py:830} INFO - Processing file /home/airflow/.local/lib/python3.12/site-packages/airflow/example_dags/example_xcom.py for tasks to queue
[2026-06-01T19:52:25.285+0000] {logging_mixin.py:188} INFO - [2026-06-01T19:52:25.284+0000] {dagbag.py:540} INFO - Filling up the DagBag from /home/airflow/.local/lib/python3.12/site-packages/airflow/example_dags/example_xcom.py
[2026-06-01T19:52:25.291+0000] {processor.py:840} INFO - DAG(s) 'example_xcom' retrieved from /home/airflow/.local/lib/python3.12/site-packages/airflow/example_dags/example_xcom.py
[2026-06-01T19:52:25.309+0000] {logging_mixin.py:188} INFO - [2026-06-01T19:52:25.309+0000] {dag.py:3096} INFO - Sync 1 DAGs
[2026-06-01T19:52:25.327+0000] {logging_mixin.py:188} INFO - [2026-06-01T19:52:25.327+0000] {dag.py:3954} INFO - Setting next_dagrun for example_xcom to 2021-01-01 00:00:00+00:00, run_after=2021-01-01 00:00:00+00:00
[2026-06-01T19:52:25.343+0000] {processor.py:183} INFO - Processing /home/airflow/.local/lib/python3.12/site-packages/airflow/example_dags/example_xcom.py took 0.066 seconds
[2026-06-01T19:52:55.478+0000] {processor.py:161} INFO - Started process (PID=12456) to work on /home/airflow/.local/lib/python3.12/site-packages/airflow/example_dags/example_xcom.py
[2026-06-01T19:52:55.479+0000] {processor.py:830} INFO - Processing file /home/airflow/.local/lib/python3.12/site-packages/airflow/example_dags/example_xcom.py for tasks to queue
[2026-06-01T19:52:55.481+0000] {logging_mixin.py:188} INFO - [2026-06-01T19:52:55.481+0000] {dagbag.py:540} INFO - Filling up the DagBag from /home/airflow/.local/lib/python3.12/site-packages/airflow/example_dags/example_xcom.py
[2026-06-01T19:52:55.488+0000] {processor.py:840} INFO - DAG(s) 'example_xcom' retrieved from /home/airflow/.local/lib/python3.12/site-packages/airflow/example_dags/example_xcom.py
[2026-06-01T19:52:55.507+0000] {logging_mixin.py:188} INFO - [2026-06-01T19:52:55.506+0000] {dag.py:3096} INFO - Sync 1 DAGs
[2026-06-01T19:52:55.525+0000] {logging_mixin.py:188} INFO - [2026-06-01T19:52:55.524+0000] {dag.py:3954} INFO - Setting next_dagrun for example_xcom to 2021-01-01 00:00:00+00:00, run_after=2021-01-01 00:00:00+00:00
[2026-06-01T19:52:55.540+0000] {processor.py:183} INFO - Processing /home/airflow/.local/lib/python3.12/site-packages/airflow/example_dags/example_xcom.py took 0.068 seconds
[2026-06-01T19:53:25.634+0000] {processor.py:161} INFO - Started process (PID=12515) to work on /home/airflow/.local/lib/python3.12/site-packages/airflow/example_dags/example_xcom.py
[2026-06-01T19:53:25.635+0000] {processor.py:830} INFO - Processing file /home/airflow/.local/lib/python3.12/site-packages/airflow/example_dags/example_xcom.py for tasks to queue
[2026-06-01T19:53:25.637+0000] {logging_mixin.py:188} INFO - [2026-06-01T19:53:25.637+0000] {dagbag.py:540} INFO - Filling up the DagBag from /home/airflow/.local/lib/python3.12/site-packages/airflow/example_dags/example_xcom.py
[2026-06-01T19:53:25.643+0000] {processor.py:840} INFO - DAG(s) 'example_xcom' retrieved from /home/airflow/.local/lib/python3.12/site-packages/airflow/example_dags/example_xcom.py
[2026-06-01T19:53:25.660+0000] {logging_mixin.py:188} INFO - [2026-06-01T19:53:25.660+0000] {dag.py:3096} INFO - Sync 1 DAGs
[2026-06-01T19:53:25.679+0000] {logging_mixin.py:188} INFO - [2026-06-01T19:53:25.679+0000] {dag.py:3954} INFO - Setting next_dagrun for example_xcom to 2021-01-01 00:00:00+00:00, run_after=2021-01-01 00:00:00+00:00
[2026-06-01T19:53:25.695+0000] {processor.py:183} INFO - Processing /home/airflow/.local/lib/python3.12/site-packages/airflow/example_dags/example_xcom.py took 0.066 seconds
[2026-06-01T19:53:56.279+0000] {processor.py:161} INFO - Started process (PID=12574) to work on /home/airflow/.local/lib/python3.12/site-packages/airflow/example_dags/example_xcom.py
[2026-06-01T19:53:56.280+0000] {processor.py:830} INFO - Processing file /home/airflow/.local/lib/python3.12/site-packages/airflow/example_dags/example_xcom.py for tasks to queue
[2026-06-01T19:53:56.282+0000] {logging_mixin.py:188} INFO - [2026-06-01T19:53:56.281+0000] {dagbag.py:540} INFO - Filling up the DagBag from /home/airflow/.local/lib/python3.12/site-packages/airflow/example_dags/example_xcom.py
[2026-06-01T19:53:56.288+0000] {processor.py:840} INFO - DAG(s) 'example_xcom' retrieved from /home/airflow/.local/lib/python3.12/site-packages/airflow/example_dags/example_xcom.py
[2026-06-01T19:53:56.306+0000] {logging_mixin.py:188} INFO - [2026-06-01T19:53:56.306+0000] {dag.py:3096} INFO - Sync 1 DAGs
[2026-06-01T19:53:56.324+0000] {logging_mixin.py:188} INFO - [2026-06-01T19:53:56.324+0000] {dag.py:3954} INFO - Setting next_dagrun for example_xcom to 2021-01-01 00:00:00+00:00, run_after=2021-01-01 00:00:00+00:00
[2026-06-01T19:53:56.341+0000] {processor.py:183} INFO - Processing /home/airflow/.local/lib/python3.12/site-packages/airflow/example_dags/example_xcom.py took 0.067 seconds
[2026-06-01T19:54:26.765+0000] {processor.py:161} INFO - Started process (PID=12633) to work on /home/airflow/.local/lib/python3.12/site-packages/airflow/example_dags/example_xcom.py
[2026-06-01T19:54:26.766+0000] {processor.py:830} INFO - Processing file /home/airflow/.local/lib/python3.12/site-packages/airflow/example_dags/example_xcom.py for tasks to queue
[2026-06-01T19:54:26.768+0000] {logging_mixin.py:188} INFO - [2026-06-01T19:54:26.768+0000] {dagbag.py:540} INFO - Filling up the DagBag from /home/airflow/.local/lib/python3.12/site-packages/airflow/example_dags/example_xcom.py
[2026-06-01T19:54:26.778+0000] {processor.py:840} INFO - DAG(s) 'example_xcom' retrieved from /home/airflow/.local/lib/python3.12/site-packages/airflow/example_dags/example_xcom.py
[2026-06-01T19:54:26.799+0000] {logging_mixin.py:188} INFO - [2026-06-01T19:54:26.799+0000] {dag.py:3096} INFO - Sync 1 DAGs
[2026-06-01T19:54:26.819+0000] {logging_mixin.py:188} INFO - [2026-06-01T19:54:26.819+0000] {dag.py:3954} INFO - Setting next_dagrun for example_xcom to 2021-01-01 00:00:00+00:00, run_after=2021-01-01 00:00:00+00:00
[2026-06-01T19:54:26.837+0000] {processor.py:183} INFO - Processing /home/airflow/.local/lib/python3.12/site-packages/airflow/example_dags/example_xcom.py took 0.079 seconds
[2026-06-01T19:54:57.224+0000] {processor.py:161} INFO - Started process (PID=12692) to work on /home/airflow/.local/lib/python3.12/site-packages/airflow/example_dags/example_xcom.py
[2026-06-01T19:54:57.226+0000] {processor.py:830} INFO - Processing file /home/airflow/.local/lib/python3.12/site-packages/airflow/example_dags/example_xcom.py for tasks to queue
[2026-06-01T19:54:57.228+0000] {logging_mixin.py:188} INFO - [2026-06-01T19:54:57.228+0000] {dagbag.py:540} INFO - Filling up the DagBag from /home/airflow/.local/lib/python3.12/site-packages/airflow/example_dags/example_xcom.py
[2026-06-01T19:54:57.235+0000] {processor.py:840} INFO - DAG(s) 'example_xcom' retrieved from /home/airflow/.local/lib/python3.12/site-packages/airflow/example_dags/example_xcom.py
[2026-06-01T19:54:57.254+0000] {logging_mixin.py:188} INFO - [2026-06-01T19:54:57.254+0000] {dag.py:3096} INFO - Sync 1 DAGs
[2026-06-01T19:54:57.275+0000] {logging_mixin.py:188} INFO - [2026-06-01T19:54:57.274+0000] {dag.py:3954} INFO - Setting next_dagrun for example_xcom to 2021-01-01 00:00:00+00:00, run_after=2021-01-01 00:00:00+00:00
[2026-06-01T19:54:57.292+0000] {processor.py:183} INFO - Processing /home/airflow/.local/lib/python3.12/site-packages/airflow/example_dags/example_xcom.py took 0.073 seconds
[2026-06-01T19:55:27.902+0000] {processor.py:161} INFO - Started process (PID=12751) to work on /home/airflow/.local/lib/python3.12/site-packages/airflow/example_dags/example_xcom.py
[2026-06-01T19:55:27.904+0000] {processor.py:830} INFO - Processing file /home/airflow/.local/lib/python3.12/site-packages/airflow/example_dags/example_xcom.py for tasks to queue
[2026-06-01T19:55:27.906+0000] {logging_mixin.py:188} INFO - [2026-06-01T19:55:27.906+0000] {dagbag.py:540} INFO - Filling up the DagBag from /home/airflow/.local/lib/python3.12/site-packages/airflow/example_dags/example_xcom.py
[2026-06-01T19:55:27.914+0000] {processor.py:840} INFO - DAG(s) 'example_xcom' retrieved from /home/airflow/.local/lib/python3.12/site-packages/airflow/example_dags/example_xcom.py
[2026-06-01T19:55:27.934+0000] {logging_mixin.py:188} INFO - [2026-06-01T19:55:27.934+0000] {dag.py:3096} INFO - Sync 1 DAGs
[2026-06-01T19:55:27.953+0000] {logging_mixin.py:188} INFO - [2026-06-01T19:55:27.952+0000] {dag.py:3954} INFO - Setting next_dagrun for example_xcom to 2021-01-01 00:00:00+00:00, run_after=2021-01-01 00:00:00+00:00
[2026-06-01T19:55:27.972+0000] {processor.py:183} INFO - Processing /home/airflow/.local/lib/python3.12/site-packages/airflow/example_dags/example_xcom.py took 0.076 seconds
[2026-06-01T19:55:58.386+0000] {processor.py:161} INFO - Started process (PID=12810) to work on /home/airflow/.local/lib/python3.12/site-packages/airflow/example_dags/example_xcom.py
[2026-06-01T19:55:58.387+0000] {processor.py:830} INFO - Processing file /home/airflow/.local/lib/python3.12/site-packages/airflow/example_dags/example_xcom.py for tasks to queue
[2026-06-01T19:55:58.390+0000] {logging_mixin.py:188} INFO - [2026-06-01T19:55:58.390+0000] {dagbag.py:540} INFO - Filling up the DagBag from /home/airflow/.local/lib/python3.12/site-packages/airflow/example_dags/example_xcom.py
[2026-06-01T19:55:58.398+0000] {processor.py:840} INFO - DAG(s) 'example_xcom' retrieved from /home/airflow/.local/lib/python3.12/site-packages/airflow/example_dags/example_xcom.py
[2026-06-01T19:55:58.430+0000] {logging_mixin.py:188} INFO - [2026-06-01T19:55:58.429+0000] {dag.py:3096} INFO - Sync 1 DAGs
[2026-06-01T19:55:58.454+0000] {logging_mixin.py:188} INFO - [2026-06-01T19:55:58.454+0000] {dag.py:3954} INFO - Setting next_dagrun for example_xcom to 2021-01-01 00:00:00+00:00, run_after=2021-01-01 00:00:00+00:00
[2026-06-01T19:55:58.475+0000] {processor.py:183} INFO - Processing /home/airflow/.local/lib/python3.12/site-packages/airflow/example_dags/example_xcom.py took 0.096 seconds
[2026-06-01T19:56:29.080+0000] {processor.py:161} INFO - Started process (PID=12869) to work on /home/airflow/.local/lib/python3.12/site-packages/airflow/example_dags/example_xcom.py
[2026-06-01T19:56:29.081+0000] {processor.py:830} INFO - Processing file /home/airflow/.local/lib/python3.12/site-packages/airflow/example_dags/example_xcom.py for tasks to queue
[2026-06-01T19:56:29.082+0000] {logging_mixin.py:188} INFO - [2026-06-01T19:56:29.082+0000] {dagbag.py:540} INFO - Filling up the DagBag from /home/airflow/.local/lib/python3.12/site-packages/airflow/example_dags/example_xcom.py
[2026-06-01T19:56:29.089+0000] {processor.py:840} INFO - DAG(s) 'example_xcom' retrieved from /home/airflow/.local/lib/python3.12/site-packages/airflow/example_dags/example_xcom.py
[2026-06-01T19:56:29.107+0000] {logging_mixin.py:188} INFO - [2026-06-01T19:56:29.107+0000] {dag.py:3096} INFO - Sync 1 DAGs
[2026-06-01T19:56:29.126+0000] {logging_mixin.py:188} INFO - [2026-06-01T19:56:29.126+0000] {dag.py:3954} INFO - Setting next_dagrun for example_xcom to 2021-01-01 00:00:00+00:00, run_after=2021-01-01 00:00:00+00:00
[2026-06-01T19:56:29.143+0000] {processor.py:183} INFO - Processing /home/airflow/.local/lib/python3.12/site-packages/airflow/example_dags/example_xcom.py took 0.069 seconds
[2026-06-01T19:56:59.606+0000] {processor.py:161} INFO - Started process (PID=12928) to work on /home/airflow/.local/lib/python3.12/site-packages/airflow/example_dags/example_xcom.py
[2026-06-01T19:56:59.608+0000] {processor.py:830} INFO - Processing file /home/airflow/.local/lib/python3.12/site-packages/airflow/example_dags/example_xcom.py for tasks to queue
[2026-06-01T19:56:59.610+0000] {logging_mixin.py:188} INFO - [2026-06-01T19:56:59.609+0000] {dagbag.py:540} INFO - Filling up the DagBag from /home/airflow/.local/lib/python3.12/site-packages/airflow/example_dags/example_xcom.py
[2026-06-01T19:56:59.619+0000] {processor.py:840} INFO - DAG(s) 'example_xcom' retrieved from /home/airflow/.local/lib/python3.12/site-packages/airflow/example_dags/example_xcom.py
[2026-06-01T19:56:59.640+0000] {logging_mixin.py:188} INFO - [2026-06-01T19:56:59.639+0000] {dag.py:3096} INFO - Sync 1 DAGs
[2026-06-01T19:56:59.661+0000] {logging_mixin.py:188} INFO - [2026-06-01T19:56:59.661+0000] {dag.py:3954} INFO - Setting next_dagrun for example_xcom to 2021-01-01 00:00:00+00:00, run_after=2021-01-01 00:00:00+00:00
[2026-06-01T19:56:59.680+0000] {processor.py:183} INFO - Processing /home/airflow/.local/lib/python3.12/site-packages/airflow/example_dags/example_xcom.py took 0.080 seconds
[2026-06-01T19:57:29.825+0000] {processor.py:161} INFO - Started process (PID=12986) to work on /home/airflow/.local/lib/python3.12/site-packages/airflow/example_dags/example_xcom.py
[2026-06-01T19:57:29.827+0000] {processor.py:830} INFO - Processing file /home/airflow/.local/lib/python3.12/site-packages/airflow/example_dags/example_xcom.py for tasks to queue
[2026-06-01T19:57:29.828+0000] {logging_mixin.py:188} INFO - [2026-06-01T19:57:29.828+0000] {dagbag.py:540} INFO - Filling up the DagBag from /home/airflow/.local/lib/python3.12/site-packages/airflow/example_dags/example_xcom.py
[2026-06-01T19:57:29.835+0000] {processor.py:840} INFO - DAG(s) 'example_xcom' retrieved from /home/airflow/.local/lib/python3.12/site-packages/airflow/example_dags/example_xcom.py
[2026-06-01T19:57:29.853+0000] {logging_mixin.py:188} INFO - [2026-06-01T19:57:29.853+0000] {dag.py:3096} INFO - Sync 1 DAGs
[2026-06-01T19:57:29.871+0000] {logging_mixin.py:188} INFO - [2026-06-01T19:57:29.871+0000] {dag.py:3954} INFO - Setting next_dagrun for example_xcom to 2021-01-01 00:00:00+00:00, run_after=2021-01-01 00:00:00+00:00
[2026-06-01T19:57:29.888+0000] {processor.py:183} INFO - Processing /home/airflow/.local/lib/python3.12/site-packages/airflow/example_dags/example_xcom.py took 0.068 seconds
[2026-06-01T19:58:00.617+0000] {processor.py:161} INFO - Started process (PID=13046) to work on /home/airflow/.local/lib/python3.12/site-packages/airflow/example_dags/example_xcom.py
[2026-06-01T19:58:00.618+0000] {processor.py:830} INFO - Processing file /home/airflow/.local/lib/python3.12/site-packages/airflow/example_dags/example_xcom.py for tasks to queue
[2026-06-01T19:58:00.620+0000] {logging_mixin.py:188} INFO - [2026-06-01T19:58:00.620+0000] {dagbag.py:540} INFO - Filling up the DagBag from /home/airflow/.local/lib/python3.12/site-packages/airflow/example_dags/example_xcom.py
[2026-06-01T19:58:00.629+0000] {processor.py:840} INFO - DAG(s) 'example_xcom' retrieved from /home/airflow/.local/lib/python3.12/site-packages/airflow/example_dags/example_xcom.py
[2026-06-01T19:58:00.653+0000] {logging_mixin.py:188} INFO - [2026-06-01T19:58:00.652+0000] {dag.py:3096} INFO - Sync 1 DAGs
[2026-06-01T19:58:00.675+0000] {logging_mixin.py:188} INFO - [2026-06-01T19:58:00.675+0000] {dag.py:3954} INFO - Setting next_dagrun for example_xcom to 2021-01-01 00:00:00+00:00, run_after=2021-01-01 00:00:00+00:00
[2026-06-01T19:58:00.691+0000] {processor.py:183} INFO - Processing /home/airflow/.local/lib/python3.12/site-packages/airflow/example_dags/example_xcom.py took 0.079 seconds
[2026-06-01T19:58:31.279+0000] {processor.py:161} INFO - Started process (PID=13105) to work on /home/airflow/.local/lib/python3.12/site-packages/airflow/example_dags/example_xcom.py
[2026-06-01T19:58:31.280+0000] {processor.py:830} INFO - Processing file /home/airflow/.local/lib/python3.12/site-packages/airflow/example_dags/example_xcom.py for tasks to queue
[2026-06-01T19:58:31.282+0000] {logging_mixin.py:188} INFO - [2026-06-01T19:58:31.282+0000] {dagbag.py:540} INFO - Filling up the DagBag from /home/airflow/.local/lib/python3.12/site-packages/airflow/example_dags/example_xcom.py
[2026-06-01T19:58:31.289+0000] {processor.py:840} INFO - DAG(s) 'example_xcom' retrieved from /home/airflow/.local/lib/python3.12/site-packages/airflow/example_dags/example_xcom.py
[2026-06-01T19:58:31.308+0000] {logging_mixin.py:188} INFO - [2026-06-01T19:58:31.308+0000] {dag.py:3096} INFO - Sync 1 DAGs
[2026-06-01T19:58:31.326+0000] {logging_mixin.py:188} INFO - [2026-06-01T19:58:31.326+0000] {dag.py:3954} INFO - Setting next_dagrun for example_xcom to 2021-01-01 00:00:00+00:00, run_after=2021-01-01 00:00:00+00:00
[2026-06-01T19:58:31.345+0000] {processor.py:183} INFO - Processing /home/airflow/.local/lib/python3.12/site-packages/airflow/example_dags/example_xcom.py took 0.071 seconds
[2026-06-01T19:59:01.605+0000] {processor.py:161} INFO - Started process (PID=13164) to work on /home/airflow/.local/lib/python3.12/site-packages/airflow/example_dags/example_xcom.py
[2026-06-01T19:59:01.606+0000] {processor.py:830} INFO - Processing file /home/airflow/.local/lib/python3.12/site-packages/airflow/example_dags/example_xcom.py for tasks to queue
[2026-06-01T19:59:01.608+0000] {logging_mixin.py:188} INFO - [2026-06-01T19:59:01.608+0000] {dagbag.py:540} INFO - Filling up the DagBag from /home/airflow/.local/lib/python3.12/site-packages/airflow/example_dags/example_xcom.py
[2026-06-01T19:59:01.615+0000] {processor.py:840} INFO - DAG(s) 'example_xcom' retrieved from /home/airflow/.local/lib/python3.12/site-packages/airflow/example_dags/example_xcom.py
[2026-06-01T19:59:01.635+0000] {logging_mixin.py:188} INFO - [2026-06-01T19:59:01.634+0000] {dag.py:3096} INFO - Sync 1 DAGs
[2026-06-01T19:59:01.655+0000] {logging_mixin.py:188} INFO - [2026-06-01T19:59:01.655+0000] {dag.py:3954} INFO - Setting next_dagrun for example_xcom to 2021-01-01 00:00:00+00:00, run_after=2021-01-01 00:00:00+00:00
[2026-06-01T19:59:01.673+0000] {processor.py:183} INFO - Processing /home/airflow/.local/lib/python3.12/site-packages/airflow/example_dags/example_xcom.py took 0.074 seconds
[2026-06-01T19:59:32.108+0000] {processor.py:161} INFO - Started process (PID=13221) to work on /home/airflow/.local/lib/python3.12/site-packages/airflow/example_dags/example_xcom.py
[2026-06-01T19:59:32.109+0000] {processor.py:830} INFO - Processing file /home/airflow/.local/lib/python3.12/site-packages/airflow/example_dags/example_xcom.py for tasks to queue
[2026-06-01T19:59:32.111+0000] {logging_mixin.py:188} INFO - [2026-06-01T19:59:32.111+0000] {dagbag.py:540} INFO - Filling up the DagBag from /home/airflow/.local/lib/python3.12/site-packages/airflow/example_dags/example_xcom.py
[2026-06-01T19:59:32.118+0000] {processor.py:840} INFO - DAG(s) 'example_xcom' retrieved from /home/airflow/.local/lib/python3.12/site-packages/airflow/example_dags/example_xcom.py
[2026-06-01T19:59:32.136+0000] {logging_mixin.py:188} INFO - [2026-06-01T19:59:32.136+0000] {dag.py:3096} INFO - Sync 1 DAGs
[2026-06-01T19:59:32.156+0000] {logging_mixin.py:188} INFO - [2026-06-01T19:59:32.155+0000] {dag.py:3954} INFO - Setting next_dagrun for example_xcom to 2021-01-01 00:00:00+00:00, run_after=2021-01-01 00:00:00+00:00
[2026-06-01T19:59:32.171+0000] {processor.py:183} INFO - Processing /home/airflow/.local/lib/python3.12/site-packages/airflow/example_dags/example_xcom.py took 0.068 seconds
[2026-06-01T20:00:02.604+0000] {processor.py:161} INFO - Started process (PID=13280) to work on /home/airflow/.local/lib/python3.12/site-packages/airflow/example_dags/example_xcom.py
[2026-06-01T20:00:02.606+0000] {processor.py:830} INFO - Processing file /home/airflow/.local/lib/python3.12/site-packages/airflow/example_dags/example_xcom.py for tasks to queue
[2026-06-01T20:00:02.608+0000] {logging_mixin.py:188} INFO - [2026-06-01T20:00:02.608+0000] {dagbag.py:540} INFO - Filling up the DagBag from /home/airflow/.local/lib/python3.12/site-packages/airflow/example_dags/example_xcom.py
[2026-06-01T20:00:02.618+0000] {processor.py:840} INFO - DAG(s) 'example_xcom' retrieved from /home/airflow/.local/lib/python3.12/site-packages/airflow/example_dags/example_xcom.py
[2026-06-01T20:00:02.640+0000] {logging_mixin.py:188} INFO - [2026-06-01T20:00:02.640+0000] {dag.py:3096} INFO - Sync 1 DAGs
[2026-06-01T20:00:02.665+0000] {logging_mixin.py:188} INFO - [2026-06-01T20:00:02.665+0000] {dag.py:3954} INFO - Setting next_dagrun for example_xcom to 2021-01-01 00:00:00+00:00, run_after=2021-01-01 00:00:00+00:00
[2026-06-01T20:00:02.690+0000] {processor.py:183} INFO - Processing /home/airflow/.local/lib/python3.12/site-packages/airflow/example_dags/example_xcom.py took 0.092 seconds
[2026-06-01T20:00:33.413+0000] {processor.py:161} INFO - Started process (PID=13339) to work on /home/airflow/.local/lib/python3.12/site-packages/airflow/example_dags/example_xcom.py
[2026-06-01T20:00:33.414+0000] {processor.py:830} INFO - Processing file /home/airflow/.local/lib/python3.12/site-packages/airflow/example_dags/example_xcom.py for tasks to queue
[2026-06-01T20:00:33.417+0000] {logging_mixin.py:188} INFO - [2026-06-01T20:00:33.416+0000] {dagbag.py:540} INFO - Filling up the DagBag from /home/airflow/.local/lib/python3.12/site-packages/airflow/example_dags/example_xcom.py
[2026-06-01T20:00:33.424+0000] {processor.py:840} INFO - DAG(s) 'example_xcom' retrieved from /home/airflow/.local/lib/python3.12/site-packages/airflow/example_dags/example_xcom.py
[2026-06-01T20:00:33.446+0000] {logging_mixin.py:188} INFO - [2026-06-01T20:00:33.445+0000] {dag.py:3096} INFO - Sync 1 DAGs
[2026-06-01T20:00:33.466+0000] {logging_mixin.py:188} INFO - [2026-06-01T20:00:33.466+0000] {dag.py:3954} INFO - Setting next_dagrun for example_xcom to 2021-01-01 00:00:00+00:00, run_after=2021-01-01 00:00:00+00:00
[2026-06-01T20:00:33.486+0000] {processor.py:183} INFO - Processing /home/airflow/.local/lib/python3.12/site-packages/airflow/example_dags/example_xcom.py took 0.078 seconds
[2026-06-01T20:01:03.821+0000] {processor.py:161} INFO - Started process (PID=13398) to work on /home/airflow/.local/lib/python3.12/site-packages/airflow/example_dags/example_xcom.py
[2026-06-01T20:01:03.822+0000] {processor.py:830} INFO - Processing file /home/airflow/.local/lib/python3.12/site-packages/airflow/example_dags/example_xcom.py for tasks to queue
[2026-06-01T20:01:03.824+0000] {logging_mixin.py:188} INFO - [2026-06-01T20:01:03.823+0000] {dagbag.py:540} INFO - Filling up the DagBag from /home/airflow/.local/lib/python3.12/site-packages/airflow/example_dags/example_xcom.py
[2026-06-01T20:01:03.830+0000] {processor.py:840} INFO - DAG(s) 'example_xcom' retrieved from /home/airflow/.local/lib/python3.12/site-packages/airflow/example_dags/example_xcom.py
[2026-06-01T20:01:03.848+0000] {logging_mixin.py:188} INFO - [2026-06-01T20:01:03.848+0000] {dag.py:3096} INFO - Sync 1 DAGs
[2026-06-01T20:01:03.868+0000] {logging_mixin.py:188} INFO - [2026-06-01T20:01:03.867+0000] {dag.py:3954} INFO - Setting next_dagrun for example_xcom to 2021-01-01 00:00:00+00:00, run_after=2021-01-01 00:00:00+00:00
[2026-06-01T20:01:03.888+0000] {processor.py:183} INFO - Processing /home/airflow/.local/lib/python3.12/site-packages/airflow/example_dags/example_xcom.py took 0.073 seconds
[2026-06-01T20:01:33.996+0000] {processor.py:161} INFO - Started process (PID=13457) to work on /home/airflow/.local/lib/python3.12/site-packages/airflow/example_dags/example_xcom.py
[2026-06-01T20:01:33.997+0000] {processor.py:830} INFO - Processing file /home/airflow/.local/lib/python3.12/site-packages/airflow/example_dags/example_xcom.py for tasks to queue
[2026-06-01T20:01:33.998+0000] {logging_mixin.py:188} INFO - [2026-06-01T20:01:33.998+0000] {dagbag.py:540} INFO - Filling up the DagBag from /home/airflow/.local/lib/python3.12/site-packages/airflow/example_dags/example_xcom.py
[2026-06-01T20:01:34.005+0000] {processor.py:840} INFO - DAG(s) 'example_xcom' retrieved from /home/airflow/.local/lib/python3.12/site-packages/airflow/example_dags/example_xcom.py
[2026-06-01T20:01:34.021+0000] {logging_mixin.py:188} INFO - [2026-06-01T20:01:34.021+0000] {dag.py:3096} INFO - Sync 1 DAGs
[2026-06-01T20:01:34.038+0000] {logging_mixin.py:188} INFO - [2026-06-01T20:01:34.038+0000] {dag.py:3954} INFO - Setting next_dagrun for example_xcom to 2021-01-01 00:00:00+00:00, run_after=2021-01-01 00:00:00+00:00
[2026-06-01T20:01:34.054+0000] {processor.py:183} INFO - Processing /home/airflow/.local/lib/python3.12/site-packages/airflow/example_dags/example_xcom.py took 0.063 seconds
[2026-06-01T20:02:04.230+0000] {processor.py:161} INFO - Started process (PID=13516) to work on /home/airflow/.local/lib/python3.12/site-packages/airflow/example_dags/example_xcom.py
[2026-06-01T20:02:04.231+0000] {processor.py:830} INFO - Processing file /home/airflow/.local/lib/python3.12/site-packages/airflow/example_dags/example_xcom.py for tasks to queue
[2026-06-01T20:02:04.235+0000] {logging_mixin.py:188} INFO - [2026-06-01T20:02:04.234+0000] {dagbag.py:540} INFO - Filling up the DagBag from /home/airflow/.local/lib/python3.12/site-packages/airflow/example_dags/example_xcom.py
[2026-06-01T20:02:04.242+0000] {processor.py:840} INFO - DAG(s) 'example_xcom' retrieved from /home/airflow/.local/lib/python3.12/site-packages/airflow/example_dags/example_xcom.py
[2026-06-01T20:02:04.264+0000] {logging_mixin.py:188} INFO - [2026-06-01T20:02:04.264+0000] {dag.py:3096} INFO - Sync 1 DAGs
[2026-06-01T20:02:04.283+0000] {logging_mixin.py:188} INFO - [2026-06-01T20:02:04.283+0000] {dag.py:3954} INFO - Setting next_dagrun for example_xcom to 2021-01-01 00:00:00+00:00, run_after=2021-01-01 00:00:00+00:00
[2026-06-01T20:02:04.301+0000] {processor.py:183} INFO - Processing /home/airflow/.local/lib/python3.12/site-packages/airflow/example_dags/example_xcom.py took 0.076 seconds
[2026-06-01T20:02:34.461+0000] {processor.py:161} INFO - Started process (PID=13575) to work on /home/airflow/.local/lib/python3.12/site-packages/airflow/example_dags/example_xcom.py
[2026-06-01T20:02:34.461+0000] {processor.py:830} INFO - Processing file /home/airflow/.local/lib/python3.12/site-packages/airflow/example_dags/example_xcom.py for tasks to queue
[2026-06-01T20:02:34.463+0000] {logging_mixin.py:188} INFO - [2026-06-01T20:02:34.463+0000] {dagbag.py:540} INFO - Filling up the DagBag from /home/airflow/.local/lib/python3.12/site-packages/airflow/example_dags/example_xcom.py
[2026-06-01T20:02:34.470+0000] {processor.py:840} INFO - DAG(s) 'example_xcom' retrieved from /home/airflow/.local/lib/python3.12/site-packages/airflow/example_dags/example_xcom.py
[2026-06-01T20:02:34.487+0000] {logging_mixin.py:188} INFO - [2026-06-01T20:02:34.487+0000] {dag.py:3096} INFO - Sync 1 DAGs
[2026-06-01T20:02:34.506+0000] {logging_mixin.py:188} INFO - [2026-06-01T20:02:34.505+0000] {dag.py:3954} INFO - Setting next_dagrun for example_xcom to 2021-01-01 00:00:00+00:00, run_after=2021-01-01 00:00:00+00:00
[2026-06-01T20:02:34.522+0000] {processor.py:183} INFO - Processing /home/airflow/.local/lib/python3.12/site-packages/airflow/example_dags/example_xcom.py took 0.067 seconds
[2026-06-01T20:03:04.613+0000] {processor.py:161} INFO - Started process (PID=13634) to work on /home/airflow/.local/lib/python3.12/site-packages/airflow/example_dags/example_xcom.py
[2026-06-01T20:03:04.614+0000] {processor.py:830} INFO - Processing file /home/airflow/.local/lib/python3.12/site-packages/airflow/example_dags/example_xcom.py for tasks to queue
[2026-06-01T20:03:04.616+0000] {logging_mixin.py:188} INFO - [2026-06-01T20:03:04.616+0000] {dagbag.py:540} INFO - Filling up the DagBag from /home/airflow/.local/lib/python3.12/site-packages/airflow/example_dags/example_xcom.py
[2026-06-01T20:03:04.623+0000] {processor.py:840} INFO - DAG(s) 'example_xcom' retrieved from /home/airflow/.local/lib/python3.12/site-packages/airflow/example_dags/example_xcom.py
[2026-06-01T20:03:04.642+0000] {logging_mixin.py:188} INFO - [2026-06-01T20:03:04.642+0000] {dag.py:3096} INFO - Sync 1 DAGs
[2026-06-01T20:03:04.660+0000] {logging_mixin.py:188} INFO - [2026-06-01T20:03:04.660+0000] {dag.py:3954} INFO - Setting next_dagrun for example_xcom to 2021-01-01 00:00:00+00:00, run_after=2021-01-01 00:00:00+00:00
[2026-06-01T20:03:04.680+0000] {processor.py:183} INFO - Processing /home/airflow/.local/lib/python3.12/site-packages/airflow/example_dags/example_xcom.py took 0.072 seconds
[2026-06-01T20:03:34.811+0000] {processor.py:161} INFO - Started process (PID=13694) to work on /home/airflow/.local/lib/python3.12/site-packages/airflow/example_dags/example_xcom.py
[2026-06-01T20:03:34.812+0000] {processor.py:830} INFO - Processing file /home/airflow/.local/lib/python3.12/site-packages/airflow/example_dags/example_xcom.py for tasks to queue
[2026-06-01T20:03:34.814+0000] {logging_mixin.py:188} INFO - [2026-06-01T20:03:34.814+0000] {dagbag.py:540} INFO - Filling up the DagBag from /home/airflow/.local/lib/python3.12/site-packages/airflow/example_dags/example_xcom.py
[2026-06-01T20:03:34.821+0000] {processor.py:840} INFO - DAG(s) 'example_xcom' retrieved from /home/airflow/.local/lib/python3.12/site-packages/airflow/example_dags/example_xcom.py
[2026-06-01T20:03:34.839+0000] {logging_mixin.py:188} INFO - [2026-06-01T20:03:34.839+0000] {dag.py:3096} INFO - Sync 1 DAGs
[2026-06-01T20:03:34.859+0000] {logging_mixin.py:188} INFO - [2026-06-01T20:03:34.859+0000] {dag.py:3954} INFO - Setting next_dagrun for example_xcom to 2021-01-01 00:00:00+00:00, run_after=2021-01-01 00:00:00+00:00
[2026-06-01T20:03:34.876+0000] {processor.py:183} INFO - Processing /home/airflow/.local/lib/python3.12/site-packages/airflow/example_dags/example_xcom.py took 0.071 seconds
[2026-06-01T20:04:05.631+0000] {processor.py:161} INFO - Started process (PID=13753) to work on /home/airflow/.local/lib/python3.12/site-packages/airflow/example_dags/example_xcom.py
[2026-06-01T20:04:05.632+0000] {processor.py:830} INFO - Processing file /home/airflow/.local/lib/python3.12/site-packages/airflow/example_dags/example_xcom.py for tasks to queue
[2026-06-01T20:04:05.634+0000] {logging_mixin.py:188} INFO - [2026-06-01T20:04:05.633+0000] {dagbag.py:540} INFO - Filling up the DagBag from /home/airflow/.local/lib/python3.12/site-packages/airflow/example_dags/example_xcom.py
[2026-06-01T20:04:05.642+0000] {processor.py:840} INFO - DAG(s) 'example_xcom' retrieved from /home/airflow/.local/lib/python3.12/site-packages/airflow/example_dags/example_xcom.py
[2026-06-01T20:04:05.664+0000] {logging_mixin.py:188} INFO - [2026-06-01T20:04:05.664+0000] {dag.py:3096} INFO - Sync 1 DAGs
[2026-06-01T20:04:05.685+0000] {logging_mixin.py:188} INFO - [2026-06-01T20:04:05.685+0000] {dag.py:3954} INFO - Setting next_dagrun for example_xcom to 2021-01-01 00:00:00+00:00, run_after=2021-01-01 00:00:00+00:00
[2026-06-01T20:04:05.702+0000] {processor.py:183} INFO - Processing /home/airflow/.local/lib/python3.12/site-packages/airflow/example_dags/example_xcom.py took 0.077 seconds
[2026-06-01T20:04:35.762+0000] {processor.py:161} INFO - Started process (PID=13812) to work on /home/airflow/.local/lib/python3.12/site-packages/airflow/example_dags/example_xcom.py
[2026-06-01T20:04:35.764+0000] {processor.py:830} INFO - Processing file /home/airflow/.local/lib/python3.12/site-packages/airflow/example_dags/example_xcom.py for tasks to queue
[2026-06-01T20:04:35.766+0000] {logging_mixin.py:188} INFO - [2026-06-01T20:04:35.766+0000] {dagbag.py:540} INFO - Filling up the DagBag from /home/airflow/.local/lib/python3.12/site-packages/airflow/example_dags/example_xcom.py
[2026-06-01T20:04:35.773+0000] {processor.py:840} INFO - DAG(s) 'example_xcom' retrieved from /home/airflow/.local/lib/python3.12/site-packages/airflow/example_dags/example_xcom.py
[2026-06-01T20:04:35.791+0000] {logging_mixin.py:188} INFO - [2026-06-01T20:04:35.791+0000] {dag.py:3096} INFO - Sync 1 DAGs
[2026-06-01T20:04:35.810+0000] {logging_mixin.py:188} INFO - [2026-06-01T20:04:35.810+0000] {dag.py:3954} INFO - Setting next_dagrun for example_xcom to 2021-01-01 00:00:00+00:00, run_after=2021-01-01 00:00:00+00:00
[2026-06-01T20:04:35.831+0000] {processor.py:183} INFO - Processing /home/airflow/.local/lib/python3.12/site-packages/airflow/example_dags/example_xcom.py took 0.074 seconds
[2026-06-01T20:05:06.407+0000] {processor.py:161} INFO - Started process (PID=13871) to work on /home/airflow/.local/lib/python3.12/site-packages/airflow/example_dags/example_xcom.py
[2026-06-01T20:05:06.408+0000] {processor.py:830} INFO - Processing file /home/airflow/.local/lib/python3.12/site-packages/airflow/example_dags/example_xcom.py for tasks to queue
[2026-06-01T20:05:06.409+0000] {logging_mixin.py:188} INFO - [2026-06-01T20:05:06.409+0000] {dagbag.py:540} INFO - Filling up the DagBag from /home/airflow/.local/lib/python3.12/site-packages/airflow/example_dags/example_xcom.py
[2026-06-01T20:05:06.416+0000] {processor.py:840} INFO - DAG(s) 'example_xcom' retrieved from /home/airflow/.local/lib/python3.12/site-packages/airflow/example_dags/example_xcom.py
[2026-06-01T20:05:06.434+0000] {logging_mixin.py:188} INFO - [2026-06-01T20:05:06.433+0000] {dag.py:3096} INFO - Sync 1 DAGs
[2026-06-01T20:05:06.451+0000] {logging_mixin.py:188} INFO - [2026-06-01T20:05:06.451+0000] {dag.py:3954} INFO - Setting next_dagrun for example_xcom to 2021-01-01 00:00:00+00:00, run_after=2021-01-01 00:00:00+00:00
[2026-06-01T20:05:06.470+0000] {processor.py:183} INFO - Processing /home/airflow/.local/lib/python3.12/site-packages/airflow/example_dags/example_xcom.py took 0.068 seconds
[2026-06-01T20:05:37.240+0000] {processor.py:161} INFO - Started process (PID=13930) to work on /home/airflow/.local/lib/python3.12/site-packages/airflow/example_dags/example_xcom.py
[2026-06-01T20:05:37.241+0000] {processor.py:830} INFO - Processing file /home/airflow/.local/lib/python3.12/site-packages/airflow/example_dags/example_xcom.py for tasks to queue
[2026-06-01T20:05:37.243+0000] {logging_mixin.py:188} INFO - [2026-06-01T20:05:37.243+0000] {dagbag.py:540} INFO - Filling up the DagBag from /home/airflow/.local/lib/python3.12/site-packages/airflow/example_dags/example_xcom.py
[2026-06-01T20:05:37.249+0000] {processor.py:840} INFO - DAG(s) 'example_xcom' retrieved from /home/airflow/.local/lib/python3.12/site-packages/airflow/example_dags/example_xcom.py
[2026-06-01T20:05:37.268+0000] {logging_mixin.py:188} INFO - [2026-06-01T20:05:37.268+0000] {dag.py:3096} INFO - Sync 1 DAGs
[2026-06-01T20:05:37.286+0000] {logging_mixin.py:188} INFO - [2026-06-01T20:05:37.286+0000] {dag.py:3954} INFO - Setting next_dagrun for example_xcom to 2021-01-01 00:00:00+00:00, run_after=2021-01-01 00:00:00+00:00
[2026-06-01T20:05:37.307+0000] {processor.py:183} INFO - Processing /home/airflow/.local/lib/python3.12/site-packages/airflow/example_dags/example_xcom.py took 0.072 seconds
[2026-06-01T20:06:07.910+0000] {processor.py:161} INFO - Started process (PID=13989) to work on /home/airflow/.local/lib/python3.12/site-packages/airflow/example_dags/example_xcom.py
[2026-06-01T20:06:07.911+0000] {processor.py:830} INFO - Processing file /home/airflow/.local/lib/python3.12/site-packages/airflow/example_dags/example_xcom.py for tasks to queue
[2026-06-01T20:06:07.914+0000] {logging_mixin.py:188} INFO - [2026-06-01T20:06:07.913+0000] {dagbag.py:540} INFO - Filling up the DagBag from /home/airflow/.local/lib/python3.12/site-packages/airflow/example_dags/example_xcom.py
[2026-06-01T20:06:07.923+0000] {processor.py:840} INFO - DAG(s) 'example_xcom' retrieved from /home/airflow/.local/lib/python3.12/site-packages/airflow/example_dags/example_xcom.py
[2026-06-01T20:06:07.944+0000] {logging_mixin.py:188} INFO - [2026-06-01T20:06:07.943+0000] {dag.py:3096} INFO - Sync 1 DAGs
[2026-06-01T20:06:07.964+0000] {logging_mixin.py:188} INFO - [2026-06-01T20:06:07.964+0000] {dag.py:3954} INFO - Setting next_dagrun for example_xcom to 2021-01-01 00:00:00+00:00, run_after=2021-01-01 00:00:00+00:00
[2026-06-01T20:06:07.982+0000] {processor.py:183} INFO - Processing /home/airflow/.local/lib/python3.12/site-packages/airflow/example_dags/example_xcom.py took 0.077 seconds
[2026-06-01T20:06:38.198+0000] {processor.py:161} INFO - Started process (PID=14048) to work on /home/airflow/.local/lib/python3.12/site-packages/airflow/example_dags/example_xcom.py
[2026-06-01T20:06:38.199+0000] {processor.py:830} INFO - Processing file /home/airflow/.local/lib/python3.12/site-packages/airflow/example_dags/example_xcom.py for tasks to queue
[2026-06-01T20:06:38.200+0000] {logging_mixin.py:188} INFO - [2026-06-01T20:06:38.200+0000] {dagbag.py:540} INFO - Filling up the DagBag from /home/airflow/.local/lib/python3.12/site-packages/airflow/example_dags/example_xcom.py
[2026-06-01T20:06:38.208+0000] {processor.py:840} INFO - DAG(s) 'example_xcom' retrieved from /home/airflow/.local/lib/python3.12/site-packages/airflow/example_dags/example_xcom.py
[2026-06-01T20:06:38.227+0000] {logging_mixin.py:188} INFO - [2026-06-01T20:06:38.226+0000] {dag.py:3096} INFO - Sync 1 DAGs
[2026-06-01T20:06:38.245+0000] {logging_mixin.py:188} INFO - [2026-06-01T20:06:38.245+0000] {dag.py:3954} INFO - Setting next_dagrun for example_xcom to 2021-01-01 00:00:00+00:00, run_after=2021-01-01 00:00:00+00:00
[2026-06-01T20:06:38.263+0000] {processor.py:183} INFO - Processing /home/airflow/.local/lib/python3.12/site-packages/airflow/example_dags/example_xcom.py took 0.070 seconds
[2026-06-01T20:07:08.535+0000] {processor.py:161} INFO - Started process (PID=14107) to work on /home/airflow/.local/lib/python3.12/site-packages/airflow/example_dags/example_xcom.py
[2026-06-01T20:07:08.537+0000] {processor.py:830} INFO - Processing file /home/airflow/.local/lib/python3.12/site-packages/airflow/example_dags/example_xcom.py for tasks to queue
[2026-06-01T20:07:08.539+0000] {logging_mixin.py:188} INFO - [2026-06-01T20:07:08.538+0000] {dagbag.py:540} INFO - Filling up the DagBag from /home/airflow/.local/lib/python3.12/site-packages/airflow/example_dags/example_xcom.py
[2026-06-01T20:07:08.547+0000] {processor.py:840} INFO - DAG(s) 'example_xcom' retrieved from /home/airflow/.local/lib/python3.12/site-packages/airflow/example_dags/example_xcom.py
[2026-06-01T20:07:08.568+0000] {logging_mixin.py:188} INFO - [2026-06-01T20:07:08.568+0000] {dag.py:3096} INFO - Sync 1 DAGs
[2026-06-01T20:07:08.586+0000] {logging_mixin.py:188} INFO - [2026-06-01T20:07:08.586+0000] {dag.py:3954} INFO - Setting next_dagrun for example_xcom to 2021-01-01 00:00:00+00:00, run_after=2021-01-01 00:00:00+00:00
[2026-06-01T20:07:08.603+0000] {processor.py:183} INFO - Processing /home/airflow/.local/lib/python3.12/site-packages/airflow/example_dags/example_xcom.py took 0.074 seconds
[2026-06-01T20:07:38.752+0000] {processor.py:161} INFO - Started process (PID=14166) to work on /home/airflow/.local/lib/python3.12/site-packages/airflow/example_dags/example_xcom.py
[2026-06-01T20:07:38.753+0000] {processor.py:830} INFO - Processing file /home/airflow/.local/lib/python3.12/site-packages/airflow/example_dags/example_xcom.py for tasks to queue
[2026-06-01T20:07:38.756+0000] {logging_mixin.py:188} INFO - [2026-06-01T20:07:38.755+0000] {dagbag.py:540} INFO - Filling up the DagBag from /home/airflow/.local/lib/python3.12/site-packages/airflow/example_dags/example_xcom.py
[2026-06-01T20:07:38.767+0000] {processor.py:840} INFO - DAG(s) 'example_xcom' retrieved from /home/airflow/.local/lib/python3.12/site-packages/airflow/example_dags/example_xcom.py
[2026-06-01T20:07:38.794+0000] {logging_mixin.py:188} INFO - [2026-06-01T20:07:38.793+0000] {dag.py:3096} INFO - Sync 1 DAGs
[2026-06-01T20:07:38.827+0000] {logging_mixin.py:188} INFO - [2026-06-01T20:07:38.826+0000] {dag.py:3954} INFO - Setting next_dagrun for example_xcom to 2021-01-01 00:00:00+00:00, run_after=2021-01-01 00:00:00+00:00
[2026-06-01T20:07:38.854+0000] {processor.py:183} INFO - Processing /home/airflow/.local/lib/python3.12/site-packages/airflow/example_dags/example_xcom.py took 0.110 seconds
[2026-06-01T20:08:09.023+0000] {processor.py:161} INFO - Started process (PID=14225) to work on /home/airflow/.local/lib/python3.12/site-packages/airflow/example_dags/example_xcom.py
[2026-06-01T20:08:09.024+0000] {processor.py:830} INFO - Processing file /home/airflow/.local/lib/python3.12/site-packages/airflow/example_dags/example_xcom.py for tasks to queue
[2026-06-01T20:08:09.026+0000] {logging_mixin.py:188} INFO - [2026-06-01T20:08:09.025+0000] {dagbag.py:540} INFO - Filling up the DagBag from /home/airflow/.local/lib/python3.12/site-packages/airflow/example_dags/example_xcom.py
[2026-06-01T20:08:09.032+0000] {processor.py:840} INFO - DAG(s) 'example_xcom' retrieved from /home/airflow/.local/lib/python3.12/site-packages/airflow/example_dags/example_xcom.py
[2026-06-01T20:08:09.052+0000] {logging_mixin.py:188} INFO - [2026-06-01T20:08:09.051+0000] {dag.py:3096} INFO - Sync 1 DAGs
[2026-06-01T20:08:09.071+0000] {logging_mixin.py:188} INFO - [2026-06-01T20:08:09.071+0000] {dag.py:3954} INFO - Setting next_dagrun for example_xcom to 2021-01-01 00:00:00+00:00, run_after=2021-01-01 00:00:00+00:00
[2026-06-01T20:08:09.087+0000] {processor.py:183} INFO - Processing /home/airflow/.local/lib/python3.12/site-packages/airflow/example_dags/example_xcom.py took 0.069 seconds
[2026-06-01T20:08:39.425+0000] {processor.py:161} INFO - Started process (PID=14284) to work on /home/airflow/.local/lib/python3.12/site-packages/airflow/example_dags/example_xcom.py
[2026-06-01T20:08:39.426+0000] {processor.py:830} INFO - Processing file /home/airflow/.local/lib/python3.12/site-packages/airflow/example_dags/example_xcom.py for tasks to queue
[2026-06-01T20:08:39.428+0000] {logging_mixin.py:188} INFO - [2026-06-01T20:08:39.428+0000] {dagbag.py:540} INFO - Filling up the DagBag from /home/airflow/.local/lib/python3.12/site-packages/airflow/example_dags/example_xcom.py
[2026-06-01T20:08:39.435+0000] {processor.py:840} INFO - DAG(s) 'example_xcom' retrieved from /home/airflow/.local/lib/python3.12/site-packages/airflow/example_dags/example_xcom.py
[2026-06-01T20:08:39.454+0000] {logging_mixin.py:188} INFO - [2026-06-01T20:08:39.453+0000] {dag.py:3096} INFO - Sync 1 DAGs
[2026-06-01T20:08:39.474+0000] {logging_mixin.py:188} INFO - [2026-06-01T20:08:39.473+0000] {dag.py:3954} INFO - Setting next_dagrun for example_xcom to 2021-01-01 00:00:00+00:00, run_after=2021-01-01 00:00:00+00:00
[2026-06-01T20:08:39.492+0000] {processor.py:183} INFO - Processing /home/airflow/.local/lib/python3.12/site-packages/airflow/example_dags/example_xcom.py took 0.073 seconds
[2026-06-01T20:09:09.948+0000] {processor.py:161} INFO - Started process (PID=14343) to work on /home/airflow/.local/lib/python3.12/site-packages/airflow/example_dags/example_xcom.py
[2026-06-01T20:09:09.950+0000] {processor.py:830} INFO - Processing file /home/airflow/.local/lib/python3.12/site-packages/airflow/example_dags/example_xcom.py for tasks to queue
[2026-06-01T20:09:09.952+0000] {logging_mixin.py:188} INFO - [2026-06-01T20:09:09.952+0000] {dagbag.py:540} INFO - Filling up the DagBag from /home/airflow/.local/lib/python3.12/site-packages/airflow/example_dags/example_xcom.py
[2026-06-01T20:09:09.962+0000] {processor.py:840} INFO - DAG(s) 'example_xcom' retrieved from /home/airflow/.local/lib/python3.12/site-packages/airflow/example_dags/example_xcom.py
[2026-06-01T20:09:09.983+0000] {logging_mixin.py:188} INFO - [2026-06-01T20:09:09.983+0000] {dag.py:3096} INFO - Sync 1 DAGs
[2026-06-01T20:09:10.003+0000] {logging_mixin.py:188} INFO - [2026-06-01T20:09:10.003+0000] {dag.py:3954} INFO - Setting next_dagrun for example_xcom to 2021-01-01 00:00:00+00:00, run_after=2021-01-01 00:00:00+00:00
[2026-06-01T20:09:10.021+0000] {processor.py:183} INFO - Processing /home/airflow/.local/lib/python3.12/site-packages/airflow/example_dags/example_xcom.py took 0.078 seconds
[2026-06-01T20:09:40.102+0000] {processor.py:161} INFO - Started process (PID=14402) to work on /home/airflow/.local/lib/python3.12/site-packages/airflow/example_dags/example_xcom.py
[2026-06-01T20:09:40.103+0000] {processor.py:830} INFO - Processing file /home/airflow/.local/lib/python3.12/site-packages/airflow/example_dags/example_xcom.py for tasks to queue
[2026-06-01T20:09:40.105+0000] {logging_mixin.py:188} INFO - [2026-06-01T20:09:40.104+0000] {dagbag.py:540} INFO - Filling up the DagBag from /home/airflow/.local/lib/python3.12/site-packages/airflow/example_dags/example_xcom.py
[2026-06-01T20:09:40.112+0000] {processor.py:840} INFO - DAG(s) 'example_xcom' retrieved from /home/airflow/.local/lib/python3.12/site-packages/airflow/example_dags/example_xcom.py
[2026-06-01T20:09:40.130+0000] {logging_mixin.py:188} INFO - [2026-06-01T20:09:40.130+0000] {dag.py:3096} INFO - Sync 1 DAGs
[2026-06-01T20:09:40.150+0000] {logging_mixin.py:188} INFO - [2026-06-01T20:09:40.149+0000] {dag.py:3954} INFO - Setting next_dagrun for example_xcom to 2021-01-01 00:00:00+00:00, run_after=2021-01-01 00:00:00+00:00
[2026-06-01T20:09:40.165+0000] {processor.py:183} INFO - Processing /home/airflow/.local/lib/python3.12/site-packages/airflow/example_dags/example_xcom.py took 0.068 seconds
[2026-06-01T20:10:10.283+0000] {processor.py:161} INFO - Started process (PID=14461) to work on /home/airflow/.local/lib/python3.12/site-packages/airflow/example_dags/example_xcom.py
[2026-06-01T20:10:10.284+0000] {processor.py:830} INFO - Processing file /home/airflow/.local/lib/python3.12/site-packages/airflow/example_dags/example_xcom.py for tasks to queue
[2026-06-01T20:10:10.285+0000] {logging_mixin.py:188} INFO - [2026-06-01T20:10:10.285+0000] {dagbag.py:540} INFO - Filling up the DagBag from /home/airflow/.local/lib/python3.12/site-packages/airflow/example_dags/example_xcom.py
[2026-06-01T20:10:10.292+0000] {processor.py:840} INFO - DAG(s) 'example_xcom' retrieved from /home/airflow/.local/lib/python3.12/site-packages/airflow/example_dags/example_xcom.py
[2026-06-01T20:10:10.310+0000] {logging_mixin.py:188} INFO - [2026-06-01T20:10:10.310+0000] {dag.py:3096} INFO - Sync 1 DAGs
[2026-06-01T20:10:10.328+0000] {logging_mixin.py:188} INFO - [2026-06-01T20:10:10.328+0000] {dag.py:3954} INFO - Setting next_dagrun for example_xcom to 2021-01-01 00:00:00+00:00, run_after=2021-01-01 00:00:00+00:00
[2026-06-01T20:10:10.344+0000] {processor.py:183} INFO - Processing /home/airflow/.local/lib/python3.12/site-packages/airflow/example_dags/example_xcom.py took 0.067 seconds
[2026-06-01T20:10:40.589+0000] {processor.py:161} INFO - Started process (PID=14520) to work on /home/airflow/.local/lib/python3.12/site-packages/airflow/example_dags/example_xcom.py
[2026-06-01T20:10:40.590+0000] {processor.py:830} INFO - Processing file /home/airflow/.local/lib/python3.12/site-packages/airflow/example_dags/example_xcom.py for tasks to queue
[2026-06-01T20:10:40.592+0000] {logging_mixin.py:188} INFO - [2026-06-01T20:10:40.592+0000] {dagbag.py:540} INFO - Filling up the DagBag from /home/airflow/.local/lib/python3.12/site-packages/airflow/example_dags/example_xcom.py
[2026-06-01T20:10:40.599+0000] {processor.py:840} INFO - DAG(s) 'example_xcom' retrieved from /home/airflow/.local/lib/python3.12/site-packages/airflow/example_dags/example_xcom.py
[2026-06-01T20:10:40.618+0000] {logging_mixin.py:188} INFO - [2026-06-01T20:10:40.618+0000] {dag.py:3096} INFO - Sync 1 DAGs
[2026-06-01T20:10:40.635+0000] {logging_mixin.py:188} INFO - [2026-06-01T20:10:40.635+0000] {dag.py:3954} INFO - Setting next_dagrun for example_xcom to 2021-01-01 00:00:00+00:00, run_after=2021-01-01 00:00:00+00:00
[2026-06-01T20:10:40.652+0000] {processor.py:183} INFO - Processing /home/airflow/.local/lib/python3.12/site-packages/airflow/example_dags/example_xcom.py took 0.068 seconds
[2026-06-01T20:11:10.942+0000] {processor.py:161} INFO - Started process (PID=14579) to work on /home/airflow/.local/lib/python3.12/site-packages/airflow/example_dags/example_xcom.py
[2026-06-01T20:11:10.943+0000] {processor.py:830} INFO - Processing file /home/airflow/.local/lib/python3.12/site-packages/airflow/example_dags/example_xcom.py for tasks to queue
[2026-06-01T20:11:10.945+0000] {logging_mixin.py:188} INFO - [2026-06-01T20:11:10.945+0000] {dagbag.py:540} INFO - Filling up the DagBag from /home/airflow/.local/lib/python3.12/site-packages/airflow/example_dags/example_xcom.py
[2026-06-01T20:11:10.952+0000] {processor.py:840} INFO - DAG(s) 'example_xcom' retrieved from /home/airflow/.local/lib/python3.12/site-packages/airflow/example_dags/example_xcom.py
[2026-06-01T20:11:10.972+0000] {logging_mixin.py:188} INFO - [2026-06-01T20:11:10.972+0000] {dag.py:3096} INFO - Sync 1 DAGs
[2026-06-01T20:11:10.990+0000] {logging_mixin.py:188} INFO - [2026-06-01T20:11:10.990+0000] {dag.py:3954} INFO - Setting next_dagrun for example_xcom to 2021-01-01 00:00:00+00:00, run_after=2021-01-01 00:00:00+00:00
[2026-06-01T20:11:11.009+0000] {processor.py:183} INFO - Processing /home/airflow/.local/lib/python3.12/site-packages/airflow/example_dags/example_xcom.py took 0.072 seconds
[2026-06-01T20:11:41.266+0000] {processor.py:161} INFO - Started process (PID=14638) to work on /home/airflow/.local/lib/python3.12/site-packages/airflow/example_dags/example_xcom.py
[2026-06-01T20:11:41.267+0000] {processor.py:830} INFO - Processing file /home/airflow/.local/lib/python3.12/site-packages/airflow/example_dags/example_xcom.py for tasks to queue
[2026-06-01T20:11:41.269+0000] {logging_mixin.py:188} INFO - [2026-06-01T20:11:41.269+0000] {dagbag.py:540} INFO - Filling up the DagBag from /home/airflow/.local/lib/python3.12/site-packages/airflow/example_dags/example_xcom.py
[2026-06-01T20:11:41.279+0000] {processor.py:840} INFO - DAG(s) 'example_xcom' retrieved from /home/airflow/.local/lib/python3.12/site-packages/airflow/example_dags/example_xcom.py
[2026-06-01T20:11:41.301+0000] {logging_mixin.py:188} INFO - [2026-06-01T20:11:41.301+0000] {dag.py:3096} INFO - Sync 1 DAGs
[2026-06-01T20:11:41.321+0000] {logging_mixin.py:188} INFO - [2026-06-01T20:11:41.321+0000] {dag.py:3954} INFO - Setting next_dagrun for example_xcom to 2021-01-01 00:00:00+00:00, run_after=2021-01-01 00:00:00+00:00
[2026-06-01T20:11:41.343+0000] {processor.py:183} INFO - Processing /home/airflow/.local/lib/python3.12/site-packages/airflow/example_dags/example_xcom.py took 0.083 seconds
[2026-06-01T20:12:11.743+0000] {processor.py:161} INFO - Started process (PID=14698) to work on /home/airflow/.local/lib/python3.12/site-packages/airflow/example_dags/example_xcom.py
[2026-06-01T20:12:11.744+0000] {processor.py:830} INFO - Processing file /home/airflow/.local/lib/python3.12/site-packages/airflow/example_dags/example_xcom.py for tasks to queue
[2026-06-01T20:12:11.746+0000] {logging_mixin.py:188} INFO - [2026-06-01T20:12:11.746+0000] {dagbag.py:540} INFO - Filling up the DagBag from /home/airflow/.local/lib/python3.12/site-packages/airflow/example_dags/example_xcom.py
[2026-06-01T20:12:11.753+0000] {processor.py:840} INFO - DAG(s) 'example_xcom' retrieved from /home/airflow/.local/lib/python3.12/site-packages/airflow/example_dags/example_xcom.py
[2026-06-01T20:12:11.771+0000] {logging_mixin.py:188} INFO - [2026-06-01T20:12:11.771+0000] {dag.py:3096} INFO - Sync 1 DAGs
[2026-06-01T20:12:11.789+0000] {logging_mixin.py:188} INFO - [2026-06-01T20:12:11.789+0000] {dag.py:3954} INFO - Setting next_dagrun for example_xcom to 2021-01-01 00:00:00+00:00, run_after=2021-01-01 00:00:00+00:00
[2026-06-01T20:12:11.806+0000] {processor.py:183} INFO - Processing /home/airflow/.local/lib/python3.12/site-packages/airflow/example_dags/example_xcom.py took 0.068 seconds
[2026-06-01T20:12:42.445+0000] {processor.py:161} INFO - Started process (PID=14757) to work on /home/airflow/.local/lib/python3.12/site-packages/airflow/example_dags/example_xcom.py
[2026-06-01T20:12:42.446+0000] {processor.py:830} INFO - Processing file /home/airflow/.local/lib/python3.12/site-packages/airflow/example_dags/example_xcom.py for tasks to queue
[2026-06-01T20:12:42.448+0000] {logging_mixin.py:188} INFO - [2026-06-01T20:12:42.447+0000] {dagbag.py:540} INFO - Filling up the DagBag from /home/airflow/.local/lib/python3.12/site-packages/airflow/example_dags/example_xcom.py
[2026-06-01T20:12:42.456+0000] {processor.py:840} INFO - DAG(s) 'example_xcom' retrieved from /home/airflow/.local/lib/python3.12/site-packages/airflow/example_dags/example_xcom.py
[2026-06-01T20:12:42.475+0000] {logging_mixin.py:188} INFO - [2026-06-01T20:12:42.475+0000] {dag.py:3096} INFO - Sync 1 DAGs
[2026-06-01T20:12:42.627+0000] {logging_mixin.py:188} INFO - [2026-06-01T20:12:42.627+0000] {dag.py:3954} INFO - Setting next_dagrun for example_xcom to 2021-01-01 00:00:00+00:00, run_after=2021-01-01 00:00:00+00:00
[2026-06-01T20:12:42.643+0000] {processor.py:183} INFO - Processing /home/airflow/.local/lib/python3.12/site-packages/airflow/example_dags/example_xcom.py took 0.203 seconds
[2026-06-01T20:13:12.851+0000] {processor.py:161} INFO - Started process (PID=14816) to work on /home/airflow/.local/lib/python3.12/site-packages/airflow/example_dags/example_xcom.py
[2026-06-01T20:13:12.852+0000] {processor.py:830} INFO - Processing file /home/airflow/.local/lib/python3.12/site-packages/airflow/example_dags/example_xcom.py for tasks to queue
[2026-06-01T20:13:12.854+0000] {logging_mixin.py:188} INFO - [2026-06-01T20:13:12.854+0000] {dagbag.py:540} INFO - Filling up the DagBag from /home/airflow/.local/lib/python3.12/site-packages/airflow/example_dags/example_xcom.py
[2026-06-01T20:13:12.862+0000] {processor.py:840} INFO - DAG(s) 'example_xcom' retrieved from /home/airflow/.local/lib/python3.12/site-packages/airflow/example_dags/example_xcom.py
[2026-06-01T20:13:12.881+0000] {logging_mixin.py:188} INFO - [2026-06-01T20:13:12.881+0000] {dag.py:3096} INFO - Sync 1 DAGs
[2026-06-01T20:13:12.899+0000] {logging_mixin.py:188} INFO - [2026-06-01T20:13:12.899+0000] {dag.py:3954} INFO - Setting next_dagrun for example_xcom to 2021-01-01 00:00:00+00:00, run_after=2021-01-01 00:00:00+00:00
[2026-06-01T20:13:12.918+0000] {processor.py:183} INFO - Processing /home/airflow/.local/lib/python3.12/site-packages/airflow/example_dags/example_xcom.py took 0.072 seconds
[2026-06-01T20:13:43.193+0000] {processor.py:161} INFO - Started process (PID=14875) to work on /home/airflow/.local/lib/python3.12/site-packages/airflow/example_dags/example_xcom.py
[2026-06-01T20:13:43.194+0000] {processor.py:830} INFO - Processing file /home/airflow/.local/lib/python3.12/site-packages/airflow/example_dags/example_xcom.py for tasks to queue
[2026-06-01T20:13:43.196+0000] {logging_mixin.py:188} INFO - [2026-06-01T20:13:43.196+0000] {dagbag.py:540} INFO - Filling up the DagBag from /home/airflow/.local/lib/python3.12/site-packages/airflow/example_dags/example_xcom.py
[2026-06-01T20:13:43.203+0000] {processor.py:840} INFO - DAG(s) 'example_xcom' retrieved from /home/airflow/.local/lib/python3.12/site-packages/airflow/example_dags/example_xcom.py
[2026-06-01T20:13:43.223+0000] {logging_mixin.py:188} INFO - [2026-06-01T20:13:43.223+0000] {dag.py:3096} INFO - Sync 1 DAGs
[2026-06-01T20:13:43.242+0000] {logging_mixin.py:188} INFO - [2026-06-01T20:13:43.242+0000] {dag.py:3954} INFO - Setting next_dagrun for example_xcom to 2021-01-01 00:00:00+00:00, run_after=2021-01-01 00:00:00+00:00
[2026-06-01T20:13:43.258+0000] {processor.py:183} INFO - Processing /home/airflow/.local/lib/python3.12/site-packages/airflow/example_dags/example_xcom.py took 0.070 seconds
[2026-06-01T20:14:13.649+0000] {processor.py:161} INFO - Started process (PID=14934) to work on /home/airflow/.local/lib/python3.12/site-packages/airflow/example_dags/example_xcom.py
[2026-06-01T20:14:13.650+0000] {processor.py:830} INFO - Processing file /home/airflow/.local/lib/python3.12/site-packages/airflow/example_dags/example_xcom.py for tasks to queue
[2026-06-01T20:14:13.651+0000] {logging_mixin.py:188} INFO - [2026-06-01T20:14:13.651+0000] {dagbag.py:540} INFO - Filling up the DagBag from /home/airflow/.local/lib/python3.12/site-packages/airflow/example_dags/example_xcom.py
[2026-06-01T20:14:13.658+0000] {processor.py:840} INFO - DAG(s) 'example_xcom' retrieved from /home/airflow/.local/lib/python3.12/site-packages/airflow/example_dags/example_xcom.py
[2026-06-01T20:14:13.676+0000] {logging_mixin.py:188} INFO - [2026-06-01T20:14:13.676+0000] {dag.py:3096} INFO - Sync 1 DAGs
[2026-06-01T20:14:13.697+0000] {logging_mixin.py:188} INFO - [2026-06-01T20:14:13.697+0000] {dag.py:3954} INFO - Setting next_dagrun for example_xcom to 2021-01-01 00:00:00+00:00, run_after=2021-01-01 00:00:00+00:00
[2026-06-01T20:14:13.716+0000] {processor.py:183} INFO - Processing /home/airflow/.local/lib/python3.12/site-packages/airflow/example_dags/example_xcom.py took 0.073 seconds
[2026-06-01T20:14:44.532+0000] {processor.py:161} INFO - Started process (PID=14993) to work on /home/airflow/.local/lib/python3.12/site-packages/airflow/example_dags/example_xcom.py
[2026-06-01T20:14:44.533+0000] {processor.py:830} INFO - Processing file /home/airflow/.local/lib/python3.12/site-packages/airflow/example_dags/example_xcom.py for tasks to queue
[2026-06-01T20:14:44.535+0000] {logging_mixin.py:188} INFO - [2026-06-01T20:14:44.534+0000] {dagbag.py:540} INFO - Filling up the DagBag from /home/airflow/.local/lib/python3.12/site-packages/airflow/example_dags/example_xcom.py
[2026-06-01T20:14:44.681+0000] {processor.py:840} INFO - DAG(s) 'example_xcom' retrieved from /home/airflow/.local/lib/python3.12/site-packages/airflow/example_dags/example_xcom.py
[2026-06-01T20:14:44.700+0000] {logging_mixin.py:188} INFO - [2026-06-01T20:14:44.700+0000] {dag.py:3096} INFO - Sync 1 DAGs
[2026-06-01T20:14:44.717+0000] {logging_mixin.py:188} INFO - [2026-06-01T20:14:44.717+0000] {dag.py:3954} INFO - Setting next_dagrun for example_xcom to 2021-01-01 00:00:00+00:00, run_after=2021-01-01 00:00:00+00:00
[2026-06-01T20:14:44.736+0000] {processor.py:183} INFO - Processing /home/airflow/.local/lib/python3.12/site-packages/airflow/example_dags/example_xcom.py took 0.209 seconds
[2026-06-01T20:15:15.562+0000] {processor.py:161} INFO - Started process (PID=15052) to work on /home/airflow/.local/lib/python3.12/site-packages/airflow/example_dags/example_xcom.py
[2026-06-01T20:15:15.563+0000] {processor.py:830} INFO - Processing file /home/airflow/.local/lib/python3.12/site-packages/airflow/example_dags/example_xcom.py for tasks to queue
[2026-06-01T20:15:15.566+0000] {logging_mixin.py:188} INFO - [2026-06-01T20:15:15.565+0000] {dagbag.py:540} INFO - Filling up the DagBag from /home/airflow/.local/lib/python3.12/site-packages/airflow/example_dags/example_xcom.py
[2026-06-01T20:15:15.573+0000] {processor.py:840} INFO - DAG(s) 'example_xcom' retrieved from /home/airflow/.local/lib/python3.12/site-packages/airflow/example_dags/example_xcom.py
[2026-06-01T20:15:15.594+0000] {logging_mixin.py:188} INFO - [2026-06-01T20:15:15.593+0000] {dag.py:3096} INFO - Sync 1 DAGs
[2026-06-01T20:15:15.614+0000] {logging_mixin.py:188} INFO - [2026-06-01T20:15:15.613+0000] {dag.py:3954} INFO - Setting next_dagrun for example_xcom to 2021-01-01 00:00:00+00:00, run_after=2021-01-01 00:00:00+00:00
[2026-06-01T20:15:15.633+0000] {processor.py:183} INFO - Processing /home/airflow/.local/lib/python3.12/site-packages/airflow/example_dags/example_xcom.py took 0.076 seconds
[2026-06-01T20:15:46.266+0000] {processor.py:161} INFO - Started process (PID=15111) to work on /home/airflow/.local/lib/python3.12/site-packages/airflow/example_dags/example_xcom.py
[2026-06-01T20:15:46.267+0000] {processor.py:830} INFO - Processing file /home/airflow/.local/lib/python3.12/site-packages/airflow/example_dags/example_xcom.py for tasks to queue
[2026-06-01T20:15:46.269+0000] {logging_mixin.py:188} INFO - [2026-06-01T20:15:46.269+0000] {dagbag.py:540} INFO - Filling up the DagBag from /home/airflow/.local/lib/python3.12/site-packages/airflow/example_dags/example_xcom.py
[2026-06-01T20:15:46.276+0000] {processor.py:840} INFO - DAG(s) 'example_xcom' retrieved from /home/airflow/.local/lib/python3.12/site-packages/airflow/example_dags/example_xcom.py
[2026-06-01T20:15:46.296+0000] {logging_mixin.py:188} INFO - [2026-06-01T20:15:46.296+0000] {dag.py:3096} INFO - Sync 1 DAGs
[2026-06-01T20:15:46.314+0000] {logging_mixin.py:188} INFO - [2026-06-01T20:15:46.313+0000] {dag.py:3954} INFO - Setting next_dagrun for example_xcom to 2021-01-01 00:00:00+00:00, run_after=2021-01-01 00:00:00+00:00
[2026-06-01T20:15:46.329+0000] {processor.py:183} INFO - Processing /home/airflow/.local/lib/python3.12/site-packages/airflow/example_dags/example_xcom.py took 0.068 seconds
[2026-06-01T20:16:16.794+0000] {processor.py:161} INFO - Started process (PID=15170) to work on /home/airflow/.local/lib/python3.12/site-packages/airflow/example_dags/example_xcom.py
[2026-06-01T20:16:16.795+0000] {processor.py:830} INFO - Processing file /home/airflow/.local/lib/python3.12/site-packages/airflow/example_dags/example_xcom.py for tasks to queue
[2026-06-01T20:16:16.797+0000] {logging_mixin.py:188} INFO - [2026-06-01T20:16:16.797+0000] {dagbag.py:540} INFO - Filling up the DagBag from /home/airflow/.local/lib/python3.12/site-packages/airflow/example_dags/example_xcom.py
[2026-06-01T20:16:16.806+0000] {processor.py:840} INFO - DAG(s) 'example_xcom' retrieved from /home/airflow/.local/lib/python3.12/site-packages/airflow/example_dags/example_xcom.py
[2026-06-01T20:16:16.825+0000] {logging_mixin.py:188} INFO - [2026-06-01T20:16:16.824+0000] {dag.py:3096} INFO - Sync 1 DAGs
[2026-06-01T20:16:16.844+0000] {logging_mixin.py:188} INFO - [2026-06-01T20:16:16.843+0000] {dag.py:3954} INFO - Setting next_dagrun for example_xcom to 2021-01-01 00:00:00+00:00, run_after=2021-01-01 00:00:00+00:00
[2026-06-01T20:16:16.862+0000] {processor.py:183} INFO - Processing /home/airflow/.local/lib/python3.12/site-packages/airflow/example_dags/example_xcom.py took 0.074 seconds
[2026-06-01T20:16:47.453+0000] {processor.py:161} INFO - Started process (PID=15229) to work on /home/airflow/.local/lib/python3.12/site-packages/airflow/example_dags/example_xcom.py
[2026-06-01T20:16:47.454+0000] {processor.py:830} INFO - Processing file /home/airflow/.local/lib/python3.12/site-packages/airflow/example_dags/example_xcom.py for tasks to queue
[2026-06-01T20:16:47.456+0000] {logging_mixin.py:188} INFO - [2026-06-01T20:16:47.455+0000] {dagbag.py:540} INFO - Filling up the DagBag from /home/airflow/.local/lib/python3.12/site-packages/airflow/example_dags/example_xcom.py
[2026-06-01T20:16:47.463+0000] {processor.py:840} INFO - DAG(s) 'example_xcom' retrieved from /home/airflow/.local/lib/python3.12/site-packages/airflow/example_dags/example_xcom.py
[2026-06-01T20:16:47.482+0000] {logging_mixin.py:188} INFO - [2026-06-01T20:16:47.482+0000] {dag.py:3096} INFO - Sync 1 DAGs
[2026-06-01T20:16:47.500+0000] {logging_mixin.py:188} INFO - [2026-06-01T20:16:47.500+0000] {dag.py:3954} INFO - Setting next_dagrun for example_xcom to 2021-01-01 00:00:00+00:00, run_after=2021-01-01 00:00:00+00:00
[2026-06-01T20:16:47.516+0000] {processor.py:183} INFO - Processing /home/airflow/.local/lib/python3.12/site-packages/airflow/example_dags/example_xcom.py took 0.068 seconds
[2026-06-01T20:17:17.904+0000] {processor.py:161} INFO - Started process (PID=15288) to work on /home/airflow/.local/lib/python3.12/site-packages/airflow/example_dags/example_xcom.py
[2026-06-01T20:17:17.905+0000] {processor.py:830} INFO - Processing file /home/airflow/.local/lib/python3.12/site-packages/airflow/example_dags/example_xcom.py for tasks to queue
[2026-06-01T20:17:17.907+0000] {logging_mixin.py:188} INFO - [2026-06-01T20:17:17.907+0000] {dagbag.py:540} INFO - Filling up the DagBag from /home/airflow/.local/lib/python3.12/site-packages/airflow/example_dags/example_xcom.py
[2026-06-01T20:17:17.915+0000] {processor.py:840} INFO - DAG(s) 'example_xcom' retrieved from /home/airflow/.local/lib/python3.12/site-packages/airflow/example_dags/example_xcom.py
[2026-06-01T20:17:17.934+0000] {logging_mixin.py:188} INFO - [2026-06-01T20:17:17.933+0000] {dag.py:3096} INFO - Sync 1 DAGs
[2026-06-01T20:17:17.952+0000] {logging_mixin.py:188} INFO - [2026-06-01T20:17:17.952+0000] {dag.py:3954} INFO - Setting next_dagrun for example_xcom to 2021-01-01 00:00:00+00:00, run_after=2021-01-01 00:00:00+00:00
[2026-06-01T20:17:17.969+0000] {processor.py:183} INFO - Processing /home/airflow/.local/lib/python3.12/site-packages/airflow/example_dags/example_xcom.py took 0.070 seconds
[2026-06-01T20:17:48.546+0000] {processor.py:161} INFO - Started process (PID=15347) to work on /home/airflow/.local/lib/python3.12/site-packages/airflow/example_dags/example_xcom.py
[2026-06-01T20:17:48.547+0000] {processor.py:830} INFO - Processing file /home/airflow/.local/lib/python3.12/site-packages/airflow/example_dags/example_xcom.py for tasks to queue
[2026-06-01T20:17:48.549+0000] {logging_mixin.py:188} INFO - [2026-06-01T20:17:48.549+0000] {dagbag.py:540} INFO - Filling up the DagBag from /home/airflow/.local/lib/python3.12/site-packages/airflow/example_dags/example_xcom.py
[2026-06-01T20:17:48.556+0000] {processor.py:840} INFO - DAG(s) 'example_xcom' retrieved from /home/airflow/.local/lib/python3.12/site-packages/airflow/example_dags/example_xcom.py
[2026-06-01T20:17:48.576+0000] {logging_mixin.py:188} INFO - [2026-06-01T20:17:48.576+0000] {dag.py:3096} INFO - Sync 1 DAGs
[2026-06-01T20:17:48.594+0000] {logging_mixin.py:188} INFO - [2026-06-01T20:17:48.593+0000] {dag.py:3954} INFO - Setting next_dagrun for example_xcom to 2021-01-01 00:00:00+00:00, run_after=2021-01-01 00:00:00+00:00
[2026-06-01T20:17:48.610+0000] {processor.py:183} INFO - Processing /home/airflow/.local/lib/python3.12/site-packages/airflow/example_dags/example_xcom.py took 0.069 seconds
[2026-06-01T20:18:19.113+0000] {processor.py:161} INFO - Started process (PID=15406) to work on /home/airflow/.local/lib/python3.12/site-packages/airflow/example_dags/example_xcom.py
[2026-06-01T20:18:19.114+0000] {processor.py:830} INFO - Processing file /home/airflow/.local/lib/python3.12/site-packages/airflow/example_dags/example_xcom.py for tasks to queue
[2026-06-01T20:18:19.118+0000] {logging_mixin.py:188} INFO - [2026-06-01T20:18:19.117+0000] {dagbag.py:540} INFO - Filling up the DagBag from /home/airflow/.local/lib/python3.12/site-packages/airflow/example_dags/example_xcom.py
[2026-06-01T20:18:19.126+0000] {processor.py:840} INFO - DAG(s) 'example_xcom' retrieved from /home/airflow/.local/lib/python3.12/site-packages/airflow/example_dags/example_xcom.py
[2026-06-01T20:18:19.145+0000] {logging_mixin.py:188} INFO - [2026-06-01T20:18:19.145+0000] {dag.py:3096} INFO - Sync 1 DAGs
[2026-06-01T20:18:19.163+0000] {logging_mixin.py:188} INFO - [2026-06-01T20:18:19.162+0000] {dag.py:3954} INFO - Setting next_dagrun for example_xcom to 2021-01-01 00:00:00+00:00, run_after=2021-01-01 00:00:00+00:00
[2026-06-01T20:18:19.181+0000] {processor.py:183} INFO - Processing /home/airflow/.local/lib/python3.12/site-packages/airflow/example_dags/example_xcom.py took 0.073 seconds
[2026-06-01T20:18:49.626+0000] {processor.py:161} INFO - Started process (PID=15465) to work on /home/airflow/.local/lib/python3.12/site-packages/airflow/example_dags/example_xcom.py
[2026-06-01T20:18:49.627+0000] {processor.py:830} INFO - Processing file /home/airflow/.local/lib/python3.12/site-packages/airflow/example_dags/example_xcom.py for tasks to queue
[2026-06-01T20:18:49.629+0000] {logging_mixin.py:188} INFO - [2026-06-01T20:18:49.629+0000] {dagbag.py:540} INFO - Filling up the DagBag from /home/airflow/.local/lib/python3.12/site-packages/airflow/example_dags/example_xcom.py
[2026-06-01T20:18:49.637+0000] {processor.py:840} INFO - DAG(s) 'example_xcom' retrieved from /home/airflow/.local/lib/python3.12/site-packages/airflow/example_dags/example_xcom.py
[2026-06-01T20:18:49.658+0000] {logging_mixin.py:188} INFO - [2026-06-01T20:18:49.658+0000] {dag.py:3096} INFO - Sync 1 DAGs
[2026-06-01T20:18:49.679+0000] {logging_mixin.py:188} INFO - [2026-06-01T20:18:49.679+0000] {dag.py:3954} INFO - Setting next_dagrun for example_xcom to 2021-01-01 00:00:00+00:00, run_after=2021-01-01 00:00:00+00:00
[2026-06-01T20:18:49.696+0000] {processor.py:183} INFO - Processing /home/airflow/.local/lib/python3.12/site-packages/airflow/example_dags/example_xcom.py took 0.076 seconds
[2026-06-01T20:19:19.771+0000] {processor.py:161} INFO - Started process (PID=15524) to work on /home/airflow/.local/lib/python3.12/site-packages/airflow/example_dags/example_xcom.py
[2026-06-01T20:19:19.772+0000] {processor.py:830} INFO - Processing file /home/airflow/.local/lib/python3.12/site-packages/airflow/example_dags/example_xcom.py for tasks to queue
[2026-06-01T20:19:19.774+0000] {logging_mixin.py:188} INFO - [2026-06-01T20:19:19.774+0000] {dagbag.py:540} INFO - Filling up the DagBag from /home/airflow/.local/lib/python3.12/site-packages/airflow/example_dags/example_xcom.py
[2026-06-01T20:19:19.782+0000] {processor.py:840} INFO - DAG(s) 'example_xcom' retrieved from /home/airflow/.local/lib/python3.12/site-packages/airflow/example_dags/example_xcom.py
[2026-06-01T20:19:19.801+0000] {logging_mixin.py:188} INFO - [2026-06-01T20:19:19.800+0000] {dag.py:3096} INFO - Sync 1 DAGs
[2026-06-01T20:19:19.820+0000] {logging_mixin.py:188} INFO - [2026-06-01T20:19:19.819+0000] {dag.py:3954} INFO - Setting next_dagrun for example_xcom to 2021-01-01 00:00:00+00:00, run_after=2021-01-01 00:00:00+00:00
[2026-06-01T20:19:19.837+0000] {processor.py:183} INFO - Processing /home/airflow/.local/lib/python3.12/site-packages/airflow/example_dags/example_xcom.py took 0.071 seconds
[2026-06-01T20:19:49.975+0000] {processor.py:161} INFO - Started process (PID=15583) to work on /home/airflow/.local/lib/python3.12/site-packages/airflow/example_dags/example_xcom.py
[2026-06-01T20:19:49.976+0000] {processor.py:830} INFO - Processing file /home/airflow/.local/lib/python3.12/site-packages/airflow/example_dags/example_xcom.py for tasks to queue
[2026-06-01T20:19:49.978+0000] {logging_mixin.py:188} INFO - [2026-06-01T20:19:49.977+0000] {dagbag.py:540} INFO - Filling up the DagBag from /home/airflow/.local/lib/python3.12/site-packages/airflow/example_dags/example_xcom.py
[2026-06-01T20:19:49.985+0000] {processor.py:840} INFO - DAG(s) 'example_xcom' retrieved from /home/airflow/.local/lib/python3.12/site-packages/airflow/example_dags/example_xcom.py
[2026-06-01T20:19:50.004+0000] {logging_mixin.py:188} INFO - [2026-06-01T20:19:50.004+0000] {dag.py:3096} INFO - Sync 1 DAGs
[2026-06-01T20:19:50.024+0000] {logging_mixin.py:188} INFO - [2026-06-01T20:19:50.023+0000] {dag.py:3954} INFO - Setting next_dagrun for example_xcom to 2021-01-01 00:00:00+00:00, run_after=2021-01-01 00:00:00+00:00
[2026-06-01T20:19:50.041+0000] {processor.py:183} INFO - Processing /home/airflow/.local/lib/python3.12/site-packages/airflow/example_dags/example_xcom.py took 0.072 seconds
[2026-06-01T20:20:20.173+0000] {processor.py:161} INFO - Started process (PID=15642) to work on /home/airflow/.local/lib/python3.12/site-packages/airflow/example_dags/example_xcom.py
[2026-06-01T20:20:20.174+0000] {processor.py:830} INFO - Processing file /home/airflow/.local/lib/python3.12/site-packages/airflow/example_dags/example_xcom.py for tasks to queue
[2026-06-01T20:20:20.176+0000] {logging_mixin.py:188} INFO - [2026-06-01T20:20:20.176+0000] {dagbag.py:540} INFO - Filling up the DagBag from /home/airflow/.local/lib/python3.12/site-packages/airflow/example_dags/example_xcom.py
[2026-06-01T20:20:20.183+0000] {processor.py:840} INFO - DAG(s) 'example_xcom' retrieved from /home/airflow/.local/lib/python3.12/site-packages/airflow/example_dags/example_xcom.py
[2026-06-01T20:20:20.202+0000] {logging_mixin.py:188} INFO - [2026-06-01T20:20:20.201+0000] {dag.py:3096} INFO - Sync 1 DAGs
[2026-06-01T20:20:20.221+0000] {logging_mixin.py:188} INFO - [2026-06-01T20:20:20.221+0000] {dag.py:3954} INFO - Setting next_dagrun for example_xcom to 2021-01-01 00:00:00+00:00, run_after=2021-01-01 00:00:00+00:00
[2026-06-01T20:20:20.240+0000] {processor.py:183} INFO - Processing /home/airflow/.local/lib/python3.12/site-packages/airflow/example_dags/example_xcom.py took 0.073 seconds
[2026-06-01T20:20:50.814+0000] {processor.py:161} INFO - Started process (PID=15701) to work on /home/airflow/.local/lib/python3.12/site-packages/airflow/example_dags/example_xcom.py
[2026-06-01T20:20:50.815+0000] {processor.py:830} INFO - Processing file /home/airflow/.local/lib/python3.12/site-packages/airflow/example_dags/example_xcom.py for tasks to queue
[2026-06-01T20:20:50.817+0000] {logging_mixin.py:188} INFO - [2026-06-01T20:20:50.817+0000] {dagbag.py:540} INFO - Filling up the DagBag from /home/airflow/.local/lib/python3.12/site-packages/airflow/example_dags/example_xcom.py
[2026-06-01T20:20:50.825+0000] {processor.py:840} INFO - DAG(s) 'example_xcom' retrieved from /home/airflow/.local/lib/python3.12/site-packages/airflow/example_dags/example_xcom.py
[2026-06-01T20:20:50.845+0000] {logging_mixin.py:188} INFO - [2026-06-01T20:20:50.845+0000] {dag.py:3096} INFO - Sync 1 DAGs
[2026-06-01T20:20:50.875+0000] {logging_mixin.py:188} INFO - [2026-06-01T20:20:50.874+0000] {dag.py:3954} INFO - Setting next_dagrun for example_xcom to 2021-01-01 00:00:00+00:00, run_after=2021-01-01 00:00:00+00:00
[2026-06-01T20:20:50.894+0000] {processor.py:183} INFO - Processing /home/airflow/.local/lib/python3.12/site-packages/airflow/example_dags/example_xcom.py took 0.086 seconds
[2026-06-01T20:21:21.570+0000] {processor.py:161} INFO - Started process (PID=15760) to work on /home/airflow/.local/lib/python3.12/site-packages/airflow/example_dags/example_xcom.py
[2026-06-01T20:21:21.571+0000] {processor.py:830} INFO - Processing file /home/airflow/.local/lib/python3.12/site-packages/airflow/example_dags/example_xcom.py for tasks to queue
[2026-06-01T20:21:21.574+0000] {logging_mixin.py:188} INFO - [2026-06-01T20:21:21.573+0000] {dagbag.py:540} INFO - Filling up the DagBag from /home/airflow/.local/lib/python3.12/site-packages/airflow/example_dags/example_xcom.py
[2026-06-01T20:21:21.581+0000] {processor.py:840} INFO - DAG(s) 'example_xcom' retrieved from /home/airflow/.local/lib/python3.12/site-packages/airflow/example_dags/example_xcom.py
[2026-06-01T20:21:21.602+0000] {logging_mixin.py:188} INFO - [2026-06-01T20:21:21.602+0000] {dag.py:3096} INFO - Sync 1 DAGs
[2026-06-01T20:21:21.623+0000] {logging_mixin.py:188} INFO - [2026-06-01T20:21:21.623+0000] {dag.py:3954} INFO - Setting next_dagrun for example_xcom to 2021-01-01 00:00:00+00:00, run_after=2021-01-01 00:00:00+00:00
[2026-06-01T20:21:21.642+0000] {processor.py:183} INFO - Processing /home/airflow/.local/lib/python3.12/site-packages/airflow/example_dags/example_xcom.py took 0.077 seconds
[2026-06-01T20:21:52.252+0000] {processor.py:161} INFO - Started process (PID=15819) to work on /home/airflow/.local/lib/python3.12/site-packages/airflow/example_dags/example_xcom.py
[2026-06-01T20:21:52.253+0000] {processor.py:830} INFO - Processing file /home/airflow/.local/lib/python3.12/site-packages/airflow/example_dags/example_xcom.py for tasks to queue
[2026-06-01T20:21:52.256+0000] {logging_mixin.py:188} INFO - [2026-06-01T20:21:52.255+0000] {dagbag.py:540} INFO - Filling up the DagBag from /home/airflow/.local/lib/python3.12/site-packages/airflow/example_dags/example_xcom.py
[2026-06-01T20:21:52.264+0000] {processor.py:840} INFO - DAG(s) 'example_xcom' retrieved from /home/airflow/.local/lib/python3.12/site-packages/airflow/example_dags/example_xcom.py
[2026-06-01T20:21:52.285+0000] {logging_mixin.py:188} INFO - [2026-06-01T20:21:52.285+0000] {dag.py:3096} INFO - Sync 1 DAGs
[2026-06-01T20:21:52.306+0000] {logging_mixin.py:188} INFO - [2026-06-01T20:21:52.305+0000] {dag.py:3954} INFO - Setting next_dagrun for example_xcom to 2021-01-01 00:00:00+00:00, run_after=2021-01-01 00:00:00+00:00
[2026-06-01T20:21:52.328+0000] {processor.py:183} INFO - Processing /home/airflow/.local/lib/python3.12/site-packages/airflow/example_dags/example_xcom.py took 0.081 seconds
[2026-06-01T20:22:22.923+0000] {processor.py:161} INFO - Started process (PID=15878) to work on /home/airflow/.local/lib/python3.12/site-packages/airflow/example_dags/example_xcom.py
[2026-06-01T20:22:22.924+0000] {processor.py:830} INFO - Processing file /home/airflow/.local/lib/python3.12/site-packages/airflow/example_dags/example_xcom.py for tasks to queue
[2026-06-01T20:22:22.926+0000] {logging_mixin.py:188} INFO - [2026-06-01T20:22:22.925+0000] {dagbag.py:540} INFO - Filling up the DagBag from /home/airflow/.local/lib/python3.12/site-packages/airflow/example_dags/example_xcom.py
[2026-06-01T20:22:22.932+0000] {processor.py:840} INFO - DAG(s) 'example_xcom' retrieved from /home/airflow/.local/lib/python3.12/site-packages/airflow/example_dags/example_xcom.py
[2026-06-01T20:22:22.950+0000] {logging_mixin.py:188} INFO - [2026-06-01T20:22:22.950+0000] {dag.py:3096} INFO - Sync 1 DAGs
[2026-06-01T20:22:22.968+0000] {logging_mixin.py:188} INFO - [2026-06-01T20:22:22.967+0000] {dag.py:3954} INFO - Setting next_dagrun for example_xcom to 2021-01-01 00:00:00+00:00, run_after=2021-01-01 00:00:00+00:00
[2026-06-01T20:22:22.984+0000] {processor.py:183} INFO - Processing /home/airflow/.local/lib/python3.12/site-packages/airflow/example_dags/example_xcom.py took 0.067 seconds
[2026-06-01T20:22:53.571+0000] {processor.py:161} INFO - Started process (PID=15937) to work on /home/airflow/.local/lib/python3.12/site-packages/airflow/example_dags/example_xcom.py
[2026-06-01T20:22:53.572+0000] {processor.py:830} INFO - Processing file /home/airflow/.local/lib/python3.12/site-packages/airflow/example_dags/example_xcom.py for tasks to queue
[2026-06-01T20:22:53.574+0000] {logging_mixin.py:188} INFO - [2026-06-01T20:22:53.574+0000] {dagbag.py:540} INFO - Filling up the DagBag from /home/airflow/.local/lib/python3.12/site-packages/airflow/example_dags/example_xcom.py
[2026-06-01T20:22:53.582+0000] {processor.py:840} INFO - DAG(s) 'example_xcom' retrieved from /home/airflow/.local/lib/python3.12/site-packages/airflow/example_dags/example_xcom.py
[2026-06-01T20:22:53.601+0000] {logging_mixin.py:188} INFO - [2026-06-01T20:22:53.600+0000] {dag.py:3096} INFO - Sync 1 DAGs
[2026-06-01T20:22:53.620+0000] {logging_mixin.py:188} INFO - [2026-06-01T20:22:53.619+0000] {dag.py:3954} INFO - Setting next_dagrun for example_xcom to 2021-01-01 00:00:00+00:00, run_after=2021-01-01 00:00:00+00:00
[2026-06-01T20:22:53.637+0000] {processor.py:183} INFO - Processing /home/airflow/.local/lib/python3.12/site-packages/airflow/example_dags/example_xcom.py took 0.071 seconds
[2026-06-01T20:23:24.068+0000] {processor.py:161} INFO - Started process (PID=15996) to work on /home/airflow/.local/lib/python3.12/site-packages/airflow/example_dags/example_xcom.py
[2026-06-01T20:23:24.069+0000] {processor.py:830} INFO - Processing file /home/airflow/.local/lib/python3.12/site-packages/airflow/example_dags/example_xcom.py for tasks to queue
[2026-06-01T20:23:24.071+0000] {logging_mixin.py:188} INFO - [2026-06-01T20:23:24.071+0000] {dagbag.py:540} INFO - Filling up the DagBag from /home/airflow/.local/lib/python3.12/site-packages/airflow/example_dags/example_xcom.py
[2026-06-01T20:23:24.078+0000] {processor.py:840} INFO - DAG(s) 'example_xcom' retrieved from /home/airflow/.local/lib/python3.12/site-packages/airflow/example_dags/example_xcom.py
[2026-06-01T20:23:24.098+0000] {logging_mixin.py:188} INFO - [2026-06-01T20:23:24.098+0000] {dag.py:3096} INFO - Sync 1 DAGs
[2026-06-01T20:23:24.119+0000] {logging_mixin.py:188} INFO - [2026-06-01T20:23:24.119+0000] {dag.py:3954} INFO - Setting next_dagrun for example_xcom to 2021-01-01 00:00:00+00:00, run_after=2021-01-01 00:00:00+00:00
[2026-06-01T20:23:24.138+0000] {processor.py:183} INFO - Processing /home/airflow/.local/lib/python3.12/site-packages/airflow/example_dags/example_xcom.py took 0.075 seconds
[2026-06-01T20:23:54.465+0000] {processor.py:161} INFO - Started process (PID=16055) to work on /home/airflow/.local/lib/python3.12/site-packages/airflow/example_dags/example_xcom.py
[2026-06-01T20:23:54.466+0000] {processor.py:830} INFO - Processing file /home/airflow/.local/lib/python3.12/site-packages/airflow/example_dags/example_xcom.py for tasks to queue
[2026-06-01T20:23:54.468+0000] {logging_mixin.py:188} INFO - [2026-06-01T20:23:54.467+0000] {dagbag.py:540} INFO - Filling up the DagBag from /home/airflow/.local/lib/python3.12/site-packages/airflow/example_dags/example_xcom.py
[2026-06-01T20:23:54.475+0000] {processor.py:840} INFO - DAG(s) 'example_xcom' retrieved from /home/airflow/.local/lib/python3.12/site-packages/airflow/example_dags/example_xcom.py
[2026-06-01T20:23:54.498+0000] {logging_mixin.py:188} INFO - [2026-06-01T20:23:54.497+0000] {dag.py:3096} INFO - Sync 1 DAGs
[2026-06-01T20:23:54.517+0000] {logging_mixin.py:188} INFO - [2026-06-01T20:23:54.517+0000] {dag.py:3954} INFO - Setting next_dagrun for example_xcom to 2021-01-01 00:00:00+00:00, run_after=2021-01-01 00:00:00+00:00
[2026-06-01T20:23:54.534+0000] {processor.py:183} INFO - Processing /home/airflow/.local/lib/python3.12/site-packages/airflow/example_dags/example_xcom.py took 0.074 seconds
[2026-06-01T20:24:24.951+0000] {processor.py:161} INFO - Started process (PID=16120) to work on /home/airflow/.local/lib/python3.12/site-packages/airflow/example_dags/example_xcom.py
[2026-06-01T20:24:24.952+0000] {processor.py:830} INFO - Processing file /home/airflow/.local/lib/python3.12/site-packages/airflow/example_dags/example_xcom.py for tasks to queue
[2026-06-01T20:24:24.954+0000] {logging_mixin.py:188} INFO - [2026-06-01T20:24:24.953+0000] {dagbag.py:540} INFO - Filling up the DagBag from /home/airflow/.local/lib/python3.12/site-packages/airflow/example_dags/example_xcom.py
[2026-06-01T20:24:24.962+0000] {processor.py:840} INFO - DAG(s) 'example_xcom' retrieved from /home/airflow/.local/lib/python3.12/site-packages/airflow/example_dags/example_xcom.py
[2026-06-01T20:24:24.981+0000] {logging_mixin.py:188} INFO - [2026-06-01T20:24:24.981+0000] {dag.py:3096} INFO - Sync 1 DAGs
[2026-06-01T20:24:25.000+0000] {logging_mixin.py:188} INFO - [2026-06-01T20:24:25.000+0000] {dag.py:3954} INFO - Setting next_dagrun for example_xcom to 2021-01-01 00:00:00+00:00, run_after=2021-01-01 00:00:00+00:00
[2026-06-01T20:24:25.018+0000] {processor.py:183} INFO - Processing /home/airflow/.local/lib/python3.12/site-packages/airflow/example_dags/example_xcom.py took 0.073 seconds
[2026-06-01T20:24:55.399+0000] {processor.py:161} INFO - Started process (PID=16179) to work on /home/airflow/.local/lib/python3.12/site-packages/airflow/example_dags/example_xcom.py
[2026-06-01T20:24:55.400+0000] {processor.py:830} INFO - Processing file /home/airflow/.local/lib/python3.12/site-packages/airflow/example_dags/example_xcom.py for tasks to queue
[2026-06-01T20:24:55.402+0000] {logging_mixin.py:188} INFO - [2026-06-01T20:24:55.402+0000] {dagbag.py:540} INFO - Filling up the DagBag from /home/airflow/.local/lib/python3.12/site-packages/airflow/example_dags/example_xcom.py
[2026-06-01T20:24:55.410+0000] {processor.py:840} INFO - DAG(s) 'example_xcom' retrieved from /home/airflow/.local/lib/python3.12/site-packages/airflow/example_dags/example_xcom.py
[2026-06-01T20:24:55.429+0000] {logging_mixin.py:188} INFO - [2026-06-01T20:24:55.429+0000] {dag.py:3096} INFO - Sync 1 DAGs
[2026-06-01T20:24:55.447+0000] {logging_mixin.py:188} INFO - [2026-06-01T20:24:55.447+0000] {dag.py:3954} INFO - Setting next_dagrun for example_xcom to 2021-01-01 00:00:00+00:00, run_after=2021-01-01 00:00:00+00:00
[2026-06-01T20:24:55.464+0000] {processor.py:183} INFO - Processing /home/airflow/.local/lib/python3.12/site-packages/airflow/example_dags/example_xcom.py took 0.071 seconds
[2026-06-01T20:25:25.900+0000] {processor.py:161} INFO - Started process (PID=16238) to work on /home/airflow/.local/lib/python3.12/site-packages/airflow/example_dags/example_xcom.py
[2026-06-01T20:25:25.901+0000] {processor.py:830} INFO - Processing file /home/airflow/.local/lib/python3.12/site-packages/airflow/example_dags/example_xcom.py for tasks to queue
[2026-06-01T20:25:25.903+0000] {logging_mixin.py:188} INFO - [2026-06-01T20:25:25.903+0000] {dagbag.py:540} INFO - Filling up the DagBag from /home/airflow/.local/lib/python3.12/site-packages/airflow/example_dags/example_xcom.py
[2026-06-01T20:25:25.912+0000] {processor.py:840} INFO - DAG(s) 'example_xcom' retrieved from /home/airflow/.local/lib/python3.12/site-packages/airflow/example_dags/example_xcom.py
[2026-06-01T20:25:25.933+0000] {logging_mixin.py:188} INFO - [2026-06-01T20:25:25.933+0000] {dag.py:3096} INFO - Sync 1 DAGs
[2026-06-01T20:25:25.955+0000] {logging_mixin.py:188} INFO - [2026-06-01T20:25:25.955+0000] {dag.py:3954} INFO - Setting next_dagrun for example_xcom to 2021-01-01 00:00:00+00:00, run_after=2021-01-01 00:00:00+00:00
[2026-06-01T20:25:25.975+0000] {processor.py:183} INFO - Processing /home/airflow/.local/lib/python3.12/site-packages/airflow/example_dags/example_xcom.py took 0.082 seconds
[2026-06-01T20:25:56.639+0000] {processor.py:161} INFO - Started process (PID=16297) to work on /home/airflow/.local/lib/python3.12/site-packages/airflow/example_dags/example_xcom.py
[2026-06-01T20:25:56.641+0000] {processor.py:830} INFO - Processing file /home/airflow/.local/lib/python3.12/site-packages/airflow/example_dags/example_xcom.py for tasks to queue
[2026-06-01T20:25:56.642+0000] {logging_mixin.py:188} INFO - [2026-06-01T20:25:56.642+0000] {dagbag.py:540} INFO - Filling up the DagBag from /home/airflow/.local/lib/python3.12/site-packages/airflow/example_dags/example_xcom.py
[2026-06-01T20:25:56.650+0000] {processor.py:840} INFO - DAG(s) 'example_xcom' retrieved from /home/airflow/.local/lib/python3.12/site-packages/airflow/example_dags/example_xcom.py
[2026-06-01T20:25:56.668+0000] {logging_mixin.py:188} INFO - [2026-06-01T20:25:56.668+0000] {dag.py:3096} INFO - Sync 1 DAGs
[2026-06-01T20:25:56.687+0000] {logging_mixin.py:188} INFO - [2026-06-01T20:25:56.686+0000] {dag.py:3954} INFO - Setting next_dagrun for example_xcom to 2021-01-01 00:00:00+00:00, run_after=2021-01-01 00:00:00+00:00
[2026-06-01T20:25:56.704+0000] {processor.py:183} INFO - Processing /home/airflow/.local/lib/python3.12/site-packages/airflow/example_dags/example_xcom.py took 0.070 seconds
[2026-06-01T20:26:27.413+0000] {processor.py:161} INFO - Started process (PID=16356) to work on /home/airflow/.local/lib/python3.12/site-packages/airflow/example_dags/example_xcom.py
[2026-06-01T20:26:27.414+0000] {processor.py:830} INFO - Processing file /home/airflow/.local/lib/python3.12/site-packages/airflow/example_dags/example_xcom.py for tasks to queue
[2026-06-01T20:26:27.416+0000] {logging_mixin.py:188} INFO - [2026-06-01T20:26:27.416+0000] {dagbag.py:540} INFO - Filling up the DagBag from /home/airflow/.local/lib/python3.12/site-packages/airflow/example_dags/example_xcom.py
[2026-06-01T20:26:27.424+0000] {processor.py:840} INFO - DAG(s) 'example_xcom' retrieved from /home/airflow/.local/lib/python3.12/site-packages/airflow/example_dags/example_xcom.py
[2026-06-01T20:26:27.443+0000] {logging_mixin.py:188} INFO - [2026-06-01T20:26:27.443+0000] {dag.py:3096} INFO - Sync 1 DAGs
[2026-06-01T20:26:27.462+0000] {logging_mixin.py:188} INFO - [2026-06-01T20:26:27.462+0000] {dag.py:3954} INFO - Setting next_dagrun for example_xcom to 2021-01-01 00:00:00+00:00, run_after=2021-01-01 00:00:00+00:00
[2026-06-01T20:26:27.480+0000] {processor.py:183} INFO - Processing /home/airflow/.local/lib/python3.12/site-packages/airflow/example_dags/example_xcom.py took 0.073 seconds
[2026-06-01T20:26:58.053+0000] {processor.py:161} INFO - Started process (PID=16415) to work on /home/airflow/.local/lib/python3.12/site-packages/airflow/example_dags/example_xcom.py
[2026-06-01T20:26:58.054+0000] {processor.py:830} INFO - Processing file /home/airflow/.local/lib/python3.12/site-packages/airflow/example_dags/example_xcom.py for tasks to queue
[2026-06-01T20:26:58.056+0000] {logging_mixin.py:188} INFO - [2026-06-01T20:26:58.056+0000] {dagbag.py:540} INFO - Filling up the DagBag from /home/airflow/.local/lib/python3.12/site-packages/airflow/example_dags/example_xcom.py
[2026-06-01T20:26:58.063+0000] {processor.py:840} INFO - DAG(s) 'example_xcom' retrieved from /home/airflow/.local/lib/python3.12/site-packages/airflow/example_dags/example_xcom.py
[2026-06-01T20:26:58.083+0000] {logging_mixin.py:188} INFO - [2026-06-01T20:26:58.082+0000] {dag.py:3096} INFO - Sync 1 DAGs
[2026-06-01T20:26:58.101+0000] {logging_mixin.py:188} INFO - [2026-06-01T20:26:58.101+0000] {dag.py:3954} INFO - Setting next_dagrun for example_xcom to 2021-01-01 00:00:00+00:00, run_after=2021-01-01 00:00:00+00:00
[2026-06-01T20:26:58.118+0000] {processor.py:183} INFO - Processing /home/airflow/.local/lib/python3.12/site-packages/airflow/example_dags/example_xcom.py took 0.070 seconds
[2026-06-01T20:27:28.764+0000] {processor.py:161} INFO - Started process (PID=16474) to work on /home/airflow/.local/lib/python3.12/site-packages/airflow/example_dags/example_xcom.py
[2026-06-01T20:27:28.765+0000] {processor.py:830} INFO - Processing file /home/airflow/.local/lib/python3.12/site-packages/airflow/example_dags/example_xcom.py for tasks to queue
[2026-06-01T20:27:28.767+0000] {logging_mixin.py:188} INFO - [2026-06-01T20:27:28.767+0000] {dagbag.py:540} INFO - Filling up the DagBag from /home/airflow/.local/lib/python3.12/site-packages/airflow/example_dags/example_xcom.py
[2026-06-01T20:27:28.779+0000] {processor.py:840} INFO - DAG(s) 'example_xcom' retrieved from /home/airflow/.local/lib/python3.12/site-packages/airflow/example_dags/example_xcom.py
[2026-06-01T20:27:28.803+0000] {logging_mixin.py:188} INFO - [2026-06-01T20:27:28.803+0000] {dag.py:3096} INFO - Sync 1 DAGs
[2026-06-01T20:27:28.826+0000] {logging_mixin.py:188} INFO - [2026-06-01T20:27:28.826+0000] {dag.py:3954} INFO - Setting next_dagrun for example_xcom to 2021-01-01 00:00:00+00:00, run_after=2021-01-01 00:00:00+00:00
[2026-06-01T20:27:28.851+0000] {processor.py:183} INFO - Processing /home/airflow/.local/lib/python3.12/site-packages/airflow/example_dags/example_xcom.py took 0.095 seconds
[2026-06-01T20:27:59.334+0000] {processor.py:161} INFO - Started process (PID=16533) to work on /home/airflow/.local/lib/python3.12/site-packages/airflow/example_dags/example_xcom.py
[2026-06-01T20:27:59.336+0000] {processor.py:830} INFO - Processing file /home/airflow/.local/lib/python3.12/site-packages/airflow/example_dags/example_xcom.py for tasks to queue
[2026-06-01T20:27:59.338+0000] {logging_mixin.py:188} INFO - [2026-06-01T20:27:59.337+0000] {dagbag.py:540} INFO - Filling up the DagBag from /home/airflow/.local/lib/python3.12/site-packages/airflow/example_dags/example_xcom.py
[2026-06-01T20:27:59.349+0000] {processor.py:840} INFO - DAG(s) 'example_xcom' retrieved from /home/airflow/.local/lib/python3.12/site-packages/airflow/example_dags/example_xcom.py
[2026-06-01T20:27:59.377+0000] {logging_mixin.py:188} INFO - [2026-06-01T20:27:59.377+0000] {dag.py:3096} INFO - Sync 1 DAGs
[2026-06-01T20:27:59.405+0000] {logging_mixin.py:188} INFO - [2026-06-01T20:27:59.404+0000] {dag.py:3954} INFO - Setting next_dagrun for example_xcom to 2021-01-01 00:00:00+00:00, run_after=2021-01-01 00:00:00+00:00
[2026-06-01T20:27:59.430+0000] {processor.py:183} INFO - Processing /home/airflow/.local/lib/python3.12/site-packages/airflow/example_dags/example_xcom.py took 0.101 seconds
[2026-06-01T20:28:29.972+0000] {processor.py:161} INFO - Started process (PID=16592) to work on /home/airflow/.local/lib/python3.12/site-packages/airflow/example_dags/example_xcom.py
[2026-06-01T20:28:29.973+0000] {processor.py:830} INFO - Processing file /home/airflow/.local/lib/python3.12/site-packages/airflow/example_dags/example_xcom.py for tasks to queue
[2026-06-01T20:28:29.975+0000] {logging_mixin.py:188} INFO - [2026-06-01T20:28:29.975+0000] {dagbag.py:540} INFO - Filling up the DagBag from /home/airflow/.local/lib/python3.12/site-packages/airflow/example_dags/example_xcom.py
[2026-06-01T20:28:29.982+0000] {processor.py:840} INFO - DAG(s) 'example_xcom' retrieved from /home/airflow/.local/lib/python3.12/site-packages/airflow/example_dags/example_xcom.py
[2026-06-01T20:28:30.003+0000] {logging_mixin.py:188} INFO - [2026-06-01T20:28:30.003+0000] {dag.py:3096} INFO - Sync 1 DAGs
[2026-06-01T20:28:30.021+0000] {logging_mixin.py:188} INFO - [2026-06-01T20:28:30.021+0000] {dag.py:3954} INFO - Setting next_dagrun for example_xcom to 2021-01-01 00:00:00+00:00, run_after=2021-01-01 00:00:00+00:00
[2026-06-01T20:28:30.038+0000] {processor.py:183} INFO - Processing /home/airflow/.local/lib/python3.12/site-packages/airflow/example_dags/example_xcom.py took 0.072 seconds
[2026-06-01T20:29:00.581+0000] {processor.py:161} INFO - Started process (PID=16651) to work on /home/airflow/.local/lib/python3.12/site-packages/airflow/example_dags/example_xcom.py
[2026-06-01T20:29:00.582+0000] {processor.py:830} INFO - Processing file /home/airflow/.local/lib/python3.12/site-packages/airflow/example_dags/example_xcom.py for tasks to queue
[2026-06-01T20:29:00.584+0000] {logging_mixin.py:188} INFO - [2026-06-01T20:29:00.583+0000] {dagbag.py:540} INFO - Filling up the DagBag from /home/airflow/.local/lib/python3.12/site-packages/airflow/example_dags/example_xcom.py
[2026-06-01T20:29:00.591+0000] {processor.py:840} INFO - DAG(s) 'example_xcom' retrieved from /home/airflow/.local/lib/python3.12/site-packages/airflow/example_dags/example_xcom.py
[2026-06-01T20:29:00.609+0000] {logging_mixin.py:188} INFO - [2026-06-01T20:29:00.609+0000] {dag.py:3096} INFO - Sync 1 DAGs
[2026-06-01T20:29:00.628+0000] {logging_mixin.py:188} INFO - [2026-06-01T20:29:00.628+0000] {dag.py:3954} INFO - Setting next_dagrun for example_xcom to 2021-01-01 00:00:00+00:00, run_after=2021-01-01 00:00:00+00:00
[2026-06-01T20:29:00.644+0000] {processor.py:183} INFO - Processing /home/airflow/.local/lib/python3.12/site-packages/airflow/example_dags/example_xcom.py took 0.070 seconds
[2026-06-01T20:29:30.833+0000] {processor.py:161} INFO - Started process (PID=16710) to work on /home/airflow/.local/lib/python3.12/site-packages/airflow/example_dags/example_xcom.py
[2026-06-01T20:29:30.834+0000] {processor.py:830} INFO - Processing file /home/airflow/.local/lib/python3.12/site-packages/airflow/example_dags/example_xcom.py for tasks to queue
[2026-06-01T20:29:30.837+0000] {logging_mixin.py:188} INFO - [2026-06-01T20:29:30.837+0000] {dagbag.py:540} INFO - Filling up the DagBag from /home/airflow/.local/lib/python3.12/site-packages/airflow/example_dags/example_xcom.py
[2026-06-01T20:29:30.845+0000] {processor.py:840} INFO - DAG(s) 'example_xcom' retrieved from /home/airflow/.local/lib/python3.12/site-packages/airflow/example_dags/example_xcom.py
[2026-06-01T20:29:30.867+0000] {logging_mixin.py:188} INFO - [2026-06-01T20:29:30.865+0000] {dag.py:3096} INFO - Sync 1 DAGs
[2026-06-01T20:29:30.895+0000] {logging_mixin.py:188} INFO - [2026-06-01T20:29:30.895+0000] {dag.py:3954} INFO - Setting next_dagrun for example_xcom to 2021-01-01 00:00:00+00:00, run_after=2021-01-01 00:00:00+00:00
[2026-06-01T20:29:30.914+0000] {processor.py:183} INFO - Processing /home/airflow/.local/lib/python3.12/site-packages/airflow/example_dags/example_xcom.py took 0.086 seconds
[2026-06-01T20:30:01.628+0000] {processor.py:161} INFO - Started process (PID=16769) to work on /home/airflow/.local/lib/python3.12/site-packages/airflow/example_dags/example_xcom.py
[2026-06-01T20:30:01.629+0000] {processor.py:830} INFO - Processing file /home/airflow/.local/lib/python3.12/site-packages/airflow/example_dags/example_xcom.py for tasks to queue
[2026-06-01T20:30:01.631+0000] {logging_mixin.py:188} INFO - [2026-06-01T20:30:01.631+0000] {dagbag.py:540} INFO - Filling up the DagBag from /home/airflow/.local/lib/python3.12/site-packages/airflow/example_dags/example_xcom.py
[2026-06-01T20:30:01.638+0000] {processor.py:840} INFO - DAG(s) 'example_xcom' retrieved from /home/airflow/.local/lib/python3.12/site-packages/airflow/example_dags/example_xcom.py
[2026-06-01T20:30:01.657+0000] {logging_mixin.py:188} INFO - [2026-06-01T20:30:01.657+0000] {dag.py:3096} INFO - Sync 1 DAGs
[2026-06-01T20:30:01.678+0000] {logging_mixin.py:188} INFO - [2026-06-01T20:30:01.677+0000] {dag.py:3954} INFO - Setting next_dagrun for example_xcom to 2021-01-01 00:00:00+00:00, run_after=2021-01-01 00:00:00+00:00
[2026-06-01T20:30:01.697+0000] {processor.py:183} INFO - Processing /home/airflow/.local/lib/python3.12/site-packages/airflow/example_dags/example_xcom.py took 0.074 seconds
[2026-06-01T20:30:32.284+0000] {processor.py:161} INFO - Started process (PID=16828) to work on /home/airflow/.local/lib/python3.12/site-packages/airflow/example_dags/example_xcom.py
[2026-06-01T20:30:32.285+0000] {processor.py:830} INFO - Processing file /home/airflow/.local/lib/python3.12/site-packages/airflow/example_dags/example_xcom.py for tasks to queue
[2026-06-01T20:30:32.287+0000] {logging_mixin.py:188} INFO - [2026-06-01T20:30:32.287+0000] {dagbag.py:540} INFO - Filling up the DagBag from /home/airflow/.local/lib/python3.12/site-packages/airflow/example_dags/example_xcom.py
[2026-06-01T20:30:32.294+0000] {processor.py:840} INFO - DAG(s) 'example_xcom' retrieved from /home/airflow/.local/lib/python3.12/site-packages/airflow/example_dags/example_xcom.py
[2026-06-01T20:30:32.312+0000] {logging_mixin.py:188} INFO - [2026-06-01T20:30:32.312+0000] {dag.py:3096} INFO - Sync 1 DAGs
[2026-06-01T20:30:32.332+0000] {logging_mixin.py:188} INFO - [2026-06-01T20:30:32.332+0000] {dag.py:3954} INFO - Setting next_dagrun for example_xcom to 2021-01-01 00:00:00+00:00, run_after=2021-01-01 00:00:00+00:00
[2026-06-01T20:30:32.349+0000] {processor.py:183} INFO - Processing /home/airflow/.local/lib/python3.12/site-packages/airflow/example_dags/example_xcom.py took 0.071 seconds
[2026-06-01T20:31:02.974+0000] {processor.py:161} INFO - Started process (PID=16887) to work on /home/airflow/.local/lib/python3.12/site-packages/airflow/example_dags/example_xcom.py
[2026-06-01T20:31:02.975+0000] {processor.py:830} INFO - Processing file /home/airflow/.local/lib/python3.12/site-packages/airflow/example_dags/example_xcom.py for tasks to queue
[2026-06-01T20:31:02.977+0000] {logging_mixin.py:188} INFO - [2026-06-01T20:31:02.977+0000] {dagbag.py:540} INFO - Filling up the DagBag from /home/airflow/.local/lib/python3.12/site-packages/airflow/example_dags/example_xcom.py
[2026-06-01T20:31:02.984+0000] {processor.py:840} INFO - DAG(s) 'example_xcom' retrieved from /home/airflow/.local/lib/python3.12/site-packages/airflow/example_dags/example_xcom.py
[2026-06-01T20:31:03.002+0000] {logging_mixin.py:188} INFO - [2026-06-01T20:31:03.002+0000] {dag.py:3096} INFO - Sync 1 DAGs
[2026-06-01T20:31:03.022+0000] {logging_mixin.py:188} INFO - [2026-06-01T20:31:03.021+0000] {dag.py:3954} INFO - Setting next_dagrun for example_xcom to 2021-01-01 00:00:00+00:00, run_after=2021-01-01 00:00:00+00:00
[2026-06-01T20:31:03.040+0000] {processor.py:183} INFO - Processing /home/airflow/.local/lib/python3.12/site-packages/airflow/example_dags/example_xcom.py took 0.071 seconds
[2026-06-01T20:31:33.826+0000] {processor.py:161} INFO - Started process (PID=16946) to work on /home/airflow/.local/lib/python3.12/site-packages/airflow/example_dags/example_xcom.py
[2026-06-01T20:31:33.827+0000] {processor.py:830} INFO - Processing file /home/airflow/.local/lib/python3.12/site-packages/airflow/example_dags/example_xcom.py for tasks to queue
[2026-06-01T20:31:33.829+0000] {logging_mixin.py:188} INFO - [2026-06-01T20:31:33.829+0000] {dagbag.py:540} INFO - Filling up the DagBag from /home/airflow/.local/lib/python3.12/site-packages/airflow/example_dags/example_xcom.py
[2026-06-01T20:31:33.836+0000] {processor.py:840} INFO - DAG(s) 'example_xcom' retrieved from /home/airflow/.local/lib/python3.12/site-packages/airflow/example_dags/example_xcom.py
[2026-06-01T20:31:33.855+0000] {logging_mixin.py:188} INFO - [2026-06-01T20:31:33.855+0000] {dag.py:3096} INFO - Sync 1 DAGs
[2026-06-01T20:31:33.873+0000] {logging_mixin.py:188} INFO - [2026-06-01T20:31:33.873+0000] {dag.py:3954} INFO - Setting next_dagrun for example_xcom to 2021-01-01 00:00:00+00:00, run_after=2021-01-01 00:00:00+00:00
[2026-06-01T20:31:33.889+0000] {processor.py:183} INFO - Processing /home/airflow/.local/lib/python3.12/site-packages/airflow/example_dags/example_xcom.py took 0.069 seconds
[2026-06-01T20:32:04.240+0000] {processor.py:161} INFO - Started process (PID=17005) to work on /home/airflow/.local/lib/python3.12/site-packages/airflow/example_dags/example_xcom.py
[2026-06-01T20:32:04.242+0000] {processor.py:830} INFO - Processing file /home/airflow/.local/lib/python3.12/site-packages/airflow/example_dags/example_xcom.py for tasks to queue
[2026-06-01T20:32:04.244+0000] {logging_mixin.py:188} INFO - [2026-06-01T20:32:04.243+0000] {dagbag.py:540} INFO - Filling up the DagBag from /home/airflow/.local/lib/python3.12/site-packages/airflow/example_dags/example_xcom.py
[2026-06-01T20:32:04.251+0000] {processor.py:840} INFO - DAG(s) 'example_xcom' retrieved from /home/airflow/.local/lib/python3.12/site-packages/airflow/example_dags/example_xcom.py
[2026-06-01T20:32:04.271+0000] {logging_mixin.py:188} INFO - [2026-06-01T20:32:04.271+0000] {dag.py:3096} INFO - Sync 1 DAGs
[2026-06-01T20:32:04.288+0000] {logging_mixin.py:188} INFO - [2026-06-01T20:32:04.288+0000] {dag.py:3954} INFO - Setting next_dagrun for example_xcom to 2021-01-01 00:00:00+00:00, run_after=2021-01-01 00:00:00+00:00
[2026-06-01T20:32:04.303+0000] {processor.py:183} INFO - Processing /home/airflow/.local/lib/python3.12/site-packages/airflow/example_dags/example_xcom.py took 0.068 seconds
[2026-06-01T20:32:34.695+0000] {processor.py:161} INFO - Started process (PID=17064) to work on /home/airflow/.local/lib/python3.12/site-packages/airflow/example_dags/example_xcom.py
[2026-06-01T20:32:34.696+0000] {processor.py:830} INFO - Processing file /home/airflow/.local/lib/python3.12/site-packages/airflow/example_dags/example_xcom.py for tasks to queue
[2026-06-01T20:32:34.698+0000] {logging_mixin.py:188} INFO - [2026-06-01T20:32:34.698+0000] {dagbag.py:540} INFO - Filling up the DagBag from /home/airflow/.local/lib/python3.12/site-packages/airflow/example_dags/example_xcom.py
[2026-06-01T20:32:34.705+0000] {processor.py:840} INFO - DAG(s) 'example_xcom' retrieved from /home/airflow/.local/lib/python3.12/site-packages/airflow/example_dags/example_xcom.py
[2026-06-01T20:32:34.724+0000] {logging_mixin.py:188} INFO - [2026-06-01T20:32:34.724+0000] {dag.py:3096} INFO - Sync 1 DAGs
[2026-06-01T20:32:34.742+0000] {logging_mixin.py:188} INFO - [2026-06-01T20:32:34.742+0000] {dag.py:3954} INFO - Setting next_dagrun for example_xcom to 2021-01-01 00:00:00+00:00, run_after=2021-01-01 00:00:00+00:00
[2026-06-01T20:32:34.758+0000] {processor.py:183} INFO - Processing /home/airflow/.local/lib/python3.12/site-packages/airflow/example_dags/example_xcom.py took 0.068 seconds
[2026-06-01T20:33:05.263+0000] {processor.py:161} INFO - Started process (PID=17123) to work on /home/airflow/.local/lib/python3.12/site-packages/airflow/example_dags/example_xcom.py
[2026-06-01T20:33:05.265+0000] {processor.py:830} INFO - Processing file /home/airflow/.local/lib/python3.12/site-packages/airflow/example_dags/example_xcom.py for tasks to queue
[2026-06-01T20:33:05.267+0000] {logging_mixin.py:188} INFO - [2026-06-01T20:33:05.266+0000] {dagbag.py:540} INFO - Filling up the DagBag from /home/airflow/.local/lib/python3.12/site-packages/airflow/example_dags/example_xcom.py
[2026-06-01T20:33:05.274+0000] {processor.py:840} INFO - DAG(s) 'example_xcom' retrieved from /home/airflow/.local/lib/python3.12/site-packages/airflow/example_dags/example_xcom.py
[2026-06-01T20:33:05.292+0000] {logging_mixin.py:188} INFO - [2026-06-01T20:33:05.292+0000] {dag.py:3096} INFO - Sync 1 DAGs
[2026-06-01T20:33:05.310+0000] {logging_mixin.py:188} INFO - [2026-06-01T20:33:05.310+0000] {dag.py:3954} INFO - Setting next_dagrun for example_xcom to 2021-01-01 00:00:00+00:00, run_after=2021-01-01 00:00:00+00:00
[2026-06-01T20:33:05.326+0000] {processor.py:183} INFO - Processing /home/airflow/.local/lib/python3.12/site-packages/airflow/example_dags/example_xcom.py took 0.067 seconds
[2026-06-01T20:33:35.954+0000] {processor.py:161} INFO - Started process (PID=17182) to work on /home/airflow/.local/lib/python3.12/site-packages/airflow/example_dags/example_xcom.py
[2026-06-01T20:33:35.955+0000] {processor.py:830} INFO - Processing file /home/airflow/.local/lib/python3.12/site-packages/airflow/example_dags/example_xcom.py for tasks to queue
[2026-06-01T20:33:35.957+0000] {logging_mixin.py:188} INFO - [2026-06-01T20:33:35.957+0000] {dagbag.py:540} INFO - Filling up the DagBag from /home/airflow/.local/lib/python3.12/site-packages/airflow/example_dags/example_xcom.py
[2026-06-01T20:33:35.963+0000] {processor.py:840} INFO - DAG(s) 'example_xcom' retrieved from /home/airflow/.local/lib/python3.12/site-packages/airflow/example_dags/example_xcom.py
[2026-06-01T20:33:35.983+0000] {logging_mixin.py:188} INFO - [2026-06-01T20:33:35.983+0000] {dag.py:3096} INFO - Sync 1 DAGs
[2026-06-01T20:33:36.001+0000] {logging_mixin.py:188} INFO - [2026-06-01T20:33:36.001+0000] {dag.py:3954} INFO - Setting next_dagrun for example_xcom to 2021-01-01 00:00:00+00:00, run_after=2021-01-01 00:00:00+00:00
[2026-06-01T20:33:36.019+0000] {processor.py:183} INFO - Processing /home/airflow/.local/lib/python3.12/site-packages/airflow/example_dags/example_xcom.py took 0.071 seconds
[2026-06-01T20:34:06.467+0000] {processor.py:161} INFO - Started process (PID=17241) to work on /home/airflow/.local/lib/python3.12/site-packages/airflow/example_dags/example_xcom.py
[2026-06-01T20:34:06.469+0000] {processor.py:830} INFO - Processing file /home/airflow/.local/lib/python3.12/site-packages/airflow/example_dags/example_xcom.py for tasks to queue
[2026-06-01T20:34:06.471+0000] {logging_mixin.py:188} INFO - [2026-06-01T20:34:06.471+0000] {dagbag.py:540} INFO - Filling up the DagBag from /home/airflow/.local/lib/python3.12/site-packages/airflow/example_dags/example_xcom.py
[2026-06-01T20:34:06.478+0000] {processor.py:840} INFO - DAG(s) 'example_xcom' retrieved from /home/airflow/.local/lib/python3.12/site-packages/airflow/example_dags/example_xcom.py
[2026-06-01T20:34:06.498+0000] {logging_mixin.py:188} INFO - [2026-06-01T20:34:06.498+0000] {dag.py:3096} INFO - Sync 1 DAGs
[2026-06-01T20:34:06.518+0000] {logging_mixin.py:188} INFO - [2026-06-01T20:34:06.518+0000] {dag.py:3954} INFO - Setting next_dagrun for example_xcom to 2021-01-01 00:00:00+00:00, run_after=2021-01-01 00:00:00+00:00
[2026-06-01T20:34:06.534+0000] {processor.py:183} INFO - Processing /home/airflow/.local/lib/python3.12/site-packages/airflow/example_dags/example_xcom.py took 0.073 seconds
[2026-06-01T20:34:37.210+0000] {processor.py:161} INFO - Started process (PID=17300) to work on /home/airflow/.local/lib/python3.12/site-packages/airflow/example_dags/example_xcom.py
[2026-06-01T20:34:37.211+0000] {processor.py:830} INFO - Processing file /home/airflow/.local/lib/python3.12/site-packages/airflow/example_dags/example_xcom.py for tasks to queue
[2026-06-01T20:34:37.213+0000] {logging_mixin.py:188} INFO - [2026-06-01T20:34:37.213+0000] {dagbag.py:540} INFO - Filling up the DagBag from /home/airflow/.local/lib/python3.12/site-packages/airflow/example_dags/example_xcom.py
[2026-06-01T20:34:37.220+0000] {processor.py:840} INFO - DAG(s) 'example_xcom' retrieved from /home/airflow/.local/lib/python3.12/site-packages/airflow/example_dags/example_xcom.py
[2026-06-01T20:34:37.239+0000] {logging_mixin.py:188} INFO - [2026-06-01T20:34:37.239+0000] {dag.py:3096} INFO - Sync 1 DAGs
[2026-06-01T20:34:37.257+0000] {logging_mixin.py:188} INFO - [2026-06-01T20:34:37.257+0000] {dag.py:3954} INFO - Setting next_dagrun for example_xcom to 2021-01-01 00:00:00+00:00, run_after=2021-01-01 00:00:00+00:00
[2026-06-01T20:34:37.274+0000] {processor.py:183} INFO - Processing /home/airflow/.local/lib/python3.12/site-packages/airflow/example_dags/example_xcom.py took 0.070 seconds
[2026-06-01T20:35:07.828+0000] {processor.py:161} INFO - Started process (PID=17359) to work on /home/airflow/.local/lib/python3.12/site-packages/airflow/example_dags/example_xcom.py
[2026-06-01T20:35:07.829+0000] {processor.py:830} INFO - Processing file /home/airflow/.local/lib/python3.12/site-packages/airflow/example_dags/example_xcom.py for tasks to queue
[2026-06-01T20:35:07.831+0000] {logging_mixin.py:188} INFO - [2026-06-01T20:35:07.831+0000] {dagbag.py:540} INFO - Filling up the DagBag from /home/airflow/.local/lib/python3.12/site-packages/airflow/example_dags/example_xcom.py
[2026-06-01T20:35:07.838+0000] {processor.py:840} INFO - DAG(s) 'example_xcom' retrieved from /home/airflow/.local/lib/python3.12/site-packages/airflow/example_dags/example_xcom.py
[2026-06-01T20:35:07.857+0000] {logging_mixin.py:188} INFO - [2026-06-01T20:35:07.857+0000] {dag.py:3096} INFO - Sync 1 DAGs
[2026-06-01T20:35:07.876+0000] {logging_mixin.py:188} INFO - [2026-06-01T20:35:07.876+0000] {dag.py:3954} INFO - Setting next_dagrun for example_xcom to 2021-01-01 00:00:00+00:00, run_after=2021-01-01 00:00:00+00:00
[2026-06-01T20:35:07.893+0000] {processor.py:183} INFO - Processing /home/airflow/.local/lib/python3.12/site-packages/airflow/example_dags/example_xcom.py took 0.070 seconds
[2026-06-01T20:35:38.617+0000] {processor.py:161} INFO - Started process (PID=17418) to work on /home/airflow/.local/lib/python3.12/site-packages/airflow/example_dags/example_xcom.py
[2026-06-01T20:35:38.619+0000] {processor.py:830} INFO - Processing file /home/airflow/.local/lib/python3.12/site-packages/airflow/example_dags/example_xcom.py for tasks to queue
[2026-06-01T20:35:38.621+0000] {logging_mixin.py:188} INFO - [2026-06-01T20:35:38.620+0000] {dagbag.py:540} INFO - Filling up the DagBag from /home/airflow/.local/lib/python3.12/site-packages/airflow/example_dags/example_xcom.py
[2026-06-01T20:35:38.628+0000] {processor.py:840} INFO - DAG(s) 'example_xcom' retrieved from /home/airflow/.local/lib/python3.12/site-packages/airflow/example_dags/example_xcom.py
[2026-06-01T20:35:38.647+0000] {logging_mixin.py:188} INFO - [2026-06-01T20:35:38.646+0000] {dag.py:3096} INFO - Sync 1 DAGs
[2026-06-01T20:35:38.665+0000] {logging_mixin.py:188} INFO - [2026-06-01T20:35:38.665+0000] {dag.py:3954} INFO - Setting next_dagrun for example_xcom to 2021-01-01 00:00:00+00:00, run_after=2021-01-01 00:00:00+00:00
[2026-06-01T20:35:38.683+0000] {processor.py:183} INFO - Processing /home/airflow/.local/lib/python3.12/site-packages/airflow/example_dags/example_xcom.py took 0.071 seconds
[2026-06-01T20:36:09.214+0000] {processor.py:161} INFO - Started process (PID=17477) to work on /home/airflow/.local/lib/python3.12/site-packages/airflow/example_dags/example_xcom.py
[2026-06-01T20:36:09.215+0000] {processor.py:830} INFO - Processing file /home/airflow/.local/lib/python3.12/site-packages/airflow/example_dags/example_xcom.py for tasks to queue
[2026-06-01T20:36:09.217+0000] {logging_mixin.py:188} INFO - [2026-06-01T20:36:09.217+0000] {dagbag.py:540} INFO - Filling up the DagBag from /home/airflow/.local/lib/python3.12/site-packages/airflow/example_dags/example_xcom.py
[2026-06-01T20:36:09.224+0000] {processor.py:840} INFO - DAG(s) 'example_xcom' retrieved from /home/airflow/.local/lib/python3.12/site-packages/airflow/example_dags/example_xcom.py
[2026-06-01T20:36:09.243+0000] {logging_mixin.py:188} INFO - [2026-06-01T20:36:09.243+0000] {dag.py:3096} INFO - Sync 1 DAGs
[2026-06-01T20:36:09.262+0000] {logging_mixin.py:188} INFO - [2026-06-01T20:36:09.262+0000] {dag.py:3954} INFO - Setting next_dagrun for example_xcom to 2021-01-01 00:00:00+00:00, run_after=2021-01-01 00:00:00+00:00
[2026-06-01T20:36:09.279+0000] {processor.py:183} INFO - Processing /home/airflow/.local/lib/python3.12/site-packages/airflow/example_dags/example_xcom.py took 0.071 seconds
[2026-06-01T20:36:39.719+0000] {processor.py:161} INFO - Started process (PID=17536) to work on /home/airflow/.local/lib/python3.12/site-packages/airflow/example_dags/example_xcom.py
[2026-06-01T20:36:39.721+0000] {processor.py:830} INFO - Processing file /home/airflow/.local/lib/python3.12/site-packages/airflow/example_dags/example_xcom.py for tasks to queue
[2026-06-01T20:36:39.723+0000] {logging_mixin.py:188} INFO - [2026-06-01T20:36:39.722+0000] {dagbag.py:540} INFO - Filling up the DagBag from /home/airflow/.local/lib/python3.12/site-packages/airflow/example_dags/example_xcom.py
[2026-06-01T20:36:39.729+0000] {processor.py:840} INFO - DAG(s) 'example_xcom' retrieved from /home/airflow/.local/lib/python3.12/site-packages/airflow/example_dags/example_xcom.py
[2026-06-01T20:36:39.748+0000] {logging_mixin.py:188} INFO - [2026-06-01T20:36:39.748+0000] {dag.py:3096} INFO - Sync 1 DAGs
[2026-06-01T20:36:39.767+0000] {logging_mixin.py:188} INFO - [2026-06-01T20:36:39.767+0000] {dag.py:3954} INFO - Setting next_dagrun for example_xcom to 2021-01-01 00:00:00+00:00, run_after=2021-01-01 00:00:00+00:00
[2026-06-01T20:36:39.785+0000] {processor.py:183} INFO - Processing /home/airflow/.local/lib/python3.12/site-packages/airflow/example_dags/example_xcom.py took 0.071 seconds
[2026-06-01T20:37:09.931+0000] {processor.py:161} INFO - Started process (PID=17595) to work on /home/airflow/.local/lib/python3.12/site-packages/airflow/example_dags/example_xcom.py
[2026-06-01T20:37:09.932+0000] {processor.py:830} INFO - Processing file /home/airflow/.local/lib/python3.12/site-packages/airflow/example_dags/example_xcom.py for tasks to queue
[2026-06-01T20:37:09.935+0000] {logging_mixin.py:188} INFO - [2026-06-01T20:37:09.934+0000] {dagbag.py:540} INFO - Filling up the DagBag from /home/airflow/.local/lib/python3.12/site-packages/airflow/example_dags/example_xcom.py
[2026-06-01T20:37:09.941+0000] {processor.py:840} INFO - DAG(s) 'example_xcom' retrieved from /home/airflow/.local/lib/python3.12/site-packages/airflow/example_dags/example_xcom.py
[2026-06-01T20:37:09.960+0000] {logging_mixin.py:188} INFO - [2026-06-01T20:37:09.960+0000] {dag.py:3096} INFO - Sync 1 DAGs
[2026-06-01T20:37:09.978+0000] {logging_mixin.py:188} INFO - [2026-06-01T20:37:09.978+0000] {dag.py:3954} INFO - Setting next_dagrun for example_xcom to 2021-01-01 00:00:00+00:00, run_after=2021-01-01 00:00:00+00:00
[2026-06-01T20:37:09.995+0000] {processor.py:183} INFO - Processing /home/airflow/.local/lib/python3.12/site-packages/airflow/example_dags/example_xcom.py took 0.069 seconds
[2026-06-01T20:37:40.094+0000] {processor.py:161} INFO - Started process (PID=17654) to work on /home/airflow/.local/lib/python3.12/site-packages/airflow/example_dags/example_xcom.py
[2026-06-01T20:37:40.095+0000] {processor.py:830} INFO - Processing file /home/airflow/.local/lib/python3.12/site-packages/airflow/example_dags/example_xcom.py for tasks to queue
[2026-06-01T20:37:40.097+0000] {logging_mixin.py:188} INFO - [2026-06-01T20:37:40.097+0000] {dagbag.py:540} INFO - Filling up the DagBag from /home/airflow/.local/lib/python3.12/site-packages/airflow/example_dags/example_xcom.py
[2026-06-01T20:37:40.104+0000] {processor.py:840} INFO - DAG(s) 'example_xcom' retrieved from /home/airflow/.local/lib/python3.12/site-packages/airflow/example_dags/example_xcom.py
[2026-06-01T20:37:40.123+0000] {logging_mixin.py:188} INFO - [2026-06-01T20:37:40.122+0000] {dag.py:3096} INFO - Sync 1 DAGs
[2026-06-01T20:37:40.140+0000] {logging_mixin.py:188} INFO - [2026-06-01T20:37:40.140+0000] {dag.py:3954} INFO - Setting next_dagrun for example_xcom to 2021-01-01 00:00:00+00:00, run_after=2021-01-01 00:00:00+00:00
[2026-06-01T20:37:40.157+0000] {processor.py:183} INFO - Processing /home/airflow/.local/lib/python3.12/site-packages/airflow/example_dags/example_xcom.py took 0.068 seconds
[2026-06-01T20:38:10.361+0000] {processor.py:161} INFO - Started process (PID=17713) to work on /home/airflow/.local/lib/python3.12/site-packages/airflow/example_dags/example_xcom.py
[2026-06-01T20:38:10.362+0000] {processor.py:830} INFO - Processing file /home/airflow/.local/lib/python3.12/site-packages/airflow/example_dags/example_xcom.py for tasks to queue
[2026-06-01T20:38:10.364+0000] {logging_mixin.py:188} INFO - [2026-06-01T20:38:10.364+0000] {dagbag.py:540} INFO - Filling up the DagBag from /home/airflow/.local/lib/python3.12/site-packages/airflow/example_dags/example_xcom.py
[2026-06-01T20:38:10.372+0000] {processor.py:840} INFO - DAG(s) 'example_xcom' retrieved from /home/airflow/.local/lib/python3.12/site-packages/airflow/example_dags/example_xcom.py
[2026-06-01T20:38:10.391+0000] {logging_mixin.py:188} INFO - [2026-06-01T20:38:10.391+0000] {dag.py:3096} INFO - Sync 1 DAGs
[2026-06-01T20:38:10.409+0000] {logging_mixin.py:188} INFO - [2026-06-01T20:38:10.409+0000] {dag.py:3954} INFO - Setting next_dagrun for example_xcom to 2021-01-01 00:00:00+00:00, run_after=2021-01-01 00:00:00+00:00
[2026-06-01T20:38:10.428+0000] {processor.py:183} INFO - Processing /home/airflow/.local/lib/python3.12/site-packages/airflow/example_dags/example_xcom.py took 0.072 seconds
[2026-06-01T20:38:40.547+0000] {processor.py:161} INFO - Started process (PID=17772) to work on /home/airflow/.local/lib/python3.12/site-packages/airflow/example_dags/example_xcom.py
[2026-06-01T20:38:40.548+0000] {processor.py:830} INFO - Processing file /home/airflow/.local/lib/python3.12/site-packages/airflow/example_dags/example_xcom.py for tasks to queue
[2026-06-01T20:38:40.550+0000] {logging_mixin.py:188} INFO - [2026-06-01T20:38:40.550+0000] {dagbag.py:540} INFO - Filling up the DagBag from /home/airflow/.local/lib/python3.12/site-packages/airflow/example_dags/example_xcom.py
[2026-06-01T20:38:40.557+0000] {processor.py:840} INFO - DAG(s) 'example_xcom' retrieved from /home/airflow/.local/lib/python3.12/site-packages/airflow/example_dags/example_xcom.py
[2026-06-01T20:38:40.575+0000] {logging_mixin.py:188} INFO - [2026-06-01T20:38:40.574+0000] {dag.py:3096} INFO - Sync 1 DAGs
[2026-06-01T20:38:40.594+0000] {logging_mixin.py:188} INFO - [2026-06-01T20:38:40.594+0000] {dag.py:3954} INFO - Setting next_dagrun for example_xcom to 2021-01-01 00:00:00+00:00, run_after=2021-01-01 00:00:00+00:00
[2026-06-01T20:38:40.611+0000] {processor.py:183} INFO - Processing /home/airflow/.local/lib/python3.12/site-packages/airflow/example_dags/example_xcom.py took 0.070 seconds
[2026-06-01T20:39:10.748+0000] {processor.py:161} INFO - Started process (PID=17831) to work on /home/airflow/.local/lib/python3.12/site-packages/airflow/example_dags/example_xcom.py
[2026-06-01T20:39:10.749+0000] {processor.py:830} INFO - Processing file /home/airflow/.local/lib/python3.12/site-packages/airflow/example_dags/example_xcom.py for tasks to queue
[2026-06-01T20:39:10.751+0000] {logging_mixin.py:188} INFO - [2026-06-01T20:39:10.751+0000] {dagbag.py:540} INFO - Filling up the DagBag from /home/airflow/.local/lib/python3.12/site-packages/airflow/example_dags/example_xcom.py
[2026-06-01T20:39:10.758+0000] {processor.py:840} INFO - DAG(s) 'example_xcom' retrieved from /home/airflow/.local/lib/python3.12/site-packages/airflow/example_dags/example_xcom.py
[2026-06-01T20:39:10.776+0000] {logging_mixin.py:188} INFO - [2026-06-01T20:39:10.776+0000] {dag.py:3096} INFO - Sync 1 DAGs
[2026-06-01T20:39:10.794+0000] {logging_mixin.py:188} INFO - [2026-06-01T20:39:10.794+0000] {dag.py:3954} INFO - Setting next_dagrun for example_xcom to 2021-01-01 00:00:00+00:00, run_after=2021-01-01 00:00:00+00:00
[2026-06-01T20:39:10.810+0000] {processor.py:183} INFO - Processing /home/airflow/.local/lib/python3.12/site-packages/airflow/example_dags/example_xcom.py took 0.067 seconds
[2026-06-01T20:39:41.132+0000] {processor.py:161} INFO - Started process (PID=17890) to work on /home/airflow/.local/lib/python3.12/site-packages/airflow/example_dags/example_xcom.py
[2026-06-01T20:39:41.133+0000] {processor.py:830} INFO - Processing file /home/airflow/.local/lib/python3.12/site-packages/airflow/example_dags/example_xcom.py for tasks to queue
[2026-06-01T20:39:41.135+0000] {logging_mixin.py:188} INFO - [2026-06-01T20:39:41.135+0000] {dagbag.py:540} INFO - Filling up the DagBag from /home/airflow/.local/lib/python3.12/site-packages/airflow/example_dags/example_xcom.py
[2026-06-01T20:39:41.142+0000] {processor.py:840} INFO - DAG(s) 'example_xcom' retrieved from /home/airflow/.local/lib/python3.12/site-packages/airflow/example_dags/example_xcom.py
[2026-06-01T20:39:41.162+0000] {logging_mixin.py:188} INFO - [2026-06-01T20:39:41.162+0000] {dag.py:3096} INFO - Sync 1 DAGs
[2026-06-01T20:39:41.185+0000] {logging_mixin.py:188} INFO - [2026-06-01T20:39:41.185+0000] {dag.py:3954} INFO - Setting next_dagrun for example_xcom to 2021-01-01 00:00:00+00:00, run_after=2021-01-01 00:00:00+00:00
[2026-06-01T20:39:41.206+0000] {processor.py:183} INFO - Processing /home/airflow/.local/lib/python3.12/site-packages/airflow/example_dags/example_xcom.py took 0.079 seconds
[2026-06-01T20:40:11.736+0000] {processor.py:161} INFO - Started process (PID=17949) to work on /home/airflow/.local/lib/python3.12/site-packages/airflow/example_dags/example_xcom.py
[2026-06-01T20:40:11.737+0000] {processor.py:830} INFO - Processing file /home/airflow/.local/lib/python3.12/site-packages/airflow/example_dags/example_xcom.py for tasks to queue
[2026-06-01T20:40:11.739+0000] {logging_mixin.py:188} INFO - [2026-06-01T20:40:11.739+0000] {dagbag.py:540} INFO - Filling up the DagBag from /home/airflow/.local/lib/python3.12/site-packages/airflow/example_dags/example_xcom.py
[2026-06-01T20:40:11.747+0000] {processor.py:840} INFO - DAG(s) 'example_xcom' retrieved from /home/airflow/.local/lib/python3.12/site-packages/airflow/example_dags/example_xcom.py
[2026-06-01T20:40:11.768+0000] {logging_mixin.py:188} INFO - [2026-06-01T20:40:11.768+0000] {dag.py:3096} INFO - Sync 1 DAGs
[2026-06-01T20:40:11.789+0000] {logging_mixin.py:188} INFO - [2026-06-01T20:40:11.789+0000] {dag.py:3954} INFO - Setting next_dagrun for example_xcom to 2021-01-01 00:00:00+00:00, run_after=2021-01-01 00:00:00+00:00
[2026-06-01T20:40:11.810+0000] {processor.py:183} INFO - Processing /home/airflow/.local/lib/python3.12/site-packages/airflow/example_dags/example_xcom.py took 0.081 seconds
[2026-06-01T20:40:42.276+0000] {processor.py:161} INFO - Started process (PID=18008) to work on /home/airflow/.local/lib/python3.12/site-packages/airflow/example_dags/example_xcom.py
[2026-06-01T20:40:42.277+0000] {processor.py:830} INFO - Processing file /home/airflow/.local/lib/python3.12/site-packages/airflow/example_dags/example_xcom.py for tasks to queue
[2026-06-01T20:40:42.279+0000] {logging_mixin.py:188} INFO - [2026-06-01T20:40:42.278+0000] {dagbag.py:540} INFO - Filling up the DagBag from /home/airflow/.local/lib/python3.12/site-packages/airflow/example_dags/example_xcom.py
[2026-06-01T20:40:42.286+0000] {processor.py:840} INFO - DAG(s) 'example_xcom' retrieved from /home/airflow/.local/lib/python3.12/site-packages/airflow/example_dags/example_xcom.py
[2026-06-01T20:40:42.308+0000] {logging_mixin.py:188} INFO - [2026-06-01T20:40:42.308+0000] {dag.py:3096} INFO - Sync 1 DAGs
[2026-06-01T20:40:42.327+0000] {logging_mixin.py:188} INFO - [2026-06-01T20:40:42.326+0000] {dag.py:3954} INFO - Setting next_dagrun for example_xcom to 2021-01-01 00:00:00+00:00, run_after=2021-01-01 00:00:00+00:00
[2026-06-01T20:40:42.343+0000] {processor.py:183} INFO - Processing /home/airflow/.local/lib/python3.12/site-packages/airflow/example_dags/example_xcom.py took 0.073 seconds
[2026-06-01T20:41:12.911+0000] {processor.py:161} INFO - Started process (PID=18067) to work on /home/airflow/.local/lib/python3.12/site-packages/airflow/example_dags/example_xcom.py
[2026-06-01T20:41:12.913+0000] {processor.py:830} INFO - Processing file /home/airflow/.local/lib/python3.12/site-packages/airflow/example_dags/example_xcom.py for tasks to queue
[2026-06-01T20:41:12.914+0000] {logging_mixin.py:188} INFO - [2026-06-01T20:41:12.914+0000] {dagbag.py:540} INFO - Filling up the DagBag from /home/airflow/.local/lib/python3.12/site-packages/airflow/example_dags/example_xcom.py
[2026-06-01T20:41:12.921+0000] {processor.py:840} INFO - DAG(s) 'example_xcom' retrieved from /home/airflow/.local/lib/python3.12/site-packages/airflow/example_dags/example_xcom.py
[2026-06-01T20:41:12.940+0000] {logging_mixin.py:188} INFO - [2026-06-01T20:41:12.939+0000] {dag.py:3096} INFO - Sync 1 DAGs
[2026-06-01T20:41:12.958+0000] {logging_mixin.py:188} INFO - [2026-06-01T20:41:12.958+0000] {dag.py:3954} INFO - Setting next_dagrun for example_xcom to 2021-01-01 00:00:00+00:00, run_after=2021-01-01 00:00:00+00:00
[2026-06-01T20:41:12.974+0000] {processor.py:183} INFO - Processing /home/airflow/.local/lib/python3.12/site-packages/airflow/example_dags/example_xcom.py took 0.069 seconds
[2026-06-01T20:41:43.445+0000] {processor.py:161} INFO - Started process (PID=18126) to work on /home/airflow/.local/lib/python3.12/site-packages/airflow/example_dags/example_xcom.py
[2026-06-01T20:41:43.447+0000] {processor.py:830} INFO - Processing file /home/airflow/.local/lib/python3.12/site-packages/airflow/example_dags/example_xcom.py for tasks to queue
[2026-06-01T20:41:43.449+0000] {logging_mixin.py:188} INFO - [2026-06-01T20:41:43.448+0000] {dagbag.py:540} INFO - Filling up the DagBag from /home/airflow/.local/lib/python3.12/site-packages/airflow/example_dags/example_xcom.py
[2026-06-01T20:41:43.456+0000] {processor.py:840} INFO - DAG(s) 'example_xcom' retrieved from /home/airflow/.local/lib/python3.12/site-packages/airflow/example_dags/example_xcom.py
[2026-06-01T20:41:43.473+0000] {logging_mixin.py:188} INFO - [2026-06-01T20:41:43.473+0000] {dag.py:3096} INFO - Sync 1 DAGs
[2026-06-01T20:41:43.492+0000] {logging_mixin.py:188} INFO - [2026-06-01T20:41:43.492+0000] {dag.py:3954} INFO - Setting next_dagrun for example_xcom to 2021-01-01 00:00:00+00:00, run_after=2021-01-01 00:00:00+00:00
[2026-06-01T20:41:43.509+0000] {processor.py:183} INFO - Processing /home/airflow/.local/lib/python3.12/site-packages/airflow/example_dags/example_xcom.py took 0.068 seconds
[2026-06-01T20:42:14.032+0000] {processor.py:161} INFO - Started process (PID=18185) to work on /home/airflow/.local/lib/python3.12/site-packages/airflow/example_dags/example_xcom.py
[2026-06-01T20:42:14.033+0000] {processor.py:830} INFO - Processing file /home/airflow/.local/lib/python3.12/site-packages/airflow/example_dags/example_xcom.py for tasks to queue
[2026-06-01T20:42:14.035+0000] {logging_mixin.py:188} INFO - [2026-06-01T20:42:14.035+0000] {dagbag.py:540} INFO - Filling up the DagBag from /home/airflow/.local/lib/python3.12/site-packages/airflow/example_dags/example_xcom.py
[2026-06-01T20:42:14.042+0000] {processor.py:840} INFO - DAG(s) 'example_xcom' retrieved from /home/airflow/.local/lib/python3.12/site-packages/airflow/example_dags/example_xcom.py
[2026-06-01T20:42:14.061+0000] {logging_mixin.py:188} INFO - [2026-06-01T20:42:14.061+0000] {dag.py:3096} INFO - Sync 1 DAGs
[2026-06-01T20:42:14.082+0000] {logging_mixin.py:188} INFO - [2026-06-01T20:42:14.081+0000] {dag.py:3954} INFO - Setting next_dagrun for example_xcom to 2021-01-01 00:00:00+00:00, run_after=2021-01-01 00:00:00+00:00
[2026-06-01T20:42:14.102+0000] {processor.py:183} INFO - Processing /home/airflow/.local/lib/python3.12/site-packages/airflow/example_dags/example_xcom.py took 0.075 seconds
[2026-06-01T20:42:44.670+0000] {processor.py:161} INFO - Started process (PID=18244) to work on /home/airflow/.local/lib/python3.12/site-packages/airflow/example_dags/example_xcom.py
[2026-06-01T20:42:44.671+0000] {processor.py:830} INFO - Processing file /home/airflow/.local/lib/python3.12/site-packages/airflow/example_dags/example_xcom.py for tasks to queue
[2026-06-01T20:42:44.673+0000] {logging_mixin.py:188} INFO - [2026-06-01T20:42:44.672+0000] {dagbag.py:540} INFO - Filling up the DagBag from /home/airflow/.local/lib/python3.12/site-packages/airflow/example_dags/example_xcom.py
[2026-06-01T20:42:44.679+0000] {processor.py:840} INFO - DAG(s) 'example_xcom' retrieved from /home/airflow/.local/lib/python3.12/site-packages/airflow/example_dags/example_xcom.py
[2026-06-01T20:42:44.698+0000] {logging_mixin.py:188} INFO - [2026-06-01T20:42:44.698+0000] {dag.py:3096} INFO - Sync 1 DAGs
[2026-06-01T20:42:44.715+0000] {logging_mixin.py:188} INFO - [2026-06-01T20:42:44.714+0000] {dag.py:3954} INFO - Setting next_dagrun for example_xcom to 2021-01-01 00:00:00+00:00, run_after=2021-01-01 00:00:00+00:00
[2026-06-01T20:42:44.731+0000] {processor.py:183} INFO - Processing /home/airflow/.local/lib/python3.12/site-packages/airflow/example_dags/example_xcom.py took 0.066 seconds
[2026-06-01T20:43:15.143+0000] {processor.py:161} INFO - Started process (PID=18303) to work on /home/airflow/.local/lib/python3.12/site-packages/airflow/example_dags/example_xcom.py
[2026-06-01T20:43:15.144+0000] {processor.py:830} INFO - Processing file /home/airflow/.local/lib/python3.12/site-packages/airflow/example_dags/example_xcom.py for tasks to queue
[2026-06-01T20:43:15.146+0000] {logging_mixin.py:188} INFO - [2026-06-01T20:43:15.146+0000] {dagbag.py:540} INFO - Filling up the DagBag from /home/airflow/.local/lib/python3.12/site-packages/airflow/example_dags/example_xcom.py
[2026-06-01T20:43:15.153+0000] {processor.py:840} INFO - DAG(s) 'example_xcom' retrieved from /home/airflow/.local/lib/python3.12/site-packages/airflow/example_dags/example_xcom.py
[2026-06-01T20:43:15.172+0000] {logging_mixin.py:188} INFO - [2026-06-01T20:43:15.171+0000] {dag.py:3096} INFO - Sync 1 DAGs
[2026-06-01T20:43:15.189+0000] {logging_mixin.py:188} INFO - [2026-06-01T20:43:15.189+0000] {dag.py:3954} INFO - Setting next_dagrun for example_xcom to 2021-01-01 00:00:00+00:00, run_after=2021-01-01 00:00:00+00:00
[2026-06-01T20:43:15.207+0000] {processor.py:183} INFO - Processing /home/airflow/.local/lib/python3.12/site-packages/airflow/example_dags/example_xcom.py took 0.069 seconds
[2026-06-01T20:43:45.738+0000] {processor.py:161} INFO - Started process (PID=18362) to work on /home/airflow/.local/lib/python3.12/site-packages/airflow/example_dags/example_xcom.py
[2026-06-01T20:43:45.739+0000] {processor.py:830} INFO - Processing file /home/airflow/.local/lib/python3.12/site-packages/airflow/example_dags/example_xcom.py for tasks to queue
[2026-06-01T20:43:45.741+0000] {logging_mixin.py:188} INFO - [2026-06-01T20:43:45.741+0000] {dagbag.py:540} INFO - Filling up the DagBag from /home/airflow/.local/lib/python3.12/site-packages/airflow/example_dags/example_xcom.py
[2026-06-01T20:43:45.748+0000] {processor.py:840} INFO - DAG(s) 'example_xcom' retrieved from /home/airflow/.local/lib/python3.12/site-packages/airflow/example_dags/example_xcom.py
[2026-06-01T20:43:45.766+0000] {logging_mixin.py:188} INFO - [2026-06-01T20:43:45.766+0000] {dag.py:3096} INFO - Sync 1 DAGs
[2026-06-01T20:43:45.784+0000] {logging_mixin.py:188} INFO - [2026-06-01T20:43:45.784+0000] {dag.py:3954} INFO - Setting next_dagrun for example_xcom to 2021-01-01 00:00:00+00:00, run_after=2021-01-01 00:00:00+00:00
[2026-06-01T20:43:45.802+0000] {processor.py:183} INFO - Processing /home/airflow/.local/lib/python3.12/site-packages/airflow/example_dags/example_xcom.py took 0.069 seconds
[2026-06-01T20:44:16.124+0000] {processor.py:161} INFO - Started process (PID=18421) to work on /home/airflow/.local/lib/python3.12/site-packages/airflow/example_dags/example_xcom.py
[2026-06-01T20:44:16.125+0000] {processor.py:830} INFO - Processing file /home/airflow/.local/lib/python3.12/site-packages/airflow/example_dags/example_xcom.py for tasks to queue
[2026-06-01T20:44:16.127+0000] {logging_mixin.py:188} INFO - [2026-06-01T20:44:16.127+0000] {dagbag.py:540} INFO - Filling up the DagBag from /home/airflow/.local/lib/python3.12/site-packages/airflow/example_dags/example_xcom.py
[2026-06-01T20:44:16.133+0000] {processor.py:840} INFO - DAG(s) 'example_xcom' retrieved from /home/airflow/.local/lib/python3.12/site-packages/airflow/example_dags/example_xcom.py
[2026-06-01T20:44:16.152+0000] {logging_mixin.py:188} INFO - [2026-06-01T20:44:16.152+0000] {dag.py:3096} INFO - Sync 1 DAGs
[2026-06-01T20:44:16.170+0000] {logging_mixin.py:188} INFO - [2026-06-01T20:44:16.170+0000] {dag.py:3954} INFO - Setting next_dagrun for example_xcom to 2021-01-01 00:00:00+00:00, run_after=2021-01-01 00:00:00+00:00
[2026-06-01T20:44:16.187+0000] {processor.py:183} INFO - Processing /home/airflow/.local/lib/python3.12/site-packages/airflow/example_dags/example_xcom.py took 0.068 seconds
[2026-06-01T20:44:46.457+0000] {processor.py:161} INFO - Started process (PID=18480) to work on /home/airflow/.local/lib/python3.12/site-packages/airflow/example_dags/example_xcom.py
[2026-06-01T20:44:46.458+0000] {processor.py:830} INFO - Processing file /home/airflow/.local/lib/python3.12/site-packages/airflow/example_dags/example_xcom.py for tasks to queue
[2026-06-01T20:44:46.460+0000] {logging_mixin.py:188} INFO - [2026-06-01T20:44:46.460+0000] {dagbag.py:540} INFO - Filling up the DagBag from /home/airflow/.local/lib/python3.12/site-packages/airflow/example_dags/example_xcom.py
[2026-06-01T20:44:46.467+0000] {processor.py:840} INFO - DAG(s) 'example_xcom' retrieved from /home/airflow/.local/lib/python3.12/site-packages/airflow/example_dags/example_xcom.py
[2026-06-01T20:44:46.486+0000] {logging_mixin.py:188} INFO - [2026-06-01T20:44:46.486+0000] {dag.py:3096} INFO - Sync 1 DAGs
[2026-06-01T20:44:46.504+0000] {logging_mixin.py:188} INFO - [2026-06-01T20:44:46.504+0000] {dag.py:3954} INFO - Setting next_dagrun for example_xcom to 2021-01-01 00:00:00+00:00, run_after=2021-01-01 00:00:00+00:00
[2026-06-01T20:44:46.519+0000] {processor.py:183} INFO - Processing /home/airflow/.local/lib/python3.12/site-packages/airflow/example_dags/example_xcom.py took 0.067 seconds
[2026-06-01T20:45:16.599+0000] {processor.py:161} INFO - Started process (PID=18539) to work on /home/airflow/.local/lib/python3.12/site-packages/airflow/example_dags/example_xcom.py
[2026-06-01T20:45:16.600+0000] {processor.py:830} INFO - Processing file /home/airflow/.local/lib/python3.12/site-packages/airflow/example_dags/example_xcom.py for tasks to queue
[2026-06-01T20:45:16.602+0000] {logging_mixin.py:188} INFO - [2026-06-01T20:45:16.602+0000] {dagbag.py:540} INFO - Filling up the DagBag from /home/airflow/.local/lib/python3.12/site-packages/airflow/example_dags/example_xcom.py
[2026-06-01T20:45:16.609+0000] {processor.py:840} INFO - DAG(s) 'example_xcom' retrieved from /home/airflow/.local/lib/python3.12/site-packages/airflow/example_dags/example_xcom.py
[2026-06-01T20:45:16.629+0000] {logging_mixin.py:188} INFO - [2026-06-01T20:45:16.628+0000] {dag.py:3096} INFO - Sync 1 DAGs
[2026-06-01T20:45:16.647+0000] {logging_mixin.py:188} INFO - [2026-06-01T20:45:16.647+0000] {dag.py:3954} INFO - Setting next_dagrun for example_xcom to 2021-01-01 00:00:00+00:00, run_after=2021-01-01 00:00:00+00:00
[2026-06-01T20:45:16.662+0000] {processor.py:183} INFO - Processing /home/airflow/.local/lib/python3.12/site-packages/airflow/example_dags/example_xcom.py took 0.069 seconds
[2026-06-01T20:45:46.789+0000] {processor.py:161} INFO - Started process (PID=18598) to work on /home/airflow/.local/lib/python3.12/site-packages/airflow/example_dags/example_xcom.py
[2026-06-01T20:45:46.790+0000] {processor.py:830} INFO - Processing file /home/airflow/.local/lib/python3.12/site-packages/airflow/example_dags/example_xcom.py for tasks to queue
[2026-06-01T20:45:46.792+0000] {logging_mixin.py:188} INFO - [2026-06-01T20:45:46.791+0000] {dagbag.py:540} INFO - Filling up the DagBag from /home/airflow/.local/lib/python3.12/site-packages/airflow/example_dags/example_xcom.py
[2026-06-01T20:45:46.798+0000] {processor.py:840} INFO - DAG(s) 'example_xcom' retrieved from /home/airflow/.local/lib/python3.12/site-packages/airflow/example_dags/example_xcom.py
[2026-06-01T20:45:46.817+0000] {logging_mixin.py:188} INFO - [2026-06-01T20:45:46.817+0000] {dag.py:3096} INFO - Sync 1 DAGs
[2026-06-01T20:45:46.837+0000] {logging_mixin.py:188} INFO - [2026-06-01T20:45:46.836+0000] {dag.py:3954} INFO - Setting next_dagrun for example_xcom to 2021-01-01 00:00:00+00:00, run_after=2021-01-01 00:00:00+00:00
[2026-06-01T20:45:46.854+0000] {processor.py:183} INFO - Processing /home/airflow/.local/lib/python3.12/site-packages/airflow/example_dags/example_xcom.py took 0.071 seconds
[2026-06-01T20:46:17.033+0000] {processor.py:161} INFO - Started process (PID=18657) to work on /home/airflow/.local/lib/python3.12/site-packages/airflow/example_dags/example_xcom.py
[2026-06-01T20:46:17.034+0000] {processor.py:830} INFO - Processing file /home/airflow/.local/lib/python3.12/site-packages/airflow/example_dags/example_xcom.py for tasks to queue
[2026-06-01T20:46:17.036+0000] {logging_mixin.py:188} INFO - [2026-06-01T20:46:17.035+0000] {dagbag.py:540} INFO - Filling up the DagBag from /home/airflow/.local/lib/python3.12/site-packages/airflow/example_dags/example_xcom.py
[2026-06-01T20:46:17.043+0000] {processor.py:840} INFO - DAG(s) 'example_xcom' retrieved from /home/airflow/.local/lib/python3.12/site-packages/airflow/example_dags/example_xcom.py
[2026-06-01T20:46:17.062+0000] {logging_mixin.py:188} INFO - [2026-06-01T20:46:17.061+0000] {dag.py:3096} INFO - Sync 1 DAGs
[2026-06-01T20:46:17.081+0000] {logging_mixin.py:188} INFO - [2026-06-01T20:46:17.080+0000] {dag.py:3954} INFO - Setting next_dagrun for example_xcom to 2021-01-01 00:00:00+00:00, run_after=2021-01-01 00:00:00+00:00
[2026-06-01T20:46:17.099+0000] {processor.py:183} INFO - Processing /home/airflow/.local/lib/python3.12/site-packages/airflow/example_dags/example_xcom.py took 0.072 seconds
[2026-06-01T20:46:47.766+0000] {processor.py:161} INFO - Started process (PID=18714) to work on /home/airflow/.local/lib/python3.12/site-packages/airflow/example_dags/example_xcom.py
[2026-06-01T20:46:47.767+0000] {processor.py:830} INFO - Processing file /home/airflow/.local/lib/python3.12/site-packages/airflow/example_dags/example_xcom.py for tasks to queue
[2026-06-01T20:46:47.769+0000] {logging_mixin.py:188} INFO - [2026-06-01T20:46:47.768+0000] {dagbag.py:540} INFO - Filling up the DagBag from /home/airflow/.local/lib/python3.12/site-packages/airflow/example_dags/example_xcom.py
[2026-06-01T20:46:47.775+0000] {processor.py:840} INFO - DAG(s) 'example_xcom' retrieved from /home/airflow/.local/lib/python3.12/site-packages/airflow/example_dags/example_xcom.py
[2026-06-01T20:46:47.793+0000] {logging_mixin.py:188} INFO - [2026-06-01T20:46:47.792+0000] {dag.py:3096} INFO - Sync 1 DAGs
[2026-06-01T20:46:47.809+0000] {logging_mixin.py:188} INFO - [2026-06-01T20:46:47.809+0000] {dag.py:3954} INFO - Setting next_dagrun for example_xcom to 2021-01-01 00:00:00+00:00, run_after=2021-01-01 00:00:00+00:00
[2026-06-01T20:46:47.825+0000] {processor.py:183} INFO - Processing /home/airflow/.local/lib/python3.12/site-packages/airflow/example_dags/example_xcom.py took 0.065 seconds
[2026-06-01T20:47:17.965+0000] {processor.py:161} INFO - Started process (PID=18773) to work on /home/airflow/.local/lib/python3.12/site-packages/airflow/example_dags/example_xcom.py
[2026-06-01T20:47:17.966+0000] {processor.py:830} INFO - Processing file /home/airflow/.local/lib/python3.12/site-packages/airflow/example_dags/example_xcom.py for tasks to queue
[2026-06-01T20:47:17.968+0000] {logging_mixin.py:188} INFO - [2026-06-01T20:47:17.968+0000] {dagbag.py:540} INFO - Filling up the DagBag from /home/airflow/.local/lib/python3.12/site-packages/airflow/example_dags/example_xcom.py
[2026-06-01T20:47:17.976+0000] {processor.py:840} INFO - DAG(s) 'example_xcom' retrieved from /home/airflow/.local/lib/python3.12/site-packages/airflow/example_dags/example_xcom.py
[2026-06-01T20:47:17.994+0000] {logging_mixin.py:188} INFO - [2026-06-01T20:47:17.994+0000] {dag.py:3096} INFO - Sync 1 DAGs
[2026-06-01T20:47:18.012+0000] {logging_mixin.py:188} INFO - [2026-06-01T20:47:18.012+0000] {dag.py:3954} INFO - Setting next_dagrun for example_xcom to 2021-01-01 00:00:00+00:00, run_after=2021-01-01 00:00:00+00:00
[2026-06-01T20:47:18.030+0000] {processor.py:183} INFO - Processing /home/airflow/.local/lib/python3.12/site-packages/airflow/example_dags/example_xcom.py took 0.070 seconds
[2026-06-01T20:47:48.862+0000] {processor.py:161} INFO - Started process (PID=18832) to work on /home/airflow/.local/lib/python3.12/site-packages/airflow/example_dags/example_xcom.py
[2026-06-01T20:47:48.863+0000] {processor.py:830} INFO - Processing file /home/airflow/.local/lib/python3.12/site-packages/airflow/example_dags/example_xcom.py for tasks to queue
[2026-06-01T20:47:48.867+0000] {logging_mixin.py:188} INFO - [2026-06-01T20:47:48.866+0000] {dagbag.py:540} INFO - Filling up the DagBag from /home/airflow/.local/lib/python3.12/site-packages/airflow/example_dags/example_xcom.py
[2026-06-01T20:47:48.876+0000] {processor.py:840} INFO - DAG(s) 'example_xcom' retrieved from /home/airflow/.local/lib/python3.12/site-packages/airflow/example_dags/example_xcom.py
[2026-06-01T20:47:48.900+0000] {logging_mixin.py:188} INFO - [2026-06-01T20:47:48.899+0000] {dag.py:3096} INFO - Sync 1 DAGs
[2026-06-01T20:47:48.923+0000] {logging_mixin.py:188} INFO - [2026-06-01T20:47:48.923+0000] {dag.py:3954} INFO - Setting next_dagrun for example_xcom to 2021-01-01 00:00:00+00:00, run_after=2021-01-01 00:00:00+00:00
[2026-06-01T20:47:48.949+0000] {processor.py:183} INFO - Processing /home/airflow/.local/lib/python3.12/site-packages/airflow/example_dags/example_xcom.py took 0.092 seconds
[2026-06-01T20:48:19.568+0000] {processor.py:161} INFO - Started process (PID=18891) to work on /home/airflow/.local/lib/python3.12/site-packages/airflow/example_dags/example_xcom.py
[2026-06-01T20:48:19.569+0000] {processor.py:830} INFO - Processing file /home/airflow/.local/lib/python3.12/site-packages/airflow/example_dags/example_xcom.py for tasks to queue
[2026-06-01T20:48:19.571+0000] {logging_mixin.py:188} INFO - [2026-06-01T20:48:19.570+0000] {dagbag.py:540} INFO - Filling up the DagBag from /home/airflow/.local/lib/python3.12/site-packages/airflow/example_dags/example_xcom.py
[2026-06-01T20:48:19.578+0000] {processor.py:840} INFO - DAG(s) 'example_xcom' retrieved from /home/airflow/.local/lib/python3.12/site-packages/airflow/example_dags/example_xcom.py
[2026-06-01T20:48:19.597+0000] {logging_mixin.py:188} INFO - [2026-06-01T20:48:19.596+0000] {dag.py:3096} INFO - Sync 1 DAGs
[2026-06-01T20:48:19.616+0000] {logging_mixin.py:188} INFO - [2026-06-01T20:48:19.615+0000] {dag.py:3954} INFO - Setting next_dagrun for example_xcom to 2021-01-01 00:00:00+00:00, run_after=2021-01-01 00:00:00+00:00
[2026-06-01T20:48:19.637+0000] {processor.py:183} INFO - Processing /home/airflow/.local/lib/python3.12/site-packages/airflow/example_dags/example_xcom.py took 0.074 seconds
[2026-06-01T20:48:50.082+0000] {processor.py:161} INFO - Started process (PID=18950) to work on /home/airflow/.local/lib/python3.12/site-packages/airflow/example_dags/example_xcom.py
[2026-06-01T20:48:50.083+0000] {processor.py:830} INFO - Processing file /home/airflow/.local/lib/python3.12/site-packages/airflow/example_dags/example_xcom.py for tasks to queue
[2026-06-01T20:48:50.085+0000] {logging_mixin.py:188} INFO - [2026-06-01T20:48:50.085+0000] {dagbag.py:540} INFO - Filling up the DagBag from /home/airflow/.local/lib/python3.12/site-packages/airflow/example_dags/example_xcom.py
[2026-06-01T20:48:50.092+0000] {processor.py:840} INFO - DAG(s) 'example_xcom' retrieved from /home/airflow/.local/lib/python3.12/site-packages/airflow/example_dags/example_xcom.py
[2026-06-01T20:48:50.115+0000] {logging_mixin.py:188} INFO - [2026-06-01T20:48:50.115+0000] {dag.py:3096} INFO - Sync 1 DAGs
[2026-06-01T20:48:50.136+0000] {logging_mixin.py:188} INFO - [2026-06-01T20:48:50.136+0000] {dag.py:3954} INFO - Setting next_dagrun for example_xcom to 2021-01-01 00:00:00+00:00, run_after=2021-01-01 00:00:00+00:00
[2026-06-01T20:48:50.155+0000] {processor.py:183} INFO - Processing /home/airflow/.local/lib/python3.12/site-packages/airflow/example_dags/example_xcom.py took 0.078 seconds
[2026-06-01T20:49:21.061+0000] {processor.py:161} INFO - Started process (PID=19009) to work on /home/airflow/.local/lib/python3.12/site-packages/airflow/example_dags/example_xcom.py
[2026-06-01T20:49:21.062+0000] {processor.py:830} INFO - Processing file /home/airflow/.local/lib/python3.12/site-packages/airflow/example_dags/example_xcom.py for tasks to queue
[2026-06-01T20:49:21.064+0000] {logging_mixin.py:188} INFO - [2026-06-01T20:49:21.064+0000] {dagbag.py:540} INFO - Filling up the DagBag from /home/airflow/.local/lib/python3.12/site-packages/airflow/example_dags/example_xcom.py
[2026-06-01T20:49:21.072+0000] {processor.py:840} INFO - DAG(s) 'example_xcom' retrieved from /home/airflow/.local/lib/python3.12/site-packages/airflow/example_dags/example_xcom.py
[2026-06-01T20:49:21.090+0000] {logging_mixin.py:188} INFO - [2026-06-01T20:49:21.090+0000] {dag.py:3096} INFO - Sync 1 DAGs
[2026-06-01T20:49:21.116+0000] {logging_mixin.py:188} INFO - [2026-06-01T20:49:21.115+0000] {dag.py:3954} INFO - Setting next_dagrun for example_xcom to 2021-01-01 00:00:00+00:00, run_after=2021-01-01 00:00:00+00:00
[2026-06-01T20:49:21.138+0000] {processor.py:183} INFO - Processing /home/airflow/.local/lib/python3.12/site-packages/airflow/example_dags/example_xcom.py took 0.082 seconds
[2026-06-01T20:49:51.256+0000] {processor.py:161} INFO - Started process (PID=19068) to work on /home/airflow/.local/lib/python3.12/site-packages/airflow/example_dags/example_xcom.py
[2026-06-01T20:49:51.257+0000] {processor.py:830} INFO - Processing file /home/airflow/.local/lib/python3.12/site-packages/airflow/example_dags/example_xcom.py for tasks to queue
[2026-06-01T20:49:51.259+0000] {logging_mixin.py:188} INFO - [2026-06-01T20:49:51.259+0000] {dagbag.py:540} INFO - Filling up the DagBag from /home/airflow/.local/lib/python3.12/site-packages/airflow/example_dags/example_xcom.py
[2026-06-01T20:49:51.267+0000] {processor.py:840} INFO - DAG(s) 'example_xcom' retrieved from /home/airflow/.local/lib/python3.12/site-packages/airflow/example_dags/example_xcom.py
[2026-06-01T20:49:51.287+0000] {logging_mixin.py:188} INFO - [2026-06-01T20:49:51.286+0000] {dag.py:3096} INFO - Sync 1 DAGs
[2026-06-01T20:49:51.308+0000] {logging_mixin.py:188} INFO - [2026-06-01T20:49:51.308+0000] {dag.py:3954} INFO - Setting next_dagrun for example_xcom to 2021-01-01 00:00:00+00:00, run_after=2021-01-01 00:00:00+00:00
[2026-06-01T20:49:51.324+0000] {processor.py:183} INFO - Processing /home/airflow/.local/lib/python3.12/site-packages/airflow/example_dags/example_xcom.py took 0.075 seconds
[2026-06-01T20:50:21.425+0000] {processor.py:161} INFO - Started process (PID=19127) to work on /home/airflow/.local/lib/python3.12/site-packages/airflow/example_dags/example_xcom.py
[2026-06-01T20:50:21.426+0000] {processor.py:830} INFO - Processing file /home/airflow/.local/lib/python3.12/site-packages/airflow/example_dags/example_xcom.py for tasks to queue
[2026-06-01T20:50:21.428+0000] {logging_mixin.py:188} INFO - [2026-06-01T20:50:21.427+0000] {dagbag.py:540} INFO - Filling up the DagBag from /home/airflow/.local/lib/python3.12/site-packages/airflow/example_dags/example_xcom.py
[2026-06-01T20:50:21.435+0000] {processor.py:840} INFO - DAG(s) 'example_xcom' retrieved from /home/airflow/.local/lib/python3.12/site-packages/airflow/example_dags/example_xcom.py
[2026-06-01T20:50:21.455+0000] {logging_mixin.py:188} INFO - [2026-06-01T20:50:21.455+0000] {dag.py:3096} INFO - Sync 1 DAGs
[2026-06-01T20:50:21.474+0000] {logging_mixin.py:188} INFO - [2026-06-01T20:50:21.474+0000] {dag.py:3954} INFO - Setting next_dagrun for example_xcom to 2021-01-01 00:00:00+00:00, run_after=2021-01-01 00:00:00+00:00
[2026-06-01T20:50:21.491+0000] {processor.py:183} INFO - Processing /home/airflow/.local/lib/python3.12/site-packages/airflow/example_dags/example_xcom.py took 0.072 seconds
[2026-06-01T20:50:51.784+0000] {processor.py:161} INFO - Started process (PID=19186) to work on /home/airflow/.local/lib/python3.12/site-packages/airflow/example_dags/example_xcom.py
[2026-06-01T20:50:51.785+0000] {processor.py:830} INFO - Processing file /home/airflow/.local/lib/python3.12/site-packages/airflow/example_dags/example_xcom.py for tasks to queue
[2026-06-01T20:50:51.787+0000] {logging_mixin.py:188} INFO - [2026-06-01T20:50:51.787+0000] {dagbag.py:540} INFO - Filling up the DagBag from /home/airflow/.local/lib/python3.12/site-packages/airflow/example_dags/example_xcom.py
[2026-06-01T20:50:51.795+0000] {processor.py:840} INFO - DAG(s) 'example_xcom' retrieved from /home/airflow/.local/lib/python3.12/site-packages/airflow/example_dags/example_xcom.py
[2026-06-01T20:50:51.814+0000] {logging_mixin.py:188} INFO - [2026-06-01T20:50:51.814+0000] {dag.py:3096} INFO - Sync 1 DAGs
[2026-06-01T20:50:51.835+0000] {logging_mixin.py:188} INFO - [2026-06-01T20:50:51.834+0000] {dag.py:3954} INFO - Setting next_dagrun for example_xcom to 2021-01-01 00:00:00+00:00, run_after=2021-01-01 00:00:00+00:00
[2026-06-01T20:50:51.853+0000] {processor.py:183} INFO - Processing /home/airflow/.local/lib/python3.12/site-packages/airflow/example_dags/example_xcom.py took 0.074 seconds
[2026-06-01T20:51:22.179+0000] {processor.py:161} INFO - Started process (PID=19245) to work on /home/airflow/.local/lib/python3.12/site-packages/airflow/example_dags/example_xcom.py
[2026-06-01T20:51:22.181+0000] {processor.py:830} INFO - Processing file /home/airflow/.local/lib/python3.12/site-packages/airflow/example_dags/example_xcom.py for tasks to queue
[2026-06-01T20:51:22.183+0000] {logging_mixin.py:188} INFO - [2026-06-01T20:51:22.183+0000] {dagbag.py:540} INFO - Filling up the DagBag from /home/airflow/.local/lib/python3.12/site-packages/airflow/example_dags/example_xcom.py
[2026-06-01T20:51:22.190+0000] {processor.py:840} INFO - DAG(s) 'example_xcom' retrieved from /home/airflow/.local/lib/python3.12/site-packages/airflow/example_dags/example_xcom.py
[2026-06-01T20:51:22.212+0000] {logging_mixin.py:188} INFO - [2026-06-01T20:51:22.212+0000] {dag.py:3096} INFO - Sync 1 DAGs
[2026-06-01T20:51:22.233+0000] {logging_mixin.py:188} INFO - [2026-06-01T20:51:22.233+0000] {dag.py:3954} INFO - Setting next_dagrun for example_xcom to 2021-01-01 00:00:00+00:00, run_after=2021-01-01 00:00:00+00:00
[2026-06-01T20:51:22.256+0000] {processor.py:183} INFO - Processing /home/airflow/.local/lib/python3.12/site-packages/airflow/example_dags/example_xcom.py took 0.083 seconds
[2026-06-01T20:51:52.466+0000] {processor.py:161} INFO - Started process (PID=19304) to work on /home/airflow/.local/lib/python3.12/site-packages/airflow/example_dags/example_xcom.py
[2026-06-01T20:51:52.467+0000] {processor.py:830} INFO - Processing file /home/airflow/.local/lib/python3.12/site-packages/airflow/example_dags/example_xcom.py for tasks to queue
[2026-06-01T20:51:52.470+0000] {logging_mixin.py:188} INFO - [2026-06-01T20:51:52.469+0000] {dagbag.py:540} INFO - Filling up the DagBag from /home/airflow/.local/lib/python3.12/site-packages/airflow/example_dags/example_xcom.py
[2026-06-01T20:51:52.478+0000] {processor.py:840} INFO - DAG(s) 'example_xcom' retrieved from /home/airflow/.local/lib/python3.12/site-packages/airflow/example_dags/example_xcom.py
[2026-06-01T20:51:52.500+0000] {logging_mixin.py:188} INFO - [2026-06-01T20:51:52.500+0000] {dag.py:3096} INFO - Sync 1 DAGs
[2026-06-01T20:51:52.520+0000] {logging_mixin.py:188} INFO - [2026-06-01T20:51:52.520+0000] {dag.py:3954} INFO - Setting next_dagrun for example_xcom to 2021-01-01 00:00:00+00:00, run_after=2021-01-01 00:00:00+00:00
[2026-06-01T20:51:52.539+0000] {processor.py:183} INFO - Processing /home/airflow/.local/lib/python3.12/site-packages/airflow/example_dags/example_xcom.py took 0.079 seconds
[2026-06-01T20:52:23.091+0000] {processor.py:161} INFO - Started process (PID=19363) to work on /home/airflow/.local/lib/python3.12/site-packages/airflow/example_dags/example_xcom.py
[2026-06-01T20:52:23.092+0000] {processor.py:830} INFO - Processing file /home/airflow/.local/lib/python3.12/site-packages/airflow/example_dags/example_xcom.py for tasks to queue
[2026-06-01T20:52:23.094+0000] {logging_mixin.py:188} INFO - [2026-06-01T20:52:23.093+0000] {dagbag.py:540} INFO - Filling up the DagBag from /home/airflow/.local/lib/python3.12/site-packages/airflow/example_dags/example_xcom.py
[2026-06-01T20:52:23.102+0000] {processor.py:840} INFO - DAG(s) 'example_xcom' retrieved from /home/airflow/.local/lib/python3.12/site-packages/airflow/example_dags/example_xcom.py
[2026-06-01T20:52:23.127+0000] {logging_mixin.py:188} INFO - [2026-06-01T20:52:23.127+0000] {dag.py:3096} INFO - Sync 1 DAGs
[2026-06-01T20:52:23.151+0000] {logging_mixin.py:188} INFO - [2026-06-01T20:52:23.150+0000] {dag.py:3954} INFO - Setting next_dagrun for example_xcom to 2021-01-01 00:00:00+00:00, run_after=2021-01-01 00:00:00+00:00
[2026-06-01T20:52:23.173+0000] {processor.py:183} INFO - Processing /home/airflow/.local/lib/python3.12/site-packages/airflow/example_dags/example_xcom.py took 0.088 seconds
[2026-06-01T20:52:53.677+0000] {processor.py:161} INFO - Started process (PID=19422) to work on /home/airflow/.local/lib/python3.12/site-packages/airflow/example_dags/example_xcom.py
[2026-06-01T20:52:53.678+0000] {processor.py:830} INFO - Processing file /home/airflow/.local/lib/python3.12/site-packages/airflow/example_dags/example_xcom.py for tasks to queue
[2026-06-01T20:52:53.681+0000] {logging_mixin.py:188} INFO - [2026-06-01T20:52:53.680+0000] {dagbag.py:540} INFO - Filling up the DagBag from /home/airflow/.local/lib/python3.12/site-packages/airflow/example_dags/example_xcom.py
[2026-06-01T20:52:53.691+0000] {processor.py:840} INFO - DAG(s) 'example_xcom' retrieved from /home/airflow/.local/lib/python3.12/site-packages/airflow/example_dags/example_xcom.py
[2026-06-01T20:52:53.712+0000] {logging_mixin.py:188} INFO - [2026-06-01T20:52:53.712+0000] {dag.py:3096} INFO - Sync 1 DAGs
[2026-06-01T20:52:53.733+0000] {logging_mixin.py:188} INFO - [2026-06-01T20:52:53.733+0000] {dag.py:3954} INFO - Setting next_dagrun for example_xcom to 2021-01-01 00:00:00+00:00, run_after=2021-01-01 00:00:00+00:00
[2026-06-01T20:52:53.752+0000] {processor.py:183} INFO - Processing /home/airflow/.local/lib/python3.12/site-packages/airflow/example_dags/example_xcom.py took 0.080 seconds
[2026-06-01T20:53:24.765+0000] {processor.py:161} INFO - Started process (PID=19481) to work on /home/airflow/.local/lib/python3.12/site-packages/airflow/example_dags/example_xcom.py
[2026-06-01T20:53:24.766+0000] {processor.py:830} INFO - Processing file /home/airflow/.local/lib/python3.12/site-packages/airflow/example_dags/example_xcom.py for tasks to queue
[2026-06-01T20:53:24.768+0000] {logging_mixin.py:188} INFO - [2026-06-01T20:53:24.768+0000] {dagbag.py:540} INFO - Filling up the DagBag from /home/airflow/.local/lib/python3.12/site-packages/airflow/example_dags/example_xcom.py
[2026-06-01T20:53:24.776+0000] {processor.py:840} INFO - DAG(s) 'example_xcom' retrieved from /home/airflow/.local/lib/python3.12/site-packages/airflow/example_dags/example_xcom.py
[2026-06-01T20:53:24.798+0000] {logging_mixin.py:188} INFO - [2026-06-01T20:53:24.798+0000] {dag.py:3096} INFO - Sync 1 DAGs
[2026-06-01T20:53:24.819+0000] {logging_mixin.py:188} INFO - [2026-06-01T20:53:24.818+0000] {dag.py:3954} INFO - Setting next_dagrun for example_xcom to 2021-01-01 00:00:00+00:00, run_after=2021-01-01 00:00:00+00:00
[2026-06-01T20:53:24.836+0000] {processor.py:183} INFO - Processing /home/airflow/.local/lib/python3.12/site-packages/airflow/example_dags/example_xcom.py took 0.076 seconds
[2026-06-01T20:53:55.103+0000] {processor.py:161} INFO - Started process (PID=19540) to work on /home/airflow/.local/lib/python3.12/site-packages/airflow/example_dags/example_xcom.py
[2026-06-01T20:53:55.104+0000] {processor.py:830} INFO - Processing file /home/airflow/.local/lib/python3.12/site-packages/airflow/example_dags/example_xcom.py for tasks to queue
[2026-06-01T20:53:55.108+0000] {logging_mixin.py:188} INFO - [2026-06-01T20:53:55.107+0000] {dagbag.py:540} INFO - Filling up the DagBag from /home/airflow/.local/lib/python3.12/site-packages/airflow/example_dags/example_xcom.py
[2026-06-01T20:53:55.118+0000] {processor.py:840} INFO - DAG(s) 'example_xcom' retrieved from /home/airflow/.local/lib/python3.12/site-packages/airflow/example_dags/example_xcom.py
[2026-06-01T20:53:55.144+0000] {logging_mixin.py:188} INFO - [2026-06-01T20:53:55.144+0000] {dag.py:3096} INFO - Sync 1 DAGs
[2026-06-01T20:53:55.170+0000] {logging_mixin.py:188} INFO - [2026-06-01T20:53:55.170+0000] {dag.py:3954} INFO - Setting next_dagrun for example_xcom to 2021-01-01 00:00:00+00:00, run_after=2021-01-01 00:00:00+00:00
[2026-06-01T20:53:55.196+0000] {processor.py:183} INFO - Processing /home/airflow/.local/lib/python3.12/site-packages/airflow/example_dags/example_xcom.py took 0.099 seconds
[2026-06-01T20:54:25.348+0000] {processor.py:161} INFO - Started process (PID=19599) to work on /home/airflow/.local/lib/python3.12/site-packages/airflow/example_dags/example_xcom.py
[2026-06-01T20:54:25.350+0000] {processor.py:830} INFO - Processing file /home/airflow/.local/lib/python3.12/site-packages/airflow/example_dags/example_xcom.py for tasks to queue
[2026-06-01T20:54:25.352+0000] {logging_mixin.py:188} INFO - [2026-06-01T20:54:25.352+0000] {dagbag.py:540} INFO - Filling up the DagBag from /home/airflow/.local/lib/python3.12/site-packages/airflow/example_dags/example_xcom.py
[2026-06-01T20:54:25.359+0000] {processor.py:840} INFO - DAG(s) 'example_xcom' retrieved from /home/airflow/.local/lib/python3.12/site-packages/airflow/example_dags/example_xcom.py
[2026-06-01T20:54:25.380+0000] {logging_mixin.py:188} INFO - [2026-06-01T20:54:25.380+0000] {dag.py:3096} INFO - Sync 1 DAGs
[2026-06-01T20:54:25.403+0000] {logging_mixin.py:188} INFO - [2026-06-01T20:54:25.403+0000] {dag.py:3954} INFO - Setting next_dagrun for example_xcom to 2021-01-01 00:00:00+00:00, run_after=2021-01-01 00:00:00+00:00
[2026-06-01T20:54:25.422+0000] {processor.py:183} INFO - Processing /home/airflow/.local/lib/python3.12/site-packages/airflow/example_dags/example_xcom.py took 0.079 seconds
[2026-06-01T20:54:55.644+0000] {processor.py:161} INFO - Started process (PID=19658) to work on /home/airflow/.local/lib/python3.12/site-packages/airflow/example_dags/example_xcom.py
[2026-06-01T20:54:55.646+0000] {processor.py:830} INFO - Processing file /home/airflow/.local/lib/python3.12/site-packages/airflow/example_dags/example_xcom.py for tasks to queue
[2026-06-01T20:54:55.647+0000] {logging_mixin.py:188} INFO - [2026-06-01T20:54:55.647+0000] {dagbag.py:540} INFO - Filling up the DagBag from /home/airflow/.local/lib/python3.12/site-packages/airflow/example_dags/example_xcom.py
[2026-06-01T20:54:55.657+0000] {processor.py:840} INFO - DAG(s) 'example_xcom' retrieved from /home/airflow/.local/lib/python3.12/site-packages/airflow/example_dags/example_xcom.py
[2026-06-01T20:54:55.677+0000] {logging_mixin.py:188} INFO - [2026-06-01T20:54:55.677+0000] {dag.py:3096} INFO - Sync 1 DAGs
[2026-06-01T20:54:55.697+0000] {logging_mixin.py:188} INFO - [2026-06-01T20:54:55.697+0000] {dag.py:3954} INFO - Setting next_dagrun for example_xcom to 2021-01-01 00:00:00+00:00, run_after=2021-01-01 00:00:00+00:00
[2026-06-01T20:54:55.717+0000] {processor.py:183} INFO - Processing /home/airflow/.local/lib/python3.12/site-packages/airflow/example_dags/example_xcom.py took 0.078 seconds
[2026-06-01T20:55:26.283+0000] {processor.py:161} INFO - Started process (PID=19717) to work on /home/airflow/.local/lib/python3.12/site-packages/airflow/example_dags/example_xcom.py
[2026-06-01T20:55:26.284+0000] {processor.py:830} INFO - Processing file /home/airflow/.local/lib/python3.12/site-packages/airflow/example_dags/example_xcom.py for tasks to queue
[2026-06-01T20:55:26.286+0000] {logging_mixin.py:188} INFO - [2026-06-01T20:55:26.286+0000] {dagbag.py:540} INFO - Filling up the DagBag from /home/airflow/.local/lib/python3.12/site-packages/airflow/example_dags/example_xcom.py
[2026-06-01T20:55:26.293+0000] {processor.py:840} INFO - DAG(s) 'example_xcom' retrieved from /home/airflow/.local/lib/python3.12/site-packages/airflow/example_dags/example_xcom.py
[2026-06-01T20:55:26.469+0000] {logging_mixin.py:188} INFO - [2026-06-01T20:55:26.468+0000] {dag.py:3096} INFO - Sync 1 DAGs
[2026-06-01T20:55:26.488+0000] {logging_mixin.py:188} INFO - [2026-06-01T20:55:26.487+0000] {dag.py:3954} INFO - Setting next_dagrun for example_xcom to 2021-01-01 00:00:00+00:00, run_after=2021-01-01 00:00:00+00:00
[2026-06-01T20:55:26.508+0000] {processor.py:183} INFO - Processing /home/airflow/.local/lib/python3.12/site-packages/airflow/example_dags/example_xcom.py took 0.231 seconds
[2026-06-01T20:55:56.605+0000] {processor.py:161} INFO - Started process (PID=19776) to work on /home/airflow/.local/lib/python3.12/site-packages/airflow/example_dags/example_xcom.py
[2026-06-01T20:55:56.606+0000] {processor.py:830} INFO - Processing file /home/airflow/.local/lib/python3.12/site-packages/airflow/example_dags/example_xcom.py for tasks to queue
[2026-06-01T20:55:56.608+0000] {logging_mixin.py:188} INFO - [2026-06-01T20:55:56.608+0000] {dagbag.py:540} INFO - Filling up the DagBag from /home/airflow/.local/lib/python3.12/site-packages/airflow/example_dags/example_xcom.py
[2026-06-01T20:55:56.616+0000] {processor.py:840} INFO - DAG(s) 'example_xcom' retrieved from /home/airflow/.local/lib/python3.12/site-packages/airflow/example_dags/example_xcom.py
[2026-06-01T20:55:56.641+0000] {logging_mixin.py:188} INFO - [2026-06-01T20:55:56.641+0000] {dag.py:3096} INFO - Sync 1 DAGs
[2026-06-01T20:55:56.662+0000] {logging_mixin.py:188} INFO - [2026-06-01T20:55:56.662+0000] {dag.py:3954} INFO - Setting next_dagrun for example_xcom to 2021-01-01 00:00:00+00:00, run_after=2021-01-01 00:00:00+00:00
[2026-06-01T20:55:56.680+0000] {processor.py:183} INFO - Processing /home/airflow/.local/lib/python3.12/site-packages/airflow/example_dags/example_xcom.py took 0.081 seconds
[2026-06-01T20:56:26.748+0000] {processor.py:161} INFO - Started process (PID=19835) to work on /home/airflow/.local/lib/python3.12/site-packages/airflow/example_dags/example_xcom.py
[2026-06-01T20:56:26.750+0000] {processor.py:830} INFO - Processing file /home/airflow/.local/lib/python3.12/site-packages/airflow/example_dags/example_xcom.py for tasks to queue
[2026-06-01T20:56:26.753+0000] {logging_mixin.py:188} INFO - [2026-06-01T20:56:26.752+0000] {dagbag.py:540} INFO - Filling up the DagBag from /home/airflow/.local/lib/python3.12/site-packages/airflow/example_dags/example_xcom.py
[2026-06-01T20:56:26.764+0000] {processor.py:840} INFO - DAG(s) 'example_xcom' retrieved from /home/airflow/.local/lib/python3.12/site-packages/airflow/example_dags/example_xcom.py
[2026-06-01T20:56:26.791+0000] {logging_mixin.py:188} INFO - [2026-06-01T20:56:26.791+0000] {dag.py:3096} INFO - Sync 1 DAGs
[2026-06-01T20:56:26.816+0000] {logging_mixin.py:188} INFO - [2026-06-01T20:56:26.816+0000] {dag.py:3954} INFO - Setting next_dagrun for example_xcom to 2021-01-01 00:00:00+00:00, run_after=2021-01-01 00:00:00+00:00
[2026-06-01T20:56:26.839+0000] {processor.py:183} INFO - Processing /home/airflow/.local/lib/python3.12/site-packages/airflow/example_dags/example_xcom.py took 0.097 seconds
[2026-06-01T20:56:57.096+0000] {processor.py:161} INFO - Started process (PID=19894) to work on /home/airflow/.local/lib/python3.12/site-packages/airflow/example_dags/example_xcom.py
[2026-06-01T20:56:57.097+0000] {processor.py:830} INFO - Processing file /home/airflow/.local/lib/python3.12/site-packages/airflow/example_dags/example_xcom.py for tasks to queue
[2026-06-01T20:56:57.098+0000] {logging_mixin.py:188} INFO - [2026-06-01T20:56:57.098+0000] {dagbag.py:540} INFO - Filling up the DagBag from /home/airflow/.local/lib/python3.12/site-packages/airflow/example_dags/example_xcom.py
[2026-06-01T20:56:57.106+0000] {processor.py:840} INFO - DAG(s) 'example_xcom' retrieved from /home/airflow/.local/lib/python3.12/site-packages/airflow/example_dags/example_xcom.py
[2026-06-01T20:56:57.126+0000] {logging_mixin.py:188} INFO - [2026-06-01T20:56:57.126+0000] {dag.py:3096} INFO - Sync 1 DAGs
[2026-06-01T20:56:57.146+0000] {logging_mixin.py:188} INFO - [2026-06-01T20:56:57.145+0000] {dag.py:3954} INFO - Setting next_dagrun for example_xcom to 2021-01-01 00:00:00+00:00, run_after=2021-01-01 00:00:00+00:00
[2026-06-01T20:56:57.170+0000] {processor.py:183} INFO - Processing /home/airflow/.local/lib/python3.12/site-packages/airflow/example_dags/example_xcom.py took 0.080 seconds
[2026-06-01T20:57:27.396+0000] {processor.py:161} INFO - Started process (PID=19959) to work on /home/airflow/.local/lib/python3.12/site-packages/airflow/example_dags/example_xcom.py
[2026-06-01T20:57:27.398+0000] {processor.py:830} INFO - Processing file /home/airflow/.local/lib/python3.12/site-packages/airflow/example_dags/example_xcom.py for tasks to queue
[2026-06-01T20:57:27.400+0000] {logging_mixin.py:188} INFO - [2026-06-01T20:57:27.400+0000] {dagbag.py:540} INFO - Filling up the DagBag from /home/airflow/.local/lib/python3.12/site-packages/airflow/example_dags/example_xcom.py
[2026-06-01T20:57:27.407+0000] {processor.py:840} INFO - DAG(s) 'example_xcom' retrieved from /home/airflow/.local/lib/python3.12/site-packages/airflow/example_dags/example_xcom.py
[2026-06-01T20:57:27.426+0000] {logging_mixin.py:188} INFO - [2026-06-01T20:57:27.426+0000] {dag.py:3096} INFO - Sync 1 DAGs
[2026-06-01T20:57:27.446+0000] {logging_mixin.py:188} INFO - [2026-06-01T20:57:27.446+0000] {dag.py:3954} INFO - Setting next_dagrun for example_xcom to 2021-01-01 00:00:00+00:00, run_after=2021-01-01 00:00:00+00:00
[2026-06-01T20:57:27.467+0000] {processor.py:183} INFO - Processing /home/airflow/.local/lib/python3.12/site-packages/airflow/example_dags/example_xcom.py took 0.075 seconds
[2026-06-01T20:57:57.929+0000] {processor.py:161} INFO - Started process (PID=20018) to work on /home/airflow/.local/lib/python3.12/site-packages/airflow/example_dags/example_xcom.py
[2026-06-01T20:57:57.931+0000] {processor.py:830} INFO - Processing file /home/airflow/.local/lib/python3.12/site-packages/airflow/example_dags/example_xcom.py for tasks to queue
[2026-06-01T20:57:57.933+0000] {logging_mixin.py:188} INFO - [2026-06-01T20:57:57.932+0000] {dagbag.py:540} INFO - Filling up the DagBag from /home/airflow/.local/lib/python3.12/site-packages/airflow/example_dags/example_xcom.py
[2026-06-01T20:57:57.941+0000] {processor.py:840} INFO - DAG(s) 'example_xcom' retrieved from /home/airflow/.local/lib/python3.12/site-packages/airflow/example_dags/example_xcom.py
[2026-06-01T20:57:57.964+0000] {logging_mixin.py:188} INFO - [2026-06-01T20:57:57.963+0000] {dag.py:3096} INFO - Sync 1 DAGs
[2026-06-01T20:57:57.985+0000] {logging_mixin.py:188} INFO - [2026-06-01T20:57:57.985+0000] {dag.py:3954} INFO - Setting next_dagrun for example_xcom to 2021-01-01 00:00:00+00:00, run_after=2021-01-01 00:00:00+00:00
[2026-06-01T20:57:58.002+0000] {processor.py:183} INFO - Processing /home/airflow/.local/lib/python3.12/site-packages/airflow/example_dags/example_xcom.py took 0.078 seconds
[2026-06-01T20:58:28.425+0000] {processor.py:161} INFO - Started process (PID=20077) to work on /home/airflow/.local/lib/python3.12/site-packages/airflow/example_dags/example_xcom.py
[2026-06-01T20:58:28.426+0000] {processor.py:830} INFO - Processing file /home/airflow/.local/lib/python3.12/site-packages/airflow/example_dags/example_xcom.py for tasks to queue
[2026-06-01T20:58:28.428+0000] {logging_mixin.py:188} INFO - [2026-06-01T20:58:28.428+0000] {dagbag.py:540} INFO - Filling up the DagBag from /home/airflow/.local/lib/python3.12/site-packages/airflow/example_dags/example_xcom.py
[2026-06-01T20:58:28.435+0000] {processor.py:840} INFO - DAG(s) 'example_xcom' retrieved from /home/airflow/.local/lib/python3.12/site-packages/airflow/example_dags/example_xcom.py
[2026-06-01T20:58:28.456+0000] {logging_mixin.py:188} INFO - [2026-06-01T20:58:28.456+0000] {dag.py:3096} INFO - Sync 1 DAGs
[2026-06-01T20:58:28.476+0000] {logging_mixin.py:188} INFO - [2026-06-01T20:58:28.475+0000] {dag.py:3954} INFO - Setting next_dagrun for example_xcom to 2021-01-01 00:00:00+00:00, run_after=2021-01-01 00:00:00+00:00
[2026-06-01T20:58:28.493+0000] {processor.py:183} INFO - Processing /home/airflow/.local/lib/python3.12/site-packages/airflow/example_dags/example_xcom.py took 0.074 seconds
[2026-06-01T20:58:59.435+0000] {processor.py:161} INFO - Started process (PID=20136) to work on /home/airflow/.local/lib/python3.12/site-packages/airflow/example_dags/example_xcom.py
[2026-06-01T20:58:59.436+0000] {processor.py:830} INFO - Processing file /home/airflow/.local/lib/python3.12/site-packages/airflow/example_dags/example_xcom.py for tasks to queue
[2026-06-01T20:58:59.439+0000] {logging_mixin.py:188} INFO - [2026-06-01T20:58:59.439+0000] {dagbag.py:540} INFO - Filling up the DagBag from /home/airflow/.local/lib/python3.12/site-packages/airflow/example_dags/example_xcom.py
[2026-06-01T20:58:59.449+0000] {processor.py:840} INFO - DAG(s) 'example_xcom' retrieved from /home/airflow/.local/lib/python3.12/site-packages/airflow/example_dags/example_xcom.py
[2026-06-01T20:58:59.478+0000] {logging_mixin.py:188} INFO - [2026-06-01T20:58:59.477+0000] {dag.py:3096} INFO - Sync 1 DAGs
[2026-06-01T20:58:59.508+0000] {logging_mixin.py:188} INFO - [2026-06-01T20:58:59.508+0000] {dag.py:3954} INFO - Setting next_dagrun for example_xcom to 2021-01-01 00:00:00+00:00, run_after=2021-01-01 00:00:00+00:00
[2026-06-01T20:58:59.532+0000] {processor.py:183} INFO - Processing /home/airflow/.local/lib/python3.12/site-packages/airflow/example_dags/example_xcom.py took 0.105 seconds
[2026-06-01T20:59:29.699+0000] {processor.py:161} INFO - Started process (PID=20195) to work on /home/airflow/.local/lib/python3.12/site-packages/airflow/example_dags/example_xcom.py
[2026-06-01T20:59:29.700+0000] {processor.py:830} INFO - Processing file /home/airflow/.local/lib/python3.12/site-packages/airflow/example_dags/example_xcom.py for tasks to queue
[2026-06-01T20:59:29.702+0000] {logging_mixin.py:188} INFO - [2026-06-01T20:59:29.702+0000] {dagbag.py:540} INFO - Filling up the DagBag from /home/airflow/.local/lib/python3.12/site-packages/airflow/example_dags/example_xcom.py
[2026-06-01T20:59:29.710+0000] {processor.py:840} INFO - DAG(s) 'example_xcom' retrieved from /home/airflow/.local/lib/python3.12/site-packages/airflow/example_dags/example_xcom.py
[2026-06-01T20:59:29.732+0000] {logging_mixin.py:188} INFO - [2026-06-01T20:59:29.732+0000] {dag.py:3096} INFO - Sync 1 DAGs
[2026-06-01T20:59:29.751+0000] {logging_mixin.py:188} INFO - [2026-06-01T20:59:29.751+0000] {dag.py:3954} INFO - Setting next_dagrun for example_xcom to 2021-01-01 00:00:00+00:00, run_after=2021-01-01 00:00:00+00:00
[2026-06-01T20:59:29.775+0000] {processor.py:183} INFO - Processing /home/airflow/.local/lib/python3.12/site-packages/airflow/example_dags/example_xcom.py took 0.083 seconds
[2026-06-01T20:59:59.844+0000] {processor.py:161} INFO - Started process (PID=20254) to work on /home/airflow/.local/lib/python3.12/site-packages/airflow/example_dags/example_xcom.py
[2026-06-01T20:59:59.845+0000] {processor.py:830} INFO - Processing file /home/airflow/.local/lib/python3.12/site-packages/airflow/example_dags/example_xcom.py for tasks to queue
[2026-06-01T20:59:59.847+0000] {logging_mixin.py:188} INFO - [2026-06-01T20:59:59.847+0000] {dagbag.py:540} INFO - Filling up the DagBag from /home/airflow/.local/lib/python3.12/site-packages/airflow/example_dags/example_xcom.py
[2026-06-01T20:59:59.854+0000] {processor.py:840} INFO - DAG(s) 'example_xcom' retrieved from /home/airflow/.local/lib/python3.12/site-packages/airflow/example_dags/example_xcom.py
[2026-06-01T20:59:59.874+0000] {logging_mixin.py:188} INFO - [2026-06-01T20:59:59.874+0000] {dag.py:3096} INFO - Sync 1 DAGs
[2026-06-01T20:59:59.894+0000] {logging_mixin.py:188} INFO - [2026-06-01T20:59:59.893+0000] {dag.py:3954} INFO - Setting next_dagrun for example_xcom to 2021-01-01 00:00:00+00:00, run_after=2021-01-01 00:00:00+00:00
[2026-06-01T20:59:59.917+0000] {processor.py:183} INFO - Processing /home/airflow/.local/lib/python3.12/site-packages/airflow/example_dags/example_xcom.py took 0.079 seconds
[2026-06-01T21:00:30.062+0000] {processor.py:161} INFO - Started process (PID=20313) to work on /home/airflow/.local/lib/python3.12/site-packages/airflow/example_dags/example_xcom.py
[2026-06-01T21:00:30.063+0000] {processor.py:830} INFO - Processing file /home/airflow/.local/lib/python3.12/site-packages/airflow/example_dags/example_xcom.py for tasks to queue
[2026-06-01T21:00:30.065+0000] {logging_mixin.py:188} INFO - [2026-06-01T21:00:30.065+0000] {dagbag.py:540} INFO - Filling up the DagBag from /home/airflow/.local/lib/python3.12/site-packages/airflow/example_dags/example_xcom.py
[2026-06-01T21:00:30.072+0000] {processor.py:840} INFO - DAG(s) 'example_xcom' retrieved from /home/airflow/.local/lib/python3.12/site-packages/airflow/example_dags/example_xcom.py
[2026-06-01T21:00:30.092+0000] {logging_mixin.py:188} INFO - [2026-06-01T21:00:30.092+0000] {dag.py:3096} INFO - Sync 1 DAGs
[2026-06-01T21:00:30.113+0000] {logging_mixin.py:188} INFO - [2026-06-01T21:00:30.113+0000] {dag.py:3954} INFO - Setting next_dagrun for example_xcom to 2021-01-01 00:00:00+00:00, run_after=2021-01-01 00:00:00+00:00
[2026-06-01T21:00:30.138+0000] {processor.py:183} INFO - Processing /home/airflow/.local/lib/python3.12/site-packages/airflow/example_dags/example_xcom.py took 0.081 seconds
[2026-06-01T21:01:00.240+0000] {processor.py:161} INFO - Started process (PID=20372) to work on /home/airflow/.local/lib/python3.12/site-packages/airflow/example_dags/example_xcom.py
[2026-06-01T21:01:00.241+0000] {processor.py:830} INFO - Processing file /home/airflow/.local/lib/python3.12/site-packages/airflow/example_dags/example_xcom.py for tasks to queue
[2026-06-01T21:01:00.244+0000] {logging_mixin.py:188} INFO - [2026-06-01T21:01:00.243+0000] {dagbag.py:540} INFO - Filling up the DagBag from /home/airflow/.local/lib/python3.12/site-packages/airflow/example_dags/example_xcom.py
[2026-06-01T21:01:00.252+0000] {processor.py:840} INFO - DAG(s) 'example_xcom' retrieved from /home/airflow/.local/lib/python3.12/site-packages/airflow/example_dags/example_xcom.py
[2026-06-01T21:01:00.274+0000] {logging_mixin.py:188} INFO - [2026-06-01T21:01:00.273+0000] {dag.py:3096} INFO - Sync 1 DAGs
[2026-06-01T21:01:00.297+0000] {logging_mixin.py:188} INFO - [2026-06-01T21:01:00.297+0000] {dag.py:3954} INFO - Setting next_dagrun for example_xcom to 2021-01-01 00:00:00+00:00, run_after=2021-01-01 00:00:00+00:00
[2026-06-01T21:01:00.327+0000] {processor.py:183} INFO - Processing /home/airflow/.local/lib/python3.12/site-packages/airflow/example_dags/example_xcom.py took 0.092 seconds
[2026-06-01T21:01:31.081+0000] {processor.py:161} INFO - Started process (PID=20431) to work on /home/airflow/.local/lib/python3.12/site-packages/airflow/example_dags/example_xcom.py
[2026-06-01T21:01:31.082+0000] {processor.py:830} INFO - Processing file /home/airflow/.local/lib/python3.12/site-packages/airflow/example_dags/example_xcom.py for tasks to queue
[2026-06-01T21:01:31.085+0000] {logging_mixin.py:188} INFO - [2026-06-01T21:01:31.084+0000] {dagbag.py:540} INFO - Filling up the DagBag from /home/airflow/.local/lib/python3.12/site-packages/airflow/example_dags/example_xcom.py
[2026-06-01T21:01:31.093+0000] {processor.py:840} INFO - DAG(s) 'example_xcom' retrieved from /home/airflow/.local/lib/python3.12/site-packages/airflow/example_dags/example_xcom.py
[2026-06-01T21:01:31.117+0000] {logging_mixin.py:188} INFO - [2026-06-01T21:01:31.117+0000] {dag.py:3096} INFO - Sync 1 DAGs
[2026-06-01T21:01:31.138+0000] {logging_mixin.py:188} INFO - [2026-06-01T21:01:31.138+0000] {dag.py:3954} INFO - Setting next_dagrun for example_xcom to 2021-01-01 00:00:00+00:00, run_after=2021-01-01 00:00:00+00:00
[2026-06-01T21:01:31.157+0000] {processor.py:183} INFO - Processing /home/airflow/.local/lib/python3.12/site-packages/airflow/example_dags/example_xcom.py took 0.084 seconds
[2026-06-01T21:02:01.307+0000] {processor.py:161} INFO - Started process (PID=20490) to work on /home/airflow/.local/lib/python3.12/site-packages/airflow/example_dags/example_xcom.py
[2026-06-01T21:02:01.309+0000] {processor.py:830} INFO - Processing file /home/airflow/.local/lib/python3.12/site-packages/airflow/example_dags/example_xcom.py for tasks to queue
[2026-06-01T21:02:01.311+0000] {logging_mixin.py:188} INFO - [2026-06-01T21:02:01.310+0000] {dagbag.py:540} INFO - Filling up the DagBag from /home/airflow/.local/lib/python3.12/site-packages/airflow/example_dags/example_xcom.py
[2026-06-01T21:02:01.318+0000] {processor.py:840} INFO - DAG(s) 'example_xcom' retrieved from /home/airflow/.local/lib/python3.12/site-packages/airflow/example_dags/example_xcom.py
[2026-06-01T21:02:01.344+0000] {logging_mixin.py:188} INFO - [2026-06-01T21:02:01.344+0000] {dag.py:3096} INFO - Sync 1 DAGs
[2026-06-01T21:02:01.368+0000] {logging_mixin.py:188} INFO - [2026-06-01T21:02:01.367+0000] {dag.py:3954} INFO - Setting next_dagrun for example_xcom to 2021-01-01 00:00:00+00:00, run_after=2021-01-01 00:00:00+00:00
[2026-06-01T21:02:01.387+0000] {processor.py:183} INFO - Processing /home/airflow/.local/lib/python3.12/site-packages/airflow/example_dags/example_xcom.py took 0.086 seconds
[2026-06-01T21:02:31.674+0000] {processor.py:161} INFO - Started process (PID=20549) to work on /home/airflow/.local/lib/python3.12/site-packages/airflow/example_dags/example_xcom.py
[2026-06-01T21:02:31.675+0000] {processor.py:830} INFO - Processing file /home/airflow/.local/lib/python3.12/site-packages/airflow/example_dags/example_xcom.py for tasks to queue
[2026-06-01T21:02:31.678+0000] {logging_mixin.py:188} INFO - [2026-06-01T21:02:31.677+0000] {dagbag.py:540} INFO - Filling up the DagBag from /home/airflow/.local/lib/python3.12/site-packages/airflow/example_dags/example_xcom.py
[2026-06-01T21:02:31.686+0000] {processor.py:840} INFO - DAG(s) 'example_xcom' retrieved from /home/airflow/.local/lib/python3.12/site-packages/airflow/example_dags/example_xcom.py
[2026-06-01T21:02:31.712+0000] {logging_mixin.py:188} INFO - [2026-06-01T21:02:31.712+0000] {dag.py:3096} INFO - Sync 1 DAGs
[2026-06-01T21:02:31.734+0000] {logging_mixin.py:188} INFO - [2026-06-01T21:02:31.734+0000] {dag.py:3954} INFO - Setting next_dagrun for example_xcom to 2021-01-01 00:00:00+00:00, run_after=2021-01-01 00:00:00+00:00
[2026-06-01T21:02:31.756+0000] {processor.py:183} INFO - Processing /home/airflow/.local/lib/python3.12/site-packages/airflow/example_dags/example_xcom.py took 0.088 seconds
[2026-06-01T21:03:01.964+0000] {processor.py:161} INFO - Started process (PID=20608) to work on /home/airflow/.local/lib/python3.12/site-packages/airflow/example_dags/example_xcom.py
[2026-06-01T21:03:01.965+0000] {processor.py:830} INFO - Processing file /home/airflow/.local/lib/python3.12/site-packages/airflow/example_dags/example_xcom.py for tasks to queue
[2026-06-01T21:03:01.967+0000] {logging_mixin.py:188} INFO - [2026-06-01T21:03:01.967+0000] {dagbag.py:540} INFO - Filling up the DagBag from /home/airflow/.local/lib/python3.12/site-packages/airflow/example_dags/example_xcom.py
[2026-06-01T21:03:01.975+0000] {processor.py:840} INFO - DAG(s) 'example_xcom' retrieved from /home/airflow/.local/lib/python3.12/site-packages/airflow/example_dags/example_xcom.py
[2026-06-01T21:03:01.996+0000] {logging_mixin.py:188} INFO - [2026-06-01T21:03:01.996+0000] {dag.py:3096} INFO - Sync 1 DAGs
[2026-06-01T21:03:02.016+0000] {logging_mixin.py:188} INFO - [2026-06-01T21:03:02.016+0000] {dag.py:3954} INFO - Setting next_dagrun for example_xcom to 2021-01-01 00:00:00+00:00, run_after=2021-01-01 00:00:00+00:00
[2026-06-01T21:03:02.039+0000] {processor.py:183} INFO - Processing /home/airflow/.local/lib/python3.12/site-packages/airflow/example_dags/example_xcom.py took 0.080 seconds
[2026-06-01T21:03:32.214+0000] {processor.py:161} INFO - Started process (PID=20667) to work on /home/airflow/.local/lib/python3.12/site-packages/airflow/example_dags/example_xcom.py
[2026-06-01T21:03:32.215+0000] {processor.py:830} INFO - Processing file /home/airflow/.local/lib/python3.12/site-packages/airflow/example_dags/example_xcom.py for tasks to queue
[2026-06-01T21:03:32.218+0000] {logging_mixin.py:188} INFO - [2026-06-01T21:03:32.217+0000] {dagbag.py:540} INFO - Filling up the DagBag from /home/airflow/.local/lib/python3.12/site-packages/airflow/example_dags/example_xcom.py
[2026-06-01T21:03:32.226+0000] {processor.py:840} INFO - DAG(s) 'example_xcom' retrieved from /home/airflow/.local/lib/python3.12/site-packages/airflow/example_dags/example_xcom.py
[2026-06-01T21:03:32.249+0000] {logging_mixin.py:188} INFO - [2026-06-01T21:03:32.249+0000] {dag.py:3096} INFO - Sync 1 DAGs
[2026-06-01T21:03:32.272+0000] {logging_mixin.py:188} INFO - [2026-06-01T21:03:32.271+0000] {dag.py:3954} INFO - Setting next_dagrun for example_xcom to 2021-01-01 00:00:00+00:00, run_after=2021-01-01 00:00:00+00:00
[2026-06-01T21:03:32.296+0000] {processor.py:183} INFO - Processing /home/airflow/.local/lib/python3.12/site-packages/airflow/example_dags/example_xcom.py took 0.089 seconds
[2026-06-01T21:04:02.371+0000] {processor.py:161} INFO - Started process (PID=20726) to work on /home/airflow/.local/lib/python3.12/site-packages/airflow/example_dags/example_xcom.py
[2026-06-01T21:04:02.373+0000] {processor.py:830} INFO - Processing file /home/airflow/.local/lib/python3.12/site-packages/airflow/example_dags/example_xcom.py for tasks to queue
[2026-06-01T21:04:02.375+0000] {logging_mixin.py:188} INFO - [2026-06-01T21:04:02.374+0000] {dagbag.py:540} INFO - Filling up the DagBag from /home/airflow/.local/lib/python3.12/site-packages/airflow/example_dags/example_xcom.py
[2026-06-01T21:04:02.381+0000] {processor.py:840} INFO - DAG(s) 'example_xcom' retrieved from /home/airflow/.local/lib/python3.12/site-packages/airflow/example_dags/example_xcom.py
[2026-06-01T21:04:02.406+0000] {logging_mixin.py:188} INFO - [2026-06-01T21:04:02.406+0000] {dag.py:3096} INFO - Sync 1 DAGs
[2026-06-01T21:04:02.429+0000] {logging_mixin.py:188} INFO - [2026-06-01T21:04:02.428+0000] {dag.py:3954} INFO - Setting next_dagrun for example_xcom to 2021-01-01 00:00:00+00:00, run_after=2021-01-01 00:00:00+00:00
[2026-06-01T21:04:02.448+0000] {processor.py:183} INFO - Processing /home/airflow/.local/lib/python3.12/site-packages/airflow/example_dags/example_xcom.py took 0.082 seconds
[2026-06-01T21:04:32.696+0000] {processor.py:161} INFO - Started process (PID=20785) to work on /home/airflow/.local/lib/python3.12/site-packages/airflow/example_dags/example_xcom.py
[2026-06-01T21:04:32.697+0000] {processor.py:830} INFO - Processing file /home/airflow/.local/lib/python3.12/site-packages/airflow/example_dags/example_xcom.py for tasks to queue
[2026-06-01T21:04:32.700+0000] {logging_mixin.py:188} INFO - [2026-06-01T21:04:32.699+0000] {dagbag.py:540} INFO - Filling up the DagBag from /home/airflow/.local/lib/python3.12/site-packages/airflow/example_dags/example_xcom.py
[2026-06-01T21:04:32.709+0000] {processor.py:840} INFO - DAG(s) 'example_xcom' retrieved from /home/airflow/.local/lib/python3.12/site-packages/airflow/example_dags/example_xcom.py
[2026-06-01T21:04:32.732+0000] {logging_mixin.py:188} INFO - [2026-06-01T21:04:32.732+0000] {dag.py:3096} INFO - Sync 1 DAGs
[2026-06-01T21:04:32.754+0000] {logging_mixin.py:188} INFO - [2026-06-01T21:04:32.753+0000] {dag.py:3954} INFO - Setting next_dagrun for example_xcom to 2021-01-01 00:00:00+00:00, run_after=2021-01-01 00:00:00+00:00
[2026-06-01T21:04:32.776+0000] {processor.py:183} INFO - Processing /home/airflow/.local/lib/python3.12/site-packages/airflow/example_dags/example_xcom.py took 0.088 seconds
[2026-06-01T21:05:03.115+0000] {processor.py:161} INFO - Started process (PID=20844) to work on /home/airflow/.local/lib/python3.12/site-packages/airflow/example_dags/example_xcom.py
[2026-06-01T21:05:03.117+0000] {processor.py:830} INFO - Processing file /home/airflow/.local/lib/python3.12/site-packages/airflow/example_dags/example_xcom.py for tasks to queue
[2026-06-01T21:05:03.119+0000] {logging_mixin.py:188} INFO - [2026-06-01T21:05:03.119+0000] {dagbag.py:540} INFO - Filling up the DagBag from /home/airflow/.local/lib/python3.12/site-packages/airflow/example_dags/example_xcom.py
[2026-06-01T21:05:03.127+0000] {processor.py:840} INFO - DAG(s) 'example_xcom' retrieved from /home/airflow/.local/lib/python3.12/site-packages/airflow/example_dags/example_xcom.py
[2026-06-01T21:05:03.146+0000] {logging_mixin.py:188} INFO - [2026-06-01T21:05:03.145+0000] {dag.py:3096} INFO - Sync 1 DAGs
[2026-06-01T21:05:03.167+0000] {logging_mixin.py:188} INFO - [2026-06-01T21:05:03.167+0000] {dag.py:3954} INFO - Setting next_dagrun for example_xcom to 2021-01-01 00:00:00+00:00, run_after=2021-01-01 00:00:00+00:00
[2026-06-01T21:05:03.186+0000] {processor.py:183} INFO - Processing /home/airflow/.local/lib/python3.12/site-packages/airflow/example_dags/example_xcom.py took 0.078 seconds
[2026-06-01T21:05:33.358+0000] {processor.py:161} INFO - Started process (PID=20903) to work on /home/airflow/.local/lib/python3.12/site-packages/airflow/example_dags/example_xcom.py
[2026-06-01T21:05:33.360+0000] {processor.py:830} INFO - Processing file /home/airflow/.local/lib/python3.12/site-packages/airflow/example_dags/example_xcom.py for tasks to queue
[2026-06-01T21:05:33.362+0000] {logging_mixin.py:188} INFO - [2026-06-01T21:05:33.361+0000] {dagbag.py:540} INFO - Filling up the DagBag from /home/airflow/.local/lib/python3.12/site-packages/airflow/example_dags/example_xcom.py
[2026-06-01T21:05:33.371+0000] {processor.py:840} INFO - DAG(s) 'example_xcom' retrieved from /home/airflow/.local/lib/python3.12/site-packages/airflow/example_dags/example_xcom.py
[2026-06-01T21:05:33.395+0000] {logging_mixin.py:188} INFO - [2026-06-01T21:05:33.394+0000] {dag.py:3096} INFO - Sync 1 DAGs
[2026-06-01T21:05:33.422+0000] {logging_mixin.py:188} INFO - [2026-06-01T21:05:33.421+0000] {dag.py:3954} INFO - Setting next_dagrun for example_xcom to 2021-01-01 00:00:00+00:00, run_after=2021-01-01 00:00:00+00:00
[2026-06-01T21:05:33.447+0000] {processor.py:183} INFO - Processing /home/airflow/.local/lib/python3.12/site-packages/airflow/example_dags/example_xcom.py took 0.095 seconds
[2026-06-01T21:06:03.606+0000] {processor.py:161} INFO - Started process (PID=20962) to work on /home/airflow/.local/lib/python3.12/site-packages/airflow/example_dags/example_xcom.py
[2026-06-01T21:06:03.607+0000] {processor.py:830} INFO - Processing file /home/airflow/.local/lib/python3.12/site-packages/airflow/example_dags/example_xcom.py for tasks to queue
[2026-06-01T21:06:03.609+0000] {logging_mixin.py:188} INFO - [2026-06-01T21:06:03.609+0000] {dagbag.py:540} INFO - Filling up the DagBag from /home/airflow/.local/lib/python3.12/site-packages/airflow/example_dags/example_xcom.py
[2026-06-01T21:06:03.617+0000] {processor.py:840} INFO - DAG(s) 'example_xcom' retrieved from /home/airflow/.local/lib/python3.12/site-packages/airflow/example_dags/example_xcom.py
[2026-06-01T21:06:03.637+0000] {logging_mixin.py:188} INFO - [2026-06-01T21:06:03.637+0000] {dag.py:3096} INFO - Sync 1 DAGs
[2026-06-01T21:06:03.660+0000] {logging_mixin.py:188} INFO - [2026-06-01T21:06:03.659+0000] {dag.py:3954} INFO - Setting next_dagrun for example_xcom to 2021-01-01 00:00:00+00:00, run_after=2021-01-01 00:00:00+00:00
[2026-06-01T21:06:03.690+0000] {processor.py:183} INFO - Processing /home/airflow/.local/lib/python3.12/site-packages/airflow/example_dags/example_xcom.py took 0.090 seconds
[2026-06-01T21:06:33.920+0000] {processor.py:161} INFO - Started process (PID=21021) to work on /home/airflow/.local/lib/python3.12/site-packages/airflow/example_dags/example_xcom.py
[2026-06-01T21:06:33.921+0000] {processor.py:830} INFO - Processing file /home/airflow/.local/lib/python3.12/site-packages/airflow/example_dags/example_xcom.py for tasks to queue
[2026-06-01T21:06:33.923+0000] {logging_mixin.py:188} INFO - [2026-06-01T21:06:33.923+0000] {dagbag.py:540} INFO - Filling up the DagBag from /home/airflow/.local/lib/python3.12/site-packages/airflow/example_dags/example_xcom.py
[2026-06-01T21:06:33.931+0000] {processor.py:840} INFO - DAG(s) 'example_xcom' retrieved from /home/airflow/.local/lib/python3.12/site-packages/airflow/example_dags/example_xcom.py
[2026-06-01T21:06:33.954+0000] {logging_mixin.py:188} INFO - [2026-06-01T21:06:33.953+0000] {dag.py:3096} INFO - Sync 1 DAGs
[2026-06-01T21:06:33.975+0000] {logging_mixin.py:188} INFO - [2026-06-01T21:06:33.974+0000] {dag.py:3954} INFO - Setting next_dagrun for example_xcom to 2021-01-01 00:00:00+00:00, run_after=2021-01-01 00:00:00+00:00
[2026-06-01T21:06:33.994+0000] {processor.py:183} INFO - Processing /home/airflow/.local/lib/python3.12/site-packages/airflow/example_dags/example_xcom.py took 0.081 seconds
[2026-06-01T21:07:04.261+0000] {processor.py:161} INFO - Started process (PID=21080) to work on /home/airflow/.local/lib/python3.12/site-packages/airflow/example_dags/example_xcom.py
[2026-06-01T21:07:04.262+0000] {processor.py:830} INFO - Processing file /home/airflow/.local/lib/python3.12/site-packages/airflow/example_dags/example_xcom.py for tasks to queue
[2026-06-01T21:07:04.264+0000] {logging_mixin.py:188} INFO - [2026-06-01T21:07:04.264+0000] {dagbag.py:540} INFO - Filling up the DagBag from /home/airflow/.local/lib/python3.12/site-packages/airflow/example_dags/example_xcom.py
[2026-06-01T21:07:04.273+0000] {processor.py:840} INFO - DAG(s) 'example_xcom' retrieved from /home/airflow/.local/lib/python3.12/site-packages/airflow/example_dags/example_xcom.py
[2026-06-01T21:07:04.294+0000] {logging_mixin.py:188} INFO - [2026-06-01T21:07:04.294+0000] {dag.py:3096} INFO - Sync 1 DAGs
[2026-06-01T21:07:04.316+0000] {logging_mixin.py:188} INFO - [2026-06-01T21:07:04.315+0000] {dag.py:3954} INFO - Setting next_dagrun for example_xcom to 2021-01-01 00:00:00+00:00, run_after=2021-01-01 00:00:00+00:00
[2026-06-01T21:07:04.338+0000] {processor.py:183} INFO - Processing /home/airflow/.local/lib/python3.12/site-packages/airflow/example_dags/example_xcom.py took 0.082 seconds
[2026-06-01T21:07:34.642+0000] {processor.py:161} INFO - Started process (PID=21139) to work on /home/airflow/.local/lib/python3.12/site-packages/airflow/example_dags/example_xcom.py
[2026-06-01T21:07:34.643+0000] {processor.py:830} INFO - Processing file /home/airflow/.local/lib/python3.12/site-packages/airflow/example_dags/example_xcom.py for tasks to queue
[2026-06-01T21:07:34.645+0000] {logging_mixin.py:188} INFO - [2026-06-01T21:07:34.645+0000] {dagbag.py:540} INFO - Filling up the DagBag from /home/airflow/.local/lib/python3.12/site-packages/airflow/example_dags/example_xcom.py
[2026-06-01T21:07:34.652+0000] {processor.py:840} INFO - DAG(s) 'example_xcom' retrieved from /home/airflow/.local/lib/python3.12/site-packages/airflow/example_dags/example_xcom.py
[2026-06-01T21:07:34.674+0000] {logging_mixin.py:188} INFO - [2026-06-01T21:07:34.674+0000] {dag.py:3096} INFO - Sync 1 DAGs
[2026-06-01T21:07:34.695+0000] {logging_mixin.py:188} INFO - [2026-06-01T21:07:34.694+0000] {dag.py:3954} INFO - Setting next_dagrun for example_xcom to 2021-01-01 00:00:00+00:00, run_after=2021-01-01 00:00:00+00:00
[2026-06-01T21:07:34.716+0000] {processor.py:183} INFO - Processing /home/airflow/.local/lib/python3.12/site-packages/airflow/example_dags/example_xcom.py took 0.080 seconds
[2026-06-01T21:08:04.955+0000] {processor.py:161} INFO - Started process (PID=21198) to work on /home/airflow/.local/lib/python3.12/site-packages/airflow/example_dags/example_xcom.py
[2026-06-01T21:08:04.956+0000] {processor.py:830} INFO - Processing file /home/airflow/.local/lib/python3.12/site-packages/airflow/example_dags/example_xcom.py for tasks to queue
[2026-06-01T21:08:04.958+0000] {logging_mixin.py:188} INFO - [2026-06-01T21:08:04.958+0000] {dagbag.py:540} INFO - Filling up the DagBag from /home/airflow/.local/lib/python3.12/site-packages/airflow/example_dags/example_xcom.py
[2026-06-01T21:08:04.967+0000] {processor.py:840} INFO - DAG(s) 'example_xcom' retrieved from /home/airflow/.local/lib/python3.12/site-packages/airflow/example_dags/example_xcom.py
[2026-06-01T21:08:04.989+0000] {logging_mixin.py:188} INFO - [2026-06-01T21:08:04.989+0000] {dag.py:3096} INFO - Sync 1 DAGs
[2026-06-01T21:08:05.011+0000] {logging_mixin.py:188} INFO - [2026-06-01T21:08:05.010+0000] {dag.py:3954} INFO - Setting next_dagrun for example_xcom to 2021-01-01 00:00:00+00:00, run_after=2021-01-01 00:00:00+00:00
[2026-06-01T21:08:05.038+0000] {processor.py:183} INFO - Processing /home/airflow/.local/lib/python3.12/site-packages/airflow/example_dags/example_xcom.py took 0.088 seconds
[2026-06-01T21:08:35.245+0000] {processor.py:161} INFO - Started process (PID=21257) to work on /home/airflow/.local/lib/python3.12/site-packages/airflow/example_dags/example_xcom.py
[2026-06-01T21:08:35.247+0000] {processor.py:830} INFO - Processing file /home/airflow/.local/lib/python3.12/site-packages/airflow/example_dags/example_xcom.py for tasks to queue
[2026-06-01T21:08:35.249+0000] {logging_mixin.py:188} INFO - [2026-06-01T21:08:35.249+0000] {dagbag.py:540} INFO - Filling up the DagBag from /home/airflow/.local/lib/python3.12/site-packages/airflow/example_dags/example_xcom.py
[2026-06-01T21:08:35.258+0000] {processor.py:840} INFO - DAG(s) 'example_xcom' retrieved from /home/airflow/.local/lib/python3.12/site-packages/airflow/example_dags/example_xcom.py
[2026-06-01T21:08:35.277+0000] {logging_mixin.py:188} INFO - [2026-06-01T21:08:35.277+0000] {dag.py:3096} INFO - Sync 1 DAGs
[2026-06-01T21:08:35.296+0000] {logging_mixin.py:188} INFO - [2026-06-01T21:08:35.295+0000] {dag.py:3954} INFO - Setting next_dagrun for example_xcom to 2021-01-01 00:00:00+00:00, run_after=2021-01-01 00:00:00+00:00
[2026-06-01T21:08:35.315+0000] {processor.py:183} INFO - Processing /home/airflow/.local/lib/python3.12/site-packages/airflow/example_dags/example_xcom.py took 0.075 seconds
[2026-06-01T21:09:05.444+0000] {processor.py:161} INFO - Started process (PID=21316) to work on /home/airflow/.local/lib/python3.12/site-packages/airflow/example_dags/example_xcom.py
[2026-06-01T21:09:05.446+0000] {processor.py:830} INFO - Processing file /home/airflow/.local/lib/python3.12/site-packages/airflow/example_dags/example_xcom.py for tasks to queue
[2026-06-01T21:09:05.448+0000] {logging_mixin.py:188} INFO - [2026-06-01T21:09:05.448+0000] {dagbag.py:540} INFO - Filling up the DagBag from /home/airflow/.local/lib/python3.12/site-packages/airflow/example_dags/example_xcom.py
[2026-06-01T21:09:05.456+0000] {processor.py:840} INFO - DAG(s) 'example_xcom' retrieved from /home/airflow/.local/lib/python3.12/site-packages/airflow/example_dags/example_xcom.py
[2026-06-01T21:09:05.478+0000] {logging_mixin.py:188} INFO - [2026-06-01T21:09:05.478+0000] {dag.py:3096} INFO - Sync 1 DAGs
[2026-06-01T21:09:05.499+0000] {logging_mixin.py:188} INFO - [2026-06-01T21:09:05.498+0000] {dag.py:3954} INFO - Setting next_dagrun for example_xcom to 2021-01-01 00:00:00+00:00, run_after=2021-01-01 00:00:00+00:00
[2026-06-01T21:09:05.520+0000] {processor.py:183} INFO - Processing /home/airflow/.local/lib/python3.12/site-packages/airflow/example_dags/example_xcom.py took 0.081 seconds
[2026-06-01T21:09:35.749+0000] {processor.py:161} INFO - Started process (PID=21375) to work on /home/airflow/.local/lib/python3.12/site-packages/airflow/example_dags/example_xcom.py
[2026-06-01T21:09:35.750+0000] {processor.py:830} INFO - Processing file /home/airflow/.local/lib/python3.12/site-packages/airflow/example_dags/example_xcom.py for tasks to queue
[2026-06-01T21:09:35.752+0000] {logging_mixin.py:188} INFO - [2026-06-01T21:09:35.752+0000] {dagbag.py:540} INFO - Filling up the DagBag from /home/airflow/.local/lib/python3.12/site-packages/airflow/example_dags/example_xcom.py
[2026-06-01T21:09:35.759+0000] {processor.py:840} INFO - DAG(s) 'example_xcom' retrieved from /home/airflow/.local/lib/python3.12/site-packages/airflow/example_dags/example_xcom.py
[2026-06-01T21:09:35.779+0000] {logging_mixin.py:188} INFO - [2026-06-01T21:09:35.779+0000] {dag.py:3096} INFO - Sync 1 DAGs
[2026-06-01T21:09:35.800+0000] {logging_mixin.py:188} INFO - [2026-06-01T21:09:35.799+0000] {dag.py:3954} INFO - Setting next_dagrun for example_xcom to 2021-01-01 00:00:00+00:00, run_after=2021-01-01 00:00:00+00:00
[2026-06-01T21:09:35.821+0000] {processor.py:183} INFO - Processing /home/airflow/.local/lib/python3.12/site-packages/airflow/example_dags/example_xcom.py took 0.078 seconds
[2026-06-01T21:10:06.493+0000] {processor.py:161} INFO - Started process (PID=21434) to work on /home/airflow/.local/lib/python3.12/site-packages/airflow/example_dags/example_xcom.py
[2026-06-01T21:10:06.494+0000] {processor.py:830} INFO - Processing file /home/airflow/.local/lib/python3.12/site-packages/airflow/example_dags/example_xcom.py for tasks to queue
[2026-06-01T21:10:06.496+0000] {logging_mixin.py:188} INFO - [2026-06-01T21:10:06.496+0000] {dagbag.py:540} INFO - Filling up the DagBag from /home/airflow/.local/lib/python3.12/site-packages/airflow/example_dags/example_xcom.py
[2026-06-01T21:10:06.505+0000] {processor.py:840} INFO - DAG(s) 'example_xcom' retrieved from /home/airflow/.local/lib/python3.12/site-packages/airflow/example_dags/example_xcom.py
[2026-06-01T21:10:06.527+0000] {logging_mixin.py:188} INFO - [2026-06-01T21:10:06.527+0000] {dag.py:3096} INFO - Sync 1 DAGs
[2026-06-01T21:10:06.551+0000] {logging_mixin.py:188} INFO - [2026-06-01T21:10:06.551+0000] {dag.py:3954} INFO - Setting next_dagrun for example_xcom to 2021-01-01 00:00:00+00:00, run_after=2021-01-01 00:00:00+00:00
[2026-06-01T21:10:06.576+0000] {processor.py:183} INFO - Processing /home/airflow/.local/lib/python3.12/site-packages/airflow/example_dags/example_xcom.py took 0.090 seconds
[2026-06-01T21:10:37.453+0000] {processor.py:161} INFO - Started process (PID=21493) to work on /home/airflow/.local/lib/python3.12/site-packages/airflow/example_dags/example_xcom.py
[2026-06-01T21:10:37.454+0000] {processor.py:830} INFO - Processing file /home/airflow/.local/lib/python3.12/site-packages/airflow/example_dags/example_xcom.py for tasks to queue
[2026-06-01T21:10:37.457+0000] {logging_mixin.py:188} INFO - [2026-06-01T21:10:37.456+0000] {dagbag.py:540} INFO - Filling up the DagBag from /home/airflow/.local/lib/python3.12/site-packages/airflow/example_dags/example_xcom.py
[2026-06-01T21:10:37.464+0000] {processor.py:840} INFO - DAG(s) 'example_xcom' retrieved from /home/airflow/.local/lib/python3.12/site-packages/airflow/example_dags/example_xcom.py
[2026-06-01T21:10:37.485+0000] {logging_mixin.py:188} INFO - [2026-06-01T21:10:37.484+0000] {dag.py:3096} INFO - Sync 1 DAGs
[2026-06-01T21:10:37.508+0000] {logging_mixin.py:188} INFO - [2026-06-01T21:10:37.508+0000] {dag.py:3954} INFO - Setting next_dagrun for example_xcom to 2021-01-01 00:00:00+00:00, run_after=2021-01-01 00:00:00+00:00
[2026-06-01T21:10:37.533+0000] {processor.py:183} INFO - Processing /home/airflow/.local/lib/python3.12/site-packages/airflow/example_dags/example_xcom.py took 0.086 seconds
[2026-06-01T21:11:07.631+0000] {processor.py:161} INFO - Started process (PID=21552) to work on /home/airflow/.local/lib/python3.12/site-packages/airflow/example_dags/example_xcom.py
[2026-06-01T21:11:07.632+0000] {processor.py:830} INFO - Processing file /home/airflow/.local/lib/python3.12/site-packages/airflow/example_dags/example_xcom.py for tasks to queue
[2026-06-01T21:11:07.633+0000] {logging_mixin.py:188} INFO - [2026-06-01T21:11:07.633+0000] {dagbag.py:540} INFO - Filling up the DagBag from /home/airflow/.local/lib/python3.12/site-packages/airflow/example_dags/example_xcom.py
[2026-06-01T21:11:07.641+0000] {processor.py:840} INFO - DAG(s) 'example_xcom' retrieved from /home/airflow/.local/lib/python3.12/site-packages/airflow/example_dags/example_xcom.py
[2026-06-01T21:11:07.658+0000] {logging_mixin.py:188} INFO - [2026-06-01T21:11:07.658+0000] {dag.py:3096} INFO - Sync 1 DAGs
[2026-06-01T21:11:07.676+0000] {logging_mixin.py:188} INFO - [2026-06-01T21:11:07.676+0000] {dag.py:3954} INFO - Setting next_dagrun for example_xcom to 2021-01-01 00:00:00+00:00, run_after=2021-01-01 00:00:00+00:00
[2026-06-01T21:11:07.696+0000] {processor.py:183} INFO - Processing /home/airflow/.local/lib/python3.12/site-packages/airflow/example_dags/example_xcom.py took 0.072 seconds
[2026-06-01T21:11:37.927+0000] {processor.py:161} INFO - Started process (PID=21611) to work on /home/airflow/.local/lib/python3.12/site-packages/airflow/example_dags/example_xcom.py
[2026-06-01T21:11:37.929+0000] {processor.py:830} INFO - Processing file /home/airflow/.local/lib/python3.12/site-packages/airflow/example_dags/example_xcom.py for tasks to queue
[2026-06-01T21:11:37.931+0000] {logging_mixin.py:188} INFO - [2026-06-01T21:11:37.931+0000] {dagbag.py:540} INFO - Filling up the DagBag from /home/airflow/.local/lib/python3.12/site-packages/airflow/example_dags/example_xcom.py
[2026-06-01T21:11:37.940+0000] {processor.py:840} INFO - DAG(s) 'example_xcom' retrieved from /home/airflow/.local/lib/python3.12/site-packages/airflow/example_dags/example_xcom.py
[2026-06-01T21:11:37.963+0000] {logging_mixin.py:188} INFO - [2026-06-01T21:11:37.963+0000] {dag.py:3096} INFO - Sync 1 DAGs
[2026-06-01T21:11:37.986+0000] {logging_mixin.py:188} INFO - [2026-06-01T21:11:37.985+0000] {dag.py:3954} INFO - Setting next_dagrun for example_xcom to 2021-01-01 00:00:00+00:00, run_after=2021-01-01 00:00:00+00:00
[2026-06-01T21:11:38.010+0000] {processor.py:183} INFO - Processing /home/airflow/.local/lib/python3.12/site-packages/airflow/example_dags/example_xcom.py took 0.090 seconds
[2026-06-01T21:12:08.211+0000] {processor.py:161} INFO - Started process (PID=21670) to work on /home/airflow/.local/lib/python3.12/site-packages/airflow/example_dags/example_xcom.py
[2026-06-01T21:12:08.212+0000] {processor.py:830} INFO - Processing file /home/airflow/.local/lib/python3.12/site-packages/airflow/example_dags/example_xcom.py for tasks to queue
[2026-06-01T21:12:08.214+0000] {logging_mixin.py:188} INFO - [2026-06-01T21:12:08.214+0000] {dagbag.py:540} INFO - Filling up the DagBag from /home/airflow/.local/lib/python3.12/site-packages/airflow/example_dags/example_xcom.py
[2026-06-01T21:12:08.221+0000] {processor.py:840} INFO - DAG(s) 'example_xcom' retrieved from /home/airflow/.local/lib/python3.12/site-packages/airflow/example_dags/example_xcom.py
[2026-06-01T21:12:08.241+0000] {logging_mixin.py:188} INFO - [2026-06-01T21:12:08.241+0000] {dag.py:3096} INFO - Sync 1 DAGs
[2026-06-01T21:12:08.260+0000] {logging_mixin.py:188} INFO - [2026-06-01T21:12:08.260+0000] {dag.py:3954} INFO - Setting next_dagrun for example_xcom to 2021-01-01 00:00:00+00:00, run_after=2021-01-01 00:00:00+00:00
[2026-06-01T21:12:08.282+0000] {processor.py:183} INFO - Processing /home/airflow/.local/lib/python3.12/site-packages/airflow/example_dags/example_xcom.py took 0.077 seconds
[2026-06-01T21:12:38.436+0000] {processor.py:161} INFO - Started process (PID=21729) to work on /home/airflow/.local/lib/python3.12/site-packages/airflow/example_dags/example_xcom.py
[2026-06-01T21:12:38.437+0000] {processor.py:830} INFO - Processing file /home/airflow/.local/lib/python3.12/site-packages/airflow/example_dags/example_xcom.py for tasks to queue
[2026-06-01T21:12:38.439+0000] {logging_mixin.py:188} INFO - [2026-06-01T21:12:38.439+0000] {dagbag.py:540} INFO - Filling up the DagBag from /home/airflow/.local/lib/python3.12/site-packages/airflow/example_dags/example_xcom.py
[2026-06-01T21:12:38.446+0000] {processor.py:840} INFO - DAG(s) 'example_xcom' retrieved from /home/airflow/.local/lib/python3.12/site-packages/airflow/example_dags/example_xcom.py
[2026-06-01T21:12:38.466+0000] {logging_mixin.py:188} INFO - [2026-06-01T21:12:38.466+0000] {dag.py:3096} INFO - Sync 1 DAGs
[2026-06-01T21:12:38.490+0000] {logging_mixin.py:188} INFO - [2026-06-01T21:12:38.490+0000] {dag.py:3954} INFO - Setting next_dagrun for example_xcom to 2021-01-01 00:00:00+00:00, run_after=2021-01-01 00:00:00+00:00
[2026-06-01T21:12:38.512+0000] {processor.py:183} INFO - Processing /home/airflow/.local/lib/python3.12/site-packages/airflow/example_dags/example_xcom.py took 0.081 seconds
[2026-06-01T21:13:08.623+0000] {processor.py:161} INFO - Started process (PID=21788) to work on /home/airflow/.local/lib/python3.12/site-packages/airflow/example_dags/example_xcom.py
[2026-06-01T21:13:08.624+0000] {processor.py:830} INFO - Processing file /home/airflow/.local/lib/python3.12/site-packages/airflow/example_dags/example_xcom.py for tasks to queue
[2026-06-01T21:13:08.627+0000] {logging_mixin.py:188} INFO - [2026-06-01T21:13:08.626+0000] {dagbag.py:540} INFO - Filling up the DagBag from /home/airflow/.local/lib/python3.12/site-packages/airflow/example_dags/example_xcom.py
[2026-06-01T21:13:08.636+0000] {processor.py:840} INFO - DAG(s) 'example_xcom' retrieved from /home/airflow/.local/lib/python3.12/site-packages/airflow/example_dags/example_xcom.py
[2026-06-01T21:13:08.660+0000] {logging_mixin.py:188} INFO - [2026-06-01T21:13:08.660+0000] {dag.py:3096} INFO - Sync 1 DAGs
[2026-06-01T21:13:08.684+0000] {logging_mixin.py:188} INFO - [2026-06-01T21:13:08.683+0000] {dag.py:3954} INFO - Setting next_dagrun for example_xcom to 2021-01-01 00:00:00+00:00, run_after=2021-01-01 00:00:00+00:00
[2026-06-01T21:13:08.715+0000] {processor.py:183} INFO - Processing /home/airflow/.local/lib/python3.12/site-packages/airflow/example_dags/example_xcom.py took 0.099 seconds
[2026-06-01T21:13:38.946+0000] {processor.py:161} INFO - Started process (PID=21847) to work on /home/airflow/.local/lib/python3.12/site-packages/airflow/example_dags/example_xcom.py
[2026-06-01T21:13:38.948+0000] {processor.py:830} INFO - Processing file /home/airflow/.local/lib/python3.12/site-packages/airflow/example_dags/example_xcom.py for tasks to queue
[2026-06-01T21:13:38.950+0000] {logging_mixin.py:188} INFO - [2026-06-01T21:13:38.950+0000] {dagbag.py:540} INFO - Filling up the DagBag from /home/airflow/.local/lib/python3.12/site-packages/airflow/example_dags/example_xcom.py
[2026-06-01T21:13:38.958+0000] {processor.py:840} INFO - DAG(s) 'example_xcom' retrieved from /home/airflow/.local/lib/python3.12/site-packages/airflow/example_dags/example_xcom.py
[2026-06-01T21:13:38.987+0000] {logging_mixin.py:188} INFO - [2026-06-01T21:13:38.987+0000] {dag.py:3096} INFO - Sync 1 DAGs
[2026-06-01T21:13:39.011+0000] {logging_mixin.py:188} INFO - [2026-06-01T21:13:39.011+0000] {dag.py:3954} INFO - Setting next_dagrun for example_xcom to 2021-01-01 00:00:00+00:00, run_after=2021-01-01 00:00:00+00:00
[2026-06-01T21:13:39.037+0000] {processor.py:183} INFO - Processing /home/airflow/.local/lib/python3.12/site-packages/airflow/example_dags/example_xcom.py took 0.097 seconds
[2026-06-01T21:14:09.158+0000] {processor.py:161} INFO - Started process (PID=21906) to work on /home/airflow/.local/lib/python3.12/site-packages/airflow/example_dags/example_xcom.py
[2026-06-01T21:14:09.159+0000] {processor.py:830} INFO - Processing file /home/airflow/.local/lib/python3.12/site-packages/airflow/example_dags/example_xcom.py for tasks to queue
[2026-06-01T21:14:09.161+0000] {logging_mixin.py:188} INFO - [2026-06-01T21:14:09.161+0000] {dagbag.py:540} INFO - Filling up the DagBag from /home/airflow/.local/lib/python3.12/site-packages/airflow/example_dags/example_xcom.py
[2026-06-01T21:14:09.168+0000] {processor.py:840} INFO - DAG(s) 'example_xcom' retrieved from /home/airflow/.local/lib/python3.12/site-packages/airflow/example_dags/example_xcom.py
[2026-06-01T21:14:09.187+0000] {logging_mixin.py:188} INFO - [2026-06-01T21:14:09.187+0000] {dag.py:3096} INFO - Sync 1 DAGs
[2026-06-01T21:14:09.206+0000] {logging_mixin.py:188} INFO - [2026-06-01T21:14:09.206+0000] {dag.py:3954} INFO - Setting next_dagrun for example_xcom to 2021-01-01 00:00:00+00:00, run_after=2021-01-01 00:00:00+00:00
[2026-06-01T21:14:09.223+0000] {processor.py:183} INFO - Processing /home/airflow/.local/lib/python3.12/site-packages/airflow/example_dags/example_xcom.py took 0.071 seconds
[2026-06-01T21:14:39.365+0000] {processor.py:161} INFO - Started process (PID=21966) to work on /home/airflow/.local/lib/python3.12/site-packages/airflow/example_dags/example_xcom.py
[2026-06-01T21:14:39.366+0000] {processor.py:830} INFO - Processing file /home/airflow/.local/lib/python3.12/site-packages/airflow/example_dags/example_xcom.py for tasks to queue
[2026-06-01T21:14:39.368+0000] {logging_mixin.py:188} INFO - [2026-06-01T21:14:39.368+0000] {dagbag.py:540} INFO - Filling up the DagBag from /home/airflow/.local/lib/python3.12/site-packages/airflow/example_dags/example_xcom.py
[2026-06-01T21:14:39.378+0000] {processor.py:840} INFO - DAG(s) 'example_xcom' retrieved from /home/airflow/.local/lib/python3.12/site-packages/airflow/example_dags/example_xcom.py
[2026-06-01T21:14:39.398+0000] {logging_mixin.py:188} INFO - [2026-06-01T21:14:39.398+0000] {dag.py:3096} INFO - Sync 1 DAGs
[2026-06-01T21:14:39.417+0000] {logging_mixin.py:188} INFO - [2026-06-01T21:14:39.417+0000] {dag.py:3954} INFO - Setting next_dagrun for example_xcom to 2021-01-01 00:00:00+00:00, run_after=2021-01-01 00:00:00+00:00
[2026-06-01T21:14:39.436+0000] {processor.py:183} INFO - Processing /home/airflow/.local/lib/python3.12/site-packages/airflow/example_dags/example_xcom.py took 0.077 seconds
[2026-06-01T21:15:09.666+0000] {processor.py:161} INFO - Started process (PID=22026) to work on /home/airflow/.local/lib/python3.12/site-packages/airflow/example_dags/example_xcom.py
[2026-06-01T21:15:09.667+0000] {processor.py:830} INFO - Processing file /home/airflow/.local/lib/python3.12/site-packages/airflow/example_dags/example_xcom.py for tasks to queue
[2026-06-01T21:15:09.669+0000] {logging_mixin.py:188} INFO - [2026-06-01T21:15:09.669+0000] {dagbag.py:540} INFO - Filling up the DagBag from /home/airflow/.local/lib/python3.12/site-packages/airflow/example_dags/example_xcom.py
[2026-06-01T21:15:09.678+0000] {processor.py:840} INFO - DAG(s) 'example_xcom' retrieved from /home/airflow/.local/lib/python3.12/site-packages/airflow/example_dags/example_xcom.py
[2026-06-01T21:15:09.698+0000] {logging_mixin.py:188} INFO - [2026-06-01T21:15:09.698+0000] {dag.py:3096} INFO - Sync 1 DAGs
[2026-06-01T21:15:09.717+0000] {logging_mixin.py:188} INFO - [2026-06-01T21:15:09.716+0000] {dag.py:3954} INFO - Setting next_dagrun for example_xcom to 2021-01-01 00:00:00+00:00, run_after=2021-01-01 00:00:00+00:00
[2026-06-01T21:15:09.734+0000] {processor.py:183} INFO - Processing /home/airflow/.local/lib/python3.12/site-packages/airflow/example_dags/example_xcom.py took 0.073 seconds
[2026-06-01T21:15:40.563+0000] {processor.py:161} INFO - Started process (PID=22083) to work on /home/airflow/.local/lib/python3.12/site-packages/airflow/example_dags/example_xcom.py
[2026-06-01T21:15:40.564+0000] {processor.py:830} INFO - Processing file /home/airflow/.local/lib/python3.12/site-packages/airflow/example_dags/example_xcom.py for tasks to queue
[2026-06-01T21:15:40.566+0000] {logging_mixin.py:188} INFO - [2026-06-01T21:15:40.566+0000] {dagbag.py:540} INFO - Filling up the DagBag from /home/airflow/.local/lib/python3.12/site-packages/airflow/example_dags/example_xcom.py
[2026-06-01T21:15:40.573+0000] {processor.py:840} INFO - DAG(s) 'example_xcom' retrieved from /home/airflow/.local/lib/python3.12/site-packages/airflow/example_dags/example_xcom.py
[2026-06-01T21:15:40.592+0000] {logging_mixin.py:188} INFO - [2026-06-01T21:15:40.591+0000] {dag.py:3096} INFO - Sync 1 DAGs
[2026-06-01T21:15:40.611+0000] {logging_mixin.py:188} INFO - [2026-06-01T21:15:40.611+0000] {dag.py:3954} INFO - Setting next_dagrun for example_xcom to 2021-01-01 00:00:00+00:00, run_after=2021-01-01 00:00:00+00:00
[2026-06-01T21:15:40.628+0000] {processor.py:183} INFO - Processing /home/airflow/.local/lib/python3.12/site-packages/airflow/example_dags/example_xcom.py took 0.070 seconds
[2026-06-01T21:16:10.807+0000] {processor.py:161} INFO - Started process (PID=22142) to work on /home/airflow/.local/lib/python3.12/site-packages/airflow/example_dags/example_xcom.py
[2026-06-01T21:16:10.808+0000] {processor.py:830} INFO - Processing file /home/airflow/.local/lib/python3.12/site-packages/airflow/example_dags/example_xcom.py for tasks to queue
[2026-06-01T21:16:10.811+0000] {logging_mixin.py:188} INFO - [2026-06-01T21:16:10.810+0000] {dagbag.py:540} INFO - Filling up the DagBag from /home/airflow/.local/lib/python3.12/site-packages/airflow/example_dags/example_xcom.py
[2026-06-01T21:16:10.821+0000] {processor.py:840} INFO - DAG(s) 'example_xcom' retrieved from /home/airflow/.local/lib/python3.12/site-packages/airflow/example_dags/example_xcom.py
[2026-06-01T21:16:10.840+0000] {logging_mixin.py:188} INFO - [2026-06-01T21:16:10.839+0000] {dag.py:3096} INFO - Sync 1 DAGs
[2026-06-01T21:16:10.858+0000] {logging_mixin.py:188} INFO - [2026-06-01T21:16:10.858+0000] {dag.py:3954} INFO - Setting next_dagrun for example_xcom to 2021-01-01 00:00:00+00:00, run_after=2021-01-01 00:00:00+00:00
[2026-06-01T21:16:10.875+0000] {processor.py:183} INFO - Processing /home/airflow/.local/lib/python3.12/site-packages/airflow/example_dags/example_xcom.py took 0.074 seconds
[2026-06-01T21:16:41.103+0000] {processor.py:161} INFO - Started process (PID=22201) to work on /home/airflow/.local/lib/python3.12/site-packages/airflow/example_dags/example_xcom.py
[2026-06-01T21:16:41.105+0000] {processor.py:830} INFO - Processing file /home/airflow/.local/lib/python3.12/site-packages/airflow/example_dags/example_xcom.py for tasks to queue
[2026-06-01T21:16:41.107+0000] {logging_mixin.py:188} INFO - [2026-06-01T21:16:41.107+0000] {dagbag.py:540} INFO - Filling up the DagBag from /home/airflow/.local/lib/python3.12/site-packages/airflow/example_dags/example_xcom.py
[2026-06-01T21:16:41.114+0000] {processor.py:840} INFO - DAG(s) 'example_xcom' retrieved from /home/airflow/.local/lib/python3.12/site-packages/airflow/example_dags/example_xcom.py
[2026-06-01T21:16:41.135+0000] {logging_mixin.py:188} INFO - [2026-06-01T21:16:41.135+0000] {dag.py:3096} INFO - Sync 1 DAGs
[2026-06-01T21:16:41.155+0000] {logging_mixin.py:188} INFO - [2026-06-01T21:16:41.155+0000] {dag.py:3954} INFO - Setting next_dagrun for example_xcom to 2021-01-01 00:00:00+00:00, run_after=2021-01-01 00:00:00+00:00
[2026-06-01T21:16:41.174+0000] {processor.py:183} INFO - Processing /home/airflow/.local/lib/python3.12/site-packages/airflow/example_dags/example_xcom.py took 0.075 seconds
[2026-06-01T21:17:11.272+0000] {processor.py:161} INFO - Started process (PID=22260) to work on /home/airflow/.local/lib/python3.12/site-packages/airflow/example_dags/example_xcom.py
[2026-06-01T21:17:11.274+0000] {processor.py:830} INFO - Processing file /home/airflow/.local/lib/python3.12/site-packages/airflow/example_dags/example_xcom.py for tasks to queue
[2026-06-01T21:17:11.276+0000] {logging_mixin.py:188} INFO - [2026-06-01T21:17:11.276+0000] {dagbag.py:540} INFO - Filling up the DagBag from /home/airflow/.local/lib/python3.12/site-packages/airflow/example_dags/example_xcom.py
[2026-06-01T21:17:11.283+0000] {processor.py:840} INFO - DAG(s) 'example_xcom' retrieved from /home/airflow/.local/lib/python3.12/site-packages/airflow/example_dags/example_xcom.py
[2026-06-01T21:17:11.304+0000] {logging_mixin.py:188} INFO - [2026-06-01T21:17:11.303+0000] {dag.py:3096} INFO - Sync 1 DAGs
[2026-06-01T21:17:11.326+0000] {logging_mixin.py:188} INFO - [2026-06-01T21:17:11.325+0000] {dag.py:3954} INFO - Setting next_dagrun for example_xcom to 2021-01-01 00:00:00+00:00, run_after=2021-01-01 00:00:00+00:00
[2026-06-01T21:17:11.349+0000] {processor.py:183} INFO - Processing /home/airflow/.local/lib/python3.12/site-packages/airflow/example_dags/example_xcom.py took 0.082 seconds
[2026-06-01T21:17:41.413+0000] {processor.py:161} INFO - Started process (PID=22319) to work on /home/airflow/.local/lib/python3.12/site-packages/airflow/example_dags/example_xcom.py
[2026-06-01T21:17:41.414+0000] {processor.py:830} INFO - Processing file /home/airflow/.local/lib/python3.12/site-packages/airflow/example_dags/example_xcom.py for tasks to queue
[2026-06-01T21:17:41.416+0000] {logging_mixin.py:188} INFO - [2026-06-01T21:17:41.416+0000] {dagbag.py:540} INFO - Filling up the DagBag from /home/airflow/.local/lib/python3.12/site-packages/airflow/example_dags/example_xcom.py
[2026-06-01T21:17:41.425+0000] {processor.py:840} INFO - DAG(s) 'example_xcom' retrieved from /home/airflow/.local/lib/python3.12/site-packages/airflow/example_dags/example_xcom.py
[2026-06-01T21:17:41.444+0000] {logging_mixin.py:188} INFO - [2026-06-01T21:17:41.443+0000] {dag.py:3096} INFO - Sync 1 DAGs
[2026-06-01T21:17:41.464+0000] {logging_mixin.py:188} INFO - [2026-06-01T21:17:41.464+0000] {dag.py:3954} INFO - Setting next_dagrun for example_xcom to 2021-01-01 00:00:00+00:00, run_after=2021-01-01 00:00:00+00:00
[2026-06-01T21:17:41.482+0000] {processor.py:183} INFO - Processing /home/airflow/.local/lib/python3.12/site-packages/airflow/example_dags/example_xcom.py took 0.075 seconds
[2026-06-01T21:18:11.674+0000] {processor.py:161} INFO - Started process (PID=22378) to work on /home/airflow/.local/lib/python3.12/site-packages/airflow/example_dags/example_xcom.py
[2026-06-01T21:18:11.675+0000] {processor.py:830} INFO - Processing file /home/airflow/.local/lib/python3.12/site-packages/airflow/example_dags/example_xcom.py for tasks to queue
[2026-06-01T21:18:11.676+0000] {logging_mixin.py:188} INFO - [2026-06-01T21:18:11.676+0000] {dagbag.py:540} INFO - Filling up the DagBag from /home/airflow/.local/lib/python3.12/site-packages/airflow/example_dags/example_xcom.py
[2026-06-01T21:18:11.684+0000] {processor.py:840} INFO - DAG(s) 'example_xcom' retrieved from /home/airflow/.local/lib/python3.12/site-packages/airflow/example_dags/example_xcom.py
[2026-06-01T21:18:11.704+0000] {logging_mixin.py:188} INFO - [2026-06-01T21:18:11.704+0000] {dag.py:3096} INFO - Sync 1 DAGs
[2026-06-01T21:18:11.723+0000] {logging_mixin.py:188} INFO - [2026-06-01T21:18:11.723+0000] {dag.py:3954} INFO - Setting next_dagrun for example_xcom to 2021-01-01 00:00:00+00:00, run_after=2021-01-01 00:00:00+00:00
[2026-06-01T21:18:11.740+0000] {processor.py:183} INFO - Processing /home/airflow/.local/lib/python3.12/site-packages/airflow/example_dags/example_xcom.py took 0.072 seconds
[2026-06-01T21:18:41.885+0000] {processor.py:161} INFO - Started process (PID=22437) to work on /home/airflow/.local/lib/python3.12/site-packages/airflow/example_dags/example_xcom.py
[2026-06-01T21:18:41.886+0000] {processor.py:830} INFO - Processing file /home/airflow/.local/lib/python3.12/site-packages/airflow/example_dags/example_xcom.py for tasks to queue
[2026-06-01T21:18:41.888+0000] {logging_mixin.py:188} INFO - [2026-06-01T21:18:41.887+0000] {dagbag.py:540} INFO - Filling up the DagBag from /home/airflow/.local/lib/python3.12/site-packages/airflow/example_dags/example_xcom.py
[2026-06-01T21:18:41.896+0000] {processor.py:840} INFO - DAG(s) 'example_xcom' retrieved from /home/airflow/.local/lib/python3.12/site-packages/airflow/example_dags/example_xcom.py
[2026-06-01T21:18:41.920+0000] {logging_mixin.py:188} INFO - [2026-06-01T21:18:41.919+0000] {dag.py:3096} INFO - Sync 1 DAGs
[2026-06-01T21:18:41.942+0000] {logging_mixin.py:188} INFO - [2026-06-01T21:18:41.942+0000] {dag.py:3954} INFO - Setting next_dagrun for example_xcom to 2021-01-01 00:00:00+00:00, run_after=2021-01-01 00:00:00+00:00
[2026-06-01T21:18:41.963+0000] {processor.py:183} INFO - Processing /home/airflow/.local/lib/python3.12/site-packages/airflow/example_dags/example_xcom.py took 0.085 seconds
[2026-06-01T21:19:12.978+0000] {processor.py:161} INFO - Started process (PID=22496) to work on /home/airflow/.local/lib/python3.12/site-packages/airflow/example_dags/example_xcom.py
[2026-06-01T21:19:12.979+0000] {processor.py:830} INFO - Processing file /home/airflow/.local/lib/python3.12/site-packages/airflow/example_dags/example_xcom.py for tasks to queue
[2026-06-01T21:19:12.981+0000] {logging_mixin.py:188} INFO - [2026-06-01T21:19:12.981+0000] {dagbag.py:540} INFO - Filling up the DagBag from /home/airflow/.local/lib/python3.12/site-packages/airflow/example_dags/example_xcom.py
[2026-06-01T21:19:12.989+0000] {processor.py:840} INFO - DAG(s) 'example_xcom' retrieved from /home/airflow/.local/lib/python3.12/site-packages/airflow/example_dags/example_xcom.py
[2026-06-01T21:19:13.010+0000] {logging_mixin.py:188} INFO - [2026-06-01T21:19:13.009+0000] {dag.py:3096} INFO - Sync 1 DAGs
[2026-06-01T21:19:13.030+0000] {logging_mixin.py:188} INFO - [2026-06-01T21:19:13.030+0000] {dag.py:3954} INFO - Setting next_dagrun for example_xcom to 2021-01-01 00:00:00+00:00, run_after=2021-01-01 00:00:00+00:00
[2026-06-01T21:19:13.050+0000] {processor.py:183} INFO - Processing /home/airflow/.local/lib/python3.12/site-packages/airflow/example_dags/example_xcom.py took 0.079 seconds
[2026-06-01T21:19:43.239+0000] {processor.py:161} INFO - Started process (PID=22555) to work on /home/airflow/.local/lib/python3.12/site-packages/airflow/example_dags/example_xcom.py
[2026-06-01T21:19:43.240+0000] {processor.py:830} INFO - Processing file /home/airflow/.local/lib/python3.12/site-packages/airflow/example_dags/example_xcom.py for tasks to queue
[2026-06-01T21:19:43.243+0000] {logging_mixin.py:188} INFO - [2026-06-01T21:19:43.242+0000] {dagbag.py:540} INFO - Filling up the DagBag from /home/airflow/.local/lib/python3.12/site-packages/airflow/example_dags/example_xcom.py
[2026-06-01T21:19:43.250+0000] {processor.py:840} INFO - DAG(s) 'example_xcom' retrieved from /home/airflow/.local/lib/python3.12/site-packages/airflow/example_dags/example_xcom.py
[2026-06-01T21:19:43.271+0000] {logging_mixin.py:188} INFO - [2026-06-01T21:19:43.271+0000] {dag.py:3096} INFO - Sync 1 DAGs
[2026-06-01T21:19:43.294+0000] {logging_mixin.py:188} INFO - [2026-06-01T21:19:43.293+0000] {dag.py:3954} INFO - Setting next_dagrun for example_xcom to 2021-01-01 00:00:00+00:00, run_after=2021-01-01 00:00:00+00:00
[2026-06-01T21:19:43.315+0000] {processor.py:183} INFO - Processing /home/airflow/.local/lib/python3.12/site-packages/airflow/example_dags/example_xcom.py took 0.082 seconds
[2026-06-01T21:20:13.510+0000] {processor.py:161} INFO - Started process (PID=22614) to work on /home/airflow/.local/lib/python3.12/site-packages/airflow/example_dags/example_xcom.py
[2026-06-01T21:20:13.511+0000] {processor.py:830} INFO - Processing file /home/airflow/.local/lib/python3.12/site-packages/airflow/example_dags/example_xcom.py for tasks to queue
[2026-06-01T21:20:13.513+0000] {logging_mixin.py:188} INFO - [2026-06-01T21:20:13.512+0000] {dagbag.py:540} INFO - Filling up the DagBag from /home/airflow/.local/lib/python3.12/site-packages/airflow/example_dags/example_xcom.py
[2026-06-01T21:20:13.520+0000] {processor.py:840} INFO - DAG(s) 'example_xcom' retrieved from /home/airflow/.local/lib/python3.12/site-packages/airflow/example_dags/example_xcom.py
[2026-06-01T21:20:13.538+0000] {logging_mixin.py:188} INFO - [2026-06-01T21:20:13.538+0000] {dag.py:3096} INFO - Sync 1 DAGs
[2026-06-01T21:20:13.558+0000] {logging_mixin.py:188} INFO - [2026-06-01T21:20:13.558+0000] {dag.py:3954} INFO - Setting next_dagrun for example_xcom to 2021-01-01 00:00:00+00:00, run_after=2021-01-01 00:00:00+00:00
[2026-06-01T21:20:13.580+0000] {processor.py:183} INFO - Processing /home/airflow/.local/lib/python3.12/site-packages/airflow/example_dags/example_xcom.py took 0.076 seconds
[2026-06-01T21:20:43.776+0000] {processor.py:161} INFO - Started process (PID=22673) to work on /home/airflow/.local/lib/python3.12/site-packages/airflow/example_dags/example_xcom.py
[2026-06-01T21:20:43.777+0000] {processor.py:830} INFO - Processing file /home/airflow/.local/lib/python3.12/site-packages/airflow/example_dags/example_xcom.py for tasks to queue
[2026-06-01T21:20:43.779+0000] {logging_mixin.py:188} INFO - [2026-06-01T21:20:43.779+0000] {dagbag.py:540} INFO - Filling up the DagBag from /home/airflow/.local/lib/python3.12/site-packages/airflow/example_dags/example_xcom.py
[2026-06-01T21:20:43.786+0000] {processor.py:840} INFO - DAG(s) 'example_xcom' retrieved from /home/airflow/.local/lib/python3.12/site-packages/airflow/example_dags/example_xcom.py
[2026-06-01T21:20:43.806+0000] {logging_mixin.py:188} INFO - [2026-06-01T21:20:43.806+0000] {dag.py:3096} INFO - Sync 1 DAGs
[2026-06-01T21:20:43.826+0000] {logging_mixin.py:188} INFO - [2026-06-01T21:20:43.826+0000] {dag.py:3954} INFO - Setting next_dagrun for example_xcom to 2021-01-01 00:00:00+00:00, run_after=2021-01-01 00:00:00+00:00
[2026-06-01T21:20:43.844+0000] {processor.py:183} INFO - Processing /home/airflow/.local/lib/python3.12/site-packages/airflow/example_dags/example_xcom.py took 0.074 seconds
[2026-06-01T21:21:14.099+0000] {processor.py:161} INFO - Started process (PID=22732) to work on /home/airflow/.local/lib/python3.12/site-packages/airflow/example_dags/example_xcom.py
[2026-06-01T21:21:14.100+0000] {processor.py:830} INFO - Processing file /home/airflow/.local/lib/python3.12/site-packages/airflow/example_dags/example_xcom.py for tasks to queue
[2026-06-01T21:21:14.102+0000] {logging_mixin.py:188} INFO - [2026-06-01T21:21:14.102+0000] {dagbag.py:540} INFO - Filling up the DagBag from /home/airflow/.local/lib/python3.12/site-packages/airflow/example_dags/example_xcom.py
[2026-06-01T21:21:14.109+0000] {processor.py:840} INFO - DAG(s) 'example_xcom' retrieved from /home/airflow/.local/lib/python3.12/site-packages/airflow/example_dags/example_xcom.py
[2026-06-01T21:21:14.129+0000] {logging_mixin.py:188} INFO - [2026-06-01T21:21:14.128+0000] {dag.py:3096} INFO - Sync 1 DAGs
[2026-06-01T21:21:14.150+0000] {logging_mixin.py:188} INFO - [2026-06-01T21:21:14.150+0000] {dag.py:3954} INFO - Setting next_dagrun for example_xcom to 2021-01-01 00:00:00+00:00, run_after=2021-01-01 00:00:00+00:00
[2026-06-01T21:21:14.168+0000] {processor.py:183} INFO - Processing /home/airflow/.local/lib/python3.12/site-packages/airflow/example_dags/example_xcom.py took 0.075 seconds
[2026-06-01T21:21:44.312+0000] {processor.py:161} INFO - Started process (PID=22791) to work on /home/airflow/.local/lib/python3.12/site-packages/airflow/example_dags/example_xcom.py
[2026-06-01T21:21:44.313+0000] {processor.py:830} INFO - Processing file /home/airflow/.local/lib/python3.12/site-packages/airflow/example_dags/example_xcom.py for tasks to queue
[2026-06-01T21:21:44.315+0000] {logging_mixin.py:188} INFO - [2026-06-01T21:21:44.315+0000] {dagbag.py:540} INFO - Filling up the DagBag from /home/airflow/.local/lib/python3.12/site-packages/airflow/example_dags/example_xcom.py
[2026-06-01T21:21:44.321+0000] {processor.py:840} INFO - DAG(s) 'example_xcom' retrieved from /home/airflow/.local/lib/python3.12/site-packages/airflow/example_dags/example_xcom.py
[2026-06-01T21:21:44.340+0000] {logging_mixin.py:188} INFO - [2026-06-01T21:21:44.340+0000] {dag.py:3096} INFO - Sync 1 DAGs
[2026-06-01T21:21:44.360+0000] {logging_mixin.py:188} INFO - [2026-06-01T21:21:44.360+0000] {dag.py:3954} INFO - Setting next_dagrun for example_xcom to 2021-01-01 00:00:00+00:00, run_after=2021-01-01 00:00:00+00:00
[2026-06-01T21:21:44.383+0000] {processor.py:183} INFO - Processing /home/airflow/.local/lib/python3.12/site-packages/airflow/example_dags/example_xcom.py took 0.077 seconds
[2026-06-01T21:22:14.757+0000] {processor.py:161} INFO - Started process (PID=22850) to work on /home/airflow/.local/lib/python3.12/site-packages/airflow/example_dags/example_xcom.py
[2026-06-01T21:22:14.758+0000] {processor.py:830} INFO - Processing file /home/airflow/.local/lib/python3.12/site-packages/airflow/example_dags/example_xcom.py for tasks to queue
[2026-06-01T21:22:14.761+0000] {logging_mixin.py:188} INFO - [2026-06-01T21:22:14.760+0000] {dagbag.py:540} INFO - Filling up the DagBag from /home/airflow/.local/lib/python3.12/site-packages/airflow/example_dags/example_xcom.py
[2026-06-01T21:22:14.767+0000] {processor.py:840} INFO - DAG(s) 'example_xcom' retrieved from /home/airflow/.local/lib/python3.12/site-packages/airflow/example_dags/example_xcom.py
[2026-06-01T21:22:14.787+0000] {logging_mixin.py:188} INFO - [2026-06-01T21:22:14.787+0000] {dag.py:3096} INFO - Sync 1 DAGs
[2026-06-01T21:22:14.806+0000] {logging_mixin.py:188} INFO - [2026-06-01T21:22:14.805+0000] {dag.py:3954} INFO - Setting next_dagrun for example_xcom to 2021-01-01 00:00:00+00:00, run_after=2021-01-01 00:00:00+00:00
[2026-06-01T21:22:14.823+0000] {processor.py:183} INFO - Processing /home/airflow/.local/lib/python3.12/site-packages/airflow/example_dags/example_xcom.py took 0.071 seconds
[2026-06-01T21:22:44.987+0000] {processor.py:161} INFO - Started process (PID=22909) to work on /home/airflow/.local/lib/python3.12/site-packages/airflow/example_dags/example_xcom.py
[2026-06-01T21:22:44.988+0000] {processor.py:830} INFO - Processing file /home/airflow/.local/lib/python3.12/site-packages/airflow/example_dags/example_xcom.py for tasks to queue
[2026-06-01T21:22:44.991+0000] {logging_mixin.py:188} INFO - [2026-06-01T21:22:44.990+0000] {dagbag.py:540} INFO - Filling up the DagBag from /home/airflow/.local/lib/python3.12/site-packages/airflow/example_dags/example_xcom.py
[2026-06-01T21:22:44.997+0000] {processor.py:840} INFO - DAG(s) 'example_xcom' retrieved from /home/airflow/.local/lib/python3.12/site-packages/airflow/example_dags/example_xcom.py
[2026-06-01T21:22:45.017+0000] {logging_mixin.py:188} INFO - [2026-06-01T21:22:45.017+0000] {dag.py:3096} INFO - Sync 1 DAGs
[2026-06-01T21:22:45.039+0000] {logging_mixin.py:188} INFO - [2026-06-01T21:22:45.039+0000] {dag.py:3954} INFO - Setting next_dagrun for example_xcom to 2021-01-01 00:00:00+00:00, run_after=2021-01-01 00:00:00+00:00
[2026-06-01T21:22:45.061+0000] {processor.py:183} INFO - Processing /home/airflow/.local/lib/python3.12/site-packages/airflow/example_dags/example_xcom.py took 0.079 seconds
[2026-06-01T21:23:15.388+0000] {processor.py:161} INFO - Started process (PID=22968) to work on /home/airflow/.local/lib/python3.12/site-packages/airflow/example_dags/example_xcom.py
[2026-06-01T21:23:15.390+0000] {processor.py:830} INFO - Processing file /home/airflow/.local/lib/python3.12/site-packages/airflow/example_dags/example_xcom.py for tasks to queue
[2026-06-01T21:23:15.391+0000] {logging_mixin.py:188} INFO - [2026-06-01T21:23:15.391+0000] {dagbag.py:540} INFO - Filling up the DagBag from /home/airflow/.local/lib/python3.12/site-packages/airflow/example_dags/example_xcom.py
[2026-06-01T21:23:15.398+0000] {processor.py:840} INFO - DAG(s) 'example_xcom' retrieved from /home/airflow/.local/lib/python3.12/site-packages/airflow/example_dags/example_xcom.py
[2026-06-01T21:23:15.417+0000] {logging_mixin.py:188} INFO - [2026-06-01T21:23:15.416+0000] {dag.py:3096} INFO - Sync 1 DAGs
[2026-06-01T21:23:15.439+0000] {logging_mixin.py:188} INFO - [2026-06-01T21:23:15.438+0000] {dag.py:3954} INFO - Setting next_dagrun for example_xcom to 2021-01-01 00:00:00+00:00, run_after=2021-01-01 00:00:00+00:00
[2026-06-01T21:23:15.457+0000] {processor.py:183} INFO - Processing /home/airflow/.local/lib/python3.12/site-packages/airflow/example_dags/example_xcom.py took 0.074 seconds
[2026-06-01T21:23:45.604+0000] {processor.py:161} INFO - Started process (PID=23027) to work on /home/airflow/.local/lib/python3.12/site-packages/airflow/example_dags/example_xcom.py
[2026-06-01T21:23:45.606+0000] {processor.py:830} INFO - Processing file /home/airflow/.local/lib/python3.12/site-packages/airflow/example_dags/example_xcom.py for tasks to queue
[2026-06-01T21:23:45.608+0000] {logging_mixin.py:188} INFO - [2026-06-01T21:23:45.607+0000] {dagbag.py:540} INFO - Filling up the DagBag from /home/airflow/.local/lib/python3.12/site-packages/airflow/example_dags/example_xcom.py
[2026-06-01T21:23:45.615+0000] {processor.py:840} INFO - DAG(s) 'example_xcom' retrieved from /home/airflow/.local/lib/python3.12/site-packages/airflow/example_dags/example_xcom.py
[2026-06-01T21:23:45.637+0000] {logging_mixin.py:188} INFO - [2026-06-01T21:23:45.636+0000] {dag.py:3096} INFO - Sync 1 DAGs
[2026-06-01T21:23:45.659+0000] {logging_mixin.py:188} INFO - [2026-06-01T21:23:45.659+0000] {dag.py:3954} INFO - Setting next_dagrun for example_xcom to 2021-01-01 00:00:00+00:00, run_after=2021-01-01 00:00:00+00:00
[2026-06-01T21:23:45.677+0000] {processor.py:183} INFO - Processing /home/airflow/.local/lib/python3.12/site-packages/airflow/example_dags/example_xcom.py took 0.079 seconds
[2026-06-01T21:24:15.969+0000] {processor.py:161} INFO - Started process (PID=23086) to work on /home/airflow/.local/lib/python3.12/site-packages/airflow/example_dags/example_xcom.py
[2026-06-01T21:24:15.971+0000] {processor.py:830} INFO - Processing file /home/airflow/.local/lib/python3.12/site-packages/airflow/example_dags/example_xcom.py for tasks to queue
[2026-06-01T21:24:15.973+0000] {logging_mixin.py:188} INFO - [2026-06-01T21:24:15.973+0000] {dagbag.py:540} INFO - Filling up the DagBag from /home/airflow/.local/lib/python3.12/site-packages/airflow/example_dags/example_xcom.py
[2026-06-01T21:24:15.979+0000] {processor.py:840} INFO - DAG(s) 'example_xcom' retrieved from /home/airflow/.local/lib/python3.12/site-packages/airflow/example_dags/example_xcom.py
[2026-06-01T21:24:15.997+0000] {logging_mixin.py:188} INFO - [2026-06-01T21:24:15.997+0000] {dag.py:3096} INFO - Sync 1 DAGs
[2026-06-01T21:24:16.017+0000] {logging_mixin.py:188} INFO - [2026-06-01T21:24:16.017+0000] {dag.py:3954} INFO - Setting next_dagrun for example_xcom to 2021-01-01 00:00:00+00:00, run_after=2021-01-01 00:00:00+00:00
[2026-06-01T21:24:16.034+0000] {processor.py:183} INFO - Processing /home/airflow/.local/lib/python3.12/site-packages/airflow/example_dags/example_xcom.py took 0.070 seconds
[2026-06-01T21:24:46.183+0000] {processor.py:161} INFO - Started process (PID=23145) to work on /home/airflow/.local/lib/python3.12/site-packages/airflow/example_dags/example_xcom.py
[2026-06-01T21:24:46.184+0000] {processor.py:830} INFO - Processing file /home/airflow/.local/lib/python3.12/site-packages/airflow/example_dags/example_xcom.py for tasks to queue
[2026-06-01T21:24:46.186+0000] {logging_mixin.py:188} INFO - [2026-06-01T21:24:46.186+0000] {dagbag.py:540} INFO - Filling up the DagBag from /home/airflow/.local/lib/python3.12/site-packages/airflow/example_dags/example_xcom.py
[2026-06-01T21:24:46.193+0000] {processor.py:840} INFO - DAG(s) 'example_xcom' retrieved from /home/airflow/.local/lib/python3.12/site-packages/airflow/example_dags/example_xcom.py
[2026-06-01T21:24:46.212+0000] {logging_mixin.py:188} INFO - [2026-06-01T21:24:46.212+0000] {dag.py:3096} INFO - Sync 1 DAGs
[2026-06-01T21:24:46.230+0000] {logging_mixin.py:188} INFO - [2026-06-01T21:24:46.230+0000] {dag.py:3954} INFO - Setting next_dagrun for example_xcom to 2021-01-01 00:00:00+00:00, run_after=2021-01-01 00:00:00+00:00
[2026-06-01T21:24:46.252+0000] {processor.py:183} INFO - Processing /home/airflow/.local/lib/python3.12/site-packages/airflow/example_dags/example_xcom.py took 0.074 seconds
[2026-06-01T21:25:16.371+0000] {processor.py:161} INFO - Started process (PID=23204) to work on /home/airflow/.local/lib/python3.12/site-packages/airflow/example_dags/example_xcom.py
[2026-06-01T21:25:16.372+0000] {processor.py:830} INFO - Processing file /home/airflow/.local/lib/python3.12/site-packages/airflow/example_dags/example_xcom.py for tasks to queue
[2026-06-01T21:25:16.374+0000] {logging_mixin.py:188} INFO - [2026-06-01T21:25:16.374+0000] {dagbag.py:540} INFO - Filling up the DagBag from /home/airflow/.local/lib/python3.12/site-packages/airflow/example_dags/example_xcom.py
[2026-06-01T21:25:16.382+0000] {processor.py:840} INFO - DAG(s) 'example_xcom' retrieved from /home/airflow/.local/lib/python3.12/site-packages/airflow/example_dags/example_xcom.py
[2026-06-01T21:25:16.400+0000] {logging_mixin.py:188} INFO - [2026-06-01T21:25:16.400+0000] {dag.py:3096} INFO - Sync 1 DAGs
[2026-06-01T21:25:16.418+0000] {logging_mixin.py:188} INFO - [2026-06-01T21:25:16.418+0000] {dag.py:3954} INFO - Setting next_dagrun for example_xcom to 2021-01-01 00:00:00+00:00, run_after=2021-01-01 00:00:00+00:00
[2026-06-01T21:25:16.438+0000] {processor.py:183} INFO - Processing /home/airflow/.local/lib/python3.12/site-packages/airflow/example_dags/example_xcom.py took 0.071 seconds
[2026-06-01T21:25:46.619+0000] {processor.py:161} INFO - Started process (PID=23263) to work on /home/airflow/.local/lib/python3.12/site-packages/airflow/example_dags/example_xcom.py
[2026-06-01T21:25:46.620+0000] {processor.py:830} INFO - Processing file /home/airflow/.local/lib/python3.12/site-packages/airflow/example_dags/example_xcom.py for tasks to queue
[2026-06-01T21:25:46.622+0000] {logging_mixin.py:188} INFO - [2026-06-01T21:25:46.622+0000] {dagbag.py:540} INFO - Filling up the DagBag from /home/airflow/.local/lib/python3.12/site-packages/airflow/example_dags/example_xcom.py
[2026-06-01T21:25:46.629+0000] {processor.py:840} INFO - DAG(s) 'example_xcom' retrieved from /home/airflow/.local/lib/python3.12/site-packages/airflow/example_dags/example_xcom.py
[2026-06-01T21:25:46.648+0000] {logging_mixin.py:188} INFO - [2026-06-01T21:25:46.647+0000] {dag.py:3096} INFO - Sync 1 DAGs
[2026-06-01T21:25:46.667+0000] {logging_mixin.py:188} INFO - [2026-06-01T21:25:46.667+0000] {dag.py:3954} INFO - Setting next_dagrun for example_xcom to 2021-01-01 00:00:00+00:00, run_after=2021-01-01 00:00:00+00:00
[2026-06-01T21:25:46.685+0000] {processor.py:183} INFO - Processing /home/airflow/.local/lib/python3.12/site-packages/airflow/example_dags/example_xcom.py took 0.071 seconds
[2026-06-01T21:26:17.354+0000] {processor.py:161} INFO - Started process (PID=23322) to work on /home/airflow/.local/lib/python3.12/site-packages/airflow/example_dags/example_xcom.py
[2026-06-01T21:26:17.356+0000] {processor.py:830} INFO - Processing file /home/airflow/.local/lib/python3.12/site-packages/airflow/example_dags/example_xcom.py for tasks to queue
[2026-06-01T21:26:17.358+0000] {logging_mixin.py:188} INFO - [2026-06-01T21:26:17.358+0000] {dagbag.py:540} INFO - Filling up the DagBag from /home/airflow/.local/lib/python3.12/site-packages/airflow/example_dags/example_xcom.py
[2026-06-01T21:26:17.365+0000] {processor.py:840} INFO - DAG(s) 'example_xcom' retrieved from /home/airflow/.local/lib/python3.12/site-packages/airflow/example_dags/example_xcom.py
[2026-06-01T21:26:17.385+0000] {logging_mixin.py:188} INFO - [2026-06-01T21:26:17.384+0000] {dag.py:3096} INFO - Sync 1 DAGs
[2026-06-01T21:26:17.404+0000] {logging_mixin.py:188} INFO - [2026-06-01T21:26:17.404+0000] {dag.py:3954} INFO - Setting next_dagrun for example_xcom to 2021-01-01 00:00:00+00:00, run_after=2021-01-01 00:00:00+00:00
[2026-06-01T21:26:17.422+0000] {processor.py:183} INFO - Processing /home/airflow/.local/lib/python3.12/site-packages/airflow/example_dags/example_xcom.py took 0.073 seconds
[2026-06-01T21:26:47.577+0000] {processor.py:161} INFO - Started process (PID=23381) to work on /home/airflow/.local/lib/python3.12/site-packages/airflow/example_dags/example_xcom.py
[2026-06-01T21:26:47.578+0000] {processor.py:830} INFO - Processing file /home/airflow/.local/lib/python3.12/site-packages/airflow/example_dags/example_xcom.py for tasks to queue
[2026-06-01T21:26:47.581+0000] {logging_mixin.py:188} INFO - [2026-06-01T21:26:47.580+0000] {dagbag.py:540} INFO - Filling up the DagBag from /home/airflow/.local/lib/python3.12/site-packages/airflow/example_dags/example_xcom.py
[2026-06-01T21:26:47.587+0000] {processor.py:840} INFO - DAG(s) 'example_xcom' retrieved from /home/airflow/.local/lib/python3.12/site-packages/airflow/example_dags/example_xcom.py
[2026-06-01T21:26:47.610+0000] {logging_mixin.py:188} INFO - [2026-06-01T21:26:47.610+0000] {dag.py:3096} INFO - Sync 1 DAGs
[2026-06-01T21:26:47.633+0000] {logging_mixin.py:188} INFO - [2026-06-01T21:26:47.632+0000] {dag.py:3954} INFO - Setting next_dagrun for example_xcom to 2021-01-01 00:00:00+00:00, run_after=2021-01-01 00:00:00+00:00
[2026-06-01T21:26:47.655+0000] {processor.py:183} INFO - Processing /home/airflow/.local/lib/python3.12/site-packages/airflow/example_dags/example_xcom.py took 0.085 seconds
[2026-06-01T21:27:17.864+0000] {processor.py:161} INFO - Started process (PID=23440) to work on /home/airflow/.local/lib/python3.12/site-packages/airflow/example_dags/example_xcom.py
[2026-06-01T21:27:17.865+0000] {processor.py:830} INFO - Processing file /home/airflow/.local/lib/python3.12/site-packages/airflow/example_dags/example_xcom.py for tasks to queue
[2026-06-01T21:27:17.867+0000] {logging_mixin.py:188} INFO - [2026-06-01T21:27:17.866+0000] {dagbag.py:540} INFO - Filling up the DagBag from /home/airflow/.local/lib/python3.12/site-packages/airflow/example_dags/example_xcom.py
[2026-06-01T21:27:17.876+0000] {processor.py:840} INFO - DAG(s) 'example_xcom' retrieved from /home/airflow/.local/lib/python3.12/site-packages/airflow/example_dags/example_xcom.py
[2026-06-01T21:27:17.897+0000] {logging_mixin.py:188} INFO - [2026-06-01T21:27:17.897+0000] {dag.py:3096} INFO - Sync 1 DAGs
[2026-06-01T21:27:17.918+0000] {logging_mixin.py:188} INFO - [2026-06-01T21:27:17.918+0000] {dag.py:3954} INFO - Setting next_dagrun for example_xcom to 2021-01-01 00:00:00+00:00, run_after=2021-01-01 00:00:00+00:00
[2026-06-01T21:27:17.938+0000] {processor.py:183} INFO - Processing /home/airflow/.local/lib/python3.12/site-packages/airflow/example_dags/example_xcom.py took 0.079 seconds
[2026-06-01T21:27:48.023+0000] {processor.py:161} INFO - Started process (PID=23499) to work on /home/airflow/.local/lib/python3.12/site-packages/airflow/example_dags/example_xcom.py
[2026-06-01T21:27:48.024+0000] {processor.py:830} INFO - Processing file /home/airflow/.local/lib/python3.12/site-packages/airflow/example_dags/example_xcom.py for tasks to queue
[2026-06-01T21:27:48.026+0000] {logging_mixin.py:188} INFO - [2026-06-01T21:27:48.026+0000] {dagbag.py:540} INFO - Filling up the DagBag from /home/airflow/.local/lib/python3.12/site-packages/airflow/example_dags/example_xcom.py
[2026-06-01T21:27:48.033+0000] {processor.py:840} INFO - DAG(s) 'example_xcom' retrieved from /home/airflow/.local/lib/python3.12/site-packages/airflow/example_dags/example_xcom.py
[2026-06-01T21:27:48.052+0000] {logging_mixin.py:188} INFO - [2026-06-01T21:27:48.052+0000] {dag.py:3096} INFO - Sync 1 DAGs
[2026-06-01T21:27:48.071+0000] {logging_mixin.py:188} INFO - [2026-06-01T21:27:48.071+0000] {dag.py:3954} INFO - Setting next_dagrun for example_xcom to 2021-01-01 00:00:00+00:00, run_after=2021-01-01 00:00:00+00:00
[2026-06-01T21:27:48.090+0000] {processor.py:183} INFO - Processing /home/airflow/.local/lib/python3.12/site-packages/airflow/example_dags/example_xcom.py took 0.072 seconds
[2026-06-01T21:28:18.329+0000] {processor.py:161} INFO - Started process (PID=23558) to work on /home/airflow/.local/lib/python3.12/site-packages/airflow/example_dags/example_xcom.py
[2026-06-01T21:28:18.330+0000] {processor.py:830} INFO - Processing file /home/airflow/.local/lib/python3.12/site-packages/airflow/example_dags/example_xcom.py for tasks to queue
[2026-06-01T21:28:18.332+0000] {logging_mixin.py:188} INFO - [2026-06-01T21:28:18.331+0000] {dagbag.py:540} INFO - Filling up the DagBag from /home/airflow/.local/lib/python3.12/site-packages/airflow/example_dags/example_xcom.py
[2026-06-01T21:28:18.339+0000] {processor.py:840} INFO - DAG(s) 'example_xcom' retrieved from /home/airflow/.local/lib/python3.12/site-packages/airflow/example_dags/example_xcom.py
[2026-06-01T21:28:18.361+0000] {logging_mixin.py:188} INFO - [2026-06-01T21:28:18.361+0000] {dag.py:3096} INFO - Sync 1 DAGs
[2026-06-01T21:28:18.382+0000] {logging_mixin.py:188} INFO - [2026-06-01T21:28:18.382+0000] {dag.py:3954} INFO - Setting next_dagrun for example_xcom to 2021-01-01 00:00:00+00:00, run_after=2021-01-01 00:00:00+00:00
[2026-06-01T21:28:18.402+0000] {processor.py:183} INFO - Processing /home/airflow/.local/lib/python3.12/site-packages/airflow/example_dags/example_xcom.py took 0.079 seconds
[2026-06-01T21:28:48.529+0000] {processor.py:161} INFO - Started process (PID=23617) to work on /home/airflow/.local/lib/python3.12/site-packages/airflow/example_dags/example_xcom.py
[2026-06-01T21:28:48.530+0000] {processor.py:830} INFO - Processing file /home/airflow/.local/lib/python3.12/site-packages/airflow/example_dags/example_xcom.py for tasks to queue
[2026-06-01T21:28:48.532+0000] {logging_mixin.py:188} INFO - [2026-06-01T21:28:48.532+0000] {dagbag.py:540} INFO - Filling up the DagBag from /home/airflow/.local/lib/python3.12/site-packages/airflow/example_dags/example_xcom.py
[2026-06-01T21:28:48.539+0000] {processor.py:840} INFO - DAG(s) 'example_xcom' retrieved from /home/airflow/.local/lib/python3.12/site-packages/airflow/example_dags/example_xcom.py
[2026-06-01T21:28:48.557+0000] {logging_mixin.py:188} INFO - [2026-06-01T21:28:48.557+0000] {dag.py:3096} INFO - Sync 1 DAGs
[2026-06-01T21:28:48.576+0000] {logging_mixin.py:188} INFO - [2026-06-01T21:28:48.576+0000] {dag.py:3954} INFO - Setting next_dagrun for example_xcom to 2021-01-01 00:00:00+00:00, run_after=2021-01-01 00:00:00+00:00
[2026-06-01T21:28:48.596+0000] {processor.py:183} INFO - Processing /home/airflow/.local/lib/python3.12/site-packages/airflow/example_dags/example_xcom.py took 0.073 seconds
[2026-06-01T21:29:18.923+0000] {processor.py:161} INFO - Started process (PID=23676) to work on /home/airflow/.local/lib/python3.12/site-packages/airflow/example_dags/example_xcom.py
[2026-06-01T21:29:18.925+0000] {processor.py:830} INFO - Processing file /home/airflow/.local/lib/python3.12/site-packages/airflow/example_dags/example_xcom.py for tasks to queue
[2026-06-01T21:29:18.929+0000] {logging_mixin.py:188} INFO - [2026-06-01T21:29:18.928+0000] {dagbag.py:540} INFO - Filling up the DagBag from /home/airflow/.local/lib/python3.12/site-packages/airflow/example_dags/example_xcom.py
[2026-06-01T21:29:18.947+0000] {processor.py:840} INFO - DAG(s) 'example_xcom' retrieved from /home/airflow/.local/lib/python3.12/site-packages/airflow/example_dags/example_xcom.py
[2026-06-01T21:29:18.989+0000] {logging_mixin.py:188} INFO - [2026-06-01T21:29:18.989+0000] {dag.py:3096} INFO - Sync 1 DAGs
[2026-06-01T21:29:19.026+0000] {logging_mixin.py:188} INFO - [2026-06-01T21:29:19.026+0000] {dag.py:3954} INFO - Setting next_dagrun for example_xcom to 2021-01-01 00:00:00+00:00, run_after=2021-01-01 00:00:00+00:00
[2026-06-01T21:29:19.053+0000] {processor.py:183} INFO - Processing /home/airflow/.local/lib/python3.12/site-packages/airflow/example_dags/example_xcom.py took 0.137 seconds
[2026-06-01T21:29:49.398+0000] {processor.py:161} INFO - Started process (PID=23735) to work on /home/airflow/.local/lib/python3.12/site-packages/airflow/example_dags/example_xcom.py
[2026-06-01T21:29:49.399+0000] {processor.py:830} INFO - Processing file /home/airflow/.local/lib/python3.12/site-packages/airflow/example_dags/example_xcom.py for tasks to queue
[2026-06-01T21:29:49.401+0000] {logging_mixin.py:188} INFO - [2026-06-01T21:29:49.401+0000] {dagbag.py:540} INFO - Filling up the DagBag from /home/airflow/.local/lib/python3.12/site-packages/airflow/example_dags/example_xcom.py
[2026-06-01T21:29:49.408+0000] {processor.py:840} INFO - DAG(s) 'example_xcom' retrieved from /home/airflow/.local/lib/python3.12/site-packages/airflow/example_dags/example_xcom.py
[2026-06-01T21:29:49.427+0000] {logging_mixin.py:188} INFO - [2026-06-01T21:29:49.427+0000] {dag.py:3096} INFO - Sync 1 DAGs
[2026-06-01T21:29:49.447+0000] {logging_mixin.py:188} INFO - [2026-06-01T21:29:49.447+0000] {dag.py:3954} INFO - Setting next_dagrun for example_xcom to 2021-01-01 00:00:00+00:00, run_after=2021-01-01 00:00:00+00:00
[2026-06-01T21:29:49.466+0000] {processor.py:183} INFO - Processing /home/airflow/.local/lib/python3.12/site-packages/airflow/example_dags/example_xcom.py took 0.074 seconds
[2026-06-01T21:30:19.795+0000] {processor.py:161} INFO - Started process (PID=23794) to work on /home/airflow/.local/lib/python3.12/site-packages/airflow/example_dags/example_xcom.py
[2026-06-01T21:30:19.796+0000] {processor.py:830} INFO - Processing file /home/airflow/.local/lib/python3.12/site-packages/airflow/example_dags/example_xcom.py for tasks to queue
[2026-06-01T21:30:19.798+0000] {logging_mixin.py:188} INFO - [2026-06-01T21:30:19.798+0000] {dagbag.py:540} INFO - Filling up the DagBag from /home/airflow/.local/lib/python3.12/site-packages/airflow/example_dags/example_xcom.py
[2026-06-01T21:30:19.807+0000] {processor.py:840} INFO - DAG(s) 'example_xcom' retrieved from /home/airflow/.local/lib/python3.12/site-packages/airflow/example_dags/example_xcom.py
[2026-06-01T21:30:19.828+0000] {logging_mixin.py:188} INFO - [2026-06-01T21:30:19.828+0000] {dag.py:3096} INFO - Sync 1 DAGs
[2026-06-01T21:30:19.847+0000] {logging_mixin.py:188} INFO - [2026-06-01T21:30:19.846+0000] {dag.py:3954} INFO - Setting next_dagrun for example_xcom to 2021-01-01 00:00:00+00:00, run_after=2021-01-01 00:00:00+00:00
[2026-06-01T21:30:19.864+0000] {processor.py:183} INFO - Processing /home/airflow/.local/lib/python3.12/site-packages/airflow/example_dags/example_xcom.py took 0.075 seconds
[2026-06-01T21:30:50.722+0000] {processor.py:161} INFO - Started process (PID=23853) to work on /home/airflow/.local/lib/python3.12/site-packages/airflow/example_dags/example_xcom.py
[2026-06-01T21:30:50.723+0000] {processor.py:830} INFO - Processing file /home/airflow/.local/lib/python3.12/site-packages/airflow/example_dags/example_xcom.py for tasks to queue
[2026-06-01T21:30:50.725+0000] {logging_mixin.py:188} INFO - [2026-06-01T21:30:50.725+0000] {dagbag.py:540} INFO - Filling up the DagBag from /home/airflow/.local/lib/python3.12/site-packages/airflow/example_dags/example_xcom.py
[2026-06-01T21:30:50.732+0000] {processor.py:840} INFO - DAG(s) 'example_xcom' retrieved from /home/airflow/.local/lib/python3.12/site-packages/airflow/example_dags/example_xcom.py
[2026-06-01T21:30:50.754+0000] {logging_mixin.py:188} INFO - [2026-06-01T21:30:50.754+0000] {dag.py:3096} INFO - Sync 1 DAGs
[2026-06-01T21:30:50.774+0000] {logging_mixin.py:188} INFO - [2026-06-01T21:30:50.774+0000] {dag.py:3954} INFO - Setting next_dagrun for example_xcom to 2021-01-01 00:00:00+00:00, run_after=2021-01-01 00:00:00+00:00
[2026-06-01T21:30:50.794+0000] {processor.py:183} INFO - Processing /home/airflow/.local/lib/python3.12/site-packages/airflow/example_dags/example_xcom.py took 0.078 seconds
[2026-06-01T21:31:21.199+0000] {processor.py:161} INFO - Started process (PID=23912) to work on /home/airflow/.local/lib/python3.12/site-packages/airflow/example_dags/example_xcom.py
[2026-06-01T21:31:21.200+0000] {processor.py:830} INFO - Processing file /home/airflow/.local/lib/python3.12/site-packages/airflow/example_dags/example_xcom.py for tasks to queue
[2026-06-01T21:31:21.203+0000] {logging_mixin.py:188} INFO - [2026-06-01T21:31:21.202+0000] {dagbag.py:540} INFO - Filling up the DagBag from /home/airflow/.local/lib/python3.12/site-packages/airflow/example_dags/example_xcom.py
[2026-06-01T21:31:21.210+0000] {processor.py:840} INFO - DAG(s) 'example_xcom' retrieved from /home/airflow/.local/lib/python3.12/site-packages/airflow/example_dags/example_xcom.py
[2026-06-01T21:31:21.235+0000] {logging_mixin.py:188} INFO - [2026-06-01T21:31:21.234+0000] {dag.py:3096} INFO - Sync 1 DAGs
[2026-06-01T21:31:21.255+0000] {logging_mixin.py:188} INFO - [2026-06-01T21:31:21.255+0000] {dag.py:3954} INFO - Setting next_dagrun for example_xcom to 2021-01-01 00:00:00+00:00, run_after=2021-01-01 00:00:00+00:00
[2026-06-01T21:31:21.276+0000] {processor.py:183} INFO - Processing /home/airflow/.local/lib/python3.12/site-packages/airflow/example_dags/example_xcom.py took 0.083 seconds
[2026-06-01T21:31:51.574+0000] {processor.py:161} INFO - Started process (PID=23971) to work on /home/airflow/.local/lib/python3.12/site-packages/airflow/example_dags/example_xcom.py
[2026-06-01T21:31:51.575+0000] {processor.py:830} INFO - Processing file /home/airflow/.local/lib/python3.12/site-packages/airflow/example_dags/example_xcom.py for tasks to queue
[2026-06-01T21:31:51.578+0000] {logging_mixin.py:188} INFO - [2026-06-01T21:31:51.577+0000] {dagbag.py:540} INFO - Filling up the DagBag from /home/airflow/.local/lib/python3.12/site-packages/airflow/example_dags/example_xcom.py
[2026-06-01T21:31:51.585+0000] {processor.py:840} INFO - DAG(s) 'example_xcom' retrieved from /home/airflow/.local/lib/python3.12/site-packages/airflow/example_dags/example_xcom.py
[2026-06-01T21:31:51.607+0000] {logging_mixin.py:188} INFO - [2026-06-01T21:31:51.607+0000] {dag.py:3096} INFO - Sync 1 DAGs
[2026-06-01T21:31:51.632+0000] {logging_mixin.py:188} INFO - [2026-06-01T21:31:51.631+0000] {dag.py:3954} INFO - Setting next_dagrun for example_xcom to 2021-01-01 00:00:00+00:00, run_after=2021-01-01 00:00:00+00:00
[2026-06-01T21:31:51.652+0000] {processor.py:183} INFO - Processing /home/airflow/.local/lib/python3.12/site-packages/airflow/example_dags/example_xcom.py took 0.083 seconds
[2026-06-01T21:32:22.213+0000] {processor.py:161} INFO - Started process (PID=24030) to work on /home/airflow/.local/lib/python3.12/site-packages/airflow/example_dags/example_xcom.py
[2026-06-01T21:32:22.215+0000] {processor.py:830} INFO - Processing file /home/airflow/.local/lib/python3.12/site-packages/airflow/example_dags/example_xcom.py for tasks to queue
[2026-06-01T21:32:22.216+0000] {logging_mixin.py:188} INFO - [2026-06-01T21:32:22.216+0000] {dagbag.py:540} INFO - Filling up the DagBag from /home/airflow/.local/lib/python3.12/site-packages/airflow/example_dags/example_xcom.py
[2026-06-01T21:32:22.223+0000] {processor.py:840} INFO - DAG(s) 'example_xcom' retrieved from /home/airflow/.local/lib/python3.12/site-packages/airflow/example_dags/example_xcom.py
[2026-06-01T21:32:22.250+0000] {logging_mixin.py:188} INFO - [2026-06-01T21:32:22.249+0000] {dag.py:3096} INFO - Sync 1 DAGs
[2026-06-01T21:32:22.275+0000] {logging_mixin.py:188} INFO - [2026-06-01T21:32:22.274+0000] {dag.py:3954} INFO - Setting next_dagrun for example_xcom to 2021-01-01 00:00:00+00:00, run_after=2021-01-01 00:00:00+00:00
[2026-06-01T21:32:22.296+0000] {processor.py:183} INFO - Processing /home/airflow/.local/lib/python3.12/site-packages/airflow/example_dags/example_xcom.py took 0.089 seconds
[2026-06-01T21:32:52.516+0000] {processor.py:161} INFO - Started process (PID=24089) to work on /home/airflow/.local/lib/python3.12/site-packages/airflow/example_dags/example_xcom.py
[2026-06-01T21:32:52.518+0000] {processor.py:830} INFO - Processing file /home/airflow/.local/lib/python3.12/site-packages/airflow/example_dags/example_xcom.py for tasks to queue
[2026-06-01T21:32:52.520+0000] {logging_mixin.py:188} INFO - [2026-06-01T21:32:52.519+0000] {dagbag.py:540} INFO - Filling up the DagBag from /home/airflow/.local/lib/python3.12/site-packages/airflow/example_dags/example_xcom.py
[2026-06-01T21:32:52.530+0000] {processor.py:840} INFO - DAG(s) 'example_xcom' retrieved from /home/airflow/.local/lib/python3.12/site-packages/airflow/example_dags/example_xcom.py
[2026-06-01T21:32:52.554+0000] {logging_mixin.py:188} INFO - [2026-06-01T21:32:52.554+0000] {dag.py:3096} INFO - Sync 1 DAGs
[2026-06-01T21:32:52.726+0000] {logging_mixin.py:188} INFO - [2026-06-01T21:32:52.726+0000] {dag.py:3954} INFO - Setting next_dagrun for example_xcom to 2021-01-01 00:00:00+00:00, run_after=2021-01-01 00:00:00+00:00
[2026-06-01T21:32:52.753+0000] {processor.py:183} INFO - Processing /home/airflow/.local/lib/python3.12/site-packages/airflow/example_dags/example_xcom.py took 0.243 seconds
[2026-06-01T21:33:23.067+0000] {processor.py:161} INFO - Started process (PID=24148) to work on /home/airflow/.local/lib/python3.12/site-packages/airflow/example_dags/example_xcom.py
[2026-06-01T21:33:23.067+0000] {processor.py:830} INFO - Processing file /home/airflow/.local/lib/python3.12/site-packages/airflow/example_dags/example_xcom.py for tasks to queue
[2026-06-01T21:33:23.069+0000] {logging_mixin.py:188} INFO - [2026-06-01T21:33:23.069+0000] {dagbag.py:540} INFO - Filling up the DagBag from /home/airflow/.local/lib/python3.12/site-packages/airflow/example_dags/example_xcom.py
[2026-06-01T21:33:23.076+0000] {processor.py:840} INFO - DAG(s) 'example_xcom' retrieved from /home/airflow/.local/lib/python3.12/site-packages/airflow/example_dags/example_xcom.py
[2026-06-01T21:33:23.093+0000] {logging_mixin.py:188} INFO - [2026-06-01T21:33:23.093+0000] {dag.py:3096} INFO - Sync 1 DAGs
[2026-06-01T21:33:23.231+0000] {logging_mixin.py:188} INFO - [2026-06-01T21:33:23.231+0000] {dag.py:3954} INFO - Setting next_dagrun for example_xcom to 2021-01-01 00:00:00+00:00, run_after=2021-01-01 00:00:00+00:00
[2026-06-01T21:33:23.245+0000] {processor.py:183} INFO - Processing /home/airflow/.local/lib/python3.12/site-packages/airflow/example_dags/example_xcom.py took 0.183 seconds
[2026-06-01T22:52:12.929+0000] {processor.py:161} INFO - Started process (PID=24210) to work on /home/airflow/.local/lib/python3.12/site-packages/airflow/example_dags/example_xcom.py
[2026-06-01T22:52:12.930+0000] {processor.py:830} INFO - Processing file /home/airflow/.local/lib/python3.12/site-packages/airflow/example_dags/example_xcom.py for tasks to queue
[2026-06-01T22:52:12.933+0000] {logging_mixin.py:188} INFO - [2026-06-01T22:52:12.932+0000] {dagbag.py:540} INFO - Filling up the DagBag from /home/airflow/.local/lib/python3.12/site-packages/airflow/example_dags/example_xcom.py
[2026-06-01T22:52:12.943+0000] {processor.py:840} INFO - DAG(s) 'example_xcom' retrieved from /home/airflow/.local/lib/python3.12/site-packages/airflow/example_dags/example_xcom.py
[2026-06-01T22:52:12.969+0000] {logging_mixin.py:188} INFO - [2026-06-01T22:52:12.969+0000] {dag.py:3096} INFO - Sync 1 DAGs
[2026-06-01T22:52:12.992+0000] {logging_mixin.py:188} INFO - [2026-06-01T22:52:12.992+0000] {dag.py:3954} INFO - Setting next_dagrun for example_xcom to 2021-01-01 00:00:00+00:00, run_after=2021-01-01 00:00:00+00:00
[2026-06-01T22:52:13.018+0000] {processor.py:183} INFO - Processing /home/airflow/.local/lib/python3.12/site-packages/airflow/example_dags/example_xcom.py took 0.101 seconds
