[2026-06-01T02:41:33.761+0000] {processor.py:161} INFO - Started process (PID=37942) to work on /home/airflow/.local/lib/python3.12/site-packages/airflow/example_dags/example_bash_decorator.py
[2026-06-01T02:41:33.763+0000] {processor.py:830} INFO - Processing file /home/airflow/.local/lib/python3.12/site-packages/airflow/example_dags/example_bash_decorator.py for tasks to queue
[2026-06-01T02:41:33.767+0000] {logging_mixin.py:188} INFO - [2026-06-01T02:41:33.766+0000] {dagbag.py:540} INFO - Filling up the DagBag from /home/airflow/.local/lib/python3.12/site-packages/airflow/example_dags/example_bash_decorator.py
[2026-06-01T02:41:33.803+0000] {processor.py:840} INFO - DAG(s) 'example_bash_decorator' retrieved from /home/airflow/.local/lib/python3.12/site-packages/airflow/example_dags/example_bash_decorator.py
[2026-06-01T02:41:33.836+0000] {logging_mixin.py:188} INFO - [2026-06-01T02:41:33.835+0000] {dag.py:3096} INFO - Sync 1 DAGs
[2026-06-01T02:41:33.851+0000] {logging_mixin.py:188} INFO - [2026-06-01T02:41:33.851+0000] {dag.py:3954} INFO - Setting next_dagrun for example_bash_decorator to None, run_after=None
[2026-06-01T02:41:33.885+0000] {processor.py:183} INFO - Processing /home/airflow/.local/lib/python3.12/site-packages/airflow/example_dags/example_bash_decorator.py took 0.132 seconds
[2026-06-01T04:20:16.426+0000] {processor.py:161} INFO - Started process (PID=38001) to work on /home/airflow/.local/lib/python3.12/site-packages/airflow/example_dags/example_bash_decorator.py
[2026-06-01T04:20:16.427+0000] {processor.py:830} INFO - Processing file /home/airflow/.local/lib/python3.12/site-packages/airflow/example_dags/example_bash_decorator.py for tasks to queue
[2026-06-01T04:20:16.429+0000] {logging_mixin.py:188} INFO - [2026-06-01T04:20:16.429+0000] {dagbag.py:540} INFO - Filling up the DagBag from /home/airflow/.local/lib/python3.12/site-packages/airflow/example_dags/example_bash_decorator.py
[2026-06-01T04:20:16.442+0000] {processor.py:840} INFO - DAG(s) 'example_bash_decorator' retrieved from /home/airflow/.local/lib/python3.12/site-packages/airflow/example_dags/example_bash_decorator.py
[2026-06-01T04:20:16.468+0000] {logging_mixin.py:188} INFO - [2026-06-01T04:20:16.467+0000] {dag.py:3096} INFO - Sync 1 DAGs
[2026-06-01T04:20:16.479+0000] {logging_mixin.py:188} INFO - [2026-06-01T04:20:16.479+0000] {dag.py:3954} INFO - Setting next_dagrun for example_bash_decorator to None, run_after=None
[2026-06-01T04:20:16.500+0000] {processor.py:183} INFO - Processing /home/airflow/.local/lib/python3.12/site-packages/airflow/example_dags/example_bash_decorator.py took 0.080 seconds
[2026-06-01T04:20:45.273+0000] {processor.py:161} INFO - Started process (PID=38060) to work on /home/airflow/.local/lib/python3.12/site-packages/airflow/example_dags/example_bash_decorator.py
[2026-06-01T04:20:45.274+0000] {processor.py:830} INFO - Processing file /home/airflow/.local/lib/python3.12/site-packages/airflow/example_dags/example_bash_decorator.py for tasks to queue
[2026-06-01T04:20:45.276+0000] {logging_mixin.py:188} INFO - [2026-06-01T04:20:45.276+0000] {dagbag.py:540} INFO - Filling up the DagBag from /home/airflow/.local/lib/python3.12/site-packages/airflow/example_dags/example_bash_decorator.py
[2026-06-01T04:20:45.287+0000] {processor.py:840} INFO - DAG(s) 'example_bash_decorator' retrieved from /home/airflow/.local/lib/python3.12/site-packages/airflow/example_dags/example_bash_decorator.py
[2026-06-01T04:20:45.308+0000] {logging_mixin.py:188} INFO - [2026-06-01T04:20:45.307+0000] {dag.py:3096} INFO - Sync 1 DAGs
[2026-06-01T04:20:45.319+0000] {logging_mixin.py:188} INFO - [2026-06-01T04:20:45.319+0000] {dag.py:3954} INFO - Setting next_dagrun for example_bash_decorator to None, run_after=None
[2026-06-01T04:20:45.336+0000] {processor.py:183} INFO - Processing /home/airflow/.local/lib/python3.12/site-packages/airflow/example_dags/example_bash_decorator.py took 0.068 seconds
[2026-06-01T04:21:18.575+0000] {processor.py:161} INFO - Started process (PID=38119) to work on /home/airflow/.local/lib/python3.12/site-packages/airflow/example_dags/example_bash_decorator.py
[2026-06-01T04:21:18.576+0000] {processor.py:830} INFO - Processing file /home/airflow/.local/lib/python3.12/site-packages/airflow/example_dags/example_bash_decorator.py for tasks to queue
[2026-06-01T04:21:18.578+0000] {logging_mixin.py:188} INFO - [2026-06-01T04:21:18.577+0000] {dagbag.py:540} INFO - Filling up the DagBag from /home/airflow/.local/lib/python3.12/site-packages/airflow/example_dags/example_bash_decorator.py
[2026-06-01T04:21:18.587+0000] {processor.py:840} INFO - DAG(s) 'example_bash_decorator' retrieved from /home/airflow/.local/lib/python3.12/site-packages/airflow/example_dags/example_bash_decorator.py
[2026-06-01T04:21:18.605+0000] {logging_mixin.py:188} INFO - [2026-06-01T04:21:18.604+0000] {dag.py:3096} INFO - Sync 1 DAGs
[2026-06-01T04:21:18.615+0000] {logging_mixin.py:188} INFO - [2026-06-01T04:21:18.614+0000] {dag.py:3954} INFO - Setting next_dagrun for example_bash_decorator to None, run_after=None
[2026-06-01T04:21:18.629+0000] {processor.py:183} INFO - Processing /home/airflow/.local/lib/python3.12/site-packages/airflow/example_dags/example_bash_decorator.py took 0.059 seconds
[2026-06-01T04:21:49.618+0000] {processor.py:161} INFO - Started process (PID=38178) to work on /home/airflow/.local/lib/python3.12/site-packages/airflow/example_dags/example_bash_decorator.py
[2026-06-01T04:21:49.619+0000] {processor.py:830} INFO - Processing file /home/airflow/.local/lib/python3.12/site-packages/airflow/example_dags/example_bash_decorator.py for tasks to queue
[2026-06-01T04:21:49.621+0000] {logging_mixin.py:188} INFO - [2026-06-01T04:21:49.621+0000] {dagbag.py:540} INFO - Filling up the DagBag from /home/airflow/.local/lib/python3.12/site-packages/airflow/example_dags/example_bash_decorator.py
[2026-06-01T04:21:49.633+0000] {processor.py:840} INFO - DAG(s) 'example_bash_decorator' retrieved from /home/airflow/.local/lib/python3.12/site-packages/airflow/example_dags/example_bash_decorator.py
[2026-06-01T04:21:49.653+0000] {logging_mixin.py:188} INFO - [2026-06-01T04:21:49.652+0000] {dag.py:3096} INFO - Sync 1 DAGs
[2026-06-01T04:21:49.664+0000] {logging_mixin.py:188} INFO - [2026-06-01T04:21:49.663+0000] {dag.py:3954} INFO - Setting next_dagrun for example_bash_decorator to None, run_after=None
[2026-06-01T04:21:49.682+0000] {processor.py:183} INFO - Processing /home/airflow/.local/lib/python3.12/site-packages/airflow/example_dags/example_bash_decorator.py took 0.071 seconds
[2026-06-01T04:22:20.639+0000] {processor.py:161} INFO - Started process (PID=38237) to work on /home/airflow/.local/lib/python3.12/site-packages/airflow/example_dags/example_bash_decorator.py
[2026-06-01T04:22:20.640+0000] {processor.py:830} INFO - Processing file /home/airflow/.local/lib/python3.12/site-packages/airflow/example_dags/example_bash_decorator.py for tasks to queue
[2026-06-01T04:22:20.642+0000] {logging_mixin.py:188} INFO - [2026-06-01T04:22:20.641+0000] {dagbag.py:540} INFO - Filling up the DagBag from /home/airflow/.local/lib/python3.12/site-packages/airflow/example_dags/example_bash_decorator.py
[2026-06-01T04:22:20.652+0000] {processor.py:840} INFO - DAG(s) 'example_bash_decorator' retrieved from /home/airflow/.local/lib/python3.12/site-packages/airflow/example_dags/example_bash_decorator.py
[2026-06-01T04:22:20.669+0000] {logging_mixin.py:188} INFO - [2026-06-01T04:22:20.669+0000] {dag.py:3096} INFO - Sync 1 DAGs
[2026-06-01T04:22:20.680+0000] {logging_mixin.py:188} INFO - [2026-06-01T04:22:20.680+0000] {dag.py:3954} INFO - Setting next_dagrun for example_bash_decorator to None, run_after=None
[2026-06-01T04:22:20.694+0000] {processor.py:183} INFO - Processing /home/airflow/.local/lib/python3.12/site-packages/airflow/example_dags/example_bash_decorator.py took 0.060 seconds
[2026-06-01T04:22:51.980+0000] {processor.py:161} INFO - Started process (PID=38304) to work on /home/airflow/.local/lib/python3.12/site-packages/airflow/example_dags/example_bash_decorator.py
[2026-06-01T04:22:51.981+0000] {processor.py:830} INFO - Processing file /home/airflow/.local/lib/python3.12/site-packages/airflow/example_dags/example_bash_decorator.py for tasks to queue
[2026-06-01T04:22:51.983+0000] {logging_mixin.py:188} INFO - [2026-06-01T04:22:51.983+0000] {dagbag.py:540} INFO - Filling up the DagBag from /home/airflow/.local/lib/python3.12/site-packages/airflow/example_dags/example_bash_decorator.py
[2026-06-01T04:22:51.994+0000] {processor.py:840} INFO - DAG(s) 'example_bash_decorator' retrieved from /home/airflow/.local/lib/python3.12/site-packages/airflow/example_dags/example_bash_decorator.py
[2026-06-01T04:22:52.013+0000] {logging_mixin.py:188} INFO - [2026-06-01T04:22:52.013+0000] {dag.py:3096} INFO - Sync 1 DAGs
[2026-06-01T04:22:52.024+0000] {logging_mixin.py:188} INFO - [2026-06-01T04:22:52.024+0000] {dag.py:3954} INFO - Setting next_dagrun for example_bash_decorator to None, run_after=None
[2026-06-01T04:22:52.041+0000] {processor.py:183} INFO - Processing /home/airflow/.local/lib/python3.12/site-packages/airflow/example_dags/example_bash_decorator.py took 0.066 seconds
[2026-06-01T04:23:22.911+0000] {processor.py:161} INFO - Started process (PID=38363) to work on /home/airflow/.local/lib/python3.12/site-packages/airflow/example_dags/example_bash_decorator.py
[2026-06-01T04:23:22.912+0000] {processor.py:830} INFO - Processing file /home/airflow/.local/lib/python3.12/site-packages/airflow/example_dags/example_bash_decorator.py for tasks to queue
[2026-06-01T04:23:22.914+0000] {logging_mixin.py:188} INFO - [2026-06-01T04:23:22.914+0000] {dagbag.py:540} INFO - Filling up the DagBag from /home/airflow/.local/lib/python3.12/site-packages/airflow/example_dags/example_bash_decorator.py
[2026-06-01T04:23:22.925+0000] {processor.py:840} INFO - DAG(s) 'example_bash_decorator' retrieved from /home/airflow/.local/lib/python3.12/site-packages/airflow/example_dags/example_bash_decorator.py
[2026-06-01T04:23:22.942+0000] {logging_mixin.py:188} INFO - [2026-06-01T04:23:22.942+0000] {dag.py:3096} INFO - Sync 1 DAGs
[2026-06-01T04:23:22.951+0000] {logging_mixin.py:188} INFO - [2026-06-01T04:23:22.951+0000] {dag.py:3954} INFO - Setting next_dagrun for example_bash_decorator to None, run_after=None
[2026-06-01T04:23:22.965+0000] {processor.py:183} INFO - Processing /home/airflow/.local/lib/python3.12/site-packages/airflow/example_dags/example_bash_decorator.py took 0.060 seconds
[2026-06-01T04:23:53.582+0000] {processor.py:161} INFO - Started process (PID=38422) to work on /home/airflow/.local/lib/python3.12/site-packages/airflow/example_dags/example_bash_decorator.py
[2026-06-01T04:23:53.584+0000] {processor.py:830} INFO - Processing file /home/airflow/.local/lib/python3.12/site-packages/airflow/example_dags/example_bash_decorator.py for tasks to queue
[2026-06-01T04:23:53.586+0000] {logging_mixin.py:188} INFO - [2026-06-01T04:23:53.585+0000] {dagbag.py:540} INFO - Filling up the DagBag from /home/airflow/.local/lib/python3.12/site-packages/airflow/example_dags/example_bash_decorator.py
[2026-06-01T04:23:53.597+0000] {processor.py:840} INFO - DAG(s) 'example_bash_decorator' retrieved from /home/airflow/.local/lib/python3.12/site-packages/airflow/example_dags/example_bash_decorator.py
[2026-06-01T04:23:53.616+0000] {logging_mixin.py:188} INFO - [2026-06-01T04:23:53.616+0000] {dag.py:3096} INFO - Sync 1 DAGs
[2026-06-01T04:23:53.627+0000] {logging_mixin.py:188} INFO - [2026-06-01T04:23:53.626+0000] {dag.py:3954} INFO - Setting next_dagrun for example_bash_decorator to None, run_after=None
[2026-06-01T04:23:53.642+0000] {processor.py:183} INFO - Processing /home/airflow/.local/lib/python3.12/site-packages/airflow/example_dags/example_bash_decorator.py took 0.064 seconds
[2026-06-01T04:24:24.380+0000] {processor.py:161} INFO - Started process (PID=38482) to work on /home/airflow/.local/lib/python3.12/site-packages/airflow/example_dags/example_bash_decorator.py
[2026-06-01T04:24:24.381+0000] {processor.py:830} INFO - Processing file /home/airflow/.local/lib/python3.12/site-packages/airflow/example_dags/example_bash_decorator.py for tasks to queue
[2026-06-01T04:24:24.383+0000] {logging_mixin.py:188} INFO - [2026-06-01T04:24:24.383+0000] {dagbag.py:540} INFO - Filling up the DagBag from /home/airflow/.local/lib/python3.12/site-packages/airflow/example_dags/example_bash_decorator.py
[2026-06-01T04:24:24.395+0000] {processor.py:840} INFO - DAG(s) 'example_bash_decorator' retrieved from /home/airflow/.local/lib/python3.12/site-packages/airflow/example_dags/example_bash_decorator.py
[2026-06-01T04:24:24.414+0000] {logging_mixin.py:188} INFO - [2026-06-01T04:24:24.414+0000] {dag.py:3096} INFO - Sync 1 DAGs
[2026-06-01T04:24:24.425+0000] {logging_mixin.py:188} INFO - [2026-06-01T04:24:24.425+0000] {dag.py:3954} INFO - Setting next_dagrun for example_bash_decorator to None, run_after=None
[2026-06-01T04:24:24.447+0000] {processor.py:183} INFO - Processing /home/airflow/.local/lib/python3.12/site-packages/airflow/example_dags/example_bash_decorator.py took 0.072 seconds
[2026-06-01T04:24:55.444+0000] {processor.py:161} INFO - Started process (PID=38544) to work on /home/airflow/.local/lib/python3.12/site-packages/airflow/example_dags/example_bash_decorator.py
[2026-06-01T04:24:55.445+0000] {processor.py:830} INFO - Processing file /home/airflow/.local/lib/python3.12/site-packages/airflow/example_dags/example_bash_decorator.py for tasks to queue
[2026-06-01T04:24:55.447+0000] {logging_mixin.py:188} INFO - [2026-06-01T04:24:55.447+0000] {dagbag.py:540} INFO - Filling up the DagBag from /home/airflow/.local/lib/python3.12/site-packages/airflow/example_dags/example_bash_decorator.py
[2026-06-01T04:24:55.458+0000] {processor.py:840} INFO - DAG(s) 'example_bash_decorator' retrieved from /home/airflow/.local/lib/python3.12/site-packages/airflow/example_dags/example_bash_decorator.py
[2026-06-01T04:24:55.476+0000] {logging_mixin.py:188} INFO - [2026-06-01T04:24:55.475+0000] {dag.py:3096} INFO - Sync 1 DAGs
[2026-06-01T04:24:55.485+0000] {logging_mixin.py:188} INFO - [2026-06-01T04:24:55.485+0000] {dag.py:3954} INFO - Setting next_dagrun for example_bash_decorator to None, run_after=None
[2026-06-01T04:24:55.499+0000] {processor.py:183} INFO - Processing /home/airflow/.local/lib/python3.12/site-packages/airflow/example_dags/example_bash_decorator.py took 0.061 seconds
[2026-06-01T04:25:26.312+0000] {processor.py:161} INFO - Started process (PID=38603) to work on /home/airflow/.local/lib/python3.12/site-packages/airflow/example_dags/example_bash_decorator.py
[2026-06-01T04:25:26.313+0000] {processor.py:830} INFO - Processing file /home/airflow/.local/lib/python3.12/site-packages/airflow/example_dags/example_bash_decorator.py for tasks to queue
[2026-06-01T04:25:26.315+0000] {logging_mixin.py:188} INFO - [2026-06-01T04:25:26.315+0000] {dagbag.py:540} INFO - Filling up the DagBag from /home/airflow/.local/lib/python3.12/site-packages/airflow/example_dags/example_bash_decorator.py
[2026-06-01T04:25:26.327+0000] {processor.py:840} INFO - DAG(s) 'example_bash_decorator' retrieved from /home/airflow/.local/lib/python3.12/site-packages/airflow/example_dags/example_bash_decorator.py
[2026-06-01T04:25:26.348+0000] {logging_mixin.py:188} INFO - [2026-06-01T04:25:26.348+0000] {dag.py:3096} INFO - Sync 1 DAGs
[2026-06-01T04:25:26.359+0000] {logging_mixin.py:188} INFO - [2026-06-01T04:25:26.359+0000] {dag.py:3954} INFO - Setting next_dagrun for example_bash_decorator to None, run_after=None
[2026-06-01T04:25:26.377+0000] {processor.py:183} INFO - Processing /home/airflow/.local/lib/python3.12/site-packages/airflow/example_dags/example_bash_decorator.py took 0.070 seconds
[2026-06-01T04:25:57.308+0000] {processor.py:161} INFO - Started process (PID=38663) to work on /home/airflow/.local/lib/python3.12/site-packages/airflow/example_dags/example_bash_decorator.py
[2026-06-01T04:25:57.310+0000] {processor.py:830} INFO - Processing file /home/airflow/.local/lib/python3.12/site-packages/airflow/example_dags/example_bash_decorator.py for tasks to queue
[2026-06-01T04:25:57.311+0000] {logging_mixin.py:188} INFO - [2026-06-01T04:25:57.311+0000] {dagbag.py:540} INFO - Filling up the DagBag from /home/airflow/.local/lib/python3.12/site-packages/airflow/example_dags/example_bash_decorator.py
[2026-06-01T04:25:57.323+0000] {processor.py:840} INFO - DAG(s) 'example_bash_decorator' retrieved from /home/airflow/.local/lib/python3.12/site-packages/airflow/example_dags/example_bash_decorator.py
[2026-06-01T04:25:57.342+0000] {logging_mixin.py:188} INFO - [2026-06-01T04:25:57.342+0000] {dag.py:3096} INFO - Sync 1 DAGs
[2026-06-01T04:25:57.355+0000] {logging_mixin.py:188} INFO - [2026-06-01T04:25:57.354+0000] {dag.py:3954} INFO - Setting next_dagrun for example_bash_decorator to None, run_after=None
[2026-06-01T04:25:57.376+0000] {processor.py:183} INFO - Processing /home/airflow/.local/lib/python3.12/site-packages/airflow/example_dags/example_bash_decorator.py took 0.073 seconds
[2026-06-01T04:26:27.477+0000] {processor.py:161} INFO - Started process (PID=38722) to work on /home/airflow/.local/lib/python3.12/site-packages/airflow/example_dags/example_bash_decorator.py
[2026-06-01T04:26:27.478+0000] {processor.py:830} INFO - Processing file /home/airflow/.local/lib/python3.12/site-packages/airflow/example_dags/example_bash_decorator.py for tasks to queue
[2026-06-01T04:26:27.480+0000] {logging_mixin.py:188} INFO - [2026-06-01T04:26:27.480+0000] {dagbag.py:540} INFO - Filling up the DagBag from /home/airflow/.local/lib/python3.12/site-packages/airflow/example_dags/example_bash_decorator.py
[2026-06-01T04:26:27.490+0000] {processor.py:840} INFO - DAG(s) 'example_bash_decorator' retrieved from /home/airflow/.local/lib/python3.12/site-packages/airflow/example_dags/example_bash_decorator.py
[2026-06-01T04:26:27.507+0000] {logging_mixin.py:188} INFO - [2026-06-01T04:26:27.507+0000] {dag.py:3096} INFO - Sync 1 DAGs
[2026-06-01T04:26:27.517+0000] {logging_mixin.py:188} INFO - [2026-06-01T04:26:27.517+0000] {dag.py:3954} INFO - Setting next_dagrun for example_bash_decorator to None, run_after=None
[2026-06-01T04:26:27.533+0000] {processor.py:183} INFO - Processing /home/airflow/.local/lib/python3.12/site-packages/airflow/example_dags/example_bash_decorator.py took 0.061 seconds
[2026-06-01T04:26:57.955+0000] {processor.py:161} INFO - Started process (PID=38781) to work on /home/airflow/.local/lib/python3.12/site-packages/airflow/example_dags/example_bash_decorator.py
[2026-06-01T04:26:57.957+0000] {processor.py:830} INFO - Processing file /home/airflow/.local/lib/python3.12/site-packages/airflow/example_dags/example_bash_decorator.py for tasks to queue
[2026-06-01T04:26:57.959+0000] {logging_mixin.py:188} INFO - [2026-06-01T04:26:57.959+0000] {dagbag.py:540} INFO - Filling up the DagBag from /home/airflow/.local/lib/python3.12/site-packages/airflow/example_dags/example_bash_decorator.py
[2026-06-01T04:26:57.971+0000] {processor.py:840} INFO - DAG(s) 'example_bash_decorator' retrieved from /home/airflow/.local/lib/python3.12/site-packages/airflow/example_dags/example_bash_decorator.py
[2026-06-01T04:26:57.996+0000] {logging_mixin.py:188} INFO - [2026-06-01T04:26:57.995+0000] {dag.py:3096} INFO - Sync 1 DAGs
[2026-06-01T04:26:58.005+0000] {logging_mixin.py:188} INFO - [2026-06-01T04:26:58.005+0000] {dag.py:3954} INFO - Setting next_dagrun for example_bash_decorator to None, run_after=None
[2026-06-01T04:26:58.018+0000] {processor.py:183} INFO - Processing /home/airflow/.local/lib/python3.12/site-packages/airflow/example_dags/example_bash_decorator.py took 0.072 seconds
[2026-06-01T11:29:47.094+0000] {processor.py:161} INFO - Started process (PID=38834) to work on /home/airflow/.local/lib/python3.12/site-packages/airflow/example_dags/example_bash_decorator.py
[2026-06-01T11:29:47.095+0000] {processor.py:830} INFO - Processing file /home/airflow/.local/lib/python3.12/site-packages/airflow/example_dags/example_bash_decorator.py for tasks to queue
[2026-06-01T11:29:47.098+0000] {logging_mixin.py:188} INFO - [2026-06-01T11:29:47.097+0000] {dagbag.py:540} INFO - Filling up the DagBag from /home/airflow/.local/lib/python3.12/site-packages/airflow/example_dags/example_bash_decorator.py
[2026-06-01T11:29:47.112+0000] {processor.py:840} INFO - DAG(s) 'example_bash_decorator' retrieved from /home/airflow/.local/lib/python3.12/site-packages/airflow/example_dags/example_bash_decorator.py
[2026-06-01T11:29:47.139+0000] {logging_mixin.py:188} INFO - [2026-06-01T11:29:47.139+0000] {dag.py:3096} INFO - Sync 1 DAGs
[2026-06-01T11:29:47.154+0000] {logging_mixin.py:188} INFO - [2026-06-01T11:29:47.153+0000] {dag.py:3954} INFO - Setting next_dagrun for example_bash_decorator to None, run_after=None
[2026-06-01T11:29:47.179+0000] {processor.py:183} INFO - Processing /home/airflow/.local/lib/python3.12/site-packages/airflow/example_dags/example_bash_decorator.py took 0.092 seconds
[2026-06-01T11:30:18.003+0000] {processor.py:161} INFO - Started process (PID=38898) to work on /home/airflow/.local/lib/python3.12/site-packages/airflow/example_dags/example_bash_decorator.py
[2026-06-01T11:30:18.004+0000] {processor.py:830} INFO - Processing file /home/airflow/.local/lib/python3.12/site-packages/airflow/example_dags/example_bash_decorator.py for tasks to queue
[2026-06-01T11:30:18.006+0000] {logging_mixin.py:188} INFO - [2026-06-01T11:30:18.006+0000] {dagbag.py:540} INFO - Filling up the DagBag from /home/airflow/.local/lib/python3.12/site-packages/airflow/example_dags/example_bash_decorator.py
[2026-06-01T11:30:18.020+0000] {processor.py:840} INFO - DAG(s) 'example_bash_decorator' retrieved from /home/airflow/.local/lib/python3.12/site-packages/airflow/example_dags/example_bash_decorator.py
[2026-06-01T11:30:18.042+0000] {logging_mixin.py:188} INFO - [2026-06-01T11:30:18.042+0000] {dag.py:3096} INFO - Sync 1 DAGs
[2026-06-01T11:30:18.054+0000] {logging_mixin.py:188} INFO - [2026-06-01T11:30:18.053+0000] {dag.py:3954} INFO - Setting next_dagrun for example_bash_decorator to None, run_after=None
[2026-06-01T11:30:18.081+0000] {processor.py:183} INFO - Processing /home/airflow/.local/lib/python3.12/site-packages/airflow/example_dags/example_bash_decorator.py took 0.083 seconds
[2026-06-01T11:30:48.946+0000] {processor.py:161} INFO - Started process (PID=38963) to work on /home/airflow/.local/lib/python3.12/site-packages/airflow/example_dags/example_bash_decorator.py
[2026-06-01T11:30:48.947+0000] {processor.py:830} INFO - Processing file /home/airflow/.local/lib/python3.12/site-packages/airflow/example_dags/example_bash_decorator.py for tasks to queue
[2026-06-01T11:30:48.949+0000] {logging_mixin.py:188} INFO - [2026-06-01T11:30:48.949+0000] {dagbag.py:540} INFO - Filling up the DagBag from /home/airflow/.local/lib/python3.12/site-packages/airflow/example_dags/example_bash_decorator.py
[2026-06-01T11:30:48.962+0000] {processor.py:840} INFO - DAG(s) 'example_bash_decorator' retrieved from /home/airflow/.local/lib/python3.12/site-packages/airflow/example_dags/example_bash_decorator.py
[2026-06-01T11:30:48.983+0000] {logging_mixin.py:188} INFO - [2026-06-01T11:30:48.983+0000] {dag.py:3096} INFO - Sync 1 DAGs
[2026-06-01T11:30:48.994+0000] {logging_mixin.py:188} INFO - [2026-06-01T11:30:48.994+0000] {dag.py:3954} INFO - Setting next_dagrun for example_bash_decorator to None, run_after=None
[2026-06-01T11:30:49.012+0000] {processor.py:183} INFO - Processing /home/airflow/.local/lib/python3.12/site-packages/airflow/example_dags/example_bash_decorator.py took 0.071 seconds
[2026-06-01T11:31:20.006+0000] {processor.py:161} INFO - Started process (PID=39022) to work on /home/airflow/.local/lib/python3.12/site-packages/airflow/example_dags/example_bash_decorator.py
[2026-06-01T11:31:20.008+0000] {processor.py:830} INFO - Processing file /home/airflow/.local/lib/python3.12/site-packages/airflow/example_dags/example_bash_decorator.py for tasks to queue
[2026-06-01T11:31:20.009+0000] {logging_mixin.py:188} INFO - [2026-06-01T11:31:20.009+0000] {dagbag.py:540} INFO - Filling up the DagBag from /home/airflow/.local/lib/python3.12/site-packages/airflow/example_dags/example_bash_decorator.py
[2026-06-01T11:31:20.021+0000] {processor.py:840} INFO - DAG(s) 'example_bash_decorator' retrieved from /home/airflow/.local/lib/python3.12/site-packages/airflow/example_dags/example_bash_decorator.py
[2026-06-01T11:31:20.041+0000] {logging_mixin.py:188} INFO - [2026-06-01T11:31:20.040+0000] {dag.py:3096} INFO - Sync 1 DAGs
[2026-06-01T11:31:20.052+0000] {logging_mixin.py:188} INFO - [2026-06-01T11:31:20.052+0000] {dag.py:3954} INFO - Setting next_dagrun for example_bash_decorator to None, run_after=None
[2026-06-01T11:31:20.066+0000] {processor.py:183} INFO - Processing /home/airflow/.local/lib/python3.12/site-packages/airflow/example_dags/example_bash_decorator.py took 0.065 seconds
[2026-06-01T11:31:50.144+0000] {processor.py:161} INFO - Started process (PID=39081) to work on /home/airflow/.local/lib/python3.12/site-packages/airflow/example_dags/example_bash_decorator.py
[2026-06-01T11:31:50.146+0000] {processor.py:830} INFO - Processing file /home/airflow/.local/lib/python3.12/site-packages/airflow/example_dags/example_bash_decorator.py for tasks to queue
[2026-06-01T11:31:50.148+0000] {logging_mixin.py:188} INFO - [2026-06-01T11:31:50.147+0000] {dagbag.py:540} INFO - Filling up the DagBag from /home/airflow/.local/lib/python3.12/site-packages/airflow/example_dags/example_bash_decorator.py
[2026-06-01T11:31:50.164+0000] {processor.py:840} INFO - DAG(s) 'example_bash_decorator' retrieved from /home/airflow/.local/lib/python3.12/site-packages/airflow/example_dags/example_bash_decorator.py
[2026-06-01T11:31:50.189+0000] {logging_mixin.py:188} INFO - [2026-06-01T11:31:50.189+0000] {dag.py:3096} INFO - Sync 1 DAGs
[2026-06-01T11:31:50.204+0000] {logging_mixin.py:188} INFO - [2026-06-01T11:31:50.203+0000] {dag.py:3954} INFO - Setting next_dagrun for example_bash_decorator to None, run_after=None
[2026-06-01T11:31:50.238+0000] {processor.py:183} INFO - Processing /home/airflow/.local/lib/python3.12/site-packages/airflow/example_dags/example_bash_decorator.py took 0.101 seconds
[2026-06-01T11:32:20.315+0000] {processor.py:161} INFO - Started process (PID=39140) to work on /home/airflow/.local/lib/python3.12/site-packages/airflow/example_dags/example_bash_decorator.py
[2026-06-01T11:32:20.316+0000] {processor.py:830} INFO - Processing file /home/airflow/.local/lib/python3.12/site-packages/airflow/example_dags/example_bash_decorator.py for tasks to queue
[2026-06-01T11:32:20.317+0000] {logging_mixin.py:188} INFO - [2026-06-01T11:32:20.317+0000] {dagbag.py:540} INFO - Filling up the DagBag from /home/airflow/.local/lib/python3.12/site-packages/airflow/example_dags/example_bash_decorator.py
[2026-06-01T11:32:20.328+0000] {processor.py:840} INFO - DAG(s) 'example_bash_decorator' retrieved from /home/airflow/.local/lib/python3.12/site-packages/airflow/example_dags/example_bash_decorator.py
[2026-06-01T11:32:20.345+0000] {logging_mixin.py:188} INFO - [2026-06-01T11:32:20.345+0000] {dag.py:3096} INFO - Sync 1 DAGs
[2026-06-01T11:32:20.354+0000] {logging_mixin.py:188} INFO - [2026-06-01T11:32:20.354+0000] {dag.py:3954} INFO - Setting next_dagrun for example_bash_decorator to None, run_after=None
[2026-06-01T11:32:20.370+0000] {processor.py:183} INFO - Processing /home/airflow/.local/lib/python3.12/site-packages/airflow/example_dags/example_bash_decorator.py took 0.060 seconds
[2026-06-01T11:32:51.050+0000] {processor.py:161} INFO - Started process (PID=39199) to work on /home/airflow/.local/lib/python3.12/site-packages/airflow/example_dags/example_bash_decorator.py
[2026-06-01T11:32:51.051+0000] {processor.py:830} INFO - Processing file /home/airflow/.local/lib/python3.12/site-packages/airflow/example_dags/example_bash_decorator.py for tasks to queue
[2026-06-01T11:32:51.053+0000] {logging_mixin.py:188} INFO - [2026-06-01T11:32:51.053+0000] {dagbag.py:540} INFO - Filling up the DagBag from /home/airflow/.local/lib/python3.12/site-packages/airflow/example_dags/example_bash_decorator.py
[2026-06-01T11:32:51.064+0000] {processor.py:840} INFO - DAG(s) 'example_bash_decorator' retrieved from /home/airflow/.local/lib/python3.12/site-packages/airflow/example_dags/example_bash_decorator.py
[2026-06-01T11:32:51.082+0000] {logging_mixin.py:188} INFO - [2026-06-01T11:32:51.081+0000] {dag.py:3096} INFO - Sync 1 DAGs
[2026-06-01T11:32:51.095+0000] {logging_mixin.py:188} INFO - [2026-06-01T11:32:51.095+0000] {dag.py:3954} INFO - Setting next_dagrun for example_bash_decorator to None, run_after=None
[2026-06-01T11:32:51.111+0000] {processor.py:183} INFO - Processing /home/airflow/.local/lib/python3.12/site-packages/airflow/example_dags/example_bash_decorator.py took 0.066 seconds
[2026-06-01T11:33:21.781+0000] {processor.py:161} INFO - Started process (PID=39258) to work on /home/airflow/.local/lib/python3.12/site-packages/airflow/example_dags/example_bash_decorator.py
[2026-06-01T11:33:21.782+0000] {processor.py:830} INFO - Processing file /home/airflow/.local/lib/python3.12/site-packages/airflow/example_dags/example_bash_decorator.py for tasks to queue
[2026-06-01T11:33:21.784+0000] {logging_mixin.py:188} INFO - [2026-06-01T11:33:21.784+0000] {dagbag.py:540} INFO - Filling up the DagBag from /home/airflow/.local/lib/python3.12/site-packages/airflow/example_dags/example_bash_decorator.py
[2026-06-01T11:33:21.794+0000] {processor.py:840} INFO - DAG(s) 'example_bash_decorator' retrieved from /home/airflow/.local/lib/python3.12/site-packages/airflow/example_dags/example_bash_decorator.py
[2026-06-01T11:33:21.811+0000] {logging_mixin.py:188} INFO - [2026-06-01T11:33:21.811+0000] {dag.py:3096} INFO - Sync 1 DAGs
[2026-06-01T11:33:21.821+0000] {logging_mixin.py:188} INFO - [2026-06-01T11:33:21.820+0000] {dag.py:3954} INFO - Setting next_dagrun for example_bash_decorator to None, run_after=None
[2026-06-01T11:33:21.836+0000] {processor.py:183} INFO - Processing /home/airflow/.local/lib/python3.12/site-packages/airflow/example_dags/example_bash_decorator.py took 0.060 seconds
[2026-06-01T11:33:52.444+0000] {processor.py:161} INFO - Started process (PID=39317) to work on /home/airflow/.local/lib/python3.12/site-packages/airflow/example_dags/example_bash_decorator.py
[2026-06-01T11:33:52.445+0000] {processor.py:830} INFO - Processing file /home/airflow/.local/lib/python3.12/site-packages/airflow/example_dags/example_bash_decorator.py for tasks to queue
[2026-06-01T11:33:52.447+0000] {logging_mixin.py:188} INFO - [2026-06-01T11:33:52.446+0000] {dagbag.py:540} INFO - Filling up the DagBag from /home/airflow/.local/lib/python3.12/site-packages/airflow/example_dags/example_bash_decorator.py
[2026-06-01T11:33:52.457+0000] {processor.py:840} INFO - DAG(s) 'example_bash_decorator' retrieved from /home/airflow/.local/lib/python3.12/site-packages/airflow/example_dags/example_bash_decorator.py
[2026-06-01T11:33:52.473+0000] {logging_mixin.py:188} INFO - [2026-06-01T11:33:52.473+0000] {dag.py:3096} INFO - Sync 1 DAGs
[2026-06-01T11:33:52.483+0000] {logging_mixin.py:188} INFO - [2026-06-01T11:33:52.483+0000] {dag.py:3954} INFO - Setting next_dagrun for example_bash_decorator to None, run_after=None
[2026-06-01T11:33:52.499+0000] {processor.py:183} INFO - Processing /home/airflow/.local/lib/python3.12/site-packages/airflow/example_dags/example_bash_decorator.py took 0.060 seconds
[2026-06-01T11:34:23.295+0000] {processor.py:161} INFO - Started process (PID=39376) to work on /home/airflow/.local/lib/python3.12/site-packages/airflow/example_dags/example_bash_decorator.py
[2026-06-01T11:34:23.296+0000] {processor.py:830} INFO - Processing file /home/airflow/.local/lib/python3.12/site-packages/airflow/example_dags/example_bash_decorator.py for tasks to queue
[2026-06-01T11:34:23.297+0000] {logging_mixin.py:188} INFO - [2026-06-01T11:34:23.297+0000] {dagbag.py:540} INFO - Filling up the DagBag from /home/airflow/.local/lib/python3.12/site-packages/airflow/example_dags/example_bash_decorator.py
[2026-06-01T11:34:23.308+0000] {processor.py:840} INFO - DAG(s) 'example_bash_decorator' retrieved from /home/airflow/.local/lib/python3.12/site-packages/airflow/example_dags/example_bash_decorator.py
[2026-06-01T11:34:23.325+0000] {logging_mixin.py:188} INFO - [2026-06-01T11:34:23.325+0000] {dag.py:3096} INFO - Sync 1 DAGs
[2026-06-01T11:34:23.335+0000] {logging_mixin.py:188} INFO - [2026-06-01T11:34:23.335+0000] {dag.py:3954} INFO - Setting next_dagrun for example_bash_decorator to None, run_after=None
[2026-06-01T11:34:23.350+0000] {processor.py:183} INFO - Processing /home/airflow/.local/lib/python3.12/site-packages/airflow/example_dags/example_bash_decorator.py took 0.061 seconds
[2026-06-01T11:34:54.225+0000] {processor.py:161} INFO - Started process (PID=39435) to work on /home/airflow/.local/lib/python3.12/site-packages/airflow/example_dags/example_bash_decorator.py
[2026-06-01T11:34:54.226+0000] {processor.py:830} INFO - Processing file /home/airflow/.local/lib/python3.12/site-packages/airflow/example_dags/example_bash_decorator.py for tasks to queue
[2026-06-01T11:34:54.228+0000] {logging_mixin.py:188} INFO - [2026-06-01T11:34:54.228+0000] {dagbag.py:540} INFO - Filling up the DagBag from /home/airflow/.local/lib/python3.12/site-packages/airflow/example_dags/example_bash_decorator.py
[2026-06-01T11:34:54.239+0000] {processor.py:840} INFO - DAG(s) 'example_bash_decorator' retrieved from /home/airflow/.local/lib/python3.12/site-packages/airflow/example_dags/example_bash_decorator.py
[2026-06-01T11:34:54.258+0000] {logging_mixin.py:188} INFO - [2026-06-01T11:34:54.258+0000] {dag.py:3096} INFO - Sync 1 DAGs
[2026-06-01T11:34:54.269+0000] {logging_mixin.py:188} INFO - [2026-06-01T11:34:54.268+0000] {dag.py:3954} INFO - Setting next_dagrun for example_bash_decorator to None, run_after=None
[2026-06-01T11:34:54.285+0000] {processor.py:183} INFO - Processing /home/airflow/.local/lib/python3.12/site-packages/airflow/example_dags/example_bash_decorator.py took 0.065 seconds
[2026-06-01T11:35:25.223+0000] {processor.py:161} INFO - Started process (PID=39498) to work on /home/airflow/.local/lib/python3.12/site-packages/airflow/example_dags/example_bash_decorator.py
[2026-06-01T11:35:25.225+0000] {processor.py:830} INFO - Processing file /home/airflow/.local/lib/python3.12/site-packages/airflow/example_dags/example_bash_decorator.py for tasks to queue
[2026-06-01T11:35:25.226+0000] {logging_mixin.py:188} INFO - [2026-06-01T11:35:25.226+0000] {dagbag.py:540} INFO - Filling up the DagBag from /home/airflow/.local/lib/python3.12/site-packages/airflow/example_dags/example_bash_decorator.py
[2026-06-01T11:35:25.237+0000] {processor.py:840} INFO - DAG(s) 'example_bash_decorator' retrieved from /home/airflow/.local/lib/python3.12/site-packages/airflow/example_dags/example_bash_decorator.py
[2026-06-01T11:35:25.254+0000] {logging_mixin.py:188} INFO - [2026-06-01T11:35:25.254+0000] {dag.py:3096} INFO - Sync 1 DAGs
[2026-06-01T11:35:25.264+0000] {logging_mixin.py:188} INFO - [2026-06-01T11:35:25.264+0000] {dag.py:3954} INFO - Setting next_dagrun for example_bash_decorator to None, run_after=None
[2026-06-01T11:35:25.279+0000] {processor.py:183} INFO - Processing /home/airflow/.local/lib/python3.12/site-packages/airflow/example_dags/example_bash_decorator.py took 0.060 seconds
[2026-06-01T11:35:56.094+0000] {processor.py:161} INFO - Started process (PID=39557) to work on /home/airflow/.local/lib/python3.12/site-packages/airflow/example_dags/example_bash_decorator.py
[2026-06-01T11:35:56.095+0000] {processor.py:830} INFO - Processing file /home/airflow/.local/lib/python3.12/site-packages/airflow/example_dags/example_bash_decorator.py for tasks to queue
[2026-06-01T11:35:56.097+0000] {logging_mixin.py:188} INFO - [2026-06-01T11:35:56.097+0000] {dagbag.py:540} INFO - Filling up the DagBag from /home/airflow/.local/lib/python3.12/site-packages/airflow/example_dags/example_bash_decorator.py
[2026-06-01T11:35:56.110+0000] {processor.py:840} INFO - DAG(s) 'example_bash_decorator' retrieved from /home/airflow/.local/lib/python3.12/site-packages/airflow/example_dags/example_bash_decorator.py
[2026-06-01T11:35:56.127+0000] {logging_mixin.py:188} INFO - [2026-06-01T11:35:56.127+0000] {dag.py:3096} INFO - Sync 1 DAGs
[2026-06-01T11:35:56.137+0000] {logging_mixin.py:188} INFO - [2026-06-01T11:35:56.136+0000] {dag.py:3954} INFO - Setting next_dagrun for example_bash_decorator to None, run_after=None
[2026-06-01T11:35:56.153+0000] {processor.py:183} INFO - Processing /home/airflow/.local/lib/python3.12/site-packages/airflow/example_dags/example_bash_decorator.py took 0.064 seconds
[2026-06-01T11:36:26.828+0000] {processor.py:161} INFO - Started process (PID=39616) to work on /home/airflow/.local/lib/python3.12/site-packages/airflow/example_dags/example_bash_decorator.py
[2026-06-01T11:36:26.829+0000] {processor.py:830} INFO - Processing file /home/airflow/.local/lib/python3.12/site-packages/airflow/example_dags/example_bash_decorator.py for tasks to queue
[2026-06-01T11:36:26.831+0000] {logging_mixin.py:188} INFO - [2026-06-01T11:36:26.831+0000] {dagbag.py:540} INFO - Filling up the DagBag from /home/airflow/.local/lib/python3.12/site-packages/airflow/example_dags/example_bash_decorator.py
[2026-06-01T11:36:26.842+0000] {processor.py:840} INFO - DAG(s) 'example_bash_decorator' retrieved from /home/airflow/.local/lib/python3.12/site-packages/airflow/example_dags/example_bash_decorator.py
[2026-06-01T11:36:26.861+0000] {logging_mixin.py:188} INFO - [2026-06-01T11:36:26.861+0000] {dag.py:3096} INFO - Sync 1 DAGs
[2026-06-01T11:36:26.872+0000] {logging_mixin.py:188} INFO - [2026-06-01T11:36:26.871+0000] {dag.py:3954} INFO - Setting next_dagrun for example_bash_decorator to None, run_after=None
[2026-06-01T11:36:26.890+0000] {processor.py:183} INFO - Processing /home/airflow/.local/lib/python3.12/site-packages/airflow/example_dags/example_bash_decorator.py took 0.068 seconds
[2026-06-01T11:36:57.791+0000] {processor.py:161} INFO - Started process (PID=39675) to work on /home/airflow/.local/lib/python3.12/site-packages/airflow/example_dags/example_bash_decorator.py
[2026-06-01T11:36:57.792+0000] {processor.py:830} INFO - Processing file /home/airflow/.local/lib/python3.12/site-packages/airflow/example_dags/example_bash_decorator.py for tasks to queue
[2026-06-01T11:36:57.794+0000] {logging_mixin.py:188} INFO - [2026-06-01T11:36:57.794+0000] {dagbag.py:540} INFO - Filling up the DagBag from /home/airflow/.local/lib/python3.12/site-packages/airflow/example_dags/example_bash_decorator.py
[2026-06-01T11:36:57.805+0000] {processor.py:840} INFO - DAG(s) 'example_bash_decorator' retrieved from /home/airflow/.local/lib/python3.12/site-packages/airflow/example_dags/example_bash_decorator.py
[2026-06-01T11:36:57.825+0000] {logging_mixin.py:188} INFO - [2026-06-01T11:36:57.825+0000] {dag.py:3096} INFO - Sync 1 DAGs
[2026-06-01T11:36:57.835+0000] {logging_mixin.py:188} INFO - [2026-06-01T11:36:57.835+0000] {dag.py:3954} INFO - Setting next_dagrun for example_bash_decorator to None, run_after=None
[2026-06-01T11:36:57.852+0000] {processor.py:183} INFO - Processing /home/airflow/.local/lib/python3.12/site-packages/airflow/example_dags/example_bash_decorator.py took 0.067 seconds
[2026-06-01T11:37:28.432+0000] {processor.py:161} INFO - Started process (PID=39734) to work on /home/airflow/.local/lib/python3.12/site-packages/airflow/example_dags/example_bash_decorator.py
[2026-06-01T11:37:28.433+0000] {processor.py:830} INFO - Processing file /home/airflow/.local/lib/python3.12/site-packages/airflow/example_dags/example_bash_decorator.py for tasks to queue
[2026-06-01T11:37:28.435+0000] {logging_mixin.py:188} INFO - [2026-06-01T11:37:28.435+0000] {dagbag.py:540} INFO - Filling up the DagBag from /home/airflow/.local/lib/python3.12/site-packages/airflow/example_dags/example_bash_decorator.py
[2026-06-01T11:37:28.445+0000] {processor.py:840} INFO - DAG(s) 'example_bash_decorator' retrieved from /home/airflow/.local/lib/python3.12/site-packages/airflow/example_dags/example_bash_decorator.py
[2026-06-01T11:37:28.464+0000] {logging_mixin.py:188} INFO - [2026-06-01T11:37:28.464+0000] {dag.py:3096} INFO - Sync 1 DAGs
[2026-06-01T11:37:28.473+0000] {logging_mixin.py:188} INFO - [2026-06-01T11:37:28.473+0000] {dag.py:3954} INFO - Setting next_dagrun for example_bash_decorator to None, run_after=None
[2026-06-01T11:37:28.489+0000] {processor.py:183} INFO - Processing /home/airflow/.local/lib/python3.12/site-packages/airflow/example_dags/example_bash_decorator.py took 0.062 seconds
[2026-06-01T11:37:59.352+0000] {processor.py:161} INFO - Started process (PID=39793) to work on /home/airflow/.local/lib/python3.12/site-packages/airflow/example_dags/example_bash_decorator.py
[2026-06-01T11:37:59.353+0000] {processor.py:830} INFO - Processing file /home/airflow/.local/lib/python3.12/site-packages/airflow/example_dags/example_bash_decorator.py for tasks to queue
[2026-06-01T11:37:59.355+0000] {logging_mixin.py:188} INFO - [2026-06-01T11:37:59.355+0000] {dagbag.py:540} INFO - Filling up the DagBag from /home/airflow/.local/lib/python3.12/site-packages/airflow/example_dags/example_bash_decorator.py
[2026-06-01T11:37:59.366+0000] {processor.py:840} INFO - DAG(s) 'example_bash_decorator' retrieved from /home/airflow/.local/lib/python3.12/site-packages/airflow/example_dags/example_bash_decorator.py
[2026-06-01T11:37:59.385+0000] {logging_mixin.py:188} INFO - [2026-06-01T11:37:59.385+0000] {dag.py:3096} INFO - Sync 1 DAGs
[2026-06-01T11:37:59.395+0000] {logging_mixin.py:188} INFO - [2026-06-01T11:37:59.395+0000] {dag.py:3954} INFO - Setting next_dagrun for example_bash_decorator to None, run_after=None
[2026-06-01T11:37:59.413+0000] {processor.py:183} INFO - Processing /home/airflow/.local/lib/python3.12/site-packages/airflow/example_dags/example_bash_decorator.py took 0.066 seconds
[2026-06-01T11:38:30.002+0000] {processor.py:161} INFO - Started process (PID=39852) to work on /home/airflow/.local/lib/python3.12/site-packages/airflow/example_dags/example_bash_decorator.py
[2026-06-01T11:38:30.003+0000] {processor.py:830} INFO - Processing file /home/airflow/.local/lib/python3.12/site-packages/airflow/example_dags/example_bash_decorator.py for tasks to queue
[2026-06-01T11:38:30.005+0000] {logging_mixin.py:188} INFO - [2026-06-01T11:38:30.005+0000] {dagbag.py:540} INFO - Filling up the DagBag from /home/airflow/.local/lib/python3.12/site-packages/airflow/example_dags/example_bash_decorator.py
[2026-06-01T11:38:30.015+0000] {processor.py:840} INFO - DAG(s) 'example_bash_decorator' retrieved from /home/airflow/.local/lib/python3.12/site-packages/airflow/example_dags/example_bash_decorator.py
[2026-06-01T11:38:30.034+0000] {logging_mixin.py:188} INFO - [2026-06-01T11:38:30.033+0000] {dag.py:3096} INFO - Sync 1 DAGs
[2026-06-01T11:38:30.044+0000] {logging_mixin.py:188} INFO - [2026-06-01T11:38:30.043+0000] {dag.py:3954} INFO - Setting next_dagrun for example_bash_decorator to None, run_after=None
[2026-06-01T11:38:30.059+0000] {processor.py:183} INFO - Processing /home/airflow/.local/lib/python3.12/site-packages/airflow/example_dags/example_bash_decorator.py took 0.062 seconds
[2026-06-01T11:39:00.980+0000] {processor.py:161} INFO - Started process (PID=39911) to work on /home/airflow/.local/lib/python3.12/site-packages/airflow/example_dags/example_bash_decorator.py
[2026-06-01T11:39:00.982+0000] {processor.py:830} INFO - Processing file /home/airflow/.local/lib/python3.12/site-packages/airflow/example_dags/example_bash_decorator.py for tasks to queue
[2026-06-01T11:39:00.984+0000] {logging_mixin.py:188} INFO - [2026-06-01T11:39:00.983+0000] {dagbag.py:540} INFO - Filling up the DagBag from /home/airflow/.local/lib/python3.12/site-packages/airflow/example_dags/example_bash_decorator.py
[2026-06-01T11:39:00.995+0000] {processor.py:840} INFO - DAG(s) 'example_bash_decorator' retrieved from /home/airflow/.local/lib/python3.12/site-packages/airflow/example_dags/example_bash_decorator.py
[2026-06-01T11:39:01.014+0000] {logging_mixin.py:188} INFO - [2026-06-01T11:39:01.013+0000] {dag.py:3096} INFO - Sync 1 DAGs
[2026-06-01T11:39:01.025+0000] {logging_mixin.py:188} INFO - [2026-06-01T11:39:01.024+0000] {dag.py:3954} INFO - Setting next_dagrun for example_bash_decorator to None, run_after=None
[2026-06-01T11:39:01.040+0000] {processor.py:183} INFO - Processing /home/airflow/.local/lib/python3.12/site-packages/airflow/example_dags/example_bash_decorator.py took 0.065 seconds
[2026-06-01T11:39:31.888+0000] {processor.py:161} INFO - Started process (PID=39970) to work on /home/airflow/.local/lib/python3.12/site-packages/airflow/example_dags/example_bash_decorator.py
[2026-06-01T11:39:31.889+0000] {processor.py:830} INFO - Processing file /home/airflow/.local/lib/python3.12/site-packages/airflow/example_dags/example_bash_decorator.py for tasks to queue
[2026-06-01T11:39:31.890+0000] {logging_mixin.py:188} INFO - [2026-06-01T11:39:31.890+0000] {dagbag.py:540} INFO - Filling up the DagBag from /home/airflow/.local/lib/python3.12/site-packages/airflow/example_dags/example_bash_decorator.py
[2026-06-01T11:39:31.901+0000] {processor.py:840} INFO - DAG(s) 'example_bash_decorator' retrieved from /home/airflow/.local/lib/python3.12/site-packages/airflow/example_dags/example_bash_decorator.py
[2026-06-01T11:39:31.919+0000] {logging_mixin.py:188} INFO - [2026-06-01T11:39:31.919+0000] {dag.py:3096} INFO - Sync 1 DAGs
[2026-06-01T11:39:31.929+0000] {logging_mixin.py:188} INFO - [2026-06-01T11:39:31.929+0000] {dag.py:3954} INFO - Setting next_dagrun for example_bash_decorator to None, run_after=None
[2026-06-01T11:39:31.944+0000] {processor.py:183} INFO - Processing /home/airflow/.local/lib/python3.12/site-packages/airflow/example_dags/example_bash_decorator.py took 0.062 seconds
[2026-06-01T11:40:02.046+0000] {processor.py:161} INFO - Started process (PID=40029) to work on /home/airflow/.local/lib/python3.12/site-packages/airflow/example_dags/example_bash_decorator.py
[2026-06-01T11:40:02.048+0000] {processor.py:830} INFO - Processing file /home/airflow/.local/lib/python3.12/site-packages/airflow/example_dags/example_bash_decorator.py for tasks to queue
[2026-06-01T11:40:02.049+0000] {logging_mixin.py:188} INFO - [2026-06-01T11:40:02.049+0000] {dagbag.py:540} INFO - Filling up the DagBag from /home/airflow/.local/lib/python3.12/site-packages/airflow/example_dags/example_bash_decorator.py
[2026-06-01T11:40:02.060+0000] {processor.py:840} INFO - DAG(s) 'example_bash_decorator' retrieved from /home/airflow/.local/lib/python3.12/site-packages/airflow/example_dags/example_bash_decorator.py
[2026-06-01T11:40:02.080+0000] {logging_mixin.py:188} INFO - [2026-06-01T11:40:02.080+0000] {dag.py:3096} INFO - Sync 1 DAGs
[2026-06-01T11:40:02.091+0000] {logging_mixin.py:188} INFO - [2026-06-01T11:40:02.091+0000] {dag.py:3954} INFO - Setting next_dagrun for example_bash_decorator to None, run_after=None
[2026-06-01T11:40:02.108+0000] {processor.py:183} INFO - Processing /home/airflow/.local/lib/python3.12/site-packages/airflow/example_dags/example_bash_decorator.py took 0.067 seconds
[2026-06-01T11:40:32.208+0000] {processor.py:161} INFO - Started process (PID=40088) to work on /home/airflow/.local/lib/python3.12/site-packages/airflow/example_dags/example_bash_decorator.py
[2026-06-01T11:40:32.209+0000] {processor.py:830} INFO - Processing file /home/airflow/.local/lib/python3.12/site-packages/airflow/example_dags/example_bash_decorator.py for tasks to queue
[2026-06-01T11:40:32.210+0000] {logging_mixin.py:188} INFO - [2026-06-01T11:40:32.210+0000] {dagbag.py:540} INFO - Filling up the DagBag from /home/airflow/.local/lib/python3.12/site-packages/airflow/example_dags/example_bash_decorator.py
[2026-06-01T11:40:32.221+0000] {processor.py:840} INFO - DAG(s) 'example_bash_decorator' retrieved from /home/airflow/.local/lib/python3.12/site-packages/airflow/example_dags/example_bash_decorator.py
[2026-06-01T11:40:32.239+0000] {logging_mixin.py:188} INFO - [2026-06-01T11:40:32.238+0000] {dag.py:3096} INFO - Sync 1 DAGs
[2026-06-01T11:40:32.248+0000] {logging_mixin.py:188} INFO - [2026-06-01T11:40:32.248+0000] {dag.py:3954} INFO - Setting next_dagrun for example_bash_decorator to None, run_after=None
[2026-06-01T11:40:32.264+0000] {processor.py:183} INFO - Processing /home/airflow/.local/lib/python3.12/site-packages/airflow/example_dags/example_bash_decorator.py took 0.061 seconds
[2026-06-01T11:41:02.775+0000] {processor.py:161} INFO - Started process (PID=40147) to work on /home/airflow/.local/lib/python3.12/site-packages/airflow/example_dags/example_bash_decorator.py
[2026-06-01T11:41:02.776+0000] {processor.py:830} INFO - Processing file /home/airflow/.local/lib/python3.12/site-packages/airflow/example_dags/example_bash_decorator.py for tasks to queue
[2026-06-01T11:41:02.778+0000] {logging_mixin.py:188} INFO - [2026-06-01T11:41:02.777+0000] {dagbag.py:540} INFO - Filling up the DagBag from /home/airflow/.local/lib/python3.12/site-packages/airflow/example_dags/example_bash_decorator.py
[2026-06-01T11:41:02.790+0000] {processor.py:840} INFO - DAG(s) 'example_bash_decorator' retrieved from /home/airflow/.local/lib/python3.12/site-packages/airflow/example_dags/example_bash_decorator.py
[2026-06-01T11:41:02.810+0000] {logging_mixin.py:188} INFO - [2026-06-01T11:41:02.810+0000] {dag.py:3096} INFO - Sync 1 DAGs
[2026-06-01T11:41:02.821+0000] {logging_mixin.py:188} INFO - [2026-06-01T11:41:02.821+0000] {dag.py:3954} INFO - Setting next_dagrun for example_bash_decorator to None, run_after=None
[2026-06-01T11:41:02.838+0000] {processor.py:183} INFO - Processing /home/airflow/.local/lib/python3.12/site-packages/airflow/example_dags/example_bash_decorator.py took 0.069 seconds
[2026-06-01T11:41:33.022+0000] {processor.py:161} INFO - Started process (PID=40206) to work on /home/airflow/.local/lib/python3.12/site-packages/airflow/example_dags/example_bash_decorator.py
[2026-06-01T11:41:33.023+0000] {processor.py:830} INFO - Processing file /home/airflow/.local/lib/python3.12/site-packages/airflow/example_dags/example_bash_decorator.py for tasks to queue
[2026-06-01T11:41:33.025+0000] {logging_mixin.py:188} INFO - [2026-06-01T11:41:33.025+0000] {dagbag.py:540} INFO - Filling up the DagBag from /home/airflow/.local/lib/python3.12/site-packages/airflow/example_dags/example_bash_decorator.py
[2026-06-01T11:41:33.036+0000] {processor.py:840} INFO - DAG(s) 'example_bash_decorator' retrieved from /home/airflow/.local/lib/python3.12/site-packages/airflow/example_dags/example_bash_decorator.py
[2026-06-01T11:41:33.056+0000] {logging_mixin.py:188} INFO - [2026-06-01T11:41:33.056+0000] {dag.py:3096} INFO - Sync 1 DAGs
[2026-06-01T11:41:33.065+0000] {logging_mixin.py:188} INFO - [2026-06-01T11:41:33.065+0000] {dag.py:3954} INFO - Setting next_dagrun for example_bash_decorator to None, run_after=None
[2026-06-01T11:41:33.082+0000] {processor.py:183} INFO - Processing /home/airflow/.local/lib/python3.12/site-packages/airflow/example_dags/example_bash_decorator.py took 0.066 seconds
[2026-06-01T11:42:03.622+0000] {processor.py:161} INFO - Started process (PID=40265) to work on /home/airflow/.local/lib/python3.12/site-packages/airflow/example_dags/example_bash_decorator.py
[2026-06-01T11:42:03.623+0000] {processor.py:830} INFO - Processing file /home/airflow/.local/lib/python3.12/site-packages/airflow/example_dags/example_bash_decorator.py for tasks to queue
[2026-06-01T11:42:03.624+0000] {logging_mixin.py:188} INFO - [2026-06-01T11:42:03.624+0000] {dagbag.py:540} INFO - Filling up the DagBag from /home/airflow/.local/lib/python3.12/site-packages/airflow/example_dags/example_bash_decorator.py
[2026-06-01T11:42:03.635+0000] {processor.py:840} INFO - DAG(s) 'example_bash_decorator' retrieved from /home/airflow/.local/lib/python3.12/site-packages/airflow/example_dags/example_bash_decorator.py
[2026-06-01T11:42:03.657+0000] {logging_mixin.py:188} INFO - [2026-06-01T11:42:03.657+0000] {dag.py:3096} INFO - Sync 1 DAGs
[2026-06-01T11:42:03.668+0000] {logging_mixin.py:188} INFO - [2026-06-01T11:42:03.668+0000] {dag.py:3954} INFO - Setting next_dagrun for example_bash_decorator to None, run_after=None
[2026-06-01T11:42:03.688+0000] {processor.py:183} INFO - Processing /home/airflow/.local/lib/python3.12/site-packages/airflow/example_dags/example_bash_decorator.py took 0.071 seconds
[2026-06-01T11:42:34.062+0000] {processor.py:161} INFO - Started process (PID=40324) to work on /home/airflow/.local/lib/python3.12/site-packages/airflow/example_dags/example_bash_decorator.py
[2026-06-01T11:42:34.063+0000] {processor.py:830} INFO - Processing file /home/airflow/.local/lib/python3.12/site-packages/airflow/example_dags/example_bash_decorator.py for tasks to queue
[2026-06-01T11:42:34.065+0000] {logging_mixin.py:188} INFO - [2026-06-01T11:42:34.065+0000] {dagbag.py:540} INFO - Filling up the DagBag from /home/airflow/.local/lib/python3.12/site-packages/airflow/example_dags/example_bash_decorator.py
[2026-06-01T11:42:34.076+0000] {processor.py:840} INFO - DAG(s) 'example_bash_decorator' retrieved from /home/airflow/.local/lib/python3.12/site-packages/airflow/example_dags/example_bash_decorator.py
[2026-06-01T11:42:34.100+0000] {logging_mixin.py:188} INFO - [2026-06-01T11:42:34.100+0000] {dag.py:3096} INFO - Sync 1 DAGs
[2026-06-01T11:42:34.111+0000] {logging_mixin.py:188} INFO - [2026-06-01T11:42:34.110+0000] {dag.py:3954} INFO - Setting next_dagrun for example_bash_decorator to None, run_after=None
[2026-06-01T11:42:34.126+0000] {processor.py:183} INFO - Processing /home/airflow/.local/lib/python3.12/site-packages/airflow/example_dags/example_bash_decorator.py took 0.069 seconds
[2026-06-01T11:43:04.320+0000] {processor.py:161} INFO - Started process (PID=40383) to work on /home/airflow/.local/lib/python3.12/site-packages/airflow/example_dags/example_bash_decorator.py
[2026-06-01T11:43:04.321+0000] {processor.py:830} INFO - Processing file /home/airflow/.local/lib/python3.12/site-packages/airflow/example_dags/example_bash_decorator.py for tasks to queue
[2026-06-01T11:43:04.323+0000] {logging_mixin.py:188} INFO - [2026-06-01T11:43:04.322+0000] {dagbag.py:540} INFO - Filling up the DagBag from /home/airflow/.local/lib/python3.12/site-packages/airflow/example_dags/example_bash_decorator.py
[2026-06-01T11:43:04.336+0000] {processor.py:840} INFO - DAG(s) 'example_bash_decorator' retrieved from /home/airflow/.local/lib/python3.12/site-packages/airflow/example_dags/example_bash_decorator.py
[2026-06-01T11:43:04.354+0000] {logging_mixin.py:188} INFO - [2026-06-01T11:43:04.354+0000] {dag.py:3096} INFO - Sync 1 DAGs
[2026-06-01T11:43:04.363+0000] {logging_mixin.py:188} INFO - [2026-06-01T11:43:04.363+0000] {dag.py:3954} INFO - Setting next_dagrun for example_bash_decorator to None, run_after=None
[2026-06-01T11:43:04.378+0000] {processor.py:183} INFO - Processing /home/airflow/.local/lib/python3.12/site-packages/airflow/example_dags/example_bash_decorator.py took 0.063 seconds
[2026-06-01T11:43:34.508+0000] {processor.py:161} INFO - Started process (PID=40441) to work on /home/airflow/.local/lib/python3.12/site-packages/airflow/example_dags/example_bash_decorator.py
[2026-06-01T11:43:34.510+0000] {processor.py:830} INFO - Processing file /home/airflow/.local/lib/python3.12/site-packages/airflow/example_dags/example_bash_decorator.py for tasks to queue
[2026-06-01T11:43:34.512+0000] {logging_mixin.py:188} INFO - [2026-06-01T11:43:34.511+0000] {dagbag.py:540} INFO - Filling up the DagBag from /home/airflow/.local/lib/python3.12/site-packages/airflow/example_dags/example_bash_decorator.py
[2026-06-01T11:43:34.527+0000] {processor.py:840} INFO - DAG(s) 'example_bash_decorator' retrieved from /home/airflow/.local/lib/python3.12/site-packages/airflow/example_dags/example_bash_decorator.py
[2026-06-01T11:43:34.550+0000] {logging_mixin.py:188} INFO - [2026-06-01T11:43:34.550+0000] {dag.py:3096} INFO - Sync 1 DAGs
[2026-06-01T11:43:34.561+0000] {logging_mixin.py:188} INFO - [2026-06-01T11:43:34.561+0000] {dag.py:3954} INFO - Setting next_dagrun for example_bash_decorator to None, run_after=None
[2026-06-01T11:43:34.582+0000] {processor.py:183} INFO - Processing /home/airflow/.local/lib/python3.12/site-packages/airflow/example_dags/example_bash_decorator.py took 0.080 seconds
[2026-06-01T11:44:04.906+0000] {processor.py:161} INFO - Started process (PID=40500) to work on /home/airflow/.local/lib/python3.12/site-packages/airflow/example_dags/example_bash_decorator.py
[2026-06-01T11:44:04.907+0000] {processor.py:830} INFO - Processing file /home/airflow/.local/lib/python3.12/site-packages/airflow/example_dags/example_bash_decorator.py for tasks to queue
[2026-06-01T11:44:04.909+0000] {logging_mixin.py:188} INFO - [2026-06-01T11:44:04.909+0000] {dagbag.py:540} INFO - Filling up the DagBag from /home/airflow/.local/lib/python3.12/site-packages/airflow/example_dags/example_bash_decorator.py
[2026-06-01T11:44:04.925+0000] {processor.py:840} INFO - DAG(s) 'example_bash_decorator' retrieved from /home/airflow/.local/lib/python3.12/site-packages/airflow/example_dags/example_bash_decorator.py
[2026-06-01T11:44:04.948+0000] {logging_mixin.py:188} INFO - [2026-06-01T11:44:04.948+0000] {dag.py:3096} INFO - Sync 1 DAGs
[2026-06-01T11:44:04.964+0000] {logging_mixin.py:188} INFO - [2026-06-01T11:44:04.964+0000] {dag.py:3954} INFO - Setting next_dagrun for example_bash_decorator to None, run_after=None
[2026-06-01T11:44:04.982+0000] {processor.py:183} INFO - Processing /home/airflow/.local/lib/python3.12/site-packages/airflow/example_dags/example_bash_decorator.py took 0.083 seconds
[2026-06-01T11:44:35.039+0000] {processor.py:161} INFO - Started process (PID=40559) to work on /home/airflow/.local/lib/python3.12/site-packages/airflow/example_dags/example_bash_decorator.py
[2026-06-01T11:44:35.040+0000] {processor.py:830} INFO - Processing file /home/airflow/.local/lib/python3.12/site-packages/airflow/example_dags/example_bash_decorator.py for tasks to queue
[2026-06-01T11:44:35.043+0000] {logging_mixin.py:188} INFO - [2026-06-01T11:44:35.043+0000] {dagbag.py:540} INFO - Filling up the DagBag from /home/airflow/.local/lib/python3.12/site-packages/airflow/example_dags/example_bash_decorator.py
[2026-06-01T11:44:35.057+0000] {processor.py:840} INFO - DAG(s) 'example_bash_decorator' retrieved from /home/airflow/.local/lib/python3.12/site-packages/airflow/example_dags/example_bash_decorator.py
[2026-06-01T11:44:35.078+0000] {logging_mixin.py:188} INFO - [2026-06-01T11:44:35.077+0000] {dag.py:3096} INFO - Sync 1 DAGs
[2026-06-01T11:44:35.088+0000] {logging_mixin.py:188} INFO - [2026-06-01T11:44:35.088+0000] {dag.py:3954} INFO - Setting next_dagrun for example_bash_decorator to None, run_after=None
[2026-06-01T11:44:35.104+0000] {processor.py:183} INFO - Processing /home/airflow/.local/lib/python3.12/site-packages/airflow/example_dags/example_bash_decorator.py took 0.072 seconds
[2026-06-01T11:45:05.256+0000] {processor.py:161} INFO - Started process (PID=40618) to work on /home/airflow/.local/lib/python3.12/site-packages/airflow/example_dags/example_bash_decorator.py
[2026-06-01T11:45:05.258+0000] {processor.py:830} INFO - Processing file /home/airflow/.local/lib/python3.12/site-packages/airflow/example_dags/example_bash_decorator.py for tasks to queue
[2026-06-01T11:45:05.260+0000] {logging_mixin.py:188} INFO - [2026-06-01T11:45:05.260+0000] {dagbag.py:540} INFO - Filling up the DagBag from /home/airflow/.local/lib/python3.12/site-packages/airflow/example_dags/example_bash_decorator.py
[2026-06-01T11:45:05.273+0000] {processor.py:840} INFO - DAG(s) 'example_bash_decorator' retrieved from /home/airflow/.local/lib/python3.12/site-packages/airflow/example_dags/example_bash_decorator.py
[2026-06-01T11:45:05.297+0000] {logging_mixin.py:188} INFO - [2026-06-01T11:45:05.297+0000] {dag.py:3096} INFO - Sync 1 DAGs
[2026-06-01T11:45:05.309+0000] {logging_mixin.py:188} INFO - [2026-06-01T11:45:05.309+0000] {dag.py:3954} INFO - Setting next_dagrun for example_bash_decorator to None, run_after=None
[2026-06-01T11:45:05.334+0000] {processor.py:183} INFO - Processing /home/airflow/.local/lib/python3.12/site-packages/airflow/example_dags/example_bash_decorator.py took 0.085 seconds
[2026-06-01T11:45:35.753+0000] {processor.py:161} INFO - Started process (PID=40678) to work on /home/airflow/.local/lib/python3.12/site-packages/airflow/example_dags/example_bash_decorator.py
[2026-06-01T11:45:35.754+0000] {processor.py:830} INFO - Processing file /home/airflow/.local/lib/python3.12/site-packages/airflow/example_dags/example_bash_decorator.py for tasks to queue
[2026-06-01T11:45:35.755+0000] {logging_mixin.py:188} INFO - [2026-06-01T11:45:35.755+0000] {dagbag.py:540} INFO - Filling up the DagBag from /home/airflow/.local/lib/python3.12/site-packages/airflow/example_dags/example_bash_decorator.py
[2026-06-01T11:45:35.765+0000] {processor.py:840} INFO - DAG(s) 'example_bash_decorator' retrieved from /home/airflow/.local/lib/python3.12/site-packages/airflow/example_dags/example_bash_decorator.py
[2026-06-01T11:45:35.784+0000] {logging_mixin.py:188} INFO - [2026-06-01T11:45:35.784+0000] {dag.py:3096} INFO - Sync 1 DAGs
[2026-06-01T11:45:35.795+0000] {logging_mixin.py:188} INFO - [2026-06-01T11:45:35.794+0000] {dag.py:3954} INFO - Setting next_dagrun for example_bash_decorator to None, run_after=None
[2026-06-01T11:45:35.812+0000] {processor.py:183} INFO - Processing /home/airflow/.local/lib/python3.12/site-packages/airflow/example_dags/example_bash_decorator.py took 0.063 seconds
[2026-06-01T11:46:05.850+0000] {processor.py:161} INFO - Started process (PID=40735) to work on /home/airflow/.local/lib/python3.12/site-packages/airflow/example_dags/example_bash_decorator.py
[2026-06-01T11:46:05.852+0000] {processor.py:830} INFO - Processing file /home/airflow/.local/lib/python3.12/site-packages/airflow/example_dags/example_bash_decorator.py for tasks to queue
[2026-06-01T11:46:05.853+0000] {logging_mixin.py:188} INFO - [2026-06-01T11:46:05.853+0000] {dagbag.py:540} INFO - Filling up the DagBag from /home/airflow/.local/lib/python3.12/site-packages/airflow/example_dags/example_bash_decorator.py
[2026-06-01T11:46:05.864+0000] {processor.py:840} INFO - DAG(s) 'example_bash_decorator' retrieved from /home/airflow/.local/lib/python3.12/site-packages/airflow/example_dags/example_bash_decorator.py
[2026-06-01T11:46:05.890+0000] {logging_mixin.py:188} INFO - [2026-06-01T11:46:05.890+0000] {dag.py:3096} INFO - Sync 1 DAGs
[2026-06-01T11:46:05.904+0000] {logging_mixin.py:188} INFO - [2026-06-01T11:46:05.904+0000] {dag.py:3954} INFO - Setting next_dagrun for example_bash_decorator to None, run_after=None
[2026-06-01T11:46:05.923+0000] {processor.py:183} INFO - Processing /home/airflow/.local/lib/python3.12/site-packages/airflow/example_dags/example_bash_decorator.py took 0.078 seconds
[2026-06-01T11:46:36.136+0000] {processor.py:161} INFO - Started process (PID=40795) to work on /home/airflow/.local/lib/python3.12/site-packages/airflow/example_dags/example_bash_decorator.py
[2026-06-01T11:46:36.138+0000] {processor.py:830} INFO - Processing file /home/airflow/.local/lib/python3.12/site-packages/airflow/example_dags/example_bash_decorator.py for tasks to queue
[2026-06-01T11:46:36.141+0000] {logging_mixin.py:188} INFO - [2026-06-01T11:46:36.141+0000] {dagbag.py:540} INFO - Filling up the DagBag from /home/airflow/.local/lib/python3.12/site-packages/airflow/example_dags/example_bash_decorator.py
[2026-06-01T11:46:36.154+0000] {processor.py:840} INFO - DAG(s) 'example_bash_decorator' retrieved from /home/airflow/.local/lib/python3.12/site-packages/airflow/example_dags/example_bash_decorator.py
[2026-06-01T11:46:36.174+0000] {logging_mixin.py:188} INFO - [2026-06-01T11:46:36.174+0000] {dag.py:3096} INFO - Sync 1 DAGs
[2026-06-01T11:46:36.186+0000] {logging_mixin.py:188} INFO - [2026-06-01T11:46:36.185+0000] {dag.py:3954} INFO - Setting next_dagrun for example_bash_decorator to None, run_after=None
[2026-06-01T11:46:36.204+0000] {processor.py:183} INFO - Processing /home/airflow/.local/lib/python3.12/site-packages/airflow/example_dags/example_bash_decorator.py took 0.074 seconds
[2026-06-01T11:47:06.300+0000] {processor.py:161} INFO - Started process (PID=40854) to work on /home/airflow/.local/lib/python3.12/site-packages/airflow/example_dags/example_bash_decorator.py
[2026-06-01T11:47:06.302+0000] {processor.py:830} INFO - Processing file /home/airflow/.local/lib/python3.12/site-packages/airflow/example_dags/example_bash_decorator.py for tasks to queue
[2026-06-01T11:47:06.304+0000] {logging_mixin.py:188} INFO - [2026-06-01T11:47:06.304+0000] {dagbag.py:540} INFO - Filling up the DagBag from /home/airflow/.local/lib/python3.12/site-packages/airflow/example_dags/example_bash_decorator.py
[2026-06-01T11:47:06.316+0000] {processor.py:840} INFO - DAG(s) 'example_bash_decorator' retrieved from /home/airflow/.local/lib/python3.12/site-packages/airflow/example_dags/example_bash_decorator.py
[2026-06-01T11:47:06.336+0000] {logging_mixin.py:188} INFO - [2026-06-01T11:47:06.336+0000] {dag.py:3096} INFO - Sync 1 DAGs
[2026-06-01T11:47:06.348+0000] {logging_mixin.py:188} INFO - [2026-06-01T11:47:06.347+0000] {dag.py:3954} INFO - Setting next_dagrun for example_bash_decorator to None, run_after=None
[2026-06-01T11:47:06.365+0000] {processor.py:183} INFO - Processing /home/airflow/.local/lib/python3.12/site-packages/airflow/example_dags/example_bash_decorator.py took 0.070 seconds
[2026-06-01T11:47:37.482+0000] {processor.py:161} INFO - Started process (PID=40914) to work on /home/airflow/.local/lib/python3.12/site-packages/airflow/example_dags/example_bash_decorator.py
[2026-06-01T11:47:37.483+0000] {processor.py:830} INFO - Processing file /home/airflow/.local/lib/python3.12/site-packages/airflow/example_dags/example_bash_decorator.py for tasks to queue
[2026-06-01T11:47:37.485+0000] {logging_mixin.py:188} INFO - [2026-06-01T11:47:37.485+0000] {dagbag.py:540} INFO - Filling up the DagBag from /home/airflow/.local/lib/python3.12/site-packages/airflow/example_dags/example_bash_decorator.py
[2026-06-01T11:47:37.503+0000] {processor.py:840} INFO - DAG(s) 'example_bash_decorator' retrieved from /home/airflow/.local/lib/python3.12/site-packages/airflow/example_dags/example_bash_decorator.py
[2026-06-01T11:47:37.524+0000] {logging_mixin.py:188} INFO - [2026-06-01T11:47:37.523+0000] {dag.py:3096} INFO - Sync 1 DAGs
[2026-06-01T11:47:37.535+0000] {logging_mixin.py:188} INFO - [2026-06-01T11:47:37.535+0000] {dag.py:3954} INFO - Setting next_dagrun for example_bash_decorator to None, run_after=None
[2026-06-01T11:47:37.552+0000] {processor.py:183} INFO - Processing /home/airflow/.local/lib/python3.12/site-packages/airflow/example_dags/example_bash_decorator.py took 0.075 seconds
[2026-06-01T11:48:07.855+0000] {processor.py:161} INFO - Started process (PID=40973) to work on /home/airflow/.local/lib/python3.12/site-packages/airflow/example_dags/example_bash_decorator.py
[2026-06-01T11:48:07.856+0000] {processor.py:830} INFO - Processing file /home/airflow/.local/lib/python3.12/site-packages/airflow/example_dags/example_bash_decorator.py for tasks to queue
[2026-06-01T11:48:07.858+0000] {logging_mixin.py:188} INFO - [2026-06-01T11:48:07.858+0000] {dagbag.py:540} INFO - Filling up the DagBag from /home/airflow/.local/lib/python3.12/site-packages/airflow/example_dags/example_bash_decorator.py
[2026-06-01T11:48:07.869+0000] {processor.py:840} INFO - DAG(s) 'example_bash_decorator' retrieved from /home/airflow/.local/lib/python3.12/site-packages/airflow/example_dags/example_bash_decorator.py
[2026-06-01T11:48:07.888+0000] {logging_mixin.py:188} INFO - [2026-06-01T11:48:07.888+0000] {dag.py:3096} INFO - Sync 1 DAGs
[2026-06-01T11:48:07.901+0000] {logging_mixin.py:188} INFO - [2026-06-01T11:48:07.901+0000] {dag.py:3954} INFO - Setting next_dagrun for example_bash_decorator to None, run_after=None
[2026-06-01T11:48:07.919+0000] {processor.py:183} INFO - Processing /home/airflow/.local/lib/python3.12/site-packages/airflow/example_dags/example_bash_decorator.py took 0.070 seconds
[2026-06-01T11:48:38.014+0000] {processor.py:161} INFO - Started process (PID=41032) to work on /home/airflow/.local/lib/python3.12/site-packages/airflow/example_dags/example_bash_decorator.py
[2026-06-01T11:48:38.015+0000] {processor.py:830} INFO - Processing file /home/airflow/.local/lib/python3.12/site-packages/airflow/example_dags/example_bash_decorator.py for tasks to queue
[2026-06-01T11:48:38.017+0000] {logging_mixin.py:188} INFO - [2026-06-01T11:48:38.017+0000] {dagbag.py:540} INFO - Filling up the DagBag from /home/airflow/.local/lib/python3.12/site-packages/airflow/example_dags/example_bash_decorator.py
[2026-06-01T11:48:38.030+0000] {processor.py:840} INFO - DAG(s) 'example_bash_decorator' retrieved from /home/airflow/.local/lib/python3.12/site-packages/airflow/example_dags/example_bash_decorator.py
[2026-06-01T11:48:38.051+0000] {logging_mixin.py:188} INFO - [2026-06-01T11:48:38.051+0000] {dag.py:3096} INFO - Sync 1 DAGs
[2026-06-01T11:48:38.062+0000] {logging_mixin.py:188} INFO - [2026-06-01T11:48:38.061+0000] {dag.py:3954} INFO - Setting next_dagrun for example_bash_decorator to None, run_after=None
[2026-06-01T11:48:38.078+0000] {processor.py:183} INFO - Processing /home/airflow/.local/lib/python3.12/site-packages/airflow/example_dags/example_bash_decorator.py took 0.069 seconds
[2026-06-01T11:49:08.380+0000] {processor.py:161} INFO - Started process (PID=41091) to work on /home/airflow/.local/lib/python3.12/site-packages/airflow/example_dags/example_bash_decorator.py
[2026-06-01T11:49:08.381+0000] {processor.py:830} INFO - Processing file /home/airflow/.local/lib/python3.12/site-packages/airflow/example_dags/example_bash_decorator.py for tasks to queue
[2026-06-01T11:49:08.382+0000] {logging_mixin.py:188} INFO - [2026-06-01T11:49:08.382+0000] {dagbag.py:540} INFO - Filling up the DagBag from /home/airflow/.local/lib/python3.12/site-packages/airflow/example_dags/example_bash_decorator.py
[2026-06-01T11:49:08.393+0000] {processor.py:840} INFO - DAG(s) 'example_bash_decorator' retrieved from /home/airflow/.local/lib/python3.12/site-packages/airflow/example_dags/example_bash_decorator.py
[2026-06-01T11:49:08.411+0000] {logging_mixin.py:188} INFO - [2026-06-01T11:49:08.411+0000] {dag.py:3096} INFO - Sync 1 DAGs
[2026-06-01T11:49:08.422+0000] {logging_mixin.py:188} INFO - [2026-06-01T11:49:08.421+0000] {dag.py:3954} INFO - Setting next_dagrun for example_bash_decorator to None, run_after=None
[2026-06-01T11:49:08.439+0000] {processor.py:183} INFO - Processing /home/airflow/.local/lib/python3.12/site-packages/airflow/example_dags/example_bash_decorator.py took 0.064 seconds
[2026-06-01T11:49:38.515+0000] {processor.py:161} INFO - Started process (PID=41150) to work on /home/airflow/.local/lib/python3.12/site-packages/airflow/example_dags/example_bash_decorator.py
[2026-06-01T11:49:38.517+0000] {processor.py:830} INFO - Processing file /home/airflow/.local/lib/python3.12/site-packages/airflow/example_dags/example_bash_decorator.py for tasks to queue
[2026-06-01T11:49:38.518+0000] {logging_mixin.py:188} INFO - [2026-06-01T11:49:38.518+0000] {dagbag.py:540} INFO - Filling up the DagBag from /home/airflow/.local/lib/python3.12/site-packages/airflow/example_dags/example_bash_decorator.py
[2026-06-01T11:49:38.529+0000] {processor.py:840} INFO - DAG(s) 'example_bash_decorator' retrieved from /home/airflow/.local/lib/python3.12/site-packages/airflow/example_dags/example_bash_decorator.py
[2026-06-01T11:49:38.550+0000] {logging_mixin.py:188} INFO - [2026-06-01T11:49:38.550+0000] {dag.py:3096} INFO - Sync 1 DAGs
[2026-06-01T11:49:38.562+0000] {logging_mixin.py:188} INFO - [2026-06-01T11:49:38.562+0000] {dag.py:3954} INFO - Setting next_dagrun for example_bash_decorator to None, run_after=None
[2026-06-01T11:49:38.581+0000] {processor.py:183} INFO - Processing /home/airflow/.local/lib/python3.12/site-packages/airflow/example_dags/example_bash_decorator.py took 0.070 seconds
[2026-06-01T11:50:08.678+0000] {processor.py:161} INFO - Started process (PID=41209) to work on /home/airflow/.local/lib/python3.12/site-packages/airflow/example_dags/example_bash_decorator.py
[2026-06-01T11:50:08.678+0000] {processor.py:830} INFO - Processing file /home/airflow/.local/lib/python3.12/site-packages/airflow/example_dags/example_bash_decorator.py for tasks to queue
[2026-06-01T11:50:08.680+0000] {logging_mixin.py:188} INFO - [2026-06-01T11:50:08.680+0000] {dagbag.py:540} INFO - Filling up the DagBag from /home/airflow/.local/lib/python3.12/site-packages/airflow/example_dags/example_bash_decorator.py
[2026-06-01T11:50:08.691+0000] {processor.py:840} INFO - DAG(s) 'example_bash_decorator' retrieved from /home/airflow/.local/lib/python3.12/site-packages/airflow/example_dags/example_bash_decorator.py
[2026-06-01T11:50:08.711+0000] {logging_mixin.py:188} INFO - [2026-06-01T11:50:08.711+0000] {dag.py:3096} INFO - Sync 1 DAGs
[2026-06-01T11:50:08.723+0000] {logging_mixin.py:188} INFO - [2026-06-01T11:50:08.722+0000] {dag.py:3954} INFO - Setting next_dagrun for example_bash_decorator to None, run_after=None
[2026-06-01T11:50:08.742+0000] {processor.py:183} INFO - Processing /home/airflow/.local/lib/python3.12/site-packages/airflow/example_dags/example_bash_decorator.py took 0.069 seconds
[2026-06-01T11:50:39.143+0000] {processor.py:161} INFO - Started process (PID=41268) to work on /home/airflow/.local/lib/python3.12/site-packages/airflow/example_dags/example_bash_decorator.py
[2026-06-01T11:50:39.144+0000] {processor.py:830} INFO - Processing file /home/airflow/.local/lib/python3.12/site-packages/airflow/example_dags/example_bash_decorator.py for tasks to queue
[2026-06-01T11:50:39.146+0000] {logging_mixin.py:188} INFO - [2026-06-01T11:50:39.146+0000] {dagbag.py:540} INFO - Filling up the DagBag from /home/airflow/.local/lib/python3.12/site-packages/airflow/example_dags/example_bash_decorator.py
[2026-06-01T11:50:39.162+0000] {processor.py:840} INFO - DAG(s) 'example_bash_decorator' retrieved from /home/airflow/.local/lib/python3.12/site-packages/airflow/example_dags/example_bash_decorator.py
[2026-06-01T11:50:39.182+0000] {logging_mixin.py:188} INFO - [2026-06-01T11:50:39.182+0000] {dag.py:3096} INFO - Sync 1 DAGs
[2026-06-01T11:50:39.192+0000] {logging_mixin.py:188} INFO - [2026-06-01T11:50:39.192+0000] {dag.py:3954} INFO - Setting next_dagrun for example_bash_decorator to None, run_after=None
[2026-06-01T11:50:39.208+0000] {processor.py:183} INFO - Processing /home/airflow/.local/lib/python3.12/site-packages/airflow/example_dags/example_bash_decorator.py took 0.072 seconds
[2026-06-01T11:51:09.913+0000] {processor.py:161} INFO - Started process (PID=41327) to work on /home/airflow/.local/lib/python3.12/site-packages/airflow/example_dags/example_bash_decorator.py
[2026-06-01T11:51:09.914+0000] {processor.py:830} INFO - Processing file /home/airflow/.local/lib/python3.12/site-packages/airflow/example_dags/example_bash_decorator.py for tasks to queue
[2026-06-01T11:51:09.917+0000] {logging_mixin.py:188} INFO - [2026-06-01T11:51:09.916+0000] {dagbag.py:540} INFO - Filling up the DagBag from /home/airflow/.local/lib/python3.12/site-packages/airflow/example_dags/example_bash_decorator.py
[2026-06-01T11:51:09.929+0000] {processor.py:840} INFO - DAG(s) 'example_bash_decorator' retrieved from /home/airflow/.local/lib/python3.12/site-packages/airflow/example_dags/example_bash_decorator.py
[2026-06-01T11:51:09.950+0000] {logging_mixin.py:188} INFO - [2026-06-01T11:51:09.950+0000] {dag.py:3096} INFO - Sync 1 DAGs
[2026-06-01T11:51:09.962+0000] {logging_mixin.py:188} INFO - [2026-06-01T11:51:09.962+0000] {dag.py:3954} INFO - Setting next_dagrun for example_bash_decorator to None, run_after=None
[2026-06-01T11:51:09.981+0000] {processor.py:183} INFO - Processing /home/airflow/.local/lib/python3.12/site-packages/airflow/example_dags/example_bash_decorator.py took 0.074 seconds
[2026-06-01T11:51:40.127+0000] {processor.py:161} INFO - Started process (PID=41386) to work on /home/airflow/.local/lib/python3.12/site-packages/airflow/example_dags/example_bash_decorator.py
[2026-06-01T11:51:40.128+0000] {processor.py:830} INFO - Processing file /home/airflow/.local/lib/python3.12/site-packages/airflow/example_dags/example_bash_decorator.py for tasks to queue
[2026-06-01T11:51:40.130+0000] {logging_mixin.py:188} INFO - [2026-06-01T11:51:40.129+0000] {dagbag.py:540} INFO - Filling up the DagBag from /home/airflow/.local/lib/python3.12/site-packages/airflow/example_dags/example_bash_decorator.py
[2026-06-01T11:51:40.140+0000] {processor.py:840} INFO - DAG(s) 'example_bash_decorator' retrieved from /home/airflow/.local/lib/python3.12/site-packages/airflow/example_dags/example_bash_decorator.py
[2026-06-01T11:51:40.158+0000] {logging_mixin.py:188} INFO - [2026-06-01T11:51:40.158+0000] {dag.py:3096} INFO - Sync 1 DAGs
[2026-06-01T11:51:40.169+0000] {logging_mixin.py:188} INFO - [2026-06-01T11:51:40.169+0000] {dag.py:3954} INFO - Setting next_dagrun for example_bash_decorator to None, run_after=None
[2026-06-01T11:51:40.184+0000] {processor.py:183} INFO - Processing /home/airflow/.local/lib/python3.12/site-packages/airflow/example_dags/example_bash_decorator.py took 0.062 seconds
[2026-06-01T11:52:10.664+0000] {processor.py:161} INFO - Started process (PID=41445) to work on /home/airflow/.local/lib/python3.12/site-packages/airflow/example_dags/example_bash_decorator.py
[2026-06-01T11:52:10.665+0000] {processor.py:830} INFO - Processing file /home/airflow/.local/lib/python3.12/site-packages/airflow/example_dags/example_bash_decorator.py for tasks to queue
[2026-06-01T11:52:10.667+0000] {logging_mixin.py:188} INFO - [2026-06-01T11:52:10.666+0000] {dagbag.py:540} INFO - Filling up the DagBag from /home/airflow/.local/lib/python3.12/site-packages/airflow/example_dags/example_bash_decorator.py
[2026-06-01T11:52:10.677+0000] {processor.py:840} INFO - DAG(s) 'example_bash_decorator' retrieved from /home/airflow/.local/lib/python3.12/site-packages/airflow/example_dags/example_bash_decorator.py
[2026-06-01T11:52:10.695+0000] {logging_mixin.py:188} INFO - [2026-06-01T11:52:10.695+0000] {dag.py:3096} INFO - Sync 1 DAGs
[2026-06-01T11:52:10.705+0000] {logging_mixin.py:188} INFO - [2026-06-01T11:52:10.704+0000] {dag.py:3954} INFO - Setting next_dagrun for example_bash_decorator to None, run_after=None
[2026-06-01T11:52:10.720+0000] {processor.py:183} INFO - Processing /home/airflow/.local/lib/python3.12/site-packages/airflow/example_dags/example_bash_decorator.py took 0.061 seconds
[2026-06-01T11:52:41.397+0000] {processor.py:161} INFO - Started process (PID=41504) to work on /home/airflow/.local/lib/python3.12/site-packages/airflow/example_dags/example_bash_decorator.py
[2026-06-01T11:52:41.399+0000] {processor.py:830} INFO - Processing file /home/airflow/.local/lib/python3.12/site-packages/airflow/example_dags/example_bash_decorator.py for tasks to queue
[2026-06-01T11:52:41.401+0000] {logging_mixin.py:188} INFO - [2026-06-01T11:52:41.400+0000] {dagbag.py:540} INFO - Filling up the DagBag from /home/airflow/.local/lib/python3.12/site-packages/airflow/example_dags/example_bash_decorator.py
[2026-06-01T11:52:41.412+0000] {processor.py:840} INFO - DAG(s) 'example_bash_decorator' retrieved from /home/airflow/.local/lib/python3.12/site-packages/airflow/example_dags/example_bash_decorator.py
[2026-06-01T11:52:41.432+0000] {logging_mixin.py:188} INFO - [2026-06-01T11:52:41.432+0000] {dag.py:3096} INFO - Sync 1 DAGs
[2026-06-01T11:52:41.444+0000] {logging_mixin.py:188} INFO - [2026-06-01T11:52:41.444+0000] {dag.py:3954} INFO - Setting next_dagrun for example_bash_decorator to None, run_after=None
[2026-06-01T11:52:41.464+0000] {processor.py:183} INFO - Processing /home/airflow/.local/lib/python3.12/site-packages/airflow/example_dags/example_bash_decorator.py took 0.072 seconds
[2026-06-01T11:53:11.789+0000] {processor.py:161} INFO - Started process (PID=41563) to work on /home/airflow/.local/lib/python3.12/site-packages/airflow/example_dags/example_bash_decorator.py
[2026-06-01T11:53:11.790+0000] {processor.py:830} INFO - Processing file /home/airflow/.local/lib/python3.12/site-packages/airflow/example_dags/example_bash_decorator.py for tasks to queue
[2026-06-01T11:53:11.792+0000] {logging_mixin.py:188} INFO - [2026-06-01T11:53:11.791+0000] {dagbag.py:540} INFO - Filling up the DagBag from /home/airflow/.local/lib/python3.12/site-packages/airflow/example_dags/example_bash_decorator.py
[2026-06-01T11:53:11.802+0000] {processor.py:840} INFO - DAG(s) 'example_bash_decorator' retrieved from /home/airflow/.local/lib/python3.12/site-packages/airflow/example_dags/example_bash_decorator.py
[2026-06-01T11:53:11.819+0000] {logging_mixin.py:188} INFO - [2026-06-01T11:53:11.819+0000] {dag.py:3096} INFO - Sync 1 DAGs
[2026-06-01T11:53:11.830+0000] {logging_mixin.py:188} INFO - [2026-06-01T11:53:11.830+0000] {dag.py:3954} INFO - Setting next_dagrun for example_bash_decorator to None, run_after=None
[2026-06-01T11:53:11.848+0000] {processor.py:183} INFO - Processing /home/airflow/.local/lib/python3.12/site-packages/airflow/example_dags/example_bash_decorator.py took 0.064 seconds
[2026-06-01T11:53:42.041+0000] {processor.py:161} INFO - Started process (PID=41622) to work on /home/airflow/.local/lib/python3.12/site-packages/airflow/example_dags/example_bash_decorator.py
[2026-06-01T11:53:42.042+0000] {processor.py:830} INFO - Processing file /home/airflow/.local/lib/python3.12/site-packages/airflow/example_dags/example_bash_decorator.py for tasks to queue
[2026-06-01T11:53:42.044+0000] {logging_mixin.py:188} INFO - [2026-06-01T11:53:42.044+0000] {dagbag.py:540} INFO - Filling up the DagBag from /home/airflow/.local/lib/python3.12/site-packages/airflow/example_dags/example_bash_decorator.py
[2026-06-01T11:53:42.056+0000] {processor.py:840} INFO - DAG(s) 'example_bash_decorator' retrieved from /home/airflow/.local/lib/python3.12/site-packages/airflow/example_dags/example_bash_decorator.py
[2026-06-01T11:53:42.080+0000] {logging_mixin.py:188} INFO - [2026-06-01T11:53:42.080+0000] {dag.py:3096} INFO - Sync 1 DAGs
[2026-06-01T11:53:42.094+0000] {logging_mixin.py:188} INFO - [2026-06-01T11:53:42.093+0000] {dag.py:3954} INFO - Setting next_dagrun for example_bash_decorator to None, run_after=None
[2026-06-01T11:53:42.115+0000] {processor.py:183} INFO - Processing /home/airflow/.local/lib/python3.12/site-packages/airflow/example_dags/example_bash_decorator.py took 0.080 seconds
[2026-06-01T11:54:12.282+0000] {processor.py:161} INFO - Started process (PID=41681) to work on /home/airflow/.local/lib/python3.12/site-packages/airflow/example_dags/example_bash_decorator.py
[2026-06-01T11:54:12.283+0000] {processor.py:830} INFO - Processing file /home/airflow/.local/lib/python3.12/site-packages/airflow/example_dags/example_bash_decorator.py for tasks to queue
[2026-06-01T11:54:12.286+0000] {logging_mixin.py:188} INFO - [2026-06-01T11:54:12.285+0000] {dagbag.py:540} INFO - Filling up the DagBag from /home/airflow/.local/lib/python3.12/site-packages/airflow/example_dags/example_bash_decorator.py
[2026-06-01T11:54:12.299+0000] {processor.py:840} INFO - DAG(s) 'example_bash_decorator' retrieved from /home/airflow/.local/lib/python3.12/site-packages/airflow/example_dags/example_bash_decorator.py
[2026-06-01T11:54:12.322+0000] {logging_mixin.py:188} INFO - [2026-06-01T11:54:12.322+0000] {dag.py:3096} INFO - Sync 1 DAGs
[2026-06-01T11:54:12.334+0000] {logging_mixin.py:188} INFO - [2026-06-01T11:54:12.334+0000] {dag.py:3954} INFO - Setting next_dagrun for example_bash_decorator to None, run_after=None
[2026-06-01T11:54:12.351+0000] {processor.py:183} INFO - Processing /home/airflow/.local/lib/python3.12/site-packages/airflow/example_dags/example_bash_decorator.py took 0.075 seconds
[2026-06-01T11:54:42.692+0000] {processor.py:161} INFO - Started process (PID=41740) to work on /home/airflow/.local/lib/python3.12/site-packages/airflow/example_dags/example_bash_decorator.py
[2026-06-01T11:54:42.693+0000] {processor.py:830} INFO - Processing file /home/airflow/.local/lib/python3.12/site-packages/airflow/example_dags/example_bash_decorator.py for tasks to queue
[2026-06-01T11:54:42.695+0000] {logging_mixin.py:188} INFO - [2026-06-01T11:54:42.695+0000] {dagbag.py:540} INFO - Filling up the DagBag from /home/airflow/.local/lib/python3.12/site-packages/airflow/example_dags/example_bash_decorator.py
[2026-06-01T11:54:42.706+0000] {processor.py:840} INFO - DAG(s) 'example_bash_decorator' retrieved from /home/airflow/.local/lib/python3.12/site-packages/airflow/example_dags/example_bash_decorator.py
[2026-06-01T11:54:42.725+0000] {logging_mixin.py:188} INFO - [2026-06-01T11:54:42.725+0000] {dag.py:3096} INFO - Sync 1 DAGs
[2026-06-01T11:54:42.739+0000] {logging_mixin.py:188} INFO - [2026-06-01T11:54:42.738+0000] {dag.py:3954} INFO - Setting next_dagrun for example_bash_decorator to None, run_after=None
[2026-06-01T11:54:42.756+0000] {processor.py:183} INFO - Processing /home/airflow/.local/lib/python3.12/site-packages/airflow/example_dags/example_bash_decorator.py took 0.068 seconds
[2026-06-01T11:55:13.194+0000] {processor.py:161} INFO - Started process (PID=41799) to work on /home/airflow/.local/lib/python3.12/site-packages/airflow/example_dags/example_bash_decorator.py
[2026-06-01T11:55:13.196+0000] {processor.py:830} INFO - Processing file /home/airflow/.local/lib/python3.12/site-packages/airflow/example_dags/example_bash_decorator.py for tasks to queue
[2026-06-01T11:55:13.198+0000] {logging_mixin.py:188} INFO - [2026-06-01T11:55:13.198+0000] {dagbag.py:540} INFO - Filling up the DagBag from /home/airflow/.local/lib/python3.12/site-packages/airflow/example_dags/example_bash_decorator.py
[2026-06-01T11:55:13.210+0000] {processor.py:840} INFO - DAG(s) 'example_bash_decorator' retrieved from /home/airflow/.local/lib/python3.12/site-packages/airflow/example_dags/example_bash_decorator.py
[2026-06-01T11:55:13.228+0000] {logging_mixin.py:188} INFO - [2026-06-01T11:55:13.228+0000] {dag.py:3096} INFO - Sync 1 DAGs
[2026-06-01T11:55:13.240+0000] {logging_mixin.py:188} INFO - [2026-06-01T11:55:13.239+0000] {dag.py:3954} INFO - Setting next_dagrun for example_bash_decorator to None, run_after=None
[2026-06-01T11:55:13.256+0000] {processor.py:183} INFO - Processing /home/airflow/.local/lib/python3.12/site-packages/airflow/example_dags/example_bash_decorator.py took 0.067 seconds
[2026-06-01T11:55:43.446+0000] {processor.py:161} INFO - Started process (PID=41858) to work on /home/airflow/.local/lib/python3.12/site-packages/airflow/example_dags/example_bash_decorator.py
[2026-06-01T11:55:43.448+0000] {processor.py:830} INFO - Processing file /home/airflow/.local/lib/python3.12/site-packages/airflow/example_dags/example_bash_decorator.py for tasks to queue
[2026-06-01T11:55:43.450+0000] {logging_mixin.py:188} INFO - [2026-06-01T11:55:43.449+0000] {dagbag.py:540} INFO - Filling up the DagBag from /home/airflow/.local/lib/python3.12/site-packages/airflow/example_dags/example_bash_decorator.py
[2026-06-01T11:55:43.462+0000] {processor.py:840} INFO - DAG(s) 'example_bash_decorator' retrieved from /home/airflow/.local/lib/python3.12/site-packages/airflow/example_dags/example_bash_decorator.py
[2026-06-01T11:55:43.486+0000] {logging_mixin.py:188} INFO - [2026-06-01T11:55:43.486+0000] {dag.py:3096} INFO - Sync 1 DAGs
[2026-06-01T11:55:43.500+0000] {logging_mixin.py:188} INFO - [2026-06-01T11:55:43.499+0000] {dag.py:3954} INFO - Setting next_dagrun for example_bash_decorator to None, run_after=None
[2026-06-01T11:55:43.521+0000] {processor.py:183} INFO - Processing /home/airflow/.local/lib/python3.12/site-packages/airflow/example_dags/example_bash_decorator.py took 0.080 seconds
[2026-06-01T11:56:14.453+0000] {processor.py:161} INFO - Started process (PID=41917) to work on /home/airflow/.local/lib/python3.12/site-packages/airflow/example_dags/example_bash_decorator.py
[2026-06-01T11:56:14.454+0000] {processor.py:830} INFO - Processing file /home/airflow/.local/lib/python3.12/site-packages/airflow/example_dags/example_bash_decorator.py for tasks to queue
[2026-06-01T11:56:14.456+0000] {logging_mixin.py:188} INFO - [2026-06-01T11:56:14.456+0000] {dagbag.py:540} INFO - Filling up the DagBag from /home/airflow/.local/lib/python3.12/site-packages/airflow/example_dags/example_bash_decorator.py
[2026-06-01T11:56:14.469+0000] {processor.py:840} INFO - DAG(s) 'example_bash_decorator' retrieved from /home/airflow/.local/lib/python3.12/site-packages/airflow/example_dags/example_bash_decorator.py
[2026-06-01T11:56:14.491+0000] {logging_mixin.py:188} INFO - [2026-06-01T11:56:14.490+0000] {dag.py:3096} INFO - Sync 1 DAGs
[2026-06-01T11:56:14.502+0000] {logging_mixin.py:188} INFO - [2026-06-01T11:56:14.501+0000] {dag.py:3954} INFO - Setting next_dagrun for example_bash_decorator to None, run_after=None
[2026-06-01T11:56:14.519+0000] {processor.py:183} INFO - Processing /home/airflow/.local/lib/python3.12/site-packages/airflow/example_dags/example_bash_decorator.py took 0.072 seconds
[2026-06-01T11:56:45.156+0000] {processor.py:161} INFO - Started process (PID=41976) to work on /home/airflow/.local/lib/python3.12/site-packages/airflow/example_dags/example_bash_decorator.py
[2026-06-01T11:56:45.157+0000] {processor.py:830} INFO - Processing file /home/airflow/.local/lib/python3.12/site-packages/airflow/example_dags/example_bash_decorator.py for tasks to queue
[2026-06-01T11:56:45.159+0000] {logging_mixin.py:188} INFO - [2026-06-01T11:56:45.159+0000] {dagbag.py:540} INFO - Filling up the DagBag from /home/airflow/.local/lib/python3.12/site-packages/airflow/example_dags/example_bash_decorator.py
[2026-06-01T11:56:45.169+0000] {processor.py:840} INFO - DAG(s) 'example_bash_decorator' retrieved from /home/airflow/.local/lib/python3.12/site-packages/airflow/example_dags/example_bash_decorator.py
[2026-06-01T11:56:45.188+0000] {logging_mixin.py:188} INFO - [2026-06-01T11:56:45.188+0000] {dag.py:3096} INFO - Sync 1 DAGs
[2026-06-01T11:56:45.198+0000] {logging_mixin.py:188} INFO - [2026-06-01T11:56:45.198+0000] {dag.py:3954} INFO - Setting next_dagrun for example_bash_decorator to None, run_after=None
[2026-06-01T11:56:45.219+0000] {processor.py:183} INFO - Processing /home/airflow/.local/lib/python3.12/site-packages/airflow/example_dags/example_bash_decorator.py took 0.068 seconds
[2026-06-01T11:57:16.218+0000] {processor.py:161} INFO - Started process (PID=42035) to work on /home/airflow/.local/lib/python3.12/site-packages/airflow/example_dags/example_bash_decorator.py
[2026-06-01T11:57:16.219+0000] {processor.py:830} INFO - Processing file /home/airflow/.local/lib/python3.12/site-packages/airflow/example_dags/example_bash_decorator.py for tasks to queue
[2026-06-01T11:57:16.221+0000] {logging_mixin.py:188} INFO - [2026-06-01T11:57:16.221+0000] {dagbag.py:540} INFO - Filling up the DagBag from /home/airflow/.local/lib/python3.12/site-packages/airflow/example_dags/example_bash_decorator.py
[2026-06-01T11:57:16.235+0000] {processor.py:840} INFO - DAG(s) 'example_bash_decorator' retrieved from /home/airflow/.local/lib/python3.12/site-packages/airflow/example_dags/example_bash_decorator.py
[2026-06-01T11:57:16.258+0000] {logging_mixin.py:188} INFO - [2026-06-01T11:57:16.258+0000] {dag.py:3096} INFO - Sync 1 DAGs
[2026-06-01T11:57:16.269+0000] {logging_mixin.py:188} INFO - [2026-06-01T11:57:16.269+0000] {dag.py:3954} INFO - Setting next_dagrun for example_bash_decorator to None, run_after=None
[2026-06-01T11:57:16.288+0000] {processor.py:183} INFO - Processing /home/airflow/.local/lib/python3.12/site-packages/airflow/example_dags/example_bash_decorator.py took 0.075 seconds
[2026-06-01T11:57:46.866+0000] {processor.py:161} INFO - Started process (PID=42094) to work on /home/airflow/.local/lib/python3.12/site-packages/airflow/example_dags/example_bash_decorator.py
[2026-06-01T11:57:46.868+0000] {processor.py:830} INFO - Processing file /home/airflow/.local/lib/python3.12/site-packages/airflow/example_dags/example_bash_decorator.py for tasks to queue
[2026-06-01T11:57:46.870+0000] {logging_mixin.py:188} INFO - [2026-06-01T11:57:46.869+0000] {dagbag.py:540} INFO - Filling up the DagBag from /home/airflow/.local/lib/python3.12/site-packages/airflow/example_dags/example_bash_decorator.py
[2026-06-01T11:57:46.880+0000] {processor.py:840} INFO - DAG(s) 'example_bash_decorator' retrieved from /home/airflow/.local/lib/python3.12/site-packages/airflow/example_dags/example_bash_decorator.py
[2026-06-01T11:57:46.898+0000] {logging_mixin.py:188} INFO - [2026-06-01T11:57:46.898+0000] {dag.py:3096} INFO - Sync 1 DAGs
[2026-06-01T11:57:46.908+0000] {logging_mixin.py:188} INFO - [2026-06-01T11:57:46.908+0000] {dag.py:3954} INFO - Setting next_dagrun for example_bash_decorator to None, run_after=None
[2026-06-01T11:57:46.925+0000] {processor.py:183} INFO - Processing /home/airflow/.local/lib/python3.12/site-packages/airflow/example_dags/example_bash_decorator.py took 0.064 seconds
[2026-06-01T11:58:17.078+0000] {processor.py:161} INFO - Started process (PID=42153) to work on /home/airflow/.local/lib/python3.12/site-packages/airflow/example_dags/example_bash_decorator.py
[2026-06-01T11:58:17.079+0000] {processor.py:830} INFO - Processing file /home/airflow/.local/lib/python3.12/site-packages/airflow/example_dags/example_bash_decorator.py for tasks to queue
[2026-06-01T11:58:17.081+0000] {logging_mixin.py:188} INFO - [2026-06-01T11:58:17.081+0000] {dagbag.py:540} INFO - Filling up the DagBag from /home/airflow/.local/lib/python3.12/site-packages/airflow/example_dags/example_bash_decorator.py
[2026-06-01T11:58:17.094+0000] {processor.py:840} INFO - DAG(s) 'example_bash_decorator' retrieved from /home/airflow/.local/lib/python3.12/site-packages/airflow/example_dags/example_bash_decorator.py
[2026-06-01T11:58:17.115+0000] {logging_mixin.py:188} INFO - [2026-06-01T11:58:17.115+0000] {dag.py:3096} INFO - Sync 1 DAGs
[2026-06-01T11:58:17.127+0000] {logging_mixin.py:188} INFO - [2026-06-01T11:58:17.126+0000] {dag.py:3954} INFO - Setting next_dagrun for example_bash_decorator to None, run_after=None
[2026-06-01T11:58:17.146+0000] {processor.py:183} INFO - Processing /home/airflow/.local/lib/python3.12/site-packages/airflow/example_dags/example_bash_decorator.py took 0.074 seconds
[2026-06-01T11:58:48.057+0000] {processor.py:161} INFO - Started process (PID=42212) to work on /home/airflow/.local/lib/python3.12/site-packages/airflow/example_dags/example_bash_decorator.py
[2026-06-01T11:58:48.058+0000] {processor.py:830} INFO - Processing file /home/airflow/.local/lib/python3.12/site-packages/airflow/example_dags/example_bash_decorator.py for tasks to queue
[2026-06-01T11:58:48.061+0000] {logging_mixin.py:188} INFO - [2026-06-01T11:58:48.061+0000] {dagbag.py:540} INFO - Filling up the DagBag from /home/airflow/.local/lib/python3.12/site-packages/airflow/example_dags/example_bash_decorator.py
[2026-06-01T11:58:48.073+0000] {processor.py:840} INFO - DAG(s) 'example_bash_decorator' retrieved from /home/airflow/.local/lib/python3.12/site-packages/airflow/example_dags/example_bash_decorator.py
[2026-06-01T11:58:48.096+0000] {logging_mixin.py:188} INFO - [2026-06-01T11:58:48.096+0000] {dag.py:3096} INFO - Sync 1 DAGs
[2026-06-01T11:58:48.107+0000] {logging_mixin.py:188} INFO - [2026-06-01T11:58:48.107+0000] {dag.py:3954} INFO - Setting next_dagrun for example_bash_decorator to None, run_after=None
[2026-06-01T11:58:48.127+0000] {processor.py:183} INFO - Processing /home/airflow/.local/lib/python3.12/site-packages/airflow/example_dags/example_bash_decorator.py took 0.076 seconds
[2026-06-01T11:59:18.997+0000] {processor.py:161} INFO - Started process (PID=42271) to work on /home/airflow/.local/lib/python3.12/site-packages/airflow/example_dags/example_bash_decorator.py
[2026-06-01T11:59:18.998+0000] {processor.py:830} INFO - Processing file /home/airflow/.local/lib/python3.12/site-packages/airflow/example_dags/example_bash_decorator.py for tasks to queue
[2026-06-01T11:59:19.000+0000] {logging_mixin.py:188} INFO - [2026-06-01T11:59:19.000+0000] {dagbag.py:540} INFO - Filling up the DagBag from /home/airflow/.local/lib/python3.12/site-packages/airflow/example_dags/example_bash_decorator.py
[2026-06-01T11:59:19.011+0000] {processor.py:840} INFO - DAG(s) 'example_bash_decorator' retrieved from /home/airflow/.local/lib/python3.12/site-packages/airflow/example_dags/example_bash_decorator.py
[2026-06-01T11:59:19.031+0000] {logging_mixin.py:188} INFO - [2026-06-01T11:59:19.031+0000] {dag.py:3096} INFO - Sync 1 DAGs
[2026-06-01T11:59:19.042+0000] {logging_mixin.py:188} INFO - [2026-06-01T11:59:19.041+0000] {dag.py:3954} INFO - Setting next_dagrun for example_bash_decorator to None, run_after=None
[2026-06-01T11:59:19.057+0000] {processor.py:183} INFO - Processing /home/airflow/.local/lib/python3.12/site-packages/airflow/example_dags/example_bash_decorator.py took 0.066 seconds
[2026-06-01T11:59:49.592+0000] {processor.py:161} INFO - Started process (PID=42330) to work on /home/airflow/.local/lib/python3.12/site-packages/airflow/example_dags/example_bash_decorator.py
[2026-06-01T11:59:49.593+0000] {processor.py:830} INFO - Processing file /home/airflow/.local/lib/python3.12/site-packages/airflow/example_dags/example_bash_decorator.py for tasks to queue
[2026-06-01T11:59:49.595+0000] {logging_mixin.py:188} INFO - [2026-06-01T11:59:49.595+0000] {dagbag.py:540} INFO - Filling up the DagBag from /home/airflow/.local/lib/python3.12/site-packages/airflow/example_dags/example_bash_decorator.py
[2026-06-01T11:59:49.607+0000] {processor.py:840} INFO - DAG(s) 'example_bash_decorator' retrieved from /home/airflow/.local/lib/python3.12/site-packages/airflow/example_dags/example_bash_decorator.py
[2026-06-01T11:59:49.631+0000] {logging_mixin.py:188} INFO - [2026-06-01T11:59:49.630+0000] {dag.py:3096} INFO - Sync 1 DAGs
[2026-06-01T11:59:49.643+0000] {logging_mixin.py:188} INFO - [2026-06-01T11:59:49.643+0000] {dag.py:3954} INFO - Setting next_dagrun for example_bash_decorator to None, run_after=None
[2026-06-01T11:59:49.665+0000] {processor.py:183} INFO - Processing /home/airflow/.local/lib/python3.12/site-packages/airflow/example_dags/example_bash_decorator.py took 0.079 seconds
[2026-06-01T12:00:19.940+0000] {processor.py:161} INFO - Started process (PID=42389) to work on /home/airflow/.local/lib/python3.12/site-packages/airflow/example_dags/example_bash_decorator.py
[2026-06-01T12:00:19.941+0000] {processor.py:830} INFO - Processing file /home/airflow/.local/lib/python3.12/site-packages/airflow/example_dags/example_bash_decorator.py for tasks to queue
[2026-06-01T12:00:19.943+0000] {logging_mixin.py:188} INFO - [2026-06-01T12:00:19.943+0000] {dagbag.py:540} INFO - Filling up the DagBag from /home/airflow/.local/lib/python3.12/site-packages/airflow/example_dags/example_bash_decorator.py
[2026-06-01T12:00:19.955+0000] {processor.py:840} INFO - DAG(s) 'example_bash_decorator' retrieved from /home/airflow/.local/lib/python3.12/site-packages/airflow/example_dags/example_bash_decorator.py
[2026-06-01T12:00:19.976+0000] {logging_mixin.py:188} INFO - [2026-06-01T12:00:19.976+0000] {dag.py:3096} INFO - Sync 1 DAGs
[2026-06-01T12:00:19.988+0000] {logging_mixin.py:188} INFO - [2026-06-01T12:00:19.987+0000] {dag.py:3954} INFO - Setting next_dagrun for example_bash_decorator to None, run_after=None
[2026-06-01T12:00:20.005+0000] {processor.py:183} INFO - Processing /home/airflow/.local/lib/python3.12/site-packages/airflow/example_dags/example_bash_decorator.py took 0.071 seconds
[2026-06-01T12:00:50.162+0000] {processor.py:161} INFO - Started process (PID=42448) to work on /home/airflow/.local/lib/python3.12/site-packages/airflow/example_dags/example_bash_decorator.py
[2026-06-01T12:00:50.163+0000] {processor.py:830} INFO - Processing file /home/airflow/.local/lib/python3.12/site-packages/airflow/example_dags/example_bash_decorator.py for tasks to queue
[2026-06-01T12:00:50.166+0000] {logging_mixin.py:188} INFO - [2026-06-01T12:00:50.165+0000] {dagbag.py:540} INFO - Filling up the DagBag from /home/airflow/.local/lib/python3.12/site-packages/airflow/example_dags/example_bash_decorator.py
[2026-06-01T12:00:50.182+0000] {processor.py:840} INFO - DAG(s) 'example_bash_decorator' retrieved from /home/airflow/.local/lib/python3.12/site-packages/airflow/example_dags/example_bash_decorator.py
[2026-06-01T12:00:50.206+0000] {logging_mixin.py:188} INFO - [2026-06-01T12:00:50.205+0000] {dag.py:3096} INFO - Sync 1 DAGs
[2026-06-01T12:00:50.221+0000] {logging_mixin.py:188} INFO - [2026-06-01T12:00:50.220+0000] {dag.py:3954} INFO - Setting next_dagrun for example_bash_decorator to None, run_after=None
[2026-06-01T12:00:50.245+0000] {processor.py:183} INFO - Processing /home/airflow/.local/lib/python3.12/site-packages/airflow/example_dags/example_bash_decorator.py took 0.091 seconds
[2026-06-01T12:01:21.259+0000] {processor.py:161} INFO - Started process (PID=42507) to work on /home/airflow/.local/lib/python3.12/site-packages/airflow/example_dags/example_bash_decorator.py
[2026-06-01T12:01:21.260+0000] {processor.py:830} INFO - Processing file /home/airflow/.local/lib/python3.12/site-packages/airflow/example_dags/example_bash_decorator.py for tasks to queue
[2026-06-01T12:01:21.262+0000] {logging_mixin.py:188} INFO - [2026-06-01T12:01:21.262+0000] {dagbag.py:540} INFO - Filling up the DagBag from /home/airflow/.local/lib/python3.12/site-packages/airflow/example_dags/example_bash_decorator.py
[2026-06-01T12:01:21.273+0000] {processor.py:840} INFO - DAG(s) 'example_bash_decorator' retrieved from /home/airflow/.local/lib/python3.12/site-packages/airflow/example_dags/example_bash_decorator.py
[2026-06-01T12:01:21.295+0000] {logging_mixin.py:188} INFO - [2026-06-01T12:01:21.295+0000] {dag.py:3096} INFO - Sync 1 DAGs
[2026-06-01T12:01:21.307+0000] {logging_mixin.py:188} INFO - [2026-06-01T12:01:21.307+0000] {dag.py:3954} INFO - Setting next_dagrun for example_bash_decorator to None, run_after=None
[2026-06-01T12:01:21.325+0000] {processor.py:183} INFO - Processing /home/airflow/.local/lib/python3.12/site-packages/airflow/example_dags/example_bash_decorator.py took 0.072 seconds
[2026-06-01T12:01:51.920+0000] {processor.py:161} INFO - Started process (PID=42572) to work on /home/airflow/.local/lib/python3.12/site-packages/airflow/example_dags/example_bash_decorator.py
[2026-06-01T12:01:51.922+0000] {processor.py:830} INFO - Processing file /home/airflow/.local/lib/python3.12/site-packages/airflow/example_dags/example_bash_decorator.py for tasks to queue
[2026-06-01T12:01:51.924+0000] {logging_mixin.py:188} INFO - [2026-06-01T12:01:51.923+0000] {dagbag.py:540} INFO - Filling up the DagBag from /home/airflow/.local/lib/python3.12/site-packages/airflow/example_dags/example_bash_decorator.py
[2026-06-01T12:01:51.934+0000] {processor.py:840} INFO - DAG(s) 'example_bash_decorator' retrieved from /home/airflow/.local/lib/python3.12/site-packages/airflow/example_dags/example_bash_decorator.py
[2026-06-01T12:01:51.953+0000] {logging_mixin.py:188} INFO - [2026-06-01T12:01:51.953+0000] {dag.py:3096} INFO - Sync 1 DAGs
[2026-06-01T12:01:51.963+0000] {logging_mixin.py:188} INFO - [2026-06-01T12:01:51.963+0000] {dag.py:3954} INFO - Setting next_dagrun for example_bash_decorator to None, run_after=None
[2026-06-01T12:01:51.987+0000] {processor.py:183} INFO - Processing /home/airflow/.local/lib/python3.12/site-packages/airflow/example_dags/example_bash_decorator.py took 0.072 seconds
[2026-06-01T12:02:22.744+0000] {processor.py:161} INFO - Started process (PID=42631) to work on /home/airflow/.local/lib/python3.12/site-packages/airflow/example_dags/example_bash_decorator.py
[2026-06-01T12:02:22.746+0000] {processor.py:830} INFO - Processing file /home/airflow/.local/lib/python3.12/site-packages/airflow/example_dags/example_bash_decorator.py for tasks to queue
[2026-06-01T12:02:22.748+0000] {logging_mixin.py:188} INFO - [2026-06-01T12:02:22.747+0000] {dagbag.py:540} INFO - Filling up the DagBag from /home/airflow/.local/lib/python3.12/site-packages/airflow/example_dags/example_bash_decorator.py
[2026-06-01T12:02:22.760+0000] {processor.py:840} INFO - DAG(s) 'example_bash_decorator' retrieved from /home/airflow/.local/lib/python3.12/site-packages/airflow/example_dags/example_bash_decorator.py
[2026-06-01T12:02:22.780+0000] {logging_mixin.py:188} INFO - [2026-06-01T12:02:22.780+0000] {dag.py:3096} INFO - Sync 1 DAGs
[2026-06-01T12:02:22.792+0000] {logging_mixin.py:188} INFO - [2026-06-01T12:02:22.791+0000] {dag.py:3954} INFO - Setting next_dagrun for example_bash_decorator to None, run_after=None
[2026-06-01T12:02:22.815+0000] {processor.py:183} INFO - Processing /home/airflow/.local/lib/python3.12/site-packages/airflow/example_dags/example_bash_decorator.py took 0.076 seconds
[2026-06-01T12:02:52.936+0000] {processor.py:161} INFO - Started process (PID=42690) to work on /home/airflow/.local/lib/python3.12/site-packages/airflow/example_dags/example_bash_decorator.py
[2026-06-01T12:02:52.937+0000] {processor.py:830} INFO - Processing file /home/airflow/.local/lib/python3.12/site-packages/airflow/example_dags/example_bash_decorator.py for tasks to queue
[2026-06-01T12:02:52.939+0000] {logging_mixin.py:188} INFO - [2026-06-01T12:02:52.939+0000] {dagbag.py:540} INFO - Filling up the DagBag from /home/airflow/.local/lib/python3.12/site-packages/airflow/example_dags/example_bash_decorator.py
[2026-06-01T12:02:52.951+0000] {processor.py:840} INFO - DAG(s) 'example_bash_decorator' retrieved from /home/airflow/.local/lib/python3.12/site-packages/airflow/example_dags/example_bash_decorator.py
[2026-06-01T12:02:52.972+0000] {logging_mixin.py:188} INFO - [2026-06-01T12:02:52.971+0000] {dag.py:3096} INFO - Sync 1 DAGs
[2026-06-01T12:02:52.983+0000] {logging_mixin.py:188} INFO - [2026-06-01T12:02:52.983+0000] {dag.py:3954} INFO - Setting next_dagrun for example_bash_decorator to None, run_after=None
[2026-06-01T12:02:53.000+0000] {processor.py:183} INFO - Processing /home/airflow/.local/lib/python3.12/site-packages/airflow/example_dags/example_bash_decorator.py took 0.070 seconds
[2026-06-01T12:03:23.272+0000] {processor.py:161} INFO - Started process (PID=42749) to work on /home/airflow/.local/lib/python3.12/site-packages/airflow/example_dags/example_bash_decorator.py
[2026-06-01T12:03:23.273+0000] {processor.py:830} INFO - Processing file /home/airflow/.local/lib/python3.12/site-packages/airflow/example_dags/example_bash_decorator.py for tasks to queue
[2026-06-01T12:03:23.275+0000] {logging_mixin.py:188} INFO - [2026-06-01T12:03:23.275+0000] {dagbag.py:540} INFO - Filling up the DagBag from /home/airflow/.local/lib/python3.12/site-packages/airflow/example_dags/example_bash_decorator.py
[2026-06-01T12:03:23.286+0000] {processor.py:840} INFO - DAG(s) 'example_bash_decorator' retrieved from /home/airflow/.local/lib/python3.12/site-packages/airflow/example_dags/example_bash_decorator.py
[2026-06-01T12:03:23.309+0000] {logging_mixin.py:188} INFO - [2026-06-01T12:03:23.309+0000] {dag.py:3096} INFO - Sync 1 DAGs
[2026-06-01T12:03:23.321+0000] {logging_mixin.py:188} INFO - [2026-06-01T12:03:23.321+0000] {dag.py:3954} INFO - Setting next_dagrun for example_bash_decorator to None, run_after=None
[2026-06-01T12:03:23.346+0000] {processor.py:183} INFO - Processing /home/airflow/.local/lib/python3.12/site-packages/airflow/example_dags/example_bash_decorator.py took 0.078 seconds
[2026-06-01T12:03:53.684+0000] {processor.py:161} INFO - Started process (PID=42808) to work on /home/airflow/.local/lib/python3.12/site-packages/airflow/example_dags/example_bash_decorator.py
[2026-06-01T12:03:53.685+0000] {processor.py:830} INFO - Processing file /home/airflow/.local/lib/python3.12/site-packages/airflow/example_dags/example_bash_decorator.py for tasks to queue
[2026-06-01T12:03:53.687+0000] {logging_mixin.py:188} INFO - [2026-06-01T12:03:53.686+0000] {dagbag.py:540} INFO - Filling up the DagBag from /home/airflow/.local/lib/python3.12/site-packages/airflow/example_dags/example_bash_decorator.py
[2026-06-01T12:03:53.700+0000] {processor.py:840} INFO - DAG(s) 'example_bash_decorator' retrieved from /home/airflow/.local/lib/python3.12/site-packages/airflow/example_dags/example_bash_decorator.py
[2026-06-01T12:03:53.719+0000] {logging_mixin.py:188} INFO - [2026-06-01T12:03:53.718+0000] {dag.py:3096} INFO - Sync 1 DAGs
[2026-06-01T12:03:53.732+0000] {logging_mixin.py:188} INFO - [2026-06-01T12:03:53.732+0000] {dag.py:3954} INFO - Setting next_dagrun for example_bash_decorator to None, run_after=None
[2026-06-01T12:03:53.748+0000] {processor.py:183} INFO - Processing /home/airflow/.local/lib/python3.12/site-packages/airflow/example_dags/example_bash_decorator.py took 0.073 seconds
[2026-06-01T12:04:24.669+0000] {processor.py:161} INFO - Started process (PID=42867) to work on /home/airflow/.local/lib/python3.12/site-packages/airflow/example_dags/example_bash_decorator.py
[2026-06-01T12:04:24.670+0000] {processor.py:830} INFO - Processing file /home/airflow/.local/lib/python3.12/site-packages/airflow/example_dags/example_bash_decorator.py for tasks to queue
[2026-06-01T12:04:24.671+0000] {logging_mixin.py:188} INFO - [2026-06-01T12:04:24.671+0000] {dagbag.py:540} INFO - Filling up the DagBag from /home/airflow/.local/lib/python3.12/site-packages/airflow/example_dags/example_bash_decorator.py
[2026-06-01T12:04:24.687+0000] {processor.py:840} INFO - DAG(s) 'example_bash_decorator' retrieved from /home/airflow/.local/lib/python3.12/site-packages/airflow/example_dags/example_bash_decorator.py
[2026-06-01T12:04:24.708+0000] {logging_mixin.py:188} INFO - [2026-06-01T12:04:24.708+0000] {dag.py:3096} INFO - Sync 1 DAGs
[2026-06-01T12:04:24.720+0000] {logging_mixin.py:188} INFO - [2026-06-01T12:04:24.719+0000] {dag.py:3954} INFO - Setting next_dagrun for example_bash_decorator to None, run_after=None
[2026-06-01T12:04:24.735+0000] {processor.py:183} INFO - Processing /home/airflow/.local/lib/python3.12/site-packages/airflow/example_dags/example_bash_decorator.py took 0.071 seconds
[2026-06-01T12:04:55.343+0000] {processor.py:161} INFO - Started process (PID=42926) to work on /home/airflow/.local/lib/python3.12/site-packages/airflow/example_dags/example_bash_decorator.py
[2026-06-01T12:04:55.344+0000] {processor.py:830} INFO - Processing file /home/airflow/.local/lib/python3.12/site-packages/airflow/example_dags/example_bash_decorator.py for tasks to queue
[2026-06-01T12:04:55.346+0000] {logging_mixin.py:188} INFO - [2026-06-01T12:04:55.346+0000] {dagbag.py:540} INFO - Filling up the DagBag from /home/airflow/.local/lib/python3.12/site-packages/airflow/example_dags/example_bash_decorator.py
[2026-06-01T12:04:55.357+0000] {processor.py:840} INFO - DAG(s) 'example_bash_decorator' retrieved from /home/airflow/.local/lib/python3.12/site-packages/airflow/example_dags/example_bash_decorator.py
[2026-06-01T12:04:55.378+0000] {logging_mixin.py:188} INFO - [2026-06-01T12:04:55.378+0000] {dag.py:3096} INFO - Sync 1 DAGs
[2026-06-01T12:04:55.390+0000] {logging_mixin.py:188} INFO - [2026-06-01T12:04:55.390+0000] {dag.py:3954} INFO - Setting next_dagrun for example_bash_decorator to None, run_after=None
[2026-06-01T12:04:55.412+0000] {processor.py:183} INFO - Processing /home/airflow/.local/lib/python3.12/site-packages/airflow/example_dags/example_bash_decorator.py took 0.074 seconds
[2026-06-01T12:05:26.144+0000] {processor.py:161} INFO - Started process (PID=42985) to work on /home/airflow/.local/lib/python3.12/site-packages/airflow/example_dags/example_bash_decorator.py
[2026-06-01T12:05:26.145+0000] {processor.py:830} INFO - Processing file /home/airflow/.local/lib/python3.12/site-packages/airflow/example_dags/example_bash_decorator.py for tasks to queue
[2026-06-01T12:05:26.147+0000] {logging_mixin.py:188} INFO - [2026-06-01T12:05:26.147+0000] {dagbag.py:540} INFO - Filling up the DagBag from /home/airflow/.local/lib/python3.12/site-packages/airflow/example_dags/example_bash_decorator.py
[2026-06-01T12:05:26.158+0000] {processor.py:840} INFO - DAG(s) 'example_bash_decorator' retrieved from /home/airflow/.local/lib/python3.12/site-packages/airflow/example_dags/example_bash_decorator.py
[2026-06-01T12:05:26.179+0000] {logging_mixin.py:188} INFO - [2026-06-01T12:05:26.178+0000] {dag.py:3096} INFO - Sync 1 DAGs
[2026-06-01T12:05:26.190+0000] {logging_mixin.py:188} INFO - [2026-06-01T12:05:26.190+0000] {dag.py:3954} INFO - Setting next_dagrun for example_bash_decorator to None, run_after=None
[2026-06-01T12:05:26.217+0000] {processor.py:183} INFO - Processing /home/airflow/.local/lib/python3.12/site-packages/airflow/example_dags/example_bash_decorator.py took 0.077 seconds
[2026-06-01T12:05:56.435+0000] {processor.py:161} INFO - Started process (PID=43045) to work on /home/airflow/.local/lib/python3.12/site-packages/airflow/example_dags/example_bash_decorator.py
[2026-06-01T12:05:56.436+0000] {processor.py:830} INFO - Processing file /home/airflow/.local/lib/python3.12/site-packages/airflow/example_dags/example_bash_decorator.py for tasks to queue
[2026-06-01T12:05:56.438+0000] {logging_mixin.py:188} INFO - [2026-06-01T12:05:56.437+0000] {dagbag.py:540} INFO - Filling up the DagBag from /home/airflow/.local/lib/python3.12/site-packages/airflow/example_dags/example_bash_decorator.py
[2026-06-01T12:05:56.449+0000] {processor.py:840} INFO - DAG(s) 'example_bash_decorator' retrieved from /home/airflow/.local/lib/python3.12/site-packages/airflow/example_dags/example_bash_decorator.py
[2026-06-01T12:05:56.469+0000] {logging_mixin.py:188} INFO - [2026-06-01T12:05:56.469+0000] {dag.py:3096} INFO - Sync 1 DAGs
[2026-06-01T12:05:56.481+0000] {logging_mixin.py:188} INFO - [2026-06-01T12:05:56.481+0000] {dag.py:3954} INFO - Setting next_dagrun for example_bash_decorator to None, run_after=None
[2026-06-01T12:05:56.505+0000] {processor.py:183} INFO - Processing /home/airflow/.local/lib/python3.12/site-packages/airflow/example_dags/example_bash_decorator.py took 0.075 seconds
[2026-06-01T12:06:26.633+0000] {processor.py:161} INFO - Started process (PID=43104) to work on /home/airflow/.local/lib/python3.12/site-packages/airflow/example_dags/example_bash_decorator.py
[2026-06-01T12:06:26.634+0000] {processor.py:830} INFO - Processing file /home/airflow/.local/lib/python3.12/site-packages/airflow/example_dags/example_bash_decorator.py for tasks to queue
[2026-06-01T12:06:26.637+0000] {logging_mixin.py:188} INFO - [2026-06-01T12:06:26.636+0000] {dagbag.py:540} INFO - Filling up the DagBag from /home/airflow/.local/lib/python3.12/site-packages/airflow/example_dags/example_bash_decorator.py
[2026-06-01T12:06:26.648+0000] {processor.py:840} INFO - DAG(s) 'example_bash_decorator' retrieved from /home/airflow/.local/lib/python3.12/site-packages/airflow/example_dags/example_bash_decorator.py
[2026-06-01T12:06:26.667+0000] {logging_mixin.py:188} INFO - [2026-06-01T12:06:26.667+0000] {dag.py:3096} INFO - Sync 1 DAGs
[2026-06-01T12:06:26.678+0000] {logging_mixin.py:188} INFO - [2026-06-01T12:06:26.678+0000] {dag.py:3954} INFO - Setting next_dagrun for example_bash_decorator to None, run_after=None
[2026-06-01T12:06:26.698+0000] {processor.py:183} INFO - Processing /home/airflow/.local/lib/python3.12/site-packages/airflow/example_dags/example_bash_decorator.py took 0.069 seconds
[2026-06-01T12:06:56.855+0000] {processor.py:161} INFO - Started process (PID=43163) to work on /home/airflow/.local/lib/python3.12/site-packages/airflow/example_dags/example_bash_decorator.py
[2026-06-01T12:06:56.856+0000] {processor.py:830} INFO - Processing file /home/airflow/.local/lib/python3.12/site-packages/airflow/example_dags/example_bash_decorator.py for tasks to queue
[2026-06-01T12:06:56.857+0000] {logging_mixin.py:188} INFO - [2026-06-01T12:06:56.857+0000] {dagbag.py:540} INFO - Filling up the DagBag from /home/airflow/.local/lib/python3.12/site-packages/airflow/example_dags/example_bash_decorator.py
[2026-06-01T12:06:56.868+0000] {processor.py:840} INFO - DAG(s) 'example_bash_decorator' retrieved from /home/airflow/.local/lib/python3.12/site-packages/airflow/example_dags/example_bash_decorator.py
[2026-06-01T12:06:56.889+0000] {logging_mixin.py:188} INFO - [2026-06-01T12:06:56.889+0000] {dag.py:3096} INFO - Sync 1 DAGs
[2026-06-01T12:06:56.899+0000] {logging_mixin.py:188} INFO - [2026-06-01T12:06:56.899+0000] {dag.py:3954} INFO - Setting next_dagrun for example_bash_decorator to None, run_after=None
[2026-06-01T12:06:56.919+0000] {processor.py:183} INFO - Processing /home/airflow/.local/lib/python3.12/site-packages/airflow/example_dags/example_bash_decorator.py took 0.069 seconds
[2026-06-01T12:07:27.370+0000] {processor.py:161} INFO - Started process (PID=43222) to work on /home/airflow/.local/lib/python3.12/site-packages/airflow/example_dags/example_bash_decorator.py
[2026-06-01T12:07:27.371+0000] {processor.py:830} INFO - Processing file /home/airflow/.local/lib/python3.12/site-packages/airflow/example_dags/example_bash_decorator.py for tasks to queue
[2026-06-01T12:07:27.373+0000] {logging_mixin.py:188} INFO - [2026-06-01T12:07:27.373+0000] {dagbag.py:540} INFO - Filling up the DagBag from /home/airflow/.local/lib/python3.12/site-packages/airflow/example_dags/example_bash_decorator.py
[2026-06-01T12:07:27.388+0000] {processor.py:840} INFO - DAG(s) 'example_bash_decorator' retrieved from /home/airflow/.local/lib/python3.12/site-packages/airflow/example_dags/example_bash_decorator.py
[2026-06-01T12:07:27.413+0000] {logging_mixin.py:188} INFO - [2026-06-01T12:07:27.412+0000] {dag.py:3096} INFO - Sync 1 DAGs
[2026-06-01T12:07:27.428+0000] {logging_mixin.py:188} INFO - [2026-06-01T12:07:27.427+0000] {dag.py:3954} INFO - Setting next_dagrun for example_bash_decorator to None, run_after=None
[2026-06-01T12:07:27.456+0000] {processor.py:183} INFO - Processing /home/airflow/.local/lib/python3.12/site-packages/airflow/example_dags/example_bash_decorator.py took 0.095 seconds
[2026-06-01T12:07:57.511+0000] {processor.py:161} INFO - Started process (PID=43280) to work on /home/airflow/.local/lib/python3.12/site-packages/airflow/example_dags/example_bash_decorator.py
[2026-06-01T12:07:57.512+0000] {processor.py:830} INFO - Processing file /home/airflow/.local/lib/python3.12/site-packages/airflow/example_dags/example_bash_decorator.py for tasks to queue
[2026-06-01T12:07:57.515+0000] {logging_mixin.py:188} INFO - [2026-06-01T12:07:57.514+0000] {dagbag.py:540} INFO - Filling up the DagBag from /home/airflow/.local/lib/python3.12/site-packages/airflow/example_dags/example_bash_decorator.py
[2026-06-01T12:07:57.527+0000] {processor.py:840} INFO - DAG(s) 'example_bash_decorator' retrieved from /home/airflow/.local/lib/python3.12/site-packages/airflow/example_dags/example_bash_decorator.py
[2026-06-01T12:07:57.549+0000] {logging_mixin.py:188} INFO - [2026-06-01T12:07:57.548+0000] {dag.py:3096} INFO - Sync 1 DAGs
[2026-06-01T12:07:57.560+0000] {logging_mixin.py:188} INFO - [2026-06-01T12:07:57.560+0000] {dag.py:3954} INFO - Setting next_dagrun for example_bash_decorator to None, run_after=None
[2026-06-01T12:07:57.583+0000] {processor.py:183} INFO - Processing /home/airflow/.local/lib/python3.12/site-packages/airflow/example_dags/example_bash_decorator.py took 0.078 seconds
[2026-06-01T12:08:28.441+0000] {processor.py:161} INFO - Started process (PID=43340) to work on /home/airflow/.local/lib/python3.12/site-packages/airflow/example_dags/example_bash_decorator.py
[2026-06-01T12:08:28.442+0000] {processor.py:830} INFO - Processing file /home/airflow/.local/lib/python3.12/site-packages/airflow/example_dags/example_bash_decorator.py for tasks to queue
[2026-06-01T12:08:28.444+0000] {logging_mixin.py:188} INFO - [2026-06-01T12:08:28.444+0000] {dagbag.py:540} INFO - Filling up the DagBag from /home/airflow/.local/lib/python3.12/site-packages/airflow/example_dags/example_bash_decorator.py
[2026-06-01T12:08:28.454+0000] {processor.py:840} INFO - DAG(s) 'example_bash_decorator' retrieved from /home/airflow/.local/lib/python3.12/site-packages/airflow/example_dags/example_bash_decorator.py
[2026-06-01T12:08:28.472+0000] {logging_mixin.py:188} INFO - [2026-06-01T12:08:28.471+0000] {dag.py:3096} INFO - Sync 1 DAGs
[2026-06-01T12:08:28.483+0000] {logging_mixin.py:188} INFO - [2026-06-01T12:08:28.482+0000] {dag.py:3954} INFO - Setting next_dagrun for example_bash_decorator to None, run_after=None
[2026-06-01T12:08:28.498+0000] {processor.py:183} INFO - Processing /home/airflow/.local/lib/python3.12/site-packages/airflow/example_dags/example_bash_decorator.py took 0.063 seconds
[2026-06-01T12:08:59.263+0000] {processor.py:161} INFO - Started process (PID=43400) to work on /home/airflow/.local/lib/python3.12/site-packages/airflow/example_dags/example_bash_decorator.py
[2026-06-01T12:08:59.264+0000] {processor.py:830} INFO - Processing file /home/airflow/.local/lib/python3.12/site-packages/airflow/example_dags/example_bash_decorator.py for tasks to queue
[2026-06-01T12:08:59.265+0000] {logging_mixin.py:188} INFO - [2026-06-01T12:08:59.265+0000] {dagbag.py:540} INFO - Filling up the DagBag from /home/airflow/.local/lib/python3.12/site-packages/airflow/example_dags/example_bash_decorator.py
[2026-06-01T12:08:59.275+0000] {processor.py:840} INFO - DAG(s) 'example_bash_decorator' retrieved from /home/airflow/.local/lib/python3.12/site-packages/airflow/example_dags/example_bash_decorator.py
[2026-06-01T12:08:59.293+0000] {logging_mixin.py:188} INFO - [2026-06-01T12:08:59.293+0000] {dag.py:3096} INFO - Sync 1 DAGs
[2026-06-01T12:08:59.305+0000] {logging_mixin.py:188} INFO - [2026-06-01T12:08:59.304+0000] {dag.py:3954} INFO - Setting next_dagrun for example_bash_decorator to None, run_after=None
[2026-06-01T12:08:59.323+0000] {processor.py:183} INFO - Processing /home/airflow/.local/lib/python3.12/site-packages/airflow/example_dags/example_bash_decorator.py took 0.065 seconds
[2026-06-01T12:09:30.070+0000] {processor.py:161} INFO - Started process (PID=43459) to work on /home/airflow/.local/lib/python3.12/site-packages/airflow/example_dags/example_bash_decorator.py
[2026-06-01T12:09:30.071+0000] {processor.py:830} INFO - Processing file /home/airflow/.local/lib/python3.12/site-packages/airflow/example_dags/example_bash_decorator.py for tasks to queue
[2026-06-01T12:09:30.074+0000] {logging_mixin.py:188} INFO - [2026-06-01T12:09:30.073+0000] {dagbag.py:540} INFO - Filling up the DagBag from /home/airflow/.local/lib/python3.12/site-packages/airflow/example_dags/example_bash_decorator.py
[2026-06-01T12:09:30.086+0000] {processor.py:840} INFO - DAG(s) 'example_bash_decorator' retrieved from /home/airflow/.local/lib/python3.12/site-packages/airflow/example_dags/example_bash_decorator.py
[2026-06-01T12:09:30.106+0000] {logging_mixin.py:188} INFO - [2026-06-01T12:09:30.106+0000] {dag.py:3096} INFO - Sync 1 DAGs
[2026-06-01T12:09:30.116+0000] {logging_mixin.py:188} INFO - [2026-06-01T12:09:30.116+0000] {dag.py:3954} INFO - Setting next_dagrun for example_bash_decorator to None, run_after=None
[2026-06-01T12:09:30.131+0000] {processor.py:183} INFO - Processing /home/airflow/.local/lib/python3.12/site-packages/airflow/example_dags/example_bash_decorator.py took 0.067 seconds
[2026-06-01T12:10:00.956+0000] {processor.py:161} INFO - Started process (PID=43518) to work on /home/airflow/.local/lib/python3.12/site-packages/airflow/example_dags/example_bash_decorator.py
[2026-06-01T12:10:00.957+0000] {processor.py:830} INFO - Processing file /home/airflow/.local/lib/python3.12/site-packages/airflow/example_dags/example_bash_decorator.py for tasks to queue
[2026-06-01T12:10:00.958+0000] {logging_mixin.py:188} INFO - [2026-06-01T12:10:00.958+0000] {dagbag.py:540} INFO - Filling up the DagBag from /home/airflow/.local/lib/python3.12/site-packages/airflow/example_dags/example_bash_decorator.py
[2026-06-01T12:10:00.969+0000] {processor.py:840} INFO - DAG(s) 'example_bash_decorator' retrieved from /home/airflow/.local/lib/python3.12/site-packages/airflow/example_dags/example_bash_decorator.py
[2026-06-01T12:10:00.987+0000] {logging_mixin.py:188} INFO - [2026-06-01T12:10:00.987+0000] {dag.py:3096} INFO - Sync 1 DAGs
[2026-06-01T12:10:00.998+0000] {logging_mixin.py:188} INFO - [2026-06-01T12:10:00.997+0000] {dag.py:3954} INFO - Setting next_dagrun for example_bash_decorator to None, run_after=None
[2026-06-01T12:10:01.023+0000] {processor.py:183} INFO - Processing /home/airflow/.local/lib/python3.12/site-packages/airflow/example_dags/example_bash_decorator.py took 0.072 seconds
[2026-06-01T12:10:31.688+0000] {processor.py:161} INFO - Started process (PID=43577) to work on /home/airflow/.local/lib/python3.12/site-packages/airflow/example_dags/example_bash_decorator.py
[2026-06-01T12:10:31.689+0000] {processor.py:830} INFO - Processing file /home/airflow/.local/lib/python3.12/site-packages/airflow/example_dags/example_bash_decorator.py for tasks to queue
[2026-06-01T12:10:31.691+0000] {logging_mixin.py:188} INFO - [2026-06-01T12:10:31.690+0000] {dagbag.py:540} INFO - Filling up the DagBag from /home/airflow/.local/lib/python3.12/site-packages/airflow/example_dags/example_bash_decorator.py
[2026-06-01T12:10:31.702+0000] {processor.py:840} INFO - DAG(s) 'example_bash_decorator' retrieved from /home/airflow/.local/lib/python3.12/site-packages/airflow/example_dags/example_bash_decorator.py
[2026-06-01T12:10:31.722+0000] {logging_mixin.py:188} INFO - [2026-06-01T12:10:31.721+0000] {dag.py:3096} INFO - Sync 1 DAGs
[2026-06-01T12:10:31.734+0000] {logging_mixin.py:188} INFO - [2026-06-01T12:10:31.734+0000] {dag.py:3954} INFO - Setting next_dagrun for example_bash_decorator to None, run_after=None
[2026-06-01T12:10:31.760+0000] {processor.py:183} INFO - Processing /home/airflow/.local/lib/python3.12/site-packages/airflow/example_dags/example_bash_decorator.py took 0.077 seconds
[2026-06-01T12:11:02.508+0000] {processor.py:161} INFO - Started process (PID=43636) to work on /home/airflow/.local/lib/python3.12/site-packages/airflow/example_dags/example_bash_decorator.py
[2026-06-01T12:11:02.509+0000] {processor.py:830} INFO - Processing file /home/airflow/.local/lib/python3.12/site-packages/airflow/example_dags/example_bash_decorator.py for tasks to queue
[2026-06-01T12:11:02.511+0000] {logging_mixin.py:188} INFO - [2026-06-01T12:11:02.510+0000] {dagbag.py:540} INFO - Filling up the DagBag from /home/airflow/.local/lib/python3.12/site-packages/airflow/example_dags/example_bash_decorator.py
[2026-06-01T12:11:02.521+0000] {processor.py:840} INFO - DAG(s) 'example_bash_decorator' retrieved from /home/airflow/.local/lib/python3.12/site-packages/airflow/example_dags/example_bash_decorator.py
[2026-06-01T12:11:02.540+0000] {logging_mixin.py:188} INFO - [2026-06-01T12:11:02.540+0000] {dag.py:3096} INFO - Sync 1 DAGs
[2026-06-01T12:11:02.551+0000] {logging_mixin.py:188} INFO - [2026-06-01T12:11:02.551+0000] {dag.py:3954} INFO - Setting next_dagrun for example_bash_decorator to None, run_after=None
[2026-06-01T12:11:02.567+0000] {processor.py:183} INFO - Processing /home/airflow/.local/lib/python3.12/site-packages/airflow/example_dags/example_bash_decorator.py took 0.065 seconds
[2026-06-01T12:11:33.135+0000] {processor.py:161} INFO - Started process (PID=43695) to work on /home/airflow/.local/lib/python3.12/site-packages/airflow/example_dags/example_bash_decorator.py
[2026-06-01T12:11:33.136+0000] {processor.py:830} INFO - Processing file /home/airflow/.local/lib/python3.12/site-packages/airflow/example_dags/example_bash_decorator.py for tasks to queue
[2026-06-01T12:11:33.138+0000] {logging_mixin.py:188} INFO - [2026-06-01T12:11:33.138+0000] {dagbag.py:540} INFO - Filling up the DagBag from /home/airflow/.local/lib/python3.12/site-packages/airflow/example_dags/example_bash_decorator.py
[2026-06-01T12:11:33.151+0000] {processor.py:840} INFO - DAG(s) 'example_bash_decorator' retrieved from /home/airflow/.local/lib/python3.12/site-packages/airflow/example_dags/example_bash_decorator.py
[2026-06-01T12:11:33.177+0000] {logging_mixin.py:188} INFO - [2026-06-01T12:11:33.177+0000] {dag.py:3096} INFO - Sync 1 DAGs
[2026-06-01T12:11:33.192+0000] {logging_mixin.py:188} INFO - [2026-06-01T12:11:33.192+0000] {dag.py:3954} INFO - Setting next_dagrun for example_bash_decorator to None, run_after=None
[2026-06-01T12:11:33.212+0000] {processor.py:183} INFO - Processing /home/airflow/.local/lib/python3.12/site-packages/airflow/example_dags/example_bash_decorator.py took 0.082 seconds
[2026-06-01T12:12:03.259+0000] {processor.py:161} INFO - Started process (PID=43754) to work on /home/airflow/.local/lib/python3.12/site-packages/airflow/example_dags/example_bash_decorator.py
[2026-06-01T12:12:03.260+0000] {processor.py:830} INFO - Processing file /home/airflow/.local/lib/python3.12/site-packages/airflow/example_dags/example_bash_decorator.py for tasks to queue
[2026-06-01T12:12:03.262+0000] {logging_mixin.py:188} INFO - [2026-06-01T12:12:03.261+0000] {dagbag.py:540} INFO - Filling up the DagBag from /home/airflow/.local/lib/python3.12/site-packages/airflow/example_dags/example_bash_decorator.py
[2026-06-01T12:12:03.273+0000] {processor.py:840} INFO - DAG(s) 'example_bash_decorator' retrieved from /home/airflow/.local/lib/python3.12/site-packages/airflow/example_dags/example_bash_decorator.py
[2026-06-01T12:12:03.292+0000] {logging_mixin.py:188} INFO - [2026-06-01T12:12:03.292+0000] {dag.py:3096} INFO - Sync 1 DAGs
[2026-06-01T12:12:03.303+0000] {logging_mixin.py:188} INFO - [2026-06-01T12:12:03.303+0000] {dag.py:3954} INFO - Setting next_dagrun for example_bash_decorator to None, run_after=None
[2026-06-01T12:12:03.319+0000] {processor.py:183} INFO - Processing /home/airflow/.local/lib/python3.12/site-packages/airflow/example_dags/example_bash_decorator.py took 0.066 seconds
[2026-06-01T12:12:33.546+0000] {processor.py:161} INFO - Started process (PID=43814) to work on /home/airflow/.local/lib/python3.12/site-packages/airflow/example_dags/example_bash_decorator.py
[2026-06-01T12:12:33.547+0000] {processor.py:830} INFO - Processing file /home/airflow/.local/lib/python3.12/site-packages/airflow/example_dags/example_bash_decorator.py for tasks to queue
[2026-06-01T12:12:33.549+0000] {logging_mixin.py:188} INFO - [2026-06-01T12:12:33.548+0000] {dagbag.py:540} INFO - Filling up the DagBag from /home/airflow/.local/lib/python3.12/site-packages/airflow/example_dags/example_bash_decorator.py
[2026-06-01T12:12:33.560+0000] {processor.py:840} INFO - DAG(s) 'example_bash_decorator' retrieved from /home/airflow/.local/lib/python3.12/site-packages/airflow/example_dags/example_bash_decorator.py
[2026-06-01T12:12:33.580+0000] {logging_mixin.py:188} INFO - [2026-06-01T12:12:33.580+0000] {dag.py:3096} INFO - Sync 1 DAGs
[2026-06-01T12:12:33.591+0000] {logging_mixin.py:188} INFO - [2026-06-01T12:12:33.591+0000] {dag.py:3954} INFO - Setting next_dagrun for example_bash_decorator to None, run_after=None
[2026-06-01T12:12:33.614+0000] {processor.py:183} INFO - Processing /home/airflow/.local/lib/python3.12/site-packages/airflow/example_dags/example_bash_decorator.py took 0.073 seconds
[2026-06-01T12:13:03.731+0000] {processor.py:161} INFO - Started process (PID=43873) to work on /home/airflow/.local/lib/python3.12/site-packages/airflow/example_dags/example_bash_decorator.py
[2026-06-01T12:13:03.732+0000] {processor.py:830} INFO - Processing file /home/airflow/.local/lib/python3.12/site-packages/airflow/example_dags/example_bash_decorator.py for tasks to queue
[2026-06-01T12:13:03.734+0000] {logging_mixin.py:188} INFO - [2026-06-01T12:13:03.734+0000] {dagbag.py:540} INFO - Filling up the DagBag from /home/airflow/.local/lib/python3.12/site-packages/airflow/example_dags/example_bash_decorator.py
[2026-06-01T12:13:03.746+0000] {processor.py:840} INFO - DAG(s) 'example_bash_decorator' retrieved from /home/airflow/.local/lib/python3.12/site-packages/airflow/example_dags/example_bash_decorator.py
[2026-06-01T12:13:03.768+0000] {logging_mixin.py:188} INFO - [2026-06-01T12:13:03.768+0000] {dag.py:3096} INFO - Sync 1 DAGs
[2026-06-01T12:13:03.781+0000] {logging_mixin.py:188} INFO - [2026-06-01T12:13:03.781+0000] {dag.py:3954} INFO - Setting next_dagrun for example_bash_decorator to None, run_after=None
[2026-06-01T12:13:03.809+0000] {processor.py:183} INFO - Processing /home/airflow/.local/lib/python3.12/site-packages/airflow/example_dags/example_bash_decorator.py took 0.084 seconds
[2026-06-01T12:13:33.872+0000] {processor.py:161} INFO - Started process (PID=43932) to work on /home/airflow/.local/lib/python3.12/site-packages/airflow/example_dags/example_bash_decorator.py
[2026-06-01T12:13:33.873+0000] {processor.py:830} INFO - Processing file /home/airflow/.local/lib/python3.12/site-packages/airflow/example_dags/example_bash_decorator.py for tasks to queue
[2026-06-01T12:13:33.875+0000] {logging_mixin.py:188} INFO - [2026-06-01T12:13:33.874+0000] {dagbag.py:540} INFO - Filling up the DagBag from /home/airflow/.local/lib/python3.12/site-packages/airflow/example_dags/example_bash_decorator.py
[2026-06-01T12:13:33.886+0000] {processor.py:840} INFO - DAG(s) 'example_bash_decorator' retrieved from /home/airflow/.local/lib/python3.12/site-packages/airflow/example_dags/example_bash_decorator.py
[2026-06-01T12:13:33.904+0000] {logging_mixin.py:188} INFO - [2026-06-01T12:13:33.904+0000] {dag.py:3096} INFO - Sync 1 DAGs
[2026-06-01T12:13:33.916+0000] {logging_mixin.py:188} INFO - [2026-06-01T12:13:33.916+0000] {dag.py:3954} INFO - Setting next_dagrun for example_bash_decorator to None, run_after=None
[2026-06-01T12:13:33.933+0000] {processor.py:183} INFO - Processing /home/airflow/.local/lib/python3.12/site-packages/airflow/example_dags/example_bash_decorator.py took 0.066 seconds
[2026-06-01T12:14:03.974+0000] {processor.py:161} INFO - Started process (PID=43990) to work on /home/airflow/.local/lib/python3.12/site-packages/airflow/example_dags/example_bash_decorator.py
[2026-06-01T12:14:03.975+0000] {processor.py:830} INFO - Processing file /home/airflow/.local/lib/python3.12/site-packages/airflow/example_dags/example_bash_decorator.py for tasks to queue
[2026-06-01T12:14:03.977+0000] {logging_mixin.py:188} INFO - [2026-06-01T12:14:03.977+0000] {dagbag.py:540} INFO - Filling up the DagBag from /home/airflow/.local/lib/python3.12/site-packages/airflow/example_dags/example_bash_decorator.py
[2026-06-01T12:14:03.988+0000] {processor.py:840} INFO - DAG(s) 'example_bash_decorator' retrieved from /home/airflow/.local/lib/python3.12/site-packages/airflow/example_dags/example_bash_decorator.py
[2026-06-01T12:14:04.007+0000] {logging_mixin.py:188} INFO - [2026-06-01T12:14:04.006+0000] {dag.py:3096} INFO - Sync 1 DAGs
[2026-06-01T12:14:04.018+0000] {logging_mixin.py:188} INFO - [2026-06-01T12:14:04.018+0000] {dag.py:3954} INFO - Setting next_dagrun for example_bash_decorator to None, run_after=None
[2026-06-01T12:14:04.034+0000] {processor.py:183} INFO - Processing /home/airflow/.local/lib/python3.12/site-packages/airflow/example_dags/example_bash_decorator.py took 0.064 seconds
[2026-06-01T12:14:34.886+0000] {processor.py:161} INFO - Started process (PID=44050) to work on /home/airflow/.local/lib/python3.12/site-packages/airflow/example_dags/example_bash_decorator.py
[2026-06-01T12:14:34.887+0000] {processor.py:830} INFO - Processing file /home/airflow/.local/lib/python3.12/site-packages/airflow/example_dags/example_bash_decorator.py for tasks to queue
[2026-06-01T12:14:34.889+0000] {logging_mixin.py:188} INFO - [2026-06-01T12:14:34.888+0000] {dagbag.py:540} INFO - Filling up the DagBag from /home/airflow/.local/lib/python3.12/site-packages/airflow/example_dags/example_bash_decorator.py
[2026-06-01T12:14:34.898+0000] {processor.py:840} INFO - DAG(s) 'example_bash_decorator' retrieved from /home/airflow/.local/lib/python3.12/site-packages/airflow/example_dags/example_bash_decorator.py
[2026-06-01T12:14:34.918+0000] {logging_mixin.py:188} INFO - [2026-06-01T12:14:34.918+0000] {dag.py:3096} INFO - Sync 1 DAGs
[2026-06-01T12:14:34.929+0000] {logging_mixin.py:188} INFO - [2026-06-01T12:14:34.929+0000] {dag.py:3954} INFO - Setting next_dagrun for example_bash_decorator to None, run_after=None
[2026-06-01T12:14:34.945+0000] {processor.py:183} INFO - Processing /home/airflow/.local/lib/python3.12/site-packages/airflow/example_dags/example_bash_decorator.py took 0.064 seconds
[2026-06-01T12:15:05.758+0000] {processor.py:161} INFO - Started process (PID=44109) to work on /home/airflow/.local/lib/python3.12/site-packages/airflow/example_dags/example_bash_decorator.py
[2026-06-01T12:15:05.759+0000] {processor.py:830} INFO - Processing file /home/airflow/.local/lib/python3.12/site-packages/airflow/example_dags/example_bash_decorator.py for tasks to queue
[2026-06-01T12:15:05.762+0000] {logging_mixin.py:188} INFO - [2026-06-01T12:15:05.761+0000] {dagbag.py:540} INFO - Filling up the DagBag from /home/airflow/.local/lib/python3.12/site-packages/airflow/example_dags/example_bash_decorator.py
[2026-06-01T12:15:05.772+0000] {processor.py:840} INFO - DAG(s) 'example_bash_decorator' retrieved from /home/airflow/.local/lib/python3.12/site-packages/airflow/example_dags/example_bash_decorator.py
[2026-06-01T12:15:05.793+0000] {logging_mixin.py:188} INFO - [2026-06-01T12:15:05.793+0000] {dag.py:3096} INFO - Sync 1 DAGs
[2026-06-01T12:15:05.804+0000] {logging_mixin.py:188} INFO - [2026-06-01T12:15:05.804+0000] {dag.py:3954} INFO - Setting next_dagrun for example_bash_decorator to None, run_after=None
[2026-06-01T12:15:05.822+0000] {processor.py:183} INFO - Processing /home/airflow/.local/lib/python3.12/site-packages/airflow/example_dags/example_bash_decorator.py took 0.069 seconds
[2026-06-01T12:15:36.748+0000] {processor.py:161} INFO - Started process (PID=44168) to work on /home/airflow/.local/lib/python3.12/site-packages/airflow/example_dags/example_bash_decorator.py
[2026-06-01T12:15:36.750+0000] {processor.py:830} INFO - Processing file /home/airflow/.local/lib/python3.12/site-packages/airflow/example_dags/example_bash_decorator.py for tasks to queue
[2026-06-01T12:15:36.753+0000] {logging_mixin.py:188} INFO - [2026-06-01T12:15:36.753+0000] {dagbag.py:540} INFO - Filling up the DagBag from /home/airflow/.local/lib/python3.12/site-packages/airflow/example_dags/example_bash_decorator.py
[2026-06-01T12:15:36.768+0000] {processor.py:840} INFO - DAG(s) 'example_bash_decorator' retrieved from /home/airflow/.local/lib/python3.12/site-packages/airflow/example_dags/example_bash_decorator.py
[2026-06-01T12:15:36.794+0000] {logging_mixin.py:188} INFO - [2026-06-01T12:15:36.794+0000] {dag.py:3096} INFO - Sync 1 DAGs
[2026-06-01T12:15:36.810+0000] {logging_mixin.py:188} INFO - [2026-06-01T12:15:36.810+0000] {dag.py:3954} INFO - Setting next_dagrun for example_bash_decorator to None, run_after=None
[2026-06-01T12:15:36.833+0000] {processor.py:183} INFO - Processing /home/airflow/.local/lib/python3.12/site-packages/airflow/example_dags/example_bash_decorator.py took 0.092 seconds
[2026-06-01T12:16:07.123+0000] {processor.py:161} INFO - Started process (PID=44227) to work on /home/airflow/.local/lib/python3.12/site-packages/airflow/example_dags/example_bash_decorator.py
[2026-06-01T12:16:07.124+0000] {processor.py:830} INFO - Processing file /home/airflow/.local/lib/python3.12/site-packages/airflow/example_dags/example_bash_decorator.py for tasks to queue
[2026-06-01T12:16:07.126+0000] {logging_mixin.py:188} INFO - [2026-06-01T12:16:07.126+0000] {dagbag.py:540} INFO - Filling up the DagBag from /home/airflow/.local/lib/python3.12/site-packages/airflow/example_dags/example_bash_decorator.py
[2026-06-01T12:16:07.139+0000] {processor.py:840} INFO - DAG(s) 'example_bash_decorator' retrieved from /home/airflow/.local/lib/python3.12/site-packages/airflow/example_dags/example_bash_decorator.py
[2026-06-01T12:16:07.161+0000] {logging_mixin.py:188} INFO - [2026-06-01T12:16:07.161+0000] {dag.py:3096} INFO - Sync 1 DAGs
[2026-06-01T12:16:07.174+0000] {logging_mixin.py:188} INFO - [2026-06-01T12:16:07.173+0000] {dag.py:3954} INFO - Setting next_dagrun for example_bash_decorator to None, run_after=None
[2026-06-01T12:16:07.196+0000] {processor.py:183} INFO - Processing /home/airflow/.local/lib/python3.12/site-packages/airflow/example_dags/example_bash_decorator.py took 0.079 seconds
[2026-06-01T12:16:37.428+0000] {processor.py:161} INFO - Started process (PID=44286) to work on /home/airflow/.local/lib/python3.12/site-packages/airflow/example_dags/example_bash_decorator.py
[2026-06-01T12:16:37.429+0000] {processor.py:830} INFO - Processing file /home/airflow/.local/lib/python3.12/site-packages/airflow/example_dags/example_bash_decorator.py for tasks to queue
[2026-06-01T12:16:37.431+0000] {logging_mixin.py:188} INFO - [2026-06-01T12:16:37.431+0000] {dagbag.py:540} INFO - Filling up the DagBag from /home/airflow/.local/lib/python3.12/site-packages/airflow/example_dags/example_bash_decorator.py
[2026-06-01T12:16:37.444+0000] {processor.py:840} INFO - DAG(s) 'example_bash_decorator' retrieved from /home/airflow/.local/lib/python3.12/site-packages/airflow/example_dags/example_bash_decorator.py
[2026-06-01T12:16:37.467+0000] {logging_mixin.py:188} INFO - [2026-06-01T12:16:37.467+0000] {dag.py:3096} INFO - Sync 1 DAGs
[2026-06-01T12:16:37.479+0000] {logging_mixin.py:188} INFO - [2026-06-01T12:16:37.479+0000] {dag.py:3954} INFO - Setting next_dagrun for example_bash_decorator to None, run_after=None
[2026-06-01T12:16:37.507+0000] {processor.py:183} INFO - Processing /home/airflow/.local/lib/python3.12/site-packages/airflow/example_dags/example_bash_decorator.py took 0.085 seconds
[2026-06-01T12:17:08.530+0000] {processor.py:161} INFO - Started process (PID=44345) to work on /home/airflow/.local/lib/python3.12/site-packages/airflow/example_dags/example_bash_decorator.py
[2026-06-01T12:17:08.531+0000] {processor.py:830} INFO - Processing file /home/airflow/.local/lib/python3.12/site-packages/airflow/example_dags/example_bash_decorator.py for tasks to queue
[2026-06-01T12:17:08.533+0000] {logging_mixin.py:188} INFO - [2026-06-01T12:17:08.533+0000] {dagbag.py:540} INFO - Filling up the DagBag from /home/airflow/.local/lib/python3.12/site-packages/airflow/example_dags/example_bash_decorator.py
[2026-06-01T12:17:08.543+0000] {processor.py:840} INFO - DAG(s) 'example_bash_decorator' retrieved from /home/airflow/.local/lib/python3.12/site-packages/airflow/example_dags/example_bash_decorator.py
[2026-06-01T12:17:08.561+0000] {logging_mixin.py:188} INFO - [2026-06-01T12:17:08.561+0000] {dag.py:3096} INFO - Sync 1 DAGs
[2026-06-01T12:17:08.573+0000] {logging_mixin.py:188} INFO - [2026-06-01T12:17:08.573+0000] {dag.py:3954} INFO - Setting next_dagrun for example_bash_decorator to None, run_after=None
[2026-06-01T12:17:08.588+0000] {processor.py:183} INFO - Processing /home/airflow/.local/lib/python3.12/site-packages/airflow/example_dags/example_bash_decorator.py took 0.063 seconds
[2026-06-01T12:17:39.065+0000] {processor.py:161} INFO - Started process (PID=44404) to work on /home/airflow/.local/lib/python3.12/site-packages/airflow/example_dags/example_bash_decorator.py
[2026-06-01T12:17:39.066+0000] {processor.py:830} INFO - Processing file /home/airflow/.local/lib/python3.12/site-packages/airflow/example_dags/example_bash_decorator.py for tasks to queue
[2026-06-01T12:17:39.068+0000] {logging_mixin.py:188} INFO - [2026-06-01T12:17:39.067+0000] {dagbag.py:540} INFO - Filling up the DagBag from /home/airflow/.local/lib/python3.12/site-packages/airflow/example_dags/example_bash_decorator.py
[2026-06-01T12:17:39.079+0000] {processor.py:840} INFO - DAG(s) 'example_bash_decorator' retrieved from /home/airflow/.local/lib/python3.12/site-packages/airflow/example_dags/example_bash_decorator.py
[2026-06-01T12:17:39.099+0000] {logging_mixin.py:188} INFO - [2026-06-01T12:17:39.099+0000] {dag.py:3096} INFO - Sync 1 DAGs
[2026-06-01T12:17:39.109+0000] {logging_mixin.py:188} INFO - [2026-06-01T12:17:39.109+0000] {dag.py:3954} INFO - Setting next_dagrun for example_bash_decorator to None, run_after=None
[2026-06-01T12:17:39.125+0000] {processor.py:183} INFO - Processing /home/airflow/.local/lib/python3.12/site-packages/airflow/example_dags/example_bash_decorator.py took 0.066 seconds
[2026-06-01T12:18:09.705+0000] {processor.py:161} INFO - Started process (PID=44463) to work on /home/airflow/.local/lib/python3.12/site-packages/airflow/example_dags/example_bash_decorator.py
[2026-06-01T12:18:09.706+0000] {processor.py:830} INFO - Processing file /home/airflow/.local/lib/python3.12/site-packages/airflow/example_dags/example_bash_decorator.py for tasks to queue
[2026-06-01T12:18:09.708+0000] {logging_mixin.py:188} INFO - [2026-06-01T12:18:09.708+0000] {dagbag.py:540} INFO - Filling up the DagBag from /home/airflow/.local/lib/python3.12/site-packages/airflow/example_dags/example_bash_decorator.py
[2026-06-01T12:18:09.720+0000] {processor.py:840} INFO - DAG(s) 'example_bash_decorator' retrieved from /home/airflow/.local/lib/python3.12/site-packages/airflow/example_dags/example_bash_decorator.py
[2026-06-01T12:18:09.741+0000] {logging_mixin.py:188} INFO - [2026-06-01T12:18:09.741+0000] {dag.py:3096} INFO - Sync 1 DAGs
[2026-06-01T12:18:09.755+0000] {logging_mixin.py:188} INFO - [2026-06-01T12:18:09.755+0000] {dag.py:3954} INFO - Setting next_dagrun for example_bash_decorator to None, run_after=None
[2026-06-01T12:18:09.776+0000] {processor.py:183} INFO - Processing /home/airflow/.local/lib/python3.12/site-packages/airflow/example_dags/example_bash_decorator.py took 0.078 seconds
[2026-06-01T12:18:39.944+0000] {processor.py:161} INFO - Started process (PID=44522) to work on /home/airflow/.local/lib/python3.12/site-packages/airflow/example_dags/example_bash_decorator.py
[2026-06-01T12:18:39.945+0000] {processor.py:830} INFO - Processing file /home/airflow/.local/lib/python3.12/site-packages/airflow/example_dags/example_bash_decorator.py for tasks to queue
[2026-06-01T12:18:39.946+0000] {logging_mixin.py:188} INFO - [2026-06-01T12:18:39.946+0000] {dagbag.py:540} INFO - Filling up the DagBag from /home/airflow/.local/lib/python3.12/site-packages/airflow/example_dags/example_bash_decorator.py
[2026-06-01T12:18:39.958+0000] {processor.py:840} INFO - DAG(s) 'example_bash_decorator' retrieved from /home/airflow/.local/lib/python3.12/site-packages/airflow/example_dags/example_bash_decorator.py
[2026-06-01T12:18:39.980+0000] {logging_mixin.py:188} INFO - [2026-06-01T12:18:39.979+0000] {dag.py:3096} INFO - Sync 1 DAGs
[2026-06-01T12:18:39.992+0000] {logging_mixin.py:188} INFO - [2026-06-01T12:18:39.992+0000] {dag.py:3954} INFO - Setting next_dagrun for example_bash_decorator to None, run_after=None
[2026-06-01T12:18:40.013+0000] {processor.py:183} INFO - Processing /home/airflow/.local/lib/python3.12/site-packages/airflow/example_dags/example_bash_decorator.py took 0.074 seconds
[2026-06-01T12:19:10.447+0000] {processor.py:161} INFO - Started process (PID=44581) to work on /home/airflow/.local/lib/python3.12/site-packages/airflow/example_dags/example_bash_decorator.py
[2026-06-01T12:19:10.448+0000] {processor.py:830} INFO - Processing file /home/airflow/.local/lib/python3.12/site-packages/airflow/example_dags/example_bash_decorator.py for tasks to queue
[2026-06-01T12:19:10.450+0000] {logging_mixin.py:188} INFO - [2026-06-01T12:19:10.450+0000] {dagbag.py:540} INFO - Filling up the DagBag from /home/airflow/.local/lib/python3.12/site-packages/airflow/example_dags/example_bash_decorator.py
[2026-06-01T12:19:10.460+0000] {processor.py:840} INFO - DAG(s) 'example_bash_decorator' retrieved from /home/airflow/.local/lib/python3.12/site-packages/airflow/example_dags/example_bash_decorator.py
[2026-06-01T12:19:10.478+0000] {logging_mixin.py:188} INFO - [2026-06-01T12:19:10.478+0000] {dag.py:3096} INFO - Sync 1 DAGs
[2026-06-01T12:19:10.489+0000] {logging_mixin.py:188} INFO - [2026-06-01T12:19:10.489+0000] {dag.py:3954} INFO - Setting next_dagrun for example_bash_decorator to None, run_after=None
[2026-06-01T12:19:10.513+0000] {processor.py:183} INFO - Processing /home/airflow/.local/lib/python3.12/site-packages/airflow/example_dags/example_bash_decorator.py took 0.071 seconds
[2026-06-01T12:19:40.992+0000] {processor.py:161} INFO - Started process (PID=44640) to work on /home/airflow/.local/lib/python3.12/site-packages/airflow/example_dags/example_bash_decorator.py
[2026-06-01T12:19:40.994+0000] {processor.py:830} INFO - Processing file /home/airflow/.local/lib/python3.12/site-packages/airflow/example_dags/example_bash_decorator.py for tasks to queue
[2026-06-01T12:19:40.995+0000] {logging_mixin.py:188} INFO - [2026-06-01T12:19:40.995+0000] {dagbag.py:540} INFO - Filling up the DagBag from /home/airflow/.local/lib/python3.12/site-packages/airflow/example_dags/example_bash_decorator.py
[2026-06-01T12:19:41.006+0000] {processor.py:840} INFO - DAG(s) 'example_bash_decorator' retrieved from /home/airflow/.local/lib/python3.12/site-packages/airflow/example_dags/example_bash_decorator.py
[2026-06-01T12:19:41.025+0000] {logging_mixin.py:188} INFO - [2026-06-01T12:19:41.025+0000] {dag.py:3096} INFO - Sync 1 DAGs
[2026-06-01T12:19:41.035+0000] {logging_mixin.py:188} INFO - [2026-06-01T12:19:41.035+0000] {dag.py:3954} INFO - Setting next_dagrun for example_bash_decorator to None, run_after=None
[2026-06-01T12:19:41.060+0000] {processor.py:183} INFO - Processing /home/airflow/.local/lib/python3.12/site-packages/airflow/example_dags/example_bash_decorator.py took 0.073 seconds
[2026-06-01T12:20:11.495+0000] {processor.py:161} INFO - Started process (PID=44699) to work on /home/airflow/.local/lib/python3.12/site-packages/airflow/example_dags/example_bash_decorator.py
[2026-06-01T12:20:11.496+0000] {processor.py:830} INFO - Processing file /home/airflow/.local/lib/python3.12/site-packages/airflow/example_dags/example_bash_decorator.py for tasks to queue
[2026-06-01T12:20:11.498+0000] {logging_mixin.py:188} INFO - [2026-06-01T12:20:11.497+0000] {dagbag.py:540} INFO - Filling up the DagBag from /home/airflow/.local/lib/python3.12/site-packages/airflow/example_dags/example_bash_decorator.py
[2026-06-01T12:20:11.508+0000] {processor.py:840} INFO - DAG(s) 'example_bash_decorator' retrieved from /home/airflow/.local/lib/python3.12/site-packages/airflow/example_dags/example_bash_decorator.py
[2026-06-01T12:20:11.527+0000] {logging_mixin.py:188} INFO - [2026-06-01T12:20:11.527+0000] {dag.py:3096} INFO - Sync 1 DAGs
[2026-06-01T12:20:11.538+0000] {logging_mixin.py:188} INFO - [2026-06-01T12:20:11.538+0000] {dag.py:3954} INFO - Setting next_dagrun for example_bash_decorator to None, run_after=None
[2026-06-01T12:20:11.555+0000] {processor.py:183} INFO - Processing /home/airflow/.local/lib/python3.12/site-packages/airflow/example_dags/example_bash_decorator.py took 0.065 seconds
[2026-06-01T12:20:41.968+0000] {processor.py:161} INFO - Started process (PID=44758) to work on /home/airflow/.local/lib/python3.12/site-packages/airflow/example_dags/example_bash_decorator.py
[2026-06-01T12:20:41.969+0000] {processor.py:830} INFO - Processing file /home/airflow/.local/lib/python3.12/site-packages/airflow/example_dags/example_bash_decorator.py for tasks to queue
[2026-06-01T12:20:41.971+0000] {logging_mixin.py:188} INFO - [2026-06-01T12:20:41.971+0000] {dagbag.py:540} INFO - Filling up the DagBag from /home/airflow/.local/lib/python3.12/site-packages/airflow/example_dags/example_bash_decorator.py
[2026-06-01T12:20:41.982+0000] {processor.py:840} INFO - DAG(s) 'example_bash_decorator' retrieved from /home/airflow/.local/lib/python3.12/site-packages/airflow/example_dags/example_bash_decorator.py
[2026-06-01T12:20:42.000+0000] {logging_mixin.py:188} INFO - [2026-06-01T12:20:41.999+0000] {dag.py:3096} INFO - Sync 1 DAGs
[2026-06-01T12:20:42.010+0000] {logging_mixin.py:188} INFO - [2026-06-01T12:20:42.009+0000] {dag.py:3954} INFO - Setting next_dagrun for example_bash_decorator to None, run_after=None
[2026-06-01T12:20:42.026+0000] {processor.py:183} INFO - Processing /home/airflow/.local/lib/python3.12/site-packages/airflow/example_dags/example_bash_decorator.py took 0.063 seconds
[2026-06-01T12:21:12.452+0000] {processor.py:161} INFO - Started process (PID=44817) to work on /home/airflow/.local/lib/python3.12/site-packages/airflow/example_dags/example_bash_decorator.py
[2026-06-01T12:21:12.453+0000] {processor.py:830} INFO - Processing file /home/airflow/.local/lib/python3.12/site-packages/airflow/example_dags/example_bash_decorator.py for tasks to queue
[2026-06-01T12:21:12.455+0000] {logging_mixin.py:188} INFO - [2026-06-01T12:21:12.455+0000] {dagbag.py:540} INFO - Filling up the DagBag from /home/airflow/.local/lib/python3.12/site-packages/airflow/example_dags/example_bash_decorator.py
[2026-06-01T12:21:12.466+0000] {processor.py:840} INFO - DAG(s) 'example_bash_decorator' retrieved from /home/airflow/.local/lib/python3.12/site-packages/airflow/example_dags/example_bash_decorator.py
[2026-06-01T12:21:12.486+0000] {logging_mixin.py:188} INFO - [2026-06-01T12:21:12.486+0000] {dag.py:3096} INFO - Sync 1 DAGs
[2026-06-01T12:21:12.498+0000] {logging_mixin.py:188} INFO - [2026-06-01T12:21:12.497+0000] {dag.py:3954} INFO - Setting next_dagrun for example_bash_decorator to None, run_after=None
[2026-06-01T12:21:12.516+0000] {processor.py:183} INFO - Processing /home/airflow/.local/lib/python3.12/site-packages/airflow/example_dags/example_bash_decorator.py took 0.070 seconds
[2026-06-01T12:21:42.876+0000] {processor.py:161} INFO - Started process (PID=44876) to work on /home/airflow/.local/lib/python3.12/site-packages/airflow/example_dags/example_bash_decorator.py
[2026-06-01T12:21:42.877+0000] {processor.py:830} INFO - Processing file /home/airflow/.local/lib/python3.12/site-packages/airflow/example_dags/example_bash_decorator.py for tasks to queue
[2026-06-01T12:21:42.879+0000] {logging_mixin.py:188} INFO - [2026-06-01T12:21:42.878+0000] {dagbag.py:540} INFO - Filling up the DagBag from /home/airflow/.local/lib/python3.12/site-packages/airflow/example_dags/example_bash_decorator.py
[2026-06-01T12:21:42.890+0000] {processor.py:840} INFO - DAG(s) 'example_bash_decorator' retrieved from /home/airflow/.local/lib/python3.12/site-packages/airflow/example_dags/example_bash_decorator.py
[2026-06-01T12:21:42.909+0000] {logging_mixin.py:188} INFO - [2026-06-01T12:21:42.909+0000] {dag.py:3096} INFO - Sync 1 DAGs
[2026-06-01T12:21:42.920+0000] {logging_mixin.py:188} INFO - [2026-06-01T12:21:42.919+0000] {dag.py:3954} INFO - Setting next_dagrun for example_bash_decorator to None, run_after=None
[2026-06-01T12:21:42.943+0000] {processor.py:183} INFO - Processing /home/airflow/.local/lib/python3.12/site-packages/airflow/example_dags/example_bash_decorator.py took 0.072 seconds
[2026-06-01T12:22:13.429+0000] {processor.py:161} INFO - Started process (PID=44935) to work on /home/airflow/.local/lib/python3.12/site-packages/airflow/example_dags/example_bash_decorator.py
[2026-06-01T12:22:13.430+0000] {processor.py:830} INFO - Processing file /home/airflow/.local/lib/python3.12/site-packages/airflow/example_dags/example_bash_decorator.py for tasks to queue
[2026-06-01T12:22:13.432+0000] {logging_mixin.py:188} INFO - [2026-06-01T12:22:13.432+0000] {dagbag.py:540} INFO - Filling up the DagBag from /home/airflow/.local/lib/python3.12/site-packages/airflow/example_dags/example_bash_decorator.py
[2026-06-01T12:22:13.442+0000] {processor.py:840} INFO - DAG(s) 'example_bash_decorator' retrieved from /home/airflow/.local/lib/python3.12/site-packages/airflow/example_dags/example_bash_decorator.py
[2026-06-01T12:22:13.462+0000] {logging_mixin.py:188} INFO - [2026-06-01T12:22:13.462+0000] {dag.py:3096} INFO - Sync 1 DAGs
[2026-06-01T12:22:13.472+0000] {logging_mixin.py:188} INFO - [2026-06-01T12:22:13.472+0000] {dag.py:3954} INFO - Setting next_dagrun for example_bash_decorator to None, run_after=None
[2026-06-01T12:22:13.495+0000] {processor.py:183} INFO - Processing /home/airflow/.local/lib/python3.12/site-packages/airflow/example_dags/example_bash_decorator.py took 0.071 seconds
[2026-06-01T12:22:44.066+0000] {processor.py:161} INFO - Started process (PID=44994) to work on /home/airflow/.local/lib/python3.12/site-packages/airflow/example_dags/example_bash_decorator.py
[2026-06-01T12:22:44.067+0000] {processor.py:830} INFO - Processing file /home/airflow/.local/lib/python3.12/site-packages/airflow/example_dags/example_bash_decorator.py for tasks to queue
[2026-06-01T12:22:44.068+0000] {logging_mixin.py:188} INFO - [2026-06-01T12:22:44.068+0000] {dagbag.py:540} INFO - Filling up the DagBag from /home/airflow/.local/lib/python3.12/site-packages/airflow/example_dags/example_bash_decorator.py
[2026-06-01T12:22:44.080+0000] {processor.py:840} INFO - DAG(s) 'example_bash_decorator' retrieved from /home/airflow/.local/lib/python3.12/site-packages/airflow/example_dags/example_bash_decorator.py
[2026-06-01T12:22:44.098+0000] {logging_mixin.py:188} INFO - [2026-06-01T12:22:44.097+0000] {dag.py:3096} INFO - Sync 1 DAGs
[2026-06-01T12:22:44.108+0000] {logging_mixin.py:188} INFO - [2026-06-01T12:22:44.108+0000] {dag.py:3954} INFO - Setting next_dagrun for example_bash_decorator to None, run_after=None
[2026-06-01T12:22:44.124+0000] {processor.py:183} INFO - Processing /home/airflow/.local/lib/python3.12/site-packages/airflow/example_dags/example_bash_decorator.py took 0.063 seconds
[2026-06-01T12:23:14.481+0000] {processor.py:161} INFO - Started process (PID=45054) to work on /home/airflow/.local/lib/python3.12/site-packages/airflow/example_dags/example_bash_decorator.py
[2026-06-01T12:23:14.483+0000] {processor.py:830} INFO - Processing file /home/airflow/.local/lib/python3.12/site-packages/airflow/example_dags/example_bash_decorator.py for tasks to queue
[2026-06-01T12:23:14.484+0000] {logging_mixin.py:188} INFO - [2026-06-01T12:23:14.484+0000] {dagbag.py:540} INFO - Filling up the DagBag from /home/airflow/.local/lib/python3.12/site-packages/airflow/example_dags/example_bash_decorator.py
[2026-06-01T12:23:14.495+0000] {processor.py:840} INFO - DAG(s) 'example_bash_decorator' retrieved from /home/airflow/.local/lib/python3.12/site-packages/airflow/example_dags/example_bash_decorator.py
[2026-06-01T12:23:14.514+0000] {logging_mixin.py:188} INFO - [2026-06-01T12:23:14.514+0000] {dag.py:3096} INFO - Sync 1 DAGs
[2026-06-01T12:23:14.525+0000] {logging_mixin.py:188} INFO - [2026-06-01T12:23:14.524+0000] {dag.py:3954} INFO - Setting next_dagrun for example_bash_decorator to None, run_after=None
[2026-06-01T12:23:14.549+0000] {processor.py:183} INFO - Processing /home/airflow/.local/lib/python3.12/site-packages/airflow/example_dags/example_bash_decorator.py took 0.073 seconds
[2026-06-01T12:23:45.061+0000] {processor.py:161} INFO - Started process (PID=45113) to work on /home/airflow/.local/lib/python3.12/site-packages/airflow/example_dags/example_bash_decorator.py
[2026-06-01T12:23:45.062+0000] {processor.py:830} INFO - Processing file /home/airflow/.local/lib/python3.12/site-packages/airflow/example_dags/example_bash_decorator.py for tasks to queue
[2026-06-01T12:23:45.063+0000] {logging_mixin.py:188} INFO - [2026-06-01T12:23:45.063+0000] {dagbag.py:540} INFO - Filling up the DagBag from /home/airflow/.local/lib/python3.12/site-packages/airflow/example_dags/example_bash_decorator.py
[2026-06-01T12:23:45.074+0000] {processor.py:840} INFO - DAG(s) 'example_bash_decorator' retrieved from /home/airflow/.local/lib/python3.12/site-packages/airflow/example_dags/example_bash_decorator.py
[2026-06-01T12:23:45.094+0000] {logging_mixin.py:188} INFO - [2026-06-01T12:23:45.094+0000] {dag.py:3096} INFO - Sync 1 DAGs
[2026-06-01T12:23:45.105+0000] {logging_mixin.py:188} INFO - [2026-06-01T12:23:45.105+0000] {dag.py:3954} INFO - Setting next_dagrun for example_bash_decorator to None, run_after=None
[2026-06-01T12:23:45.128+0000] {processor.py:183} INFO - Processing /home/airflow/.local/lib/python3.12/site-packages/airflow/example_dags/example_bash_decorator.py took 0.072 seconds
[2026-06-01T12:24:15.617+0000] {processor.py:161} INFO - Started process (PID=45172) to work on /home/airflow/.local/lib/python3.12/site-packages/airflow/example_dags/example_bash_decorator.py
[2026-06-01T12:24:15.618+0000] {processor.py:830} INFO - Processing file /home/airflow/.local/lib/python3.12/site-packages/airflow/example_dags/example_bash_decorator.py for tasks to queue
[2026-06-01T12:24:15.620+0000] {logging_mixin.py:188} INFO - [2026-06-01T12:24:15.620+0000] {dagbag.py:540} INFO - Filling up the DagBag from /home/airflow/.local/lib/python3.12/site-packages/airflow/example_dags/example_bash_decorator.py
[2026-06-01T12:24:15.631+0000] {processor.py:840} INFO - DAG(s) 'example_bash_decorator' retrieved from /home/airflow/.local/lib/python3.12/site-packages/airflow/example_dags/example_bash_decorator.py
[2026-06-01T12:24:15.651+0000] {logging_mixin.py:188} INFO - [2026-06-01T12:24:15.650+0000] {dag.py:3096} INFO - Sync 1 DAGs
[2026-06-01T12:24:15.661+0000] {logging_mixin.py:188} INFO - [2026-06-01T12:24:15.661+0000] {dag.py:3954} INFO - Setting next_dagrun for example_bash_decorator to None, run_after=None
[2026-06-01T12:24:15.677+0000] {processor.py:183} INFO - Processing /home/airflow/.local/lib/python3.12/site-packages/airflow/example_dags/example_bash_decorator.py took 0.066 seconds
[2026-06-01T12:24:46.302+0000] {processor.py:161} INFO - Started process (PID=45231) to work on /home/airflow/.local/lib/python3.12/site-packages/airflow/example_dags/example_bash_decorator.py
[2026-06-01T12:24:46.303+0000] {processor.py:830} INFO - Processing file /home/airflow/.local/lib/python3.12/site-packages/airflow/example_dags/example_bash_decorator.py for tasks to queue
[2026-06-01T12:24:46.305+0000] {logging_mixin.py:188} INFO - [2026-06-01T12:24:46.304+0000] {dagbag.py:540} INFO - Filling up the DagBag from /home/airflow/.local/lib/python3.12/site-packages/airflow/example_dags/example_bash_decorator.py
[2026-06-01T12:24:46.316+0000] {processor.py:840} INFO - DAG(s) 'example_bash_decorator' retrieved from /home/airflow/.local/lib/python3.12/site-packages/airflow/example_dags/example_bash_decorator.py
[2026-06-01T12:24:46.334+0000] {logging_mixin.py:188} INFO - [2026-06-01T12:24:46.333+0000] {dag.py:3096} INFO - Sync 1 DAGs
[2026-06-01T12:24:46.344+0000] {logging_mixin.py:188} INFO - [2026-06-01T12:24:46.344+0000] {dag.py:3954} INFO - Setting next_dagrun for example_bash_decorator to None, run_after=None
[2026-06-01T12:24:46.361+0000] {processor.py:183} INFO - Processing /home/airflow/.local/lib/python3.12/site-packages/airflow/example_dags/example_bash_decorator.py took 0.064 seconds
[2026-06-01T12:25:16.892+0000] {processor.py:161} INFO - Started process (PID=45290) to work on /home/airflow/.local/lib/python3.12/site-packages/airflow/example_dags/example_bash_decorator.py
[2026-06-01T12:25:16.894+0000] {processor.py:830} INFO - Processing file /home/airflow/.local/lib/python3.12/site-packages/airflow/example_dags/example_bash_decorator.py for tasks to queue
[2026-06-01T12:25:16.896+0000] {logging_mixin.py:188} INFO - [2026-06-01T12:25:16.896+0000] {dagbag.py:540} INFO - Filling up the DagBag from /home/airflow/.local/lib/python3.12/site-packages/airflow/example_dags/example_bash_decorator.py
[2026-06-01T12:25:16.908+0000] {processor.py:840} INFO - DAG(s) 'example_bash_decorator' retrieved from /home/airflow/.local/lib/python3.12/site-packages/airflow/example_dags/example_bash_decorator.py
[2026-06-01T12:25:16.929+0000] {logging_mixin.py:188} INFO - [2026-06-01T12:25:16.929+0000] {dag.py:3096} INFO - Sync 1 DAGs
[2026-06-01T12:25:16.940+0000] {logging_mixin.py:188} INFO - [2026-06-01T12:25:16.939+0000] {dag.py:3954} INFO - Setting next_dagrun for example_bash_decorator to None, run_after=None
[2026-06-01T12:25:16.957+0000] {processor.py:183} INFO - Processing /home/airflow/.local/lib/python3.12/site-packages/airflow/example_dags/example_bash_decorator.py took 0.070 seconds
[2026-06-01T12:25:47.375+0000] {processor.py:161} INFO - Started process (PID=45349) to work on /home/airflow/.local/lib/python3.12/site-packages/airflow/example_dags/example_bash_decorator.py
[2026-06-01T12:25:47.376+0000] {processor.py:830} INFO - Processing file /home/airflow/.local/lib/python3.12/site-packages/airflow/example_dags/example_bash_decorator.py for tasks to queue
[2026-06-01T12:25:47.378+0000] {logging_mixin.py:188} INFO - [2026-06-01T12:25:47.378+0000] {dagbag.py:540} INFO - Filling up the DagBag from /home/airflow/.local/lib/python3.12/site-packages/airflow/example_dags/example_bash_decorator.py
[2026-06-01T12:25:47.397+0000] {processor.py:840} INFO - DAG(s) 'example_bash_decorator' retrieved from /home/airflow/.local/lib/python3.12/site-packages/airflow/example_dags/example_bash_decorator.py
[2026-06-01T12:25:47.432+0000] {logging_mixin.py:188} INFO - [2026-06-01T12:25:47.432+0000] {dag.py:3096} INFO - Sync 1 DAGs
[2026-06-01T12:25:47.445+0000] {logging_mixin.py:188} INFO - [2026-06-01T12:25:47.444+0000] {dag.py:3954} INFO - Setting next_dagrun for example_bash_decorator to None, run_after=None
[2026-06-01T12:25:47.462+0000] {processor.py:183} INFO - Processing /home/airflow/.local/lib/python3.12/site-packages/airflow/example_dags/example_bash_decorator.py took 0.097 seconds
[2026-06-01T12:26:18.043+0000] {processor.py:161} INFO - Started process (PID=45408) to work on /home/airflow/.local/lib/python3.12/site-packages/airflow/example_dags/example_bash_decorator.py
[2026-06-01T12:26:18.044+0000] {processor.py:830} INFO - Processing file /home/airflow/.local/lib/python3.12/site-packages/airflow/example_dags/example_bash_decorator.py for tasks to queue
[2026-06-01T12:26:18.046+0000] {logging_mixin.py:188} INFO - [2026-06-01T12:26:18.046+0000] {dagbag.py:540} INFO - Filling up the DagBag from /home/airflow/.local/lib/python3.12/site-packages/airflow/example_dags/example_bash_decorator.py
[2026-06-01T12:26:18.057+0000] {processor.py:840} INFO - DAG(s) 'example_bash_decorator' retrieved from /home/airflow/.local/lib/python3.12/site-packages/airflow/example_dags/example_bash_decorator.py
[2026-06-01T12:26:18.079+0000] {logging_mixin.py:188} INFO - [2026-06-01T12:26:18.079+0000] {dag.py:3096} INFO - Sync 1 DAGs
[2026-06-01T12:26:18.095+0000] {logging_mixin.py:188} INFO - [2026-06-01T12:26:18.095+0000] {dag.py:3954} INFO - Setting next_dagrun for example_bash_decorator to None, run_after=None
[2026-06-01T12:26:18.115+0000] {processor.py:183} INFO - Processing /home/airflow/.local/lib/python3.12/site-packages/airflow/example_dags/example_bash_decorator.py took 0.077 seconds
[2026-06-01T12:26:48.565+0000] {processor.py:161} INFO - Started process (PID=45467) to work on /home/airflow/.local/lib/python3.12/site-packages/airflow/example_dags/example_bash_decorator.py
[2026-06-01T12:26:48.566+0000] {processor.py:830} INFO - Processing file /home/airflow/.local/lib/python3.12/site-packages/airflow/example_dags/example_bash_decorator.py for tasks to queue
[2026-06-01T12:26:48.567+0000] {logging_mixin.py:188} INFO - [2026-06-01T12:26:48.567+0000] {dagbag.py:540} INFO - Filling up the DagBag from /home/airflow/.local/lib/python3.12/site-packages/airflow/example_dags/example_bash_decorator.py
[2026-06-01T12:26:48.580+0000] {processor.py:840} INFO - DAG(s) 'example_bash_decorator' retrieved from /home/airflow/.local/lib/python3.12/site-packages/airflow/example_dags/example_bash_decorator.py
[2026-06-01T12:26:48.598+0000] {logging_mixin.py:188} INFO - [2026-06-01T12:26:48.598+0000] {dag.py:3096} INFO - Sync 1 DAGs
[2026-06-01T12:26:48.608+0000] {logging_mixin.py:188} INFO - [2026-06-01T12:26:48.608+0000] {dag.py:3954} INFO - Setting next_dagrun for example_bash_decorator to None, run_after=None
[2026-06-01T12:26:48.634+0000] {processor.py:183} INFO - Processing /home/airflow/.local/lib/python3.12/site-packages/airflow/example_dags/example_bash_decorator.py took 0.073 seconds
[2026-06-01T12:27:19.016+0000] {processor.py:161} INFO - Started process (PID=45526) to work on /home/airflow/.local/lib/python3.12/site-packages/airflow/example_dags/example_bash_decorator.py
[2026-06-01T12:27:19.018+0000] {processor.py:830} INFO - Processing file /home/airflow/.local/lib/python3.12/site-packages/airflow/example_dags/example_bash_decorator.py for tasks to queue
[2026-06-01T12:27:19.019+0000] {logging_mixin.py:188} INFO - [2026-06-01T12:27:19.019+0000] {dagbag.py:540} INFO - Filling up the DagBag from /home/airflow/.local/lib/python3.12/site-packages/airflow/example_dags/example_bash_decorator.py
[2026-06-01T12:27:19.030+0000] {processor.py:840} INFO - DAG(s) 'example_bash_decorator' retrieved from /home/airflow/.local/lib/python3.12/site-packages/airflow/example_dags/example_bash_decorator.py
[2026-06-01T12:27:19.049+0000] {logging_mixin.py:188} INFO - [2026-06-01T12:27:19.049+0000] {dag.py:3096} INFO - Sync 1 DAGs
[2026-06-01T12:27:19.060+0000] {logging_mixin.py:188} INFO - [2026-06-01T12:27:19.060+0000] {dag.py:3954} INFO - Setting next_dagrun for example_bash_decorator to None, run_after=None
[2026-06-01T12:27:19.078+0000] {processor.py:183} INFO - Processing /home/airflow/.local/lib/python3.12/site-packages/airflow/example_dags/example_bash_decorator.py took 0.066 seconds
[2026-06-01T12:27:49.524+0000] {processor.py:161} INFO - Started process (PID=45585) to work on /home/airflow/.local/lib/python3.12/site-packages/airflow/example_dags/example_bash_decorator.py
[2026-06-01T12:27:49.524+0000] {processor.py:830} INFO - Processing file /home/airflow/.local/lib/python3.12/site-packages/airflow/example_dags/example_bash_decorator.py for tasks to queue
[2026-06-01T12:27:49.526+0000] {logging_mixin.py:188} INFO - [2026-06-01T12:27:49.526+0000] {dagbag.py:540} INFO - Filling up the DagBag from /home/airflow/.local/lib/python3.12/site-packages/airflow/example_dags/example_bash_decorator.py
[2026-06-01T12:27:49.537+0000] {processor.py:840} INFO - DAG(s) 'example_bash_decorator' retrieved from /home/airflow/.local/lib/python3.12/site-packages/airflow/example_dags/example_bash_decorator.py
[2026-06-01T12:27:49.555+0000] {logging_mixin.py:188} INFO - [2026-06-01T12:27:49.555+0000] {dag.py:3096} INFO - Sync 1 DAGs
[2026-06-01T12:27:49.566+0000] {logging_mixin.py:188} INFO - [2026-06-01T12:27:49.566+0000] {dag.py:3954} INFO - Setting next_dagrun for example_bash_decorator to None, run_after=None
[2026-06-01T12:27:49.591+0000] {processor.py:183} INFO - Processing /home/airflow/.local/lib/python3.12/site-packages/airflow/example_dags/example_bash_decorator.py took 0.072 seconds
[2026-06-01T12:28:20.091+0000] {processor.py:161} INFO - Started process (PID=45644) to work on /home/airflow/.local/lib/python3.12/site-packages/airflow/example_dags/example_bash_decorator.py
[2026-06-01T12:28:20.092+0000] {processor.py:830} INFO - Processing file /home/airflow/.local/lib/python3.12/site-packages/airflow/example_dags/example_bash_decorator.py for tasks to queue
[2026-06-01T12:28:20.094+0000] {logging_mixin.py:188} INFO - [2026-06-01T12:28:20.094+0000] {dagbag.py:540} INFO - Filling up the DagBag from /home/airflow/.local/lib/python3.12/site-packages/airflow/example_dags/example_bash_decorator.py
[2026-06-01T12:28:20.105+0000] {processor.py:840} INFO - DAG(s) 'example_bash_decorator' retrieved from /home/airflow/.local/lib/python3.12/site-packages/airflow/example_dags/example_bash_decorator.py
[2026-06-01T12:28:20.122+0000] {logging_mixin.py:188} INFO - [2026-06-01T12:28:20.122+0000] {dag.py:3096} INFO - Sync 1 DAGs
[2026-06-01T12:28:20.132+0000] {logging_mixin.py:188} INFO - [2026-06-01T12:28:20.132+0000] {dag.py:3954} INFO - Setting next_dagrun for example_bash_decorator to None, run_after=None
[2026-06-01T12:28:20.149+0000] {processor.py:183} INFO - Processing /home/airflow/.local/lib/python3.12/site-packages/airflow/example_dags/example_bash_decorator.py took 0.063 seconds
[2026-06-01T12:28:50.617+0000] {processor.py:161} INFO - Started process (PID=45703) to work on /home/airflow/.local/lib/python3.12/site-packages/airflow/example_dags/example_bash_decorator.py
[2026-06-01T12:28:50.618+0000] {processor.py:830} INFO - Processing file /home/airflow/.local/lib/python3.12/site-packages/airflow/example_dags/example_bash_decorator.py for tasks to queue
[2026-06-01T12:28:50.619+0000] {logging_mixin.py:188} INFO - [2026-06-01T12:28:50.619+0000] {dagbag.py:540} INFO - Filling up the DagBag from /home/airflow/.local/lib/python3.12/site-packages/airflow/example_dags/example_bash_decorator.py
[2026-06-01T12:28:50.630+0000] {processor.py:840} INFO - DAG(s) 'example_bash_decorator' retrieved from /home/airflow/.local/lib/python3.12/site-packages/airflow/example_dags/example_bash_decorator.py
[2026-06-01T12:28:50.648+0000] {logging_mixin.py:188} INFO - [2026-06-01T12:28:50.648+0000] {dag.py:3096} INFO - Sync 1 DAGs
[2026-06-01T12:28:50.659+0000] {logging_mixin.py:188} INFO - [2026-06-01T12:28:50.659+0000] {dag.py:3954} INFO - Setting next_dagrun for example_bash_decorator to None, run_after=None
[2026-06-01T12:28:50.675+0000] {processor.py:183} INFO - Processing /home/airflow/.local/lib/python3.12/site-packages/airflow/example_dags/example_bash_decorator.py took 0.063 seconds
[2026-06-01T12:29:21.128+0000] {processor.py:161} INFO - Started process (PID=45762) to work on /home/airflow/.local/lib/python3.12/site-packages/airflow/example_dags/example_bash_decorator.py
[2026-06-01T12:29:21.129+0000] {processor.py:830} INFO - Processing file /home/airflow/.local/lib/python3.12/site-packages/airflow/example_dags/example_bash_decorator.py for tasks to queue
[2026-06-01T12:29:21.131+0000] {logging_mixin.py:188} INFO - [2026-06-01T12:29:21.130+0000] {dagbag.py:540} INFO - Filling up the DagBag from /home/airflow/.local/lib/python3.12/site-packages/airflow/example_dags/example_bash_decorator.py
[2026-06-01T12:29:21.142+0000] {processor.py:840} INFO - DAG(s) 'example_bash_decorator' retrieved from /home/airflow/.local/lib/python3.12/site-packages/airflow/example_dags/example_bash_decorator.py
[2026-06-01T12:29:21.163+0000] {logging_mixin.py:188} INFO - [2026-06-01T12:29:21.163+0000] {dag.py:3096} INFO - Sync 1 DAGs
[2026-06-01T12:29:21.176+0000] {logging_mixin.py:188} INFO - [2026-06-01T12:29:21.176+0000] {dag.py:3954} INFO - Setting next_dagrun for example_bash_decorator to None, run_after=None
[2026-06-01T12:29:21.195+0000] {processor.py:183} INFO - Processing /home/airflow/.local/lib/python3.12/site-packages/airflow/example_dags/example_bash_decorator.py took 0.072 seconds
[2026-06-01T12:29:51.876+0000] {processor.py:161} INFO - Started process (PID=45821) to work on /home/airflow/.local/lib/python3.12/site-packages/airflow/example_dags/example_bash_decorator.py
[2026-06-01T12:29:51.877+0000] {processor.py:830} INFO - Processing file /home/airflow/.local/lib/python3.12/site-packages/airflow/example_dags/example_bash_decorator.py for tasks to queue
[2026-06-01T12:29:51.879+0000] {logging_mixin.py:188} INFO - [2026-06-01T12:29:51.879+0000] {dagbag.py:540} INFO - Filling up the DagBag from /home/airflow/.local/lib/python3.12/site-packages/airflow/example_dags/example_bash_decorator.py
[2026-06-01T12:29:51.891+0000] {processor.py:840} INFO - DAG(s) 'example_bash_decorator' retrieved from /home/airflow/.local/lib/python3.12/site-packages/airflow/example_dags/example_bash_decorator.py
[2026-06-01T12:29:51.913+0000] {logging_mixin.py:188} INFO - [2026-06-01T12:29:51.913+0000] {dag.py:3096} INFO - Sync 1 DAGs
[2026-06-01T12:29:51.929+0000] {logging_mixin.py:188} INFO - [2026-06-01T12:29:51.929+0000] {dag.py:3954} INFO - Setting next_dagrun for example_bash_decorator to None, run_after=None
[2026-06-01T12:29:51.949+0000] {processor.py:183} INFO - Processing /home/airflow/.local/lib/python3.12/site-packages/airflow/example_dags/example_bash_decorator.py took 0.078 seconds
[2026-06-01T12:30:22.082+0000] {processor.py:161} INFO - Started process (PID=45880) to work on /home/airflow/.local/lib/python3.12/site-packages/airflow/example_dags/example_bash_decorator.py
[2026-06-01T12:30:22.084+0000] {processor.py:830} INFO - Processing file /home/airflow/.local/lib/python3.12/site-packages/airflow/example_dags/example_bash_decorator.py for tasks to queue
[2026-06-01T12:30:22.086+0000] {logging_mixin.py:188} INFO - [2026-06-01T12:30:22.086+0000] {dagbag.py:540} INFO - Filling up the DagBag from /home/airflow/.local/lib/python3.12/site-packages/airflow/example_dags/example_bash_decorator.py
[2026-06-01T12:30:22.097+0000] {processor.py:840} INFO - DAG(s) 'example_bash_decorator' retrieved from /home/airflow/.local/lib/python3.12/site-packages/airflow/example_dags/example_bash_decorator.py
[2026-06-01T12:30:22.119+0000] {logging_mixin.py:188} INFO - [2026-06-01T12:30:22.118+0000] {dag.py:3096} INFO - Sync 1 DAGs
[2026-06-01T12:30:22.132+0000] {logging_mixin.py:188} INFO - [2026-06-01T12:30:22.132+0000] {dag.py:3954} INFO - Setting next_dagrun for example_bash_decorator to None, run_after=None
[2026-06-01T12:30:22.155+0000] {processor.py:183} INFO - Processing /home/airflow/.local/lib/python3.12/site-packages/airflow/example_dags/example_bash_decorator.py took 0.078 seconds
[2026-06-01T12:30:53.056+0000] {processor.py:161} INFO - Started process (PID=45939) to work on /home/airflow/.local/lib/python3.12/site-packages/airflow/example_dags/example_bash_decorator.py
[2026-06-01T12:30:53.057+0000] {processor.py:830} INFO - Processing file /home/airflow/.local/lib/python3.12/site-packages/airflow/example_dags/example_bash_decorator.py for tasks to queue
[2026-06-01T12:30:53.060+0000] {logging_mixin.py:188} INFO - [2026-06-01T12:30:53.059+0000] {dagbag.py:540} INFO - Filling up the DagBag from /home/airflow/.local/lib/python3.12/site-packages/airflow/example_dags/example_bash_decorator.py
[2026-06-01T12:30:53.071+0000] {processor.py:840} INFO - DAG(s) 'example_bash_decorator' retrieved from /home/airflow/.local/lib/python3.12/site-packages/airflow/example_dags/example_bash_decorator.py
[2026-06-01T12:30:53.091+0000] {logging_mixin.py:188} INFO - [2026-06-01T12:30:53.091+0000] {dag.py:3096} INFO - Sync 1 DAGs
[2026-06-01T12:30:53.102+0000] {logging_mixin.py:188} INFO - [2026-06-01T12:30:53.102+0000] {dag.py:3954} INFO - Setting next_dagrun for example_bash_decorator to None, run_after=None
[2026-06-01T12:30:53.122+0000] {processor.py:183} INFO - Processing /home/airflow/.local/lib/python3.12/site-packages/airflow/example_dags/example_bash_decorator.py took 0.071 seconds
[2026-06-01T12:31:23.276+0000] {processor.py:161} INFO - Started process (PID=45998) to work on /home/airflow/.local/lib/python3.12/site-packages/airflow/example_dags/example_bash_decorator.py
[2026-06-01T12:31:23.277+0000] {processor.py:830} INFO - Processing file /home/airflow/.local/lib/python3.12/site-packages/airflow/example_dags/example_bash_decorator.py for tasks to queue
[2026-06-01T12:31:23.279+0000] {logging_mixin.py:188} INFO - [2026-06-01T12:31:23.279+0000] {dagbag.py:540} INFO - Filling up the DagBag from /home/airflow/.local/lib/python3.12/site-packages/airflow/example_dags/example_bash_decorator.py
[2026-06-01T12:31:23.290+0000] {processor.py:840} INFO - DAG(s) 'example_bash_decorator' retrieved from /home/airflow/.local/lib/python3.12/site-packages/airflow/example_dags/example_bash_decorator.py
[2026-06-01T12:31:23.310+0000] {logging_mixin.py:188} INFO - [2026-06-01T12:31:23.310+0000] {dag.py:3096} INFO - Sync 1 DAGs
[2026-06-01T12:31:23.320+0000] {logging_mixin.py:188} INFO - [2026-06-01T12:31:23.320+0000] {dag.py:3954} INFO - Setting next_dagrun for example_bash_decorator to None, run_after=None
[2026-06-01T12:31:23.336+0000] {processor.py:183} INFO - Processing /home/airflow/.local/lib/python3.12/site-packages/airflow/example_dags/example_bash_decorator.py took 0.065 seconds
[2026-06-01T12:31:53.576+0000] {processor.py:161} INFO - Started process (PID=46057) to work on /home/airflow/.local/lib/python3.12/site-packages/airflow/example_dags/example_bash_decorator.py
[2026-06-01T12:31:53.578+0000] {processor.py:830} INFO - Processing file /home/airflow/.local/lib/python3.12/site-packages/airflow/example_dags/example_bash_decorator.py for tasks to queue
[2026-06-01T12:31:53.580+0000] {logging_mixin.py:188} INFO - [2026-06-01T12:31:53.580+0000] {dagbag.py:540} INFO - Filling up the DagBag from /home/airflow/.local/lib/python3.12/site-packages/airflow/example_dags/example_bash_decorator.py
[2026-06-01T12:31:53.595+0000] {processor.py:840} INFO - DAG(s) 'example_bash_decorator' retrieved from /home/airflow/.local/lib/python3.12/site-packages/airflow/example_dags/example_bash_decorator.py
[2026-06-01T12:31:53.619+0000] {logging_mixin.py:188} INFO - [2026-06-01T12:31:53.618+0000] {dag.py:3096} INFO - Sync 1 DAGs
[2026-06-01T12:31:53.631+0000] {logging_mixin.py:188} INFO - [2026-06-01T12:31:53.631+0000] {dag.py:3954} INFO - Setting next_dagrun for example_bash_decorator to None, run_after=None
[2026-06-01T12:31:53.655+0000] {processor.py:183} INFO - Processing /home/airflow/.local/lib/python3.12/site-packages/airflow/example_dags/example_bash_decorator.py took 0.085 seconds
[2026-06-01T12:32:24.071+0000] {processor.py:161} INFO - Started process (PID=46122) to work on /home/airflow/.local/lib/python3.12/site-packages/airflow/example_dags/example_bash_decorator.py
[2026-06-01T12:32:24.072+0000] {processor.py:830} INFO - Processing file /home/airflow/.local/lib/python3.12/site-packages/airflow/example_dags/example_bash_decorator.py for tasks to queue
[2026-06-01T12:32:24.074+0000] {logging_mixin.py:188} INFO - [2026-06-01T12:32:24.074+0000] {dagbag.py:540} INFO - Filling up the DagBag from /home/airflow/.local/lib/python3.12/site-packages/airflow/example_dags/example_bash_decorator.py
[2026-06-01T12:32:24.086+0000] {processor.py:840} INFO - DAG(s) 'example_bash_decorator' retrieved from /home/airflow/.local/lib/python3.12/site-packages/airflow/example_dags/example_bash_decorator.py
[2026-06-01T12:32:24.112+0000] {logging_mixin.py:188} INFO - [2026-06-01T12:32:24.112+0000] {dag.py:3096} INFO - Sync 1 DAGs
[2026-06-01T12:32:24.127+0000] {logging_mixin.py:188} INFO - [2026-06-01T12:32:24.126+0000] {dag.py:3954} INFO - Setting next_dagrun for example_bash_decorator to None, run_after=None
[2026-06-01T12:32:24.146+0000] {processor.py:183} INFO - Processing /home/airflow/.local/lib/python3.12/site-packages/airflow/example_dags/example_bash_decorator.py took 0.081 seconds
[2026-06-01T12:32:54.181+0000] {processor.py:161} INFO - Started process (PID=46180) to work on /home/airflow/.local/lib/python3.12/site-packages/airflow/example_dags/example_bash_decorator.py
[2026-06-01T12:32:54.183+0000] {processor.py:830} INFO - Processing file /home/airflow/.local/lib/python3.12/site-packages/airflow/example_dags/example_bash_decorator.py for tasks to queue
[2026-06-01T12:32:54.184+0000] {logging_mixin.py:188} INFO - [2026-06-01T12:32:54.184+0000] {dagbag.py:540} INFO - Filling up the DagBag from /home/airflow/.local/lib/python3.12/site-packages/airflow/example_dags/example_bash_decorator.py
[2026-06-01T12:32:54.197+0000] {processor.py:840} INFO - DAG(s) 'example_bash_decorator' retrieved from /home/airflow/.local/lib/python3.12/site-packages/airflow/example_dags/example_bash_decorator.py
[2026-06-01T12:32:54.214+0000] {logging_mixin.py:188} INFO - [2026-06-01T12:32:54.214+0000] {dag.py:3096} INFO - Sync 1 DAGs
[2026-06-01T12:32:54.224+0000] {logging_mixin.py:188} INFO - [2026-06-01T12:32:54.224+0000] {dag.py:3954} INFO - Setting next_dagrun for example_bash_decorator to None, run_after=None
[2026-06-01T12:32:54.238+0000] {processor.py:183} INFO - Processing /home/airflow/.local/lib/python3.12/site-packages/airflow/example_dags/example_bash_decorator.py took 0.062 seconds
[2026-06-01T12:33:24.496+0000] {processor.py:161} INFO - Started process (PID=46240) to work on /home/airflow/.local/lib/python3.12/site-packages/airflow/example_dags/example_bash_decorator.py
[2026-06-01T12:33:24.498+0000] {processor.py:830} INFO - Processing file /home/airflow/.local/lib/python3.12/site-packages/airflow/example_dags/example_bash_decorator.py for tasks to queue
[2026-06-01T12:33:24.500+0000] {logging_mixin.py:188} INFO - [2026-06-01T12:33:24.500+0000] {dagbag.py:540} INFO - Filling up the DagBag from /home/airflow/.local/lib/python3.12/site-packages/airflow/example_dags/example_bash_decorator.py
[2026-06-01T12:33:24.514+0000] {processor.py:840} INFO - DAG(s) 'example_bash_decorator' retrieved from /home/airflow/.local/lib/python3.12/site-packages/airflow/example_dags/example_bash_decorator.py
[2026-06-01T12:33:24.534+0000] {logging_mixin.py:188} INFO - [2026-06-01T12:33:24.534+0000] {dag.py:3096} INFO - Sync 1 DAGs
[2026-06-01T12:33:24.547+0000] {logging_mixin.py:188} INFO - [2026-06-01T12:33:24.546+0000] {dag.py:3954} INFO - Setting next_dagrun for example_bash_decorator to None, run_after=None
[2026-06-01T12:33:24.569+0000] {processor.py:183} INFO - Processing /home/airflow/.local/lib/python3.12/site-packages/airflow/example_dags/example_bash_decorator.py took 0.079 seconds
[2026-06-01T12:33:55.002+0000] {processor.py:161} INFO - Started process (PID=46299) to work on /home/airflow/.local/lib/python3.12/site-packages/airflow/example_dags/example_bash_decorator.py
[2026-06-01T12:33:55.003+0000] {processor.py:830} INFO - Processing file /home/airflow/.local/lib/python3.12/site-packages/airflow/example_dags/example_bash_decorator.py for tasks to queue
[2026-06-01T12:33:55.004+0000] {logging_mixin.py:188} INFO - [2026-06-01T12:33:55.004+0000] {dagbag.py:540} INFO - Filling up the DagBag from /home/airflow/.local/lib/python3.12/site-packages/airflow/example_dags/example_bash_decorator.py
[2026-06-01T12:33:55.014+0000] {processor.py:840} INFO - DAG(s) 'example_bash_decorator' retrieved from /home/airflow/.local/lib/python3.12/site-packages/airflow/example_dags/example_bash_decorator.py
[2026-06-01T12:33:55.035+0000] {logging_mixin.py:188} INFO - [2026-06-01T12:33:55.035+0000] {dag.py:3096} INFO - Sync 1 DAGs
[2026-06-01T12:33:55.046+0000] {logging_mixin.py:188} INFO - [2026-06-01T12:33:55.045+0000] {dag.py:3954} INFO - Setting next_dagrun for example_bash_decorator to None, run_after=None
[2026-06-01T12:33:55.063+0000] {processor.py:183} INFO - Processing /home/airflow/.local/lib/python3.12/site-packages/airflow/example_dags/example_bash_decorator.py took 0.067 seconds
[2026-06-01T12:34:25.674+0000] {processor.py:161} INFO - Started process (PID=46358) to work on /home/airflow/.local/lib/python3.12/site-packages/airflow/example_dags/example_bash_decorator.py
[2026-06-01T12:34:25.676+0000] {processor.py:830} INFO - Processing file /home/airflow/.local/lib/python3.12/site-packages/airflow/example_dags/example_bash_decorator.py for tasks to queue
[2026-06-01T12:34:25.678+0000] {logging_mixin.py:188} INFO - [2026-06-01T12:34:25.678+0000] {dagbag.py:540} INFO - Filling up the DagBag from /home/airflow/.local/lib/python3.12/site-packages/airflow/example_dags/example_bash_decorator.py
[2026-06-01T12:34:25.690+0000] {processor.py:840} INFO - DAG(s) 'example_bash_decorator' retrieved from /home/airflow/.local/lib/python3.12/site-packages/airflow/example_dags/example_bash_decorator.py
[2026-06-01T12:34:25.713+0000] {logging_mixin.py:188} INFO - [2026-06-01T12:34:25.712+0000] {dag.py:3096} INFO - Sync 1 DAGs
[2026-06-01T12:34:25.726+0000] {logging_mixin.py:188} INFO - [2026-06-01T12:34:25.725+0000] {dag.py:3954} INFO - Setting next_dagrun for example_bash_decorator to None, run_after=None
[2026-06-01T12:34:25.747+0000] {processor.py:183} INFO - Processing /home/airflow/.local/lib/python3.12/site-packages/airflow/example_dags/example_bash_decorator.py took 0.083 seconds
[2026-06-01T12:34:56.099+0000] {processor.py:161} INFO - Started process (PID=46417) to work on /home/airflow/.local/lib/python3.12/site-packages/airflow/example_dags/example_bash_decorator.py
[2026-06-01T12:34:56.100+0000] {processor.py:830} INFO - Processing file /home/airflow/.local/lib/python3.12/site-packages/airflow/example_dags/example_bash_decorator.py for tasks to queue
[2026-06-01T12:34:56.102+0000] {logging_mixin.py:188} INFO - [2026-06-01T12:34:56.101+0000] {dagbag.py:540} INFO - Filling up the DagBag from /home/airflow/.local/lib/python3.12/site-packages/airflow/example_dags/example_bash_decorator.py
[2026-06-01T12:34:56.113+0000] {processor.py:840} INFO - DAG(s) 'example_bash_decorator' retrieved from /home/airflow/.local/lib/python3.12/site-packages/airflow/example_dags/example_bash_decorator.py
[2026-06-01T12:34:56.133+0000] {logging_mixin.py:188} INFO - [2026-06-01T12:34:56.133+0000] {dag.py:3096} INFO - Sync 1 DAGs
[2026-06-01T12:34:56.144+0000] {logging_mixin.py:188} INFO - [2026-06-01T12:34:56.144+0000] {dag.py:3954} INFO - Setting next_dagrun for example_bash_decorator to None, run_after=None
[2026-06-01T12:34:56.160+0000] {processor.py:183} INFO - Processing /home/airflow/.local/lib/python3.12/site-packages/airflow/example_dags/example_bash_decorator.py took 0.067 seconds
[2026-06-01T12:35:26.241+0000] {processor.py:161} INFO - Started process (PID=46476) to work on /home/airflow/.local/lib/python3.12/site-packages/airflow/example_dags/example_bash_decorator.py
[2026-06-01T12:35:26.242+0000] {processor.py:830} INFO - Processing file /home/airflow/.local/lib/python3.12/site-packages/airflow/example_dags/example_bash_decorator.py for tasks to queue
[2026-06-01T12:35:26.244+0000] {logging_mixin.py:188} INFO - [2026-06-01T12:35:26.244+0000] {dagbag.py:540} INFO - Filling up the DagBag from /home/airflow/.local/lib/python3.12/site-packages/airflow/example_dags/example_bash_decorator.py
[2026-06-01T12:35:26.255+0000] {processor.py:840} INFO - DAG(s) 'example_bash_decorator' retrieved from /home/airflow/.local/lib/python3.12/site-packages/airflow/example_dags/example_bash_decorator.py
[2026-06-01T12:35:26.273+0000] {logging_mixin.py:188} INFO - [2026-06-01T12:35:26.272+0000] {dag.py:3096} INFO - Sync 1 DAGs
[2026-06-01T12:35:26.403+0000] {logging_mixin.py:188} INFO - [2026-06-01T12:35:26.403+0000] {dag.py:3954} INFO - Setting next_dagrun for example_bash_decorator to None, run_after=None
[2026-06-01T12:35:26.419+0000] {processor.py:183} INFO - Processing /home/airflow/.local/lib/python3.12/site-packages/airflow/example_dags/example_bash_decorator.py took 0.182 seconds
[2026-06-01T12:35:56.735+0000] {processor.py:161} INFO - Started process (PID=46535) to work on /home/airflow/.local/lib/python3.12/site-packages/airflow/example_dags/example_bash_decorator.py
[2026-06-01T12:35:56.738+0000] {processor.py:830} INFO - Processing file /home/airflow/.local/lib/python3.12/site-packages/airflow/example_dags/example_bash_decorator.py for tasks to queue
[2026-06-01T12:35:56.741+0000] {logging_mixin.py:188} INFO - [2026-06-01T12:35:56.741+0000] {dagbag.py:540} INFO - Filling up the DagBag from /home/airflow/.local/lib/python3.12/site-packages/airflow/example_dags/example_bash_decorator.py
[2026-06-01T12:35:56.770+0000] {processor.py:840} INFO - DAG(s) 'example_bash_decorator' retrieved from /home/airflow/.local/lib/python3.12/site-packages/airflow/example_dags/example_bash_decorator.py
[2026-06-01T12:35:56.810+0000] {logging_mixin.py:188} INFO - [2026-06-01T12:35:56.810+0000] {dag.py:3096} INFO - Sync 1 DAGs
[2026-06-01T12:35:56.943+0000] {logging_mixin.py:188} INFO - [2026-06-01T12:35:56.943+0000] {dag.py:3954} INFO - Setting next_dagrun for example_bash_decorator to None, run_after=None
[2026-06-01T12:35:56.959+0000] {processor.py:183} INFO - Processing /home/airflow/.local/lib/python3.12/site-packages/airflow/example_dags/example_bash_decorator.py took 0.235 seconds
[2026-06-01T12:36:27.022+0000] {processor.py:161} INFO - Started process (PID=46595) to work on /home/airflow/.local/lib/python3.12/site-packages/airflow/example_dags/example_bash_decorator.py
[2026-06-01T12:36:27.024+0000] {processor.py:830} INFO - Processing file /home/airflow/.local/lib/python3.12/site-packages/airflow/example_dags/example_bash_decorator.py for tasks to queue
[2026-06-01T12:36:27.028+0000] {logging_mixin.py:188} INFO - [2026-06-01T12:36:27.028+0000] {dagbag.py:540} INFO - Filling up the DagBag from /home/airflow/.local/lib/python3.12/site-packages/airflow/example_dags/example_bash_decorator.py
[2026-06-01T12:36:27.046+0000] {processor.py:840} INFO - DAG(s) 'example_bash_decorator' retrieved from /home/airflow/.local/lib/python3.12/site-packages/airflow/example_dags/example_bash_decorator.py
[2026-06-01T12:36:27.073+0000] {logging_mixin.py:188} INFO - [2026-06-01T12:36:27.072+0000] {dag.py:3096} INFO - Sync 1 DAGs
[2026-06-01T12:36:27.089+0000] {logging_mixin.py:188} INFO - [2026-06-01T12:36:27.089+0000] {dag.py:3954} INFO - Setting next_dagrun for example_bash_decorator to None, run_after=None
[2026-06-01T12:36:27.283+0000] {processor.py:183} INFO - Processing /home/airflow/.local/lib/python3.12/site-packages/airflow/example_dags/example_bash_decorator.py took 0.268 seconds
[2026-06-01T12:36:57.914+0000] {processor.py:161} INFO - Started process (PID=46653) to work on /home/airflow/.local/lib/python3.12/site-packages/airflow/example_dags/example_bash_decorator.py
[2026-06-01T12:36:57.915+0000] {processor.py:830} INFO - Processing file /home/airflow/.local/lib/python3.12/site-packages/airflow/example_dags/example_bash_decorator.py for tasks to queue
[2026-06-01T12:36:57.918+0000] {logging_mixin.py:188} INFO - [2026-06-01T12:36:57.917+0000] {dagbag.py:540} INFO - Filling up the DagBag from /home/airflow/.local/lib/python3.12/site-packages/airflow/example_dags/example_bash_decorator.py
[2026-06-01T12:36:57.929+0000] {processor.py:840} INFO - DAG(s) 'example_bash_decorator' retrieved from /home/airflow/.local/lib/python3.12/site-packages/airflow/example_dags/example_bash_decorator.py
[2026-06-01T12:36:57.947+0000] {logging_mixin.py:188} INFO - [2026-06-01T12:36:57.947+0000] {dag.py:3096} INFO - Sync 1 DAGs
[2026-06-01T12:36:57.958+0000] {logging_mixin.py:188} INFO - [2026-06-01T12:36:57.958+0000] {dag.py:3954} INFO - Setting next_dagrun for example_bash_decorator to None, run_after=None
[2026-06-01T12:36:57.972+0000] {processor.py:183} INFO - Processing /home/airflow/.local/lib/python3.12/site-packages/airflow/example_dags/example_bash_decorator.py took 0.064 seconds
[2026-06-01T12:37:28.586+0000] {processor.py:161} INFO - Started process (PID=46712) to work on /home/airflow/.local/lib/python3.12/site-packages/airflow/example_dags/example_bash_decorator.py
[2026-06-01T12:37:28.587+0000] {processor.py:830} INFO - Processing file /home/airflow/.local/lib/python3.12/site-packages/airflow/example_dags/example_bash_decorator.py for tasks to queue
[2026-06-01T12:37:28.589+0000] {logging_mixin.py:188} INFO - [2026-06-01T12:37:28.589+0000] {dagbag.py:540} INFO - Filling up the DagBag from /home/airflow/.local/lib/python3.12/site-packages/airflow/example_dags/example_bash_decorator.py
[2026-06-01T12:37:28.601+0000] {processor.py:840} INFO - DAG(s) 'example_bash_decorator' retrieved from /home/airflow/.local/lib/python3.12/site-packages/airflow/example_dags/example_bash_decorator.py
[2026-06-01T12:37:28.620+0000] {logging_mixin.py:188} INFO - [2026-06-01T12:37:28.620+0000] {dag.py:3096} INFO - Sync 1 DAGs
[2026-06-01T12:37:28.633+0000] {logging_mixin.py:188} INFO - [2026-06-01T12:37:28.633+0000] {dag.py:3954} INFO - Setting next_dagrun for example_bash_decorator to None, run_after=None
[2026-06-01T12:37:28.649+0000] {processor.py:183} INFO - Processing /home/airflow/.local/lib/python3.12/site-packages/airflow/example_dags/example_bash_decorator.py took 0.069 seconds
[2026-06-01T12:37:59.177+0000] {processor.py:161} INFO - Started process (PID=46771) to work on /home/airflow/.local/lib/python3.12/site-packages/airflow/example_dags/example_bash_decorator.py
[2026-06-01T12:37:59.178+0000] {processor.py:830} INFO - Processing file /home/airflow/.local/lib/python3.12/site-packages/airflow/example_dags/example_bash_decorator.py for tasks to queue
[2026-06-01T12:37:59.180+0000] {logging_mixin.py:188} INFO - [2026-06-01T12:37:59.180+0000] {dagbag.py:540} INFO - Filling up the DagBag from /home/airflow/.local/lib/python3.12/site-packages/airflow/example_dags/example_bash_decorator.py
[2026-06-01T12:37:59.190+0000] {processor.py:840} INFO - DAG(s) 'example_bash_decorator' retrieved from /home/airflow/.local/lib/python3.12/site-packages/airflow/example_dags/example_bash_decorator.py
[2026-06-01T12:37:59.208+0000] {logging_mixin.py:188} INFO - [2026-06-01T12:37:59.208+0000] {dag.py:3096} INFO - Sync 1 DAGs
[2026-06-01T12:37:59.218+0000] {logging_mixin.py:188} INFO - [2026-06-01T12:37:59.218+0000] {dag.py:3954} INFO - Setting next_dagrun for example_bash_decorator to None, run_after=None
[2026-06-01T12:37:59.235+0000] {processor.py:183} INFO - Processing /home/airflow/.local/lib/python3.12/site-packages/airflow/example_dags/example_bash_decorator.py took 0.063 seconds
[2026-06-01T12:38:29.551+0000] {processor.py:161} INFO - Started process (PID=46830) to work on /home/airflow/.local/lib/python3.12/site-packages/airflow/example_dags/example_bash_decorator.py
[2026-06-01T12:38:29.552+0000] {processor.py:830} INFO - Processing file /home/airflow/.local/lib/python3.12/site-packages/airflow/example_dags/example_bash_decorator.py for tasks to queue
[2026-06-01T12:38:29.554+0000] {logging_mixin.py:188} INFO - [2026-06-01T12:38:29.554+0000] {dagbag.py:540} INFO - Filling up the DagBag from /home/airflow/.local/lib/python3.12/site-packages/airflow/example_dags/example_bash_decorator.py
[2026-06-01T12:38:29.566+0000] {processor.py:840} INFO - DAG(s) 'example_bash_decorator' retrieved from /home/airflow/.local/lib/python3.12/site-packages/airflow/example_dags/example_bash_decorator.py
[2026-06-01T12:38:29.584+0000] {logging_mixin.py:188} INFO - [2026-06-01T12:38:29.584+0000] {dag.py:3096} INFO - Sync 1 DAGs
[2026-06-01T12:38:29.594+0000] {logging_mixin.py:188} INFO - [2026-06-01T12:38:29.594+0000] {dag.py:3954} INFO - Setting next_dagrun for example_bash_decorator to None, run_after=None
[2026-06-01T12:38:29.610+0000] {processor.py:183} INFO - Processing /home/airflow/.local/lib/python3.12/site-packages/airflow/example_dags/example_bash_decorator.py took 0.064 seconds
[2026-06-01T12:39:00.011+0000] {processor.py:161} INFO - Started process (PID=46889) to work on /home/airflow/.local/lib/python3.12/site-packages/airflow/example_dags/example_bash_decorator.py
[2026-06-01T12:39:00.013+0000] {processor.py:830} INFO - Processing file /home/airflow/.local/lib/python3.12/site-packages/airflow/example_dags/example_bash_decorator.py for tasks to queue
[2026-06-01T12:39:00.016+0000] {logging_mixin.py:188} INFO - [2026-06-01T12:39:00.015+0000] {dagbag.py:540} INFO - Filling up the DagBag from /home/airflow/.local/lib/python3.12/site-packages/airflow/example_dags/example_bash_decorator.py
[2026-06-01T12:39:00.031+0000] {processor.py:840} INFO - DAG(s) 'example_bash_decorator' retrieved from /home/airflow/.local/lib/python3.12/site-packages/airflow/example_dags/example_bash_decorator.py
[2026-06-01T12:39:00.051+0000] {logging_mixin.py:188} INFO - [2026-06-01T12:39:00.050+0000] {dag.py:3096} INFO - Sync 1 DAGs
[2026-06-01T12:39:00.063+0000] {logging_mixin.py:188} INFO - [2026-06-01T12:39:00.063+0000] {dag.py:3954} INFO - Setting next_dagrun for example_bash_decorator to None, run_after=None
[2026-06-01T12:39:00.082+0000] {processor.py:183} INFO - Processing /home/airflow/.local/lib/python3.12/site-packages/airflow/example_dags/example_bash_decorator.py took 0.076 seconds
[2026-06-01T12:39:30.499+0000] {processor.py:161} INFO - Started process (PID=46948) to work on /home/airflow/.local/lib/python3.12/site-packages/airflow/example_dags/example_bash_decorator.py
[2026-06-01T12:39:30.500+0000] {processor.py:830} INFO - Processing file /home/airflow/.local/lib/python3.12/site-packages/airflow/example_dags/example_bash_decorator.py for tasks to queue
[2026-06-01T12:39:30.502+0000] {logging_mixin.py:188} INFO - [2026-06-01T12:39:30.502+0000] {dagbag.py:540} INFO - Filling up the DagBag from /home/airflow/.local/lib/python3.12/site-packages/airflow/example_dags/example_bash_decorator.py
[2026-06-01T12:39:30.513+0000] {processor.py:840} INFO - DAG(s) 'example_bash_decorator' retrieved from /home/airflow/.local/lib/python3.12/site-packages/airflow/example_dags/example_bash_decorator.py
[2026-06-01T12:39:30.532+0000] {logging_mixin.py:188} INFO - [2026-06-01T12:39:30.531+0000] {dag.py:3096} INFO - Sync 1 DAGs
[2026-06-01T12:39:30.542+0000] {logging_mixin.py:188} INFO - [2026-06-01T12:39:30.542+0000] {dag.py:3954} INFO - Setting next_dagrun for example_bash_decorator to None, run_after=None
[2026-06-01T12:39:30.558+0000] {processor.py:183} INFO - Processing /home/airflow/.local/lib/python3.12/site-packages/airflow/example_dags/example_bash_decorator.py took 0.064 seconds
[2026-06-01T12:40:01.317+0000] {processor.py:161} INFO - Started process (PID=47007) to work on /home/airflow/.local/lib/python3.12/site-packages/airflow/example_dags/example_bash_decorator.py
[2026-06-01T12:40:01.318+0000] {processor.py:830} INFO - Processing file /home/airflow/.local/lib/python3.12/site-packages/airflow/example_dags/example_bash_decorator.py for tasks to queue
[2026-06-01T12:40:01.320+0000] {logging_mixin.py:188} INFO - [2026-06-01T12:40:01.319+0000] {dagbag.py:540} INFO - Filling up the DagBag from /home/airflow/.local/lib/python3.12/site-packages/airflow/example_dags/example_bash_decorator.py
[2026-06-01T12:40:01.332+0000] {processor.py:840} INFO - DAG(s) 'example_bash_decorator' retrieved from /home/airflow/.local/lib/python3.12/site-packages/airflow/example_dags/example_bash_decorator.py
[2026-06-01T12:40:01.350+0000] {logging_mixin.py:188} INFO - [2026-06-01T12:40:01.350+0000] {dag.py:3096} INFO - Sync 1 DAGs
[2026-06-01T12:40:01.360+0000] {logging_mixin.py:188} INFO - [2026-06-01T12:40:01.360+0000] {dag.py:3954} INFO - Setting next_dagrun for example_bash_decorator to None, run_after=None
[2026-06-01T12:40:01.374+0000] {processor.py:183} INFO - Processing /home/airflow/.local/lib/python3.12/site-packages/airflow/example_dags/example_bash_decorator.py took 0.062 seconds
[2026-06-01T12:40:32.026+0000] {processor.py:161} INFO - Started process (PID=47066) to work on /home/airflow/.local/lib/python3.12/site-packages/airflow/example_dags/example_bash_decorator.py
[2026-06-01T12:40:32.027+0000] {processor.py:830} INFO - Processing file /home/airflow/.local/lib/python3.12/site-packages/airflow/example_dags/example_bash_decorator.py for tasks to queue
[2026-06-01T12:40:32.029+0000] {logging_mixin.py:188} INFO - [2026-06-01T12:40:32.029+0000] {dagbag.py:540} INFO - Filling up the DagBag from /home/airflow/.local/lib/python3.12/site-packages/airflow/example_dags/example_bash_decorator.py
[2026-06-01T12:40:32.041+0000] {processor.py:840} INFO - DAG(s) 'example_bash_decorator' retrieved from /home/airflow/.local/lib/python3.12/site-packages/airflow/example_dags/example_bash_decorator.py
[2026-06-01T12:40:32.059+0000] {logging_mixin.py:188} INFO - [2026-06-01T12:40:32.058+0000] {dag.py:3096} INFO - Sync 1 DAGs
[2026-06-01T12:40:32.069+0000] {logging_mixin.py:188} INFO - [2026-06-01T12:40:32.069+0000] {dag.py:3954} INFO - Setting next_dagrun for example_bash_decorator to None, run_after=None
[2026-06-01T12:40:32.084+0000] {processor.py:183} INFO - Processing /home/airflow/.local/lib/python3.12/site-packages/airflow/example_dags/example_bash_decorator.py took 0.064 seconds
[2026-06-01T12:41:02.447+0000] {processor.py:161} INFO - Started process (PID=47125) to work on /home/airflow/.local/lib/python3.12/site-packages/airflow/example_dags/example_bash_decorator.py
[2026-06-01T12:41:02.448+0000] {processor.py:830} INFO - Processing file /home/airflow/.local/lib/python3.12/site-packages/airflow/example_dags/example_bash_decorator.py for tasks to queue
[2026-06-01T12:41:02.450+0000] {logging_mixin.py:188} INFO - [2026-06-01T12:41:02.450+0000] {dagbag.py:540} INFO - Filling up the DagBag from /home/airflow/.local/lib/python3.12/site-packages/airflow/example_dags/example_bash_decorator.py
[2026-06-01T12:41:02.462+0000] {processor.py:840} INFO - DAG(s) 'example_bash_decorator' retrieved from /home/airflow/.local/lib/python3.12/site-packages/airflow/example_dags/example_bash_decorator.py
[2026-06-01T12:41:02.481+0000] {logging_mixin.py:188} INFO - [2026-06-01T12:41:02.481+0000] {dag.py:3096} INFO - Sync 1 DAGs
[2026-06-01T12:41:02.493+0000] {logging_mixin.py:188} INFO - [2026-06-01T12:41:02.493+0000] {dag.py:3954} INFO - Setting next_dagrun for example_bash_decorator to None, run_after=None
[2026-06-01T12:41:02.511+0000] {processor.py:183} INFO - Processing /home/airflow/.local/lib/python3.12/site-packages/airflow/example_dags/example_bash_decorator.py took 0.069 seconds
[2026-06-01T12:41:32.830+0000] {processor.py:161} INFO - Started process (PID=47184) to work on /home/airflow/.local/lib/python3.12/site-packages/airflow/example_dags/example_bash_decorator.py
[2026-06-01T12:41:32.831+0000] {processor.py:830} INFO - Processing file /home/airflow/.local/lib/python3.12/site-packages/airflow/example_dags/example_bash_decorator.py for tasks to queue
[2026-06-01T12:41:32.833+0000] {logging_mixin.py:188} INFO - [2026-06-01T12:41:32.833+0000] {dagbag.py:540} INFO - Filling up the DagBag from /home/airflow/.local/lib/python3.12/site-packages/airflow/example_dags/example_bash_decorator.py
[2026-06-01T12:41:32.844+0000] {processor.py:840} INFO - DAG(s) 'example_bash_decorator' retrieved from /home/airflow/.local/lib/python3.12/site-packages/airflow/example_dags/example_bash_decorator.py
[2026-06-01T12:41:32.867+0000] {logging_mixin.py:188} INFO - [2026-06-01T12:41:32.867+0000] {dag.py:3096} INFO - Sync 1 DAGs
[2026-06-01T12:41:32.877+0000] {logging_mixin.py:188} INFO - [2026-06-01T12:41:32.877+0000] {dag.py:3954} INFO - Setting next_dagrun for example_bash_decorator to None, run_after=None
[2026-06-01T12:41:32.893+0000] {processor.py:183} INFO - Processing /home/airflow/.local/lib/python3.12/site-packages/airflow/example_dags/example_bash_decorator.py took 0.069 seconds
[2026-06-01T12:42:03.398+0000] {processor.py:161} INFO - Started process (PID=47243) to work on /home/airflow/.local/lib/python3.12/site-packages/airflow/example_dags/example_bash_decorator.py
[2026-06-01T12:42:03.399+0000] {processor.py:830} INFO - Processing file /home/airflow/.local/lib/python3.12/site-packages/airflow/example_dags/example_bash_decorator.py for tasks to queue
[2026-06-01T12:42:03.401+0000] {logging_mixin.py:188} INFO - [2026-06-01T12:42:03.400+0000] {dagbag.py:540} INFO - Filling up the DagBag from /home/airflow/.local/lib/python3.12/site-packages/airflow/example_dags/example_bash_decorator.py
[2026-06-01T12:42:03.411+0000] {processor.py:840} INFO - DAG(s) 'example_bash_decorator' retrieved from /home/airflow/.local/lib/python3.12/site-packages/airflow/example_dags/example_bash_decorator.py
[2026-06-01T12:42:03.429+0000] {logging_mixin.py:188} INFO - [2026-06-01T12:42:03.429+0000] {dag.py:3096} INFO - Sync 1 DAGs
[2026-06-01T12:42:03.440+0000] {logging_mixin.py:188} INFO - [2026-06-01T12:42:03.439+0000] {dag.py:3954} INFO - Setting next_dagrun for example_bash_decorator to None, run_after=None
[2026-06-01T12:42:03.455+0000] {processor.py:183} INFO - Processing /home/airflow/.local/lib/python3.12/site-packages/airflow/example_dags/example_bash_decorator.py took 0.062 seconds
[2026-06-01T12:42:33.836+0000] {processor.py:161} INFO - Started process (PID=47302) to work on /home/airflow/.local/lib/python3.12/site-packages/airflow/example_dags/example_bash_decorator.py
[2026-06-01T12:42:33.837+0000] {processor.py:830} INFO - Processing file /home/airflow/.local/lib/python3.12/site-packages/airflow/example_dags/example_bash_decorator.py for tasks to queue
[2026-06-01T12:42:33.839+0000] {logging_mixin.py:188} INFO - [2026-06-01T12:42:33.839+0000] {dagbag.py:540} INFO - Filling up the DagBag from /home/airflow/.local/lib/python3.12/site-packages/airflow/example_dags/example_bash_decorator.py
[2026-06-01T12:42:33.850+0000] {processor.py:840} INFO - DAG(s) 'example_bash_decorator' retrieved from /home/airflow/.local/lib/python3.12/site-packages/airflow/example_dags/example_bash_decorator.py
[2026-06-01T12:42:33.868+0000] {logging_mixin.py:188} INFO - [2026-06-01T12:42:33.868+0000] {dag.py:3096} INFO - Sync 1 DAGs
[2026-06-01T12:42:33.878+0000] {logging_mixin.py:188} INFO - [2026-06-01T12:42:33.878+0000] {dag.py:3954} INFO - Setting next_dagrun for example_bash_decorator to None, run_after=None
[2026-06-01T12:42:33.895+0000] {processor.py:183} INFO - Processing /home/airflow/.local/lib/python3.12/site-packages/airflow/example_dags/example_bash_decorator.py took 0.064 seconds
[2026-06-01T12:43:04.210+0000] {processor.py:161} INFO - Started process (PID=47361) to work on /home/airflow/.local/lib/python3.12/site-packages/airflow/example_dags/example_bash_decorator.py
[2026-06-01T12:43:04.211+0000] {processor.py:830} INFO - Processing file /home/airflow/.local/lib/python3.12/site-packages/airflow/example_dags/example_bash_decorator.py for tasks to queue
[2026-06-01T12:43:04.213+0000] {logging_mixin.py:188} INFO - [2026-06-01T12:43:04.213+0000] {dagbag.py:540} INFO - Filling up the DagBag from /home/airflow/.local/lib/python3.12/site-packages/airflow/example_dags/example_bash_decorator.py
[2026-06-01T12:43:04.225+0000] {processor.py:840} INFO - DAG(s) 'example_bash_decorator' retrieved from /home/airflow/.local/lib/python3.12/site-packages/airflow/example_dags/example_bash_decorator.py
[2026-06-01T12:43:04.245+0000] {logging_mixin.py:188} INFO - [2026-06-01T12:43:04.245+0000] {dag.py:3096} INFO - Sync 1 DAGs
[2026-06-01T12:43:04.257+0000] {logging_mixin.py:188} INFO - [2026-06-01T12:43:04.256+0000] {dag.py:3954} INFO - Setting next_dagrun for example_bash_decorator to None, run_after=None
[2026-06-01T12:43:04.280+0000] {processor.py:183} INFO - Processing /home/airflow/.local/lib/python3.12/site-packages/airflow/example_dags/example_bash_decorator.py took 0.076 seconds
[2026-06-01T12:43:34.504+0000] {processor.py:161} INFO - Started process (PID=47420) to work on /home/airflow/.local/lib/python3.12/site-packages/airflow/example_dags/example_bash_decorator.py
[2026-06-01T12:43:34.506+0000] {processor.py:830} INFO - Processing file /home/airflow/.local/lib/python3.12/site-packages/airflow/example_dags/example_bash_decorator.py for tasks to queue
[2026-06-01T12:43:34.508+0000] {logging_mixin.py:188} INFO - [2026-06-01T12:43:34.507+0000] {dagbag.py:540} INFO - Filling up the DagBag from /home/airflow/.local/lib/python3.12/site-packages/airflow/example_dags/example_bash_decorator.py
[2026-06-01T12:43:34.520+0000] {processor.py:840} INFO - DAG(s) 'example_bash_decorator' retrieved from /home/airflow/.local/lib/python3.12/site-packages/airflow/example_dags/example_bash_decorator.py
[2026-06-01T12:43:34.547+0000] {logging_mixin.py:188} INFO - [2026-06-01T12:43:34.547+0000] {dag.py:3096} INFO - Sync 1 DAGs
[2026-06-01T12:43:34.561+0000] {logging_mixin.py:188} INFO - [2026-06-01T12:43:34.561+0000] {dag.py:3954} INFO - Setting next_dagrun for example_bash_decorator to None, run_after=None
[2026-06-01T12:43:34.583+0000] {processor.py:183} INFO - Processing /home/airflow/.local/lib/python3.12/site-packages/airflow/example_dags/example_bash_decorator.py took 0.085 seconds
[2026-06-01T12:44:05.222+0000] {processor.py:161} INFO - Started process (PID=47479) to work on /home/airflow/.local/lib/python3.12/site-packages/airflow/example_dags/example_bash_decorator.py
[2026-06-01T12:44:05.223+0000] {processor.py:830} INFO - Processing file /home/airflow/.local/lib/python3.12/site-packages/airflow/example_dags/example_bash_decorator.py for tasks to queue
[2026-06-01T12:44:05.225+0000] {logging_mixin.py:188} INFO - [2026-06-01T12:44:05.225+0000] {dagbag.py:540} INFO - Filling up the DagBag from /home/airflow/.local/lib/python3.12/site-packages/airflow/example_dags/example_bash_decorator.py
[2026-06-01T12:44:05.238+0000] {processor.py:840} INFO - DAG(s) 'example_bash_decorator' retrieved from /home/airflow/.local/lib/python3.12/site-packages/airflow/example_dags/example_bash_decorator.py
[2026-06-01T12:44:05.259+0000] {logging_mixin.py:188} INFO - [2026-06-01T12:44:05.258+0000] {dag.py:3096} INFO - Sync 1 DAGs
[2026-06-01T12:44:05.272+0000] {logging_mixin.py:188} INFO - [2026-06-01T12:44:05.272+0000] {dag.py:3954} INFO - Setting next_dagrun for example_bash_decorator to None, run_after=None
[2026-06-01T12:44:05.296+0000] {processor.py:183} INFO - Processing /home/airflow/.local/lib/python3.12/site-packages/airflow/example_dags/example_bash_decorator.py took 0.079 seconds
[2026-06-01T12:44:35.643+0000] {processor.py:161} INFO - Started process (PID=47538) to work on /home/airflow/.local/lib/python3.12/site-packages/airflow/example_dags/example_bash_decorator.py
[2026-06-01T12:44:35.644+0000] {processor.py:830} INFO - Processing file /home/airflow/.local/lib/python3.12/site-packages/airflow/example_dags/example_bash_decorator.py for tasks to queue
[2026-06-01T12:44:35.646+0000] {logging_mixin.py:188} INFO - [2026-06-01T12:44:35.645+0000] {dagbag.py:540} INFO - Filling up the DagBag from /home/airflow/.local/lib/python3.12/site-packages/airflow/example_dags/example_bash_decorator.py
[2026-06-01T12:44:35.657+0000] {processor.py:840} INFO - DAG(s) 'example_bash_decorator' retrieved from /home/airflow/.local/lib/python3.12/site-packages/airflow/example_dags/example_bash_decorator.py
[2026-06-01T12:44:35.677+0000] {logging_mixin.py:188} INFO - [2026-06-01T12:44:35.677+0000] {dag.py:3096} INFO - Sync 1 DAGs
[2026-06-01T12:44:35.692+0000] {logging_mixin.py:188} INFO - [2026-06-01T12:44:35.692+0000] {dag.py:3954} INFO - Setting next_dagrun for example_bash_decorator to None, run_after=None
[2026-06-01T12:44:35.715+0000] {processor.py:183} INFO - Processing /home/airflow/.local/lib/python3.12/site-packages/airflow/example_dags/example_bash_decorator.py took 0.078 seconds
[2026-06-01T12:45:06.406+0000] {processor.py:161} INFO - Started process (PID=47597) to work on /home/airflow/.local/lib/python3.12/site-packages/airflow/example_dags/example_bash_decorator.py
[2026-06-01T12:45:06.407+0000] {processor.py:830} INFO - Processing file /home/airflow/.local/lib/python3.12/site-packages/airflow/example_dags/example_bash_decorator.py for tasks to queue
[2026-06-01T12:45:06.409+0000] {logging_mixin.py:188} INFO - [2026-06-01T12:45:06.409+0000] {dagbag.py:540} INFO - Filling up the DagBag from /home/airflow/.local/lib/python3.12/site-packages/airflow/example_dags/example_bash_decorator.py
[2026-06-01T12:45:06.420+0000] {processor.py:840} INFO - DAG(s) 'example_bash_decorator' retrieved from /home/airflow/.local/lib/python3.12/site-packages/airflow/example_dags/example_bash_decorator.py
[2026-06-01T12:45:06.436+0000] {logging_mixin.py:188} INFO - [2026-06-01T12:45:06.436+0000] {dag.py:3096} INFO - Sync 1 DAGs
[2026-06-01T12:45:06.445+0000] {logging_mixin.py:188} INFO - [2026-06-01T12:45:06.445+0000] {dag.py:3954} INFO - Setting next_dagrun for example_bash_decorator to None, run_after=None
[2026-06-01T12:45:06.459+0000] {processor.py:183} INFO - Processing /home/airflow/.local/lib/python3.12/site-packages/airflow/example_dags/example_bash_decorator.py took 0.058 seconds
[2026-06-01T12:45:36.545+0000] {processor.py:161} INFO - Started process (PID=47656) to work on /home/airflow/.local/lib/python3.12/site-packages/airflow/example_dags/example_bash_decorator.py
[2026-06-01T12:45:36.547+0000] {processor.py:830} INFO - Processing file /home/airflow/.local/lib/python3.12/site-packages/airflow/example_dags/example_bash_decorator.py for tasks to queue
[2026-06-01T12:45:36.549+0000] {logging_mixin.py:188} INFO - [2026-06-01T12:45:36.549+0000] {dagbag.py:540} INFO - Filling up the DagBag from /home/airflow/.local/lib/python3.12/site-packages/airflow/example_dags/example_bash_decorator.py
[2026-06-01T12:45:36.560+0000] {processor.py:840} INFO - DAG(s) 'example_bash_decorator' retrieved from /home/airflow/.local/lib/python3.12/site-packages/airflow/example_dags/example_bash_decorator.py
[2026-06-01T12:45:36.581+0000] {logging_mixin.py:188} INFO - [2026-06-01T12:45:36.580+0000] {dag.py:3096} INFO - Sync 1 DAGs
[2026-06-01T12:45:36.592+0000] {logging_mixin.py:188} INFO - [2026-06-01T12:45:36.591+0000] {dag.py:3954} INFO - Setting next_dagrun for example_bash_decorator to None, run_after=None
[2026-06-01T12:45:36.609+0000] {processor.py:183} INFO - Processing /home/airflow/.local/lib/python3.12/site-packages/airflow/example_dags/example_bash_decorator.py took 0.070 seconds
[2026-06-01T12:46:07.133+0000] {processor.py:161} INFO - Started process (PID=47715) to work on /home/airflow/.local/lib/python3.12/site-packages/airflow/example_dags/example_bash_decorator.py
[2026-06-01T12:46:07.134+0000] {processor.py:830} INFO - Processing file /home/airflow/.local/lib/python3.12/site-packages/airflow/example_dags/example_bash_decorator.py for tasks to queue
[2026-06-01T12:46:07.136+0000] {logging_mixin.py:188} INFO - [2026-06-01T12:46:07.135+0000] {dagbag.py:540} INFO - Filling up the DagBag from /home/airflow/.local/lib/python3.12/site-packages/airflow/example_dags/example_bash_decorator.py
[2026-06-01T12:46:07.149+0000] {processor.py:840} INFO - DAG(s) 'example_bash_decorator' retrieved from /home/airflow/.local/lib/python3.12/site-packages/airflow/example_dags/example_bash_decorator.py
[2026-06-01T12:46:07.169+0000] {logging_mixin.py:188} INFO - [2026-06-01T12:46:07.168+0000] {dag.py:3096} INFO - Sync 1 DAGs
[2026-06-01T12:46:07.179+0000] {logging_mixin.py:188} INFO - [2026-06-01T12:46:07.178+0000] {dag.py:3954} INFO - Setting next_dagrun for example_bash_decorator to None, run_after=None
[2026-06-01T12:46:07.194+0000] {processor.py:183} INFO - Processing /home/airflow/.local/lib/python3.12/site-packages/airflow/example_dags/example_bash_decorator.py took 0.067 seconds
[2026-06-01T12:46:37.789+0000] {processor.py:161} INFO - Started process (PID=47773) to work on /home/airflow/.local/lib/python3.12/site-packages/airflow/example_dags/example_bash_decorator.py
[2026-06-01T12:46:37.790+0000] {processor.py:830} INFO - Processing file /home/airflow/.local/lib/python3.12/site-packages/airflow/example_dags/example_bash_decorator.py for tasks to queue
[2026-06-01T12:46:37.792+0000] {logging_mixin.py:188} INFO - [2026-06-01T12:46:37.792+0000] {dagbag.py:540} INFO - Filling up the DagBag from /home/airflow/.local/lib/python3.12/site-packages/airflow/example_dags/example_bash_decorator.py
[2026-06-01T12:46:37.803+0000] {processor.py:840} INFO - DAG(s) 'example_bash_decorator' retrieved from /home/airflow/.local/lib/python3.12/site-packages/airflow/example_dags/example_bash_decorator.py
[2026-06-01T12:46:37.822+0000] {logging_mixin.py:188} INFO - [2026-06-01T12:46:37.821+0000] {dag.py:3096} INFO - Sync 1 DAGs
[2026-06-01T12:46:37.831+0000] {logging_mixin.py:188} INFO - [2026-06-01T12:46:37.831+0000] {dag.py:3954} INFO - Setting next_dagrun for example_bash_decorator to None, run_after=None
[2026-06-01T12:46:37.846+0000] {processor.py:183} INFO - Processing /home/airflow/.local/lib/python3.12/site-packages/airflow/example_dags/example_bash_decorator.py took 0.062 seconds
[2026-06-01T12:47:08.355+0000] {processor.py:161} INFO - Started process (PID=47832) to work on /home/airflow/.local/lib/python3.12/site-packages/airflow/example_dags/example_bash_decorator.py
[2026-06-01T12:47:08.356+0000] {processor.py:830} INFO - Processing file /home/airflow/.local/lib/python3.12/site-packages/airflow/example_dags/example_bash_decorator.py for tasks to queue
[2026-06-01T12:47:08.358+0000] {logging_mixin.py:188} INFO - [2026-06-01T12:47:08.358+0000] {dagbag.py:540} INFO - Filling up the DagBag from /home/airflow/.local/lib/python3.12/site-packages/airflow/example_dags/example_bash_decorator.py
[2026-06-01T12:47:08.369+0000] {processor.py:840} INFO - DAG(s) 'example_bash_decorator' retrieved from /home/airflow/.local/lib/python3.12/site-packages/airflow/example_dags/example_bash_decorator.py
[2026-06-01T12:47:08.386+0000] {logging_mixin.py:188} INFO - [2026-06-01T12:47:08.386+0000] {dag.py:3096} INFO - Sync 1 DAGs
[2026-06-01T12:47:08.396+0000] {logging_mixin.py:188} INFO - [2026-06-01T12:47:08.396+0000] {dag.py:3954} INFO - Setting next_dagrun for example_bash_decorator to None, run_after=None
[2026-06-01T12:47:08.412+0000] {processor.py:183} INFO - Processing /home/airflow/.local/lib/python3.12/site-packages/airflow/example_dags/example_bash_decorator.py took 0.061 seconds
[2026-06-01T12:47:38.610+0000] {processor.py:161} INFO - Started process (PID=47891) to work on /home/airflow/.local/lib/python3.12/site-packages/airflow/example_dags/example_bash_decorator.py
[2026-06-01T12:47:38.611+0000] {processor.py:830} INFO - Processing file /home/airflow/.local/lib/python3.12/site-packages/airflow/example_dags/example_bash_decorator.py for tasks to queue
[2026-06-01T12:47:38.613+0000] {logging_mixin.py:188} INFO - [2026-06-01T12:47:38.612+0000] {dagbag.py:540} INFO - Filling up the DagBag from /home/airflow/.local/lib/python3.12/site-packages/airflow/example_dags/example_bash_decorator.py
[2026-06-01T12:47:38.623+0000] {processor.py:840} INFO - DAG(s) 'example_bash_decorator' retrieved from /home/airflow/.local/lib/python3.12/site-packages/airflow/example_dags/example_bash_decorator.py
[2026-06-01T12:47:38.641+0000] {logging_mixin.py:188} INFO - [2026-06-01T12:47:38.641+0000] {dag.py:3096} INFO - Sync 1 DAGs
[2026-06-01T12:47:38.651+0000] {logging_mixin.py:188} INFO - [2026-06-01T12:47:38.651+0000] {dag.py:3954} INFO - Setting next_dagrun for example_bash_decorator to None, run_after=None
[2026-06-01T12:47:38.669+0000] {processor.py:183} INFO - Processing /home/airflow/.local/lib/python3.12/site-packages/airflow/example_dags/example_bash_decorator.py took 0.065 seconds
[2026-06-01T12:48:09.086+0000] {processor.py:161} INFO - Started process (PID=47950) to work on /home/airflow/.local/lib/python3.12/site-packages/airflow/example_dags/example_bash_decorator.py
[2026-06-01T12:48:09.088+0000] {processor.py:830} INFO - Processing file /home/airflow/.local/lib/python3.12/site-packages/airflow/example_dags/example_bash_decorator.py for tasks to queue
[2026-06-01T12:48:09.089+0000] {logging_mixin.py:188} INFO - [2026-06-01T12:48:09.089+0000] {dagbag.py:540} INFO - Filling up the DagBag from /home/airflow/.local/lib/python3.12/site-packages/airflow/example_dags/example_bash_decorator.py
[2026-06-01T12:48:09.101+0000] {processor.py:840} INFO - DAG(s) 'example_bash_decorator' retrieved from /home/airflow/.local/lib/python3.12/site-packages/airflow/example_dags/example_bash_decorator.py
[2026-06-01T12:48:09.120+0000] {logging_mixin.py:188} INFO - [2026-06-01T12:48:09.120+0000] {dag.py:3096} INFO - Sync 1 DAGs
[2026-06-01T12:48:09.130+0000] {logging_mixin.py:188} INFO - [2026-06-01T12:48:09.130+0000] {dag.py:3954} INFO - Setting next_dagrun for example_bash_decorator to None, run_after=None
[2026-06-01T12:48:09.147+0000] {processor.py:183} INFO - Processing /home/airflow/.local/lib/python3.12/site-packages/airflow/example_dags/example_bash_decorator.py took 0.065 seconds
[2026-06-01T12:48:39.562+0000] {processor.py:161} INFO - Started process (PID=48009) to work on /home/airflow/.local/lib/python3.12/site-packages/airflow/example_dags/example_bash_decorator.py
[2026-06-01T12:48:39.563+0000] {processor.py:830} INFO - Processing file /home/airflow/.local/lib/python3.12/site-packages/airflow/example_dags/example_bash_decorator.py for tasks to queue
[2026-06-01T12:48:39.566+0000] {logging_mixin.py:188} INFO - [2026-06-01T12:48:39.565+0000] {dagbag.py:540} INFO - Filling up the DagBag from /home/airflow/.local/lib/python3.12/site-packages/airflow/example_dags/example_bash_decorator.py
[2026-06-01T12:48:39.578+0000] {processor.py:840} INFO - DAG(s) 'example_bash_decorator' retrieved from /home/airflow/.local/lib/python3.12/site-packages/airflow/example_dags/example_bash_decorator.py
[2026-06-01T12:48:39.621+0000] {logging_mixin.py:188} INFO - [2026-06-01T12:48:39.621+0000] {dag.py:3096} INFO - Sync 1 DAGs
[2026-06-01T12:48:39.640+0000] {logging_mixin.py:188} INFO - [2026-06-01T12:48:39.640+0000] {dag.py:3954} INFO - Setting next_dagrun for example_bash_decorator to None, run_after=None
[2026-06-01T12:48:39.671+0000] {processor.py:183} INFO - Processing /home/airflow/.local/lib/python3.12/site-packages/airflow/example_dags/example_bash_decorator.py took 0.116 seconds
[2026-06-01T12:49:10.043+0000] {processor.py:161} INFO - Started process (PID=48068) to work on /home/airflow/.local/lib/python3.12/site-packages/airflow/example_dags/example_bash_decorator.py
[2026-06-01T12:49:10.044+0000] {processor.py:830} INFO - Processing file /home/airflow/.local/lib/python3.12/site-packages/airflow/example_dags/example_bash_decorator.py for tasks to queue
[2026-06-01T12:49:10.046+0000] {logging_mixin.py:188} INFO - [2026-06-01T12:49:10.046+0000] {dagbag.py:540} INFO - Filling up the DagBag from /home/airflow/.local/lib/python3.12/site-packages/airflow/example_dags/example_bash_decorator.py
[2026-06-01T12:49:10.058+0000] {processor.py:840} INFO - DAG(s) 'example_bash_decorator' retrieved from /home/airflow/.local/lib/python3.12/site-packages/airflow/example_dags/example_bash_decorator.py
[2026-06-01T12:49:10.077+0000] {logging_mixin.py:188} INFO - [2026-06-01T12:49:10.077+0000] {dag.py:3096} INFO - Sync 1 DAGs
[2026-06-01T12:49:10.088+0000] {logging_mixin.py:188} INFO - [2026-06-01T12:49:10.087+0000] {dag.py:3954} INFO - Setting next_dagrun for example_bash_decorator to None, run_after=None
[2026-06-01T12:49:10.104+0000] {processor.py:183} INFO - Processing /home/airflow/.local/lib/python3.12/site-packages/airflow/example_dags/example_bash_decorator.py took 0.068 seconds
[2026-06-01T12:49:40.310+0000] {processor.py:161} INFO - Started process (PID=48127) to work on /home/airflow/.local/lib/python3.12/site-packages/airflow/example_dags/example_bash_decorator.py
[2026-06-01T12:49:40.311+0000] {processor.py:830} INFO - Processing file /home/airflow/.local/lib/python3.12/site-packages/airflow/example_dags/example_bash_decorator.py for tasks to queue
[2026-06-01T12:49:40.313+0000] {logging_mixin.py:188} INFO - [2026-06-01T12:49:40.313+0000] {dagbag.py:540} INFO - Filling up the DagBag from /home/airflow/.local/lib/python3.12/site-packages/airflow/example_dags/example_bash_decorator.py
[2026-06-01T12:49:40.324+0000] {processor.py:840} INFO - DAG(s) 'example_bash_decorator' retrieved from /home/airflow/.local/lib/python3.12/site-packages/airflow/example_dags/example_bash_decorator.py
[2026-06-01T12:49:40.344+0000] {logging_mixin.py:188} INFO - [2026-06-01T12:49:40.343+0000] {dag.py:3096} INFO - Sync 1 DAGs
[2026-06-01T12:49:40.353+0000] {logging_mixin.py:188} INFO - [2026-06-01T12:49:40.353+0000] {dag.py:3954} INFO - Setting next_dagrun for example_bash_decorator to None, run_after=None
[2026-06-01T12:49:40.367+0000] {processor.py:183} INFO - Processing /home/airflow/.local/lib/python3.12/site-packages/airflow/example_dags/example_bash_decorator.py took 0.062 seconds
[2026-06-01T12:50:10.805+0000] {processor.py:161} INFO - Started process (PID=48186) to work on /home/airflow/.local/lib/python3.12/site-packages/airflow/example_dags/example_bash_decorator.py
[2026-06-01T12:50:10.806+0000] {processor.py:830} INFO - Processing file /home/airflow/.local/lib/python3.12/site-packages/airflow/example_dags/example_bash_decorator.py for tasks to queue
[2026-06-01T12:50:10.808+0000] {logging_mixin.py:188} INFO - [2026-06-01T12:50:10.807+0000] {dagbag.py:540} INFO - Filling up the DagBag from /home/airflow/.local/lib/python3.12/site-packages/airflow/example_dags/example_bash_decorator.py
[2026-06-01T12:50:10.818+0000] {processor.py:840} INFO - DAG(s) 'example_bash_decorator' retrieved from /home/airflow/.local/lib/python3.12/site-packages/airflow/example_dags/example_bash_decorator.py
[2026-06-01T12:50:10.836+0000] {logging_mixin.py:188} INFO - [2026-06-01T12:50:10.836+0000] {dag.py:3096} INFO - Sync 1 DAGs
[2026-06-01T12:50:10.845+0000] {logging_mixin.py:188} INFO - [2026-06-01T12:50:10.845+0000] {dag.py:3954} INFO - Setting next_dagrun for example_bash_decorator to None, run_after=None
[2026-06-01T12:50:10.860+0000] {processor.py:183} INFO - Processing /home/airflow/.local/lib/python3.12/site-packages/airflow/example_dags/example_bash_decorator.py took 0.061 seconds
[2026-06-01T12:50:41.369+0000] {processor.py:161} INFO - Started process (PID=48245) to work on /home/airflow/.local/lib/python3.12/site-packages/airflow/example_dags/example_bash_decorator.py
[2026-06-01T12:50:41.370+0000] {processor.py:830} INFO - Processing file /home/airflow/.local/lib/python3.12/site-packages/airflow/example_dags/example_bash_decorator.py for tasks to queue
[2026-06-01T12:50:41.372+0000] {logging_mixin.py:188} INFO - [2026-06-01T12:50:41.371+0000] {dagbag.py:540} INFO - Filling up the DagBag from /home/airflow/.local/lib/python3.12/site-packages/airflow/example_dags/example_bash_decorator.py
[2026-06-01T12:50:41.385+0000] {processor.py:840} INFO - DAG(s) 'example_bash_decorator' retrieved from /home/airflow/.local/lib/python3.12/site-packages/airflow/example_dags/example_bash_decorator.py
[2026-06-01T12:50:41.404+0000] {logging_mixin.py:188} INFO - [2026-06-01T12:50:41.404+0000] {dag.py:3096} INFO - Sync 1 DAGs
[2026-06-01T12:50:41.414+0000] {logging_mixin.py:188} INFO - [2026-06-01T12:50:41.414+0000] {dag.py:3954} INFO - Setting next_dagrun for example_bash_decorator to None, run_after=None
[2026-06-01T12:50:41.431+0000] {processor.py:183} INFO - Processing /home/airflow/.local/lib/python3.12/site-packages/airflow/example_dags/example_bash_decorator.py took 0.067 seconds
[2026-06-01T12:51:11.654+0000] {processor.py:161} INFO - Started process (PID=48304) to work on /home/airflow/.local/lib/python3.12/site-packages/airflow/example_dags/example_bash_decorator.py
[2026-06-01T12:51:11.655+0000] {processor.py:830} INFO - Processing file /home/airflow/.local/lib/python3.12/site-packages/airflow/example_dags/example_bash_decorator.py for tasks to queue
[2026-06-01T12:51:11.656+0000] {logging_mixin.py:188} INFO - [2026-06-01T12:51:11.656+0000] {dagbag.py:540} INFO - Filling up the DagBag from /home/airflow/.local/lib/python3.12/site-packages/airflow/example_dags/example_bash_decorator.py
[2026-06-01T12:51:11.667+0000] {processor.py:840} INFO - DAG(s) 'example_bash_decorator' retrieved from /home/airflow/.local/lib/python3.12/site-packages/airflow/example_dags/example_bash_decorator.py
[2026-06-01T12:51:11.684+0000] {logging_mixin.py:188} INFO - [2026-06-01T12:51:11.684+0000] {dag.py:3096} INFO - Sync 1 DAGs
[2026-06-01T12:51:11.694+0000] {logging_mixin.py:188} INFO - [2026-06-01T12:51:11.694+0000] {dag.py:3954} INFO - Setting next_dagrun for example_bash_decorator to None, run_after=None
[2026-06-01T12:51:11.710+0000] {processor.py:183} INFO - Processing /home/airflow/.local/lib/python3.12/site-packages/airflow/example_dags/example_bash_decorator.py took 0.061 seconds
[2026-06-01T12:51:42.202+0000] {processor.py:161} INFO - Started process (PID=48363) to work on /home/airflow/.local/lib/python3.12/site-packages/airflow/example_dags/example_bash_decorator.py
[2026-06-01T12:51:42.204+0000] {processor.py:830} INFO - Processing file /home/airflow/.local/lib/python3.12/site-packages/airflow/example_dags/example_bash_decorator.py for tasks to queue
[2026-06-01T12:51:42.207+0000] {logging_mixin.py:188} INFO - [2026-06-01T12:51:42.207+0000] {dagbag.py:540} INFO - Filling up the DagBag from /home/airflow/.local/lib/python3.12/site-packages/airflow/example_dags/example_bash_decorator.py
[2026-06-01T12:51:42.227+0000] {processor.py:840} INFO - DAG(s) 'example_bash_decorator' retrieved from /home/airflow/.local/lib/python3.12/site-packages/airflow/example_dags/example_bash_decorator.py
[2026-06-01T12:51:42.260+0000] {logging_mixin.py:188} INFO - [2026-06-01T12:51:42.259+0000] {dag.py:3096} INFO - Sync 1 DAGs
[2026-06-01T12:51:42.284+0000] {logging_mixin.py:188} INFO - [2026-06-01T12:51:42.284+0000] {dag.py:3954} INFO - Setting next_dagrun for example_bash_decorator to None, run_after=None
[2026-06-01T12:51:42.307+0000] {processor.py:183} INFO - Processing /home/airflow/.local/lib/python3.12/site-packages/airflow/example_dags/example_bash_decorator.py took 0.115 seconds
[2026-06-01T12:52:12.876+0000] {processor.py:161} INFO - Started process (PID=48422) to work on /home/airflow/.local/lib/python3.12/site-packages/airflow/example_dags/example_bash_decorator.py
[2026-06-01T12:52:12.877+0000] {processor.py:830} INFO - Processing file /home/airflow/.local/lib/python3.12/site-packages/airflow/example_dags/example_bash_decorator.py for tasks to queue
[2026-06-01T12:52:12.879+0000] {logging_mixin.py:188} INFO - [2026-06-01T12:52:12.879+0000] {dagbag.py:540} INFO - Filling up the DagBag from /home/airflow/.local/lib/python3.12/site-packages/airflow/example_dags/example_bash_decorator.py
[2026-06-01T12:52:12.890+0000] {processor.py:840} INFO - DAG(s) 'example_bash_decorator' retrieved from /home/airflow/.local/lib/python3.12/site-packages/airflow/example_dags/example_bash_decorator.py
[2026-06-01T12:52:12.907+0000] {logging_mixin.py:188} INFO - [2026-06-01T12:52:12.907+0000] {dag.py:3096} INFO - Sync 1 DAGs
[2026-06-01T12:52:12.917+0000] {logging_mixin.py:188} INFO - [2026-06-01T12:52:12.917+0000] {dag.py:3954} INFO - Setting next_dagrun for example_bash_decorator to None, run_after=None
[2026-06-01T12:52:12.932+0000] {processor.py:183} INFO - Processing /home/airflow/.local/lib/python3.12/site-packages/airflow/example_dags/example_bash_decorator.py took 0.060 seconds
[2026-06-01T12:52:43.384+0000] {processor.py:161} INFO - Started process (PID=48481) to work on /home/airflow/.local/lib/python3.12/site-packages/airflow/example_dags/example_bash_decorator.py
[2026-06-01T12:52:43.385+0000] {processor.py:830} INFO - Processing file /home/airflow/.local/lib/python3.12/site-packages/airflow/example_dags/example_bash_decorator.py for tasks to queue
[2026-06-01T12:52:43.387+0000] {logging_mixin.py:188} INFO - [2026-06-01T12:52:43.387+0000] {dagbag.py:540} INFO - Filling up the DagBag from /home/airflow/.local/lib/python3.12/site-packages/airflow/example_dags/example_bash_decorator.py
[2026-06-01T12:52:43.398+0000] {processor.py:840} INFO - DAG(s) 'example_bash_decorator' retrieved from /home/airflow/.local/lib/python3.12/site-packages/airflow/example_dags/example_bash_decorator.py
[2026-06-01T12:52:43.416+0000] {logging_mixin.py:188} INFO - [2026-06-01T12:52:43.416+0000] {dag.py:3096} INFO - Sync 1 DAGs
[2026-06-01T12:52:43.426+0000] {logging_mixin.py:188} INFO - [2026-06-01T12:52:43.426+0000] {dag.py:3954} INFO - Setting next_dagrun for example_bash_decorator to None, run_after=None
[2026-06-01T12:52:43.440+0000] {processor.py:183} INFO - Processing /home/airflow/.local/lib/python3.12/site-packages/airflow/example_dags/example_bash_decorator.py took 0.061 seconds
[2026-06-01T12:53:13.656+0000] {processor.py:161} INFO - Started process (PID=48540) to work on /home/airflow/.local/lib/python3.12/site-packages/airflow/example_dags/example_bash_decorator.py
[2026-06-01T12:53:13.657+0000] {processor.py:830} INFO - Processing file /home/airflow/.local/lib/python3.12/site-packages/airflow/example_dags/example_bash_decorator.py for tasks to queue
[2026-06-01T12:53:13.659+0000] {logging_mixin.py:188} INFO - [2026-06-01T12:53:13.658+0000] {dagbag.py:540} INFO - Filling up the DagBag from /home/airflow/.local/lib/python3.12/site-packages/airflow/example_dags/example_bash_decorator.py
[2026-06-01T12:53:13.670+0000] {processor.py:840} INFO - DAG(s) 'example_bash_decorator' retrieved from /home/airflow/.local/lib/python3.12/site-packages/airflow/example_dags/example_bash_decorator.py
[2026-06-01T12:53:13.689+0000] {logging_mixin.py:188} INFO - [2026-06-01T12:53:13.688+0000] {dag.py:3096} INFO - Sync 1 DAGs
[2026-06-01T12:53:13.698+0000] {logging_mixin.py:188} INFO - [2026-06-01T12:53:13.698+0000] {dag.py:3954} INFO - Setting next_dagrun for example_bash_decorator to None, run_after=None
[2026-06-01T12:53:13.713+0000] {processor.py:183} INFO - Processing /home/airflow/.local/lib/python3.12/site-packages/airflow/example_dags/example_bash_decorator.py took 0.062 seconds
[2026-06-01T12:53:44.310+0000] {processor.py:161} INFO - Started process (PID=48599) to work on /home/airflow/.local/lib/python3.12/site-packages/airflow/example_dags/example_bash_decorator.py
[2026-06-01T12:53:44.311+0000] {processor.py:830} INFO - Processing file /home/airflow/.local/lib/python3.12/site-packages/airflow/example_dags/example_bash_decorator.py for tasks to queue
[2026-06-01T12:53:44.314+0000] {logging_mixin.py:188} INFO - [2026-06-01T12:53:44.314+0000] {dagbag.py:540} INFO - Filling up the DagBag from /home/airflow/.local/lib/python3.12/site-packages/airflow/example_dags/example_bash_decorator.py
[2026-06-01T12:53:44.338+0000] {processor.py:840} INFO - DAG(s) 'example_bash_decorator' retrieved from /home/airflow/.local/lib/python3.12/site-packages/airflow/example_dags/example_bash_decorator.py
[2026-06-01T12:53:44.380+0000] {logging_mixin.py:188} INFO - [2026-06-01T12:53:44.379+0000] {dag.py:3096} INFO - Sync 1 DAGs
[2026-06-01T12:53:44.406+0000] {logging_mixin.py:188} INFO - [2026-06-01T12:53:44.406+0000] {dag.py:3954} INFO - Setting next_dagrun for example_bash_decorator to None, run_after=None
[2026-06-01T12:53:44.436+0000] {processor.py:183} INFO - Processing /home/airflow/.local/lib/python3.12/site-packages/airflow/example_dags/example_bash_decorator.py took 0.136 seconds
[2026-06-01T12:54:14.526+0000] {processor.py:161} INFO - Started process (PID=48658) to work on /home/airflow/.local/lib/python3.12/site-packages/airflow/example_dags/example_bash_decorator.py
[2026-06-01T12:54:14.527+0000] {processor.py:830} INFO - Processing file /home/airflow/.local/lib/python3.12/site-packages/airflow/example_dags/example_bash_decorator.py for tasks to queue
[2026-06-01T12:54:14.529+0000] {logging_mixin.py:188} INFO - [2026-06-01T12:54:14.528+0000] {dagbag.py:540} INFO - Filling up the DagBag from /home/airflow/.local/lib/python3.12/site-packages/airflow/example_dags/example_bash_decorator.py
[2026-06-01T12:54:14.540+0000] {processor.py:840} INFO - DAG(s) 'example_bash_decorator' retrieved from /home/airflow/.local/lib/python3.12/site-packages/airflow/example_dags/example_bash_decorator.py
[2026-06-01T12:54:14.558+0000] {logging_mixin.py:188} INFO - [2026-06-01T12:54:14.557+0000] {dag.py:3096} INFO - Sync 1 DAGs
[2026-06-01T12:54:14.568+0000] {logging_mixin.py:188} INFO - [2026-06-01T12:54:14.567+0000] {dag.py:3954} INFO - Setting next_dagrun for example_bash_decorator to None, run_after=None
[2026-06-01T12:54:14.583+0000] {processor.py:183} INFO - Processing /home/airflow/.local/lib/python3.12/site-packages/airflow/example_dags/example_bash_decorator.py took 0.062 seconds
[2026-06-01T12:54:45.241+0000] {processor.py:161} INFO - Started process (PID=48717) to work on /home/airflow/.local/lib/python3.12/site-packages/airflow/example_dags/example_bash_decorator.py
[2026-06-01T12:54:45.242+0000] {processor.py:830} INFO - Processing file /home/airflow/.local/lib/python3.12/site-packages/airflow/example_dags/example_bash_decorator.py for tasks to queue
[2026-06-01T12:54:45.244+0000] {logging_mixin.py:188} INFO - [2026-06-01T12:54:45.244+0000] {dagbag.py:540} INFO - Filling up the DagBag from /home/airflow/.local/lib/python3.12/site-packages/airflow/example_dags/example_bash_decorator.py
[2026-06-01T12:54:45.257+0000] {processor.py:840} INFO - DAG(s) 'example_bash_decorator' retrieved from /home/airflow/.local/lib/python3.12/site-packages/airflow/example_dags/example_bash_decorator.py
[2026-06-01T12:54:45.276+0000] {logging_mixin.py:188} INFO - [2026-06-01T12:54:45.276+0000] {dag.py:3096} INFO - Sync 1 DAGs
[2026-06-01T12:54:45.288+0000] {logging_mixin.py:188} INFO - [2026-06-01T12:54:45.287+0000] {dag.py:3954} INFO - Setting next_dagrun for example_bash_decorator to None, run_after=None
[2026-06-01T12:54:45.303+0000] {processor.py:183} INFO - Processing /home/airflow/.local/lib/python3.12/site-packages/airflow/example_dags/example_bash_decorator.py took 0.069 seconds
[2026-06-01T12:55:15.720+0000] {processor.py:161} INFO - Started process (PID=48776) to work on /home/airflow/.local/lib/python3.12/site-packages/airflow/example_dags/example_bash_decorator.py
[2026-06-01T12:55:15.721+0000] {processor.py:830} INFO - Processing file /home/airflow/.local/lib/python3.12/site-packages/airflow/example_dags/example_bash_decorator.py for tasks to queue
[2026-06-01T12:55:15.724+0000] {logging_mixin.py:188} INFO - [2026-06-01T12:55:15.724+0000] {dagbag.py:540} INFO - Filling up the DagBag from /home/airflow/.local/lib/python3.12/site-packages/airflow/example_dags/example_bash_decorator.py
[2026-06-01T12:55:15.737+0000] {processor.py:840} INFO - DAG(s) 'example_bash_decorator' retrieved from /home/airflow/.local/lib/python3.12/site-packages/airflow/example_dags/example_bash_decorator.py
[2026-06-01T12:55:15.757+0000] {logging_mixin.py:188} INFO - [2026-06-01T12:55:15.756+0000] {dag.py:3096} INFO - Sync 1 DAGs
[2026-06-01T12:55:15.769+0000] {logging_mixin.py:188} INFO - [2026-06-01T12:55:15.769+0000] {dag.py:3954} INFO - Setting next_dagrun for example_bash_decorator to None, run_after=None
[2026-06-01T12:55:15.785+0000] {processor.py:183} INFO - Processing /home/airflow/.local/lib/python3.12/site-packages/airflow/example_dags/example_bash_decorator.py took 0.071 seconds
[2026-06-01T12:55:46.102+0000] {processor.py:161} INFO - Started process (PID=48835) to work on /home/airflow/.local/lib/python3.12/site-packages/airflow/example_dags/example_bash_decorator.py
[2026-06-01T12:55:46.103+0000] {processor.py:830} INFO - Processing file /home/airflow/.local/lib/python3.12/site-packages/airflow/example_dags/example_bash_decorator.py for tasks to queue
[2026-06-01T12:55:46.105+0000] {logging_mixin.py:188} INFO - [2026-06-01T12:55:46.105+0000] {dagbag.py:540} INFO - Filling up the DagBag from /home/airflow/.local/lib/python3.12/site-packages/airflow/example_dags/example_bash_decorator.py
[2026-06-01T12:55:46.117+0000] {processor.py:840} INFO - DAG(s) 'example_bash_decorator' retrieved from /home/airflow/.local/lib/python3.12/site-packages/airflow/example_dags/example_bash_decorator.py
[2026-06-01T12:55:46.135+0000] {logging_mixin.py:188} INFO - [2026-06-01T12:55:46.134+0000] {dag.py:3096} INFO - Sync 1 DAGs
[2026-06-01T12:55:46.145+0000] {logging_mixin.py:188} INFO - [2026-06-01T12:55:46.145+0000] {dag.py:3954} INFO - Setting next_dagrun for example_bash_decorator to None, run_after=None
[2026-06-01T12:55:46.159+0000] {processor.py:183} INFO - Processing /home/airflow/.local/lib/python3.12/site-packages/airflow/example_dags/example_bash_decorator.py took 0.062 seconds
[2026-06-01T12:56:16.747+0000] {processor.py:161} INFO - Started process (PID=48894) to work on /home/airflow/.local/lib/python3.12/site-packages/airflow/example_dags/example_bash_decorator.py
[2026-06-01T12:56:16.748+0000] {processor.py:830} INFO - Processing file /home/airflow/.local/lib/python3.12/site-packages/airflow/example_dags/example_bash_decorator.py for tasks to queue
[2026-06-01T12:56:16.750+0000] {logging_mixin.py:188} INFO - [2026-06-01T12:56:16.750+0000] {dagbag.py:540} INFO - Filling up the DagBag from /home/airflow/.local/lib/python3.12/site-packages/airflow/example_dags/example_bash_decorator.py
[2026-06-01T12:56:16.761+0000] {processor.py:840} INFO - DAG(s) 'example_bash_decorator' retrieved from /home/airflow/.local/lib/python3.12/site-packages/airflow/example_dags/example_bash_decorator.py
[2026-06-01T12:56:16.778+0000] {logging_mixin.py:188} INFO - [2026-06-01T12:56:16.778+0000] {dag.py:3096} INFO - Sync 1 DAGs
[2026-06-01T12:56:16.788+0000] {logging_mixin.py:188} INFO - [2026-06-01T12:56:16.788+0000] {dag.py:3954} INFO - Setting next_dagrun for example_bash_decorator to None, run_after=None
[2026-06-01T12:56:16.803+0000] {processor.py:183} INFO - Processing /home/airflow/.local/lib/python3.12/site-packages/airflow/example_dags/example_bash_decorator.py took 0.061 seconds
[2026-06-01T12:56:47.292+0000] {processor.py:161} INFO - Started process (PID=48953) to work on /home/airflow/.local/lib/python3.12/site-packages/airflow/example_dags/example_bash_decorator.py
[2026-06-01T12:56:47.293+0000] {processor.py:830} INFO - Processing file /home/airflow/.local/lib/python3.12/site-packages/airflow/example_dags/example_bash_decorator.py for tasks to queue
[2026-06-01T12:56:47.295+0000] {logging_mixin.py:188} INFO - [2026-06-01T12:56:47.295+0000] {dagbag.py:540} INFO - Filling up the DagBag from /home/airflow/.local/lib/python3.12/site-packages/airflow/example_dags/example_bash_decorator.py
[2026-06-01T12:56:47.307+0000] {processor.py:840} INFO - DAG(s) 'example_bash_decorator' retrieved from /home/airflow/.local/lib/python3.12/site-packages/airflow/example_dags/example_bash_decorator.py
[2026-06-01T12:56:47.329+0000] {logging_mixin.py:188} INFO - [2026-06-01T12:56:47.328+0000] {dag.py:3096} INFO - Sync 1 DAGs
[2026-06-01T12:56:47.339+0000] {logging_mixin.py:188} INFO - [2026-06-01T12:56:47.339+0000] {dag.py:3954} INFO - Setting next_dagrun for example_bash_decorator to None, run_after=None
[2026-06-01T12:56:47.354+0000] {processor.py:183} INFO - Processing /home/airflow/.local/lib/python3.12/site-packages/airflow/example_dags/example_bash_decorator.py took 0.066 seconds
[2026-06-01T12:57:17.758+0000] {processor.py:161} INFO - Started process (PID=49012) to work on /home/airflow/.local/lib/python3.12/site-packages/airflow/example_dags/example_bash_decorator.py
[2026-06-01T12:57:17.759+0000] {processor.py:830} INFO - Processing file /home/airflow/.local/lib/python3.12/site-packages/airflow/example_dags/example_bash_decorator.py for tasks to queue
[2026-06-01T12:57:17.761+0000] {logging_mixin.py:188} INFO - [2026-06-01T12:57:17.761+0000] {dagbag.py:540} INFO - Filling up the DagBag from /home/airflow/.local/lib/python3.12/site-packages/airflow/example_dags/example_bash_decorator.py
[2026-06-01T12:57:17.773+0000] {processor.py:840} INFO - DAG(s) 'example_bash_decorator' retrieved from /home/airflow/.local/lib/python3.12/site-packages/airflow/example_dags/example_bash_decorator.py
[2026-06-01T12:57:17.792+0000] {logging_mixin.py:188} INFO - [2026-06-01T12:57:17.792+0000] {dag.py:3096} INFO - Sync 1 DAGs
[2026-06-01T12:57:17.803+0000] {logging_mixin.py:188} INFO - [2026-06-01T12:57:17.803+0000] {dag.py:3954} INFO - Setting next_dagrun for example_bash_decorator to None, run_after=None
[2026-06-01T12:57:17.820+0000] {processor.py:183} INFO - Processing /home/airflow/.local/lib/python3.12/site-packages/airflow/example_dags/example_bash_decorator.py took 0.067 seconds
[2026-06-01T12:57:48.297+0000] {processor.py:161} INFO - Started process (PID=49071) to work on /home/airflow/.local/lib/python3.12/site-packages/airflow/example_dags/example_bash_decorator.py
[2026-06-01T12:57:48.298+0000] {processor.py:830} INFO - Processing file /home/airflow/.local/lib/python3.12/site-packages/airflow/example_dags/example_bash_decorator.py for tasks to queue
[2026-06-01T12:57:48.300+0000] {logging_mixin.py:188} INFO - [2026-06-01T12:57:48.300+0000] {dagbag.py:540} INFO - Filling up the DagBag from /home/airflow/.local/lib/python3.12/site-packages/airflow/example_dags/example_bash_decorator.py
[2026-06-01T12:57:48.310+0000] {processor.py:840} INFO - DAG(s) 'example_bash_decorator' retrieved from /home/airflow/.local/lib/python3.12/site-packages/airflow/example_dags/example_bash_decorator.py
[2026-06-01T12:57:48.329+0000] {logging_mixin.py:188} INFO - [2026-06-01T12:57:48.329+0000] {dag.py:3096} INFO - Sync 1 DAGs
[2026-06-01T12:57:48.339+0000] {logging_mixin.py:188} INFO - [2026-06-01T12:57:48.339+0000] {dag.py:3954} INFO - Setting next_dagrun for example_bash_decorator to None, run_after=None
[2026-06-01T12:57:48.355+0000] {processor.py:183} INFO - Processing /home/airflow/.local/lib/python3.12/site-packages/airflow/example_dags/example_bash_decorator.py took 0.063 seconds
[2026-06-01T18:02:35.189+0000] {processor.py:161} INFO - Started process (PID=116) to work on /home/airflow/.local/lib/python3.12/site-packages/airflow/example_dags/example_bash_decorator.py
[2026-06-01T18:02:35.191+0000] {processor.py:830} INFO - Processing file /home/airflow/.local/lib/python3.12/site-packages/airflow/example_dags/example_bash_decorator.py for tasks to queue
[2026-06-01T18:02:35.194+0000] {logging_mixin.py:188} INFO - [2026-06-01T18:02:35.194+0000] {dagbag.py:540} INFO - Filling up the DagBag from /home/airflow/.local/lib/python3.12/site-packages/airflow/example_dags/example_bash_decorator.py
[2026-06-01T18:02:35.211+0000] {processor.py:840} INFO - DAG(s) 'example_bash_decorator' retrieved from /home/airflow/.local/lib/python3.12/site-packages/airflow/example_dags/example_bash_decorator.py
[2026-06-01T18:02:35.410+0000] {logging_mixin.py:188} INFO - [2026-06-01T18:02:35.409+0000] {dag.py:3096} INFO - Sync 1 DAGs
[2026-06-01T18:02:35.431+0000] {logging_mixin.py:188} INFO - [2026-06-01T18:02:35.430+0000] {dag.py:3954} INFO - Setting next_dagrun for example_bash_decorator to None, run_after=None
[2026-06-01T18:02:35.471+0000] {processor.py:183} INFO - Processing /home/airflow/.local/lib/python3.12/site-packages/airflow/example_dags/example_bash_decorator.py took 0.290 seconds
[2026-06-01T18:03:05.717+0000] {processor.py:161} INFO - Started process (PID=175) to work on /home/airflow/.local/lib/python3.12/site-packages/airflow/example_dags/example_bash_decorator.py
[2026-06-01T18:03:05.719+0000] {processor.py:830} INFO - Processing file /home/airflow/.local/lib/python3.12/site-packages/airflow/example_dags/example_bash_decorator.py for tasks to queue
[2026-06-01T18:03:05.721+0000] {logging_mixin.py:188} INFO - [2026-06-01T18:03:05.720+0000] {dagbag.py:540} INFO - Filling up the DagBag from /home/airflow/.local/lib/python3.12/site-packages/airflow/example_dags/example_bash_decorator.py
[2026-06-01T18:03:05.734+0000] {processor.py:840} INFO - DAG(s) 'example_bash_decorator' retrieved from /home/airflow/.local/lib/python3.12/site-packages/airflow/example_dags/example_bash_decorator.py
[2026-06-01T18:03:05.757+0000] {logging_mixin.py:188} INFO - [2026-06-01T18:03:05.757+0000] {dag.py:3096} INFO - Sync 1 DAGs
[2026-06-01T18:03:05.768+0000] {logging_mixin.py:188} INFO - [2026-06-01T18:03:05.768+0000] {dag.py:3954} INFO - Setting next_dagrun for example_bash_decorator to None, run_after=None
[2026-06-01T18:03:05.793+0000] {processor.py:183} INFO - Processing /home/airflow/.local/lib/python3.12/site-packages/airflow/example_dags/example_bash_decorator.py took 0.081 seconds
[2026-06-01T18:03:36.677+0000] {processor.py:161} INFO - Started process (PID=234) to work on /home/airflow/.local/lib/python3.12/site-packages/airflow/example_dags/example_bash_decorator.py
[2026-06-01T18:03:36.678+0000] {processor.py:830} INFO - Processing file /home/airflow/.local/lib/python3.12/site-packages/airflow/example_dags/example_bash_decorator.py for tasks to queue
[2026-06-01T18:03:36.680+0000] {logging_mixin.py:188} INFO - [2026-06-01T18:03:36.680+0000] {dagbag.py:540} INFO - Filling up the DagBag from /home/airflow/.local/lib/python3.12/site-packages/airflow/example_dags/example_bash_decorator.py
[2026-06-01T18:03:36.690+0000] {processor.py:840} INFO - DAG(s) 'example_bash_decorator' retrieved from /home/airflow/.local/lib/python3.12/site-packages/airflow/example_dags/example_bash_decorator.py
[2026-06-01T18:03:36.708+0000] {logging_mixin.py:188} INFO - [2026-06-01T18:03:36.708+0000] {dag.py:3096} INFO - Sync 1 DAGs
[2026-06-01T18:03:36.717+0000] {logging_mixin.py:188} INFO - [2026-06-01T18:03:36.717+0000] {dag.py:3954} INFO - Setting next_dagrun for example_bash_decorator to None, run_after=None
[2026-06-01T18:03:36.734+0000] {processor.py:183} INFO - Processing /home/airflow/.local/lib/python3.12/site-packages/airflow/example_dags/example_bash_decorator.py took 0.061 seconds
[2026-06-01T18:04:07.576+0000] {processor.py:161} INFO - Started process (PID=293) to work on /home/airflow/.local/lib/python3.12/site-packages/airflow/example_dags/example_bash_decorator.py
[2026-06-01T18:04:07.577+0000] {processor.py:830} INFO - Processing file /home/airflow/.local/lib/python3.12/site-packages/airflow/example_dags/example_bash_decorator.py for tasks to queue
[2026-06-01T18:04:07.579+0000] {logging_mixin.py:188} INFO - [2026-06-01T18:04:07.579+0000] {dagbag.py:540} INFO - Filling up the DagBag from /home/airflow/.local/lib/python3.12/site-packages/airflow/example_dags/example_bash_decorator.py
[2026-06-01T18:04:07.589+0000] {processor.py:840} INFO - DAG(s) 'example_bash_decorator' retrieved from /home/airflow/.local/lib/python3.12/site-packages/airflow/example_dags/example_bash_decorator.py
[2026-06-01T18:04:07.610+0000] {logging_mixin.py:188} INFO - [2026-06-01T18:04:07.610+0000] {dag.py:3096} INFO - Sync 1 DAGs
[2026-06-01T18:04:07.622+0000] {logging_mixin.py:188} INFO - [2026-06-01T18:04:07.621+0000] {dag.py:3954} INFO - Setting next_dagrun for example_bash_decorator to None, run_after=None
[2026-06-01T18:04:07.645+0000] {processor.py:183} INFO - Processing /home/airflow/.local/lib/python3.12/site-packages/airflow/example_dags/example_bash_decorator.py took 0.073 seconds
[2026-06-01T18:04:38.232+0000] {processor.py:161} INFO - Started process (PID=352) to work on /home/airflow/.local/lib/python3.12/site-packages/airflow/example_dags/example_bash_decorator.py
[2026-06-01T18:04:38.233+0000] {processor.py:830} INFO - Processing file /home/airflow/.local/lib/python3.12/site-packages/airflow/example_dags/example_bash_decorator.py for tasks to queue
[2026-06-01T18:04:38.235+0000] {logging_mixin.py:188} INFO - [2026-06-01T18:04:38.235+0000] {dagbag.py:540} INFO - Filling up the DagBag from /home/airflow/.local/lib/python3.12/site-packages/airflow/example_dags/example_bash_decorator.py
[2026-06-01T18:04:38.246+0000] {processor.py:840} INFO - DAG(s) 'example_bash_decorator' retrieved from /home/airflow/.local/lib/python3.12/site-packages/airflow/example_dags/example_bash_decorator.py
[2026-06-01T18:04:38.271+0000] {logging_mixin.py:188} INFO - [2026-06-01T18:04:38.270+0000] {dag.py:3096} INFO - Sync 1 DAGs
[2026-06-01T18:04:38.287+0000] {logging_mixin.py:188} INFO - [2026-06-01T18:04:38.286+0000] {dag.py:3954} INFO - Setting next_dagrun for example_bash_decorator to None, run_after=None
[2026-06-01T18:04:38.327+0000] {processor.py:183} INFO - Processing /home/airflow/.local/lib/python3.12/site-packages/airflow/example_dags/example_bash_decorator.py took 0.099 seconds
[2026-06-01T18:05:08.847+0000] {processor.py:161} INFO - Started process (PID=411) to work on /home/airflow/.local/lib/python3.12/site-packages/airflow/example_dags/example_bash_decorator.py
[2026-06-01T18:05:08.848+0000] {processor.py:830} INFO - Processing file /home/airflow/.local/lib/python3.12/site-packages/airflow/example_dags/example_bash_decorator.py for tasks to queue
[2026-06-01T18:05:08.850+0000] {logging_mixin.py:188} INFO - [2026-06-01T18:05:08.850+0000] {dagbag.py:540} INFO - Filling up the DagBag from /home/airflow/.local/lib/python3.12/site-packages/airflow/example_dags/example_bash_decorator.py
[2026-06-01T18:05:08.862+0000] {processor.py:840} INFO - DAG(s) 'example_bash_decorator' retrieved from /home/airflow/.local/lib/python3.12/site-packages/airflow/example_dags/example_bash_decorator.py
[2026-06-01T18:05:08.885+0000] {logging_mixin.py:188} INFO - [2026-06-01T18:05:08.885+0000] {dag.py:3096} INFO - Sync 1 DAGs
[2026-06-01T18:05:08.900+0000] {logging_mixin.py:188} INFO - [2026-06-01T18:05:08.899+0000] {dag.py:3954} INFO - Setting next_dagrun for example_bash_decorator to None, run_after=None
[2026-06-01T18:05:08.928+0000] {processor.py:183} INFO - Processing /home/airflow/.local/lib/python3.12/site-packages/airflow/example_dags/example_bash_decorator.py took 0.087 seconds
[2026-06-01T18:06:56.834+0000] {processor.py:161} INFO - Started process (PID=125) to work on /home/airflow/.local/lib/python3.12/site-packages/airflow/example_dags/example_bash_decorator.py
[2026-06-01T18:06:56.837+0000] {processor.py:830} INFO - Processing file /home/airflow/.local/lib/python3.12/site-packages/airflow/example_dags/example_bash_decorator.py for tasks to queue
[2026-06-01T18:06:56.840+0000] {logging_mixin.py:188} INFO - [2026-06-01T18:06:56.840+0000] {dagbag.py:540} INFO - Filling up the DagBag from /home/airflow/.local/lib/python3.12/site-packages/airflow/example_dags/example_bash_decorator.py
[2026-06-01T18:06:56.853+0000] {processor.py:840} INFO - DAG(s) 'example_bash_decorator' retrieved from /home/airflow/.local/lib/python3.12/site-packages/airflow/example_dags/example_bash_decorator.py
[2026-06-01T18:06:56.926+0000] {logging_mixin.py:188} INFO - [2026-06-01T18:06:56.926+0000] {dag.py:3096} INFO - Sync 1 DAGs
[2026-06-01T18:06:56.941+0000] {logging_mixin.py:188} INFO - [2026-06-01T18:06:56.940+0000] {dag.py:3954} INFO - Setting next_dagrun for example_bash_decorator to None, run_after=None
[2026-06-01T18:06:56.965+0000] {processor.py:183} INFO - Processing /home/airflow/.local/lib/python3.12/site-packages/airflow/example_dags/example_bash_decorator.py took 0.141 seconds
[2026-06-01T18:07:27.850+0000] {processor.py:161} INFO - Started process (PID=184) to work on /home/airflow/.local/lib/python3.12/site-packages/airflow/example_dags/example_bash_decorator.py
[2026-06-01T18:07:27.851+0000] {processor.py:830} INFO - Processing file /home/airflow/.local/lib/python3.12/site-packages/airflow/example_dags/example_bash_decorator.py for tasks to queue
[2026-06-01T18:07:27.853+0000] {logging_mixin.py:188} INFO - [2026-06-01T18:07:27.853+0000] {dagbag.py:540} INFO - Filling up the DagBag from /home/airflow/.local/lib/python3.12/site-packages/airflow/example_dags/example_bash_decorator.py
[2026-06-01T18:07:27.864+0000] {processor.py:840} INFO - DAG(s) 'example_bash_decorator' retrieved from /home/airflow/.local/lib/python3.12/site-packages/airflow/example_dags/example_bash_decorator.py
[2026-06-01T18:07:27.885+0000] {logging_mixin.py:188} INFO - [2026-06-01T18:07:27.885+0000] {dag.py:3096} INFO - Sync 1 DAGs
[2026-06-01T18:07:27.899+0000] {logging_mixin.py:188} INFO - [2026-06-01T18:07:27.898+0000] {dag.py:3954} INFO - Setting next_dagrun for example_bash_decorator to None, run_after=None
[2026-06-01T18:07:27.920+0000] {processor.py:183} INFO - Processing /home/airflow/.local/lib/python3.12/site-packages/airflow/example_dags/example_bash_decorator.py took 0.075 seconds
[2026-06-01T18:07:58.369+0000] {processor.py:161} INFO - Started process (PID=243) to work on /home/airflow/.local/lib/python3.12/site-packages/airflow/example_dags/example_bash_decorator.py
[2026-06-01T18:07:58.370+0000] {processor.py:830} INFO - Processing file /home/airflow/.local/lib/python3.12/site-packages/airflow/example_dags/example_bash_decorator.py for tasks to queue
[2026-06-01T18:07:58.372+0000] {logging_mixin.py:188} INFO - [2026-06-01T18:07:58.372+0000] {dagbag.py:540} INFO - Filling up the DagBag from /home/airflow/.local/lib/python3.12/site-packages/airflow/example_dags/example_bash_decorator.py
[2026-06-01T18:07:58.384+0000] {processor.py:840} INFO - DAG(s) 'example_bash_decorator' retrieved from /home/airflow/.local/lib/python3.12/site-packages/airflow/example_dags/example_bash_decorator.py
[2026-06-01T18:07:58.406+0000] {logging_mixin.py:188} INFO - [2026-06-01T18:07:58.406+0000] {dag.py:3096} INFO - Sync 1 DAGs
[2026-06-01T18:07:58.417+0000] {logging_mixin.py:188} INFO - [2026-06-01T18:07:58.417+0000] {dag.py:3954} INFO - Setting next_dagrun for example_bash_decorator to None, run_after=None
[2026-06-01T18:07:58.438+0000] {processor.py:183} INFO - Processing /home/airflow/.local/lib/python3.12/site-packages/airflow/example_dags/example_bash_decorator.py took 0.074 seconds
[2026-06-01T18:08:28.995+0000] {processor.py:161} INFO - Started process (PID=302) to work on /home/airflow/.local/lib/python3.12/site-packages/airflow/example_dags/example_bash_decorator.py
[2026-06-01T18:08:28.997+0000] {processor.py:830} INFO - Processing file /home/airflow/.local/lib/python3.12/site-packages/airflow/example_dags/example_bash_decorator.py for tasks to queue
[2026-06-01T18:08:28.999+0000] {logging_mixin.py:188} INFO - [2026-06-01T18:08:28.998+0000] {dagbag.py:540} INFO - Filling up the DagBag from /home/airflow/.local/lib/python3.12/site-packages/airflow/example_dags/example_bash_decorator.py
[2026-06-01T18:08:29.010+0000] {processor.py:840} INFO - DAG(s) 'example_bash_decorator' retrieved from /home/airflow/.local/lib/python3.12/site-packages/airflow/example_dags/example_bash_decorator.py
[2026-06-01T18:08:29.031+0000] {logging_mixin.py:188} INFO - [2026-06-01T18:08:29.031+0000] {dag.py:3096} INFO - Sync 1 DAGs
[2026-06-01T18:08:29.043+0000] {logging_mixin.py:188} INFO - [2026-06-01T18:08:29.042+0000] {dag.py:3954} INFO - Setting next_dagrun for example_bash_decorator to None, run_after=None
[2026-06-01T18:08:29.062+0000] {processor.py:183} INFO - Processing /home/airflow/.local/lib/python3.12/site-packages/airflow/example_dags/example_bash_decorator.py took 0.073 seconds
[2026-06-01T18:09:00.018+0000] {processor.py:161} INFO - Started process (PID=361) to work on /home/airflow/.local/lib/python3.12/site-packages/airflow/example_dags/example_bash_decorator.py
[2026-06-01T18:09:00.020+0000] {processor.py:830} INFO - Processing file /home/airflow/.local/lib/python3.12/site-packages/airflow/example_dags/example_bash_decorator.py for tasks to queue
[2026-06-01T18:09:00.024+0000] {logging_mixin.py:188} INFO - [2026-06-01T18:09:00.023+0000] {dagbag.py:540} INFO - Filling up the DagBag from /home/airflow/.local/lib/python3.12/site-packages/airflow/example_dags/example_bash_decorator.py
[2026-06-01T18:09:00.040+0000] {processor.py:840} INFO - DAG(s) 'example_bash_decorator' retrieved from /home/airflow/.local/lib/python3.12/site-packages/airflow/example_dags/example_bash_decorator.py
[2026-06-01T18:09:00.067+0000] {logging_mixin.py:188} INFO - [2026-06-01T18:09:00.067+0000] {dag.py:3096} INFO - Sync 1 DAGs
[2026-06-01T18:09:00.080+0000] {logging_mixin.py:188} INFO - [2026-06-01T18:09:00.080+0000] {dag.py:3954} INFO - Setting next_dagrun for example_bash_decorator to None, run_after=None
[2026-06-01T18:09:00.101+0000] {processor.py:183} INFO - Processing /home/airflow/.local/lib/python3.12/site-packages/airflow/example_dags/example_bash_decorator.py took 0.090 seconds
[2026-06-01T18:09:30.761+0000] {processor.py:161} INFO - Started process (PID=419) to work on /home/airflow/.local/lib/python3.12/site-packages/airflow/example_dags/example_bash_decorator.py
[2026-06-01T18:09:30.763+0000] {processor.py:830} INFO - Processing file /home/airflow/.local/lib/python3.12/site-packages/airflow/example_dags/example_bash_decorator.py for tasks to queue
[2026-06-01T18:09:30.765+0000] {logging_mixin.py:188} INFO - [2026-06-01T18:09:30.765+0000] {dagbag.py:540} INFO - Filling up the DagBag from /home/airflow/.local/lib/python3.12/site-packages/airflow/example_dags/example_bash_decorator.py
[2026-06-01T18:09:30.777+0000] {processor.py:840} INFO - DAG(s) 'example_bash_decorator' retrieved from /home/airflow/.local/lib/python3.12/site-packages/airflow/example_dags/example_bash_decorator.py
[2026-06-01T18:09:30.796+0000] {logging_mixin.py:188} INFO - [2026-06-01T18:09:30.796+0000] {dag.py:3096} INFO - Sync 1 DAGs
[2026-06-01T18:09:30.808+0000] {logging_mixin.py:188} INFO - [2026-06-01T18:09:30.808+0000] {dag.py:3954} INFO - Setting next_dagrun for example_bash_decorator to None, run_after=None
[2026-06-01T18:09:30.825+0000] {processor.py:183} INFO - Processing /home/airflow/.local/lib/python3.12/site-packages/airflow/example_dags/example_bash_decorator.py took 0.069 seconds
[2026-06-01T18:10:01.156+0000] {processor.py:161} INFO - Started process (PID=478) to work on /home/airflow/.local/lib/python3.12/site-packages/airflow/example_dags/example_bash_decorator.py
[2026-06-01T18:10:01.158+0000] {processor.py:830} INFO - Processing file /home/airflow/.local/lib/python3.12/site-packages/airflow/example_dags/example_bash_decorator.py for tasks to queue
[2026-06-01T18:10:01.160+0000] {logging_mixin.py:188} INFO - [2026-06-01T18:10:01.159+0000] {dagbag.py:540} INFO - Filling up the DagBag from /home/airflow/.local/lib/python3.12/site-packages/airflow/example_dags/example_bash_decorator.py
[2026-06-01T18:10:01.172+0000] {processor.py:840} INFO - DAG(s) 'example_bash_decorator' retrieved from /home/airflow/.local/lib/python3.12/site-packages/airflow/example_dags/example_bash_decorator.py
[2026-06-01T18:10:01.192+0000] {logging_mixin.py:188} INFO - [2026-06-01T18:10:01.192+0000] {dag.py:3096} INFO - Sync 1 DAGs
[2026-06-01T18:10:01.203+0000] {logging_mixin.py:188} INFO - [2026-06-01T18:10:01.203+0000] {dag.py:3954} INFO - Setting next_dagrun for example_bash_decorator to None, run_after=None
[2026-06-01T18:10:01.220+0000] {processor.py:183} INFO - Processing /home/airflow/.local/lib/python3.12/site-packages/airflow/example_dags/example_bash_decorator.py took 0.069 seconds
[2026-06-01T18:10:31.603+0000] {processor.py:161} INFO - Started process (PID=537) to work on /home/airflow/.local/lib/python3.12/site-packages/airflow/example_dags/example_bash_decorator.py
[2026-06-01T18:10:31.604+0000] {processor.py:830} INFO - Processing file /home/airflow/.local/lib/python3.12/site-packages/airflow/example_dags/example_bash_decorator.py for tasks to queue
[2026-06-01T18:10:31.606+0000] {logging_mixin.py:188} INFO - [2026-06-01T18:10:31.606+0000] {dagbag.py:540} INFO - Filling up the DagBag from /home/airflow/.local/lib/python3.12/site-packages/airflow/example_dags/example_bash_decorator.py
[2026-06-01T18:10:31.620+0000] {processor.py:840} INFO - DAG(s) 'example_bash_decorator' retrieved from /home/airflow/.local/lib/python3.12/site-packages/airflow/example_dags/example_bash_decorator.py
[2026-06-01T18:10:31.644+0000] {logging_mixin.py:188} INFO - [2026-06-01T18:10:31.644+0000] {dag.py:3096} INFO - Sync 1 DAGs
[2026-06-01T18:10:31.657+0000] {logging_mixin.py:188} INFO - [2026-06-01T18:10:31.656+0000] {dag.py:3954} INFO - Setting next_dagrun for example_bash_decorator to None, run_after=None
[2026-06-01T18:10:31.677+0000] {processor.py:183} INFO - Processing /home/airflow/.local/lib/python3.12/site-packages/airflow/example_dags/example_bash_decorator.py took 0.081 seconds
[2026-06-01T18:11:01.797+0000] {processor.py:161} INFO - Started process (PID=596) to work on /home/airflow/.local/lib/python3.12/site-packages/airflow/example_dags/example_bash_decorator.py
[2026-06-01T18:11:01.803+0000] {processor.py:830} INFO - Processing file /home/airflow/.local/lib/python3.12/site-packages/airflow/example_dags/example_bash_decorator.py for tasks to queue
[2026-06-01T18:11:01.805+0000] {logging_mixin.py:188} INFO - [2026-06-01T18:11:01.805+0000] {dagbag.py:540} INFO - Filling up the DagBag from /home/airflow/.local/lib/python3.12/site-packages/airflow/example_dags/example_bash_decorator.py
[2026-06-01T18:11:01.820+0000] {processor.py:840} INFO - DAG(s) 'example_bash_decorator' retrieved from /home/airflow/.local/lib/python3.12/site-packages/airflow/example_dags/example_bash_decorator.py
[2026-06-01T18:11:01.846+0000] {logging_mixin.py:188} INFO - [2026-06-01T18:11:01.845+0000] {dag.py:3096} INFO - Sync 1 DAGs
[2026-06-01T18:11:01.857+0000] {logging_mixin.py:188} INFO - [2026-06-01T18:11:01.857+0000] {dag.py:3954} INFO - Setting next_dagrun for example_bash_decorator to None, run_after=None
[2026-06-01T18:11:01.877+0000] {processor.py:183} INFO - Processing /home/airflow/.local/lib/python3.12/site-packages/airflow/example_dags/example_bash_decorator.py took 0.087 seconds
[2026-06-01T18:11:32.732+0000] {processor.py:161} INFO - Started process (PID=656) to work on /home/airflow/.local/lib/python3.12/site-packages/airflow/example_dags/example_bash_decorator.py
[2026-06-01T18:11:32.735+0000] {processor.py:830} INFO - Processing file /home/airflow/.local/lib/python3.12/site-packages/airflow/example_dags/example_bash_decorator.py for tasks to queue
[2026-06-01T18:11:32.738+0000] {logging_mixin.py:188} INFO - [2026-06-01T18:11:32.737+0000] {dagbag.py:540} INFO - Filling up the DagBag from /home/airflow/.local/lib/python3.12/site-packages/airflow/example_dags/example_bash_decorator.py
[2026-06-01T18:11:32.766+0000] {processor.py:840} INFO - DAG(s) 'example_bash_decorator' retrieved from /home/airflow/.local/lib/python3.12/site-packages/airflow/example_dags/example_bash_decorator.py
[2026-06-01T18:11:32.807+0000] {logging_mixin.py:188} INFO - [2026-06-01T18:11:32.807+0000] {dag.py:3096} INFO - Sync 1 DAGs
[2026-06-01T18:11:32.827+0000] {logging_mixin.py:188} INFO - [2026-06-01T18:11:32.826+0000] {dag.py:3954} INFO - Setting next_dagrun for example_bash_decorator to None, run_after=None
[2026-06-01T18:11:32.859+0000] {processor.py:183} INFO - Processing /home/airflow/.local/lib/python3.12/site-packages/airflow/example_dags/example_bash_decorator.py took 0.138 seconds
[2026-06-01T18:12:03.597+0000] {processor.py:161} INFO - Started process (PID=715) to work on /home/airflow/.local/lib/python3.12/site-packages/airflow/example_dags/example_bash_decorator.py
[2026-06-01T18:12:03.599+0000] {processor.py:830} INFO - Processing file /home/airflow/.local/lib/python3.12/site-packages/airflow/example_dags/example_bash_decorator.py for tasks to queue
[2026-06-01T18:12:03.601+0000] {logging_mixin.py:188} INFO - [2026-06-01T18:12:03.600+0000] {dagbag.py:540} INFO - Filling up the DagBag from /home/airflow/.local/lib/python3.12/site-packages/airflow/example_dags/example_bash_decorator.py
[2026-06-01T18:12:03.613+0000] {processor.py:840} INFO - DAG(s) 'example_bash_decorator' retrieved from /home/airflow/.local/lib/python3.12/site-packages/airflow/example_dags/example_bash_decorator.py
[2026-06-01T18:12:03.635+0000] {logging_mixin.py:188} INFO - [2026-06-01T18:12:03.635+0000] {dag.py:3096} INFO - Sync 1 DAGs
[2026-06-01T18:12:03.646+0000] {logging_mixin.py:188} INFO - [2026-06-01T18:12:03.646+0000] {dag.py:3954} INFO - Setting next_dagrun for example_bash_decorator to None, run_after=None
[2026-06-01T18:12:03.664+0000] {processor.py:183} INFO - Processing /home/airflow/.local/lib/python3.12/site-packages/airflow/example_dags/example_bash_decorator.py took 0.072 seconds
[2026-06-01T18:12:33.730+0000] {processor.py:161} INFO - Started process (PID=775) to work on /home/airflow/.local/lib/python3.12/site-packages/airflow/example_dags/example_bash_decorator.py
[2026-06-01T18:12:33.731+0000] {processor.py:830} INFO - Processing file /home/airflow/.local/lib/python3.12/site-packages/airflow/example_dags/example_bash_decorator.py for tasks to queue
[2026-06-01T18:12:33.734+0000] {logging_mixin.py:188} INFO - [2026-06-01T18:12:33.734+0000] {dagbag.py:540} INFO - Filling up the DagBag from /home/airflow/.local/lib/python3.12/site-packages/airflow/example_dags/example_bash_decorator.py
[2026-06-01T18:12:33.745+0000] {processor.py:840} INFO - DAG(s) 'example_bash_decorator' retrieved from /home/airflow/.local/lib/python3.12/site-packages/airflow/example_dags/example_bash_decorator.py
[2026-06-01T18:12:33.767+0000] {logging_mixin.py:188} INFO - [2026-06-01T18:12:33.766+0000] {dag.py:3096} INFO - Sync 1 DAGs
[2026-06-01T18:12:33.777+0000] {logging_mixin.py:188} INFO - [2026-06-01T18:12:33.777+0000] {dag.py:3954} INFO - Setting next_dagrun for example_bash_decorator to None, run_after=None
[2026-06-01T18:12:33.802+0000] {processor.py:183} INFO - Processing /home/airflow/.local/lib/python3.12/site-packages/airflow/example_dags/example_bash_decorator.py took 0.077 seconds
[2026-06-01T18:13:04.115+0000] {processor.py:161} INFO - Started process (PID=833) to work on /home/airflow/.local/lib/python3.12/site-packages/airflow/example_dags/example_bash_decorator.py
[2026-06-01T18:13:04.116+0000] {processor.py:830} INFO - Processing file /home/airflow/.local/lib/python3.12/site-packages/airflow/example_dags/example_bash_decorator.py for tasks to queue
[2026-06-01T18:13:04.118+0000] {logging_mixin.py:188} INFO - [2026-06-01T18:13:04.118+0000] {dagbag.py:540} INFO - Filling up the DagBag from /home/airflow/.local/lib/python3.12/site-packages/airflow/example_dags/example_bash_decorator.py
[2026-06-01T18:13:04.131+0000] {processor.py:840} INFO - DAG(s) 'example_bash_decorator' retrieved from /home/airflow/.local/lib/python3.12/site-packages/airflow/example_dags/example_bash_decorator.py
[2026-06-01T18:13:04.153+0000] {logging_mixin.py:188} INFO - [2026-06-01T18:13:04.152+0000] {dag.py:3096} INFO - Sync 1 DAGs
[2026-06-01T18:13:04.165+0000] {logging_mixin.py:188} INFO - [2026-06-01T18:13:04.165+0000] {dag.py:3954} INFO - Setting next_dagrun for example_bash_decorator to None, run_after=None
[2026-06-01T18:13:04.187+0000] {processor.py:183} INFO - Processing /home/airflow/.local/lib/python3.12/site-packages/airflow/example_dags/example_bash_decorator.py took 0.078 seconds
[2026-06-01T18:13:34.447+0000] {processor.py:161} INFO - Started process (PID=892) to work on /home/airflow/.local/lib/python3.12/site-packages/airflow/example_dags/example_bash_decorator.py
[2026-06-01T18:13:34.448+0000] {processor.py:830} INFO - Processing file /home/airflow/.local/lib/python3.12/site-packages/airflow/example_dags/example_bash_decorator.py for tasks to queue
[2026-06-01T18:13:34.450+0000] {logging_mixin.py:188} INFO - [2026-06-01T18:13:34.449+0000] {dagbag.py:540} INFO - Filling up the DagBag from /home/airflow/.local/lib/python3.12/site-packages/airflow/example_dags/example_bash_decorator.py
[2026-06-01T18:13:34.461+0000] {processor.py:840} INFO - DAG(s) 'example_bash_decorator' retrieved from /home/airflow/.local/lib/python3.12/site-packages/airflow/example_dags/example_bash_decorator.py
[2026-06-01T18:13:34.482+0000] {logging_mixin.py:188} INFO - [2026-06-01T18:13:34.482+0000] {dag.py:3096} INFO - Sync 1 DAGs
[2026-06-01T18:13:34.493+0000] {logging_mixin.py:188} INFO - [2026-06-01T18:13:34.493+0000] {dag.py:3954} INFO - Setting next_dagrun for example_bash_decorator to None, run_after=None
[2026-06-01T18:13:34.511+0000] {processor.py:183} INFO - Processing /home/airflow/.local/lib/python3.12/site-packages/airflow/example_dags/example_bash_decorator.py took 0.070 seconds
[2026-06-01T18:14:04.896+0000] {processor.py:161} INFO - Started process (PID=952) to work on /home/airflow/.local/lib/python3.12/site-packages/airflow/example_dags/example_bash_decorator.py
[2026-06-01T18:14:04.897+0000] {processor.py:830} INFO - Processing file /home/airflow/.local/lib/python3.12/site-packages/airflow/example_dags/example_bash_decorator.py for tasks to queue
[2026-06-01T18:14:04.899+0000] {logging_mixin.py:188} INFO - [2026-06-01T18:14:04.899+0000] {dagbag.py:540} INFO - Filling up the DagBag from /home/airflow/.local/lib/python3.12/site-packages/airflow/example_dags/example_bash_decorator.py
[2026-06-01T18:14:04.911+0000] {processor.py:840} INFO - DAG(s) 'example_bash_decorator' retrieved from /home/airflow/.local/lib/python3.12/site-packages/airflow/example_dags/example_bash_decorator.py
[2026-06-01T18:14:04.931+0000] {logging_mixin.py:188} INFO - [2026-06-01T18:14:04.931+0000] {dag.py:3096} INFO - Sync 1 DAGs
[2026-06-01T18:14:04.942+0000] {logging_mixin.py:188} INFO - [2026-06-01T18:14:04.942+0000] {dag.py:3954} INFO - Setting next_dagrun for example_bash_decorator to None, run_after=None
[2026-06-01T18:14:04.966+0000] {processor.py:183} INFO - Processing /home/airflow/.local/lib/python3.12/site-packages/airflow/example_dags/example_bash_decorator.py took 0.076 seconds
[2026-06-01T18:14:35.086+0000] {processor.py:161} INFO - Started process (PID=1011) to work on /home/airflow/.local/lib/python3.12/site-packages/airflow/example_dags/example_bash_decorator.py
[2026-06-01T18:14:35.087+0000] {processor.py:830} INFO - Processing file /home/airflow/.local/lib/python3.12/site-packages/airflow/example_dags/example_bash_decorator.py for tasks to queue
[2026-06-01T18:14:35.089+0000] {logging_mixin.py:188} INFO - [2026-06-01T18:14:35.088+0000] {dagbag.py:540} INFO - Filling up the DagBag from /home/airflow/.local/lib/python3.12/site-packages/airflow/example_dags/example_bash_decorator.py
[2026-06-01T18:14:35.100+0000] {processor.py:840} INFO - DAG(s) 'example_bash_decorator' retrieved from /home/airflow/.local/lib/python3.12/site-packages/airflow/example_dags/example_bash_decorator.py
[2026-06-01T18:14:35.120+0000] {logging_mixin.py:188} INFO - [2026-06-01T18:14:35.120+0000] {dag.py:3096} INFO - Sync 1 DAGs
[2026-06-01T18:14:35.131+0000] {logging_mixin.py:188} INFO - [2026-06-01T18:14:35.130+0000] {dag.py:3954} INFO - Setting next_dagrun for example_bash_decorator to None, run_after=None
[2026-06-01T18:14:35.148+0000] {processor.py:183} INFO - Processing /home/airflow/.local/lib/python3.12/site-packages/airflow/example_dags/example_bash_decorator.py took 0.067 seconds
[2026-06-01T18:15:05.434+0000] {processor.py:161} INFO - Started process (PID=1070) to work on /home/airflow/.local/lib/python3.12/site-packages/airflow/example_dags/example_bash_decorator.py
[2026-06-01T18:15:05.435+0000] {processor.py:830} INFO - Processing file /home/airflow/.local/lib/python3.12/site-packages/airflow/example_dags/example_bash_decorator.py for tasks to queue
[2026-06-01T18:15:05.437+0000] {logging_mixin.py:188} INFO - [2026-06-01T18:15:05.437+0000] {dagbag.py:540} INFO - Filling up the DagBag from /home/airflow/.local/lib/python3.12/site-packages/airflow/example_dags/example_bash_decorator.py
[2026-06-01T18:15:05.450+0000] {processor.py:840} INFO - DAG(s) 'example_bash_decorator' retrieved from /home/airflow/.local/lib/python3.12/site-packages/airflow/example_dags/example_bash_decorator.py
[2026-06-01T18:15:05.471+0000] {logging_mixin.py:188} INFO - [2026-06-01T18:15:05.471+0000] {dag.py:3096} INFO - Sync 1 DAGs
[2026-06-01T18:15:05.482+0000] {logging_mixin.py:188} INFO - [2026-06-01T18:15:05.482+0000] {dag.py:3954} INFO - Setting next_dagrun for example_bash_decorator to None, run_after=None
[2026-06-01T18:15:05.500+0000] {processor.py:183} INFO - Processing /home/airflow/.local/lib/python3.12/site-packages/airflow/example_dags/example_bash_decorator.py took 0.071 seconds
[2026-06-01T18:15:35.794+0000] {processor.py:161} INFO - Started process (PID=1129) to work on /home/airflow/.local/lib/python3.12/site-packages/airflow/example_dags/example_bash_decorator.py
[2026-06-01T18:15:35.795+0000] {processor.py:830} INFO - Processing file /home/airflow/.local/lib/python3.12/site-packages/airflow/example_dags/example_bash_decorator.py for tasks to queue
[2026-06-01T18:15:35.797+0000] {logging_mixin.py:188} INFO - [2026-06-01T18:15:35.797+0000] {dagbag.py:540} INFO - Filling up the DagBag from /home/airflow/.local/lib/python3.12/site-packages/airflow/example_dags/example_bash_decorator.py
[2026-06-01T18:15:35.809+0000] {processor.py:840} INFO - DAG(s) 'example_bash_decorator' retrieved from /home/airflow/.local/lib/python3.12/site-packages/airflow/example_dags/example_bash_decorator.py
[2026-06-01T18:15:35.828+0000] {logging_mixin.py:188} INFO - [2026-06-01T18:15:35.828+0000] {dag.py:3096} INFO - Sync 1 DAGs
[2026-06-01T18:15:35.839+0000] {logging_mixin.py:188} INFO - [2026-06-01T18:15:35.839+0000] {dag.py:3954} INFO - Setting next_dagrun for example_bash_decorator to None, run_after=None
[2026-06-01T18:15:35.859+0000] {processor.py:183} INFO - Processing /home/airflow/.local/lib/python3.12/site-packages/airflow/example_dags/example_bash_decorator.py took 0.070 seconds
[2026-06-01T18:16:05.969+0000] {processor.py:161} INFO - Started process (PID=1188) to work on /home/airflow/.local/lib/python3.12/site-packages/airflow/example_dags/example_bash_decorator.py
[2026-06-01T18:16:05.971+0000] {processor.py:830} INFO - Processing file /home/airflow/.local/lib/python3.12/site-packages/airflow/example_dags/example_bash_decorator.py for tasks to queue
[2026-06-01T18:16:05.973+0000] {logging_mixin.py:188} INFO - [2026-06-01T18:16:05.972+0000] {dagbag.py:540} INFO - Filling up the DagBag from /home/airflow/.local/lib/python3.12/site-packages/airflow/example_dags/example_bash_decorator.py
[2026-06-01T18:16:05.984+0000] {processor.py:840} INFO - DAG(s) 'example_bash_decorator' retrieved from /home/airflow/.local/lib/python3.12/site-packages/airflow/example_dags/example_bash_decorator.py
[2026-06-01T18:16:06.006+0000] {logging_mixin.py:188} INFO - [2026-06-01T18:16:06.005+0000] {dag.py:3096} INFO - Sync 1 DAGs
[2026-06-01T18:16:06.018+0000] {logging_mixin.py:188} INFO - [2026-06-01T18:16:06.018+0000] {dag.py:3954} INFO - Setting next_dagrun for example_bash_decorator to None, run_after=None
[2026-06-01T18:16:06.035+0000] {processor.py:183} INFO - Processing /home/airflow/.local/lib/python3.12/site-packages/airflow/example_dags/example_bash_decorator.py took 0.072 seconds
[2026-06-01T18:16:36.117+0000] {processor.py:161} INFO - Started process (PID=1247) to work on /home/airflow/.local/lib/python3.12/site-packages/airflow/example_dags/example_bash_decorator.py
[2026-06-01T18:16:36.118+0000] {processor.py:830} INFO - Processing file /home/airflow/.local/lib/python3.12/site-packages/airflow/example_dags/example_bash_decorator.py for tasks to queue
[2026-06-01T18:16:36.120+0000] {logging_mixin.py:188} INFO - [2026-06-01T18:16:36.119+0000] {dagbag.py:540} INFO - Filling up the DagBag from /home/airflow/.local/lib/python3.12/site-packages/airflow/example_dags/example_bash_decorator.py
[2026-06-01T18:16:36.131+0000] {processor.py:840} INFO - DAG(s) 'example_bash_decorator' retrieved from /home/airflow/.local/lib/python3.12/site-packages/airflow/example_dags/example_bash_decorator.py
[2026-06-01T18:16:36.151+0000] {logging_mixin.py:188} INFO - [2026-06-01T18:16:36.151+0000] {dag.py:3096} INFO - Sync 1 DAGs
[2026-06-01T18:16:36.162+0000] {logging_mixin.py:188} INFO - [2026-06-01T18:16:36.162+0000] {dag.py:3954} INFO - Setting next_dagrun for example_bash_decorator to None, run_after=None
[2026-06-01T18:16:36.180+0000] {processor.py:183} INFO - Processing /home/airflow/.local/lib/python3.12/site-packages/airflow/example_dags/example_bash_decorator.py took 0.071 seconds
[2026-06-01T18:17:06.352+0000] {processor.py:161} INFO - Started process (PID=1306) to work on /home/airflow/.local/lib/python3.12/site-packages/airflow/example_dags/example_bash_decorator.py
[2026-06-01T18:17:06.353+0000] {processor.py:830} INFO - Processing file /home/airflow/.local/lib/python3.12/site-packages/airflow/example_dags/example_bash_decorator.py for tasks to queue
[2026-06-01T18:17:06.356+0000] {logging_mixin.py:188} INFO - [2026-06-01T18:17:06.355+0000] {dagbag.py:540} INFO - Filling up the DagBag from /home/airflow/.local/lib/python3.12/site-packages/airflow/example_dags/example_bash_decorator.py
[2026-06-01T18:17:06.367+0000] {processor.py:840} INFO - DAG(s) 'example_bash_decorator' retrieved from /home/airflow/.local/lib/python3.12/site-packages/airflow/example_dags/example_bash_decorator.py
[2026-06-01T18:17:06.388+0000] {logging_mixin.py:188} INFO - [2026-06-01T18:17:06.388+0000] {dag.py:3096} INFO - Sync 1 DAGs
[2026-06-01T18:17:06.399+0000] {logging_mixin.py:188} INFO - [2026-06-01T18:17:06.399+0000] {dag.py:3954} INFO - Setting next_dagrun for example_bash_decorator to None, run_after=None
[2026-06-01T18:17:06.417+0000] {processor.py:183} INFO - Processing /home/airflow/.local/lib/python3.12/site-packages/airflow/example_dags/example_bash_decorator.py took 0.070 seconds
[2026-06-01T18:17:36.748+0000] {processor.py:161} INFO - Started process (PID=1365) to work on /home/airflow/.local/lib/python3.12/site-packages/airflow/example_dags/example_bash_decorator.py
[2026-06-01T18:17:36.749+0000] {processor.py:830} INFO - Processing file /home/airflow/.local/lib/python3.12/site-packages/airflow/example_dags/example_bash_decorator.py for tasks to queue
[2026-06-01T18:17:36.751+0000] {logging_mixin.py:188} INFO - [2026-06-01T18:17:36.751+0000] {dagbag.py:540} INFO - Filling up the DagBag from /home/airflow/.local/lib/python3.12/site-packages/airflow/example_dags/example_bash_decorator.py
[2026-06-01T18:17:36.764+0000] {processor.py:840} INFO - DAG(s) 'example_bash_decorator' retrieved from /home/airflow/.local/lib/python3.12/site-packages/airflow/example_dags/example_bash_decorator.py
[2026-06-01T18:17:36.784+0000] {logging_mixin.py:188} INFO - [2026-06-01T18:17:36.784+0000] {dag.py:3096} INFO - Sync 1 DAGs
[2026-06-01T18:17:36.796+0000] {logging_mixin.py:188} INFO - [2026-06-01T18:17:36.796+0000] {dag.py:3954} INFO - Setting next_dagrun for example_bash_decorator to None, run_after=None
[2026-06-01T18:17:36.814+0000] {processor.py:183} INFO - Processing /home/airflow/.local/lib/python3.12/site-packages/airflow/example_dags/example_bash_decorator.py took 0.072 seconds
[2026-06-01T18:18:06.955+0000] {processor.py:161} INFO - Started process (PID=1424) to work on /home/airflow/.local/lib/python3.12/site-packages/airflow/example_dags/example_bash_decorator.py
[2026-06-01T18:18:06.957+0000] {processor.py:830} INFO - Processing file /home/airflow/.local/lib/python3.12/site-packages/airflow/example_dags/example_bash_decorator.py for tasks to queue
[2026-06-01T18:18:06.959+0000] {logging_mixin.py:188} INFO - [2026-06-01T18:18:06.959+0000] {dagbag.py:540} INFO - Filling up the DagBag from /home/airflow/.local/lib/python3.12/site-packages/airflow/example_dags/example_bash_decorator.py
[2026-06-01T18:18:06.971+0000] {processor.py:840} INFO - DAG(s) 'example_bash_decorator' retrieved from /home/airflow/.local/lib/python3.12/site-packages/airflow/example_dags/example_bash_decorator.py
[2026-06-01T18:18:06.991+0000] {logging_mixin.py:188} INFO - [2026-06-01T18:18:06.991+0000] {dag.py:3096} INFO - Sync 1 DAGs
[2026-06-01T18:18:07.008+0000] {logging_mixin.py:188} INFO - [2026-06-01T18:18:07.007+0000] {dag.py:3954} INFO - Setting next_dagrun for example_bash_decorator to None, run_after=None
[2026-06-01T18:18:07.026+0000] {processor.py:183} INFO - Processing /home/airflow/.local/lib/python3.12/site-packages/airflow/example_dags/example_bash_decorator.py took 0.076 seconds
[2026-06-01T18:18:37.207+0000] {processor.py:161} INFO - Started process (PID=1483) to work on /home/airflow/.local/lib/python3.12/site-packages/airflow/example_dags/example_bash_decorator.py
[2026-06-01T18:18:37.208+0000] {processor.py:830} INFO - Processing file /home/airflow/.local/lib/python3.12/site-packages/airflow/example_dags/example_bash_decorator.py for tasks to queue
[2026-06-01T18:18:37.210+0000] {logging_mixin.py:188} INFO - [2026-06-01T18:18:37.210+0000] {dagbag.py:540} INFO - Filling up the DagBag from /home/airflow/.local/lib/python3.12/site-packages/airflow/example_dags/example_bash_decorator.py
[2026-06-01T18:18:37.221+0000] {processor.py:840} INFO - DAG(s) 'example_bash_decorator' retrieved from /home/airflow/.local/lib/python3.12/site-packages/airflow/example_dags/example_bash_decorator.py
[2026-06-01T18:18:37.241+0000] {logging_mixin.py:188} INFO - [2026-06-01T18:18:37.241+0000] {dag.py:3096} INFO - Sync 1 DAGs
[2026-06-01T18:18:37.253+0000] {logging_mixin.py:188} INFO - [2026-06-01T18:18:37.252+0000] {dag.py:3954} INFO - Setting next_dagrun for example_bash_decorator to None, run_after=None
[2026-06-01T18:18:37.271+0000] {processor.py:183} INFO - Processing /home/airflow/.local/lib/python3.12/site-packages/airflow/example_dags/example_bash_decorator.py took 0.069 seconds
[2026-06-01T18:19:07.445+0000] {processor.py:161} INFO - Started process (PID=1542) to work on /home/airflow/.local/lib/python3.12/site-packages/airflow/example_dags/example_bash_decorator.py
[2026-06-01T18:19:07.447+0000] {processor.py:830} INFO - Processing file /home/airflow/.local/lib/python3.12/site-packages/airflow/example_dags/example_bash_decorator.py for tasks to queue
[2026-06-01T18:19:07.449+0000] {logging_mixin.py:188} INFO - [2026-06-01T18:19:07.449+0000] {dagbag.py:540} INFO - Filling up the DagBag from /home/airflow/.local/lib/python3.12/site-packages/airflow/example_dags/example_bash_decorator.py
[2026-06-01T18:19:07.462+0000] {processor.py:840} INFO - DAG(s) 'example_bash_decorator' retrieved from /home/airflow/.local/lib/python3.12/site-packages/airflow/example_dags/example_bash_decorator.py
[2026-06-01T18:19:07.481+0000] {logging_mixin.py:188} INFO - [2026-06-01T18:19:07.481+0000] {dag.py:3096} INFO - Sync 1 DAGs
[2026-06-01T18:19:07.494+0000] {logging_mixin.py:188} INFO - [2026-06-01T18:19:07.494+0000] {dag.py:3954} INFO - Setting next_dagrun for example_bash_decorator to None, run_after=None
[2026-06-01T18:19:07.512+0000] {processor.py:183} INFO - Processing /home/airflow/.local/lib/python3.12/site-packages/airflow/example_dags/example_bash_decorator.py took 0.072 seconds
[2026-06-01T18:19:37.772+0000] {processor.py:161} INFO - Started process (PID=1601) to work on /home/airflow/.local/lib/python3.12/site-packages/airflow/example_dags/example_bash_decorator.py
[2026-06-01T18:19:37.774+0000] {processor.py:830} INFO - Processing file /home/airflow/.local/lib/python3.12/site-packages/airflow/example_dags/example_bash_decorator.py for tasks to queue
[2026-06-01T18:19:37.776+0000] {logging_mixin.py:188} INFO - [2026-06-01T18:19:37.776+0000] {dagbag.py:540} INFO - Filling up the DagBag from /home/airflow/.local/lib/python3.12/site-packages/airflow/example_dags/example_bash_decorator.py
[2026-06-01T18:19:37.790+0000] {processor.py:840} INFO - DAG(s) 'example_bash_decorator' retrieved from /home/airflow/.local/lib/python3.12/site-packages/airflow/example_dags/example_bash_decorator.py
[2026-06-01T18:19:37.812+0000] {logging_mixin.py:188} INFO - [2026-06-01T18:19:37.811+0000] {dag.py:3096} INFO - Sync 1 DAGs
[2026-06-01T18:19:37.826+0000] {logging_mixin.py:188} INFO - [2026-06-01T18:19:37.826+0000] {dag.py:3954} INFO - Setting next_dagrun for example_bash_decorator to None, run_after=None
[2026-06-01T18:19:37.848+0000] {processor.py:183} INFO - Processing /home/airflow/.local/lib/python3.12/site-packages/airflow/example_dags/example_bash_decorator.py took 0.082 seconds
[2026-06-01T18:20:08.034+0000] {processor.py:161} INFO - Started process (PID=1660) to work on /home/airflow/.local/lib/python3.12/site-packages/airflow/example_dags/example_bash_decorator.py
[2026-06-01T18:20:08.035+0000] {processor.py:830} INFO - Processing file /home/airflow/.local/lib/python3.12/site-packages/airflow/example_dags/example_bash_decorator.py for tasks to queue
[2026-06-01T18:20:08.037+0000] {logging_mixin.py:188} INFO - [2026-06-01T18:20:08.037+0000] {dagbag.py:540} INFO - Filling up the DagBag from /home/airflow/.local/lib/python3.12/site-packages/airflow/example_dags/example_bash_decorator.py
[2026-06-01T18:20:08.048+0000] {processor.py:840} INFO - DAG(s) 'example_bash_decorator' retrieved from /home/airflow/.local/lib/python3.12/site-packages/airflow/example_dags/example_bash_decorator.py
[2026-06-01T18:20:08.068+0000] {logging_mixin.py:188} INFO - [2026-06-01T18:20:08.068+0000] {dag.py:3096} INFO - Sync 1 DAGs
[2026-06-01T18:20:08.079+0000] {logging_mixin.py:188} INFO - [2026-06-01T18:20:08.079+0000] {dag.py:3954} INFO - Setting next_dagrun for example_bash_decorator to None, run_after=None
[2026-06-01T18:20:08.097+0000] {processor.py:183} INFO - Processing /home/airflow/.local/lib/python3.12/site-packages/airflow/example_dags/example_bash_decorator.py took 0.067 seconds
[2026-06-01T18:20:38.267+0000] {processor.py:161} INFO - Started process (PID=1719) to work on /home/airflow/.local/lib/python3.12/site-packages/airflow/example_dags/example_bash_decorator.py
[2026-06-01T18:20:38.269+0000] {processor.py:830} INFO - Processing file /home/airflow/.local/lib/python3.12/site-packages/airflow/example_dags/example_bash_decorator.py for tasks to queue
[2026-06-01T18:20:38.271+0000] {logging_mixin.py:188} INFO - [2026-06-01T18:20:38.270+0000] {dagbag.py:540} INFO - Filling up the DagBag from /home/airflow/.local/lib/python3.12/site-packages/airflow/example_dags/example_bash_decorator.py
[2026-06-01T18:20:38.282+0000] {processor.py:840} INFO - DAG(s) 'example_bash_decorator' retrieved from /home/airflow/.local/lib/python3.12/site-packages/airflow/example_dags/example_bash_decorator.py
[2026-06-01T18:20:38.301+0000] {logging_mixin.py:188} INFO - [2026-06-01T18:20:38.300+0000] {dag.py:3096} INFO - Sync 1 DAGs
[2026-06-01T18:20:38.312+0000] {logging_mixin.py:188} INFO - [2026-06-01T18:20:38.312+0000] {dag.py:3954} INFO - Setting next_dagrun for example_bash_decorator to None, run_after=None
[2026-06-01T18:20:38.328+0000] {processor.py:183} INFO - Processing /home/airflow/.local/lib/python3.12/site-packages/airflow/example_dags/example_bash_decorator.py took 0.066 seconds
[2026-06-01T18:21:08.550+0000] {processor.py:161} INFO - Started process (PID=1778) to work on /home/airflow/.local/lib/python3.12/site-packages/airflow/example_dags/example_bash_decorator.py
[2026-06-01T18:21:08.551+0000] {processor.py:830} INFO - Processing file /home/airflow/.local/lib/python3.12/site-packages/airflow/example_dags/example_bash_decorator.py for tasks to queue
[2026-06-01T18:21:08.553+0000] {logging_mixin.py:188} INFO - [2026-06-01T18:21:08.553+0000] {dagbag.py:540} INFO - Filling up the DagBag from /home/airflow/.local/lib/python3.12/site-packages/airflow/example_dags/example_bash_decorator.py
[2026-06-01T18:21:08.564+0000] {processor.py:840} INFO - DAG(s) 'example_bash_decorator' retrieved from /home/airflow/.local/lib/python3.12/site-packages/airflow/example_dags/example_bash_decorator.py
[2026-06-01T18:21:08.585+0000] {logging_mixin.py:188} INFO - [2026-06-01T18:21:08.585+0000] {dag.py:3096} INFO - Sync 1 DAGs
[2026-06-01T18:21:08.597+0000] {logging_mixin.py:188} INFO - [2026-06-01T18:21:08.597+0000] {dag.py:3954} INFO - Setting next_dagrun for example_bash_decorator to None, run_after=None
[2026-06-01T18:21:08.617+0000] {processor.py:183} INFO - Processing /home/airflow/.local/lib/python3.12/site-packages/airflow/example_dags/example_bash_decorator.py took 0.072 seconds
[2026-06-01T18:21:38.787+0000] {processor.py:161} INFO - Started process (PID=1837) to work on /home/airflow/.local/lib/python3.12/site-packages/airflow/example_dags/example_bash_decorator.py
[2026-06-01T18:21:38.788+0000] {processor.py:830} INFO - Processing file /home/airflow/.local/lib/python3.12/site-packages/airflow/example_dags/example_bash_decorator.py for tasks to queue
[2026-06-01T18:21:38.790+0000] {logging_mixin.py:188} INFO - [2026-06-01T18:21:38.790+0000] {dagbag.py:540} INFO - Filling up the DagBag from /home/airflow/.local/lib/python3.12/site-packages/airflow/example_dags/example_bash_decorator.py
[2026-06-01T18:21:38.802+0000] {processor.py:840} INFO - DAG(s) 'example_bash_decorator' retrieved from /home/airflow/.local/lib/python3.12/site-packages/airflow/example_dags/example_bash_decorator.py
[2026-06-01T18:21:38.830+0000] {logging_mixin.py:188} INFO - [2026-06-01T18:21:38.830+0000] {dag.py:3096} INFO - Sync 1 DAGs
[2026-06-01T18:21:38.846+0000] {logging_mixin.py:188} INFO - [2026-06-01T18:21:38.846+0000] {dag.py:3954} INFO - Setting next_dagrun for example_bash_decorator to None, run_after=None
[2026-06-01T18:21:38.864+0000] {processor.py:183} INFO - Processing /home/airflow/.local/lib/python3.12/site-packages/airflow/example_dags/example_bash_decorator.py took 0.083 seconds
[2026-06-01T18:22:08.944+0000] {processor.py:161} INFO - Started process (PID=1896) to work on /home/airflow/.local/lib/python3.12/site-packages/airflow/example_dags/example_bash_decorator.py
[2026-06-01T18:22:08.945+0000] {processor.py:830} INFO - Processing file /home/airflow/.local/lib/python3.12/site-packages/airflow/example_dags/example_bash_decorator.py for tasks to queue
[2026-06-01T18:22:08.947+0000] {logging_mixin.py:188} INFO - [2026-06-01T18:22:08.947+0000] {dagbag.py:540} INFO - Filling up the DagBag from /home/airflow/.local/lib/python3.12/site-packages/airflow/example_dags/example_bash_decorator.py
[2026-06-01T18:22:08.959+0000] {processor.py:840} INFO - DAG(s) 'example_bash_decorator' retrieved from /home/airflow/.local/lib/python3.12/site-packages/airflow/example_dags/example_bash_decorator.py
[2026-06-01T18:22:08.984+0000] {logging_mixin.py:188} INFO - [2026-06-01T18:22:08.983+0000] {dag.py:3096} INFO - Sync 1 DAGs
[2026-06-01T18:22:08.995+0000] {logging_mixin.py:188} INFO - [2026-06-01T18:22:08.994+0000] {dag.py:3954} INFO - Setting next_dagrun for example_bash_decorator to None, run_after=None
[2026-06-01T18:22:09.013+0000] {processor.py:183} INFO - Processing /home/airflow/.local/lib/python3.12/site-packages/airflow/example_dags/example_bash_decorator.py took 0.075 seconds
[2026-06-01T18:22:39.734+0000] {processor.py:161} INFO - Started process (PID=1955) to work on /home/airflow/.local/lib/python3.12/site-packages/airflow/example_dags/example_bash_decorator.py
[2026-06-01T18:22:39.735+0000] {processor.py:830} INFO - Processing file /home/airflow/.local/lib/python3.12/site-packages/airflow/example_dags/example_bash_decorator.py for tasks to queue
[2026-06-01T18:22:39.737+0000] {logging_mixin.py:188} INFO - [2026-06-01T18:22:39.737+0000] {dagbag.py:540} INFO - Filling up the DagBag from /home/airflow/.local/lib/python3.12/site-packages/airflow/example_dags/example_bash_decorator.py
[2026-06-01T18:22:39.751+0000] {processor.py:840} INFO - DAG(s) 'example_bash_decorator' retrieved from /home/airflow/.local/lib/python3.12/site-packages/airflow/example_dags/example_bash_decorator.py
[2026-06-01T18:22:39.772+0000] {logging_mixin.py:188} INFO - [2026-06-01T18:22:39.772+0000] {dag.py:3096} INFO - Sync 1 DAGs
[2026-06-01T18:22:39.785+0000] {logging_mixin.py:188} INFO - [2026-06-01T18:22:39.784+0000] {dag.py:3954} INFO - Setting next_dagrun for example_bash_decorator to None, run_after=None
[2026-06-01T18:22:39.802+0000] {processor.py:183} INFO - Processing /home/airflow/.local/lib/python3.12/site-packages/airflow/example_dags/example_bash_decorator.py took 0.075 seconds
[2026-06-01T18:23:09.907+0000] {processor.py:161} INFO - Started process (PID=2014) to work on /home/airflow/.local/lib/python3.12/site-packages/airflow/example_dags/example_bash_decorator.py
[2026-06-01T18:23:09.908+0000] {processor.py:830} INFO - Processing file /home/airflow/.local/lib/python3.12/site-packages/airflow/example_dags/example_bash_decorator.py for tasks to queue
[2026-06-01T18:23:09.910+0000] {logging_mixin.py:188} INFO - [2026-06-01T18:23:09.910+0000] {dagbag.py:540} INFO - Filling up the DagBag from /home/airflow/.local/lib/python3.12/site-packages/airflow/example_dags/example_bash_decorator.py
[2026-06-01T18:23:09.922+0000] {processor.py:840} INFO - DAG(s) 'example_bash_decorator' retrieved from /home/airflow/.local/lib/python3.12/site-packages/airflow/example_dags/example_bash_decorator.py
[2026-06-01T18:23:09.941+0000] {logging_mixin.py:188} INFO - [2026-06-01T18:23:09.941+0000] {dag.py:3096} INFO - Sync 1 DAGs
[2026-06-01T18:23:09.952+0000] {logging_mixin.py:188} INFO - [2026-06-01T18:23:09.952+0000] {dag.py:3954} INFO - Setting next_dagrun for example_bash_decorator to None, run_after=None
[2026-06-01T18:23:09.970+0000] {processor.py:183} INFO - Processing /home/airflow/.local/lib/python3.12/site-packages/airflow/example_dags/example_bash_decorator.py took 0.069 seconds
[2026-06-01T18:23:40.134+0000] {processor.py:161} INFO - Started process (PID=2073) to work on /home/airflow/.local/lib/python3.12/site-packages/airflow/example_dags/example_bash_decorator.py
[2026-06-01T18:23:40.135+0000] {processor.py:830} INFO - Processing file /home/airflow/.local/lib/python3.12/site-packages/airflow/example_dags/example_bash_decorator.py for tasks to queue
[2026-06-01T18:23:40.138+0000] {logging_mixin.py:188} INFO - [2026-06-01T18:23:40.137+0000] {dagbag.py:540} INFO - Filling up the DagBag from /home/airflow/.local/lib/python3.12/site-packages/airflow/example_dags/example_bash_decorator.py
[2026-06-01T18:23:40.150+0000] {processor.py:840} INFO - DAG(s) 'example_bash_decorator' retrieved from /home/airflow/.local/lib/python3.12/site-packages/airflow/example_dags/example_bash_decorator.py
[2026-06-01T18:23:40.170+0000] {logging_mixin.py:188} INFO - [2026-06-01T18:23:40.170+0000] {dag.py:3096} INFO - Sync 1 DAGs
[2026-06-01T18:23:40.181+0000] {logging_mixin.py:188} INFO - [2026-06-01T18:23:40.181+0000] {dag.py:3954} INFO - Setting next_dagrun for example_bash_decorator to None, run_after=None
[2026-06-01T18:23:40.198+0000] {processor.py:183} INFO - Processing /home/airflow/.local/lib/python3.12/site-packages/airflow/example_dags/example_bash_decorator.py took 0.069 seconds
[2026-06-01T18:24:10.317+0000] {processor.py:161} INFO - Started process (PID=2132) to work on /home/airflow/.local/lib/python3.12/site-packages/airflow/example_dags/example_bash_decorator.py
[2026-06-01T18:24:10.318+0000] {processor.py:830} INFO - Processing file /home/airflow/.local/lib/python3.12/site-packages/airflow/example_dags/example_bash_decorator.py for tasks to queue
[2026-06-01T18:24:10.320+0000] {logging_mixin.py:188} INFO - [2026-06-01T18:24:10.320+0000] {dagbag.py:540} INFO - Filling up the DagBag from /home/airflow/.local/lib/python3.12/site-packages/airflow/example_dags/example_bash_decorator.py
[2026-06-01T18:24:10.332+0000] {processor.py:840} INFO - DAG(s) 'example_bash_decorator' retrieved from /home/airflow/.local/lib/python3.12/site-packages/airflow/example_dags/example_bash_decorator.py
[2026-06-01T18:24:10.351+0000] {logging_mixin.py:188} INFO - [2026-06-01T18:24:10.351+0000] {dag.py:3096} INFO - Sync 1 DAGs
[2026-06-01T18:24:10.363+0000] {logging_mixin.py:188} INFO - [2026-06-01T18:24:10.363+0000] {dag.py:3954} INFO - Setting next_dagrun for example_bash_decorator to None, run_after=None
[2026-06-01T18:24:10.380+0000] {processor.py:183} INFO - Processing /home/airflow/.local/lib/python3.12/site-packages/airflow/example_dags/example_bash_decorator.py took 0.068 seconds
[2026-06-01T18:24:40.468+0000] {processor.py:161} INFO - Started process (PID=2191) to work on /home/airflow/.local/lib/python3.12/site-packages/airflow/example_dags/example_bash_decorator.py
[2026-06-01T18:24:40.470+0000] {processor.py:830} INFO - Processing file /home/airflow/.local/lib/python3.12/site-packages/airflow/example_dags/example_bash_decorator.py for tasks to queue
[2026-06-01T18:24:40.472+0000] {logging_mixin.py:188} INFO - [2026-06-01T18:24:40.471+0000] {dagbag.py:540} INFO - Filling up the DagBag from /home/airflow/.local/lib/python3.12/site-packages/airflow/example_dags/example_bash_decorator.py
[2026-06-01T18:24:40.485+0000] {processor.py:840} INFO - DAG(s) 'example_bash_decorator' retrieved from /home/airflow/.local/lib/python3.12/site-packages/airflow/example_dags/example_bash_decorator.py
[2026-06-01T18:24:40.510+0000] {logging_mixin.py:188} INFO - [2026-06-01T18:24:40.510+0000] {dag.py:3096} INFO - Sync 1 DAGs
[2026-06-01T18:24:40.528+0000] {logging_mixin.py:188} INFO - [2026-06-01T18:24:40.528+0000] {dag.py:3954} INFO - Setting next_dagrun for example_bash_decorator to None, run_after=None
[2026-06-01T18:24:40.548+0000] {processor.py:183} INFO - Processing /home/airflow/.local/lib/python3.12/site-packages/airflow/example_dags/example_bash_decorator.py took 0.085 seconds
[2026-06-01T18:25:10.719+0000] {processor.py:161} INFO - Started process (PID=2250) to work on /home/airflow/.local/lib/python3.12/site-packages/airflow/example_dags/example_bash_decorator.py
[2026-06-01T18:25:10.720+0000] {processor.py:830} INFO - Processing file /home/airflow/.local/lib/python3.12/site-packages/airflow/example_dags/example_bash_decorator.py for tasks to queue
[2026-06-01T18:25:10.722+0000] {logging_mixin.py:188} INFO - [2026-06-01T18:25:10.722+0000] {dagbag.py:540} INFO - Filling up the DagBag from /home/airflow/.local/lib/python3.12/site-packages/airflow/example_dags/example_bash_decorator.py
[2026-06-01T18:25:10.734+0000] {processor.py:840} INFO - DAG(s) 'example_bash_decorator' retrieved from /home/airflow/.local/lib/python3.12/site-packages/airflow/example_dags/example_bash_decorator.py
[2026-06-01T18:25:10.754+0000] {logging_mixin.py:188} INFO - [2026-06-01T18:25:10.754+0000] {dag.py:3096} INFO - Sync 1 DAGs
[2026-06-01T18:25:10.768+0000] {logging_mixin.py:188} INFO - [2026-06-01T18:25:10.768+0000] {dag.py:3954} INFO - Setting next_dagrun for example_bash_decorator to None, run_after=None
[2026-06-01T18:25:10.789+0000] {processor.py:183} INFO - Processing /home/airflow/.local/lib/python3.12/site-packages/airflow/example_dags/example_bash_decorator.py took 0.075 seconds
[2026-06-01T18:25:41.004+0000] {processor.py:161} INFO - Started process (PID=2309) to work on /home/airflow/.local/lib/python3.12/site-packages/airflow/example_dags/example_bash_decorator.py
[2026-06-01T18:25:41.005+0000] {processor.py:830} INFO - Processing file /home/airflow/.local/lib/python3.12/site-packages/airflow/example_dags/example_bash_decorator.py for tasks to queue
[2026-06-01T18:25:41.007+0000] {logging_mixin.py:188} INFO - [2026-06-01T18:25:41.007+0000] {dagbag.py:540} INFO - Filling up the DagBag from /home/airflow/.local/lib/python3.12/site-packages/airflow/example_dags/example_bash_decorator.py
[2026-06-01T18:25:41.019+0000] {processor.py:840} INFO - DAG(s) 'example_bash_decorator' retrieved from /home/airflow/.local/lib/python3.12/site-packages/airflow/example_dags/example_bash_decorator.py
[2026-06-01T18:25:41.039+0000] {logging_mixin.py:188} INFO - [2026-06-01T18:25:41.039+0000] {dag.py:3096} INFO - Sync 1 DAGs
[2026-06-01T18:25:41.050+0000] {logging_mixin.py:188} INFO - [2026-06-01T18:25:41.050+0000] {dag.py:3954} INFO - Setting next_dagrun for example_bash_decorator to None, run_after=None
[2026-06-01T18:25:41.072+0000] {processor.py:183} INFO - Processing /home/airflow/.local/lib/python3.12/site-packages/airflow/example_dags/example_bash_decorator.py took 0.073 seconds
[2026-06-01T18:26:11.166+0000] {processor.py:161} INFO - Started process (PID=2368) to work on /home/airflow/.local/lib/python3.12/site-packages/airflow/example_dags/example_bash_decorator.py
[2026-06-01T18:26:11.167+0000] {processor.py:830} INFO - Processing file /home/airflow/.local/lib/python3.12/site-packages/airflow/example_dags/example_bash_decorator.py for tasks to queue
[2026-06-01T18:26:11.169+0000] {logging_mixin.py:188} INFO - [2026-06-01T18:26:11.168+0000] {dagbag.py:540} INFO - Filling up the DagBag from /home/airflow/.local/lib/python3.12/site-packages/airflow/example_dags/example_bash_decorator.py
[2026-06-01T18:26:11.183+0000] {processor.py:840} INFO - DAG(s) 'example_bash_decorator' retrieved from /home/airflow/.local/lib/python3.12/site-packages/airflow/example_dags/example_bash_decorator.py
[2026-06-01T18:26:11.206+0000] {logging_mixin.py:188} INFO - [2026-06-01T18:26:11.206+0000] {dag.py:3096} INFO - Sync 1 DAGs
[2026-06-01T18:26:11.219+0000] {logging_mixin.py:188} INFO - [2026-06-01T18:26:11.219+0000] {dag.py:3954} INFO - Setting next_dagrun for example_bash_decorator to None, run_after=None
[2026-06-01T18:26:11.242+0000] {processor.py:183} INFO - Processing /home/airflow/.local/lib/python3.12/site-packages/airflow/example_dags/example_bash_decorator.py took 0.083 seconds
[2026-06-01T18:26:41.387+0000] {processor.py:161} INFO - Started process (PID=2427) to work on /home/airflow/.local/lib/python3.12/site-packages/airflow/example_dags/example_bash_decorator.py
[2026-06-01T18:26:41.389+0000] {processor.py:830} INFO - Processing file /home/airflow/.local/lib/python3.12/site-packages/airflow/example_dags/example_bash_decorator.py for tasks to queue
[2026-06-01T18:26:41.391+0000] {logging_mixin.py:188} INFO - [2026-06-01T18:26:41.390+0000] {dagbag.py:540} INFO - Filling up the DagBag from /home/airflow/.local/lib/python3.12/site-packages/airflow/example_dags/example_bash_decorator.py
[2026-06-01T18:26:41.402+0000] {processor.py:840} INFO - DAG(s) 'example_bash_decorator' retrieved from /home/airflow/.local/lib/python3.12/site-packages/airflow/example_dags/example_bash_decorator.py
[2026-06-01T18:26:41.423+0000] {logging_mixin.py:188} INFO - [2026-06-01T18:26:41.423+0000] {dag.py:3096} INFO - Sync 1 DAGs
[2026-06-01T18:26:41.434+0000] {logging_mixin.py:188} INFO - [2026-06-01T18:26:41.434+0000] {dag.py:3954} INFO - Setting next_dagrun for example_bash_decorator to None, run_after=None
[2026-06-01T18:26:41.452+0000] {processor.py:183} INFO - Processing /home/airflow/.local/lib/python3.12/site-packages/airflow/example_dags/example_bash_decorator.py took 0.070 seconds
[2026-06-01T18:27:12.211+0000] {processor.py:161} INFO - Started process (PID=2486) to work on /home/airflow/.local/lib/python3.12/site-packages/airflow/example_dags/example_bash_decorator.py
[2026-06-01T18:27:12.212+0000] {processor.py:830} INFO - Processing file /home/airflow/.local/lib/python3.12/site-packages/airflow/example_dags/example_bash_decorator.py for tasks to queue
[2026-06-01T18:27:12.214+0000] {logging_mixin.py:188} INFO - [2026-06-01T18:27:12.214+0000] {dagbag.py:540} INFO - Filling up the DagBag from /home/airflow/.local/lib/python3.12/site-packages/airflow/example_dags/example_bash_decorator.py
[2026-06-01T18:27:12.227+0000] {processor.py:840} INFO - DAG(s) 'example_bash_decorator' retrieved from /home/airflow/.local/lib/python3.12/site-packages/airflow/example_dags/example_bash_decorator.py
[2026-06-01T18:27:12.247+0000] {logging_mixin.py:188} INFO - [2026-06-01T18:27:12.247+0000] {dag.py:3096} INFO - Sync 1 DAGs
[2026-06-01T18:27:12.258+0000] {logging_mixin.py:188} INFO - [2026-06-01T18:27:12.258+0000] {dag.py:3954} INFO - Setting next_dagrun for example_bash_decorator to None, run_after=None
[2026-06-01T18:27:12.276+0000] {processor.py:183} INFO - Processing /home/airflow/.local/lib/python3.12/site-packages/airflow/example_dags/example_bash_decorator.py took 0.071 seconds
[2026-06-01T18:27:42.971+0000] {processor.py:161} INFO - Started process (PID=2545) to work on /home/airflow/.local/lib/python3.12/site-packages/airflow/example_dags/example_bash_decorator.py
[2026-06-01T18:27:42.972+0000] {processor.py:830} INFO - Processing file /home/airflow/.local/lib/python3.12/site-packages/airflow/example_dags/example_bash_decorator.py for tasks to queue
[2026-06-01T18:27:42.974+0000] {logging_mixin.py:188} INFO - [2026-06-01T18:27:42.974+0000] {dagbag.py:540} INFO - Filling up the DagBag from /home/airflow/.local/lib/python3.12/site-packages/airflow/example_dags/example_bash_decorator.py
[2026-06-01T18:27:42.986+0000] {processor.py:840} INFO - DAG(s) 'example_bash_decorator' retrieved from /home/airflow/.local/lib/python3.12/site-packages/airflow/example_dags/example_bash_decorator.py
[2026-06-01T18:27:43.006+0000] {logging_mixin.py:188} INFO - [2026-06-01T18:27:43.006+0000] {dag.py:3096} INFO - Sync 1 DAGs
[2026-06-01T18:27:43.017+0000] {logging_mixin.py:188} INFO - [2026-06-01T18:27:43.017+0000] {dag.py:3954} INFO - Setting next_dagrun for example_bash_decorator to None, run_after=None
[2026-06-01T18:27:43.035+0000] {processor.py:183} INFO - Processing /home/airflow/.local/lib/python3.12/site-packages/airflow/example_dags/example_bash_decorator.py took 0.070 seconds
[2026-06-01T18:28:13.620+0000] {processor.py:161} INFO - Started process (PID=2604) to work on /home/airflow/.local/lib/python3.12/site-packages/airflow/example_dags/example_bash_decorator.py
[2026-06-01T18:28:13.621+0000] {processor.py:830} INFO - Processing file /home/airflow/.local/lib/python3.12/site-packages/airflow/example_dags/example_bash_decorator.py for tasks to queue
[2026-06-01T18:28:13.623+0000] {logging_mixin.py:188} INFO - [2026-06-01T18:28:13.623+0000] {dagbag.py:540} INFO - Filling up the DagBag from /home/airflow/.local/lib/python3.12/site-packages/airflow/example_dags/example_bash_decorator.py
[2026-06-01T18:28:13.637+0000] {processor.py:840} INFO - DAG(s) 'example_bash_decorator' retrieved from /home/airflow/.local/lib/python3.12/site-packages/airflow/example_dags/example_bash_decorator.py
[2026-06-01T18:28:13.658+0000] {logging_mixin.py:188} INFO - [2026-06-01T18:28:13.657+0000] {dag.py:3096} INFO - Sync 1 DAGs
[2026-06-01T18:28:13.669+0000] {logging_mixin.py:188} INFO - [2026-06-01T18:28:13.669+0000] {dag.py:3954} INFO - Setting next_dagrun for example_bash_decorator to None, run_after=None
[2026-06-01T18:28:13.686+0000] {processor.py:183} INFO - Processing /home/airflow/.local/lib/python3.12/site-packages/airflow/example_dags/example_bash_decorator.py took 0.072 seconds
[2026-06-01T18:28:44.389+0000] {processor.py:161} INFO - Started process (PID=2663) to work on /home/airflow/.local/lib/python3.12/site-packages/airflow/example_dags/example_bash_decorator.py
[2026-06-01T18:28:44.391+0000] {processor.py:830} INFO - Processing file /home/airflow/.local/lib/python3.12/site-packages/airflow/example_dags/example_bash_decorator.py for tasks to queue
[2026-06-01T18:28:44.393+0000] {logging_mixin.py:188} INFO - [2026-06-01T18:28:44.393+0000] {dagbag.py:540} INFO - Filling up the DagBag from /home/airflow/.local/lib/python3.12/site-packages/airflow/example_dags/example_bash_decorator.py
[2026-06-01T18:28:44.405+0000] {processor.py:840} INFO - DAG(s) 'example_bash_decorator' retrieved from /home/airflow/.local/lib/python3.12/site-packages/airflow/example_dags/example_bash_decorator.py
[2026-06-01T18:28:44.426+0000] {logging_mixin.py:188} INFO - [2026-06-01T18:28:44.425+0000] {dag.py:3096} INFO - Sync 1 DAGs
[2026-06-01T18:28:44.437+0000] {logging_mixin.py:188} INFO - [2026-06-01T18:28:44.437+0000] {dag.py:3954} INFO - Setting next_dagrun for example_bash_decorator to None, run_after=None
[2026-06-01T18:28:44.456+0000] {processor.py:183} INFO - Processing /home/airflow/.local/lib/python3.12/site-packages/airflow/example_dags/example_bash_decorator.py took 0.071 seconds
[2026-06-01T18:29:15.107+0000] {processor.py:161} INFO - Started process (PID=2722) to work on /home/airflow/.local/lib/python3.12/site-packages/airflow/example_dags/example_bash_decorator.py
[2026-06-01T18:29:15.108+0000] {processor.py:830} INFO - Processing file /home/airflow/.local/lib/python3.12/site-packages/airflow/example_dags/example_bash_decorator.py for tasks to queue
[2026-06-01T18:29:15.110+0000] {logging_mixin.py:188} INFO - [2026-06-01T18:29:15.109+0000] {dagbag.py:540} INFO - Filling up the DagBag from /home/airflow/.local/lib/python3.12/site-packages/airflow/example_dags/example_bash_decorator.py
[2026-06-01T18:29:15.121+0000] {processor.py:840} INFO - DAG(s) 'example_bash_decorator' retrieved from /home/airflow/.local/lib/python3.12/site-packages/airflow/example_dags/example_bash_decorator.py
[2026-06-01T18:29:15.141+0000] {logging_mixin.py:188} INFO - [2026-06-01T18:29:15.141+0000] {dag.py:3096} INFO - Sync 1 DAGs
[2026-06-01T18:29:15.153+0000] {logging_mixin.py:188} INFO - [2026-06-01T18:29:15.152+0000] {dag.py:3954} INFO - Setting next_dagrun for example_bash_decorator to None, run_after=None
[2026-06-01T18:29:15.174+0000] {processor.py:183} INFO - Processing /home/airflow/.local/lib/python3.12/site-packages/airflow/example_dags/example_bash_decorator.py took 0.073 seconds
[2026-06-01T18:29:45.817+0000] {processor.py:161} INFO - Started process (PID=2787) to work on /home/airflow/.local/lib/python3.12/site-packages/airflow/example_dags/example_bash_decorator.py
[2026-06-01T18:29:45.818+0000] {processor.py:830} INFO - Processing file /home/airflow/.local/lib/python3.12/site-packages/airflow/example_dags/example_bash_decorator.py for tasks to queue
[2026-06-01T18:29:45.820+0000] {logging_mixin.py:188} INFO - [2026-06-01T18:29:45.820+0000] {dagbag.py:540} INFO - Filling up the DagBag from /home/airflow/.local/lib/python3.12/site-packages/airflow/example_dags/example_bash_decorator.py
[2026-06-01T18:29:45.831+0000] {processor.py:840} INFO - DAG(s) 'example_bash_decorator' retrieved from /home/airflow/.local/lib/python3.12/site-packages/airflow/example_dags/example_bash_decorator.py
[2026-06-01T18:29:45.852+0000] {logging_mixin.py:188} INFO - [2026-06-01T18:29:45.852+0000] {dag.py:3096} INFO - Sync 1 DAGs
[2026-06-01T18:29:45.863+0000] {logging_mixin.py:188} INFO - [2026-06-01T18:29:45.862+0000] {dag.py:3954} INFO - Setting next_dagrun for example_bash_decorator to None, run_after=None
[2026-06-01T18:29:45.882+0000] {processor.py:183} INFO - Processing /home/airflow/.local/lib/python3.12/site-packages/airflow/example_dags/example_bash_decorator.py took 0.070 seconds
[2026-06-01T18:30:16.335+0000] {processor.py:161} INFO - Started process (PID=2846) to work on /home/airflow/.local/lib/python3.12/site-packages/airflow/example_dags/example_bash_decorator.py
[2026-06-01T18:30:16.336+0000] {processor.py:830} INFO - Processing file /home/airflow/.local/lib/python3.12/site-packages/airflow/example_dags/example_bash_decorator.py for tasks to queue
[2026-06-01T18:30:16.338+0000] {logging_mixin.py:188} INFO - [2026-06-01T18:30:16.338+0000] {dagbag.py:540} INFO - Filling up the DagBag from /home/airflow/.local/lib/python3.12/site-packages/airflow/example_dags/example_bash_decorator.py
[2026-06-01T18:30:16.351+0000] {processor.py:840} INFO - DAG(s) 'example_bash_decorator' retrieved from /home/airflow/.local/lib/python3.12/site-packages/airflow/example_dags/example_bash_decorator.py
[2026-06-01T18:30:16.372+0000] {logging_mixin.py:188} INFO - [2026-06-01T18:30:16.372+0000] {dag.py:3096} INFO - Sync 1 DAGs
[2026-06-01T18:30:16.385+0000] {logging_mixin.py:188} INFO - [2026-06-01T18:30:16.384+0000] {dag.py:3954} INFO - Setting next_dagrun for example_bash_decorator to None, run_after=None
[2026-06-01T18:30:16.405+0000] {processor.py:183} INFO - Processing /home/airflow/.local/lib/python3.12/site-packages/airflow/example_dags/example_bash_decorator.py took 0.075 seconds
[2026-06-01T18:30:46.710+0000] {processor.py:161} INFO - Started process (PID=2905) to work on /home/airflow/.local/lib/python3.12/site-packages/airflow/example_dags/example_bash_decorator.py
[2026-06-01T18:30:46.711+0000] {processor.py:830} INFO - Processing file /home/airflow/.local/lib/python3.12/site-packages/airflow/example_dags/example_bash_decorator.py for tasks to queue
[2026-06-01T18:30:46.713+0000] {logging_mixin.py:188} INFO - [2026-06-01T18:30:46.713+0000] {dagbag.py:540} INFO - Filling up the DagBag from /home/airflow/.local/lib/python3.12/site-packages/airflow/example_dags/example_bash_decorator.py
[2026-06-01T18:30:46.725+0000] {processor.py:840} INFO - DAG(s) 'example_bash_decorator' retrieved from /home/airflow/.local/lib/python3.12/site-packages/airflow/example_dags/example_bash_decorator.py
[2026-06-01T18:30:46.745+0000] {logging_mixin.py:188} INFO - [2026-06-01T18:30:46.745+0000] {dag.py:3096} INFO - Sync 1 DAGs
[2026-06-01T18:30:46.757+0000] {logging_mixin.py:188} INFO - [2026-06-01T18:30:46.757+0000] {dag.py:3954} INFO - Setting next_dagrun for example_bash_decorator to None, run_after=None
[2026-06-01T18:30:46.774+0000] {processor.py:183} INFO - Processing /home/airflow/.local/lib/python3.12/site-packages/airflow/example_dags/example_bash_decorator.py took 0.069 seconds
[2026-06-01T18:31:17.095+0000] {processor.py:161} INFO - Started process (PID=2964) to work on /home/airflow/.local/lib/python3.12/site-packages/airflow/example_dags/example_bash_decorator.py
[2026-06-01T18:31:17.096+0000] {processor.py:830} INFO - Processing file /home/airflow/.local/lib/python3.12/site-packages/airflow/example_dags/example_bash_decorator.py for tasks to queue
[2026-06-01T18:31:17.098+0000] {logging_mixin.py:188} INFO - [2026-06-01T18:31:17.098+0000] {dagbag.py:540} INFO - Filling up the DagBag from /home/airflow/.local/lib/python3.12/site-packages/airflow/example_dags/example_bash_decorator.py
[2026-06-01T18:31:17.109+0000] {processor.py:840} INFO - DAG(s) 'example_bash_decorator' retrieved from /home/airflow/.local/lib/python3.12/site-packages/airflow/example_dags/example_bash_decorator.py
[2026-06-01T18:31:17.133+0000] {logging_mixin.py:188} INFO - [2026-06-01T18:31:17.133+0000] {dag.py:3096} INFO - Sync 1 DAGs
[2026-06-01T18:31:17.152+0000] {logging_mixin.py:188} INFO - [2026-06-01T18:31:17.152+0000] {dag.py:3954} INFO - Setting next_dagrun for example_bash_decorator to None, run_after=None
[2026-06-01T18:31:17.175+0000] {processor.py:183} INFO - Processing /home/airflow/.local/lib/python3.12/site-packages/airflow/example_dags/example_bash_decorator.py took 0.085 seconds
[2026-06-01T18:31:47.328+0000] {processor.py:161} INFO - Started process (PID=3023) to work on /home/airflow/.local/lib/python3.12/site-packages/airflow/example_dags/example_bash_decorator.py
[2026-06-01T18:31:47.331+0000] {processor.py:830} INFO - Processing file /home/airflow/.local/lib/python3.12/site-packages/airflow/example_dags/example_bash_decorator.py for tasks to queue
[2026-06-01T18:31:47.335+0000] {logging_mixin.py:188} INFO - [2026-06-01T18:31:47.334+0000] {dagbag.py:540} INFO - Filling up the DagBag from /home/airflow/.local/lib/python3.12/site-packages/airflow/example_dags/example_bash_decorator.py
[2026-06-01T18:31:47.349+0000] {processor.py:840} INFO - DAG(s) 'example_bash_decorator' retrieved from /home/airflow/.local/lib/python3.12/site-packages/airflow/example_dags/example_bash_decorator.py
[2026-06-01T18:31:47.372+0000] {logging_mixin.py:188} INFO - [2026-06-01T18:31:47.372+0000] {dag.py:3096} INFO - Sync 1 DAGs
[2026-06-01T18:31:47.384+0000] {logging_mixin.py:188} INFO - [2026-06-01T18:31:47.383+0000] {dag.py:3954} INFO - Setting next_dagrun for example_bash_decorator to None, run_after=None
[2026-06-01T18:31:47.400+0000] {processor.py:183} INFO - Processing /home/airflow/.local/lib/python3.12/site-packages/airflow/example_dags/example_bash_decorator.py took 0.080 seconds
[2026-06-01T18:32:17.655+0000] {processor.py:161} INFO - Started process (PID=3082) to work on /home/airflow/.local/lib/python3.12/site-packages/airflow/example_dags/example_bash_decorator.py
[2026-06-01T18:32:17.656+0000] {processor.py:830} INFO - Processing file /home/airflow/.local/lib/python3.12/site-packages/airflow/example_dags/example_bash_decorator.py for tasks to queue
[2026-06-01T18:32:17.659+0000] {logging_mixin.py:188} INFO - [2026-06-01T18:32:17.659+0000] {dagbag.py:540} INFO - Filling up the DagBag from /home/airflow/.local/lib/python3.12/site-packages/airflow/example_dags/example_bash_decorator.py
[2026-06-01T18:32:17.671+0000] {processor.py:840} INFO - DAG(s) 'example_bash_decorator' retrieved from /home/airflow/.local/lib/python3.12/site-packages/airflow/example_dags/example_bash_decorator.py
[2026-06-01T18:32:17.690+0000] {logging_mixin.py:188} INFO - [2026-06-01T18:32:17.690+0000] {dag.py:3096} INFO - Sync 1 DAGs
[2026-06-01T18:32:17.702+0000] {logging_mixin.py:188} INFO - [2026-06-01T18:32:17.702+0000] {dag.py:3954} INFO - Setting next_dagrun for example_bash_decorator to None, run_after=None
[2026-06-01T18:32:17.720+0000] {processor.py:183} INFO - Processing /home/airflow/.local/lib/python3.12/site-packages/airflow/example_dags/example_bash_decorator.py took 0.070 seconds
[2026-06-01T18:32:48.389+0000] {processor.py:161} INFO - Started process (PID=3139) to work on /home/airflow/.local/lib/python3.12/site-packages/airflow/example_dags/example_bash_decorator.py
[2026-06-01T18:32:48.390+0000] {processor.py:830} INFO - Processing file /home/airflow/.local/lib/python3.12/site-packages/airflow/example_dags/example_bash_decorator.py for tasks to queue
[2026-06-01T18:32:48.393+0000] {logging_mixin.py:188} INFO - [2026-06-01T18:32:48.392+0000] {dagbag.py:540} INFO - Filling up the DagBag from /home/airflow/.local/lib/python3.12/site-packages/airflow/example_dags/example_bash_decorator.py
[2026-06-01T18:32:48.404+0000] {processor.py:840} INFO - DAG(s) 'example_bash_decorator' retrieved from /home/airflow/.local/lib/python3.12/site-packages/airflow/example_dags/example_bash_decorator.py
[2026-06-01T18:32:48.425+0000] {logging_mixin.py:188} INFO - [2026-06-01T18:32:48.425+0000] {dag.py:3096} INFO - Sync 1 DAGs
[2026-06-01T18:32:48.441+0000] {logging_mixin.py:188} INFO - [2026-06-01T18:32:48.441+0000] {dag.py:3954} INFO - Setting next_dagrun for example_bash_decorator to None, run_after=None
[2026-06-01T18:32:48.461+0000] {processor.py:183} INFO - Processing /home/airflow/.local/lib/python3.12/site-packages/airflow/example_dags/example_bash_decorator.py took 0.077 seconds
[2026-06-01T18:33:18.665+0000] {processor.py:161} INFO - Started process (PID=3198) to work on /home/airflow/.local/lib/python3.12/site-packages/airflow/example_dags/example_bash_decorator.py
[2026-06-01T18:33:18.667+0000] {processor.py:830} INFO - Processing file /home/airflow/.local/lib/python3.12/site-packages/airflow/example_dags/example_bash_decorator.py for tasks to queue
[2026-06-01T18:33:18.672+0000] {logging_mixin.py:188} INFO - [2026-06-01T18:33:18.672+0000] {dagbag.py:540} INFO - Filling up the DagBag from /home/airflow/.local/lib/python3.12/site-packages/airflow/example_dags/example_bash_decorator.py
[2026-06-01T18:33:18.694+0000] {processor.py:840} INFO - DAG(s) 'example_bash_decorator' retrieved from /home/airflow/.local/lib/python3.12/site-packages/airflow/example_dags/example_bash_decorator.py
[2026-06-01T18:33:18.717+0000] {logging_mixin.py:188} INFO - [2026-06-01T18:33:18.717+0000] {dag.py:3096} INFO - Sync 1 DAGs
[2026-06-01T18:33:18.728+0000] {logging_mixin.py:188} INFO - [2026-06-01T18:33:18.728+0000] {dag.py:3954} INFO - Setting next_dagrun for example_bash_decorator to None, run_after=None
[2026-06-01T18:33:18.749+0000] {processor.py:183} INFO - Processing /home/airflow/.local/lib/python3.12/site-packages/airflow/example_dags/example_bash_decorator.py took 0.090 seconds
[2026-06-01T18:33:49.150+0000] {processor.py:161} INFO - Started process (PID=3257) to work on /home/airflow/.local/lib/python3.12/site-packages/airflow/example_dags/example_bash_decorator.py
[2026-06-01T18:33:49.152+0000] {processor.py:830} INFO - Processing file /home/airflow/.local/lib/python3.12/site-packages/airflow/example_dags/example_bash_decorator.py for tasks to queue
[2026-06-01T18:33:49.154+0000] {logging_mixin.py:188} INFO - [2026-06-01T18:33:49.154+0000] {dagbag.py:540} INFO - Filling up the DagBag from /home/airflow/.local/lib/python3.12/site-packages/airflow/example_dags/example_bash_decorator.py
[2026-06-01T18:33:49.167+0000] {processor.py:840} INFO - DAG(s) 'example_bash_decorator' retrieved from /home/airflow/.local/lib/python3.12/site-packages/airflow/example_dags/example_bash_decorator.py
[2026-06-01T18:33:49.186+0000] {logging_mixin.py:188} INFO - [2026-06-01T18:33:49.186+0000] {dag.py:3096} INFO - Sync 1 DAGs
[2026-06-01T18:33:49.197+0000] {logging_mixin.py:188} INFO - [2026-06-01T18:33:49.197+0000] {dag.py:3954} INFO - Setting next_dagrun for example_bash_decorator to None, run_after=None
[2026-06-01T18:33:49.217+0000] {processor.py:183} INFO - Processing /home/airflow/.local/lib/python3.12/site-packages/airflow/example_dags/example_bash_decorator.py took 0.072 seconds
[2026-06-01T18:34:19.336+0000] {processor.py:161} INFO - Started process (PID=3316) to work on /home/airflow/.local/lib/python3.12/site-packages/airflow/example_dags/example_bash_decorator.py
[2026-06-01T18:34:19.337+0000] {processor.py:830} INFO - Processing file /home/airflow/.local/lib/python3.12/site-packages/airflow/example_dags/example_bash_decorator.py for tasks to queue
[2026-06-01T18:34:19.339+0000] {logging_mixin.py:188} INFO - [2026-06-01T18:34:19.339+0000] {dagbag.py:540} INFO - Filling up the DagBag from /home/airflow/.local/lib/python3.12/site-packages/airflow/example_dags/example_bash_decorator.py
[2026-06-01T18:34:19.350+0000] {processor.py:840} INFO - DAG(s) 'example_bash_decorator' retrieved from /home/airflow/.local/lib/python3.12/site-packages/airflow/example_dags/example_bash_decorator.py
[2026-06-01T18:34:19.373+0000] {logging_mixin.py:188} INFO - [2026-06-01T18:34:19.373+0000] {dag.py:3096} INFO - Sync 1 DAGs
[2026-06-01T18:34:19.385+0000] {logging_mixin.py:188} INFO - [2026-06-01T18:34:19.385+0000] {dag.py:3954} INFO - Setting next_dagrun for example_bash_decorator to None, run_after=None
[2026-06-01T18:34:19.421+0000] {processor.py:183} INFO - Processing /home/airflow/.local/lib/python3.12/site-packages/airflow/example_dags/example_bash_decorator.py took 0.089 seconds
[2026-06-01T18:34:49.737+0000] {processor.py:161} INFO - Started process (PID=3375) to work on /home/airflow/.local/lib/python3.12/site-packages/airflow/example_dags/example_bash_decorator.py
[2026-06-01T18:34:49.739+0000] {processor.py:830} INFO - Processing file /home/airflow/.local/lib/python3.12/site-packages/airflow/example_dags/example_bash_decorator.py for tasks to queue
[2026-06-01T18:34:49.741+0000] {logging_mixin.py:188} INFO - [2026-06-01T18:34:49.740+0000] {dagbag.py:540} INFO - Filling up the DagBag from /home/airflow/.local/lib/python3.12/site-packages/airflow/example_dags/example_bash_decorator.py
[2026-06-01T18:34:49.752+0000] {processor.py:840} INFO - DAG(s) 'example_bash_decorator' retrieved from /home/airflow/.local/lib/python3.12/site-packages/airflow/example_dags/example_bash_decorator.py
[2026-06-01T18:34:49.772+0000] {logging_mixin.py:188} INFO - [2026-06-01T18:34:49.772+0000] {dag.py:3096} INFO - Sync 1 DAGs
[2026-06-01T18:34:49.784+0000] {logging_mixin.py:188} INFO - [2026-06-01T18:34:49.784+0000] {dag.py:3954} INFO - Setting next_dagrun for example_bash_decorator to None, run_after=None
[2026-06-01T18:34:49.802+0000] {processor.py:183} INFO - Processing /home/airflow/.local/lib/python3.12/site-packages/airflow/example_dags/example_bash_decorator.py took 0.070 seconds
[2026-06-01T18:35:19.898+0000] {processor.py:161} INFO - Started process (PID=3434) to work on /home/airflow/.local/lib/python3.12/site-packages/airflow/example_dags/example_bash_decorator.py
[2026-06-01T18:35:19.899+0000] {processor.py:830} INFO - Processing file /home/airflow/.local/lib/python3.12/site-packages/airflow/example_dags/example_bash_decorator.py for tasks to queue
[2026-06-01T18:35:19.901+0000] {logging_mixin.py:188} INFO - [2026-06-01T18:35:19.901+0000] {dagbag.py:540} INFO - Filling up the DagBag from /home/airflow/.local/lib/python3.12/site-packages/airflow/example_dags/example_bash_decorator.py
[2026-06-01T18:35:19.913+0000] {processor.py:840} INFO - DAG(s) 'example_bash_decorator' retrieved from /home/airflow/.local/lib/python3.12/site-packages/airflow/example_dags/example_bash_decorator.py
[2026-06-01T18:35:19.933+0000] {logging_mixin.py:188} INFO - [2026-06-01T18:35:19.933+0000] {dag.py:3096} INFO - Sync 1 DAGs
[2026-06-01T18:35:19.945+0000] {logging_mixin.py:188} INFO - [2026-06-01T18:35:19.944+0000] {dag.py:3954} INFO - Setting next_dagrun for example_bash_decorator to None, run_after=None
[2026-06-01T18:35:19.965+0000] {processor.py:183} INFO - Processing /home/airflow/.local/lib/python3.12/site-packages/airflow/example_dags/example_bash_decorator.py took 0.072 seconds
[2026-06-01T18:35:50.084+0000] {processor.py:161} INFO - Started process (PID=3494) to work on /home/airflow/.local/lib/python3.12/site-packages/airflow/example_dags/example_bash_decorator.py
[2026-06-01T18:35:50.085+0000] {processor.py:830} INFO - Processing file /home/airflow/.local/lib/python3.12/site-packages/airflow/example_dags/example_bash_decorator.py for tasks to queue
[2026-06-01T18:35:50.087+0000] {logging_mixin.py:188} INFO - [2026-06-01T18:35:50.086+0000] {dagbag.py:540} INFO - Filling up the DagBag from /home/airflow/.local/lib/python3.12/site-packages/airflow/example_dags/example_bash_decorator.py
[2026-06-01T18:35:50.098+0000] {processor.py:840} INFO - DAG(s) 'example_bash_decorator' retrieved from /home/airflow/.local/lib/python3.12/site-packages/airflow/example_dags/example_bash_decorator.py
[2026-06-01T18:35:50.123+0000] {logging_mixin.py:188} INFO - [2026-06-01T18:35:50.122+0000] {dag.py:3096} INFO - Sync 1 DAGs
[2026-06-01T18:35:50.138+0000] {logging_mixin.py:188} INFO - [2026-06-01T18:35:50.137+0000] {dag.py:3954} INFO - Setting next_dagrun for example_bash_decorator to None, run_after=None
[2026-06-01T18:35:50.156+0000] {processor.py:183} INFO - Processing /home/airflow/.local/lib/python3.12/site-packages/airflow/example_dags/example_bash_decorator.py took 0.077 seconds
[2026-06-01T18:36:20.478+0000] {processor.py:161} INFO - Started process (PID=3553) to work on /home/airflow/.local/lib/python3.12/site-packages/airflow/example_dags/example_bash_decorator.py
[2026-06-01T18:36:20.479+0000] {processor.py:830} INFO - Processing file /home/airflow/.local/lib/python3.12/site-packages/airflow/example_dags/example_bash_decorator.py for tasks to queue
[2026-06-01T18:36:20.481+0000] {logging_mixin.py:188} INFO - [2026-06-01T18:36:20.481+0000] {dagbag.py:540} INFO - Filling up the DagBag from /home/airflow/.local/lib/python3.12/site-packages/airflow/example_dags/example_bash_decorator.py
[2026-06-01T18:36:20.496+0000] {processor.py:840} INFO - DAG(s) 'example_bash_decorator' retrieved from /home/airflow/.local/lib/python3.12/site-packages/airflow/example_dags/example_bash_decorator.py
[2026-06-01T18:36:20.517+0000] {logging_mixin.py:188} INFO - [2026-06-01T18:36:20.517+0000] {dag.py:3096} INFO - Sync 1 DAGs
[2026-06-01T18:36:20.529+0000] {logging_mixin.py:188} INFO - [2026-06-01T18:36:20.529+0000] {dag.py:3954} INFO - Setting next_dagrun for example_bash_decorator to None, run_after=None
[2026-06-01T18:36:20.546+0000] {processor.py:183} INFO - Processing /home/airflow/.local/lib/python3.12/site-packages/airflow/example_dags/example_bash_decorator.py took 0.075 seconds
[2026-06-01T18:36:50.818+0000] {processor.py:161} INFO - Started process (PID=3612) to work on /home/airflow/.local/lib/python3.12/site-packages/airflow/example_dags/example_bash_decorator.py
[2026-06-01T18:36:50.819+0000] {processor.py:830} INFO - Processing file /home/airflow/.local/lib/python3.12/site-packages/airflow/example_dags/example_bash_decorator.py for tasks to queue
[2026-06-01T18:36:50.821+0000] {logging_mixin.py:188} INFO - [2026-06-01T18:36:50.821+0000] {dagbag.py:540} INFO - Filling up the DagBag from /home/airflow/.local/lib/python3.12/site-packages/airflow/example_dags/example_bash_decorator.py
[2026-06-01T18:36:50.833+0000] {processor.py:840} INFO - DAG(s) 'example_bash_decorator' retrieved from /home/airflow/.local/lib/python3.12/site-packages/airflow/example_dags/example_bash_decorator.py
[2026-06-01T18:36:50.854+0000] {logging_mixin.py:188} INFO - [2026-06-01T18:36:50.854+0000] {dag.py:3096} INFO - Sync 1 DAGs
[2026-06-01T18:36:50.866+0000] {logging_mixin.py:188} INFO - [2026-06-01T18:36:50.866+0000] {dag.py:3954} INFO - Setting next_dagrun for example_bash_decorator to None, run_after=None
[2026-06-01T18:36:50.886+0000] {processor.py:183} INFO - Processing /home/airflow/.local/lib/python3.12/site-packages/airflow/example_dags/example_bash_decorator.py took 0.074 seconds
[2026-06-01T18:37:21.234+0000] {processor.py:161} INFO - Started process (PID=3671) to work on /home/airflow/.local/lib/python3.12/site-packages/airflow/example_dags/example_bash_decorator.py
[2026-06-01T18:37:21.235+0000] {processor.py:830} INFO - Processing file /home/airflow/.local/lib/python3.12/site-packages/airflow/example_dags/example_bash_decorator.py for tasks to queue
[2026-06-01T18:37:21.237+0000] {logging_mixin.py:188} INFO - [2026-06-01T18:37:21.237+0000] {dagbag.py:540} INFO - Filling up the DagBag from /home/airflow/.local/lib/python3.12/site-packages/airflow/example_dags/example_bash_decorator.py
[2026-06-01T18:37:21.250+0000] {processor.py:840} INFO - DAG(s) 'example_bash_decorator' retrieved from /home/airflow/.local/lib/python3.12/site-packages/airflow/example_dags/example_bash_decorator.py
[2026-06-01T18:37:21.272+0000] {logging_mixin.py:188} INFO - [2026-06-01T18:37:21.271+0000] {dag.py:3096} INFO - Sync 1 DAGs
[2026-06-01T18:37:21.282+0000] {logging_mixin.py:188} INFO - [2026-06-01T18:37:21.282+0000] {dag.py:3954} INFO - Setting next_dagrun for example_bash_decorator to None, run_after=None
[2026-06-01T18:37:21.298+0000] {processor.py:183} INFO - Processing /home/airflow/.local/lib/python3.12/site-packages/airflow/example_dags/example_bash_decorator.py took 0.071 seconds
[2026-06-01T18:37:51.506+0000] {processor.py:161} INFO - Started process (PID=3730) to work on /home/airflow/.local/lib/python3.12/site-packages/airflow/example_dags/example_bash_decorator.py
[2026-06-01T18:37:51.508+0000] {processor.py:830} INFO - Processing file /home/airflow/.local/lib/python3.12/site-packages/airflow/example_dags/example_bash_decorator.py for tasks to queue
[2026-06-01T18:37:51.509+0000] {logging_mixin.py:188} INFO - [2026-06-01T18:37:51.509+0000] {dagbag.py:540} INFO - Filling up the DagBag from /home/airflow/.local/lib/python3.12/site-packages/airflow/example_dags/example_bash_decorator.py
[2026-06-01T18:37:51.521+0000] {processor.py:840} INFO - DAG(s) 'example_bash_decorator' retrieved from /home/airflow/.local/lib/python3.12/site-packages/airflow/example_dags/example_bash_decorator.py
[2026-06-01T18:37:51.541+0000] {logging_mixin.py:188} INFO - [2026-06-01T18:37:51.541+0000] {dag.py:3096} INFO - Sync 1 DAGs
[2026-06-01T18:37:51.552+0000] {logging_mixin.py:188} INFO - [2026-06-01T18:37:51.551+0000] {dag.py:3954} INFO - Setting next_dagrun for example_bash_decorator to None, run_after=None
[2026-06-01T18:37:51.568+0000] {processor.py:183} INFO - Processing /home/airflow/.local/lib/python3.12/site-packages/airflow/example_dags/example_bash_decorator.py took 0.067 seconds
[2026-06-01T18:38:21.757+0000] {processor.py:161} INFO - Started process (PID=3789) to work on /home/airflow/.local/lib/python3.12/site-packages/airflow/example_dags/example_bash_decorator.py
[2026-06-01T18:38:21.758+0000] {processor.py:830} INFO - Processing file /home/airflow/.local/lib/python3.12/site-packages/airflow/example_dags/example_bash_decorator.py for tasks to queue
[2026-06-01T18:38:21.760+0000] {logging_mixin.py:188} INFO - [2026-06-01T18:38:21.759+0000] {dagbag.py:540} INFO - Filling up the DagBag from /home/airflow/.local/lib/python3.12/site-packages/airflow/example_dags/example_bash_decorator.py
[2026-06-01T18:38:21.772+0000] {processor.py:840} INFO - DAG(s) 'example_bash_decorator' retrieved from /home/airflow/.local/lib/python3.12/site-packages/airflow/example_dags/example_bash_decorator.py
[2026-06-01T18:38:21.793+0000] {logging_mixin.py:188} INFO - [2026-06-01T18:38:21.792+0000] {dag.py:3096} INFO - Sync 1 DAGs
[2026-06-01T18:38:21.804+0000] {logging_mixin.py:188} INFO - [2026-06-01T18:38:21.803+0000] {dag.py:3954} INFO - Setting next_dagrun for example_bash_decorator to None, run_after=None
[2026-06-01T18:38:21.820+0000] {processor.py:183} INFO - Processing /home/airflow/.local/lib/python3.12/site-packages/airflow/example_dags/example_bash_decorator.py took 0.069 seconds
[2026-06-01T18:38:52.395+0000] {processor.py:161} INFO - Started process (PID=3848) to work on /home/airflow/.local/lib/python3.12/site-packages/airflow/example_dags/example_bash_decorator.py
[2026-06-01T18:38:52.396+0000] {processor.py:830} INFO - Processing file /home/airflow/.local/lib/python3.12/site-packages/airflow/example_dags/example_bash_decorator.py for tasks to queue
[2026-06-01T18:38:52.398+0000] {logging_mixin.py:188} INFO - [2026-06-01T18:38:52.398+0000] {dagbag.py:540} INFO - Filling up the DagBag from /home/airflow/.local/lib/python3.12/site-packages/airflow/example_dags/example_bash_decorator.py
[2026-06-01T18:38:52.411+0000] {processor.py:840} INFO - DAG(s) 'example_bash_decorator' retrieved from /home/airflow/.local/lib/python3.12/site-packages/airflow/example_dags/example_bash_decorator.py
[2026-06-01T18:38:52.434+0000] {logging_mixin.py:188} INFO - [2026-06-01T18:38:52.433+0000] {dag.py:3096} INFO - Sync 1 DAGs
[2026-06-01T18:38:52.449+0000] {logging_mixin.py:188} INFO - [2026-06-01T18:38:52.449+0000] {dag.py:3954} INFO - Setting next_dagrun for example_bash_decorator to None, run_after=None
[2026-06-01T18:38:52.471+0000] {processor.py:183} INFO - Processing /home/airflow/.local/lib/python3.12/site-packages/airflow/example_dags/example_bash_decorator.py took 0.083 seconds
[2026-06-01T18:39:23.130+0000] {processor.py:161} INFO - Started process (PID=3907) to work on /home/airflow/.local/lib/python3.12/site-packages/airflow/example_dags/example_bash_decorator.py
[2026-06-01T18:39:23.131+0000] {processor.py:830} INFO - Processing file /home/airflow/.local/lib/python3.12/site-packages/airflow/example_dags/example_bash_decorator.py for tasks to queue
[2026-06-01T18:39:23.133+0000] {logging_mixin.py:188} INFO - [2026-06-01T18:39:23.133+0000] {dagbag.py:540} INFO - Filling up the DagBag from /home/airflow/.local/lib/python3.12/site-packages/airflow/example_dags/example_bash_decorator.py
[2026-06-01T18:39:23.148+0000] {processor.py:840} INFO - DAG(s) 'example_bash_decorator' retrieved from /home/airflow/.local/lib/python3.12/site-packages/airflow/example_dags/example_bash_decorator.py
[2026-06-01T18:39:23.170+0000] {logging_mixin.py:188} INFO - [2026-06-01T18:39:23.170+0000] {dag.py:3096} INFO - Sync 1 DAGs
[2026-06-01T18:39:23.182+0000] {logging_mixin.py:188} INFO - [2026-06-01T18:39:23.182+0000] {dag.py:3954} INFO - Setting next_dagrun for example_bash_decorator to None, run_after=None
[2026-06-01T18:39:23.198+0000] {processor.py:183} INFO - Processing /home/airflow/.local/lib/python3.12/site-packages/airflow/example_dags/example_bash_decorator.py took 0.076 seconds
[2026-06-01T18:39:53.293+0000] {processor.py:161} INFO - Started process (PID=3966) to work on /home/airflow/.local/lib/python3.12/site-packages/airflow/example_dags/example_bash_decorator.py
[2026-06-01T18:39:53.294+0000] {processor.py:830} INFO - Processing file /home/airflow/.local/lib/python3.12/site-packages/airflow/example_dags/example_bash_decorator.py for tasks to queue
[2026-06-01T18:39:53.296+0000] {logging_mixin.py:188} INFO - [2026-06-01T18:39:53.296+0000] {dagbag.py:540} INFO - Filling up the DagBag from /home/airflow/.local/lib/python3.12/site-packages/airflow/example_dags/example_bash_decorator.py
[2026-06-01T18:39:53.308+0000] {processor.py:840} INFO - DAG(s) 'example_bash_decorator' retrieved from /home/airflow/.local/lib/python3.12/site-packages/airflow/example_dags/example_bash_decorator.py
[2026-06-01T18:39:53.328+0000] {logging_mixin.py:188} INFO - [2026-06-01T18:39:53.327+0000] {dag.py:3096} INFO - Sync 1 DAGs
[2026-06-01T18:39:53.338+0000] {logging_mixin.py:188} INFO - [2026-06-01T18:39:53.338+0000] {dag.py:3954} INFO - Setting next_dagrun for example_bash_decorator to None, run_after=None
[2026-06-01T18:39:53.355+0000] {processor.py:183} INFO - Processing /home/airflow/.local/lib/python3.12/site-packages/airflow/example_dags/example_bash_decorator.py took 0.068 seconds
[2026-06-01T18:40:23.529+0000] {processor.py:161} INFO - Started process (PID=4025) to work on /home/airflow/.local/lib/python3.12/site-packages/airflow/example_dags/example_bash_decorator.py
[2026-06-01T18:40:23.531+0000] {processor.py:830} INFO - Processing file /home/airflow/.local/lib/python3.12/site-packages/airflow/example_dags/example_bash_decorator.py for tasks to queue
[2026-06-01T18:40:23.535+0000] {logging_mixin.py:188} INFO - [2026-06-01T18:40:23.534+0000] {dagbag.py:540} INFO - Filling up the DagBag from /home/airflow/.local/lib/python3.12/site-packages/airflow/example_dags/example_bash_decorator.py
[2026-06-01T18:40:23.547+0000] {processor.py:840} INFO - DAG(s) 'example_bash_decorator' retrieved from /home/airflow/.local/lib/python3.12/site-packages/airflow/example_dags/example_bash_decorator.py
[2026-06-01T18:40:23.565+0000] {logging_mixin.py:188} INFO - [2026-06-01T18:40:23.565+0000] {dag.py:3096} INFO - Sync 1 DAGs
[2026-06-01T18:40:23.577+0000] {logging_mixin.py:188} INFO - [2026-06-01T18:40:23.577+0000] {dag.py:3954} INFO - Setting next_dagrun for example_bash_decorator to None, run_after=None
[2026-06-01T18:40:23.596+0000] {processor.py:183} INFO - Processing /home/airflow/.local/lib/python3.12/site-packages/airflow/example_dags/example_bash_decorator.py took 0.072 seconds
[2026-06-01T18:40:53.775+0000] {processor.py:161} INFO - Started process (PID=4084) to work on /home/airflow/.local/lib/python3.12/site-packages/airflow/example_dags/example_bash_decorator.py
[2026-06-01T18:40:53.776+0000] {processor.py:830} INFO - Processing file /home/airflow/.local/lib/python3.12/site-packages/airflow/example_dags/example_bash_decorator.py for tasks to queue
[2026-06-01T18:40:53.778+0000] {logging_mixin.py:188} INFO - [2026-06-01T18:40:53.778+0000] {dagbag.py:540} INFO - Filling up the DagBag from /home/airflow/.local/lib/python3.12/site-packages/airflow/example_dags/example_bash_decorator.py
[2026-06-01T18:40:53.791+0000] {processor.py:840} INFO - DAG(s) 'example_bash_decorator' retrieved from /home/airflow/.local/lib/python3.12/site-packages/airflow/example_dags/example_bash_decorator.py
[2026-06-01T18:40:53.813+0000] {logging_mixin.py:188} INFO - [2026-06-01T18:40:53.813+0000] {dag.py:3096} INFO - Sync 1 DAGs
[2026-06-01T18:40:53.826+0000] {logging_mixin.py:188} INFO - [2026-06-01T18:40:53.826+0000] {dag.py:3954} INFO - Setting next_dagrun for example_bash_decorator to None, run_after=None
[2026-06-01T18:40:53.848+0000] {processor.py:183} INFO - Processing /home/airflow/.local/lib/python3.12/site-packages/airflow/example_dags/example_bash_decorator.py took 0.078 seconds
[2026-06-01T18:41:24.067+0000] {processor.py:161} INFO - Started process (PID=4143) to work on /home/airflow/.local/lib/python3.12/site-packages/airflow/example_dags/example_bash_decorator.py
[2026-06-01T18:41:24.068+0000] {processor.py:830} INFO - Processing file /home/airflow/.local/lib/python3.12/site-packages/airflow/example_dags/example_bash_decorator.py for tasks to queue
[2026-06-01T18:41:24.070+0000] {logging_mixin.py:188} INFO - [2026-06-01T18:41:24.070+0000] {dagbag.py:540} INFO - Filling up the DagBag from /home/airflow/.local/lib/python3.12/site-packages/airflow/example_dags/example_bash_decorator.py
[2026-06-01T18:41:24.085+0000] {processor.py:840} INFO - DAG(s) 'example_bash_decorator' retrieved from /home/airflow/.local/lib/python3.12/site-packages/airflow/example_dags/example_bash_decorator.py
[2026-06-01T18:41:24.106+0000] {logging_mixin.py:188} INFO - [2026-06-01T18:41:24.106+0000] {dag.py:3096} INFO - Sync 1 DAGs
[2026-06-01T18:41:24.117+0000] {logging_mixin.py:188} INFO - [2026-06-01T18:41:24.117+0000] {dag.py:3954} INFO - Setting next_dagrun for example_bash_decorator to None, run_after=None
[2026-06-01T18:41:24.134+0000] {processor.py:183} INFO - Processing /home/airflow/.local/lib/python3.12/site-packages/airflow/example_dags/example_bash_decorator.py took 0.072 seconds
[2026-06-01T18:41:54.303+0000] {processor.py:161} INFO - Started process (PID=4202) to work on /home/airflow/.local/lib/python3.12/site-packages/airflow/example_dags/example_bash_decorator.py
[2026-06-01T18:41:54.304+0000] {processor.py:830} INFO - Processing file /home/airflow/.local/lib/python3.12/site-packages/airflow/example_dags/example_bash_decorator.py for tasks to queue
[2026-06-01T18:41:54.306+0000] {logging_mixin.py:188} INFO - [2026-06-01T18:41:54.306+0000] {dagbag.py:540} INFO - Filling up the DagBag from /home/airflow/.local/lib/python3.12/site-packages/airflow/example_dags/example_bash_decorator.py
[2026-06-01T18:41:54.317+0000] {processor.py:840} INFO - DAG(s) 'example_bash_decorator' retrieved from /home/airflow/.local/lib/python3.12/site-packages/airflow/example_dags/example_bash_decorator.py
[2026-06-01T18:41:54.337+0000] {logging_mixin.py:188} INFO - [2026-06-01T18:41:54.337+0000] {dag.py:3096} INFO - Sync 1 DAGs
[2026-06-01T18:41:54.349+0000] {logging_mixin.py:188} INFO - [2026-06-01T18:41:54.348+0000] {dag.py:3954} INFO - Setting next_dagrun for example_bash_decorator to None, run_after=None
[2026-06-01T18:41:54.367+0000] {processor.py:183} INFO - Processing /home/airflow/.local/lib/python3.12/site-packages/airflow/example_dags/example_bash_decorator.py took 0.069 seconds
[2026-06-01T18:42:24.491+0000] {processor.py:161} INFO - Started process (PID=4261) to work on /home/airflow/.local/lib/python3.12/site-packages/airflow/example_dags/example_bash_decorator.py
[2026-06-01T18:42:24.492+0000] {processor.py:830} INFO - Processing file /home/airflow/.local/lib/python3.12/site-packages/airflow/example_dags/example_bash_decorator.py for tasks to queue
[2026-06-01T18:42:24.495+0000] {logging_mixin.py:188} INFO - [2026-06-01T18:42:24.494+0000] {dagbag.py:540} INFO - Filling up the DagBag from /home/airflow/.local/lib/python3.12/site-packages/airflow/example_dags/example_bash_decorator.py
[2026-06-01T18:42:24.507+0000] {processor.py:840} INFO - DAG(s) 'example_bash_decorator' retrieved from /home/airflow/.local/lib/python3.12/site-packages/airflow/example_dags/example_bash_decorator.py
[2026-06-01T18:42:24.528+0000] {logging_mixin.py:188} INFO - [2026-06-01T18:42:24.527+0000] {dag.py:3096} INFO - Sync 1 DAGs
[2026-06-01T18:42:24.540+0000] {logging_mixin.py:188} INFO - [2026-06-01T18:42:24.539+0000] {dag.py:3954} INFO - Setting next_dagrun for example_bash_decorator to None, run_after=None
[2026-06-01T18:42:24.557+0000] {processor.py:183} INFO - Processing /home/airflow/.local/lib/python3.12/site-packages/airflow/example_dags/example_bash_decorator.py took 0.070 seconds
[2026-06-01T18:42:54.930+0000] {processor.py:161} INFO - Started process (PID=4320) to work on /home/airflow/.local/lib/python3.12/site-packages/airflow/example_dags/example_bash_decorator.py
[2026-06-01T18:42:54.931+0000] {processor.py:830} INFO - Processing file /home/airflow/.local/lib/python3.12/site-packages/airflow/example_dags/example_bash_decorator.py for tasks to queue
[2026-06-01T18:42:54.933+0000] {logging_mixin.py:188} INFO - [2026-06-01T18:42:54.933+0000] {dagbag.py:540} INFO - Filling up the DagBag from /home/airflow/.local/lib/python3.12/site-packages/airflow/example_dags/example_bash_decorator.py
[2026-06-01T18:42:54.945+0000] {processor.py:840} INFO - DAG(s) 'example_bash_decorator' retrieved from /home/airflow/.local/lib/python3.12/site-packages/airflow/example_dags/example_bash_decorator.py
[2026-06-01T18:42:54.966+0000] {logging_mixin.py:188} INFO - [2026-06-01T18:42:54.966+0000] {dag.py:3096} INFO - Sync 1 DAGs
[2026-06-01T18:42:54.978+0000] {logging_mixin.py:188} INFO - [2026-06-01T18:42:54.978+0000] {dag.py:3954} INFO - Setting next_dagrun for example_bash_decorator to None, run_after=None
[2026-06-01T18:42:55.002+0000] {processor.py:183} INFO - Processing /home/airflow/.local/lib/python3.12/site-packages/airflow/example_dags/example_bash_decorator.py took 0.076 seconds
[2026-06-01T18:43:25.162+0000] {processor.py:161} INFO - Started process (PID=4379) to work on /home/airflow/.local/lib/python3.12/site-packages/airflow/example_dags/example_bash_decorator.py
[2026-06-01T18:43:25.163+0000] {processor.py:830} INFO - Processing file /home/airflow/.local/lib/python3.12/site-packages/airflow/example_dags/example_bash_decorator.py for tasks to queue
[2026-06-01T18:43:25.165+0000] {logging_mixin.py:188} INFO - [2026-06-01T18:43:25.165+0000] {dagbag.py:540} INFO - Filling up the DagBag from /home/airflow/.local/lib/python3.12/site-packages/airflow/example_dags/example_bash_decorator.py
[2026-06-01T18:43:25.176+0000] {processor.py:840} INFO - DAG(s) 'example_bash_decorator' retrieved from /home/airflow/.local/lib/python3.12/site-packages/airflow/example_dags/example_bash_decorator.py
[2026-06-01T18:43:25.197+0000] {logging_mixin.py:188} INFO - [2026-06-01T18:43:25.197+0000] {dag.py:3096} INFO - Sync 1 DAGs
[2026-06-01T18:43:25.211+0000] {logging_mixin.py:188} INFO - [2026-06-01T18:43:25.210+0000] {dag.py:3954} INFO - Setting next_dagrun for example_bash_decorator to None, run_after=None
[2026-06-01T18:43:25.231+0000] {processor.py:183} INFO - Processing /home/airflow/.local/lib/python3.12/site-packages/airflow/example_dags/example_bash_decorator.py took 0.075 seconds
[2026-06-01T18:43:55.573+0000] {processor.py:161} INFO - Started process (PID=4438) to work on /home/airflow/.local/lib/python3.12/site-packages/airflow/example_dags/example_bash_decorator.py
[2026-06-01T18:43:55.575+0000] {processor.py:830} INFO - Processing file /home/airflow/.local/lib/python3.12/site-packages/airflow/example_dags/example_bash_decorator.py for tasks to queue
[2026-06-01T18:43:55.577+0000] {logging_mixin.py:188} INFO - [2026-06-01T18:43:55.577+0000] {dagbag.py:540} INFO - Filling up the DagBag from /home/airflow/.local/lib/python3.12/site-packages/airflow/example_dags/example_bash_decorator.py
[2026-06-01T18:43:55.589+0000] {processor.py:840} INFO - DAG(s) 'example_bash_decorator' retrieved from /home/airflow/.local/lib/python3.12/site-packages/airflow/example_dags/example_bash_decorator.py
[2026-06-01T18:43:55.609+0000] {logging_mixin.py:188} INFO - [2026-06-01T18:43:55.609+0000] {dag.py:3096} INFO - Sync 1 DAGs
[2026-06-01T18:43:55.620+0000] {logging_mixin.py:188} INFO - [2026-06-01T18:43:55.620+0000] {dag.py:3954} INFO - Setting next_dagrun for example_bash_decorator to None, run_after=None
[2026-06-01T18:43:55.636+0000] {processor.py:183} INFO - Processing /home/airflow/.local/lib/python3.12/site-packages/airflow/example_dags/example_bash_decorator.py took 0.068 seconds
[2026-06-01T18:44:25.942+0000] {processor.py:161} INFO - Started process (PID=4498) to work on /home/airflow/.local/lib/python3.12/site-packages/airflow/example_dags/example_bash_decorator.py
[2026-06-01T18:44:25.943+0000] {processor.py:830} INFO - Processing file /home/airflow/.local/lib/python3.12/site-packages/airflow/example_dags/example_bash_decorator.py for tasks to queue
[2026-06-01T18:44:25.945+0000] {logging_mixin.py:188} INFO - [2026-06-01T18:44:25.945+0000] {dagbag.py:540} INFO - Filling up the DagBag from /home/airflow/.local/lib/python3.12/site-packages/airflow/example_dags/example_bash_decorator.py
[2026-06-01T18:44:25.960+0000] {processor.py:840} INFO - DAG(s) 'example_bash_decorator' retrieved from /home/airflow/.local/lib/python3.12/site-packages/airflow/example_dags/example_bash_decorator.py
[2026-06-01T18:44:25.986+0000] {logging_mixin.py:188} INFO - [2026-06-01T18:44:25.985+0000] {dag.py:3096} INFO - Sync 1 DAGs
[2026-06-01T18:44:25.998+0000] {logging_mixin.py:188} INFO - [2026-06-01T18:44:25.997+0000] {dag.py:3954} INFO - Setting next_dagrun for example_bash_decorator to None, run_after=None
[2026-06-01T18:44:26.017+0000] {processor.py:183} INFO - Processing /home/airflow/.local/lib/python3.12/site-packages/airflow/example_dags/example_bash_decorator.py took 0.080 seconds
[2026-06-01T18:44:56.221+0000] {processor.py:161} INFO - Started process (PID=4557) to work on /home/airflow/.local/lib/python3.12/site-packages/airflow/example_dags/example_bash_decorator.py
[2026-06-01T18:44:56.222+0000] {processor.py:830} INFO - Processing file /home/airflow/.local/lib/python3.12/site-packages/airflow/example_dags/example_bash_decorator.py for tasks to queue
[2026-06-01T18:44:56.224+0000] {logging_mixin.py:188} INFO - [2026-06-01T18:44:56.223+0000] {dagbag.py:540} INFO - Filling up the DagBag from /home/airflow/.local/lib/python3.12/site-packages/airflow/example_dags/example_bash_decorator.py
[2026-06-01T18:44:56.236+0000] {processor.py:840} INFO - DAG(s) 'example_bash_decorator' retrieved from /home/airflow/.local/lib/python3.12/site-packages/airflow/example_dags/example_bash_decorator.py
[2026-06-01T18:44:56.257+0000] {logging_mixin.py:188} INFO - [2026-06-01T18:44:56.256+0000] {dag.py:3096} INFO - Sync 1 DAGs
[2026-06-01T18:44:56.270+0000] {logging_mixin.py:188} INFO - [2026-06-01T18:44:56.270+0000] {dag.py:3954} INFO - Setting next_dagrun for example_bash_decorator to None, run_after=None
[2026-06-01T18:44:56.290+0000] {processor.py:183} INFO - Processing /home/airflow/.local/lib/python3.12/site-packages/airflow/example_dags/example_bash_decorator.py took 0.074 seconds
[2026-06-01T18:45:26.562+0000] {processor.py:161} INFO - Started process (PID=4616) to work on /home/airflow/.local/lib/python3.12/site-packages/airflow/example_dags/example_bash_decorator.py
[2026-06-01T18:45:26.563+0000] {processor.py:830} INFO - Processing file /home/airflow/.local/lib/python3.12/site-packages/airflow/example_dags/example_bash_decorator.py for tasks to queue
[2026-06-01T18:45:26.565+0000] {logging_mixin.py:188} INFO - [2026-06-01T18:45:26.565+0000] {dagbag.py:540} INFO - Filling up the DagBag from /home/airflow/.local/lib/python3.12/site-packages/airflow/example_dags/example_bash_decorator.py
[2026-06-01T18:45:26.577+0000] {processor.py:840} INFO - DAG(s) 'example_bash_decorator' retrieved from /home/airflow/.local/lib/python3.12/site-packages/airflow/example_dags/example_bash_decorator.py
[2026-06-01T18:45:26.598+0000] {logging_mixin.py:188} INFO - [2026-06-01T18:45:26.598+0000] {dag.py:3096} INFO - Sync 1 DAGs
[2026-06-01T18:45:26.609+0000] {logging_mixin.py:188} INFO - [2026-06-01T18:45:26.609+0000] {dag.py:3954} INFO - Setting next_dagrun for example_bash_decorator to None, run_after=None
[2026-06-01T18:45:26.627+0000] {processor.py:183} INFO - Processing /home/airflow/.local/lib/python3.12/site-packages/airflow/example_dags/example_bash_decorator.py took 0.070 seconds
[2026-06-01T18:45:56.986+0000] {processor.py:161} INFO - Started process (PID=4674) to work on /home/airflow/.local/lib/python3.12/site-packages/airflow/example_dags/example_bash_decorator.py
[2026-06-01T18:45:56.987+0000] {processor.py:830} INFO - Processing file /home/airflow/.local/lib/python3.12/site-packages/airflow/example_dags/example_bash_decorator.py for tasks to queue
[2026-06-01T18:45:56.990+0000] {logging_mixin.py:188} INFO - [2026-06-01T18:45:56.989+0000] {dagbag.py:540} INFO - Filling up the DagBag from /home/airflow/.local/lib/python3.12/site-packages/airflow/example_dags/example_bash_decorator.py
[2026-06-01T18:45:57.001+0000] {processor.py:840} INFO - DAG(s) 'example_bash_decorator' retrieved from /home/airflow/.local/lib/python3.12/site-packages/airflow/example_dags/example_bash_decorator.py
[2026-06-01T18:45:57.022+0000] {logging_mixin.py:188} INFO - [2026-06-01T18:45:57.022+0000] {dag.py:3096} INFO - Sync 1 DAGs
[2026-06-01T18:45:57.033+0000] {logging_mixin.py:188} INFO - [2026-06-01T18:45:57.033+0000] {dag.py:3954} INFO - Setting next_dagrun for example_bash_decorator to None, run_after=None
[2026-06-01T18:45:57.050+0000] {processor.py:183} INFO - Processing /home/airflow/.local/lib/python3.12/site-packages/airflow/example_dags/example_bash_decorator.py took 0.069 seconds
[2026-06-01T18:46:27.295+0000] {processor.py:161} INFO - Started process (PID=4733) to work on /home/airflow/.local/lib/python3.12/site-packages/airflow/example_dags/example_bash_decorator.py
[2026-06-01T18:46:27.296+0000] {processor.py:830} INFO - Processing file /home/airflow/.local/lib/python3.12/site-packages/airflow/example_dags/example_bash_decorator.py for tasks to queue
[2026-06-01T18:46:27.298+0000] {logging_mixin.py:188} INFO - [2026-06-01T18:46:27.298+0000] {dagbag.py:540} INFO - Filling up the DagBag from /home/airflow/.local/lib/python3.12/site-packages/airflow/example_dags/example_bash_decorator.py
[2026-06-01T18:46:27.311+0000] {processor.py:840} INFO - DAG(s) 'example_bash_decorator' retrieved from /home/airflow/.local/lib/python3.12/site-packages/airflow/example_dags/example_bash_decorator.py
[2026-06-01T18:46:27.331+0000] {logging_mixin.py:188} INFO - [2026-06-01T18:46:27.330+0000] {dag.py:3096} INFO - Sync 1 DAGs
[2026-06-01T18:46:27.342+0000] {logging_mixin.py:188} INFO - [2026-06-01T18:46:27.342+0000] {dag.py:3954} INFO - Setting next_dagrun for example_bash_decorator to None, run_after=None
[2026-06-01T18:46:27.358+0000] {processor.py:183} INFO - Processing /home/airflow/.local/lib/python3.12/site-packages/airflow/example_dags/example_bash_decorator.py took 0.068 seconds
[2026-06-01T18:46:57.846+0000] {processor.py:161} INFO - Started process (PID=4792) to work on /home/airflow/.local/lib/python3.12/site-packages/airflow/example_dags/example_bash_decorator.py
[2026-06-01T18:46:57.847+0000] {processor.py:830} INFO - Processing file /home/airflow/.local/lib/python3.12/site-packages/airflow/example_dags/example_bash_decorator.py for tasks to queue
[2026-06-01T18:46:57.849+0000] {logging_mixin.py:188} INFO - [2026-06-01T18:46:57.849+0000] {dagbag.py:540} INFO - Filling up the DagBag from /home/airflow/.local/lib/python3.12/site-packages/airflow/example_dags/example_bash_decorator.py
[2026-06-01T18:46:57.861+0000] {processor.py:840} INFO - DAG(s) 'example_bash_decorator' retrieved from /home/airflow/.local/lib/python3.12/site-packages/airflow/example_dags/example_bash_decorator.py
[2026-06-01T18:46:57.882+0000] {logging_mixin.py:188} INFO - [2026-06-01T18:46:57.882+0000] {dag.py:3096} INFO - Sync 1 DAGs
[2026-06-01T18:46:57.897+0000] {logging_mixin.py:188} INFO - [2026-06-01T18:46:57.897+0000] {dag.py:3954} INFO - Setting next_dagrun for example_bash_decorator to None, run_after=None
[2026-06-01T18:46:57.924+0000] {processor.py:183} INFO - Processing /home/airflow/.local/lib/python3.12/site-packages/airflow/example_dags/example_bash_decorator.py took 0.083 seconds
[2026-06-01T18:47:28.045+0000] {processor.py:161} INFO - Started process (PID=4851) to work on /home/airflow/.local/lib/python3.12/site-packages/airflow/example_dags/example_bash_decorator.py
[2026-06-01T18:47:28.046+0000] {processor.py:830} INFO - Processing file /home/airflow/.local/lib/python3.12/site-packages/airflow/example_dags/example_bash_decorator.py for tasks to queue
[2026-06-01T18:47:28.049+0000] {logging_mixin.py:188} INFO - [2026-06-01T18:47:28.048+0000] {dagbag.py:540} INFO - Filling up the DagBag from /home/airflow/.local/lib/python3.12/site-packages/airflow/example_dags/example_bash_decorator.py
[2026-06-01T18:47:28.062+0000] {processor.py:840} INFO - DAG(s) 'example_bash_decorator' retrieved from /home/airflow/.local/lib/python3.12/site-packages/airflow/example_dags/example_bash_decorator.py
[2026-06-01T18:47:28.086+0000] {logging_mixin.py:188} INFO - [2026-06-01T18:47:28.086+0000] {dag.py:3096} INFO - Sync 1 DAGs
[2026-06-01T18:47:28.097+0000] {logging_mixin.py:188} INFO - [2026-06-01T18:47:28.097+0000] {dag.py:3954} INFO - Setting next_dagrun for example_bash_decorator to None, run_after=None
[2026-06-01T18:47:28.119+0000] {processor.py:183} INFO - Processing /home/airflow/.local/lib/python3.12/site-packages/airflow/example_dags/example_bash_decorator.py took 0.082 seconds
[2026-06-01T18:47:58.256+0000] {processor.py:161} INFO - Started process (PID=4910) to work on /home/airflow/.local/lib/python3.12/site-packages/airflow/example_dags/example_bash_decorator.py
[2026-06-01T18:47:58.258+0000] {processor.py:830} INFO - Processing file /home/airflow/.local/lib/python3.12/site-packages/airflow/example_dags/example_bash_decorator.py for tasks to queue
[2026-06-01T18:47:58.260+0000] {logging_mixin.py:188} INFO - [2026-06-01T18:47:58.260+0000] {dagbag.py:540} INFO - Filling up the DagBag from /home/airflow/.local/lib/python3.12/site-packages/airflow/example_dags/example_bash_decorator.py
[2026-06-01T18:47:58.271+0000] {processor.py:840} INFO - DAG(s) 'example_bash_decorator' retrieved from /home/airflow/.local/lib/python3.12/site-packages/airflow/example_dags/example_bash_decorator.py
[2026-06-01T18:47:58.295+0000] {logging_mixin.py:188} INFO - [2026-06-01T18:47:58.294+0000] {dag.py:3096} INFO - Sync 1 DAGs
[2026-06-01T18:47:58.311+0000] {logging_mixin.py:188} INFO - [2026-06-01T18:47:58.311+0000] {dag.py:3954} INFO - Setting next_dagrun for example_bash_decorator to None, run_after=None
[2026-06-01T18:47:58.328+0000] {processor.py:183} INFO - Processing /home/airflow/.local/lib/python3.12/site-packages/airflow/example_dags/example_bash_decorator.py took 0.077 seconds
[2026-06-01T18:48:28.792+0000] {processor.py:161} INFO - Started process (PID=4970) to work on /home/airflow/.local/lib/python3.12/site-packages/airflow/example_dags/example_bash_decorator.py
[2026-06-01T18:48:28.793+0000] {processor.py:830} INFO - Processing file /home/airflow/.local/lib/python3.12/site-packages/airflow/example_dags/example_bash_decorator.py for tasks to queue
[2026-06-01T18:48:28.795+0000] {logging_mixin.py:188} INFO - [2026-06-01T18:48:28.795+0000] {dagbag.py:540} INFO - Filling up the DagBag from /home/airflow/.local/lib/python3.12/site-packages/airflow/example_dags/example_bash_decorator.py
[2026-06-01T18:48:28.951+0000] {processor.py:840} INFO - DAG(s) 'example_bash_decorator' retrieved from /home/airflow/.local/lib/python3.12/site-packages/airflow/example_dags/example_bash_decorator.py
[2026-06-01T18:48:28.970+0000] {logging_mixin.py:188} INFO - [2026-06-01T18:48:28.970+0000] {dag.py:3096} INFO - Sync 1 DAGs
[2026-06-01T18:48:28.979+0000] {logging_mixin.py:188} INFO - [2026-06-01T18:48:28.979+0000] {dag.py:3954} INFO - Setting next_dagrun for example_bash_decorator to None, run_after=None
[2026-06-01T18:48:28.998+0000] {processor.py:183} INFO - Processing /home/airflow/.local/lib/python3.12/site-packages/airflow/example_dags/example_bash_decorator.py took 0.211 seconds
[2026-06-01T18:48:59.977+0000] {processor.py:161} INFO - Started process (PID=5029) to work on /home/airflow/.local/lib/python3.12/site-packages/airflow/example_dags/example_bash_decorator.py
[2026-06-01T18:48:59.978+0000] {processor.py:830} INFO - Processing file /home/airflow/.local/lib/python3.12/site-packages/airflow/example_dags/example_bash_decorator.py for tasks to queue
[2026-06-01T18:48:59.981+0000] {logging_mixin.py:188} INFO - [2026-06-01T18:48:59.981+0000] {dagbag.py:540} INFO - Filling up the DagBag from /home/airflow/.local/lib/python3.12/site-packages/airflow/example_dags/example_bash_decorator.py
[2026-06-01T18:48:59.993+0000] {processor.py:840} INFO - DAG(s) 'example_bash_decorator' retrieved from /home/airflow/.local/lib/python3.12/site-packages/airflow/example_dags/example_bash_decorator.py
[2026-06-01T18:49:00.016+0000] {logging_mixin.py:188} INFO - [2026-06-01T18:49:00.015+0000] {dag.py:3096} INFO - Sync 1 DAGs
[2026-06-01T18:49:00.030+0000] {logging_mixin.py:188} INFO - [2026-06-01T18:49:00.030+0000] {dag.py:3954} INFO - Setting next_dagrun for example_bash_decorator to None, run_after=None
[2026-06-01T18:49:00.049+0000] {processor.py:183} INFO - Processing /home/airflow/.local/lib/python3.12/site-packages/airflow/example_dags/example_bash_decorator.py took 0.077 seconds
[2026-06-01T18:49:30.867+0000] {processor.py:161} INFO - Started process (PID=5088) to work on /home/airflow/.local/lib/python3.12/site-packages/airflow/example_dags/example_bash_decorator.py
[2026-06-01T18:49:30.868+0000] {processor.py:830} INFO - Processing file /home/airflow/.local/lib/python3.12/site-packages/airflow/example_dags/example_bash_decorator.py for tasks to queue
[2026-06-01T18:49:30.870+0000] {logging_mixin.py:188} INFO - [2026-06-01T18:49:30.870+0000] {dagbag.py:540} INFO - Filling up the DagBag from /home/airflow/.local/lib/python3.12/site-packages/airflow/example_dags/example_bash_decorator.py
[2026-06-01T18:49:30.883+0000] {processor.py:840} INFO - DAG(s) 'example_bash_decorator' retrieved from /home/airflow/.local/lib/python3.12/site-packages/airflow/example_dags/example_bash_decorator.py
[2026-06-01T18:49:30.906+0000] {logging_mixin.py:188} INFO - [2026-06-01T18:49:30.906+0000] {dag.py:3096} INFO - Sync 1 DAGs
[2026-06-01T18:49:30.918+0000] {logging_mixin.py:188} INFO - [2026-06-01T18:49:30.917+0000] {dag.py:3954} INFO - Setting next_dagrun for example_bash_decorator to None, run_after=None
[2026-06-01T18:49:30.948+0000] {processor.py:183} INFO - Processing /home/airflow/.local/lib/python3.12/site-packages/airflow/example_dags/example_bash_decorator.py took 0.086 seconds
[2026-06-01T18:50:01.079+0000] {processor.py:161} INFO - Started process (PID=5147) to work on /home/airflow/.local/lib/python3.12/site-packages/airflow/example_dags/example_bash_decorator.py
[2026-06-01T18:50:01.081+0000] {processor.py:830} INFO - Processing file /home/airflow/.local/lib/python3.12/site-packages/airflow/example_dags/example_bash_decorator.py for tasks to queue
[2026-06-01T18:50:01.083+0000] {logging_mixin.py:188} INFO - [2026-06-01T18:50:01.082+0000] {dagbag.py:540} INFO - Filling up the DagBag from /home/airflow/.local/lib/python3.12/site-packages/airflow/example_dags/example_bash_decorator.py
[2026-06-01T18:50:01.095+0000] {processor.py:840} INFO - DAG(s) 'example_bash_decorator' retrieved from /home/airflow/.local/lib/python3.12/site-packages/airflow/example_dags/example_bash_decorator.py
[2026-06-01T18:50:01.115+0000] {logging_mixin.py:188} INFO - [2026-06-01T18:50:01.114+0000] {dag.py:3096} INFO - Sync 1 DAGs
[2026-06-01T18:50:01.127+0000] {logging_mixin.py:188} INFO - [2026-06-01T18:50:01.126+0000] {dag.py:3954} INFO - Setting next_dagrun for example_bash_decorator to None, run_after=None
[2026-06-01T18:50:01.152+0000] {processor.py:183} INFO - Processing /home/airflow/.local/lib/python3.12/site-packages/airflow/example_dags/example_bash_decorator.py took 0.078 seconds
[2026-06-01T18:50:31.322+0000] {processor.py:161} INFO - Started process (PID=5206) to work on /home/airflow/.local/lib/python3.12/site-packages/airflow/example_dags/example_bash_decorator.py
[2026-06-01T18:50:31.324+0000] {processor.py:830} INFO - Processing file /home/airflow/.local/lib/python3.12/site-packages/airflow/example_dags/example_bash_decorator.py for tasks to queue
[2026-06-01T18:50:31.326+0000] {logging_mixin.py:188} INFO - [2026-06-01T18:50:31.325+0000] {dagbag.py:540} INFO - Filling up the DagBag from /home/airflow/.local/lib/python3.12/site-packages/airflow/example_dags/example_bash_decorator.py
[2026-06-01T18:50:31.337+0000] {processor.py:840} INFO - DAG(s) 'example_bash_decorator' retrieved from /home/airflow/.local/lib/python3.12/site-packages/airflow/example_dags/example_bash_decorator.py
[2026-06-01T18:50:31.357+0000] {logging_mixin.py:188} INFO - [2026-06-01T18:50:31.357+0000] {dag.py:3096} INFO - Sync 1 DAGs
[2026-06-01T18:50:31.368+0000] {logging_mixin.py:188} INFO - [2026-06-01T18:50:31.368+0000] {dag.py:3954} INFO - Setting next_dagrun for example_bash_decorator to None, run_after=None
[2026-06-01T18:50:31.385+0000] {processor.py:183} INFO - Processing /home/airflow/.local/lib/python3.12/site-packages/airflow/example_dags/example_bash_decorator.py took 0.068 seconds
[2026-06-01T18:51:01.778+0000] {processor.py:161} INFO - Started process (PID=5265) to work on /home/airflow/.local/lib/python3.12/site-packages/airflow/example_dags/example_bash_decorator.py
[2026-06-01T18:51:01.779+0000] {processor.py:830} INFO - Processing file /home/airflow/.local/lib/python3.12/site-packages/airflow/example_dags/example_bash_decorator.py for tasks to queue
[2026-06-01T18:51:01.781+0000] {logging_mixin.py:188} INFO - [2026-06-01T18:51:01.781+0000] {dagbag.py:540} INFO - Filling up the DagBag from /home/airflow/.local/lib/python3.12/site-packages/airflow/example_dags/example_bash_decorator.py
[2026-06-01T18:51:01.792+0000] {processor.py:840} INFO - DAG(s) 'example_bash_decorator' retrieved from /home/airflow/.local/lib/python3.12/site-packages/airflow/example_dags/example_bash_decorator.py
[2026-06-01T18:51:01.811+0000] {logging_mixin.py:188} INFO - [2026-06-01T18:51:01.810+0000] {dag.py:3096} INFO - Sync 1 DAGs
[2026-06-01T18:51:01.822+0000] {logging_mixin.py:188} INFO - [2026-06-01T18:51:01.822+0000] {dag.py:3954} INFO - Setting next_dagrun for example_bash_decorator to None, run_after=None
[2026-06-01T18:51:01.855+0000] {processor.py:183} INFO - Processing /home/airflow/.local/lib/python3.12/site-packages/airflow/example_dags/example_bash_decorator.py took 0.083 seconds
[2026-06-01T18:51:32.149+0000] {processor.py:161} INFO - Started process (PID=5324) to work on /home/airflow/.local/lib/python3.12/site-packages/airflow/example_dags/example_bash_decorator.py
[2026-06-01T18:51:32.150+0000] {processor.py:830} INFO - Processing file /home/airflow/.local/lib/python3.12/site-packages/airflow/example_dags/example_bash_decorator.py for tasks to queue
[2026-06-01T18:51:32.153+0000] {logging_mixin.py:188} INFO - [2026-06-01T18:51:32.152+0000] {dagbag.py:540} INFO - Filling up the DagBag from /home/airflow/.local/lib/python3.12/site-packages/airflow/example_dags/example_bash_decorator.py
[2026-06-01T18:51:32.165+0000] {processor.py:840} INFO - DAG(s) 'example_bash_decorator' retrieved from /home/airflow/.local/lib/python3.12/site-packages/airflow/example_dags/example_bash_decorator.py
[2026-06-01T18:51:32.188+0000] {logging_mixin.py:188} INFO - [2026-06-01T18:51:32.188+0000] {dag.py:3096} INFO - Sync 1 DAGs
[2026-06-01T18:51:32.199+0000] {logging_mixin.py:188} INFO - [2026-06-01T18:51:32.199+0000] {dag.py:3954} INFO - Setting next_dagrun for example_bash_decorator to None, run_after=None
[2026-06-01T18:51:32.219+0000] {processor.py:183} INFO - Processing /home/airflow/.local/lib/python3.12/site-packages/airflow/example_dags/example_bash_decorator.py took 0.075 seconds
[2026-06-01T18:52:02.990+0000] {processor.py:161} INFO - Started process (PID=5383) to work on /home/airflow/.local/lib/python3.12/site-packages/airflow/example_dags/example_bash_decorator.py
[2026-06-01T18:52:02.991+0000] {processor.py:830} INFO - Processing file /home/airflow/.local/lib/python3.12/site-packages/airflow/example_dags/example_bash_decorator.py for tasks to queue
[2026-06-01T18:52:02.993+0000] {logging_mixin.py:188} INFO - [2026-06-01T18:52:02.993+0000] {dagbag.py:540} INFO - Filling up the DagBag from /home/airflow/.local/lib/python3.12/site-packages/airflow/example_dags/example_bash_decorator.py
[2026-06-01T18:52:03.006+0000] {processor.py:840} INFO - DAG(s) 'example_bash_decorator' retrieved from /home/airflow/.local/lib/python3.12/site-packages/airflow/example_dags/example_bash_decorator.py
[2026-06-01T18:52:03.027+0000] {logging_mixin.py:188} INFO - [2026-06-01T18:52:03.027+0000] {dag.py:3096} INFO - Sync 1 DAGs
[2026-06-01T18:52:03.039+0000] {logging_mixin.py:188} INFO - [2026-06-01T18:52:03.039+0000] {dag.py:3954} INFO - Setting next_dagrun for example_bash_decorator to None, run_after=None
[2026-06-01T18:52:03.060+0000] {processor.py:183} INFO - Processing /home/airflow/.local/lib/python3.12/site-packages/airflow/example_dags/example_bash_decorator.py took 0.075 seconds
[2026-06-01T18:52:33.840+0000] {processor.py:161} INFO - Started process (PID=5442) to work on /home/airflow/.local/lib/python3.12/site-packages/airflow/example_dags/example_bash_decorator.py
[2026-06-01T18:52:33.842+0000] {processor.py:830} INFO - Processing file /home/airflow/.local/lib/python3.12/site-packages/airflow/example_dags/example_bash_decorator.py for tasks to queue
[2026-06-01T18:52:33.844+0000] {logging_mixin.py:188} INFO - [2026-06-01T18:52:33.843+0000] {dagbag.py:540} INFO - Filling up the DagBag from /home/airflow/.local/lib/python3.12/site-packages/airflow/example_dags/example_bash_decorator.py
[2026-06-01T18:52:33.857+0000] {processor.py:840} INFO - DAG(s) 'example_bash_decorator' retrieved from /home/airflow/.local/lib/python3.12/site-packages/airflow/example_dags/example_bash_decorator.py
[2026-06-01T18:52:33.878+0000] {logging_mixin.py:188} INFO - [2026-06-01T18:52:33.878+0000] {dag.py:3096} INFO - Sync 1 DAGs
[2026-06-01T18:52:33.890+0000] {logging_mixin.py:188} INFO - [2026-06-01T18:52:33.889+0000] {dag.py:3954} INFO - Setting next_dagrun for example_bash_decorator to None, run_after=None
[2026-06-01T18:52:33.913+0000] {processor.py:183} INFO - Processing /home/airflow/.local/lib/python3.12/site-packages/airflow/example_dags/example_bash_decorator.py took 0.078 seconds
[2026-06-01T18:53:04.714+0000] {processor.py:161} INFO - Started process (PID=5501) to work on /home/airflow/.local/lib/python3.12/site-packages/airflow/example_dags/example_bash_decorator.py
[2026-06-01T18:53:04.716+0000] {processor.py:830} INFO - Processing file /home/airflow/.local/lib/python3.12/site-packages/airflow/example_dags/example_bash_decorator.py for tasks to queue
[2026-06-01T18:53:04.718+0000] {logging_mixin.py:188} INFO - [2026-06-01T18:53:04.718+0000] {dagbag.py:540} INFO - Filling up the DagBag from /home/airflow/.local/lib/python3.12/site-packages/airflow/example_dags/example_bash_decorator.py
[2026-06-01T18:53:04.730+0000] {processor.py:840} INFO - DAG(s) 'example_bash_decorator' retrieved from /home/airflow/.local/lib/python3.12/site-packages/airflow/example_dags/example_bash_decorator.py
[2026-06-01T18:53:04.750+0000] {logging_mixin.py:188} INFO - [2026-06-01T18:53:04.749+0000] {dag.py:3096} INFO - Sync 1 DAGs
[2026-06-01T18:53:04.761+0000] {logging_mixin.py:188} INFO - [2026-06-01T18:53:04.760+0000] {dag.py:3954} INFO - Setting next_dagrun for example_bash_decorator to None, run_after=None
[2026-06-01T18:53:04.778+0000] {processor.py:183} INFO - Processing /home/airflow/.local/lib/python3.12/site-packages/airflow/example_dags/example_bash_decorator.py took 0.068 seconds
[2026-06-01T18:53:34.917+0000] {processor.py:161} INFO - Started process (PID=5560) to work on /home/airflow/.local/lib/python3.12/site-packages/airflow/example_dags/example_bash_decorator.py
[2026-06-01T18:53:34.918+0000] {processor.py:830} INFO - Processing file /home/airflow/.local/lib/python3.12/site-packages/airflow/example_dags/example_bash_decorator.py for tasks to queue
[2026-06-01T18:53:34.920+0000] {logging_mixin.py:188} INFO - [2026-06-01T18:53:34.919+0000] {dagbag.py:540} INFO - Filling up the DagBag from /home/airflow/.local/lib/python3.12/site-packages/airflow/example_dags/example_bash_decorator.py
[2026-06-01T18:53:34.931+0000] {processor.py:840} INFO - DAG(s) 'example_bash_decorator' retrieved from /home/airflow/.local/lib/python3.12/site-packages/airflow/example_dags/example_bash_decorator.py
[2026-06-01T18:53:34.951+0000] {logging_mixin.py:188} INFO - [2026-06-01T18:53:34.951+0000] {dag.py:3096} INFO - Sync 1 DAGs
[2026-06-01T18:53:34.963+0000] {logging_mixin.py:188} INFO - [2026-06-01T18:53:34.963+0000] {dag.py:3954} INFO - Setting next_dagrun for example_bash_decorator to None, run_after=None
[2026-06-01T18:53:34.981+0000] {processor.py:183} INFO - Processing /home/airflow/.local/lib/python3.12/site-packages/airflow/example_dags/example_bash_decorator.py took 0.069 seconds
[2026-06-01T18:54:05.117+0000] {processor.py:161} INFO - Started process (PID=5619) to work on /home/airflow/.local/lib/python3.12/site-packages/airflow/example_dags/example_bash_decorator.py
[2026-06-01T18:54:05.119+0000] {processor.py:830} INFO - Processing file /home/airflow/.local/lib/python3.12/site-packages/airflow/example_dags/example_bash_decorator.py for tasks to queue
[2026-06-01T18:54:05.120+0000] {logging_mixin.py:188} INFO - [2026-06-01T18:54:05.120+0000] {dagbag.py:540} INFO - Filling up the DagBag from /home/airflow/.local/lib/python3.12/site-packages/airflow/example_dags/example_bash_decorator.py
[2026-06-01T18:54:05.133+0000] {processor.py:840} INFO - DAG(s) 'example_bash_decorator' retrieved from /home/airflow/.local/lib/python3.12/site-packages/airflow/example_dags/example_bash_decorator.py
[2026-06-01T18:54:05.154+0000] {logging_mixin.py:188} INFO - [2026-06-01T18:54:05.154+0000] {dag.py:3096} INFO - Sync 1 DAGs
[2026-06-01T18:54:05.165+0000] {logging_mixin.py:188} INFO - [2026-06-01T18:54:05.164+0000] {dag.py:3954} INFO - Setting next_dagrun for example_bash_decorator to None, run_after=None
[2026-06-01T18:54:05.183+0000] {processor.py:183} INFO - Processing /home/airflow/.local/lib/python3.12/site-packages/airflow/example_dags/example_bash_decorator.py took 0.070 seconds
[2026-06-01T18:54:35.860+0000] {processor.py:161} INFO - Started process (PID=5678) to work on /home/airflow/.local/lib/python3.12/site-packages/airflow/example_dags/example_bash_decorator.py
[2026-06-01T18:54:35.861+0000] {processor.py:830} INFO - Processing file /home/airflow/.local/lib/python3.12/site-packages/airflow/example_dags/example_bash_decorator.py for tasks to queue
[2026-06-01T18:54:35.863+0000] {logging_mixin.py:188} INFO - [2026-06-01T18:54:35.863+0000] {dagbag.py:540} INFO - Filling up the DagBag from /home/airflow/.local/lib/python3.12/site-packages/airflow/example_dags/example_bash_decorator.py
[2026-06-01T18:54:35.876+0000] {processor.py:840} INFO - DAG(s) 'example_bash_decorator' retrieved from /home/airflow/.local/lib/python3.12/site-packages/airflow/example_dags/example_bash_decorator.py
[2026-06-01T18:54:35.895+0000] {logging_mixin.py:188} INFO - [2026-06-01T18:54:35.895+0000] {dag.py:3096} INFO - Sync 1 DAGs
[2026-06-01T18:54:35.907+0000] {logging_mixin.py:188} INFO - [2026-06-01T18:54:35.907+0000] {dag.py:3954} INFO - Setting next_dagrun for example_bash_decorator to None, run_after=None
[2026-06-01T18:54:35.930+0000] {processor.py:183} INFO - Processing /home/airflow/.local/lib/python3.12/site-packages/airflow/example_dags/example_bash_decorator.py took 0.074 seconds
[2026-06-01T18:55:06.587+0000] {processor.py:161} INFO - Started process (PID=5737) to work on /home/airflow/.local/lib/python3.12/site-packages/airflow/example_dags/example_bash_decorator.py
[2026-06-01T18:55:06.588+0000] {processor.py:830} INFO - Processing file /home/airflow/.local/lib/python3.12/site-packages/airflow/example_dags/example_bash_decorator.py for tasks to queue
[2026-06-01T18:55:06.590+0000] {logging_mixin.py:188} INFO - [2026-06-01T18:55:06.590+0000] {dagbag.py:540} INFO - Filling up the DagBag from /home/airflow/.local/lib/python3.12/site-packages/airflow/example_dags/example_bash_decorator.py
[2026-06-01T18:55:06.602+0000] {processor.py:840} INFO - DAG(s) 'example_bash_decorator' retrieved from /home/airflow/.local/lib/python3.12/site-packages/airflow/example_dags/example_bash_decorator.py
[2026-06-01T18:55:06.620+0000] {logging_mixin.py:188} INFO - [2026-06-01T18:55:06.620+0000] {dag.py:3096} INFO - Sync 1 DAGs
[2026-06-01T18:55:06.630+0000] {logging_mixin.py:188} INFO - [2026-06-01T18:55:06.630+0000] {dag.py:3954} INFO - Setting next_dagrun for example_bash_decorator to None, run_after=None
[2026-06-01T18:55:06.646+0000] {processor.py:183} INFO - Processing /home/airflow/.local/lib/python3.12/site-packages/airflow/example_dags/example_bash_decorator.py took 0.063 seconds
[2026-06-01T18:55:37.181+0000] {processor.py:161} INFO - Started process (PID=5796) to work on /home/airflow/.local/lib/python3.12/site-packages/airflow/example_dags/example_bash_decorator.py
[2026-06-01T18:55:37.183+0000] {processor.py:830} INFO - Processing file /home/airflow/.local/lib/python3.12/site-packages/airflow/example_dags/example_bash_decorator.py for tasks to queue
[2026-06-01T18:55:37.185+0000] {logging_mixin.py:188} INFO - [2026-06-01T18:55:37.185+0000] {dagbag.py:540} INFO - Filling up the DagBag from /home/airflow/.local/lib/python3.12/site-packages/airflow/example_dags/example_bash_decorator.py
[2026-06-01T18:55:37.196+0000] {processor.py:840} INFO - DAG(s) 'example_bash_decorator' retrieved from /home/airflow/.local/lib/python3.12/site-packages/airflow/example_dags/example_bash_decorator.py
[2026-06-01T18:55:37.215+0000] {logging_mixin.py:188} INFO - [2026-06-01T18:55:37.215+0000] {dag.py:3096} INFO - Sync 1 DAGs
[2026-06-01T18:55:37.226+0000] {logging_mixin.py:188} INFO - [2026-06-01T18:55:37.225+0000] {dag.py:3954} INFO - Setting next_dagrun for example_bash_decorator to None, run_after=None
[2026-06-01T18:55:37.245+0000] {processor.py:183} INFO - Processing /home/airflow/.local/lib/python3.12/site-packages/airflow/example_dags/example_bash_decorator.py took 0.068 seconds
[2026-06-01T18:56:07.795+0000] {processor.py:161} INFO - Started process (PID=5855) to work on /home/airflow/.local/lib/python3.12/site-packages/airflow/example_dags/example_bash_decorator.py
[2026-06-01T18:56:07.797+0000] {processor.py:830} INFO - Processing file /home/airflow/.local/lib/python3.12/site-packages/airflow/example_dags/example_bash_decorator.py for tasks to queue
[2026-06-01T18:56:07.799+0000] {logging_mixin.py:188} INFO - [2026-06-01T18:56:07.798+0000] {dagbag.py:540} INFO - Filling up the DagBag from /home/airflow/.local/lib/python3.12/site-packages/airflow/example_dags/example_bash_decorator.py
[2026-06-01T18:56:07.810+0000] {processor.py:840} INFO - DAG(s) 'example_bash_decorator' retrieved from /home/airflow/.local/lib/python3.12/site-packages/airflow/example_dags/example_bash_decorator.py
[2026-06-01T18:56:07.828+0000] {logging_mixin.py:188} INFO - [2026-06-01T18:56:07.828+0000] {dag.py:3096} INFO - Sync 1 DAGs
[2026-06-01T18:56:07.841+0000] {logging_mixin.py:188} INFO - [2026-06-01T18:56:07.841+0000] {dag.py:3954} INFO - Setting next_dagrun for example_bash_decorator to None, run_after=None
[2026-06-01T18:56:07.869+0000] {processor.py:183} INFO - Processing /home/airflow/.local/lib/python3.12/site-packages/airflow/example_dags/example_bash_decorator.py took 0.078 seconds
[2026-06-01T18:56:38.415+0000] {processor.py:161} INFO - Started process (PID=5914) to work on /home/airflow/.local/lib/python3.12/site-packages/airflow/example_dags/example_bash_decorator.py
[2026-06-01T18:56:38.417+0000] {processor.py:830} INFO - Processing file /home/airflow/.local/lib/python3.12/site-packages/airflow/example_dags/example_bash_decorator.py for tasks to queue
[2026-06-01T18:56:38.419+0000] {logging_mixin.py:188} INFO - [2026-06-01T18:56:38.419+0000] {dagbag.py:540} INFO - Filling up the DagBag from /home/airflow/.local/lib/python3.12/site-packages/airflow/example_dags/example_bash_decorator.py
[2026-06-01T18:56:38.435+0000] {processor.py:840} INFO - DAG(s) 'example_bash_decorator' retrieved from /home/airflow/.local/lib/python3.12/site-packages/airflow/example_dags/example_bash_decorator.py
[2026-06-01T18:56:38.462+0000] {logging_mixin.py:188} INFO - [2026-06-01T18:56:38.461+0000] {dag.py:3096} INFO - Sync 1 DAGs
[2026-06-01T18:56:38.477+0000] {logging_mixin.py:188} INFO - [2026-06-01T18:56:38.477+0000] {dag.py:3954} INFO - Setting next_dagrun for example_bash_decorator to None, run_after=None
[2026-06-01T18:56:38.494+0000] {processor.py:183} INFO - Processing /home/airflow/.local/lib/python3.12/site-packages/airflow/example_dags/example_bash_decorator.py took 0.084 seconds
[2026-06-01T18:57:08.591+0000] {processor.py:161} INFO - Started process (PID=5973) to work on /home/airflow/.local/lib/python3.12/site-packages/airflow/example_dags/example_bash_decorator.py
[2026-06-01T18:57:08.593+0000] {processor.py:830} INFO - Processing file /home/airflow/.local/lib/python3.12/site-packages/airflow/example_dags/example_bash_decorator.py for tasks to queue
[2026-06-01T18:57:08.595+0000] {logging_mixin.py:188} INFO - [2026-06-01T18:57:08.594+0000] {dagbag.py:540} INFO - Filling up the DagBag from /home/airflow/.local/lib/python3.12/site-packages/airflow/example_dags/example_bash_decorator.py
[2026-06-01T18:57:08.606+0000] {processor.py:840} INFO - DAG(s) 'example_bash_decorator' retrieved from /home/airflow/.local/lib/python3.12/site-packages/airflow/example_dags/example_bash_decorator.py
[2026-06-01T18:57:08.625+0000] {logging_mixin.py:188} INFO - [2026-06-01T18:57:08.625+0000] {dag.py:3096} INFO - Sync 1 DAGs
[2026-06-01T18:57:08.636+0000] {logging_mixin.py:188} INFO - [2026-06-01T18:57:08.636+0000] {dag.py:3954} INFO - Setting next_dagrun for example_bash_decorator to None, run_after=None
[2026-06-01T18:57:08.653+0000] {processor.py:183} INFO - Processing /home/airflow/.local/lib/python3.12/site-packages/airflow/example_dags/example_bash_decorator.py took 0.068 seconds
[2026-06-01T18:57:38.761+0000] {processor.py:161} INFO - Started process (PID=6032) to work on /home/airflow/.local/lib/python3.12/site-packages/airflow/example_dags/example_bash_decorator.py
[2026-06-01T18:57:38.762+0000] {processor.py:830} INFO - Processing file /home/airflow/.local/lib/python3.12/site-packages/airflow/example_dags/example_bash_decorator.py for tasks to queue
[2026-06-01T18:57:38.764+0000] {logging_mixin.py:188} INFO - [2026-06-01T18:57:38.764+0000] {dagbag.py:540} INFO - Filling up the DagBag from /home/airflow/.local/lib/python3.12/site-packages/airflow/example_dags/example_bash_decorator.py
[2026-06-01T18:57:38.775+0000] {processor.py:840} INFO - DAG(s) 'example_bash_decorator' retrieved from /home/airflow/.local/lib/python3.12/site-packages/airflow/example_dags/example_bash_decorator.py
[2026-06-01T18:57:38.794+0000] {logging_mixin.py:188} INFO - [2026-06-01T18:57:38.794+0000] {dag.py:3096} INFO - Sync 1 DAGs
[2026-06-01T18:57:38.804+0000] {logging_mixin.py:188} INFO - [2026-06-01T18:57:38.804+0000] {dag.py:3954} INFO - Setting next_dagrun for example_bash_decorator to None, run_after=None
[2026-06-01T18:57:38.822+0000] {processor.py:183} INFO - Processing /home/airflow/.local/lib/python3.12/site-packages/airflow/example_dags/example_bash_decorator.py took 0.066 seconds
[2026-06-01T18:58:09.634+0000] {processor.py:161} INFO - Started process (PID=6089) to work on /home/airflow/.local/lib/python3.12/site-packages/airflow/example_dags/example_bash_decorator.py
[2026-06-01T18:58:09.636+0000] {processor.py:830} INFO - Processing file /home/airflow/.local/lib/python3.12/site-packages/airflow/example_dags/example_bash_decorator.py for tasks to queue
[2026-06-01T18:58:09.638+0000] {logging_mixin.py:188} INFO - [2026-06-01T18:58:09.638+0000] {dagbag.py:540} INFO - Filling up the DagBag from /home/airflow/.local/lib/python3.12/site-packages/airflow/example_dags/example_bash_decorator.py
[2026-06-01T18:58:09.650+0000] {processor.py:840} INFO - DAG(s) 'example_bash_decorator' retrieved from /home/airflow/.local/lib/python3.12/site-packages/airflow/example_dags/example_bash_decorator.py
[2026-06-01T18:58:09.670+0000] {logging_mixin.py:188} INFO - [2026-06-01T18:58:09.670+0000] {dag.py:3096} INFO - Sync 1 DAGs
[2026-06-01T18:58:09.681+0000] {logging_mixin.py:188} INFO - [2026-06-01T18:58:09.681+0000] {dag.py:3954} INFO - Setting next_dagrun for example_bash_decorator to None, run_after=None
[2026-06-01T18:58:09.702+0000] {processor.py:183} INFO - Processing /home/airflow/.local/lib/python3.12/site-packages/airflow/example_dags/example_bash_decorator.py took 0.072 seconds
[2026-06-01T18:58:40.511+0000] {processor.py:161} INFO - Started process (PID=6150) to work on /home/airflow/.local/lib/python3.12/site-packages/airflow/example_dags/example_bash_decorator.py
[2026-06-01T18:58:40.512+0000] {processor.py:830} INFO - Processing file /home/airflow/.local/lib/python3.12/site-packages/airflow/example_dags/example_bash_decorator.py for tasks to queue
[2026-06-01T18:58:40.513+0000] {logging_mixin.py:188} INFO - [2026-06-01T18:58:40.513+0000] {dagbag.py:540} INFO - Filling up the DagBag from /home/airflow/.local/lib/python3.12/site-packages/airflow/example_dags/example_bash_decorator.py
[2026-06-01T18:58:40.526+0000] {processor.py:840} INFO - DAG(s) 'example_bash_decorator' retrieved from /home/airflow/.local/lib/python3.12/site-packages/airflow/example_dags/example_bash_decorator.py
[2026-06-01T18:58:40.546+0000] {logging_mixin.py:188} INFO - [2026-06-01T18:58:40.545+0000] {dag.py:3096} INFO - Sync 1 DAGs
[2026-06-01T18:58:40.558+0000] {logging_mixin.py:188} INFO - [2026-06-01T18:58:40.557+0000] {dag.py:3954} INFO - Setting next_dagrun for example_bash_decorator to None, run_after=None
[2026-06-01T18:58:40.585+0000] {processor.py:183} INFO - Processing /home/airflow/.local/lib/python3.12/site-packages/airflow/example_dags/example_bash_decorator.py took 0.079 seconds
[2026-06-01T18:59:11.181+0000] {processor.py:161} INFO - Started process (PID=6210) to work on /home/airflow/.local/lib/python3.12/site-packages/airflow/example_dags/example_bash_decorator.py
[2026-06-01T18:59:11.182+0000] {processor.py:830} INFO - Processing file /home/airflow/.local/lib/python3.12/site-packages/airflow/example_dags/example_bash_decorator.py for tasks to queue
[2026-06-01T18:59:11.184+0000] {logging_mixin.py:188} INFO - [2026-06-01T18:59:11.184+0000] {dagbag.py:540} INFO - Filling up the DagBag from /home/airflow/.local/lib/python3.12/site-packages/airflow/example_dags/example_bash_decorator.py
[2026-06-01T18:59:11.195+0000] {processor.py:840} INFO - DAG(s) 'example_bash_decorator' retrieved from /home/airflow/.local/lib/python3.12/site-packages/airflow/example_dags/example_bash_decorator.py
[2026-06-01T18:59:11.215+0000] {logging_mixin.py:188} INFO - [2026-06-01T18:59:11.215+0000] {dag.py:3096} INFO - Sync 1 DAGs
[2026-06-01T18:59:11.226+0000] {logging_mixin.py:188} INFO - [2026-06-01T18:59:11.226+0000] {dag.py:3954} INFO - Setting next_dagrun for example_bash_decorator to None, run_after=None
[2026-06-01T18:59:11.243+0000] {processor.py:183} INFO - Processing /home/airflow/.local/lib/python3.12/site-packages/airflow/example_dags/example_bash_decorator.py took 0.067 seconds
[2026-06-01T18:59:42.128+0000] {processor.py:161} INFO - Started process (PID=6269) to work on /home/airflow/.local/lib/python3.12/site-packages/airflow/example_dags/example_bash_decorator.py
[2026-06-01T18:59:42.129+0000] {processor.py:830} INFO - Processing file /home/airflow/.local/lib/python3.12/site-packages/airflow/example_dags/example_bash_decorator.py for tasks to queue
[2026-06-01T18:59:42.131+0000] {logging_mixin.py:188} INFO - [2026-06-01T18:59:42.131+0000] {dagbag.py:540} INFO - Filling up the DagBag from /home/airflow/.local/lib/python3.12/site-packages/airflow/example_dags/example_bash_decorator.py
[2026-06-01T18:59:42.144+0000] {processor.py:840} INFO - DAG(s) 'example_bash_decorator' retrieved from /home/airflow/.local/lib/python3.12/site-packages/airflow/example_dags/example_bash_decorator.py
[2026-06-01T18:59:42.166+0000] {logging_mixin.py:188} INFO - [2026-06-01T18:59:42.166+0000] {dag.py:3096} INFO - Sync 1 DAGs
[2026-06-01T18:59:42.179+0000] {logging_mixin.py:188} INFO - [2026-06-01T18:59:42.179+0000] {dag.py:3954} INFO - Setting next_dagrun for example_bash_decorator to None, run_after=None
[2026-06-01T18:59:42.200+0000] {processor.py:183} INFO - Processing /home/airflow/.local/lib/python3.12/site-packages/airflow/example_dags/example_bash_decorator.py took 0.079 seconds
[2026-06-01T19:00:13.253+0000] {processor.py:161} INFO - Started process (PID=6328) to work on /home/airflow/.local/lib/python3.12/site-packages/airflow/example_dags/example_bash_decorator.py
[2026-06-01T19:00:13.254+0000] {processor.py:830} INFO - Processing file /home/airflow/.local/lib/python3.12/site-packages/airflow/example_dags/example_bash_decorator.py for tasks to queue
[2026-06-01T19:00:13.256+0000] {logging_mixin.py:188} INFO - [2026-06-01T19:00:13.256+0000] {dagbag.py:540} INFO - Filling up the DagBag from /home/airflow/.local/lib/python3.12/site-packages/airflow/example_dags/example_bash_decorator.py
[2026-06-01T19:00:13.268+0000] {processor.py:840} INFO - DAG(s) 'example_bash_decorator' retrieved from /home/airflow/.local/lib/python3.12/site-packages/airflow/example_dags/example_bash_decorator.py
[2026-06-01T19:00:13.288+0000] {logging_mixin.py:188} INFO - [2026-06-01T19:00:13.288+0000] {dag.py:3096} INFO - Sync 1 DAGs
[2026-06-01T19:00:13.299+0000] {logging_mixin.py:188} INFO - [2026-06-01T19:00:13.298+0000] {dag.py:3954} INFO - Setting next_dagrun for example_bash_decorator to None, run_after=None
[2026-06-01T19:00:13.318+0000] {processor.py:183} INFO - Processing /home/airflow/.local/lib/python3.12/site-packages/airflow/example_dags/example_bash_decorator.py took 0.071 seconds
[2026-06-01T19:00:43.569+0000] {processor.py:161} INFO - Started process (PID=6387) to work on /home/airflow/.local/lib/python3.12/site-packages/airflow/example_dags/example_bash_decorator.py
[2026-06-01T19:00:43.570+0000] {processor.py:830} INFO - Processing file /home/airflow/.local/lib/python3.12/site-packages/airflow/example_dags/example_bash_decorator.py for tasks to queue
[2026-06-01T19:00:43.572+0000] {logging_mixin.py:188} INFO - [2026-06-01T19:00:43.571+0000] {dagbag.py:540} INFO - Filling up the DagBag from /home/airflow/.local/lib/python3.12/site-packages/airflow/example_dags/example_bash_decorator.py
[2026-06-01T19:00:43.584+0000] {processor.py:840} INFO - DAG(s) 'example_bash_decorator' retrieved from /home/airflow/.local/lib/python3.12/site-packages/airflow/example_dags/example_bash_decorator.py
[2026-06-01T19:00:43.604+0000] {logging_mixin.py:188} INFO - [2026-06-01T19:00:43.603+0000] {dag.py:3096} INFO - Sync 1 DAGs
[2026-06-01T19:00:43.615+0000] {logging_mixin.py:188} INFO - [2026-06-01T19:00:43.615+0000] {dag.py:3954} INFO - Setting next_dagrun for example_bash_decorator to None, run_after=None
[2026-06-01T19:00:43.631+0000] {processor.py:183} INFO - Processing /home/airflow/.local/lib/python3.12/site-packages/airflow/example_dags/example_bash_decorator.py took 0.069 seconds
[2026-06-01T19:01:13.758+0000] {processor.py:161} INFO - Started process (PID=6446) to work on /home/airflow/.local/lib/python3.12/site-packages/airflow/example_dags/example_bash_decorator.py
[2026-06-01T19:01:13.759+0000] {processor.py:830} INFO - Processing file /home/airflow/.local/lib/python3.12/site-packages/airflow/example_dags/example_bash_decorator.py for tasks to queue
[2026-06-01T19:01:13.761+0000] {logging_mixin.py:188} INFO - [2026-06-01T19:01:13.761+0000] {dagbag.py:540} INFO - Filling up the DagBag from /home/airflow/.local/lib/python3.12/site-packages/airflow/example_dags/example_bash_decorator.py
[2026-06-01T19:01:13.776+0000] {processor.py:840} INFO - DAG(s) 'example_bash_decorator' retrieved from /home/airflow/.local/lib/python3.12/site-packages/airflow/example_dags/example_bash_decorator.py
[2026-06-01T19:01:13.794+0000] {logging_mixin.py:188} INFO - [2026-06-01T19:01:13.794+0000] {dag.py:3096} INFO - Sync 1 DAGs
[2026-06-01T19:01:13.806+0000] {logging_mixin.py:188} INFO - [2026-06-01T19:01:13.805+0000] {dag.py:3954} INFO - Setting next_dagrun for example_bash_decorator to None, run_after=None
[2026-06-01T19:01:13.824+0000] {processor.py:183} INFO - Processing /home/airflow/.local/lib/python3.12/site-packages/airflow/example_dags/example_bash_decorator.py took 0.072 seconds
[2026-06-01T19:01:43.932+0000] {processor.py:161} INFO - Started process (PID=6505) to work on /home/airflow/.local/lib/python3.12/site-packages/airflow/example_dags/example_bash_decorator.py
[2026-06-01T19:01:43.933+0000] {processor.py:830} INFO - Processing file /home/airflow/.local/lib/python3.12/site-packages/airflow/example_dags/example_bash_decorator.py for tasks to queue
[2026-06-01T19:01:43.935+0000] {logging_mixin.py:188} INFO - [2026-06-01T19:01:43.935+0000] {dagbag.py:540} INFO - Filling up the DagBag from /home/airflow/.local/lib/python3.12/site-packages/airflow/example_dags/example_bash_decorator.py
[2026-06-01T19:01:43.947+0000] {processor.py:840} INFO - DAG(s) 'example_bash_decorator' retrieved from /home/airflow/.local/lib/python3.12/site-packages/airflow/example_dags/example_bash_decorator.py
[2026-06-01T19:01:43.966+0000] {logging_mixin.py:188} INFO - [2026-06-01T19:01:43.966+0000] {dag.py:3096} INFO - Sync 1 DAGs
[2026-06-01T19:01:43.977+0000] {logging_mixin.py:188} INFO - [2026-06-01T19:01:43.977+0000] {dag.py:3954} INFO - Setting next_dagrun for example_bash_decorator to None, run_after=None
[2026-06-01T19:01:43.993+0000] {processor.py:183} INFO - Processing /home/airflow/.local/lib/python3.12/site-packages/airflow/example_dags/example_bash_decorator.py took 0.066 seconds
[2026-06-01T19:02:14.722+0000] {processor.py:161} INFO - Started process (PID=6564) to work on /home/airflow/.local/lib/python3.12/site-packages/airflow/example_dags/example_bash_decorator.py
[2026-06-01T19:02:14.724+0000] {processor.py:830} INFO - Processing file /home/airflow/.local/lib/python3.12/site-packages/airflow/example_dags/example_bash_decorator.py for tasks to queue
[2026-06-01T19:02:14.726+0000] {logging_mixin.py:188} INFO - [2026-06-01T19:02:14.725+0000] {dagbag.py:540} INFO - Filling up the DagBag from /home/airflow/.local/lib/python3.12/site-packages/airflow/example_dags/example_bash_decorator.py
[2026-06-01T19:02:14.738+0000] {processor.py:840} INFO - DAG(s) 'example_bash_decorator' retrieved from /home/airflow/.local/lib/python3.12/site-packages/airflow/example_dags/example_bash_decorator.py
[2026-06-01T19:02:14.757+0000] {logging_mixin.py:188} INFO - [2026-06-01T19:02:14.757+0000] {dag.py:3096} INFO - Sync 1 DAGs
[2026-06-01T19:02:14.768+0000] {logging_mixin.py:188} INFO - [2026-06-01T19:02:14.768+0000] {dag.py:3954} INFO - Setting next_dagrun for example_bash_decorator to None, run_after=None
[2026-06-01T19:02:14.785+0000] {processor.py:183} INFO - Processing /home/airflow/.local/lib/python3.12/site-packages/airflow/example_dags/example_bash_decorator.py took 0.068 seconds
[2026-06-01T19:02:45.357+0000] {processor.py:161} INFO - Started process (PID=6623) to work on /home/airflow/.local/lib/python3.12/site-packages/airflow/example_dags/example_bash_decorator.py
[2026-06-01T19:02:45.358+0000] {processor.py:830} INFO - Processing file /home/airflow/.local/lib/python3.12/site-packages/airflow/example_dags/example_bash_decorator.py for tasks to queue
[2026-06-01T19:02:45.360+0000] {logging_mixin.py:188} INFO - [2026-06-01T19:02:45.360+0000] {dagbag.py:540} INFO - Filling up the DagBag from /home/airflow/.local/lib/python3.12/site-packages/airflow/example_dags/example_bash_decorator.py
[2026-06-01T19:02:45.376+0000] {processor.py:840} INFO - DAG(s) 'example_bash_decorator' retrieved from /home/airflow/.local/lib/python3.12/site-packages/airflow/example_dags/example_bash_decorator.py
[2026-06-01T19:02:45.400+0000] {logging_mixin.py:188} INFO - [2026-06-01T19:02:45.399+0000] {dag.py:3096} INFO - Sync 1 DAGs
[2026-06-01T19:02:45.413+0000] {logging_mixin.py:188} INFO - [2026-06-01T19:02:45.413+0000] {dag.py:3954} INFO - Setting next_dagrun for example_bash_decorator to None, run_after=None
[2026-06-01T19:02:45.435+0000] {processor.py:183} INFO - Processing /home/airflow/.local/lib/python3.12/site-packages/airflow/example_dags/example_bash_decorator.py took 0.084 seconds
[2026-06-01T19:03:15.883+0000] {processor.py:161} INFO - Started process (PID=6682) to work on /home/airflow/.local/lib/python3.12/site-packages/airflow/example_dags/example_bash_decorator.py
[2026-06-01T19:03:15.884+0000] {processor.py:830} INFO - Processing file /home/airflow/.local/lib/python3.12/site-packages/airflow/example_dags/example_bash_decorator.py for tasks to queue
[2026-06-01T19:03:15.888+0000] {logging_mixin.py:188} INFO - [2026-06-01T19:03:15.887+0000] {dagbag.py:540} INFO - Filling up the DagBag from /home/airflow/.local/lib/python3.12/site-packages/airflow/example_dags/example_bash_decorator.py
[2026-06-01T19:03:15.900+0000] {processor.py:840} INFO - DAG(s) 'example_bash_decorator' retrieved from /home/airflow/.local/lib/python3.12/site-packages/airflow/example_dags/example_bash_decorator.py
[2026-06-01T19:03:15.921+0000] {logging_mixin.py:188} INFO - [2026-06-01T19:03:15.921+0000] {dag.py:3096} INFO - Sync 1 DAGs
[2026-06-01T19:03:15.932+0000] {logging_mixin.py:188} INFO - [2026-06-01T19:03:15.931+0000] {dag.py:3954} INFO - Setting next_dagrun for example_bash_decorator to None, run_after=None
[2026-06-01T19:03:15.949+0000] {processor.py:183} INFO - Processing /home/airflow/.local/lib/python3.12/site-packages/airflow/example_dags/example_bash_decorator.py took 0.072 seconds
[2026-06-01T19:03:46.655+0000] {processor.py:161} INFO - Started process (PID=6741) to work on /home/airflow/.local/lib/python3.12/site-packages/airflow/example_dags/example_bash_decorator.py
[2026-06-01T19:03:46.656+0000] {processor.py:830} INFO - Processing file /home/airflow/.local/lib/python3.12/site-packages/airflow/example_dags/example_bash_decorator.py for tasks to queue
[2026-06-01T19:03:46.659+0000] {logging_mixin.py:188} INFO - [2026-06-01T19:03:46.658+0000] {dagbag.py:540} INFO - Filling up the DagBag from /home/airflow/.local/lib/python3.12/site-packages/airflow/example_dags/example_bash_decorator.py
[2026-06-01T19:03:46.671+0000] {processor.py:840} INFO - DAG(s) 'example_bash_decorator' retrieved from /home/airflow/.local/lib/python3.12/site-packages/airflow/example_dags/example_bash_decorator.py
[2026-06-01T19:03:46.692+0000] {logging_mixin.py:188} INFO - [2026-06-01T19:03:46.691+0000] {dag.py:3096} INFO - Sync 1 DAGs
[2026-06-01T19:03:46.702+0000] {logging_mixin.py:188} INFO - [2026-06-01T19:03:46.702+0000] {dag.py:3954} INFO - Setting next_dagrun for example_bash_decorator to None, run_after=None
[2026-06-01T19:03:46.717+0000] {processor.py:183} INFO - Processing /home/airflow/.local/lib/python3.12/site-packages/airflow/example_dags/example_bash_decorator.py took 0.067 seconds
[2026-06-01T19:04:16.778+0000] {processor.py:161} INFO - Started process (PID=6800) to work on /home/airflow/.local/lib/python3.12/site-packages/airflow/example_dags/example_bash_decorator.py
[2026-06-01T19:04:16.779+0000] {processor.py:830} INFO - Processing file /home/airflow/.local/lib/python3.12/site-packages/airflow/example_dags/example_bash_decorator.py for tasks to queue
[2026-06-01T19:04:16.781+0000] {logging_mixin.py:188} INFO - [2026-06-01T19:04:16.781+0000] {dagbag.py:540} INFO - Filling up the DagBag from /home/airflow/.local/lib/python3.12/site-packages/airflow/example_dags/example_bash_decorator.py
[2026-06-01T19:04:16.794+0000] {processor.py:840} INFO - DAG(s) 'example_bash_decorator' retrieved from /home/airflow/.local/lib/python3.12/site-packages/airflow/example_dags/example_bash_decorator.py
[2026-06-01T19:04:16.813+0000] {logging_mixin.py:188} INFO - [2026-06-01T19:04:16.813+0000] {dag.py:3096} INFO - Sync 1 DAGs
[2026-06-01T19:04:16.825+0000] {logging_mixin.py:188} INFO - [2026-06-01T19:04:16.824+0000] {dag.py:3954} INFO - Setting next_dagrun for example_bash_decorator to None, run_after=None
[2026-06-01T19:04:16.842+0000] {processor.py:183} INFO - Processing /home/airflow/.local/lib/python3.12/site-packages/airflow/example_dags/example_bash_decorator.py took 0.069 seconds
[2026-06-01T19:04:47.588+0000] {processor.py:161} INFO - Started process (PID=6859) to work on /home/airflow/.local/lib/python3.12/site-packages/airflow/example_dags/example_bash_decorator.py
[2026-06-01T19:04:47.589+0000] {processor.py:830} INFO - Processing file /home/airflow/.local/lib/python3.12/site-packages/airflow/example_dags/example_bash_decorator.py for tasks to queue
[2026-06-01T19:04:47.592+0000] {logging_mixin.py:188} INFO - [2026-06-01T19:04:47.591+0000] {dagbag.py:540} INFO - Filling up the DagBag from /home/airflow/.local/lib/python3.12/site-packages/airflow/example_dags/example_bash_decorator.py
[2026-06-01T19:04:47.603+0000] {processor.py:840} INFO - DAG(s) 'example_bash_decorator' retrieved from /home/airflow/.local/lib/python3.12/site-packages/airflow/example_dags/example_bash_decorator.py
[2026-06-01T19:04:47.624+0000] {logging_mixin.py:188} INFO - [2026-06-01T19:04:47.623+0000] {dag.py:3096} INFO - Sync 1 DAGs
[2026-06-01T19:04:47.636+0000] {logging_mixin.py:188} INFO - [2026-06-01T19:04:47.635+0000] {dag.py:3954} INFO - Setting next_dagrun for example_bash_decorator to None, run_after=None
[2026-06-01T19:04:47.651+0000] {processor.py:183} INFO - Processing /home/airflow/.local/lib/python3.12/site-packages/airflow/example_dags/example_bash_decorator.py took 0.068 seconds
[2026-06-01T19:05:18.331+0000] {processor.py:161} INFO - Started process (PID=6924) to work on /home/airflow/.local/lib/python3.12/site-packages/airflow/example_dags/example_bash_decorator.py
[2026-06-01T19:05:18.333+0000] {processor.py:830} INFO - Processing file /home/airflow/.local/lib/python3.12/site-packages/airflow/example_dags/example_bash_decorator.py for tasks to queue
[2026-06-01T19:05:18.337+0000] {logging_mixin.py:188} INFO - [2026-06-01T19:05:18.336+0000] {dagbag.py:540} INFO - Filling up the DagBag from /home/airflow/.local/lib/python3.12/site-packages/airflow/example_dags/example_bash_decorator.py
[2026-06-01T19:05:18.354+0000] {processor.py:840} INFO - DAG(s) 'example_bash_decorator' retrieved from /home/airflow/.local/lib/python3.12/site-packages/airflow/example_dags/example_bash_decorator.py
[2026-06-01T19:05:18.377+0000] {logging_mixin.py:188} INFO - [2026-06-01T19:05:18.376+0000] {dag.py:3096} INFO - Sync 1 DAGs
[2026-06-01T19:05:18.389+0000] {logging_mixin.py:188} INFO - [2026-06-01T19:05:18.389+0000] {dag.py:3954} INFO - Setting next_dagrun for example_bash_decorator to None, run_after=None
[2026-06-01T19:05:18.411+0000] {processor.py:183} INFO - Processing /home/airflow/.local/lib/python3.12/site-packages/airflow/example_dags/example_bash_decorator.py took 0.089 seconds
[2026-06-01T19:05:48.514+0000] {processor.py:161} INFO - Started process (PID=6983) to work on /home/airflow/.local/lib/python3.12/site-packages/airflow/example_dags/example_bash_decorator.py
[2026-06-01T19:05:48.516+0000] {processor.py:830} INFO - Processing file /home/airflow/.local/lib/python3.12/site-packages/airflow/example_dags/example_bash_decorator.py for tasks to queue
[2026-06-01T19:05:48.518+0000] {logging_mixin.py:188} INFO - [2026-06-01T19:05:48.518+0000] {dagbag.py:540} INFO - Filling up the DagBag from /home/airflow/.local/lib/python3.12/site-packages/airflow/example_dags/example_bash_decorator.py
[2026-06-01T19:05:48.534+0000] {processor.py:840} INFO - DAG(s) 'example_bash_decorator' retrieved from /home/airflow/.local/lib/python3.12/site-packages/airflow/example_dags/example_bash_decorator.py
[2026-06-01T19:05:48.562+0000] {logging_mixin.py:188} INFO - [2026-06-01T19:05:48.561+0000] {dag.py:3096} INFO - Sync 1 DAGs
[2026-06-01T19:05:48.576+0000] {logging_mixin.py:188} INFO - [2026-06-01T19:05:48.575+0000] {dag.py:3954} INFO - Setting next_dagrun for example_bash_decorator to None, run_after=None
[2026-06-01T19:05:48.605+0000] {processor.py:183} INFO - Processing /home/airflow/.local/lib/python3.12/site-packages/airflow/example_dags/example_bash_decorator.py took 0.098 seconds
[2026-06-01T19:06:18.934+0000] {processor.py:161} INFO - Started process (PID=7043) to work on /home/airflow/.local/lib/python3.12/site-packages/airflow/example_dags/example_bash_decorator.py
[2026-06-01T19:06:18.936+0000] {processor.py:830} INFO - Processing file /home/airflow/.local/lib/python3.12/site-packages/airflow/example_dags/example_bash_decorator.py for tasks to queue
[2026-06-01T19:06:18.938+0000] {logging_mixin.py:188} INFO - [2026-06-01T19:06:18.937+0000] {dagbag.py:540} INFO - Filling up the DagBag from /home/airflow/.local/lib/python3.12/site-packages/airflow/example_dags/example_bash_decorator.py
[2026-06-01T19:06:18.957+0000] {processor.py:840} INFO - DAG(s) 'example_bash_decorator' retrieved from /home/airflow/.local/lib/python3.12/site-packages/airflow/example_dags/example_bash_decorator.py
[2026-06-01T19:06:18.990+0000] {logging_mixin.py:188} INFO - [2026-06-01T19:06:18.989+0000] {dag.py:3096} INFO - Sync 1 DAGs
[2026-06-01T19:06:19.003+0000] {logging_mixin.py:188} INFO - [2026-06-01T19:06:19.003+0000] {dag.py:3954} INFO - Setting next_dagrun for example_bash_decorator to None, run_after=None
[2026-06-01T19:06:19.030+0000] {processor.py:183} INFO - Processing /home/airflow/.local/lib/python3.12/site-packages/airflow/example_dags/example_bash_decorator.py took 0.103 seconds
[2026-06-01T19:06:49.235+0000] {processor.py:161} INFO - Started process (PID=7102) to work on /home/airflow/.local/lib/python3.12/site-packages/airflow/example_dags/example_bash_decorator.py
[2026-06-01T19:06:49.236+0000] {processor.py:830} INFO - Processing file /home/airflow/.local/lib/python3.12/site-packages/airflow/example_dags/example_bash_decorator.py for tasks to queue
[2026-06-01T19:06:49.238+0000] {logging_mixin.py:188} INFO - [2026-06-01T19:06:49.238+0000] {dagbag.py:540} INFO - Filling up the DagBag from /home/airflow/.local/lib/python3.12/site-packages/airflow/example_dags/example_bash_decorator.py
[2026-06-01T19:06:49.250+0000] {processor.py:840} INFO - DAG(s) 'example_bash_decorator' retrieved from /home/airflow/.local/lib/python3.12/site-packages/airflow/example_dags/example_bash_decorator.py
[2026-06-01T19:06:49.272+0000] {logging_mixin.py:188} INFO - [2026-06-01T19:06:49.271+0000] {dag.py:3096} INFO - Sync 1 DAGs
[2026-06-01T19:06:49.284+0000] {logging_mixin.py:188} INFO - [2026-06-01T19:06:49.284+0000] {dag.py:3954} INFO - Setting next_dagrun for example_bash_decorator to None, run_after=None
[2026-06-01T19:06:49.303+0000] {processor.py:183} INFO - Processing /home/airflow/.local/lib/python3.12/site-packages/airflow/example_dags/example_bash_decorator.py took 0.074 seconds
[2026-06-01T19:07:19.490+0000] {processor.py:161} INFO - Started process (PID=7161) to work on /home/airflow/.local/lib/python3.12/site-packages/airflow/example_dags/example_bash_decorator.py
[2026-06-01T19:07:19.492+0000] {processor.py:830} INFO - Processing file /home/airflow/.local/lib/python3.12/site-packages/airflow/example_dags/example_bash_decorator.py for tasks to queue
[2026-06-01T19:07:19.496+0000] {logging_mixin.py:188} INFO - [2026-06-01T19:07:19.495+0000] {dagbag.py:540} INFO - Filling up the DagBag from /home/airflow/.local/lib/python3.12/site-packages/airflow/example_dags/example_bash_decorator.py
[2026-06-01T19:07:19.518+0000] {processor.py:840} INFO - DAG(s) 'example_bash_decorator' retrieved from /home/airflow/.local/lib/python3.12/site-packages/airflow/example_dags/example_bash_decorator.py
[2026-06-01T19:07:19.548+0000] {logging_mixin.py:188} INFO - [2026-06-01T19:07:19.548+0000] {dag.py:3096} INFO - Sync 1 DAGs
[2026-06-01T19:07:19.568+0000] {logging_mixin.py:188} INFO - [2026-06-01T19:07:19.568+0000] {dag.py:3954} INFO - Setting next_dagrun for example_bash_decorator to None, run_after=None
[2026-06-01T19:07:19.600+0000] {processor.py:183} INFO - Processing /home/airflow/.local/lib/python3.12/site-packages/airflow/example_dags/example_bash_decorator.py took 0.121 seconds
[2026-06-01T19:07:49.728+0000] {processor.py:161} INFO - Started process (PID=7220) to work on /home/airflow/.local/lib/python3.12/site-packages/airflow/example_dags/example_bash_decorator.py
[2026-06-01T19:07:49.730+0000] {processor.py:830} INFO - Processing file /home/airflow/.local/lib/python3.12/site-packages/airflow/example_dags/example_bash_decorator.py for tasks to queue
[2026-06-01T19:07:49.732+0000] {logging_mixin.py:188} INFO - [2026-06-01T19:07:49.731+0000] {dagbag.py:540} INFO - Filling up the DagBag from /home/airflow/.local/lib/python3.12/site-packages/airflow/example_dags/example_bash_decorator.py
[2026-06-01T19:07:49.743+0000] {processor.py:840} INFO - DAG(s) 'example_bash_decorator' retrieved from /home/airflow/.local/lib/python3.12/site-packages/airflow/example_dags/example_bash_decorator.py
[2026-06-01T19:07:49.762+0000] {logging_mixin.py:188} INFO - [2026-06-01T19:07:49.762+0000] {dag.py:3096} INFO - Sync 1 DAGs
[2026-06-01T19:07:49.772+0000] {logging_mixin.py:188} INFO - [2026-06-01T19:07:49.772+0000] {dag.py:3954} INFO - Setting next_dagrun for example_bash_decorator to None, run_after=None
[2026-06-01T19:07:49.789+0000] {processor.py:183} INFO - Processing /home/airflow/.local/lib/python3.12/site-packages/airflow/example_dags/example_bash_decorator.py took 0.066 seconds
[2026-06-01T19:08:19.841+0000] {processor.py:161} INFO - Started process (PID=7279) to work on /home/airflow/.local/lib/python3.12/site-packages/airflow/example_dags/example_bash_decorator.py
[2026-06-01T19:08:19.842+0000] {processor.py:830} INFO - Processing file /home/airflow/.local/lib/python3.12/site-packages/airflow/example_dags/example_bash_decorator.py for tasks to queue
[2026-06-01T19:08:19.844+0000] {logging_mixin.py:188} INFO - [2026-06-01T19:08:19.843+0000] {dagbag.py:540} INFO - Filling up the DagBag from /home/airflow/.local/lib/python3.12/site-packages/airflow/example_dags/example_bash_decorator.py
[2026-06-01T19:08:19.856+0000] {processor.py:840} INFO - DAG(s) 'example_bash_decorator' retrieved from /home/airflow/.local/lib/python3.12/site-packages/airflow/example_dags/example_bash_decorator.py
[2026-06-01T19:08:19.874+0000] {logging_mixin.py:188} INFO - [2026-06-01T19:08:19.874+0000] {dag.py:3096} INFO - Sync 1 DAGs
[2026-06-01T19:08:19.885+0000] {logging_mixin.py:188} INFO - [2026-06-01T19:08:19.884+0000] {dag.py:3954} INFO - Setting next_dagrun for example_bash_decorator to None, run_after=None
[2026-06-01T19:08:19.903+0000] {processor.py:183} INFO - Processing /home/airflow/.local/lib/python3.12/site-packages/airflow/example_dags/example_bash_decorator.py took 0.067 seconds
[2026-06-01T19:08:50.714+0000] {processor.py:161} INFO - Started process (PID=7338) to work on /home/airflow/.local/lib/python3.12/site-packages/airflow/example_dags/example_bash_decorator.py
[2026-06-01T19:08:50.715+0000] {processor.py:830} INFO - Processing file /home/airflow/.local/lib/python3.12/site-packages/airflow/example_dags/example_bash_decorator.py for tasks to queue
[2026-06-01T19:08:50.718+0000] {logging_mixin.py:188} INFO - [2026-06-01T19:08:50.717+0000] {dagbag.py:540} INFO - Filling up the DagBag from /home/airflow/.local/lib/python3.12/site-packages/airflow/example_dags/example_bash_decorator.py
[2026-06-01T19:08:50.733+0000] {processor.py:840} INFO - DAG(s) 'example_bash_decorator' retrieved from /home/airflow/.local/lib/python3.12/site-packages/airflow/example_dags/example_bash_decorator.py
[2026-06-01T19:08:50.761+0000] {logging_mixin.py:188} INFO - [2026-06-01T19:08:50.760+0000] {dag.py:3096} INFO - Sync 1 DAGs
[2026-06-01T19:08:50.775+0000] {logging_mixin.py:188} INFO - [2026-06-01T19:08:50.774+0000] {dag.py:3954} INFO - Setting next_dagrun for example_bash_decorator to None, run_after=None
[2026-06-01T19:08:50.797+0000] {processor.py:183} INFO - Processing /home/airflow/.local/lib/python3.12/site-packages/airflow/example_dags/example_bash_decorator.py took 0.090 seconds
[2026-06-01T19:09:21.632+0000] {processor.py:161} INFO - Started process (PID=7397) to work on /home/airflow/.local/lib/python3.12/site-packages/airflow/example_dags/example_bash_decorator.py
[2026-06-01T19:09:21.633+0000] {processor.py:830} INFO - Processing file /home/airflow/.local/lib/python3.12/site-packages/airflow/example_dags/example_bash_decorator.py for tasks to queue
[2026-06-01T19:09:21.636+0000] {logging_mixin.py:188} INFO - [2026-06-01T19:09:21.635+0000] {dagbag.py:540} INFO - Filling up the DagBag from /home/airflow/.local/lib/python3.12/site-packages/airflow/example_dags/example_bash_decorator.py
[2026-06-01T19:09:21.648+0000] {processor.py:840} INFO - DAG(s) 'example_bash_decorator' retrieved from /home/airflow/.local/lib/python3.12/site-packages/airflow/example_dags/example_bash_decorator.py
[2026-06-01T19:09:21.671+0000] {logging_mixin.py:188} INFO - [2026-06-01T19:09:21.670+0000] {dag.py:3096} INFO - Sync 1 DAGs
[2026-06-01T19:09:21.683+0000] {logging_mixin.py:188} INFO - [2026-06-01T19:09:21.683+0000] {dag.py:3954} INFO - Setting next_dagrun for example_bash_decorator to None, run_after=None
[2026-06-01T19:09:21.700+0000] {processor.py:183} INFO - Processing /home/airflow/.local/lib/python3.12/site-packages/airflow/example_dags/example_bash_decorator.py took 0.074 seconds
[2026-06-01T19:09:51.772+0000] {processor.py:161} INFO - Started process (PID=7456) to work on /home/airflow/.local/lib/python3.12/site-packages/airflow/example_dags/example_bash_decorator.py
[2026-06-01T19:09:51.774+0000] {processor.py:830} INFO - Processing file /home/airflow/.local/lib/python3.12/site-packages/airflow/example_dags/example_bash_decorator.py for tasks to queue
[2026-06-01T19:09:51.776+0000] {logging_mixin.py:188} INFO - [2026-06-01T19:09:51.775+0000] {dagbag.py:540} INFO - Filling up the DagBag from /home/airflow/.local/lib/python3.12/site-packages/airflow/example_dags/example_bash_decorator.py
[2026-06-01T19:09:51.788+0000] {processor.py:840} INFO - DAG(s) 'example_bash_decorator' retrieved from /home/airflow/.local/lib/python3.12/site-packages/airflow/example_dags/example_bash_decorator.py
[2026-06-01T19:09:51.810+0000] {logging_mixin.py:188} INFO - [2026-06-01T19:09:51.809+0000] {dag.py:3096} INFO - Sync 1 DAGs
[2026-06-01T19:09:51.823+0000] {logging_mixin.py:188} INFO - [2026-06-01T19:09:51.823+0000] {dag.py:3954} INFO - Setting next_dagrun for example_bash_decorator to None, run_after=None
[2026-06-01T19:09:51.847+0000] {processor.py:183} INFO - Processing /home/airflow/.local/lib/python3.12/site-packages/airflow/example_dags/example_bash_decorator.py took 0.080 seconds
[2026-06-01T19:10:22.671+0000] {processor.py:161} INFO - Started process (PID=7515) to work on /home/airflow/.local/lib/python3.12/site-packages/airflow/example_dags/example_bash_decorator.py
[2026-06-01T19:10:22.673+0000] {processor.py:830} INFO - Processing file /home/airflow/.local/lib/python3.12/site-packages/airflow/example_dags/example_bash_decorator.py for tasks to queue
[2026-06-01T19:10:22.675+0000] {logging_mixin.py:188} INFO - [2026-06-01T19:10:22.674+0000] {dagbag.py:540} INFO - Filling up the DagBag from /home/airflow/.local/lib/python3.12/site-packages/airflow/example_dags/example_bash_decorator.py
[2026-06-01T19:10:22.687+0000] {processor.py:840} INFO - DAG(s) 'example_bash_decorator' retrieved from /home/airflow/.local/lib/python3.12/site-packages/airflow/example_dags/example_bash_decorator.py
[2026-06-01T19:10:22.710+0000] {logging_mixin.py:188} INFO - [2026-06-01T19:10:22.709+0000] {dag.py:3096} INFO - Sync 1 DAGs
[2026-06-01T19:10:22.721+0000] {logging_mixin.py:188} INFO - [2026-06-01T19:10:22.721+0000] {dag.py:3954} INFO - Setting next_dagrun for example_bash_decorator to None, run_after=None
[2026-06-01T19:10:22.741+0000] {processor.py:183} INFO - Processing /home/airflow/.local/lib/python3.12/site-packages/airflow/example_dags/example_bash_decorator.py took 0.075 seconds
[2026-06-01T19:10:53.342+0000] {processor.py:161} INFO - Started process (PID=7574) to work on /home/airflow/.local/lib/python3.12/site-packages/airflow/example_dags/example_bash_decorator.py
[2026-06-01T19:10:53.343+0000] {processor.py:830} INFO - Processing file /home/airflow/.local/lib/python3.12/site-packages/airflow/example_dags/example_bash_decorator.py for tasks to queue
[2026-06-01T19:10:53.345+0000] {logging_mixin.py:188} INFO - [2026-06-01T19:10:53.345+0000] {dagbag.py:540} INFO - Filling up the DagBag from /home/airflow/.local/lib/python3.12/site-packages/airflow/example_dags/example_bash_decorator.py
[2026-06-01T19:10:53.357+0000] {processor.py:840} INFO - DAG(s) 'example_bash_decorator' retrieved from /home/airflow/.local/lib/python3.12/site-packages/airflow/example_dags/example_bash_decorator.py
[2026-06-01T19:10:53.377+0000] {logging_mixin.py:188} INFO - [2026-06-01T19:10:53.377+0000] {dag.py:3096} INFO - Sync 1 DAGs
[2026-06-01T19:10:53.390+0000] {logging_mixin.py:188} INFO - [2026-06-01T19:10:53.389+0000] {dag.py:3954} INFO - Setting next_dagrun for example_bash_decorator to None, run_after=None
[2026-06-01T19:10:53.407+0000] {processor.py:183} INFO - Processing /home/airflow/.local/lib/python3.12/site-packages/airflow/example_dags/example_bash_decorator.py took 0.070 seconds
[2026-06-01T19:11:24.229+0000] {processor.py:161} INFO - Started process (PID=7633) to work on /home/airflow/.local/lib/python3.12/site-packages/airflow/example_dags/example_bash_decorator.py
[2026-06-01T19:11:24.230+0000] {processor.py:830} INFO - Processing file /home/airflow/.local/lib/python3.12/site-packages/airflow/example_dags/example_bash_decorator.py for tasks to queue
[2026-06-01T19:11:24.232+0000] {logging_mixin.py:188} INFO - [2026-06-01T19:11:24.232+0000] {dagbag.py:540} INFO - Filling up the DagBag from /home/airflow/.local/lib/python3.12/site-packages/airflow/example_dags/example_bash_decorator.py
[2026-06-01T19:11:24.244+0000] {processor.py:840} INFO - DAG(s) 'example_bash_decorator' retrieved from /home/airflow/.local/lib/python3.12/site-packages/airflow/example_dags/example_bash_decorator.py
[2026-06-01T19:11:24.268+0000] {logging_mixin.py:188} INFO - [2026-06-01T19:11:24.268+0000] {dag.py:3096} INFO - Sync 1 DAGs
[2026-06-01T19:11:24.281+0000] {logging_mixin.py:188} INFO - [2026-06-01T19:11:24.281+0000] {dag.py:3954} INFO - Setting next_dagrun for example_bash_decorator to None, run_after=None
[2026-06-01T19:11:24.298+0000] {processor.py:183} INFO - Processing /home/airflow/.local/lib/python3.12/site-packages/airflow/example_dags/example_bash_decorator.py took 0.074 seconds
[2026-06-01T19:11:54.609+0000] {processor.py:161} INFO - Started process (PID=7692) to work on /home/airflow/.local/lib/python3.12/site-packages/airflow/example_dags/example_bash_decorator.py
[2026-06-01T19:11:54.610+0000] {processor.py:830} INFO - Processing file /home/airflow/.local/lib/python3.12/site-packages/airflow/example_dags/example_bash_decorator.py for tasks to queue
[2026-06-01T19:11:54.613+0000] {logging_mixin.py:188} INFO - [2026-06-01T19:11:54.612+0000] {dagbag.py:540} INFO - Filling up the DagBag from /home/airflow/.local/lib/python3.12/site-packages/airflow/example_dags/example_bash_decorator.py
[2026-06-01T19:11:54.626+0000] {processor.py:840} INFO - DAG(s) 'example_bash_decorator' retrieved from /home/airflow/.local/lib/python3.12/site-packages/airflow/example_dags/example_bash_decorator.py
[2026-06-01T19:11:54.650+0000] {logging_mixin.py:188} INFO - [2026-06-01T19:11:54.650+0000] {dag.py:3096} INFO - Sync 1 DAGs
[2026-06-01T19:11:54.664+0000] {logging_mixin.py:188} INFO - [2026-06-01T19:11:54.663+0000] {dag.py:3954} INFO - Setting next_dagrun for example_bash_decorator to None, run_after=None
[2026-06-01T19:11:54.683+0000] {processor.py:183} INFO - Processing /home/airflow/.local/lib/python3.12/site-packages/airflow/example_dags/example_bash_decorator.py took 0.081 seconds
[2026-06-01T19:12:25.008+0000] {processor.py:161} INFO - Started process (PID=7751) to work on /home/airflow/.local/lib/python3.12/site-packages/airflow/example_dags/example_bash_decorator.py
[2026-06-01T19:12:25.009+0000] {processor.py:830} INFO - Processing file /home/airflow/.local/lib/python3.12/site-packages/airflow/example_dags/example_bash_decorator.py for tasks to queue
[2026-06-01T19:12:25.011+0000] {logging_mixin.py:188} INFO - [2026-06-01T19:12:25.011+0000] {dagbag.py:540} INFO - Filling up the DagBag from /home/airflow/.local/lib/python3.12/site-packages/airflow/example_dags/example_bash_decorator.py
[2026-06-01T19:12:25.024+0000] {processor.py:840} INFO - DAG(s) 'example_bash_decorator' retrieved from /home/airflow/.local/lib/python3.12/site-packages/airflow/example_dags/example_bash_decorator.py
[2026-06-01T19:12:25.046+0000] {logging_mixin.py:188} INFO - [2026-06-01T19:12:25.046+0000] {dag.py:3096} INFO - Sync 1 DAGs
[2026-06-01T19:12:25.057+0000] {logging_mixin.py:188} INFO - [2026-06-01T19:12:25.057+0000] {dag.py:3954} INFO - Setting next_dagrun for example_bash_decorator to None, run_after=None
[2026-06-01T19:12:25.073+0000] {processor.py:183} INFO - Processing /home/airflow/.local/lib/python3.12/site-packages/airflow/example_dags/example_bash_decorator.py took 0.070 seconds
[2026-06-01T19:12:55.124+0000] {processor.py:161} INFO - Started process (PID=7810) to work on /home/airflow/.local/lib/python3.12/site-packages/airflow/example_dags/example_bash_decorator.py
[2026-06-01T19:12:55.125+0000] {processor.py:830} INFO - Processing file /home/airflow/.local/lib/python3.12/site-packages/airflow/example_dags/example_bash_decorator.py for tasks to queue
[2026-06-01T19:12:55.127+0000] {logging_mixin.py:188} INFO - [2026-06-01T19:12:55.127+0000] {dagbag.py:540} INFO - Filling up the DagBag from /home/airflow/.local/lib/python3.12/site-packages/airflow/example_dags/example_bash_decorator.py
[2026-06-01T19:12:55.141+0000] {processor.py:840} INFO - DAG(s) 'example_bash_decorator' retrieved from /home/airflow/.local/lib/python3.12/site-packages/airflow/example_dags/example_bash_decorator.py
[2026-06-01T19:12:55.165+0000] {logging_mixin.py:188} INFO - [2026-06-01T19:12:55.165+0000] {dag.py:3096} INFO - Sync 1 DAGs
[2026-06-01T19:12:55.177+0000] {logging_mixin.py:188} INFO - [2026-06-01T19:12:55.177+0000] {dag.py:3954} INFO - Setting next_dagrun for example_bash_decorator to None, run_after=None
[2026-06-01T19:12:55.195+0000] {processor.py:183} INFO - Processing /home/airflow/.local/lib/python3.12/site-packages/airflow/example_dags/example_bash_decorator.py took 0.076 seconds
[2026-06-01T19:13:25.548+0000] {processor.py:161} INFO - Started process (PID=7869) to work on /home/airflow/.local/lib/python3.12/site-packages/airflow/example_dags/example_bash_decorator.py
[2026-06-01T19:13:25.549+0000] {processor.py:830} INFO - Processing file /home/airflow/.local/lib/python3.12/site-packages/airflow/example_dags/example_bash_decorator.py for tasks to queue
[2026-06-01T19:13:25.552+0000] {logging_mixin.py:188} INFO - [2026-06-01T19:13:25.551+0000] {dagbag.py:540} INFO - Filling up the DagBag from /home/airflow/.local/lib/python3.12/site-packages/airflow/example_dags/example_bash_decorator.py
[2026-06-01T19:13:25.564+0000] {processor.py:840} INFO - DAG(s) 'example_bash_decorator' retrieved from /home/airflow/.local/lib/python3.12/site-packages/airflow/example_dags/example_bash_decorator.py
[2026-06-01T19:13:25.585+0000] {logging_mixin.py:188} INFO - [2026-06-01T19:13:25.585+0000] {dag.py:3096} INFO - Sync 1 DAGs
[2026-06-01T19:13:25.597+0000] {logging_mixin.py:188} INFO - [2026-06-01T19:13:25.596+0000] {dag.py:3954} INFO - Setting next_dagrun for example_bash_decorator to None, run_after=None
[2026-06-01T19:13:25.620+0000] {processor.py:183} INFO - Processing /home/airflow/.local/lib/python3.12/site-packages/airflow/example_dags/example_bash_decorator.py took 0.077 seconds
[2026-06-01T19:13:55.750+0000] {processor.py:161} INFO - Started process (PID=7928) to work on /home/airflow/.local/lib/python3.12/site-packages/airflow/example_dags/example_bash_decorator.py
[2026-06-01T19:13:55.751+0000] {processor.py:830} INFO - Processing file /home/airflow/.local/lib/python3.12/site-packages/airflow/example_dags/example_bash_decorator.py for tasks to queue
[2026-06-01T19:13:55.753+0000] {logging_mixin.py:188} INFO - [2026-06-01T19:13:55.753+0000] {dagbag.py:540} INFO - Filling up the DagBag from /home/airflow/.local/lib/python3.12/site-packages/airflow/example_dags/example_bash_decorator.py
[2026-06-01T19:13:55.765+0000] {processor.py:840} INFO - DAG(s) 'example_bash_decorator' retrieved from /home/airflow/.local/lib/python3.12/site-packages/airflow/example_dags/example_bash_decorator.py
[2026-06-01T19:13:55.784+0000] {logging_mixin.py:188} INFO - [2026-06-01T19:13:55.784+0000] {dag.py:3096} INFO - Sync 1 DAGs
[2026-06-01T19:13:55.795+0000] {logging_mixin.py:188} INFO - [2026-06-01T19:13:55.795+0000] {dag.py:3954} INFO - Setting next_dagrun for example_bash_decorator to None, run_after=None
[2026-06-01T19:13:55.813+0000] {processor.py:183} INFO - Processing /home/airflow/.local/lib/python3.12/site-packages/airflow/example_dags/example_bash_decorator.py took 0.068 seconds
[2026-06-01T19:14:25.988+0000] {processor.py:161} INFO - Started process (PID=7987) to work on /home/airflow/.local/lib/python3.12/site-packages/airflow/example_dags/example_bash_decorator.py
[2026-06-01T19:14:25.989+0000] {processor.py:830} INFO - Processing file /home/airflow/.local/lib/python3.12/site-packages/airflow/example_dags/example_bash_decorator.py for tasks to queue
[2026-06-01T19:14:25.991+0000] {logging_mixin.py:188} INFO - [2026-06-01T19:14:25.991+0000] {dagbag.py:540} INFO - Filling up the DagBag from /home/airflow/.local/lib/python3.12/site-packages/airflow/example_dags/example_bash_decorator.py
[2026-06-01T19:14:26.003+0000] {processor.py:840} INFO - DAG(s) 'example_bash_decorator' retrieved from /home/airflow/.local/lib/python3.12/site-packages/airflow/example_dags/example_bash_decorator.py
[2026-06-01T19:14:26.031+0000] {logging_mixin.py:188} INFO - [2026-06-01T19:14:26.030+0000] {dag.py:3096} INFO - Sync 1 DAGs
[2026-06-01T19:14:26.043+0000] {logging_mixin.py:188} INFO - [2026-06-01T19:14:26.042+0000] {dag.py:3954} INFO - Setting next_dagrun for example_bash_decorator to None, run_after=None
[2026-06-01T19:14:26.060+0000] {processor.py:183} INFO - Processing /home/airflow/.local/lib/python3.12/site-packages/airflow/example_dags/example_bash_decorator.py took 0.077 seconds
[2026-06-01T19:14:56.184+0000] {processor.py:161} INFO - Started process (PID=8046) to work on /home/airflow/.local/lib/python3.12/site-packages/airflow/example_dags/example_bash_decorator.py
[2026-06-01T19:14:56.185+0000] {processor.py:830} INFO - Processing file /home/airflow/.local/lib/python3.12/site-packages/airflow/example_dags/example_bash_decorator.py for tasks to queue
[2026-06-01T19:14:56.187+0000] {logging_mixin.py:188} INFO - [2026-06-01T19:14:56.186+0000] {dagbag.py:540} INFO - Filling up the DagBag from /home/airflow/.local/lib/python3.12/site-packages/airflow/example_dags/example_bash_decorator.py
[2026-06-01T19:14:56.199+0000] {processor.py:840} INFO - DAG(s) 'example_bash_decorator' retrieved from /home/airflow/.local/lib/python3.12/site-packages/airflow/example_dags/example_bash_decorator.py
[2026-06-01T19:14:56.221+0000] {logging_mixin.py:188} INFO - [2026-06-01T19:14:56.220+0000] {dag.py:3096} INFO - Sync 1 DAGs
[2026-06-01T19:14:56.233+0000] {logging_mixin.py:188} INFO - [2026-06-01T19:14:56.233+0000] {dag.py:3954} INFO - Setting next_dagrun for example_bash_decorator to None, run_after=None
[2026-06-01T19:14:56.254+0000] {processor.py:183} INFO - Processing /home/airflow/.local/lib/python3.12/site-packages/airflow/example_dags/example_bash_decorator.py took 0.078 seconds
[2026-06-01T19:15:26.471+0000] {processor.py:161} INFO - Started process (PID=8105) to work on /home/airflow/.local/lib/python3.12/site-packages/airflow/example_dags/example_bash_decorator.py
[2026-06-01T19:15:26.472+0000] {processor.py:830} INFO - Processing file /home/airflow/.local/lib/python3.12/site-packages/airflow/example_dags/example_bash_decorator.py for tasks to queue
[2026-06-01T19:15:26.475+0000] {logging_mixin.py:188} INFO - [2026-06-01T19:15:26.474+0000] {dagbag.py:540} INFO - Filling up the DagBag from /home/airflow/.local/lib/python3.12/site-packages/airflow/example_dags/example_bash_decorator.py
[2026-06-01T19:15:26.488+0000] {processor.py:840} INFO - DAG(s) 'example_bash_decorator' retrieved from /home/airflow/.local/lib/python3.12/site-packages/airflow/example_dags/example_bash_decorator.py
[2026-06-01T19:15:26.509+0000] {logging_mixin.py:188} INFO - [2026-06-01T19:15:26.508+0000] {dag.py:3096} INFO - Sync 1 DAGs
[2026-06-01T19:15:26.520+0000] {logging_mixin.py:188} INFO - [2026-06-01T19:15:26.519+0000] {dag.py:3954} INFO - Setting next_dagrun for example_bash_decorator to None, run_after=None
[2026-06-01T19:15:26.537+0000] {processor.py:183} INFO - Processing /home/airflow/.local/lib/python3.12/site-packages/airflow/example_dags/example_bash_decorator.py took 0.072 seconds
[2026-06-01T19:15:56.780+0000] {processor.py:161} INFO - Started process (PID=8164) to work on /home/airflow/.local/lib/python3.12/site-packages/airflow/example_dags/example_bash_decorator.py
[2026-06-01T19:15:56.782+0000] {processor.py:830} INFO - Processing file /home/airflow/.local/lib/python3.12/site-packages/airflow/example_dags/example_bash_decorator.py for tasks to queue
[2026-06-01T19:15:56.785+0000] {logging_mixin.py:188} INFO - [2026-06-01T19:15:56.785+0000] {dagbag.py:540} INFO - Filling up the DagBag from /home/airflow/.local/lib/python3.12/site-packages/airflow/example_dags/example_bash_decorator.py
[2026-06-01T19:15:56.797+0000] {processor.py:840} INFO - DAG(s) 'example_bash_decorator' retrieved from /home/airflow/.local/lib/python3.12/site-packages/airflow/example_dags/example_bash_decorator.py
[2026-06-01T19:15:56.818+0000] {logging_mixin.py:188} INFO - [2026-06-01T19:15:56.818+0000] {dag.py:3096} INFO - Sync 1 DAGs
[2026-06-01T19:15:56.828+0000] {logging_mixin.py:188} INFO - [2026-06-01T19:15:56.828+0000] {dag.py:3954} INFO - Setting next_dagrun for example_bash_decorator to None, run_after=None
[2026-06-01T19:15:56.844+0000] {processor.py:183} INFO - Processing /home/airflow/.local/lib/python3.12/site-packages/airflow/example_dags/example_bash_decorator.py took 0.070 seconds
[2026-06-01T19:16:27.242+0000] {processor.py:161} INFO - Started process (PID=8223) to work on /home/airflow/.local/lib/python3.12/site-packages/airflow/example_dags/example_bash_decorator.py
[2026-06-01T19:16:27.243+0000] {processor.py:830} INFO - Processing file /home/airflow/.local/lib/python3.12/site-packages/airflow/example_dags/example_bash_decorator.py for tasks to queue
[2026-06-01T19:16:27.245+0000] {logging_mixin.py:188} INFO - [2026-06-01T19:16:27.245+0000] {dagbag.py:540} INFO - Filling up the DagBag from /home/airflow/.local/lib/python3.12/site-packages/airflow/example_dags/example_bash_decorator.py
[2026-06-01T19:16:27.257+0000] {processor.py:840} INFO - DAG(s) 'example_bash_decorator' retrieved from /home/airflow/.local/lib/python3.12/site-packages/airflow/example_dags/example_bash_decorator.py
[2026-06-01T19:16:27.276+0000] {logging_mixin.py:188} INFO - [2026-06-01T19:16:27.276+0000] {dag.py:3096} INFO - Sync 1 DAGs
[2026-06-01T19:16:27.287+0000] {logging_mixin.py:188} INFO - [2026-06-01T19:16:27.286+0000] {dag.py:3954} INFO - Setting next_dagrun for example_bash_decorator to None, run_after=None
[2026-06-01T19:16:27.304+0000] {processor.py:183} INFO - Processing /home/airflow/.local/lib/python3.12/site-packages/airflow/example_dags/example_bash_decorator.py took 0.067 seconds
[2026-06-01T19:16:57.523+0000] {processor.py:161} INFO - Started process (PID=8282) to work on /home/airflow/.local/lib/python3.12/site-packages/airflow/example_dags/example_bash_decorator.py
[2026-06-01T19:16:57.524+0000] {processor.py:830} INFO - Processing file /home/airflow/.local/lib/python3.12/site-packages/airflow/example_dags/example_bash_decorator.py for tasks to queue
[2026-06-01T19:16:57.526+0000] {logging_mixin.py:188} INFO - [2026-06-01T19:16:57.526+0000] {dagbag.py:540} INFO - Filling up the DagBag from /home/airflow/.local/lib/python3.12/site-packages/airflow/example_dags/example_bash_decorator.py
[2026-06-01T19:16:57.539+0000] {processor.py:840} INFO - DAG(s) 'example_bash_decorator' retrieved from /home/airflow/.local/lib/python3.12/site-packages/airflow/example_dags/example_bash_decorator.py
[2026-06-01T19:16:57.558+0000] {logging_mixin.py:188} INFO - [2026-06-01T19:16:57.558+0000] {dag.py:3096} INFO - Sync 1 DAGs
[2026-06-01T19:16:57.568+0000] {logging_mixin.py:188} INFO - [2026-06-01T19:16:57.568+0000] {dag.py:3954} INFO - Setting next_dagrun for example_bash_decorator to None, run_after=None
[2026-06-01T19:16:57.585+0000] {processor.py:183} INFO - Processing /home/airflow/.local/lib/python3.12/site-packages/airflow/example_dags/example_bash_decorator.py took 0.067 seconds
[2026-06-01T19:17:28.201+0000] {processor.py:161} INFO - Started process (PID=8341) to work on /home/airflow/.local/lib/python3.12/site-packages/airflow/example_dags/example_bash_decorator.py
[2026-06-01T19:17:28.202+0000] {processor.py:830} INFO - Processing file /home/airflow/.local/lib/python3.12/site-packages/airflow/example_dags/example_bash_decorator.py for tasks to queue
[2026-06-01T19:17:28.203+0000] {logging_mixin.py:188} INFO - [2026-06-01T19:17:28.203+0000] {dagbag.py:540} INFO - Filling up the DagBag from /home/airflow/.local/lib/python3.12/site-packages/airflow/example_dags/example_bash_decorator.py
[2026-06-01T19:17:28.215+0000] {processor.py:840} INFO - DAG(s) 'example_bash_decorator' retrieved from /home/airflow/.local/lib/python3.12/site-packages/airflow/example_dags/example_bash_decorator.py
[2026-06-01T19:17:28.235+0000] {logging_mixin.py:188} INFO - [2026-06-01T19:17:28.235+0000] {dag.py:3096} INFO - Sync 1 DAGs
[2026-06-01T19:17:28.246+0000] {logging_mixin.py:188} INFO - [2026-06-01T19:17:28.246+0000] {dag.py:3954} INFO - Setting next_dagrun for example_bash_decorator to None, run_after=None
[2026-06-01T19:17:28.263+0000] {processor.py:183} INFO - Processing /home/airflow/.local/lib/python3.12/site-packages/airflow/example_dags/example_bash_decorator.py took 0.067 seconds
[2026-06-01T19:17:58.916+0000] {processor.py:161} INFO - Started process (PID=8400) to work on /home/airflow/.local/lib/python3.12/site-packages/airflow/example_dags/example_bash_decorator.py
[2026-06-01T19:17:58.917+0000] {processor.py:830} INFO - Processing file /home/airflow/.local/lib/python3.12/site-packages/airflow/example_dags/example_bash_decorator.py for tasks to queue
[2026-06-01T19:17:58.919+0000] {logging_mixin.py:188} INFO - [2026-06-01T19:17:58.919+0000] {dagbag.py:540} INFO - Filling up the DagBag from /home/airflow/.local/lib/python3.12/site-packages/airflow/example_dags/example_bash_decorator.py
[2026-06-01T19:17:58.931+0000] {processor.py:840} INFO - DAG(s) 'example_bash_decorator' retrieved from /home/airflow/.local/lib/python3.12/site-packages/airflow/example_dags/example_bash_decorator.py
[2026-06-01T19:17:58.952+0000] {logging_mixin.py:188} INFO - [2026-06-01T19:17:58.952+0000] {dag.py:3096} INFO - Sync 1 DAGs
[2026-06-01T19:17:58.963+0000] {logging_mixin.py:188} INFO - [2026-06-01T19:17:58.963+0000] {dag.py:3954} INFO - Setting next_dagrun for example_bash_decorator to None, run_after=None
[2026-06-01T19:17:58.982+0000] {processor.py:183} INFO - Processing /home/airflow/.local/lib/python3.12/site-packages/airflow/example_dags/example_bash_decorator.py took 0.071 seconds
[2026-06-01T19:18:29.020+0000] {processor.py:161} INFO - Started process (PID=8459) to work on /home/airflow/.local/lib/python3.12/site-packages/airflow/example_dags/example_bash_decorator.py
[2026-06-01T19:18:29.021+0000] {processor.py:830} INFO - Processing file /home/airflow/.local/lib/python3.12/site-packages/airflow/example_dags/example_bash_decorator.py for tasks to queue
[2026-06-01T19:18:29.023+0000] {logging_mixin.py:188} INFO - [2026-06-01T19:18:29.023+0000] {dagbag.py:540} INFO - Filling up the DagBag from /home/airflow/.local/lib/python3.12/site-packages/airflow/example_dags/example_bash_decorator.py
[2026-06-01T19:18:29.038+0000] {processor.py:840} INFO - DAG(s) 'example_bash_decorator' retrieved from /home/airflow/.local/lib/python3.12/site-packages/airflow/example_dags/example_bash_decorator.py
[2026-06-01T19:18:29.064+0000] {logging_mixin.py:188} INFO - [2026-06-01T19:18:29.063+0000] {dag.py:3096} INFO - Sync 1 DAGs
[2026-06-01T19:18:29.075+0000] {logging_mixin.py:188} INFO - [2026-06-01T19:18:29.075+0000] {dag.py:3954} INFO - Setting next_dagrun for example_bash_decorator to None, run_after=None
[2026-06-01T19:18:29.094+0000] {processor.py:183} INFO - Processing /home/airflow/.local/lib/python3.12/site-packages/airflow/example_dags/example_bash_decorator.py took 0.080 seconds
[2026-06-01T19:18:59.187+0000] {processor.py:161} INFO - Started process (PID=8518) to work on /home/airflow/.local/lib/python3.12/site-packages/airflow/example_dags/example_bash_decorator.py
[2026-06-01T19:18:59.189+0000] {processor.py:830} INFO - Processing file /home/airflow/.local/lib/python3.12/site-packages/airflow/example_dags/example_bash_decorator.py for tasks to queue
[2026-06-01T19:18:59.191+0000] {logging_mixin.py:188} INFO - [2026-06-01T19:18:59.190+0000] {dagbag.py:540} INFO - Filling up the DagBag from /home/airflow/.local/lib/python3.12/site-packages/airflow/example_dags/example_bash_decorator.py
[2026-06-01T19:18:59.203+0000] {processor.py:840} INFO - DAG(s) 'example_bash_decorator' retrieved from /home/airflow/.local/lib/python3.12/site-packages/airflow/example_dags/example_bash_decorator.py
[2026-06-01T19:18:59.226+0000] {logging_mixin.py:188} INFO - [2026-06-01T19:18:59.226+0000] {dag.py:3096} INFO - Sync 1 DAGs
[2026-06-01T19:18:59.237+0000] {logging_mixin.py:188} INFO - [2026-06-01T19:18:59.237+0000] {dag.py:3954} INFO - Setting next_dagrun for example_bash_decorator to None, run_after=None
[2026-06-01T19:18:59.253+0000] {processor.py:183} INFO - Processing /home/airflow/.local/lib/python3.12/site-packages/airflow/example_dags/example_bash_decorator.py took 0.071 seconds
[2026-06-01T19:19:29.407+0000] {processor.py:161} INFO - Started process (PID=8577) to work on /home/airflow/.local/lib/python3.12/site-packages/airflow/example_dags/example_bash_decorator.py
[2026-06-01T19:19:29.409+0000] {processor.py:830} INFO - Processing file /home/airflow/.local/lib/python3.12/site-packages/airflow/example_dags/example_bash_decorator.py for tasks to queue
[2026-06-01T19:19:29.411+0000] {logging_mixin.py:188} INFO - [2026-06-01T19:19:29.410+0000] {dagbag.py:540} INFO - Filling up the DagBag from /home/airflow/.local/lib/python3.12/site-packages/airflow/example_dags/example_bash_decorator.py
[2026-06-01T19:19:29.423+0000] {processor.py:840} INFO - DAG(s) 'example_bash_decorator' retrieved from /home/airflow/.local/lib/python3.12/site-packages/airflow/example_dags/example_bash_decorator.py
[2026-06-01T19:19:29.443+0000] {logging_mixin.py:188} INFO - [2026-06-01T19:19:29.443+0000] {dag.py:3096} INFO - Sync 1 DAGs
[2026-06-01T19:19:29.456+0000] {logging_mixin.py:188} INFO - [2026-06-01T19:19:29.456+0000] {dag.py:3954} INFO - Setting next_dagrun for example_bash_decorator to None, run_after=None
[2026-06-01T19:19:29.476+0000] {processor.py:183} INFO - Processing /home/airflow/.local/lib/python3.12/site-packages/airflow/example_dags/example_bash_decorator.py took 0.075 seconds
[2026-06-01T19:19:59.538+0000] {processor.py:161} INFO - Started process (PID=8636) to work on /home/airflow/.local/lib/python3.12/site-packages/airflow/example_dags/example_bash_decorator.py
[2026-06-01T19:19:59.540+0000] {processor.py:830} INFO - Processing file /home/airflow/.local/lib/python3.12/site-packages/airflow/example_dags/example_bash_decorator.py for tasks to queue
[2026-06-01T19:19:59.544+0000] {logging_mixin.py:188} INFO - [2026-06-01T19:19:59.543+0000] {dagbag.py:540} INFO - Filling up the DagBag from /home/airflow/.local/lib/python3.12/site-packages/airflow/example_dags/example_bash_decorator.py
[2026-06-01T19:19:59.564+0000] {processor.py:840} INFO - DAG(s) 'example_bash_decorator' retrieved from /home/airflow/.local/lib/python3.12/site-packages/airflow/example_dags/example_bash_decorator.py
[2026-06-01T19:19:59.591+0000] {logging_mixin.py:188} INFO - [2026-06-01T19:19:59.591+0000] {dag.py:3096} INFO - Sync 1 DAGs
[2026-06-01T19:19:59.604+0000] {logging_mixin.py:188} INFO - [2026-06-01T19:19:59.604+0000] {dag.py:3954} INFO - Setting next_dagrun for example_bash_decorator to None, run_after=None
[2026-06-01T19:19:59.621+0000] {processor.py:183} INFO - Processing /home/airflow/.local/lib/python3.12/site-packages/airflow/example_dags/example_bash_decorator.py took 0.094 seconds
[2026-06-01T19:20:29.879+0000] {processor.py:161} INFO - Started process (PID=8695) to work on /home/airflow/.local/lib/python3.12/site-packages/airflow/example_dags/example_bash_decorator.py
[2026-06-01T19:20:29.880+0000] {processor.py:830} INFO - Processing file /home/airflow/.local/lib/python3.12/site-packages/airflow/example_dags/example_bash_decorator.py for tasks to queue
[2026-06-01T19:20:29.882+0000] {logging_mixin.py:188} INFO - [2026-06-01T19:20:29.881+0000] {dagbag.py:540} INFO - Filling up the DagBag from /home/airflow/.local/lib/python3.12/site-packages/airflow/example_dags/example_bash_decorator.py
[2026-06-01T19:20:29.893+0000] {processor.py:840} INFO - DAG(s) 'example_bash_decorator' retrieved from /home/airflow/.local/lib/python3.12/site-packages/airflow/example_dags/example_bash_decorator.py
[2026-06-01T19:20:29.914+0000] {logging_mixin.py:188} INFO - [2026-06-01T19:20:29.914+0000] {dag.py:3096} INFO - Sync 1 DAGs
[2026-06-01T19:20:29.926+0000] {logging_mixin.py:188} INFO - [2026-06-01T19:20:29.925+0000] {dag.py:3954} INFO - Setting next_dagrun for example_bash_decorator to None, run_after=None
[2026-06-01T19:20:29.945+0000] {processor.py:183} INFO - Processing /home/airflow/.local/lib/python3.12/site-packages/airflow/example_dags/example_bash_decorator.py took 0.073 seconds
[2026-06-01T19:21:00.053+0000] {processor.py:161} INFO - Started process (PID=8754) to work on /home/airflow/.local/lib/python3.12/site-packages/airflow/example_dags/example_bash_decorator.py
[2026-06-01T19:21:00.054+0000] {processor.py:830} INFO - Processing file /home/airflow/.local/lib/python3.12/site-packages/airflow/example_dags/example_bash_decorator.py for tasks to queue
[2026-06-01T19:21:00.056+0000] {logging_mixin.py:188} INFO - [2026-06-01T19:21:00.056+0000] {dagbag.py:540} INFO - Filling up the DagBag from /home/airflow/.local/lib/python3.12/site-packages/airflow/example_dags/example_bash_decorator.py
[2026-06-01T19:21:00.067+0000] {processor.py:840} INFO - DAG(s) 'example_bash_decorator' retrieved from /home/airflow/.local/lib/python3.12/site-packages/airflow/example_dags/example_bash_decorator.py
[2026-06-01T19:21:00.087+0000] {logging_mixin.py:188} INFO - [2026-06-01T19:21:00.086+0000] {dag.py:3096} INFO - Sync 1 DAGs
[2026-06-01T19:21:00.098+0000] {logging_mixin.py:188} INFO - [2026-06-01T19:21:00.097+0000] {dag.py:3954} INFO - Setting next_dagrun for example_bash_decorator to None, run_after=None
[2026-06-01T19:21:00.115+0000] {processor.py:183} INFO - Processing /home/airflow/.local/lib/python3.12/site-packages/airflow/example_dags/example_bash_decorator.py took 0.067 seconds
[2026-06-01T19:21:30.331+0000] {processor.py:161} INFO - Started process (PID=8813) to work on /home/airflow/.local/lib/python3.12/site-packages/airflow/example_dags/example_bash_decorator.py
[2026-06-01T19:21:30.333+0000] {processor.py:830} INFO - Processing file /home/airflow/.local/lib/python3.12/site-packages/airflow/example_dags/example_bash_decorator.py for tasks to queue
[2026-06-01T19:21:30.334+0000] {logging_mixin.py:188} INFO - [2026-06-01T19:21:30.334+0000] {dagbag.py:540} INFO - Filling up the DagBag from /home/airflow/.local/lib/python3.12/site-packages/airflow/example_dags/example_bash_decorator.py
[2026-06-01T19:21:30.347+0000] {processor.py:840} INFO - DAG(s) 'example_bash_decorator' retrieved from /home/airflow/.local/lib/python3.12/site-packages/airflow/example_dags/example_bash_decorator.py
[2026-06-01T19:21:30.366+0000] {logging_mixin.py:188} INFO - [2026-06-01T19:21:30.366+0000] {dag.py:3096} INFO - Sync 1 DAGs
[2026-06-01T19:21:30.378+0000] {logging_mixin.py:188} INFO - [2026-06-01T19:21:30.377+0000] {dag.py:3954} INFO - Setting next_dagrun for example_bash_decorator to None, run_after=None
[2026-06-01T19:21:30.394+0000] {processor.py:183} INFO - Processing /home/airflow/.local/lib/python3.12/site-packages/airflow/example_dags/example_bash_decorator.py took 0.068 seconds
[2026-06-01T19:22:00.575+0000] {processor.py:161} INFO - Started process (PID=8872) to work on /home/airflow/.local/lib/python3.12/site-packages/airflow/example_dags/example_bash_decorator.py
[2026-06-01T19:22:00.576+0000] {processor.py:830} INFO - Processing file /home/airflow/.local/lib/python3.12/site-packages/airflow/example_dags/example_bash_decorator.py for tasks to queue
[2026-06-01T19:22:00.578+0000] {logging_mixin.py:188} INFO - [2026-06-01T19:22:00.577+0000] {dagbag.py:540} INFO - Filling up the DagBag from /home/airflow/.local/lib/python3.12/site-packages/airflow/example_dags/example_bash_decorator.py
[2026-06-01T19:22:00.591+0000] {processor.py:840} INFO - DAG(s) 'example_bash_decorator' retrieved from /home/airflow/.local/lib/python3.12/site-packages/airflow/example_dags/example_bash_decorator.py
[2026-06-01T19:22:00.615+0000] {logging_mixin.py:188} INFO - [2026-06-01T19:22:00.615+0000] {dag.py:3096} INFO - Sync 1 DAGs
[2026-06-01T19:22:00.626+0000] {logging_mixin.py:188} INFO - [2026-06-01T19:22:00.626+0000] {dag.py:3954} INFO - Setting next_dagrun for example_bash_decorator to None, run_after=None
[2026-06-01T19:22:00.647+0000] {processor.py:183} INFO - Processing /home/airflow/.local/lib/python3.12/site-packages/airflow/example_dags/example_bash_decorator.py took 0.078 seconds
[2026-06-01T19:22:30.836+0000] {processor.py:161} INFO - Started process (PID=8931) to work on /home/airflow/.local/lib/python3.12/site-packages/airflow/example_dags/example_bash_decorator.py
[2026-06-01T19:22:30.837+0000] {processor.py:830} INFO - Processing file /home/airflow/.local/lib/python3.12/site-packages/airflow/example_dags/example_bash_decorator.py for tasks to queue
[2026-06-01T19:22:30.839+0000] {logging_mixin.py:188} INFO - [2026-06-01T19:22:30.839+0000] {dagbag.py:540} INFO - Filling up the DagBag from /home/airflow/.local/lib/python3.12/site-packages/airflow/example_dags/example_bash_decorator.py
[2026-06-01T19:22:30.853+0000] {processor.py:840} INFO - DAG(s) 'example_bash_decorator' retrieved from /home/airflow/.local/lib/python3.12/site-packages/airflow/example_dags/example_bash_decorator.py
[2026-06-01T19:22:30.874+0000] {logging_mixin.py:188} INFO - [2026-06-01T19:22:30.874+0000] {dag.py:3096} INFO - Sync 1 DAGs
[2026-06-01T19:22:30.886+0000] {logging_mixin.py:188} INFO - [2026-06-01T19:22:30.886+0000] {dag.py:3954} INFO - Setting next_dagrun for example_bash_decorator to None, run_after=None
[2026-06-01T19:22:30.905+0000] {processor.py:183} INFO - Processing /home/airflow/.local/lib/python3.12/site-packages/airflow/example_dags/example_bash_decorator.py took 0.075 seconds
[2026-06-01T19:23:01.579+0000] {processor.py:161} INFO - Started process (PID=8988) to work on /home/airflow/.local/lib/python3.12/site-packages/airflow/example_dags/example_bash_decorator.py
[2026-06-01T19:23:01.580+0000] {processor.py:830} INFO - Processing file /home/airflow/.local/lib/python3.12/site-packages/airflow/example_dags/example_bash_decorator.py for tasks to queue
[2026-06-01T19:23:01.582+0000] {logging_mixin.py:188} INFO - [2026-06-01T19:23:01.581+0000] {dagbag.py:540} INFO - Filling up the DagBag from /home/airflow/.local/lib/python3.12/site-packages/airflow/example_dags/example_bash_decorator.py
[2026-06-01T19:23:01.593+0000] {processor.py:840} INFO - DAG(s) 'example_bash_decorator' retrieved from /home/airflow/.local/lib/python3.12/site-packages/airflow/example_dags/example_bash_decorator.py
[2026-06-01T19:23:01.613+0000] {logging_mixin.py:188} INFO - [2026-06-01T19:23:01.612+0000] {dag.py:3096} INFO - Sync 1 DAGs
[2026-06-01T19:23:01.623+0000] {logging_mixin.py:188} INFO - [2026-06-01T19:23:01.623+0000] {dag.py:3954} INFO - Setting next_dagrun for example_bash_decorator to None, run_after=None
[2026-06-01T19:23:01.640+0000] {processor.py:183} INFO - Processing /home/airflow/.local/lib/python3.12/site-packages/airflow/example_dags/example_bash_decorator.py took 0.066 seconds
[2026-06-01T19:23:31.950+0000] {processor.py:161} INFO - Started process (PID=9047) to work on /home/airflow/.local/lib/python3.12/site-packages/airflow/example_dags/example_bash_decorator.py
[2026-06-01T19:23:31.952+0000] {processor.py:830} INFO - Processing file /home/airflow/.local/lib/python3.12/site-packages/airflow/example_dags/example_bash_decorator.py for tasks to queue
[2026-06-01T19:23:31.954+0000] {logging_mixin.py:188} INFO - [2026-06-01T19:23:31.953+0000] {dagbag.py:540} INFO - Filling up the DagBag from /home/airflow/.local/lib/python3.12/site-packages/airflow/example_dags/example_bash_decorator.py
[2026-06-01T19:23:31.966+0000] {processor.py:840} INFO - DAG(s) 'example_bash_decorator' retrieved from /home/airflow/.local/lib/python3.12/site-packages/airflow/example_dags/example_bash_decorator.py
[2026-06-01T19:23:31.989+0000] {logging_mixin.py:188} INFO - [2026-06-01T19:23:31.988+0000] {dag.py:3096} INFO - Sync 1 DAGs
[2026-06-01T19:23:31.999+0000] {logging_mixin.py:188} INFO - [2026-06-01T19:23:31.999+0000] {dag.py:3954} INFO - Setting next_dagrun for example_bash_decorator to None, run_after=None
[2026-06-01T19:23:32.017+0000] {processor.py:183} INFO - Processing /home/airflow/.local/lib/python3.12/site-packages/airflow/example_dags/example_bash_decorator.py took 0.072 seconds
[2026-06-01T19:24:02.156+0000] {processor.py:161} INFO - Started process (PID=9106) to work on /home/airflow/.local/lib/python3.12/site-packages/airflow/example_dags/example_bash_decorator.py
[2026-06-01T19:24:02.157+0000] {processor.py:830} INFO - Processing file /home/airflow/.local/lib/python3.12/site-packages/airflow/example_dags/example_bash_decorator.py for tasks to queue
[2026-06-01T19:24:02.159+0000] {logging_mixin.py:188} INFO - [2026-06-01T19:24:02.159+0000] {dagbag.py:540} INFO - Filling up the DagBag from /home/airflow/.local/lib/python3.12/site-packages/airflow/example_dags/example_bash_decorator.py
[2026-06-01T19:24:02.170+0000] {processor.py:840} INFO - DAG(s) 'example_bash_decorator' retrieved from /home/airflow/.local/lib/python3.12/site-packages/airflow/example_dags/example_bash_decorator.py
[2026-06-01T19:24:02.189+0000] {logging_mixin.py:188} INFO - [2026-06-01T19:24:02.189+0000] {dag.py:3096} INFO - Sync 1 DAGs
[2026-06-01T19:24:02.200+0000] {logging_mixin.py:188} INFO - [2026-06-01T19:24:02.200+0000] {dag.py:3954} INFO - Setting next_dagrun for example_bash_decorator to None, run_after=None
[2026-06-01T19:24:02.216+0000] {processor.py:183} INFO - Processing /home/airflow/.local/lib/python3.12/site-packages/airflow/example_dags/example_bash_decorator.py took 0.065 seconds
[2026-06-01T19:24:32.299+0000] {processor.py:161} INFO - Started process (PID=9165) to work on /home/airflow/.local/lib/python3.12/site-packages/airflow/example_dags/example_bash_decorator.py
[2026-06-01T19:24:32.300+0000] {processor.py:830} INFO - Processing file /home/airflow/.local/lib/python3.12/site-packages/airflow/example_dags/example_bash_decorator.py for tasks to queue
[2026-06-01T19:24:32.302+0000] {logging_mixin.py:188} INFO - [2026-06-01T19:24:32.302+0000] {dagbag.py:540} INFO - Filling up the DagBag from /home/airflow/.local/lib/python3.12/site-packages/airflow/example_dags/example_bash_decorator.py
[2026-06-01T19:24:32.313+0000] {processor.py:840} INFO - DAG(s) 'example_bash_decorator' retrieved from /home/airflow/.local/lib/python3.12/site-packages/airflow/example_dags/example_bash_decorator.py
[2026-06-01T19:24:32.331+0000] {logging_mixin.py:188} INFO - [2026-06-01T19:24:32.331+0000] {dag.py:3096} INFO - Sync 1 DAGs
[2026-06-01T19:24:32.341+0000] {logging_mixin.py:188} INFO - [2026-06-01T19:24:32.340+0000] {dag.py:3954} INFO - Setting next_dagrun for example_bash_decorator to None, run_after=None
[2026-06-01T19:24:32.357+0000] {processor.py:183} INFO - Processing /home/airflow/.local/lib/python3.12/site-packages/airflow/example_dags/example_bash_decorator.py took 0.064 seconds
[2026-06-01T19:25:02.662+0000] {processor.py:161} INFO - Started process (PID=9224) to work on /home/airflow/.local/lib/python3.12/site-packages/airflow/example_dags/example_bash_decorator.py
[2026-06-01T19:25:02.663+0000] {processor.py:830} INFO - Processing file /home/airflow/.local/lib/python3.12/site-packages/airflow/example_dags/example_bash_decorator.py for tasks to queue
[2026-06-01T19:25:02.665+0000] {logging_mixin.py:188} INFO - [2026-06-01T19:25:02.665+0000] {dagbag.py:540} INFO - Filling up the DagBag from /home/airflow/.local/lib/python3.12/site-packages/airflow/example_dags/example_bash_decorator.py
[2026-06-01T19:25:02.676+0000] {processor.py:840} INFO - DAG(s) 'example_bash_decorator' retrieved from /home/airflow/.local/lib/python3.12/site-packages/airflow/example_dags/example_bash_decorator.py
[2026-06-01T19:25:02.695+0000] {logging_mixin.py:188} INFO - [2026-06-01T19:25:02.695+0000] {dag.py:3096} INFO - Sync 1 DAGs
[2026-06-01T19:25:02.707+0000] {logging_mixin.py:188} INFO - [2026-06-01T19:25:02.706+0000] {dag.py:3954} INFO - Setting next_dagrun for example_bash_decorator to None, run_after=None
[2026-06-01T19:25:02.728+0000] {processor.py:183} INFO - Processing /home/airflow/.local/lib/python3.12/site-packages/airflow/example_dags/example_bash_decorator.py took 0.072 seconds
[2026-06-01T19:25:33.025+0000] {processor.py:161} INFO - Started process (PID=9283) to work on /home/airflow/.local/lib/python3.12/site-packages/airflow/example_dags/example_bash_decorator.py
[2026-06-01T19:25:33.026+0000] {processor.py:830} INFO - Processing file /home/airflow/.local/lib/python3.12/site-packages/airflow/example_dags/example_bash_decorator.py for tasks to queue
[2026-06-01T19:25:33.028+0000] {logging_mixin.py:188} INFO - [2026-06-01T19:25:33.028+0000] {dagbag.py:540} INFO - Filling up the DagBag from /home/airflow/.local/lib/python3.12/site-packages/airflow/example_dags/example_bash_decorator.py
[2026-06-01T19:25:33.041+0000] {processor.py:840} INFO - DAG(s) 'example_bash_decorator' retrieved from /home/airflow/.local/lib/python3.12/site-packages/airflow/example_dags/example_bash_decorator.py
[2026-06-01T19:25:33.063+0000] {logging_mixin.py:188} INFO - [2026-06-01T19:25:33.062+0000] {dag.py:3096} INFO - Sync 1 DAGs
[2026-06-01T19:25:33.073+0000] {logging_mixin.py:188} INFO - [2026-06-01T19:25:33.073+0000] {dag.py:3954} INFO - Setting next_dagrun for example_bash_decorator to None, run_after=None
[2026-06-01T19:25:33.091+0000] {processor.py:183} INFO - Processing /home/airflow/.local/lib/python3.12/site-packages/airflow/example_dags/example_bash_decorator.py took 0.071 seconds
[2026-06-01T19:26:03.277+0000] {processor.py:161} INFO - Started process (PID=9342) to work on /home/airflow/.local/lib/python3.12/site-packages/airflow/example_dags/example_bash_decorator.py
[2026-06-01T19:26:03.278+0000] {processor.py:830} INFO - Processing file /home/airflow/.local/lib/python3.12/site-packages/airflow/example_dags/example_bash_decorator.py for tasks to queue
[2026-06-01T19:26:03.280+0000] {logging_mixin.py:188} INFO - [2026-06-01T19:26:03.280+0000] {dagbag.py:540} INFO - Filling up the DagBag from /home/airflow/.local/lib/python3.12/site-packages/airflow/example_dags/example_bash_decorator.py
[2026-06-01T19:26:03.292+0000] {processor.py:840} INFO - DAG(s) 'example_bash_decorator' retrieved from /home/airflow/.local/lib/python3.12/site-packages/airflow/example_dags/example_bash_decorator.py
[2026-06-01T19:26:03.313+0000] {logging_mixin.py:188} INFO - [2026-06-01T19:26:03.313+0000] {dag.py:3096} INFO - Sync 1 DAGs
[2026-06-01T19:26:03.323+0000] {logging_mixin.py:188} INFO - [2026-06-01T19:26:03.323+0000] {dag.py:3954} INFO - Setting next_dagrun for example_bash_decorator to None, run_after=None
[2026-06-01T19:26:03.341+0000] {processor.py:183} INFO - Processing /home/airflow/.local/lib/python3.12/site-packages/airflow/example_dags/example_bash_decorator.py took 0.069 seconds
[2026-06-01T19:26:33.493+0000] {processor.py:161} INFO - Started process (PID=9401) to work on /home/airflow/.local/lib/python3.12/site-packages/airflow/example_dags/example_bash_decorator.py
[2026-06-01T19:26:33.494+0000] {processor.py:830} INFO - Processing file /home/airflow/.local/lib/python3.12/site-packages/airflow/example_dags/example_bash_decorator.py for tasks to queue
[2026-06-01T19:26:33.496+0000] {logging_mixin.py:188} INFO - [2026-06-01T19:26:33.496+0000] {dagbag.py:540} INFO - Filling up the DagBag from /home/airflow/.local/lib/python3.12/site-packages/airflow/example_dags/example_bash_decorator.py
[2026-06-01T19:26:33.507+0000] {processor.py:840} INFO - DAG(s) 'example_bash_decorator' retrieved from /home/airflow/.local/lib/python3.12/site-packages/airflow/example_dags/example_bash_decorator.py
[2026-06-01T19:26:33.529+0000] {logging_mixin.py:188} INFO - [2026-06-01T19:26:33.528+0000] {dag.py:3096} INFO - Sync 1 DAGs
[2026-06-01T19:26:33.539+0000] {logging_mixin.py:188} INFO - [2026-06-01T19:26:33.539+0000] {dag.py:3954} INFO - Setting next_dagrun for example_bash_decorator to None, run_after=None
[2026-06-01T19:26:33.557+0000] {processor.py:183} INFO - Processing /home/airflow/.local/lib/python3.12/site-packages/airflow/example_dags/example_bash_decorator.py took 0.068 seconds
[2026-06-01T19:27:04.371+0000] {processor.py:161} INFO - Started process (PID=9460) to work on /home/airflow/.local/lib/python3.12/site-packages/airflow/example_dags/example_bash_decorator.py
[2026-06-01T19:27:04.372+0000] {processor.py:830} INFO - Processing file /home/airflow/.local/lib/python3.12/site-packages/airflow/example_dags/example_bash_decorator.py for tasks to queue
[2026-06-01T19:27:04.374+0000] {logging_mixin.py:188} INFO - [2026-06-01T19:27:04.373+0000] {dagbag.py:540} INFO - Filling up the DagBag from /home/airflow/.local/lib/python3.12/site-packages/airflow/example_dags/example_bash_decorator.py
[2026-06-01T19:27:04.386+0000] {processor.py:840} INFO - DAG(s) 'example_bash_decorator' retrieved from /home/airflow/.local/lib/python3.12/site-packages/airflow/example_dags/example_bash_decorator.py
[2026-06-01T19:27:04.404+0000] {logging_mixin.py:188} INFO - [2026-06-01T19:27:04.404+0000] {dag.py:3096} INFO - Sync 1 DAGs
[2026-06-01T19:27:04.414+0000] {logging_mixin.py:188} INFO - [2026-06-01T19:27:04.413+0000] {dag.py:3954} INFO - Setting next_dagrun for example_bash_decorator to None, run_after=None
[2026-06-01T19:27:04.430+0000] {processor.py:183} INFO - Processing /home/airflow/.local/lib/python3.12/site-packages/airflow/example_dags/example_bash_decorator.py took 0.064 seconds
[2026-06-01T19:27:34.475+0000] {processor.py:161} INFO - Started process (PID=9519) to work on /home/airflow/.local/lib/python3.12/site-packages/airflow/example_dags/example_bash_decorator.py
[2026-06-01T19:27:34.476+0000] {processor.py:830} INFO - Processing file /home/airflow/.local/lib/python3.12/site-packages/airflow/example_dags/example_bash_decorator.py for tasks to queue
[2026-06-01T19:27:34.478+0000] {logging_mixin.py:188} INFO - [2026-06-01T19:27:34.478+0000] {dagbag.py:540} INFO - Filling up the DagBag from /home/airflow/.local/lib/python3.12/site-packages/airflow/example_dags/example_bash_decorator.py
[2026-06-01T19:27:34.491+0000] {processor.py:840} INFO - DAG(s) 'example_bash_decorator' retrieved from /home/airflow/.local/lib/python3.12/site-packages/airflow/example_dags/example_bash_decorator.py
[2026-06-01T19:27:34.511+0000] {logging_mixin.py:188} INFO - [2026-06-01T19:27:34.511+0000] {dag.py:3096} INFO - Sync 1 DAGs
[2026-06-01T19:27:34.522+0000] {logging_mixin.py:188} INFO - [2026-06-01T19:27:34.522+0000] {dag.py:3954} INFO - Setting next_dagrun for example_bash_decorator to None, run_after=None
[2026-06-01T19:27:34.539+0000] {processor.py:183} INFO - Processing /home/airflow/.local/lib/python3.12/site-packages/airflow/example_dags/example_bash_decorator.py took 0.070 seconds
[2026-06-01T19:28:05.210+0000] {processor.py:161} INFO - Started process (PID=9578) to work on /home/airflow/.local/lib/python3.12/site-packages/airflow/example_dags/example_bash_decorator.py
[2026-06-01T19:28:05.211+0000] {processor.py:830} INFO - Processing file /home/airflow/.local/lib/python3.12/site-packages/airflow/example_dags/example_bash_decorator.py for tasks to queue
[2026-06-01T19:28:05.213+0000] {logging_mixin.py:188} INFO - [2026-06-01T19:28:05.213+0000] {dagbag.py:540} INFO - Filling up the DagBag from /home/airflow/.local/lib/python3.12/site-packages/airflow/example_dags/example_bash_decorator.py
[2026-06-01T19:28:05.226+0000] {processor.py:840} INFO - DAG(s) 'example_bash_decorator' retrieved from /home/airflow/.local/lib/python3.12/site-packages/airflow/example_dags/example_bash_decorator.py
[2026-06-01T19:28:05.246+0000] {logging_mixin.py:188} INFO - [2026-06-01T19:28:05.246+0000] {dag.py:3096} INFO - Sync 1 DAGs
[2026-06-01T19:28:05.258+0000] {logging_mixin.py:188} INFO - [2026-06-01T19:28:05.258+0000] {dag.py:3954} INFO - Setting next_dagrun for example_bash_decorator to None, run_after=None
[2026-06-01T19:28:05.281+0000] {processor.py:183} INFO - Processing /home/airflow/.local/lib/python3.12/site-packages/airflow/example_dags/example_bash_decorator.py took 0.076 seconds
[2026-06-01T19:28:36.506+0000] {processor.py:161} INFO - Started process (PID=9637) to work on /home/airflow/.local/lib/python3.12/site-packages/airflow/example_dags/example_bash_decorator.py
[2026-06-01T19:28:36.508+0000] {processor.py:830} INFO - Processing file /home/airflow/.local/lib/python3.12/site-packages/airflow/example_dags/example_bash_decorator.py for tasks to queue
[2026-06-01T19:28:36.510+0000] {logging_mixin.py:188} INFO - [2026-06-01T19:28:36.510+0000] {dagbag.py:540} INFO - Filling up the DagBag from /home/airflow/.local/lib/python3.12/site-packages/airflow/example_dags/example_bash_decorator.py
[2026-06-01T19:28:36.523+0000] {processor.py:840} INFO - DAG(s) 'example_bash_decorator' retrieved from /home/airflow/.local/lib/python3.12/site-packages/airflow/example_dags/example_bash_decorator.py
[2026-06-01T19:28:36.546+0000] {logging_mixin.py:188} INFO - [2026-06-01T19:28:36.546+0000] {dag.py:3096} INFO - Sync 1 DAGs
[2026-06-01T19:28:36.557+0000] {logging_mixin.py:188} INFO - [2026-06-01T19:28:36.557+0000] {dag.py:3954} INFO - Setting next_dagrun for example_bash_decorator to None, run_after=None
[2026-06-01T19:28:36.574+0000] {processor.py:183} INFO - Processing /home/airflow/.local/lib/python3.12/site-packages/airflow/example_dags/example_bash_decorator.py took 0.073 seconds
[2026-06-01T19:29:07.622+0000] {processor.py:161} INFO - Started process (PID=9696) to work on /home/airflow/.local/lib/python3.12/site-packages/airflow/example_dags/example_bash_decorator.py
[2026-06-01T19:29:07.623+0000] {processor.py:830} INFO - Processing file /home/airflow/.local/lib/python3.12/site-packages/airflow/example_dags/example_bash_decorator.py for tasks to queue
[2026-06-01T19:29:07.625+0000] {logging_mixin.py:188} INFO - [2026-06-01T19:29:07.624+0000] {dagbag.py:540} INFO - Filling up the DagBag from /home/airflow/.local/lib/python3.12/site-packages/airflow/example_dags/example_bash_decorator.py
[2026-06-01T19:29:07.637+0000] {processor.py:840} INFO - DAG(s) 'example_bash_decorator' retrieved from /home/airflow/.local/lib/python3.12/site-packages/airflow/example_dags/example_bash_decorator.py
[2026-06-01T19:29:07.657+0000] {logging_mixin.py:188} INFO - [2026-06-01T19:29:07.657+0000] {dag.py:3096} INFO - Sync 1 DAGs
[2026-06-01T19:29:07.806+0000] {logging_mixin.py:188} INFO - [2026-06-01T19:29:07.806+0000] {dag.py:3954} INFO - Setting next_dagrun for example_bash_decorator to None, run_after=None
[2026-06-01T19:29:07.823+0000] {processor.py:183} INFO - Processing /home/airflow/.local/lib/python3.12/site-packages/airflow/example_dags/example_bash_decorator.py took 0.206 seconds
[2026-06-01T19:29:38.086+0000] {processor.py:161} INFO - Started process (PID=9755) to work on /home/airflow/.local/lib/python3.12/site-packages/airflow/example_dags/example_bash_decorator.py
[2026-06-01T19:29:38.087+0000] {processor.py:830} INFO - Processing file /home/airflow/.local/lib/python3.12/site-packages/airflow/example_dags/example_bash_decorator.py for tasks to queue
[2026-06-01T19:29:38.089+0000] {logging_mixin.py:188} INFO - [2026-06-01T19:29:38.089+0000] {dagbag.py:540} INFO - Filling up the DagBag from /home/airflow/.local/lib/python3.12/site-packages/airflow/example_dags/example_bash_decorator.py
[2026-06-01T19:29:38.102+0000] {processor.py:840} INFO - DAG(s) 'example_bash_decorator' retrieved from /home/airflow/.local/lib/python3.12/site-packages/airflow/example_dags/example_bash_decorator.py
[2026-06-01T19:29:38.123+0000] {logging_mixin.py:188} INFO - [2026-06-01T19:29:38.123+0000] {dag.py:3096} INFO - Sync 1 DAGs
[2026-06-01T19:29:38.272+0000] {logging_mixin.py:188} INFO - [2026-06-01T19:29:38.272+0000] {dag.py:3954} INFO - Setting next_dagrun for example_bash_decorator to None, run_after=None
[2026-06-01T19:29:38.291+0000] {processor.py:183} INFO - Processing /home/airflow/.local/lib/python3.12/site-packages/airflow/example_dags/example_bash_decorator.py took 0.210 seconds
[2026-06-01T19:30:08.578+0000] {processor.py:161} INFO - Started process (PID=9814) to work on /home/airflow/.local/lib/python3.12/site-packages/airflow/example_dags/example_bash_decorator.py
[2026-06-01T19:30:08.580+0000] {processor.py:830} INFO - Processing file /home/airflow/.local/lib/python3.12/site-packages/airflow/example_dags/example_bash_decorator.py for tasks to queue
[2026-06-01T19:30:08.583+0000] {logging_mixin.py:188} INFO - [2026-06-01T19:30:08.583+0000] {dagbag.py:540} INFO - Filling up the DagBag from /home/airflow/.local/lib/python3.12/site-packages/airflow/example_dags/example_bash_decorator.py
[2026-06-01T19:30:08.604+0000] {processor.py:840} INFO - DAG(s) 'example_bash_decorator' retrieved from /home/airflow/.local/lib/python3.12/site-packages/airflow/example_dags/example_bash_decorator.py
[2026-06-01T19:30:08.635+0000] {logging_mixin.py:188} INFO - [2026-06-01T19:30:08.635+0000] {dag.py:3096} INFO - Sync 1 DAGs
[2026-06-01T19:30:08.650+0000] {logging_mixin.py:188} INFO - [2026-06-01T19:30:08.649+0000] {dag.py:3954} INFO - Setting next_dagrun for example_bash_decorator to None, run_after=None
[2026-06-01T19:30:08.811+0000] {processor.py:183} INFO - Processing /home/airflow/.local/lib/python3.12/site-packages/airflow/example_dags/example_bash_decorator.py took 0.240 seconds
[2026-06-01T19:30:38.959+0000] {processor.py:161} INFO - Started process (PID=9873) to work on /home/airflow/.local/lib/python3.12/site-packages/airflow/example_dags/example_bash_decorator.py
[2026-06-01T19:30:38.961+0000] {processor.py:830} INFO - Processing file /home/airflow/.local/lib/python3.12/site-packages/airflow/example_dags/example_bash_decorator.py for tasks to queue
[2026-06-01T19:30:38.963+0000] {logging_mixin.py:188} INFO - [2026-06-01T19:30:38.962+0000] {dagbag.py:540} INFO - Filling up the DagBag from /home/airflow/.local/lib/python3.12/site-packages/airflow/example_dags/example_bash_decorator.py
[2026-06-01T19:30:38.975+0000] {processor.py:840} INFO - DAG(s) 'example_bash_decorator' retrieved from /home/airflow/.local/lib/python3.12/site-packages/airflow/example_dags/example_bash_decorator.py
[2026-06-01T19:30:38.995+0000] {logging_mixin.py:188} INFO - [2026-06-01T19:30:38.995+0000] {dag.py:3096} INFO - Sync 1 DAGs
[2026-06-01T19:30:39.006+0000] {logging_mixin.py:188} INFO - [2026-06-01T19:30:39.006+0000] {dag.py:3954} INFO - Setting next_dagrun for example_bash_decorator to None, run_after=None
[2026-06-01T19:30:39.024+0000] {processor.py:183} INFO - Processing /home/airflow/.local/lib/python3.12/site-packages/airflow/example_dags/example_bash_decorator.py took 0.071 seconds
[2026-06-01T19:31:09.276+0000] {processor.py:161} INFO - Started process (PID=9932) to work on /home/airflow/.local/lib/python3.12/site-packages/airflow/example_dags/example_bash_decorator.py
[2026-06-01T19:31:09.277+0000] {processor.py:830} INFO - Processing file /home/airflow/.local/lib/python3.12/site-packages/airflow/example_dags/example_bash_decorator.py for tasks to queue
[2026-06-01T19:31:09.278+0000] {logging_mixin.py:188} INFO - [2026-06-01T19:31:09.278+0000] {dagbag.py:540} INFO - Filling up the DagBag from /home/airflow/.local/lib/python3.12/site-packages/airflow/example_dags/example_bash_decorator.py
[2026-06-01T19:31:09.290+0000] {processor.py:840} INFO - DAG(s) 'example_bash_decorator' retrieved from /home/airflow/.local/lib/python3.12/site-packages/airflow/example_dags/example_bash_decorator.py
[2026-06-01T19:31:09.309+0000] {logging_mixin.py:188} INFO - [2026-06-01T19:31:09.309+0000] {dag.py:3096} INFO - Sync 1 DAGs
[2026-06-01T19:31:09.320+0000] {logging_mixin.py:188} INFO - [2026-06-01T19:31:09.320+0000] {dag.py:3954} INFO - Setting next_dagrun for example_bash_decorator to None, run_after=None
[2026-06-01T19:31:09.336+0000] {processor.py:183} INFO - Processing /home/airflow/.local/lib/python3.12/site-packages/airflow/example_dags/example_bash_decorator.py took 0.066 seconds
[2026-06-01T19:31:39.445+0000] {processor.py:161} INFO - Started process (PID=9991) to work on /home/airflow/.local/lib/python3.12/site-packages/airflow/example_dags/example_bash_decorator.py
[2026-06-01T19:31:39.446+0000] {processor.py:830} INFO - Processing file /home/airflow/.local/lib/python3.12/site-packages/airflow/example_dags/example_bash_decorator.py for tasks to queue
[2026-06-01T19:31:39.448+0000] {logging_mixin.py:188} INFO - [2026-06-01T19:31:39.447+0000] {dagbag.py:540} INFO - Filling up the DagBag from /home/airflow/.local/lib/python3.12/site-packages/airflow/example_dags/example_bash_decorator.py
[2026-06-01T19:31:39.460+0000] {processor.py:840} INFO - DAG(s) 'example_bash_decorator' retrieved from /home/airflow/.local/lib/python3.12/site-packages/airflow/example_dags/example_bash_decorator.py
[2026-06-01T19:31:39.482+0000] {logging_mixin.py:188} INFO - [2026-06-01T19:31:39.481+0000] {dag.py:3096} INFO - Sync 1 DAGs
[2026-06-01T19:31:39.496+0000] {logging_mixin.py:188} INFO - [2026-06-01T19:31:39.495+0000] {dag.py:3954} INFO - Setting next_dagrun for example_bash_decorator to None, run_after=None
[2026-06-01T19:31:39.515+0000] {processor.py:183} INFO - Processing /home/airflow/.local/lib/python3.12/site-packages/airflow/example_dags/example_bash_decorator.py took 0.075 seconds
[2026-06-01T19:32:09.638+0000] {processor.py:161} INFO - Started process (PID=10050) to work on /home/airflow/.local/lib/python3.12/site-packages/airflow/example_dags/example_bash_decorator.py
[2026-06-01T19:32:09.639+0000] {processor.py:830} INFO - Processing file /home/airflow/.local/lib/python3.12/site-packages/airflow/example_dags/example_bash_decorator.py for tasks to queue
[2026-06-01T19:32:09.641+0000] {logging_mixin.py:188} INFO - [2026-06-01T19:32:09.641+0000] {dagbag.py:540} INFO - Filling up the DagBag from /home/airflow/.local/lib/python3.12/site-packages/airflow/example_dags/example_bash_decorator.py
[2026-06-01T19:32:09.653+0000] {processor.py:840} INFO - DAG(s) 'example_bash_decorator' retrieved from /home/airflow/.local/lib/python3.12/site-packages/airflow/example_dags/example_bash_decorator.py
[2026-06-01T19:32:09.672+0000] {logging_mixin.py:188} INFO - [2026-06-01T19:32:09.672+0000] {dag.py:3096} INFO - Sync 1 DAGs
[2026-06-01T19:32:09.683+0000] {logging_mixin.py:188} INFO - [2026-06-01T19:32:09.682+0000] {dag.py:3954} INFO - Setting next_dagrun for example_bash_decorator to None, run_after=None
[2026-06-01T19:32:09.703+0000] {processor.py:183} INFO - Processing /home/airflow/.local/lib/python3.12/site-packages/airflow/example_dags/example_bash_decorator.py took 0.070 seconds
[2026-06-01T19:32:40.398+0000] {processor.py:161} INFO - Started process (PID=10109) to work on /home/airflow/.local/lib/python3.12/site-packages/airflow/example_dags/example_bash_decorator.py
[2026-06-01T19:32:40.399+0000] {processor.py:830} INFO - Processing file /home/airflow/.local/lib/python3.12/site-packages/airflow/example_dags/example_bash_decorator.py for tasks to queue
[2026-06-01T19:32:40.401+0000] {logging_mixin.py:188} INFO - [2026-06-01T19:32:40.401+0000] {dagbag.py:540} INFO - Filling up the DagBag from /home/airflow/.local/lib/python3.12/site-packages/airflow/example_dags/example_bash_decorator.py
[2026-06-01T19:32:40.413+0000] {processor.py:840} INFO - DAG(s) 'example_bash_decorator' retrieved from /home/airflow/.local/lib/python3.12/site-packages/airflow/example_dags/example_bash_decorator.py
[2026-06-01T19:32:40.433+0000] {logging_mixin.py:188} INFO - [2026-06-01T19:32:40.433+0000] {dag.py:3096} INFO - Sync 1 DAGs
[2026-06-01T19:32:40.445+0000] {logging_mixin.py:188} INFO - [2026-06-01T19:32:40.445+0000] {dag.py:3954} INFO - Setting next_dagrun for example_bash_decorator to None, run_after=None
[2026-06-01T19:32:40.462+0000] {processor.py:183} INFO - Processing /home/airflow/.local/lib/python3.12/site-packages/airflow/example_dags/example_bash_decorator.py took 0.070 seconds
[2026-06-01T19:33:11.122+0000] {processor.py:161} INFO - Started process (PID=10169) to work on /home/airflow/.local/lib/python3.12/site-packages/airflow/example_dags/example_bash_decorator.py
[2026-06-01T19:33:11.123+0000] {processor.py:830} INFO - Processing file /home/airflow/.local/lib/python3.12/site-packages/airflow/example_dags/example_bash_decorator.py for tasks to queue
[2026-06-01T19:33:11.126+0000] {logging_mixin.py:188} INFO - [2026-06-01T19:33:11.125+0000] {dagbag.py:540} INFO - Filling up the DagBag from /home/airflow/.local/lib/python3.12/site-packages/airflow/example_dags/example_bash_decorator.py
[2026-06-01T19:33:11.144+0000] {processor.py:840} INFO - DAG(s) 'example_bash_decorator' retrieved from /home/airflow/.local/lib/python3.12/site-packages/airflow/example_dags/example_bash_decorator.py
[2026-06-01T19:33:11.168+0000] {logging_mixin.py:188} INFO - [2026-06-01T19:33:11.168+0000] {dag.py:3096} INFO - Sync 1 DAGs
[2026-06-01T19:33:11.179+0000] {logging_mixin.py:188} INFO - [2026-06-01T19:33:11.179+0000] {dag.py:3954} INFO - Setting next_dagrun for example_bash_decorator to None, run_after=None
[2026-06-01T19:33:11.197+0000] {processor.py:183} INFO - Processing /home/airflow/.local/lib/python3.12/site-packages/airflow/example_dags/example_bash_decorator.py took 0.081 seconds
[2026-06-01T19:33:41.920+0000] {processor.py:161} INFO - Started process (PID=10227) to work on /home/airflow/.local/lib/python3.12/site-packages/airflow/example_dags/example_bash_decorator.py
[2026-06-01T19:33:41.922+0000] {processor.py:830} INFO - Processing file /home/airflow/.local/lib/python3.12/site-packages/airflow/example_dags/example_bash_decorator.py for tasks to queue
[2026-06-01T19:33:41.924+0000] {logging_mixin.py:188} INFO - [2026-06-01T19:33:41.923+0000] {dagbag.py:540} INFO - Filling up the DagBag from /home/airflow/.local/lib/python3.12/site-packages/airflow/example_dags/example_bash_decorator.py
[2026-06-01T19:33:41.937+0000] {processor.py:840} INFO - DAG(s) 'example_bash_decorator' retrieved from /home/airflow/.local/lib/python3.12/site-packages/airflow/example_dags/example_bash_decorator.py
[2026-06-01T19:33:41.959+0000] {logging_mixin.py:188} INFO - [2026-06-01T19:33:41.959+0000] {dag.py:3096} INFO - Sync 1 DAGs
[2026-06-01T19:33:41.970+0000] {logging_mixin.py:188} INFO - [2026-06-01T19:33:41.970+0000] {dag.py:3954} INFO - Setting next_dagrun for example_bash_decorator to None, run_after=None
[2026-06-01T19:33:41.989+0000] {processor.py:183} INFO - Processing /home/airflow/.local/lib/python3.12/site-packages/airflow/example_dags/example_bash_decorator.py took 0.074 seconds
[2026-06-01T19:34:12.737+0000] {processor.py:161} INFO - Started process (PID=10286) to work on /home/airflow/.local/lib/python3.12/site-packages/airflow/example_dags/example_bash_decorator.py
[2026-06-01T19:34:12.739+0000] {processor.py:830} INFO - Processing file /home/airflow/.local/lib/python3.12/site-packages/airflow/example_dags/example_bash_decorator.py for tasks to queue
[2026-06-01T19:34:12.741+0000] {logging_mixin.py:188} INFO - [2026-06-01T19:34:12.740+0000] {dagbag.py:540} INFO - Filling up the DagBag from /home/airflow/.local/lib/python3.12/site-packages/airflow/example_dags/example_bash_decorator.py
[2026-06-01T19:34:12.753+0000] {processor.py:840} INFO - DAG(s) 'example_bash_decorator' retrieved from /home/airflow/.local/lib/python3.12/site-packages/airflow/example_dags/example_bash_decorator.py
[2026-06-01T19:34:12.772+0000] {logging_mixin.py:188} INFO - [2026-06-01T19:34:12.771+0000] {dag.py:3096} INFO - Sync 1 DAGs
[2026-06-01T19:34:12.783+0000] {logging_mixin.py:188} INFO - [2026-06-01T19:34:12.783+0000] {dag.py:3954} INFO - Setting next_dagrun for example_bash_decorator to None, run_after=None
[2026-06-01T19:34:12.806+0000] {processor.py:183} INFO - Processing /home/airflow/.local/lib/python3.12/site-packages/airflow/example_dags/example_bash_decorator.py took 0.074 seconds
[2026-06-01T19:34:43.311+0000] {processor.py:161} INFO - Started process (PID=10345) to work on /home/airflow/.local/lib/python3.12/site-packages/airflow/example_dags/example_bash_decorator.py
[2026-06-01T19:34:43.313+0000] {processor.py:830} INFO - Processing file /home/airflow/.local/lib/python3.12/site-packages/airflow/example_dags/example_bash_decorator.py for tasks to queue
[2026-06-01T19:34:43.315+0000] {logging_mixin.py:188} INFO - [2026-06-01T19:34:43.314+0000] {dagbag.py:540} INFO - Filling up the DagBag from /home/airflow/.local/lib/python3.12/site-packages/airflow/example_dags/example_bash_decorator.py
[2026-06-01T19:34:43.326+0000] {processor.py:840} INFO - DAG(s) 'example_bash_decorator' retrieved from /home/airflow/.local/lib/python3.12/site-packages/airflow/example_dags/example_bash_decorator.py
[2026-06-01T19:34:43.346+0000] {logging_mixin.py:188} INFO - [2026-06-01T19:34:43.346+0000] {dag.py:3096} INFO - Sync 1 DAGs
[2026-06-01T19:34:43.357+0000] {logging_mixin.py:188} INFO - [2026-06-01T19:34:43.357+0000] {dag.py:3954} INFO - Setting next_dagrun for example_bash_decorator to None, run_after=None
[2026-06-01T19:34:43.374+0000] {processor.py:183} INFO - Processing /home/airflow/.local/lib/python3.12/site-packages/airflow/example_dags/example_bash_decorator.py took 0.068 seconds
[2026-06-01T19:35:13.924+0000] {processor.py:161} INFO - Started process (PID=10404) to work on /home/airflow/.local/lib/python3.12/site-packages/airflow/example_dags/example_bash_decorator.py
[2026-06-01T19:35:13.925+0000] {processor.py:830} INFO - Processing file /home/airflow/.local/lib/python3.12/site-packages/airflow/example_dags/example_bash_decorator.py for tasks to queue
[2026-06-01T19:35:13.927+0000] {logging_mixin.py:188} INFO - [2026-06-01T19:35:13.927+0000] {dagbag.py:540} INFO - Filling up the DagBag from /home/airflow/.local/lib/python3.12/site-packages/airflow/example_dags/example_bash_decorator.py
[2026-06-01T19:35:13.939+0000] {processor.py:840} INFO - DAG(s) 'example_bash_decorator' retrieved from /home/airflow/.local/lib/python3.12/site-packages/airflow/example_dags/example_bash_decorator.py
[2026-06-01T19:35:13.957+0000] {logging_mixin.py:188} INFO - [2026-06-01T19:35:13.957+0000] {dag.py:3096} INFO - Sync 1 DAGs
[2026-06-01T19:35:13.970+0000] {logging_mixin.py:188} INFO - [2026-06-01T19:35:13.970+0000] {dag.py:3954} INFO - Setting next_dagrun for example_bash_decorator to None, run_after=None
[2026-06-01T19:35:13.986+0000] {processor.py:183} INFO - Processing /home/airflow/.local/lib/python3.12/site-packages/airflow/example_dags/example_bash_decorator.py took 0.066 seconds
[2026-06-01T19:35:44.808+0000] {processor.py:161} INFO - Started process (PID=10463) to work on /home/airflow/.local/lib/python3.12/site-packages/airflow/example_dags/example_bash_decorator.py
[2026-06-01T19:35:44.809+0000] {processor.py:830} INFO - Processing file /home/airflow/.local/lib/python3.12/site-packages/airflow/example_dags/example_bash_decorator.py for tasks to queue
[2026-06-01T19:35:44.811+0000] {logging_mixin.py:188} INFO - [2026-06-01T19:35:44.811+0000] {dagbag.py:540} INFO - Filling up the DagBag from /home/airflow/.local/lib/python3.12/site-packages/airflow/example_dags/example_bash_decorator.py
[2026-06-01T19:35:44.823+0000] {processor.py:840} INFO - DAG(s) 'example_bash_decorator' retrieved from /home/airflow/.local/lib/python3.12/site-packages/airflow/example_dags/example_bash_decorator.py
[2026-06-01T19:35:44.842+0000] {logging_mixin.py:188} INFO - [2026-06-01T19:35:44.842+0000] {dag.py:3096} INFO - Sync 1 DAGs
[2026-06-01T19:35:44.852+0000] {logging_mixin.py:188} INFO - [2026-06-01T19:35:44.851+0000] {dag.py:3954} INFO - Setting next_dagrun for example_bash_decorator to None, run_after=None
[2026-06-01T19:35:44.869+0000] {processor.py:183} INFO - Processing /home/airflow/.local/lib/python3.12/site-packages/airflow/example_dags/example_bash_decorator.py took 0.066 seconds
[2026-06-01T19:36:15.535+0000] {processor.py:161} INFO - Started process (PID=10522) to work on /home/airflow/.local/lib/python3.12/site-packages/airflow/example_dags/example_bash_decorator.py
[2026-06-01T19:36:15.536+0000] {processor.py:830} INFO - Processing file /home/airflow/.local/lib/python3.12/site-packages/airflow/example_dags/example_bash_decorator.py for tasks to queue
[2026-06-01T19:36:15.539+0000] {logging_mixin.py:188} INFO - [2026-06-01T19:36:15.538+0000] {dagbag.py:540} INFO - Filling up the DagBag from /home/airflow/.local/lib/python3.12/site-packages/airflow/example_dags/example_bash_decorator.py
[2026-06-01T19:36:15.552+0000] {processor.py:840} INFO - DAG(s) 'example_bash_decorator' retrieved from /home/airflow/.local/lib/python3.12/site-packages/airflow/example_dags/example_bash_decorator.py
[2026-06-01T19:36:15.572+0000] {logging_mixin.py:188} INFO - [2026-06-01T19:36:15.571+0000] {dag.py:3096} INFO - Sync 1 DAGs
[2026-06-01T19:36:15.582+0000] {logging_mixin.py:188} INFO - [2026-06-01T19:36:15.582+0000] {dag.py:3954} INFO - Setting next_dagrun for example_bash_decorator to None, run_after=None
[2026-06-01T19:36:15.600+0000] {processor.py:183} INFO - Processing /home/airflow/.local/lib/python3.12/site-packages/airflow/example_dags/example_bash_decorator.py took 0.072 seconds
[2026-06-01T19:36:46.259+0000] {processor.py:161} INFO - Started process (PID=10581) to work on /home/airflow/.local/lib/python3.12/site-packages/airflow/example_dags/example_bash_decorator.py
[2026-06-01T19:36:46.261+0000] {processor.py:830} INFO - Processing file /home/airflow/.local/lib/python3.12/site-packages/airflow/example_dags/example_bash_decorator.py for tasks to queue
[2026-06-01T19:36:46.264+0000] {logging_mixin.py:188} INFO - [2026-06-01T19:36:46.263+0000] {dagbag.py:540} INFO - Filling up the DagBag from /home/airflow/.local/lib/python3.12/site-packages/airflow/example_dags/example_bash_decorator.py
[2026-06-01T19:36:46.275+0000] {processor.py:840} INFO - DAG(s) 'example_bash_decorator' retrieved from /home/airflow/.local/lib/python3.12/site-packages/airflow/example_dags/example_bash_decorator.py
[2026-06-01T19:36:46.300+0000] {logging_mixin.py:188} INFO - [2026-06-01T19:36:46.300+0000] {dag.py:3096} INFO - Sync 1 DAGs
[2026-06-01T19:36:46.315+0000] {logging_mixin.py:188} INFO - [2026-06-01T19:36:46.315+0000] {dag.py:3954} INFO - Setting next_dagrun for example_bash_decorator to None, run_after=None
[2026-06-01T19:36:46.338+0000] {processor.py:183} INFO - Processing /home/airflow/.local/lib/python3.12/site-packages/airflow/example_dags/example_bash_decorator.py took 0.084 seconds
[2026-06-01T19:37:16.884+0000] {processor.py:161} INFO - Started process (PID=10640) to work on /home/airflow/.local/lib/python3.12/site-packages/airflow/example_dags/example_bash_decorator.py
[2026-06-01T19:37:16.885+0000] {processor.py:830} INFO - Processing file /home/airflow/.local/lib/python3.12/site-packages/airflow/example_dags/example_bash_decorator.py for tasks to queue
[2026-06-01T19:37:16.887+0000] {logging_mixin.py:188} INFO - [2026-06-01T19:37:16.886+0000] {dagbag.py:540} INFO - Filling up the DagBag from /home/airflow/.local/lib/python3.12/site-packages/airflow/example_dags/example_bash_decorator.py
[2026-06-01T19:37:16.899+0000] {processor.py:840} INFO - DAG(s) 'example_bash_decorator' retrieved from /home/airflow/.local/lib/python3.12/site-packages/airflow/example_dags/example_bash_decorator.py
[2026-06-01T19:37:16.918+0000] {logging_mixin.py:188} INFO - [2026-06-01T19:37:16.918+0000] {dag.py:3096} INFO - Sync 1 DAGs
[2026-06-01T19:37:16.928+0000] {logging_mixin.py:188} INFO - [2026-06-01T19:37:16.928+0000] {dag.py:3954} INFO - Setting next_dagrun for example_bash_decorator to None, run_after=None
[2026-06-01T19:37:16.944+0000] {processor.py:183} INFO - Processing /home/airflow/.local/lib/python3.12/site-packages/airflow/example_dags/example_bash_decorator.py took 0.065 seconds
[2026-06-01T19:37:47.543+0000] {processor.py:161} INFO - Started process (PID=10700) to work on /home/airflow/.local/lib/python3.12/site-packages/airflow/example_dags/example_bash_decorator.py
[2026-06-01T19:37:47.544+0000] {processor.py:830} INFO - Processing file /home/airflow/.local/lib/python3.12/site-packages/airflow/example_dags/example_bash_decorator.py for tasks to queue
[2026-06-01T19:37:47.546+0000] {logging_mixin.py:188} INFO - [2026-06-01T19:37:47.546+0000] {dagbag.py:540} INFO - Filling up the DagBag from /home/airflow/.local/lib/python3.12/site-packages/airflow/example_dags/example_bash_decorator.py
[2026-06-01T19:37:47.561+0000] {processor.py:840} INFO - DAG(s) 'example_bash_decorator' retrieved from /home/airflow/.local/lib/python3.12/site-packages/airflow/example_dags/example_bash_decorator.py
[2026-06-01T19:37:47.584+0000] {logging_mixin.py:188} INFO - [2026-06-01T19:37:47.584+0000] {dag.py:3096} INFO - Sync 1 DAGs
[2026-06-01T19:37:47.596+0000] {logging_mixin.py:188} INFO - [2026-06-01T19:37:47.596+0000] {dag.py:3954} INFO - Setting next_dagrun for example_bash_decorator to None, run_after=None
[2026-06-01T19:37:47.615+0000] {processor.py:183} INFO - Processing /home/airflow/.local/lib/python3.12/site-packages/airflow/example_dags/example_bash_decorator.py took 0.077 seconds
[2026-06-01T19:38:18.178+0000] {processor.py:161} INFO - Started process (PID=10759) to work on /home/airflow/.local/lib/python3.12/site-packages/airflow/example_dags/example_bash_decorator.py
[2026-06-01T19:38:18.179+0000] {processor.py:830} INFO - Processing file /home/airflow/.local/lib/python3.12/site-packages/airflow/example_dags/example_bash_decorator.py for tasks to queue
[2026-06-01T19:38:18.181+0000] {logging_mixin.py:188} INFO - [2026-06-01T19:38:18.181+0000] {dagbag.py:540} INFO - Filling up the DagBag from /home/airflow/.local/lib/python3.12/site-packages/airflow/example_dags/example_bash_decorator.py
[2026-06-01T19:38:18.196+0000] {processor.py:840} INFO - DAG(s) 'example_bash_decorator' retrieved from /home/airflow/.local/lib/python3.12/site-packages/airflow/example_dags/example_bash_decorator.py
[2026-06-01T19:38:18.218+0000] {logging_mixin.py:188} INFO - [2026-06-01T19:38:18.218+0000] {dag.py:3096} INFO - Sync 1 DAGs
[2026-06-01T19:38:18.231+0000] {logging_mixin.py:188} INFO - [2026-06-01T19:38:18.231+0000] {dag.py:3954} INFO - Setting next_dagrun for example_bash_decorator to None, run_after=None
[2026-06-01T19:38:18.250+0000] {processor.py:183} INFO - Processing /home/airflow/.local/lib/python3.12/site-packages/airflow/example_dags/example_bash_decorator.py took 0.076 seconds
[2026-06-01T19:38:48.983+0000] {processor.py:161} INFO - Started process (PID=10818) to work on /home/airflow/.local/lib/python3.12/site-packages/airflow/example_dags/example_bash_decorator.py
[2026-06-01T19:38:48.984+0000] {processor.py:830} INFO - Processing file /home/airflow/.local/lib/python3.12/site-packages/airflow/example_dags/example_bash_decorator.py for tasks to queue
[2026-06-01T19:38:48.986+0000] {logging_mixin.py:188} INFO - [2026-06-01T19:38:48.986+0000] {dagbag.py:540} INFO - Filling up the DagBag from /home/airflow/.local/lib/python3.12/site-packages/airflow/example_dags/example_bash_decorator.py
[2026-06-01T19:38:48.998+0000] {processor.py:840} INFO - DAG(s) 'example_bash_decorator' retrieved from /home/airflow/.local/lib/python3.12/site-packages/airflow/example_dags/example_bash_decorator.py
[2026-06-01T19:38:49.018+0000] {logging_mixin.py:188} INFO - [2026-06-01T19:38:49.018+0000] {dag.py:3096} INFO - Sync 1 DAGs
[2026-06-01T19:38:49.029+0000] {logging_mixin.py:188} INFO - [2026-06-01T19:38:49.029+0000] {dag.py:3954} INFO - Setting next_dagrun for example_bash_decorator to None, run_after=None
[2026-06-01T19:38:49.047+0000] {processor.py:183} INFO - Processing /home/airflow/.local/lib/python3.12/site-packages/airflow/example_dags/example_bash_decorator.py took 0.070 seconds
[2026-06-01T19:39:19.699+0000] {processor.py:161} INFO - Started process (PID=10877) to work on /home/airflow/.local/lib/python3.12/site-packages/airflow/example_dags/example_bash_decorator.py
[2026-06-01T19:39:19.700+0000] {processor.py:830} INFO - Processing file /home/airflow/.local/lib/python3.12/site-packages/airflow/example_dags/example_bash_decorator.py for tasks to queue
[2026-06-01T19:39:19.702+0000] {logging_mixin.py:188} INFO - [2026-06-01T19:39:19.702+0000] {dagbag.py:540} INFO - Filling up the DagBag from /home/airflow/.local/lib/python3.12/site-packages/airflow/example_dags/example_bash_decorator.py
[2026-06-01T19:39:19.713+0000] {processor.py:840} INFO - DAG(s) 'example_bash_decorator' retrieved from /home/airflow/.local/lib/python3.12/site-packages/airflow/example_dags/example_bash_decorator.py
[2026-06-01T19:39:19.736+0000] {logging_mixin.py:188} INFO - [2026-06-01T19:39:19.736+0000] {dag.py:3096} INFO - Sync 1 DAGs
[2026-06-01T19:39:19.750+0000] {logging_mixin.py:188} INFO - [2026-06-01T19:39:19.750+0000] {dag.py:3954} INFO - Setting next_dagrun for example_bash_decorator to None, run_after=None
[2026-06-01T19:39:19.770+0000] {processor.py:183} INFO - Processing /home/airflow/.local/lib/python3.12/site-packages/airflow/example_dags/example_bash_decorator.py took 0.076 seconds
[2026-06-01T19:39:50.302+0000] {processor.py:161} INFO - Started process (PID=10936) to work on /home/airflow/.local/lib/python3.12/site-packages/airflow/example_dags/example_bash_decorator.py
[2026-06-01T19:39:50.303+0000] {processor.py:830} INFO - Processing file /home/airflow/.local/lib/python3.12/site-packages/airflow/example_dags/example_bash_decorator.py for tasks to queue
[2026-06-01T19:39:50.306+0000] {logging_mixin.py:188} INFO - [2026-06-01T19:39:50.305+0000] {dagbag.py:540} INFO - Filling up the DagBag from /home/airflow/.local/lib/python3.12/site-packages/airflow/example_dags/example_bash_decorator.py
[2026-06-01T19:39:50.318+0000] {processor.py:840} INFO - DAG(s) 'example_bash_decorator' retrieved from /home/airflow/.local/lib/python3.12/site-packages/airflow/example_dags/example_bash_decorator.py
[2026-06-01T19:39:50.340+0000] {logging_mixin.py:188} INFO - [2026-06-01T19:39:50.339+0000] {dag.py:3096} INFO - Sync 1 DAGs
[2026-06-01T19:39:50.351+0000] {logging_mixin.py:188} INFO - [2026-06-01T19:39:50.351+0000] {dag.py:3954} INFO - Setting next_dagrun for example_bash_decorator to None, run_after=None
[2026-06-01T19:39:50.368+0000] {processor.py:183} INFO - Processing /home/airflow/.local/lib/python3.12/site-packages/airflow/example_dags/example_bash_decorator.py took 0.072 seconds
[2026-06-01T19:40:20.844+0000] {processor.py:161} INFO - Started process (PID=10995) to work on /home/airflow/.local/lib/python3.12/site-packages/airflow/example_dags/example_bash_decorator.py
[2026-06-01T19:40:20.845+0000] {processor.py:830} INFO - Processing file /home/airflow/.local/lib/python3.12/site-packages/airflow/example_dags/example_bash_decorator.py for tasks to queue
[2026-06-01T19:40:20.847+0000] {logging_mixin.py:188} INFO - [2026-06-01T19:40:20.847+0000] {dagbag.py:540} INFO - Filling up the DagBag from /home/airflow/.local/lib/python3.12/site-packages/airflow/example_dags/example_bash_decorator.py
[2026-06-01T19:40:20.860+0000] {processor.py:840} INFO - DAG(s) 'example_bash_decorator' retrieved from /home/airflow/.local/lib/python3.12/site-packages/airflow/example_dags/example_bash_decorator.py
[2026-06-01T19:40:20.882+0000] {logging_mixin.py:188} INFO - [2026-06-01T19:40:20.882+0000] {dag.py:3096} INFO - Sync 1 DAGs
[2026-06-01T19:40:20.896+0000] {logging_mixin.py:188} INFO - [2026-06-01T19:40:20.896+0000] {dag.py:3954} INFO - Setting next_dagrun for example_bash_decorator to None, run_after=None
[2026-06-01T19:40:20.916+0000] {processor.py:183} INFO - Processing /home/airflow/.local/lib/python3.12/site-packages/airflow/example_dags/example_bash_decorator.py took 0.077 seconds
[2026-06-01T19:40:51.518+0000] {processor.py:161} INFO - Started process (PID=11060) to work on /home/airflow/.local/lib/python3.12/site-packages/airflow/example_dags/example_bash_decorator.py
[2026-06-01T19:40:51.520+0000] {processor.py:830} INFO - Processing file /home/airflow/.local/lib/python3.12/site-packages/airflow/example_dags/example_bash_decorator.py for tasks to queue
[2026-06-01T19:40:51.523+0000] {logging_mixin.py:188} INFO - [2026-06-01T19:40:51.523+0000] {dagbag.py:540} INFO - Filling up the DagBag from /home/airflow/.local/lib/python3.12/site-packages/airflow/example_dags/example_bash_decorator.py
[2026-06-01T19:40:51.535+0000] {processor.py:840} INFO - DAG(s) 'example_bash_decorator' retrieved from /home/airflow/.local/lib/python3.12/site-packages/airflow/example_dags/example_bash_decorator.py
[2026-06-01T19:40:51.559+0000] {logging_mixin.py:188} INFO - [2026-06-01T19:40:51.559+0000] {dag.py:3096} INFO - Sync 1 DAGs
[2026-06-01T19:40:51.572+0000] {logging_mixin.py:188} INFO - [2026-06-01T19:40:51.571+0000] {dag.py:3954} INFO - Setting next_dagrun for example_bash_decorator to None, run_after=None
[2026-06-01T19:40:51.593+0000] {processor.py:183} INFO - Processing /home/airflow/.local/lib/python3.12/site-packages/airflow/example_dags/example_bash_decorator.py took 0.080 seconds
[2026-06-01T19:41:22.218+0000] {processor.py:161} INFO - Started process (PID=11119) to work on /home/airflow/.local/lib/python3.12/site-packages/airflow/example_dags/example_bash_decorator.py
[2026-06-01T19:41:22.219+0000] {processor.py:830} INFO - Processing file /home/airflow/.local/lib/python3.12/site-packages/airflow/example_dags/example_bash_decorator.py for tasks to queue
[2026-06-01T19:41:22.221+0000] {logging_mixin.py:188} INFO - [2026-06-01T19:41:22.221+0000] {dagbag.py:540} INFO - Filling up the DagBag from /home/airflow/.local/lib/python3.12/site-packages/airflow/example_dags/example_bash_decorator.py
[2026-06-01T19:41:22.234+0000] {processor.py:840} INFO - DAG(s) 'example_bash_decorator' retrieved from /home/airflow/.local/lib/python3.12/site-packages/airflow/example_dags/example_bash_decorator.py
[2026-06-01T19:41:22.264+0000] {logging_mixin.py:188} INFO - [2026-06-01T19:41:22.263+0000] {dag.py:3096} INFO - Sync 1 DAGs
[2026-06-01T19:41:22.281+0000] {logging_mixin.py:188} INFO - [2026-06-01T19:41:22.281+0000] {dag.py:3954} INFO - Setting next_dagrun for example_bash_decorator to None, run_after=None
[2026-06-01T19:41:22.309+0000] {processor.py:183} INFO - Processing /home/airflow/.local/lib/python3.12/site-packages/airflow/example_dags/example_bash_decorator.py took 0.097 seconds
[2026-06-01T19:41:52.858+0000] {processor.py:161} INFO - Started process (PID=11179) to work on /home/airflow/.local/lib/python3.12/site-packages/airflow/example_dags/example_bash_decorator.py
[2026-06-01T19:41:52.859+0000] {processor.py:830} INFO - Processing file /home/airflow/.local/lib/python3.12/site-packages/airflow/example_dags/example_bash_decorator.py for tasks to queue
[2026-06-01T19:41:52.861+0000] {logging_mixin.py:188} INFO - [2026-06-01T19:41:52.861+0000] {dagbag.py:540} INFO - Filling up the DagBag from /home/airflow/.local/lib/python3.12/site-packages/airflow/example_dags/example_bash_decorator.py
[2026-06-01T19:41:52.875+0000] {processor.py:840} INFO - DAG(s) 'example_bash_decorator' retrieved from /home/airflow/.local/lib/python3.12/site-packages/airflow/example_dags/example_bash_decorator.py
[2026-06-01T19:41:52.894+0000] {logging_mixin.py:188} INFO - [2026-06-01T19:41:52.894+0000] {dag.py:3096} INFO - Sync 1 DAGs
[2026-06-01T19:41:52.905+0000] {logging_mixin.py:188} INFO - [2026-06-01T19:41:52.905+0000] {dag.py:3954} INFO - Setting next_dagrun for example_bash_decorator to None, run_after=None
[2026-06-01T19:41:52.921+0000] {processor.py:183} INFO - Processing /home/airflow/.local/lib/python3.12/site-packages/airflow/example_dags/example_bash_decorator.py took 0.070 seconds
[2026-06-01T19:42:23.633+0000] {processor.py:161} INFO - Started process (PID=11238) to work on /home/airflow/.local/lib/python3.12/site-packages/airflow/example_dags/example_bash_decorator.py
[2026-06-01T19:42:23.634+0000] {processor.py:830} INFO - Processing file /home/airflow/.local/lib/python3.12/site-packages/airflow/example_dags/example_bash_decorator.py for tasks to queue
[2026-06-01T19:42:23.636+0000] {logging_mixin.py:188} INFO - [2026-06-01T19:42:23.636+0000] {dagbag.py:540} INFO - Filling up the DagBag from /home/airflow/.local/lib/python3.12/site-packages/airflow/example_dags/example_bash_decorator.py
[2026-06-01T19:42:23.648+0000] {processor.py:840} INFO - DAG(s) 'example_bash_decorator' retrieved from /home/airflow/.local/lib/python3.12/site-packages/airflow/example_dags/example_bash_decorator.py
[2026-06-01T19:42:23.668+0000] {logging_mixin.py:188} INFO - [2026-06-01T19:42:23.667+0000] {dag.py:3096} INFO - Sync 1 DAGs
[2026-06-01T19:42:23.679+0000] {logging_mixin.py:188} INFO - [2026-06-01T19:42:23.679+0000] {dag.py:3954} INFO - Setting next_dagrun for example_bash_decorator to None, run_after=None
[2026-06-01T19:42:23.696+0000] {processor.py:183} INFO - Processing /home/airflow/.local/lib/python3.12/site-packages/airflow/example_dags/example_bash_decorator.py took 0.069 seconds
[2026-06-01T19:42:54.262+0000] {processor.py:161} INFO - Started process (PID=11297) to work on /home/airflow/.local/lib/python3.12/site-packages/airflow/example_dags/example_bash_decorator.py
[2026-06-01T19:42:54.263+0000] {processor.py:830} INFO - Processing file /home/airflow/.local/lib/python3.12/site-packages/airflow/example_dags/example_bash_decorator.py for tasks to queue
[2026-06-01T19:42:54.265+0000] {logging_mixin.py:188} INFO - [2026-06-01T19:42:54.264+0000] {dagbag.py:540} INFO - Filling up the DagBag from /home/airflow/.local/lib/python3.12/site-packages/airflow/example_dags/example_bash_decorator.py
[2026-06-01T19:42:54.278+0000] {processor.py:840} INFO - DAG(s) 'example_bash_decorator' retrieved from /home/airflow/.local/lib/python3.12/site-packages/airflow/example_dags/example_bash_decorator.py
[2026-06-01T19:42:54.298+0000] {logging_mixin.py:188} INFO - [2026-06-01T19:42:54.298+0000] {dag.py:3096} INFO - Sync 1 DAGs
[2026-06-01T19:42:54.311+0000] {logging_mixin.py:188} INFO - [2026-06-01T19:42:54.311+0000] {dag.py:3954} INFO - Setting next_dagrun for example_bash_decorator to None, run_after=None
[2026-06-01T19:42:54.327+0000] {processor.py:183} INFO - Processing /home/airflow/.local/lib/python3.12/site-packages/airflow/example_dags/example_bash_decorator.py took 0.070 seconds
[2026-06-01T19:43:24.908+0000] {processor.py:161} INFO - Started process (PID=11356) to work on /home/airflow/.local/lib/python3.12/site-packages/airflow/example_dags/example_bash_decorator.py
[2026-06-01T19:43:24.910+0000] {processor.py:830} INFO - Processing file /home/airflow/.local/lib/python3.12/site-packages/airflow/example_dags/example_bash_decorator.py for tasks to queue
[2026-06-01T19:43:24.912+0000] {logging_mixin.py:188} INFO - [2026-06-01T19:43:24.911+0000] {dagbag.py:540} INFO - Filling up the DagBag from /home/airflow/.local/lib/python3.12/site-packages/airflow/example_dags/example_bash_decorator.py
[2026-06-01T19:43:24.925+0000] {processor.py:840} INFO - DAG(s) 'example_bash_decorator' retrieved from /home/airflow/.local/lib/python3.12/site-packages/airflow/example_dags/example_bash_decorator.py
[2026-06-01T19:43:24.945+0000] {logging_mixin.py:188} INFO - [2026-06-01T19:43:24.945+0000] {dag.py:3096} INFO - Sync 1 DAGs
[2026-06-01T19:43:24.956+0000] {logging_mixin.py:188} INFO - [2026-06-01T19:43:24.955+0000] {dag.py:3954} INFO - Setting next_dagrun for example_bash_decorator to None, run_after=None
[2026-06-01T19:43:24.974+0000] {processor.py:183} INFO - Processing /home/airflow/.local/lib/python3.12/site-packages/airflow/example_dags/example_bash_decorator.py took 0.072 seconds
[2026-06-01T19:43:55.706+0000] {processor.py:161} INFO - Started process (PID=11415) to work on /home/airflow/.local/lib/python3.12/site-packages/airflow/example_dags/example_bash_decorator.py
[2026-06-01T19:43:55.708+0000] {processor.py:830} INFO - Processing file /home/airflow/.local/lib/python3.12/site-packages/airflow/example_dags/example_bash_decorator.py for tasks to queue
[2026-06-01T19:43:55.710+0000] {logging_mixin.py:188} INFO - [2026-06-01T19:43:55.710+0000] {dagbag.py:540} INFO - Filling up the DagBag from /home/airflow/.local/lib/python3.12/site-packages/airflow/example_dags/example_bash_decorator.py
[2026-06-01T19:43:55.722+0000] {processor.py:840} INFO - DAG(s) 'example_bash_decorator' retrieved from /home/airflow/.local/lib/python3.12/site-packages/airflow/example_dags/example_bash_decorator.py
[2026-06-01T19:43:55.743+0000] {logging_mixin.py:188} INFO - [2026-06-01T19:43:55.743+0000] {dag.py:3096} INFO - Sync 1 DAGs
[2026-06-01T19:43:55.753+0000] {logging_mixin.py:188} INFO - [2026-06-01T19:43:55.753+0000] {dag.py:3954} INFO - Setting next_dagrun for example_bash_decorator to None, run_after=None
[2026-06-01T19:43:55.770+0000] {processor.py:183} INFO - Processing /home/airflow/.local/lib/python3.12/site-packages/airflow/example_dags/example_bash_decorator.py took 0.069 seconds
[2026-06-01T19:44:26.435+0000] {processor.py:161} INFO - Started process (PID=11474) to work on /home/airflow/.local/lib/python3.12/site-packages/airflow/example_dags/example_bash_decorator.py
[2026-06-01T19:44:26.437+0000] {processor.py:830} INFO - Processing file /home/airflow/.local/lib/python3.12/site-packages/airflow/example_dags/example_bash_decorator.py for tasks to queue
[2026-06-01T19:44:26.438+0000] {logging_mixin.py:188} INFO - [2026-06-01T19:44:26.438+0000] {dagbag.py:540} INFO - Filling up the DagBag from /home/airflow/.local/lib/python3.12/site-packages/airflow/example_dags/example_bash_decorator.py
[2026-06-01T19:44:26.449+0000] {processor.py:840} INFO - DAG(s) 'example_bash_decorator' retrieved from /home/airflow/.local/lib/python3.12/site-packages/airflow/example_dags/example_bash_decorator.py
[2026-06-01T19:44:26.467+0000] {logging_mixin.py:188} INFO - [2026-06-01T19:44:26.467+0000] {dag.py:3096} INFO - Sync 1 DAGs
[2026-06-01T19:44:26.479+0000] {logging_mixin.py:188} INFO - [2026-06-01T19:44:26.478+0000] {dag.py:3954} INFO - Setting next_dagrun for example_bash_decorator to None, run_after=None
[2026-06-01T19:44:26.495+0000] {processor.py:183} INFO - Processing /home/airflow/.local/lib/python3.12/site-packages/airflow/example_dags/example_bash_decorator.py took 0.066 seconds
[2026-06-01T19:44:57.238+0000] {processor.py:161} INFO - Started process (PID=11533) to work on /home/airflow/.local/lib/python3.12/site-packages/airflow/example_dags/example_bash_decorator.py
[2026-06-01T19:44:57.239+0000] {processor.py:830} INFO - Processing file /home/airflow/.local/lib/python3.12/site-packages/airflow/example_dags/example_bash_decorator.py for tasks to queue
[2026-06-01T19:44:57.241+0000] {logging_mixin.py:188} INFO - [2026-06-01T19:44:57.241+0000] {dagbag.py:540} INFO - Filling up the DagBag from /home/airflow/.local/lib/python3.12/site-packages/airflow/example_dags/example_bash_decorator.py
[2026-06-01T19:44:57.253+0000] {processor.py:840} INFO - DAG(s) 'example_bash_decorator' retrieved from /home/airflow/.local/lib/python3.12/site-packages/airflow/example_dags/example_bash_decorator.py
[2026-06-01T19:44:57.275+0000] {logging_mixin.py:188} INFO - [2026-06-01T19:44:57.275+0000] {dag.py:3096} INFO - Sync 1 DAGs
[2026-06-01T19:44:57.286+0000] {logging_mixin.py:188} INFO - [2026-06-01T19:44:57.286+0000] {dag.py:3954} INFO - Setting next_dagrun for example_bash_decorator to None, run_after=None
[2026-06-01T19:44:57.302+0000] {processor.py:183} INFO - Processing /home/airflow/.local/lib/python3.12/site-packages/airflow/example_dags/example_bash_decorator.py took 0.070 seconds
[2026-06-01T19:45:27.632+0000] {processor.py:161} INFO - Started process (PID=11592) to work on /home/airflow/.local/lib/python3.12/site-packages/airflow/example_dags/example_bash_decorator.py
[2026-06-01T19:45:27.633+0000] {processor.py:830} INFO - Processing file /home/airflow/.local/lib/python3.12/site-packages/airflow/example_dags/example_bash_decorator.py for tasks to queue
[2026-06-01T19:45:27.635+0000] {logging_mixin.py:188} INFO - [2026-06-01T19:45:27.635+0000] {dagbag.py:540} INFO - Filling up the DagBag from /home/airflow/.local/lib/python3.12/site-packages/airflow/example_dags/example_bash_decorator.py
[2026-06-01T19:45:27.650+0000] {processor.py:840} INFO - DAG(s) 'example_bash_decorator' retrieved from /home/airflow/.local/lib/python3.12/site-packages/airflow/example_dags/example_bash_decorator.py
[2026-06-01T19:45:27.672+0000] {logging_mixin.py:188} INFO - [2026-06-01T19:45:27.671+0000] {dag.py:3096} INFO - Sync 1 DAGs
[2026-06-01T19:45:27.682+0000] {logging_mixin.py:188} INFO - [2026-06-01T19:45:27.682+0000] {dag.py:3954} INFO - Setting next_dagrun for example_bash_decorator to None, run_after=None
[2026-06-01T19:45:27.701+0000] {processor.py:183} INFO - Processing /home/airflow/.local/lib/python3.12/site-packages/airflow/example_dags/example_bash_decorator.py took 0.076 seconds
[2026-06-01T19:45:58.215+0000] {processor.py:161} INFO - Started process (PID=11651) to work on /home/airflow/.local/lib/python3.12/site-packages/airflow/example_dags/example_bash_decorator.py
[2026-06-01T19:45:58.216+0000] {processor.py:830} INFO - Processing file /home/airflow/.local/lib/python3.12/site-packages/airflow/example_dags/example_bash_decorator.py for tasks to queue
[2026-06-01T19:45:58.217+0000] {logging_mixin.py:188} INFO - [2026-06-01T19:45:58.217+0000] {dagbag.py:540} INFO - Filling up the DagBag from /home/airflow/.local/lib/python3.12/site-packages/airflow/example_dags/example_bash_decorator.py
[2026-06-01T19:45:58.229+0000] {processor.py:840} INFO - DAG(s) 'example_bash_decorator' retrieved from /home/airflow/.local/lib/python3.12/site-packages/airflow/example_dags/example_bash_decorator.py
[2026-06-01T19:45:58.250+0000] {logging_mixin.py:188} INFO - [2026-06-01T19:45:58.250+0000] {dag.py:3096} INFO - Sync 1 DAGs
[2026-06-01T19:45:58.262+0000] {logging_mixin.py:188} INFO - [2026-06-01T19:45:58.262+0000] {dag.py:3954} INFO - Setting next_dagrun for example_bash_decorator to None, run_after=None
[2026-06-01T19:45:58.282+0000] {processor.py:183} INFO - Processing /home/airflow/.local/lib/python3.12/site-packages/airflow/example_dags/example_bash_decorator.py took 0.072 seconds
[2026-06-01T19:46:28.824+0000] {processor.py:161} INFO - Started process (PID=11709) to work on /home/airflow/.local/lib/python3.12/site-packages/airflow/example_dags/example_bash_decorator.py
[2026-06-01T19:46:28.825+0000] {processor.py:830} INFO - Processing file /home/airflow/.local/lib/python3.12/site-packages/airflow/example_dags/example_bash_decorator.py for tasks to queue
[2026-06-01T19:46:28.827+0000] {logging_mixin.py:188} INFO - [2026-06-01T19:46:28.826+0000] {dagbag.py:540} INFO - Filling up the DagBag from /home/airflow/.local/lib/python3.12/site-packages/airflow/example_dags/example_bash_decorator.py
[2026-06-01T19:46:28.839+0000] {processor.py:840} INFO - DAG(s) 'example_bash_decorator' retrieved from /home/airflow/.local/lib/python3.12/site-packages/airflow/example_dags/example_bash_decorator.py
[2026-06-01T19:46:28.860+0000] {logging_mixin.py:188} INFO - [2026-06-01T19:46:28.860+0000] {dag.py:3096} INFO - Sync 1 DAGs
[2026-06-01T19:46:28.873+0000] {logging_mixin.py:188} INFO - [2026-06-01T19:46:28.873+0000] {dag.py:3954} INFO - Setting next_dagrun for example_bash_decorator to None, run_after=None
[2026-06-01T19:46:28.902+0000] {processor.py:183} INFO - Processing /home/airflow/.local/lib/python3.12/site-packages/airflow/example_dags/example_bash_decorator.py took 0.084 seconds
[2026-06-01T19:46:59.222+0000] {processor.py:161} INFO - Started process (PID=11768) to work on /home/airflow/.local/lib/python3.12/site-packages/airflow/example_dags/example_bash_decorator.py
[2026-06-01T19:46:59.223+0000] {processor.py:830} INFO - Processing file /home/airflow/.local/lib/python3.12/site-packages/airflow/example_dags/example_bash_decorator.py for tasks to queue
[2026-06-01T19:46:59.225+0000] {logging_mixin.py:188} INFO - [2026-06-01T19:46:59.225+0000] {dagbag.py:540} INFO - Filling up the DagBag from /home/airflow/.local/lib/python3.12/site-packages/airflow/example_dags/example_bash_decorator.py
[2026-06-01T19:46:59.238+0000] {processor.py:840} INFO - DAG(s) 'example_bash_decorator' retrieved from /home/airflow/.local/lib/python3.12/site-packages/airflow/example_dags/example_bash_decorator.py
[2026-06-01T19:46:59.259+0000] {logging_mixin.py:188} INFO - [2026-06-01T19:46:59.259+0000] {dag.py:3096} INFO - Sync 1 DAGs
[2026-06-01T19:46:59.271+0000] {logging_mixin.py:188} INFO - [2026-06-01T19:46:59.271+0000] {dag.py:3954} INFO - Setting next_dagrun for example_bash_decorator to None, run_after=None
[2026-06-01T19:46:59.290+0000] {processor.py:183} INFO - Processing /home/airflow/.local/lib/python3.12/site-packages/airflow/example_dags/example_bash_decorator.py took 0.074 seconds
[2026-06-01T19:47:29.451+0000] {processor.py:161} INFO - Started process (PID=11827) to work on /home/airflow/.local/lib/python3.12/site-packages/airflow/example_dags/example_bash_decorator.py
[2026-06-01T19:47:29.452+0000] {processor.py:830} INFO - Processing file /home/airflow/.local/lib/python3.12/site-packages/airflow/example_dags/example_bash_decorator.py for tasks to queue
[2026-06-01T19:47:29.455+0000] {logging_mixin.py:188} INFO - [2026-06-01T19:47:29.454+0000] {dagbag.py:540} INFO - Filling up the DagBag from /home/airflow/.local/lib/python3.12/site-packages/airflow/example_dags/example_bash_decorator.py
[2026-06-01T19:47:29.470+0000] {processor.py:840} INFO - DAG(s) 'example_bash_decorator' retrieved from /home/airflow/.local/lib/python3.12/site-packages/airflow/example_dags/example_bash_decorator.py
[2026-06-01T19:47:29.493+0000] {logging_mixin.py:188} INFO - [2026-06-01T19:47:29.493+0000] {dag.py:3096} INFO - Sync 1 DAGs
[2026-06-01T19:47:29.507+0000] {logging_mixin.py:188} INFO - [2026-06-01T19:47:29.506+0000] {dag.py:3954} INFO - Setting next_dagrun for example_bash_decorator to None, run_after=None
[2026-06-01T19:47:29.531+0000] {processor.py:183} INFO - Processing /home/airflow/.local/lib/python3.12/site-packages/airflow/example_dags/example_bash_decorator.py took 0.086 seconds
[2026-06-01T19:47:59.634+0000] {processor.py:161} INFO - Started process (PID=11886) to work on /home/airflow/.local/lib/python3.12/site-packages/airflow/example_dags/example_bash_decorator.py
[2026-06-01T19:47:59.635+0000] {processor.py:830} INFO - Processing file /home/airflow/.local/lib/python3.12/site-packages/airflow/example_dags/example_bash_decorator.py for tasks to queue
[2026-06-01T19:47:59.638+0000] {logging_mixin.py:188} INFO - [2026-06-01T19:47:59.638+0000] {dagbag.py:540} INFO - Filling up the DagBag from /home/airflow/.local/lib/python3.12/site-packages/airflow/example_dags/example_bash_decorator.py
[2026-06-01T19:47:59.649+0000] {processor.py:840} INFO - DAG(s) 'example_bash_decorator' retrieved from /home/airflow/.local/lib/python3.12/site-packages/airflow/example_dags/example_bash_decorator.py
[2026-06-01T19:47:59.669+0000] {logging_mixin.py:188} INFO - [2026-06-01T19:47:59.669+0000] {dag.py:3096} INFO - Sync 1 DAGs
[2026-06-01T19:47:59.680+0000] {logging_mixin.py:188} INFO - [2026-06-01T19:47:59.680+0000] {dag.py:3954} INFO - Setting next_dagrun for example_bash_decorator to None, run_after=None
[2026-06-01T19:47:59.698+0000] {processor.py:183} INFO - Processing /home/airflow/.local/lib/python3.12/site-packages/airflow/example_dags/example_bash_decorator.py took 0.069 seconds
[2026-06-01T19:48:29.970+0000] {processor.py:161} INFO - Started process (PID=11945) to work on /home/airflow/.local/lib/python3.12/site-packages/airflow/example_dags/example_bash_decorator.py
[2026-06-01T19:48:29.971+0000] {processor.py:830} INFO - Processing file /home/airflow/.local/lib/python3.12/site-packages/airflow/example_dags/example_bash_decorator.py for tasks to queue
[2026-06-01T19:48:29.973+0000] {logging_mixin.py:188} INFO - [2026-06-01T19:48:29.972+0000] {dagbag.py:540} INFO - Filling up the DagBag from /home/airflow/.local/lib/python3.12/site-packages/airflow/example_dags/example_bash_decorator.py
[2026-06-01T19:48:29.984+0000] {processor.py:840} INFO - DAG(s) 'example_bash_decorator' retrieved from /home/airflow/.local/lib/python3.12/site-packages/airflow/example_dags/example_bash_decorator.py
[2026-06-01T19:48:30.004+0000] {logging_mixin.py:188} INFO - [2026-06-01T19:48:30.004+0000] {dag.py:3096} INFO - Sync 1 DAGs
[2026-06-01T19:48:30.016+0000] {logging_mixin.py:188} INFO - [2026-06-01T19:48:30.016+0000] {dag.py:3954} INFO - Setting next_dagrun for example_bash_decorator to None, run_after=None
[2026-06-01T19:48:30.034+0000] {processor.py:183} INFO - Processing /home/airflow/.local/lib/python3.12/site-packages/airflow/example_dags/example_bash_decorator.py took 0.069 seconds
[2026-06-01T19:49:00.163+0000] {processor.py:161} INFO - Started process (PID=12004) to work on /home/airflow/.local/lib/python3.12/site-packages/airflow/example_dags/example_bash_decorator.py
[2026-06-01T19:49:00.164+0000] {processor.py:830} INFO - Processing file /home/airflow/.local/lib/python3.12/site-packages/airflow/example_dags/example_bash_decorator.py for tasks to queue
[2026-06-01T19:49:00.166+0000] {logging_mixin.py:188} INFO - [2026-06-01T19:49:00.166+0000] {dagbag.py:540} INFO - Filling up the DagBag from /home/airflow/.local/lib/python3.12/site-packages/airflow/example_dags/example_bash_decorator.py
[2026-06-01T19:49:00.178+0000] {processor.py:840} INFO - DAG(s) 'example_bash_decorator' retrieved from /home/airflow/.local/lib/python3.12/site-packages/airflow/example_dags/example_bash_decorator.py
[2026-06-01T19:49:00.202+0000] {logging_mixin.py:188} INFO - [2026-06-01T19:49:00.202+0000] {dag.py:3096} INFO - Sync 1 DAGs
[2026-06-01T19:49:00.212+0000] {logging_mixin.py:188} INFO - [2026-06-01T19:49:00.212+0000] {dag.py:3954} INFO - Setting next_dagrun for example_bash_decorator to None, run_after=None
[2026-06-01T19:49:00.229+0000] {processor.py:183} INFO - Processing /home/airflow/.local/lib/python3.12/site-packages/airflow/example_dags/example_bash_decorator.py took 0.072 seconds
[2026-06-01T19:49:30.366+0000] {processor.py:161} INFO - Started process (PID=12063) to work on /home/airflow/.local/lib/python3.12/site-packages/airflow/example_dags/example_bash_decorator.py
[2026-06-01T19:49:30.367+0000] {processor.py:830} INFO - Processing file /home/airflow/.local/lib/python3.12/site-packages/airflow/example_dags/example_bash_decorator.py for tasks to queue
[2026-06-01T19:49:30.370+0000] {logging_mixin.py:188} INFO - [2026-06-01T19:49:30.370+0000] {dagbag.py:540} INFO - Filling up the DagBag from /home/airflow/.local/lib/python3.12/site-packages/airflow/example_dags/example_bash_decorator.py
[2026-06-01T19:49:30.381+0000] {processor.py:840} INFO - DAG(s) 'example_bash_decorator' retrieved from /home/airflow/.local/lib/python3.12/site-packages/airflow/example_dags/example_bash_decorator.py
[2026-06-01T19:49:30.405+0000] {logging_mixin.py:188} INFO - [2026-06-01T19:49:30.404+0000] {dag.py:3096} INFO - Sync 1 DAGs
[2026-06-01T19:49:30.415+0000] {logging_mixin.py:188} INFO - [2026-06-01T19:49:30.415+0000] {dag.py:3954} INFO - Setting next_dagrun for example_bash_decorator to None, run_after=None
[2026-06-01T19:49:30.434+0000] {processor.py:183} INFO - Processing /home/airflow/.local/lib/python3.12/site-packages/airflow/example_dags/example_bash_decorator.py took 0.073 seconds
[2026-06-01T19:50:00.509+0000] {processor.py:161} INFO - Started process (PID=12122) to work on /home/airflow/.local/lib/python3.12/site-packages/airflow/example_dags/example_bash_decorator.py
[2026-06-01T19:50:00.510+0000] {processor.py:830} INFO - Processing file /home/airflow/.local/lib/python3.12/site-packages/airflow/example_dags/example_bash_decorator.py for tasks to queue
[2026-06-01T19:50:00.512+0000] {logging_mixin.py:188} INFO - [2026-06-01T19:50:00.511+0000] {dagbag.py:540} INFO - Filling up the DagBag from /home/airflow/.local/lib/python3.12/site-packages/airflow/example_dags/example_bash_decorator.py
[2026-06-01T19:50:00.524+0000] {processor.py:840} INFO - DAG(s) 'example_bash_decorator' retrieved from /home/airflow/.local/lib/python3.12/site-packages/airflow/example_dags/example_bash_decorator.py
[2026-06-01T19:50:00.552+0000] {logging_mixin.py:188} INFO - [2026-06-01T19:50:00.551+0000] {dag.py:3096} INFO - Sync 1 DAGs
[2026-06-01T19:50:00.563+0000] {logging_mixin.py:188} INFO - [2026-06-01T19:50:00.563+0000] {dag.py:3954} INFO - Setting next_dagrun for example_bash_decorator to None, run_after=None
[2026-06-01T19:50:00.583+0000] {processor.py:183} INFO - Processing /home/airflow/.local/lib/python3.12/site-packages/airflow/example_dags/example_bash_decorator.py took 0.080 seconds
[2026-06-01T19:50:30.727+0000] {processor.py:161} INFO - Started process (PID=12181) to work on /home/airflow/.local/lib/python3.12/site-packages/airflow/example_dags/example_bash_decorator.py
[2026-06-01T19:50:30.729+0000] {processor.py:830} INFO - Processing file /home/airflow/.local/lib/python3.12/site-packages/airflow/example_dags/example_bash_decorator.py for tasks to queue
[2026-06-01T19:50:30.731+0000] {logging_mixin.py:188} INFO - [2026-06-01T19:50:30.730+0000] {dagbag.py:540} INFO - Filling up the DagBag from /home/airflow/.local/lib/python3.12/site-packages/airflow/example_dags/example_bash_decorator.py
[2026-06-01T19:50:30.743+0000] {processor.py:840} INFO - DAG(s) 'example_bash_decorator' retrieved from /home/airflow/.local/lib/python3.12/site-packages/airflow/example_dags/example_bash_decorator.py
[2026-06-01T19:50:30.764+0000] {logging_mixin.py:188} INFO - [2026-06-01T19:50:30.764+0000] {dag.py:3096} INFO - Sync 1 DAGs
[2026-06-01T19:50:30.781+0000] {logging_mixin.py:188} INFO - [2026-06-01T19:50:30.781+0000] {dag.py:3954} INFO - Setting next_dagrun for example_bash_decorator to None, run_after=None
[2026-06-01T19:50:30.805+0000] {processor.py:183} INFO - Processing /home/airflow/.local/lib/python3.12/site-packages/airflow/example_dags/example_bash_decorator.py took 0.084 seconds
[2026-06-01T19:51:00.896+0000] {processor.py:161} INFO - Started process (PID=12240) to work on /home/airflow/.local/lib/python3.12/site-packages/airflow/example_dags/example_bash_decorator.py
[2026-06-01T19:51:00.897+0000] {processor.py:830} INFO - Processing file /home/airflow/.local/lib/python3.12/site-packages/airflow/example_dags/example_bash_decorator.py for tasks to queue
[2026-06-01T19:51:00.899+0000] {logging_mixin.py:188} INFO - [2026-06-01T19:51:00.899+0000] {dagbag.py:540} INFO - Filling up the DagBag from /home/airflow/.local/lib/python3.12/site-packages/airflow/example_dags/example_bash_decorator.py
[2026-06-01T19:51:00.912+0000] {processor.py:840} INFO - DAG(s) 'example_bash_decorator' retrieved from /home/airflow/.local/lib/python3.12/site-packages/airflow/example_dags/example_bash_decorator.py
[2026-06-01T19:51:00.933+0000] {logging_mixin.py:188} INFO - [2026-06-01T19:51:00.933+0000] {dag.py:3096} INFO - Sync 1 DAGs
[2026-06-01T19:51:00.946+0000] {logging_mixin.py:188} INFO - [2026-06-01T19:51:00.945+0000] {dag.py:3954} INFO - Setting next_dagrun for example_bash_decorator to None, run_after=None
[2026-06-01T19:51:00.963+0000] {processor.py:183} INFO - Processing /home/airflow/.local/lib/python3.12/site-packages/airflow/example_dags/example_bash_decorator.py took 0.073 seconds
[2026-06-01T19:51:31.103+0000] {processor.py:161} INFO - Started process (PID=12299) to work on /home/airflow/.local/lib/python3.12/site-packages/airflow/example_dags/example_bash_decorator.py
[2026-06-01T19:51:31.105+0000] {processor.py:830} INFO - Processing file /home/airflow/.local/lib/python3.12/site-packages/airflow/example_dags/example_bash_decorator.py for tasks to queue
[2026-06-01T19:51:31.107+0000] {logging_mixin.py:188} INFO - [2026-06-01T19:51:31.106+0000] {dagbag.py:540} INFO - Filling up the DagBag from /home/airflow/.local/lib/python3.12/site-packages/airflow/example_dags/example_bash_decorator.py
[2026-06-01T19:51:31.121+0000] {processor.py:840} INFO - DAG(s) 'example_bash_decorator' retrieved from /home/airflow/.local/lib/python3.12/site-packages/airflow/example_dags/example_bash_decorator.py
[2026-06-01T19:51:31.143+0000] {logging_mixin.py:188} INFO - [2026-06-01T19:51:31.143+0000] {dag.py:3096} INFO - Sync 1 DAGs
[2026-06-01T19:51:31.155+0000] {logging_mixin.py:188} INFO - [2026-06-01T19:51:31.155+0000] {dag.py:3954} INFO - Setting next_dagrun for example_bash_decorator to None, run_after=None
[2026-06-01T19:51:31.175+0000] {processor.py:183} INFO - Processing /home/airflow/.local/lib/python3.12/site-packages/airflow/example_dags/example_bash_decorator.py took 0.078 seconds
[2026-06-01T19:52:01.512+0000] {processor.py:161} INFO - Started process (PID=12359) to work on /home/airflow/.local/lib/python3.12/site-packages/airflow/example_dags/example_bash_decorator.py
[2026-06-01T19:52:01.513+0000] {processor.py:830} INFO - Processing file /home/airflow/.local/lib/python3.12/site-packages/airflow/example_dags/example_bash_decorator.py for tasks to queue
[2026-06-01T19:52:01.515+0000] {logging_mixin.py:188} INFO - [2026-06-01T19:52:01.515+0000] {dagbag.py:540} INFO - Filling up the DagBag from /home/airflow/.local/lib/python3.12/site-packages/airflow/example_dags/example_bash_decorator.py
[2026-06-01T19:52:01.527+0000] {processor.py:840} INFO - DAG(s) 'example_bash_decorator' retrieved from /home/airflow/.local/lib/python3.12/site-packages/airflow/example_dags/example_bash_decorator.py
[2026-06-01T19:52:01.546+0000] {logging_mixin.py:188} INFO - [2026-06-01T19:52:01.546+0000] {dag.py:3096} INFO - Sync 1 DAGs
[2026-06-01T19:52:01.556+0000] {logging_mixin.py:188} INFO - [2026-06-01T19:52:01.556+0000] {dag.py:3954} INFO - Setting next_dagrun for example_bash_decorator to None, run_after=None
[2026-06-01T19:52:01.574+0000] {processor.py:183} INFO - Processing /home/airflow/.local/lib/python3.12/site-packages/airflow/example_dags/example_bash_decorator.py took 0.068 seconds
[2026-06-01T19:52:31.628+0000] {processor.py:161} INFO - Started process (PID=12418) to work on /home/airflow/.local/lib/python3.12/site-packages/airflow/example_dags/example_bash_decorator.py
[2026-06-01T19:52:31.629+0000] {processor.py:830} INFO - Processing file /home/airflow/.local/lib/python3.12/site-packages/airflow/example_dags/example_bash_decorator.py for tasks to queue
[2026-06-01T19:52:31.631+0000] {logging_mixin.py:188} INFO - [2026-06-01T19:52:31.631+0000] {dagbag.py:540} INFO - Filling up the DagBag from /home/airflow/.local/lib/python3.12/site-packages/airflow/example_dags/example_bash_decorator.py
[2026-06-01T19:52:31.643+0000] {processor.py:840} INFO - DAG(s) 'example_bash_decorator' retrieved from /home/airflow/.local/lib/python3.12/site-packages/airflow/example_dags/example_bash_decorator.py
[2026-06-01T19:52:31.663+0000] {logging_mixin.py:188} INFO - [2026-06-01T19:52:31.663+0000] {dag.py:3096} INFO - Sync 1 DAGs
[2026-06-01T19:52:31.673+0000] {logging_mixin.py:188} INFO - [2026-06-01T19:52:31.673+0000] {dag.py:3954} INFO - Setting next_dagrun for example_bash_decorator to None, run_after=None
[2026-06-01T19:52:31.690+0000] {processor.py:183} INFO - Processing /home/airflow/.local/lib/python3.12/site-packages/airflow/example_dags/example_bash_decorator.py took 0.067 seconds
[2026-06-01T19:53:01.790+0000] {processor.py:161} INFO - Started process (PID=12477) to work on /home/airflow/.local/lib/python3.12/site-packages/airflow/example_dags/example_bash_decorator.py
[2026-06-01T19:53:01.791+0000] {processor.py:830} INFO - Processing file /home/airflow/.local/lib/python3.12/site-packages/airflow/example_dags/example_bash_decorator.py for tasks to queue
[2026-06-01T19:53:01.793+0000] {logging_mixin.py:188} INFO - [2026-06-01T19:53:01.792+0000] {dagbag.py:540} INFO - Filling up the DagBag from /home/airflow/.local/lib/python3.12/site-packages/airflow/example_dags/example_bash_decorator.py
[2026-06-01T19:53:01.805+0000] {processor.py:840} INFO - DAG(s) 'example_bash_decorator' retrieved from /home/airflow/.local/lib/python3.12/site-packages/airflow/example_dags/example_bash_decorator.py
[2026-06-01T19:53:01.826+0000] {logging_mixin.py:188} INFO - [2026-06-01T19:53:01.825+0000] {dag.py:3096} INFO - Sync 1 DAGs
[2026-06-01T19:53:01.837+0000] {logging_mixin.py:188} INFO - [2026-06-01T19:53:01.837+0000] {dag.py:3954} INFO - Setting next_dagrun for example_bash_decorator to None, run_after=None
[2026-06-01T19:53:01.853+0000] {processor.py:183} INFO - Processing /home/airflow/.local/lib/python3.12/site-packages/airflow/example_dags/example_bash_decorator.py took 0.069 seconds
[2026-06-01T19:53:32.748+0000] {processor.py:161} INFO - Started process (PID=12536) to work on /home/airflow/.local/lib/python3.12/site-packages/airflow/example_dags/example_bash_decorator.py
[2026-06-01T19:53:32.749+0000] {processor.py:830} INFO - Processing file /home/airflow/.local/lib/python3.12/site-packages/airflow/example_dags/example_bash_decorator.py for tasks to queue
[2026-06-01T19:53:32.751+0000] {logging_mixin.py:188} INFO - [2026-06-01T19:53:32.751+0000] {dagbag.py:540} INFO - Filling up the DagBag from /home/airflow/.local/lib/python3.12/site-packages/airflow/example_dags/example_bash_decorator.py
[2026-06-01T19:53:32.763+0000] {processor.py:840} INFO - DAG(s) 'example_bash_decorator' retrieved from /home/airflow/.local/lib/python3.12/site-packages/airflow/example_dags/example_bash_decorator.py
[2026-06-01T19:53:32.784+0000] {logging_mixin.py:188} INFO - [2026-06-01T19:53:32.784+0000] {dag.py:3096} INFO - Sync 1 DAGs
[2026-06-01T19:53:32.795+0000] {logging_mixin.py:188} INFO - [2026-06-01T19:53:32.795+0000] {dag.py:3954} INFO - Setting next_dagrun for example_bash_decorator to None, run_after=None
[2026-06-01T19:53:32.813+0000] {processor.py:183} INFO - Processing /home/airflow/.local/lib/python3.12/site-packages/airflow/example_dags/example_bash_decorator.py took 0.070 seconds
[2026-06-01T19:54:03.256+0000] {processor.py:161} INFO - Started process (PID=12595) to work on /home/airflow/.local/lib/python3.12/site-packages/airflow/example_dags/example_bash_decorator.py
[2026-06-01T19:54:03.257+0000] {processor.py:830} INFO - Processing file /home/airflow/.local/lib/python3.12/site-packages/airflow/example_dags/example_bash_decorator.py for tasks to queue
[2026-06-01T19:54:03.259+0000] {logging_mixin.py:188} INFO - [2026-06-01T19:54:03.259+0000] {dagbag.py:540} INFO - Filling up the DagBag from /home/airflow/.local/lib/python3.12/site-packages/airflow/example_dags/example_bash_decorator.py
[2026-06-01T19:54:03.272+0000] {processor.py:840} INFO - DAG(s) 'example_bash_decorator' retrieved from /home/airflow/.local/lib/python3.12/site-packages/airflow/example_dags/example_bash_decorator.py
[2026-06-01T19:54:03.292+0000] {logging_mixin.py:188} INFO - [2026-06-01T19:54:03.291+0000] {dag.py:3096} INFO - Sync 1 DAGs
[2026-06-01T19:54:03.302+0000] {logging_mixin.py:188} INFO - [2026-06-01T19:54:03.302+0000] {dag.py:3954} INFO - Setting next_dagrun for example_bash_decorator to None, run_after=None
[2026-06-01T19:54:03.317+0000] {processor.py:183} INFO - Processing /home/airflow/.local/lib/python3.12/site-packages/airflow/example_dags/example_bash_decorator.py took 0.067 seconds
[2026-06-01T19:54:33.878+0000] {processor.py:161} INFO - Started process (PID=12654) to work on /home/airflow/.local/lib/python3.12/site-packages/airflow/example_dags/example_bash_decorator.py
[2026-06-01T19:54:33.879+0000] {processor.py:830} INFO - Processing file /home/airflow/.local/lib/python3.12/site-packages/airflow/example_dags/example_bash_decorator.py for tasks to queue
[2026-06-01T19:54:33.881+0000] {logging_mixin.py:188} INFO - [2026-06-01T19:54:33.880+0000] {dagbag.py:540} INFO - Filling up the DagBag from /home/airflow/.local/lib/python3.12/site-packages/airflow/example_dags/example_bash_decorator.py
[2026-06-01T19:54:33.893+0000] {processor.py:840} INFO - DAG(s) 'example_bash_decorator' retrieved from /home/airflow/.local/lib/python3.12/site-packages/airflow/example_dags/example_bash_decorator.py
[2026-06-01T19:54:33.916+0000] {logging_mixin.py:188} INFO - [2026-06-01T19:54:33.915+0000] {dag.py:3096} INFO - Sync 1 DAGs
[2026-06-01T19:54:33.926+0000] {logging_mixin.py:188} INFO - [2026-06-01T19:54:33.926+0000] {dag.py:3954} INFO - Setting next_dagrun for example_bash_decorator to None, run_after=None
[2026-06-01T19:54:33.944+0000] {processor.py:183} INFO - Processing /home/airflow/.local/lib/python3.12/site-packages/airflow/example_dags/example_bash_decorator.py took 0.071 seconds
[2026-06-01T19:55:04.449+0000] {processor.py:161} INFO - Started process (PID=12713) to work on /home/airflow/.local/lib/python3.12/site-packages/airflow/example_dags/example_bash_decorator.py
[2026-06-01T19:55:04.450+0000] {processor.py:830} INFO - Processing file /home/airflow/.local/lib/python3.12/site-packages/airflow/example_dags/example_bash_decorator.py for tasks to queue
[2026-06-01T19:55:04.452+0000] {logging_mixin.py:188} INFO - [2026-06-01T19:55:04.452+0000] {dagbag.py:540} INFO - Filling up the DagBag from /home/airflow/.local/lib/python3.12/site-packages/airflow/example_dags/example_bash_decorator.py
[2026-06-01T19:55:04.465+0000] {processor.py:840} INFO - DAG(s) 'example_bash_decorator' retrieved from /home/airflow/.local/lib/python3.12/site-packages/airflow/example_dags/example_bash_decorator.py
[2026-06-01T19:55:04.484+0000] {logging_mixin.py:188} INFO - [2026-06-01T19:55:04.484+0000] {dag.py:3096} INFO - Sync 1 DAGs
[2026-06-01T19:55:04.496+0000] {logging_mixin.py:188} INFO - [2026-06-01T19:55:04.496+0000] {dag.py:3954} INFO - Setting next_dagrun for example_bash_decorator to None, run_after=None
[2026-06-01T19:55:04.515+0000] {processor.py:183} INFO - Processing /home/airflow/.local/lib/python3.12/site-packages/airflow/example_dags/example_bash_decorator.py took 0.070 seconds
[2026-06-01T19:55:35.085+0000] {processor.py:161} INFO - Started process (PID=12772) to work on /home/airflow/.local/lib/python3.12/site-packages/airflow/example_dags/example_bash_decorator.py
[2026-06-01T19:55:35.086+0000] {processor.py:830} INFO - Processing file /home/airflow/.local/lib/python3.12/site-packages/airflow/example_dags/example_bash_decorator.py for tasks to queue
[2026-06-01T19:55:35.088+0000] {logging_mixin.py:188} INFO - [2026-06-01T19:55:35.088+0000] {dagbag.py:540} INFO - Filling up the DagBag from /home/airflow/.local/lib/python3.12/site-packages/airflow/example_dags/example_bash_decorator.py
[2026-06-01T19:55:35.100+0000] {processor.py:840} INFO - DAG(s) 'example_bash_decorator' retrieved from /home/airflow/.local/lib/python3.12/site-packages/airflow/example_dags/example_bash_decorator.py
[2026-06-01T19:55:35.121+0000] {logging_mixin.py:188} INFO - [2026-06-01T19:55:35.120+0000] {dag.py:3096} INFO - Sync 1 DAGs
[2026-06-01T19:55:35.133+0000] {logging_mixin.py:188} INFO - [2026-06-01T19:55:35.132+0000] {dag.py:3954} INFO - Setting next_dagrun for example_bash_decorator to None, run_after=None
[2026-06-01T19:55:35.151+0000] {processor.py:183} INFO - Processing /home/airflow/.local/lib/python3.12/site-packages/airflow/example_dags/example_bash_decorator.py took 0.071 seconds
[2026-06-01T19:56:05.663+0000] {processor.py:161} INFO - Started process (PID=12831) to work on /home/airflow/.local/lib/python3.12/site-packages/airflow/example_dags/example_bash_decorator.py
[2026-06-01T19:56:05.664+0000] {processor.py:830} INFO - Processing file /home/airflow/.local/lib/python3.12/site-packages/airflow/example_dags/example_bash_decorator.py for tasks to queue
[2026-06-01T19:56:05.666+0000] {logging_mixin.py:188} INFO - [2026-06-01T19:56:05.666+0000] {dagbag.py:540} INFO - Filling up the DagBag from /home/airflow/.local/lib/python3.12/site-packages/airflow/example_dags/example_bash_decorator.py
[2026-06-01T19:56:05.677+0000] {processor.py:840} INFO - DAG(s) 'example_bash_decorator' retrieved from /home/airflow/.local/lib/python3.12/site-packages/airflow/example_dags/example_bash_decorator.py
[2026-06-01T19:56:05.697+0000] {logging_mixin.py:188} INFO - [2026-06-01T19:56:05.697+0000] {dag.py:3096} INFO - Sync 1 DAGs
[2026-06-01T19:56:05.708+0000] {logging_mixin.py:188} INFO - [2026-06-01T19:56:05.708+0000] {dag.py:3954} INFO - Setting next_dagrun for example_bash_decorator to None, run_after=None
[2026-06-01T19:56:05.725+0000] {processor.py:183} INFO - Processing /home/airflow/.local/lib/python3.12/site-packages/airflow/example_dags/example_bash_decorator.py took 0.067 seconds
[2026-06-01T19:56:36.245+0000] {processor.py:161} INFO - Started process (PID=12890) to work on /home/airflow/.local/lib/python3.12/site-packages/airflow/example_dags/example_bash_decorator.py
[2026-06-01T19:56:36.246+0000] {processor.py:830} INFO - Processing file /home/airflow/.local/lib/python3.12/site-packages/airflow/example_dags/example_bash_decorator.py for tasks to queue
[2026-06-01T19:56:36.248+0000] {logging_mixin.py:188} INFO - [2026-06-01T19:56:36.248+0000] {dagbag.py:540} INFO - Filling up the DagBag from /home/airflow/.local/lib/python3.12/site-packages/airflow/example_dags/example_bash_decorator.py
[2026-06-01T19:56:36.260+0000] {processor.py:840} INFO - DAG(s) 'example_bash_decorator' retrieved from /home/airflow/.local/lib/python3.12/site-packages/airflow/example_dags/example_bash_decorator.py
[2026-06-01T19:56:36.281+0000] {logging_mixin.py:188} INFO - [2026-06-01T19:56:36.280+0000] {dag.py:3096} INFO - Sync 1 DAGs
[2026-06-01T19:56:36.291+0000] {logging_mixin.py:188} INFO - [2026-06-01T19:56:36.290+0000] {dag.py:3954} INFO - Setting next_dagrun for example_bash_decorator to None, run_after=None
[2026-06-01T19:56:36.308+0000] {processor.py:183} INFO - Processing /home/airflow/.local/lib/python3.12/site-packages/airflow/example_dags/example_bash_decorator.py took 0.068 seconds
[2026-06-01T19:57:06.617+0000] {processor.py:161} INFO - Started process (PID=12949) to work on /home/airflow/.local/lib/python3.12/site-packages/airflow/example_dags/example_bash_decorator.py
[2026-06-01T19:57:06.618+0000] {processor.py:830} INFO - Processing file /home/airflow/.local/lib/python3.12/site-packages/airflow/example_dags/example_bash_decorator.py for tasks to queue
[2026-06-01T19:57:06.621+0000] {logging_mixin.py:188} INFO - [2026-06-01T19:57:06.621+0000] {dagbag.py:540} INFO - Filling up the DagBag from /home/airflow/.local/lib/python3.12/site-packages/airflow/example_dags/example_bash_decorator.py
[2026-06-01T19:57:06.633+0000] {processor.py:840} INFO - DAG(s) 'example_bash_decorator' retrieved from /home/airflow/.local/lib/python3.12/site-packages/airflow/example_dags/example_bash_decorator.py
[2026-06-01T19:57:06.655+0000] {logging_mixin.py:188} INFO - [2026-06-01T19:57:06.654+0000] {dag.py:3096} INFO - Sync 1 DAGs
[2026-06-01T19:57:06.666+0000] {logging_mixin.py:188} INFO - [2026-06-01T19:57:06.665+0000] {dag.py:3954} INFO - Setting next_dagrun for example_bash_decorator to None, run_after=None
[2026-06-01T19:57:06.684+0000] {processor.py:183} INFO - Processing /home/airflow/.local/lib/python3.12/site-packages/airflow/example_dags/example_bash_decorator.py took 0.072 seconds
[2026-06-01T19:57:37.083+0000] {processor.py:161} INFO - Started process (PID=13008) to work on /home/airflow/.local/lib/python3.12/site-packages/airflow/example_dags/example_bash_decorator.py
[2026-06-01T19:57:37.085+0000] {processor.py:830} INFO - Processing file /home/airflow/.local/lib/python3.12/site-packages/airflow/example_dags/example_bash_decorator.py for tasks to queue
[2026-06-01T19:57:37.087+0000] {logging_mixin.py:188} INFO - [2026-06-01T19:57:37.086+0000] {dagbag.py:540} INFO - Filling up the DagBag from /home/airflow/.local/lib/python3.12/site-packages/airflow/example_dags/example_bash_decorator.py
[2026-06-01T19:57:37.100+0000] {processor.py:840} INFO - DAG(s) 'example_bash_decorator' retrieved from /home/airflow/.local/lib/python3.12/site-packages/airflow/example_dags/example_bash_decorator.py
[2026-06-01T19:57:37.121+0000] {logging_mixin.py:188} INFO - [2026-06-01T19:57:37.120+0000] {dag.py:3096} INFO - Sync 1 DAGs
[2026-06-01T19:57:37.132+0000] {logging_mixin.py:188} INFO - [2026-06-01T19:57:37.132+0000] {dag.py:3954} INFO - Setting next_dagrun for example_bash_decorator to None, run_after=None
[2026-06-01T19:57:37.152+0000] {processor.py:183} INFO - Processing /home/airflow/.local/lib/python3.12/site-packages/airflow/example_dags/example_bash_decorator.py took 0.073 seconds
[2026-06-01T19:58:07.685+0000] {processor.py:161} INFO - Started process (PID=13067) to work on /home/airflow/.local/lib/python3.12/site-packages/airflow/example_dags/example_bash_decorator.py
[2026-06-01T19:58:07.686+0000] {processor.py:830} INFO - Processing file /home/airflow/.local/lib/python3.12/site-packages/airflow/example_dags/example_bash_decorator.py for tasks to queue
[2026-06-01T19:58:07.689+0000] {logging_mixin.py:188} INFO - [2026-06-01T19:58:07.689+0000] {dagbag.py:540} INFO - Filling up the DagBag from /home/airflow/.local/lib/python3.12/site-packages/airflow/example_dags/example_bash_decorator.py
[2026-06-01T19:58:07.701+0000] {processor.py:840} INFO - DAG(s) 'example_bash_decorator' retrieved from /home/airflow/.local/lib/python3.12/site-packages/airflow/example_dags/example_bash_decorator.py
[2026-06-01T19:58:07.724+0000] {logging_mixin.py:188} INFO - [2026-06-01T19:58:07.723+0000] {dag.py:3096} INFO - Sync 1 DAGs
[2026-06-01T19:58:07.736+0000] {logging_mixin.py:188} INFO - [2026-06-01T19:58:07.735+0000] {dag.py:3954} INFO - Setting next_dagrun for example_bash_decorator to None, run_after=None
[2026-06-01T19:58:07.755+0000] {processor.py:183} INFO - Processing /home/airflow/.local/lib/python3.12/site-packages/airflow/example_dags/example_bash_decorator.py took 0.077 seconds
[2026-06-01T19:58:38.513+0000] {processor.py:161} INFO - Started process (PID=13126) to work on /home/airflow/.local/lib/python3.12/site-packages/airflow/example_dags/example_bash_decorator.py
[2026-06-01T19:58:38.514+0000] {processor.py:830} INFO - Processing file /home/airflow/.local/lib/python3.12/site-packages/airflow/example_dags/example_bash_decorator.py for tasks to queue
[2026-06-01T19:58:38.517+0000] {logging_mixin.py:188} INFO - [2026-06-01T19:58:38.516+0000] {dagbag.py:540} INFO - Filling up the DagBag from /home/airflow/.local/lib/python3.12/site-packages/airflow/example_dags/example_bash_decorator.py
[2026-06-01T19:58:38.528+0000] {processor.py:840} INFO - DAG(s) 'example_bash_decorator' retrieved from /home/airflow/.local/lib/python3.12/site-packages/airflow/example_dags/example_bash_decorator.py
[2026-06-01T19:58:38.547+0000] {logging_mixin.py:188} INFO - [2026-06-01T19:58:38.547+0000] {dag.py:3096} INFO - Sync 1 DAGs
[2026-06-01T19:58:38.557+0000] {logging_mixin.py:188} INFO - [2026-06-01T19:58:38.557+0000] {dag.py:3954} INFO - Setting next_dagrun for example_bash_decorator to None, run_after=None
[2026-06-01T19:58:38.574+0000] {processor.py:183} INFO - Processing /home/airflow/.local/lib/python3.12/site-packages/airflow/example_dags/example_bash_decorator.py took 0.066 seconds
[2026-06-01T19:59:08.709+0000] {processor.py:161} INFO - Started process (PID=13185) to work on /home/airflow/.local/lib/python3.12/site-packages/airflow/example_dags/example_bash_decorator.py
[2026-06-01T19:59:08.711+0000] {processor.py:830} INFO - Processing file /home/airflow/.local/lib/python3.12/site-packages/airflow/example_dags/example_bash_decorator.py for tasks to queue
[2026-06-01T19:59:08.714+0000] {logging_mixin.py:188} INFO - [2026-06-01T19:59:08.714+0000] {dagbag.py:540} INFO - Filling up the DagBag from /home/airflow/.local/lib/python3.12/site-packages/airflow/example_dags/example_bash_decorator.py
[2026-06-01T19:59:08.735+0000] {processor.py:840} INFO - DAG(s) 'example_bash_decorator' retrieved from /home/airflow/.local/lib/python3.12/site-packages/airflow/example_dags/example_bash_decorator.py
[2026-06-01T19:59:08.764+0000] {logging_mixin.py:188} INFO - [2026-06-01T19:59:08.764+0000] {dag.py:3096} INFO - Sync 1 DAGs
[2026-06-01T19:59:08.780+0000] {logging_mixin.py:188} INFO - [2026-06-01T19:59:08.780+0000] {dag.py:3954} INFO - Setting next_dagrun for example_bash_decorator to None, run_after=None
[2026-06-01T19:59:08.806+0000] {processor.py:183} INFO - Processing /home/airflow/.local/lib/python3.12/site-packages/airflow/example_dags/example_bash_decorator.py took 0.105 seconds
[2026-06-01T19:59:39.196+0000] {processor.py:161} INFO - Started process (PID=13244) to work on /home/airflow/.local/lib/python3.12/site-packages/airflow/example_dags/example_bash_decorator.py
[2026-06-01T19:59:39.197+0000] {processor.py:830} INFO - Processing file /home/airflow/.local/lib/python3.12/site-packages/airflow/example_dags/example_bash_decorator.py for tasks to queue
[2026-06-01T19:59:39.199+0000] {logging_mixin.py:188} INFO - [2026-06-01T19:59:39.199+0000] {dagbag.py:540} INFO - Filling up the DagBag from /home/airflow/.local/lib/python3.12/site-packages/airflow/example_dags/example_bash_decorator.py
[2026-06-01T19:59:39.212+0000] {processor.py:840} INFO - DAG(s) 'example_bash_decorator' retrieved from /home/airflow/.local/lib/python3.12/site-packages/airflow/example_dags/example_bash_decorator.py
[2026-06-01T19:59:39.232+0000] {logging_mixin.py:188} INFO - [2026-06-01T19:59:39.231+0000] {dag.py:3096} INFO - Sync 1 DAGs
[2026-06-01T19:59:39.242+0000] {logging_mixin.py:188} INFO - [2026-06-01T19:59:39.242+0000] {dag.py:3954} INFO - Setting next_dagrun for example_bash_decorator to None, run_after=None
[2026-06-01T19:59:39.259+0000] {processor.py:183} INFO - Processing /home/airflow/.local/lib/python3.12/site-packages/airflow/example_dags/example_bash_decorator.py took 0.069 seconds
[2026-06-01T20:00:09.936+0000] {processor.py:161} INFO - Started process (PID=13303) to work on /home/airflow/.local/lib/python3.12/site-packages/airflow/example_dags/example_bash_decorator.py
[2026-06-01T20:00:09.937+0000] {processor.py:830} INFO - Processing file /home/airflow/.local/lib/python3.12/site-packages/airflow/example_dags/example_bash_decorator.py for tasks to queue
[2026-06-01T20:00:09.939+0000] {logging_mixin.py:188} INFO - [2026-06-01T20:00:09.939+0000] {dagbag.py:540} INFO - Filling up the DagBag from /home/airflow/.local/lib/python3.12/site-packages/airflow/example_dags/example_bash_decorator.py
[2026-06-01T20:00:09.950+0000] {processor.py:840} INFO - DAG(s) 'example_bash_decorator' retrieved from /home/airflow/.local/lib/python3.12/site-packages/airflow/example_dags/example_bash_decorator.py
[2026-06-01T20:00:09.972+0000] {logging_mixin.py:188} INFO - [2026-06-01T20:00:09.972+0000] {dag.py:3096} INFO - Sync 1 DAGs
[2026-06-01T20:00:09.982+0000] {logging_mixin.py:188} INFO - [2026-06-01T20:00:09.982+0000] {dag.py:3954} INFO - Setting next_dagrun for example_bash_decorator to None, run_after=None
[2026-06-01T20:00:10.001+0000] {processor.py:183} INFO - Processing /home/airflow/.local/lib/python3.12/site-packages/airflow/example_dags/example_bash_decorator.py took 0.071 seconds
[2026-06-01T20:00:40.273+0000] {processor.py:161} INFO - Started process (PID=13362) to work on /home/airflow/.local/lib/python3.12/site-packages/airflow/example_dags/example_bash_decorator.py
[2026-06-01T20:00:40.274+0000] {processor.py:830} INFO - Processing file /home/airflow/.local/lib/python3.12/site-packages/airflow/example_dags/example_bash_decorator.py for tasks to queue
[2026-06-01T20:00:40.276+0000] {logging_mixin.py:188} INFO - [2026-06-01T20:00:40.276+0000] {dagbag.py:540} INFO - Filling up the DagBag from /home/airflow/.local/lib/python3.12/site-packages/airflow/example_dags/example_bash_decorator.py
[2026-06-01T20:00:40.289+0000] {processor.py:840} INFO - DAG(s) 'example_bash_decorator' retrieved from /home/airflow/.local/lib/python3.12/site-packages/airflow/example_dags/example_bash_decorator.py
[2026-06-01T20:00:40.309+0000] {logging_mixin.py:188} INFO - [2026-06-01T20:00:40.309+0000] {dag.py:3096} INFO - Sync 1 DAGs
[2026-06-01T20:00:40.322+0000] {logging_mixin.py:188} INFO - [2026-06-01T20:00:40.321+0000] {dag.py:3954} INFO - Setting next_dagrun for example_bash_decorator to None, run_after=None
[2026-06-01T20:00:40.341+0000] {processor.py:183} INFO - Processing /home/airflow/.local/lib/python3.12/site-packages/airflow/example_dags/example_bash_decorator.py took 0.074 seconds
[2026-06-01T20:01:10.494+0000] {processor.py:161} INFO - Started process (PID=13421) to work on /home/airflow/.local/lib/python3.12/site-packages/airflow/example_dags/example_bash_decorator.py
[2026-06-01T20:01:10.495+0000] {processor.py:830} INFO - Processing file /home/airflow/.local/lib/python3.12/site-packages/airflow/example_dags/example_bash_decorator.py for tasks to queue
[2026-06-01T20:01:10.497+0000] {logging_mixin.py:188} INFO - [2026-06-01T20:01:10.497+0000] {dagbag.py:540} INFO - Filling up the DagBag from /home/airflow/.local/lib/python3.12/site-packages/airflow/example_dags/example_bash_decorator.py
[2026-06-01T20:01:10.509+0000] {processor.py:840} INFO - DAG(s) 'example_bash_decorator' retrieved from /home/airflow/.local/lib/python3.12/site-packages/airflow/example_dags/example_bash_decorator.py
[2026-06-01T20:01:10.531+0000] {logging_mixin.py:188} INFO - [2026-06-01T20:01:10.530+0000] {dag.py:3096} INFO - Sync 1 DAGs
[2026-06-01T20:01:10.542+0000] {logging_mixin.py:188} INFO - [2026-06-01T20:01:10.541+0000] {dag.py:3954} INFO - Setting next_dagrun for example_bash_decorator to None, run_after=None
[2026-06-01T20:01:10.561+0000] {processor.py:183} INFO - Processing /home/airflow/.local/lib/python3.12/site-packages/airflow/example_dags/example_bash_decorator.py took 0.072 seconds
[2026-06-01T20:01:40.630+0000] {processor.py:161} INFO - Started process (PID=13480) to work on /home/airflow/.local/lib/python3.12/site-packages/airflow/example_dags/example_bash_decorator.py
[2026-06-01T20:01:40.631+0000] {processor.py:830} INFO - Processing file /home/airflow/.local/lib/python3.12/site-packages/airflow/example_dags/example_bash_decorator.py for tasks to queue
[2026-06-01T20:01:40.633+0000] {logging_mixin.py:188} INFO - [2026-06-01T20:01:40.633+0000] {dagbag.py:540} INFO - Filling up the DagBag from /home/airflow/.local/lib/python3.12/site-packages/airflow/example_dags/example_bash_decorator.py
[2026-06-01T20:01:40.646+0000] {processor.py:840} INFO - DAG(s) 'example_bash_decorator' retrieved from /home/airflow/.local/lib/python3.12/site-packages/airflow/example_dags/example_bash_decorator.py
[2026-06-01T20:01:40.667+0000] {logging_mixin.py:188} INFO - [2026-06-01T20:01:40.666+0000] {dag.py:3096} INFO - Sync 1 DAGs
[2026-06-01T20:01:40.676+0000] {logging_mixin.py:188} INFO - [2026-06-01T20:01:40.676+0000] {dag.py:3954} INFO - Setting next_dagrun for example_bash_decorator to None, run_after=None
[2026-06-01T20:01:40.693+0000] {processor.py:183} INFO - Processing /home/airflow/.local/lib/python3.12/site-packages/airflow/example_dags/example_bash_decorator.py took 0.068 seconds
[2026-06-01T20:02:10.780+0000] {processor.py:161} INFO - Started process (PID=13539) to work on /home/airflow/.local/lib/python3.12/site-packages/airflow/example_dags/example_bash_decorator.py
[2026-06-01T20:02:10.781+0000] {processor.py:830} INFO - Processing file /home/airflow/.local/lib/python3.12/site-packages/airflow/example_dags/example_bash_decorator.py for tasks to queue
[2026-06-01T20:02:10.782+0000] {logging_mixin.py:188} INFO - [2026-06-01T20:02:10.782+0000] {dagbag.py:540} INFO - Filling up the DagBag from /home/airflow/.local/lib/python3.12/site-packages/airflow/example_dags/example_bash_decorator.py
[2026-06-01T20:02:10.795+0000] {processor.py:840} INFO - DAG(s) 'example_bash_decorator' retrieved from /home/airflow/.local/lib/python3.12/site-packages/airflow/example_dags/example_bash_decorator.py
[2026-06-01T20:02:10.825+0000] {logging_mixin.py:188} INFO - [2026-06-01T20:02:10.824+0000] {dag.py:3096} INFO - Sync 1 DAGs
[2026-06-01T20:02:10.839+0000] {logging_mixin.py:188} INFO - [2026-06-01T20:02:10.839+0000] {dag.py:3954} INFO - Setting next_dagrun for example_bash_decorator to None, run_after=None
[2026-06-01T20:02:10.860+0000] {processor.py:183} INFO - Processing /home/airflow/.local/lib/python3.12/site-packages/airflow/example_dags/example_bash_decorator.py took 0.086 seconds
[2026-06-01T20:02:41.094+0000] {processor.py:161} INFO - Started process (PID=13598) to work on /home/airflow/.local/lib/python3.12/site-packages/airflow/example_dags/example_bash_decorator.py
[2026-06-01T20:02:41.096+0000] {processor.py:830} INFO - Processing file /home/airflow/.local/lib/python3.12/site-packages/airflow/example_dags/example_bash_decorator.py for tasks to queue
[2026-06-01T20:02:41.098+0000] {logging_mixin.py:188} INFO - [2026-06-01T20:02:41.097+0000] {dagbag.py:540} INFO - Filling up the DagBag from /home/airflow/.local/lib/python3.12/site-packages/airflow/example_dags/example_bash_decorator.py
[2026-06-01T20:02:41.110+0000] {processor.py:840} INFO - DAG(s) 'example_bash_decorator' retrieved from /home/airflow/.local/lib/python3.12/site-packages/airflow/example_dags/example_bash_decorator.py
[2026-06-01T20:02:41.131+0000] {logging_mixin.py:188} INFO - [2026-06-01T20:02:41.131+0000] {dag.py:3096} INFO - Sync 1 DAGs
[2026-06-01T20:02:41.142+0000] {logging_mixin.py:188} INFO - [2026-06-01T20:02:41.142+0000] {dag.py:3954} INFO - Setting next_dagrun for example_bash_decorator to None, run_after=None
[2026-06-01T20:02:41.159+0000] {processor.py:183} INFO - Processing /home/airflow/.local/lib/python3.12/site-packages/airflow/example_dags/example_bash_decorator.py took 0.070 seconds
[2026-06-01T20:03:11.283+0000] {processor.py:161} INFO - Started process (PID=13657) to work on /home/airflow/.local/lib/python3.12/site-packages/airflow/example_dags/example_bash_decorator.py
[2026-06-01T20:03:11.284+0000] {processor.py:830} INFO - Processing file /home/airflow/.local/lib/python3.12/site-packages/airflow/example_dags/example_bash_decorator.py for tasks to queue
[2026-06-01T20:03:11.286+0000] {logging_mixin.py:188} INFO - [2026-06-01T20:03:11.286+0000] {dagbag.py:540} INFO - Filling up the DagBag from /home/airflow/.local/lib/python3.12/site-packages/airflow/example_dags/example_bash_decorator.py
[2026-06-01T20:03:11.298+0000] {processor.py:840} INFO - DAG(s) 'example_bash_decorator' retrieved from /home/airflow/.local/lib/python3.12/site-packages/airflow/example_dags/example_bash_decorator.py
[2026-06-01T20:03:11.319+0000] {logging_mixin.py:188} INFO - [2026-06-01T20:03:11.318+0000] {dag.py:3096} INFO - Sync 1 DAGs
[2026-06-01T20:03:11.330+0000] {logging_mixin.py:188} INFO - [2026-06-01T20:03:11.329+0000] {dag.py:3954} INFO - Setting next_dagrun for example_bash_decorator to None, run_after=None
[2026-06-01T20:03:11.347+0000] {processor.py:183} INFO - Processing /home/airflow/.local/lib/python3.12/site-packages/airflow/example_dags/example_bash_decorator.py took 0.069 seconds
[2026-06-01T20:03:41.935+0000] {processor.py:161} INFO - Started process (PID=13715) to work on /home/airflow/.local/lib/python3.12/site-packages/airflow/example_dags/example_bash_decorator.py
[2026-06-01T20:03:41.936+0000] {processor.py:830} INFO - Processing file /home/airflow/.local/lib/python3.12/site-packages/airflow/example_dags/example_bash_decorator.py for tasks to queue
[2026-06-01T20:03:41.937+0000] {logging_mixin.py:188} INFO - [2026-06-01T20:03:41.937+0000] {dagbag.py:540} INFO - Filling up the DagBag from /home/airflow/.local/lib/python3.12/site-packages/airflow/example_dags/example_bash_decorator.py
[2026-06-01T20:03:41.949+0000] {processor.py:840} INFO - DAG(s) 'example_bash_decorator' retrieved from /home/airflow/.local/lib/python3.12/site-packages/airflow/example_dags/example_bash_decorator.py
[2026-06-01T20:03:41.970+0000] {logging_mixin.py:188} INFO - [2026-06-01T20:03:41.970+0000] {dag.py:3096} INFO - Sync 1 DAGs
[2026-06-01T20:03:41.982+0000] {logging_mixin.py:188} INFO - [2026-06-01T20:03:41.981+0000] {dag.py:3954} INFO - Setting next_dagrun for example_bash_decorator to None, run_after=None
[2026-06-01T20:03:42.000+0000] {processor.py:183} INFO - Processing /home/airflow/.local/lib/python3.12/site-packages/airflow/example_dags/example_bash_decorator.py took 0.070 seconds
[2026-06-01T20:04:12.795+0000] {processor.py:161} INFO - Started process (PID=13774) to work on /home/airflow/.local/lib/python3.12/site-packages/airflow/example_dags/example_bash_decorator.py
[2026-06-01T20:04:12.796+0000] {processor.py:830} INFO - Processing file /home/airflow/.local/lib/python3.12/site-packages/airflow/example_dags/example_bash_decorator.py for tasks to queue
[2026-06-01T20:04:12.798+0000] {logging_mixin.py:188} INFO - [2026-06-01T20:04:12.798+0000] {dagbag.py:540} INFO - Filling up the DagBag from /home/airflow/.local/lib/python3.12/site-packages/airflow/example_dags/example_bash_decorator.py
[2026-06-01T20:04:12.812+0000] {processor.py:840} INFO - DAG(s) 'example_bash_decorator' retrieved from /home/airflow/.local/lib/python3.12/site-packages/airflow/example_dags/example_bash_decorator.py
[2026-06-01T20:04:12.835+0000] {logging_mixin.py:188} INFO - [2026-06-01T20:04:12.834+0000] {dag.py:3096} INFO - Sync 1 DAGs
[2026-06-01T20:04:12.846+0000] {logging_mixin.py:188} INFO - [2026-06-01T20:04:12.846+0000] {dag.py:3954} INFO - Setting next_dagrun for example_bash_decorator to None, run_after=None
[2026-06-01T20:04:12.864+0000] {processor.py:183} INFO - Processing /home/airflow/.local/lib/python3.12/site-packages/airflow/example_dags/example_bash_decorator.py took 0.075 seconds
[2026-06-01T20:04:43.027+0000] {processor.py:161} INFO - Started process (PID=13833) to work on /home/airflow/.local/lib/python3.12/site-packages/airflow/example_dags/example_bash_decorator.py
[2026-06-01T20:04:43.028+0000] {processor.py:830} INFO - Processing file /home/airflow/.local/lib/python3.12/site-packages/airflow/example_dags/example_bash_decorator.py for tasks to queue
[2026-06-01T20:04:43.030+0000] {logging_mixin.py:188} INFO - [2026-06-01T20:04:43.030+0000] {dagbag.py:540} INFO - Filling up the DagBag from /home/airflow/.local/lib/python3.12/site-packages/airflow/example_dags/example_bash_decorator.py
[2026-06-01T20:04:43.041+0000] {processor.py:840} INFO - DAG(s) 'example_bash_decorator' retrieved from /home/airflow/.local/lib/python3.12/site-packages/airflow/example_dags/example_bash_decorator.py
[2026-06-01T20:04:43.060+0000] {logging_mixin.py:188} INFO - [2026-06-01T20:04:43.060+0000] {dag.py:3096} INFO - Sync 1 DAGs
[2026-06-01T20:04:43.071+0000] {logging_mixin.py:188} INFO - [2026-06-01T20:04:43.071+0000] {dag.py:3954} INFO - Setting next_dagrun for example_bash_decorator to None, run_after=None
[2026-06-01T20:04:43.089+0000] {processor.py:183} INFO - Processing /home/airflow/.local/lib/python3.12/site-packages/airflow/example_dags/example_bash_decorator.py took 0.067 seconds
[2026-06-01T20:05:13.676+0000] {processor.py:161} INFO - Started process (PID=13892) to work on /home/airflow/.local/lib/python3.12/site-packages/airflow/example_dags/example_bash_decorator.py
[2026-06-01T20:05:13.677+0000] {processor.py:830} INFO - Processing file /home/airflow/.local/lib/python3.12/site-packages/airflow/example_dags/example_bash_decorator.py for tasks to queue
[2026-06-01T20:05:13.679+0000] {logging_mixin.py:188} INFO - [2026-06-01T20:05:13.679+0000] {dagbag.py:540} INFO - Filling up the DagBag from /home/airflow/.local/lib/python3.12/site-packages/airflow/example_dags/example_bash_decorator.py
[2026-06-01T20:05:13.691+0000] {processor.py:840} INFO - DAG(s) 'example_bash_decorator' retrieved from /home/airflow/.local/lib/python3.12/site-packages/airflow/example_dags/example_bash_decorator.py
[2026-06-01T20:05:13.714+0000] {logging_mixin.py:188} INFO - [2026-06-01T20:05:13.713+0000] {dag.py:3096} INFO - Sync 1 DAGs
[2026-06-01T20:05:13.728+0000] {logging_mixin.py:188} INFO - [2026-06-01T20:05:13.728+0000] {dag.py:3954} INFO - Setting next_dagrun for example_bash_decorator to None, run_after=None
[2026-06-01T20:05:13.745+0000] {processor.py:183} INFO - Processing /home/airflow/.local/lib/python3.12/site-packages/airflow/example_dags/example_bash_decorator.py took 0.075 seconds
[2026-06-01T20:05:44.302+0000] {processor.py:161} INFO - Started process (PID=13951) to work on /home/airflow/.local/lib/python3.12/site-packages/airflow/example_dags/example_bash_decorator.py
[2026-06-01T20:05:44.303+0000] {processor.py:830} INFO - Processing file /home/airflow/.local/lib/python3.12/site-packages/airflow/example_dags/example_bash_decorator.py for tasks to queue
[2026-06-01T20:05:44.305+0000] {logging_mixin.py:188} INFO - [2026-06-01T20:05:44.305+0000] {dagbag.py:540} INFO - Filling up the DagBag from /home/airflow/.local/lib/python3.12/site-packages/airflow/example_dags/example_bash_decorator.py
[2026-06-01T20:05:44.317+0000] {processor.py:840} INFO - DAG(s) 'example_bash_decorator' retrieved from /home/airflow/.local/lib/python3.12/site-packages/airflow/example_dags/example_bash_decorator.py
[2026-06-01T20:05:44.337+0000] {logging_mixin.py:188} INFO - [2026-06-01T20:05:44.337+0000] {dag.py:3096} INFO - Sync 1 DAGs
[2026-06-01T20:05:44.348+0000] {logging_mixin.py:188} INFO - [2026-06-01T20:05:44.348+0000] {dag.py:3954} INFO - Setting next_dagrun for example_bash_decorator to None, run_after=None
[2026-06-01T20:05:44.365+0000] {processor.py:183} INFO - Processing /home/airflow/.local/lib/python3.12/site-packages/airflow/example_dags/example_bash_decorator.py took 0.068 seconds
[2026-06-01T20:06:15.216+0000] {processor.py:161} INFO - Started process (PID=14010) to work on /home/airflow/.local/lib/python3.12/site-packages/airflow/example_dags/example_bash_decorator.py
[2026-06-01T20:06:15.217+0000] {processor.py:830} INFO - Processing file /home/airflow/.local/lib/python3.12/site-packages/airflow/example_dags/example_bash_decorator.py for tasks to queue
[2026-06-01T20:06:15.219+0000] {logging_mixin.py:188} INFO - [2026-06-01T20:06:15.219+0000] {dagbag.py:540} INFO - Filling up the DagBag from /home/airflow/.local/lib/python3.12/site-packages/airflow/example_dags/example_bash_decorator.py
[2026-06-01T20:06:15.232+0000] {processor.py:840} INFO - DAG(s) 'example_bash_decorator' retrieved from /home/airflow/.local/lib/python3.12/site-packages/airflow/example_dags/example_bash_decorator.py
[2026-06-01T20:06:15.256+0000] {logging_mixin.py:188} INFO - [2026-06-01T20:06:15.255+0000] {dag.py:3096} INFO - Sync 1 DAGs
[2026-06-01T20:06:15.270+0000] {logging_mixin.py:188} INFO - [2026-06-01T20:06:15.270+0000] {dag.py:3954} INFO - Setting next_dagrun for example_bash_decorator to None, run_after=None
[2026-06-01T20:06:15.286+0000] {processor.py:183} INFO - Processing /home/airflow/.local/lib/python3.12/site-packages/airflow/example_dags/example_bash_decorator.py took 0.075 seconds
[2026-06-01T20:06:45.351+0000] {processor.py:161} INFO - Started process (PID=14069) to work on /home/airflow/.local/lib/python3.12/site-packages/airflow/example_dags/example_bash_decorator.py
[2026-06-01T20:06:45.352+0000] {processor.py:830} INFO - Processing file /home/airflow/.local/lib/python3.12/site-packages/airflow/example_dags/example_bash_decorator.py for tasks to queue
[2026-06-01T20:06:45.354+0000] {logging_mixin.py:188} INFO - [2026-06-01T20:06:45.354+0000] {dagbag.py:540} INFO - Filling up the DagBag from /home/airflow/.local/lib/python3.12/site-packages/airflow/example_dags/example_bash_decorator.py
[2026-06-01T20:06:45.369+0000] {processor.py:840} INFO - DAG(s) 'example_bash_decorator' retrieved from /home/airflow/.local/lib/python3.12/site-packages/airflow/example_dags/example_bash_decorator.py
[2026-06-01T20:06:45.394+0000] {logging_mixin.py:188} INFO - [2026-06-01T20:06:45.394+0000] {dag.py:3096} INFO - Sync 1 DAGs
[2026-06-01T20:06:45.405+0000] {logging_mixin.py:188} INFO - [2026-06-01T20:06:45.405+0000] {dag.py:3954} INFO - Setting next_dagrun for example_bash_decorator to None, run_after=None
[2026-06-01T20:06:45.425+0000] {processor.py:183} INFO - Processing /home/airflow/.local/lib/python3.12/site-packages/airflow/example_dags/example_bash_decorator.py took 0.081 seconds
[2026-06-01T20:07:15.562+0000] {processor.py:161} INFO - Started process (PID=14128) to work on /home/airflow/.local/lib/python3.12/site-packages/airflow/example_dags/example_bash_decorator.py
[2026-06-01T20:07:15.563+0000] {processor.py:830} INFO - Processing file /home/airflow/.local/lib/python3.12/site-packages/airflow/example_dags/example_bash_decorator.py for tasks to queue
[2026-06-01T20:07:15.565+0000] {logging_mixin.py:188} INFO - [2026-06-01T20:07:15.565+0000] {dagbag.py:540} INFO - Filling up the DagBag from /home/airflow/.local/lib/python3.12/site-packages/airflow/example_dags/example_bash_decorator.py
[2026-06-01T20:07:15.579+0000] {processor.py:840} INFO - DAG(s) 'example_bash_decorator' retrieved from /home/airflow/.local/lib/python3.12/site-packages/airflow/example_dags/example_bash_decorator.py
[2026-06-01T20:07:15.599+0000] {logging_mixin.py:188} INFO - [2026-06-01T20:07:15.599+0000] {dag.py:3096} INFO - Sync 1 DAGs
[2026-06-01T20:07:15.611+0000] {logging_mixin.py:188} INFO - [2026-06-01T20:07:15.611+0000] {dag.py:3954} INFO - Setting next_dagrun for example_bash_decorator to None, run_after=None
[2026-06-01T20:07:15.630+0000] {processor.py:183} INFO - Processing /home/airflow/.local/lib/python3.12/site-packages/airflow/example_dags/example_bash_decorator.py took 0.074 seconds
[2026-06-01T20:07:45.948+0000] {processor.py:161} INFO - Started process (PID=14187) to work on /home/airflow/.local/lib/python3.12/site-packages/airflow/example_dags/example_bash_decorator.py
[2026-06-01T20:07:45.949+0000] {processor.py:830} INFO - Processing file /home/airflow/.local/lib/python3.12/site-packages/airflow/example_dags/example_bash_decorator.py for tasks to queue
[2026-06-01T20:07:45.952+0000] {logging_mixin.py:188} INFO - [2026-06-01T20:07:45.952+0000] {dagbag.py:540} INFO - Filling up the DagBag from /home/airflow/.local/lib/python3.12/site-packages/airflow/example_dags/example_bash_decorator.py
[2026-06-01T20:07:45.965+0000] {processor.py:840} INFO - DAG(s) 'example_bash_decorator' retrieved from /home/airflow/.local/lib/python3.12/site-packages/airflow/example_dags/example_bash_decorator.py
[2026-06-01T20:07:45.986+0000] {logging_mixin.py:188} INFO - [2026-06-01T20:07:45.986+0000] {dag.py:3096} INFO - Sync 1 DAGs
[2026-06-01T20:07:45.999+0000] {logging_mixin.py:188} INFO - [2026-06-01T20:07:45.999+0000] {dag.py:3954} INFO - Setting next_dagrun for example_bash_decorator to None, run_after=None
[2026-06-01T20:07:46.016+0000] {processor.py:183} INFO - Processing /home/airflow/.local/lib/python3.12/site-packages/airflow/example_dags/example_bash_decorator.py took 0.074 seconds
[2026-06-01T20:08:16.359+0000] {processor.py:161} INFO - Started process (PID=14246) to work on /home/airflow/.local/lib/python3.12/site-packages/airflow/example_dags/example_bash_decorator.py
[2026-06-01T20:08:16.360+0000] {processor.py:830} INFO - Processing file /home/airflow/.local/lib/python3.12/site-packages/airflow/example_dags/example_bash_decorator.py for tasks to queue
[2026-06-01T20:08:16.363+0000] {logging_mixin.py:188} INFO - [2026-06-01T20:08:16.362+0000] {dagbag.py:540} INFO - Filling up the DagBag from /home/airflow/.local/lib/python3.12/site-packages/airflow/example_dags/example_bash_decorator.py
[2026-06-01T20:08:16.376+0000] {processor.py:840} INFO - DAG(s) 'example_bash_decorator' retrieved from /home/airflow/.local/lib/python3.12/site-packages/airflow/example_dags/example_bash_decorator.py
[2026-06-01T20:08:16.401+0000] {logging_mixin.py:188} INFO - [2026-06-01T20:08:16.401+0000] {dag.py:3096} INFO - Sync 1 DAGs
[2026-06-01T20:08:16.414+0000] {logging_mixin.py:188} INFO - [2026-06-01T20:08:16.413+0000] {dag.py:3954} INFO - Setting next_dagrun for example_bash_decorator to None, run_after=None
[2026-06-01T20:08:16.435+0000] {processor.py:183} INFO - Processing /home/airflow/.local/lib/python3.12/site-packages/airflow/example_dags/example_bash_decorator.py took 0.083 seconds
[2026-06-01T20:08:46.751+0000] {processor.py:161} INFO - Started process (PID=14305) to work on /home/airflow/.local/lib/python3.12/site-packages/airflow/example_dags/example_bash_decorator.py
[2026-06-01T20:08:46.753+0000] {processor.py:830} INFO - Processing file /home/airflow/.local/lib/python3.12/site-packages/airflow/example_dags/example_bash_decorator.py for tasks to queue
[2026-06-01T20:08:46.755+0000] {logging_mixin.py:188} INFO - [2026-06-01T20:08:46.755+0000] {dagbag.py:540} INFO - Filling up the DagBag from /home/airflow/.local/lib/python3.12/site-packages/airflow/example_dags/example_bash_decorator.py
[2026-06-01T20:08:46.767+0000] {processor.py:840} INFO - DAG(s) 'example_bash_decorator' retrieved from /home/airflow/.local/lib/python3.12/site-packages/airflow/example_dags/example_bash_decorator.py
[2026-06-01T20:08:46.789+0000] {logging_mixin.py:188} INFO - [2026-06-01T20:08:46.788+0000] {dag.py:3096} INFO - Sync 1 DAGs
[2026-06-01T20:08:46.800+0000] {logging_mixin.py:188} INFO - [2026-06-01T20:08:46.799+0000] {dag.py:3954} INFO - Setting next_dagrun for example_bash_decorator to None, run_after=None
[2026-06-01T20:08:46.821+0000] {processor.py:183} INFO - Processing /home/airflow/.local/lib/python3.12/site-packages/airflow/example_dags/example_bash_decorator.py took 0.075 seconds
[2026-06-01T20:09:17.216+0000] {processor.py:161} INFO - Started process (PID=14364) to work on /home/airflow/.local/lib/python3.12/site-packages/airflow/example_dags/example_bash_decorator.py
[2026-06-01T20:09:17.217+0000] {processor.py:830} INFO - Processing file /home/airflow/.local/lib/python3.12/site-packages/airflow/example_dags/example_bash_decorator.py for tasks to queue
[2026-06-01T20:09:17.220+0000] {logging_mixin.py:188} INFO - [2026-06-01T20:09:17.219+0000] {dagbag.py:540} INFO - Filling up the DagBag from /home/airflow/.local/lib/python3.12/site-packages/airflow/example_dags/example_bash_decorator.py
[2026-06-01T20:09:17.234+0000] {processor.py:840} INFO - DAG(s) 'example_bash_decorator' retrieved from /home/airflow/.local/lib/python3.12/site-packages/airflow/example_dags/example_bash_decorator.py
[2026-06-01T20:09:17.256+0000] {logging_mixin.py:188} INFO - [2026-06-01T20:09:17.256+0000] {dag.py:3096} INFO - Sync 1 DAGs
[2026-06-01T20:09:17.268+0000] {logging_mixin.py:188} INFO - [2026-06-01T20:09:17.268+0000] {dag.py:3954} INFO - Setting next_dagrun for example_bash_decorator to None, run_after=None
[2026-06-01T20:09:17.287+0000] {processor.py:183} INFO - Processing /home/airflow/.local/lib/python3.12/site-packages/airflow/example_dags/example_bash_decorator.py took 0.079 seconds
[2026-06-01T20:09:47.412+0000] {processor.py:161} INFO - Started process (PID=14423) to work on /home/airflow/.local/lib/python3.12/site-packages/airflow/example_dags/example_bash_decorator.py
[2026-06-01T20:09:47.413+0000] {processor.py:830} INFO - Processing file /home/airflow/.local/lib/python3.12/site-packages/airflow/example_dags/example_bash_decorator.py for tasks to queue
[2026-06-01T20:09:47.415+0000] {logging_mixin.py:188} INFO - [2026-06-01T20:09:47.415+0000] {dagbag.py:540} INFO - Filling up the DagBag from /home/airflow/.local/lib/python3.12/site-packages/airflow/example_dags/example_bash_decorator.py
[2026-06-01T20:09:47.432+0000] {processor.py:840} INFO - DAG(s) 'example_bash_decorator' retrieved from /home/airflow/.local/lib/python3.12/site-packages/airflow/example_dags/example_bash_decorator.py
[2026-06-01T20:09:47.455+0000] {logging_mixin.py:188} INFO - [2026-06-01T20:09:47.455+0000] {dag.py:3096} INFO - Sync 1 DAGs
[2026-06-01T20:09:47.466+0000] {logging_mixin.py:188} INFO - [2026-06-01T20:09:47.466+0000] {dag.py:3954} INFO - Setting next_dagrun for example_bash_decorator to None, run_after=None
[2026-06-01T20:09:47.483+0000] {processor.py:183} INFO - Processing /home/airflow/.local/lib/python3.12/site-packages/airflow/example_dags/example_bash_decorator.py took 0.075 seconds
[2026-06-01T20:10:17.539+0000] {processor.py:161} INFO - Started process (PID=14482) to work on /home/airflow/.local/lib/python3.12/site-packages/airflow/example_dags/example_bash_decorator.py
[2026-06-01T20:10:17.541+0000] {processor.py:830} INFO - Processing file /home/airflow/.local/lib/python3.12/site-packages/airflow/example_dags/example_bash_decorator.py for tasks to queue
[2026-06-01T20:10:17.543+0000] {logging_mixin.py:188} INFO - [2026-06-01T20:10:17.542+0000] {dagbag.py:540} INFO - Filling up the DagBag from /home/airflow/.local/lib/python3.12/site-packages/airflow/example_dags/example_bash_decorator.py
[2026-06-01T20:10:17.555+0000] {processor.py:840} INFO - DAG(s) 'example_bash_decorator' retrieved from /home/airflow/.local/lib/python3.12/site-packages/airflow/example_dags/example_bash_decorator.py
[2026-06-01T20:10:17.575+0000] {logging_mixin.py:188} INFO - [2026-06-01T20:10:17.575+0000] {dag.py:3096} INFO - Sync 1 DAGs
[2026-06-01T20:10:17.586+0000] {logging_mixin.py:188} INFO - [2026-06-01T20:10:17.586+0000] {dag.py:3954} INFO - Setting next_dagrun for example_bash_decorator to None, run_after=None
[2026-06-01T20:10:17.603+0000] {processor.py:183} INFO - Processing /home/airflow/.local/lib/python3.12/site-packages/airflow/example_dags/example_bash_decorator.py took 0.069 seconds
[2026-06-01T20:10:48.078+0000] {processor.py:161} INFO - Started process (PID=14541) to work on /home/airflow/.local/lib/python3.12/site-packages/airflow/example_dags/example_bash_decorator.py
[2026-06-01T20:10:48.079+0000] {processor.py:830} INFO - Processing file /home/airflow/.local/lib/python3.12/site-packages/airflow/example_dags/example_bash_decorator.py for tasks to queue
[2026-06-01T20:10:48.082+0000] {logging_mixin.py:188} INFO - [2026-06-01T20:10:48.081+0000] {dagbag.py:540} INFO - Filling up the DagBag from /home/airflow/.local/lib/python3.12/site-packages/airflow/example_dags/example_bash_decorator.py
[2026-06-01T20:10:48.093+0000] {processor.py:840} INFO - DAG(s) 'example_bash_decorator' retrieved from /home/airflow/.local/lib/python3.12/site-packages/airflow/example_dags/example_bash_decorator.py
[2026-06-01T20:10:48.113+0000] {logging_mixin.py:188} INFO - [2026-06-01T20:10:48.113+0000] {dag.py:3096} INFO - Sync 1 DAGs
[2026-06-01T20:10:48.123+0000] {logging_mixin.py:188} INFO - [2026-06-01T20:10:48.123+0000] {dag.py:3954} INFO - Setting next_dagrun for example_bash_decorator to None, run_after=None
[2026-06-01T20:10:48.141+0000] {processor.py:183} INFO - Processing /home/airflow/.local/lib/python3.12/site-packages/airflow/example_dags/example_bash_decorator.py took 0.068 seconds
[2026-06-01T20:11:19.516+0000] {processor.py:161} INFO - Started process (PID=14600) to work on /home/airflow/.local/lib/python3.12/site-packages/airflow/example_dags/example_bash_decorator.py
[2026-06-01T20:11:19.518+0000] {processor.py:830} INFO - Processing file /home/airflow/.local/lib/python3.12/site-packages/airflow/example_dags/example_bash_decorator.py for tasks to queue
[2026-06-01T20:11:19.519+0000] {logging_mixin.py:188} INFO - [2026-06-01T20:11:19.519+0000] {dagbag.py:540} INFO - Filling up the DagBag from /home/airflow/.local/lib/python3.12/site-packages/airflow/example_dags/example_bash_decorator.py
[2026-06-01T20:11:19.531+0000] {processor.py:840} INFO - DAG(s) 'example_bash_decorator' retrieved from /home/airflow/.local/lib/python3.12/site-packages/airflow/example_dags/example_bash_decorator.py
[2026-06-01T20:11:19.550+0000] {logging_mixin.py:188} INFO - [2026-06-01T20:11:19.550+0000] {dag.py:3096} INFO - Sync 1 DAGs
[2026-06-01T20:11:19.562+0000] {logging_mixin.py:188} INFO - [2026-06-01T20:11:19.561+0000] {dag.py:3954} INFO - Setting next_dagrun for example_bash_decorator to None, run_after=None
[2026-06-01T20:11:19.582+0000] {processor.py:183} INFO - Processing /home/airflow/.local/lib/python3.12/site-packages/airflow/example_dags/example_bash_decorator.py took 0.071 seconds
[2026-06-01T20:11:50.413+0000] {processor.py:161} INFO - Started process (PID=14659) to work on /home/airflow/.local/lib/python3.12/site-packages/airflow/example_dags/example_bash_decorator.py
[2026-06-01T20:11:50.414+0000] {processor.py:830} INFO - Processing file /home/airflow/.local/lib/python3.12/site-packages/airflow/example_dags/example_bash_decorator.py for tasks to queue
[2026-06-01T20:11:50.415+0000] {logging_mixin.py:188} INFO - [2026-06-01T20:11:50.415+0000] {dagbag.py:540} INFO - Filling up the DagBag from /home/airflow/.local/lib/python3.12/site-packages/airflow/example_dags/example_bash_decorator.py
[2026-06-01T20:11:50.427+0000] {processor.py:840} INFO - DAG(s) 'example_bash_decorator' retrieved from /home/airflow/.local/lib/python3.12/site-packages/airflow/example_dags/example_bash_decorator.py
[2026-06-01T20:11:50.446+0000] {logging_mixin.py:188} INFO - [2026-06-01T20:11:50.446+0000] {dag.py:3096} INFO - Sync 1 DAGs
[2026-06-01T20:11:50.459+0000] {logging_mixin.py:188} INFO - [2026-06-01T20:11:50.458+0000] {dag.py:3954} INFO - Setting next_dagrun for example_bash_decorator to None, run_after=None
[2026-06-01T20:11:50.485+0000] {processor.py:183} INFO - Processing /home/airflow/.local/lib/python3.12/site-packages/airflow/example_dags/example_bash_decorator.py took 0.077 seconds
[2026-06-01T20:12:20.717+0000] {processor.py:161} INFO - Started process (PID=14719) to work on /home/airflow/.local/lib/python3.12/site-packages/airflow/example_dags/example_bash_decorator.py
[2026-06-01T20:12:20.718+0000] {processor.py:830} INFO - Processing file /home/airflow/.local/lib/python3.12/site-packages/airflow/example_dags/example_bash_decorator.py for tasks to queue
[2026-06-01T20:12:20.720+0000] {logging_mixin.py:188} INFO - [2026-06-01T20:12:20.720+0000] {dagbag.py:540} INFO - Filling up the DagBag from /home/airflow/.local/lib/python3.12/site-packages/airflow/example_dags/example_bash_decorator.py
[2026-06-01T20:12:20.732+0000] {processor.py:840} INFO - DAG(s) 'example_bash_decorator' retrieved from /home/airflow/.local/lib/python3.12/site-packages/airflow/example_dags/example_bash_decorator.py
[2026-06-01T20:12:20.756+0000] {logging_mixin.py:188} INFO - [2026-06-01T20:12:20.756+0000] {dag.py:3096} INFO - Sync 1 DAGs
[2026-06-01T20:12:20.771+0000] {logging_mixin.py:188} INFO - [2026-06-01T20:12:20.770+0000] {dag.py:3954} INFO - Setting next_dagrun for example_bash_decorator to None, run_after=None
[2026-06-01T20:12:20.791+0000] {processor.py:183} INFO - Processing /home/airflow/.local/lib/python3.12/site-packages/airflow/example_dags/example_bash_decorator.py took 0.080 seconds
[2026-06-01T20:12:50.987+0000] {processor.py:161} INFO - Started process (PID=14778) to work on /home/airflow/.local/lib/python3.12/site-packages/airflow/example_dags/example_bash_decorator.py
[2026-06-01T20:12:50.988+0000] {processor.py:830} INFO - Processing file /home/airflow/.local/lib/python3.12/site-packages/airflow/example_dags/example_bash_decorator.py for tasks to queue
[2026-06-01T20:12:50.990+0000] {logging_mixin.py:188} INFO - [2026-06-01T20:12:50.990+0000] {dagbag.py:540} INFO - Filling up the DagBag from /home/airflow/.local/lib/python3.12/site-packages/airflow/example_dags/example_bash_decorator.py
[2026-06-01T20:12:51.004+0000] {processor.py:840} INFO - DAG(s) 'example_bash_decorator' retrieved from /home/airflow/.local/lib/python3.12/site-packages/airflow/example_dags/example_bash_decorator.py
[2026-06-01T20:12:51.025+0000] {logging_mixin.py:188} INFO - [2026-06-01T20:12:51.024+0000] {dag.py:3096} INFO - Sync 1 DAGs
[2026-06-01T20:12:51.036+0000] {logging_mixin.py:188} INFO - [2026-06-01T20:12:51.036+0000] {dag.py:3954} INFO - Setting next_dagrun for example_bash_decorator to None, run_after=None
[2026-06-01T20:12:51.066+0000] {processor.py:183} INFO - Processing /home/airflow/.local/lib/python3.12/site-packages/airflow/example_dags/example_bash_decorator.py took 0.085 seconds
[2026-06-01T20:13:21.143+0000] {processor.py:161} INFO - Started process (PID=14837) to work on /home/airflow/.local/lib/python3.12/site-packages/airflow/example_dags/example_bash_decorator.py
[2026-06-01T20:13:21.144+0000] {processor.py:830} INFO - Processing file /home/airflow/.local/lib/python3.12/site-packages/airflow/example_dags/example_bash_decorator.py for tasks to queue
[2026-06-01T20:13:21.146+0000] {logging_mixin.py:188} INFO - [2026-06-01T20:13:21.146+0000] {dagbag.py:540} INFO - Filling up the DagBag from /home/airflow/.local/lib/python3.12/site-packages/airflow/example_dags/example_bash_decorator.py
[2026-06-01T20:13:21.159+0000] {processor.py:840} INFO - DAG(s) 'example_bash_decorator' retrieved from /home/airflow/.local/lib/python3.12/site-packages/airflow/example_dags/example_bash_decorator.py
[2026-06-01T20:13:21.181+0000] {logging_mixin.py:188} INFO - [2026-06-01T20:13:21.180+0000] {dag.py:3096} INFO - Sync 1 DAGs
[2026-06-01T20:13:21.337+0000] {logging_mixin.py:188} INFO - [2026-06-01T20:13:21.336+0000] {dag.py:3954} INFO - Setting next_dagrun for example_bash_decorator to None, run_after=None
[2026-06-01T20:13:21.355+0000] {processor.py:183} INFO - Processing /home/airflow/.local/lib/python3.12/site-packages/airflow/example_dags/example_bash_decorator.py took 0.218 seconds
[2026-06-01T20:13:52.122+0000] {processor.py:161} INFO - Started process (PID=14896) to work on /home/airflow/.local/lib/python3.12/site-packages/airflow/example_dags/example_bash_decorator.py
[2026-06-01T20:13:52.123+0000] {processor.py:830} INFO - Processing file /home/airflow/.local/lib/python3.12/site-packages/airflow/example_dags/example_bash_decorator.py for tasks to queue
[2026-06-01T20:13:52.125+0000] {logging_mixin.py:188} INFO - [2026-06-01T20:13:52.124+0000] {dagbag.py:540} INFO - Filling up the DagBag from /home/airflow/.local/lib/python3.12/site-packages/airflow/example_dags/example_bash_decorator.py
[2026-06-01T20:13:52.138+0000] {processor.py:840} INFO - DAG(s) 'example_bash_decorator' retrieved from /home/airflow/.local/lib/python3.12/site-packages/airflow/example_dags/example_bash_decorator.py
[2026-06-01T20:13:52.158+0000] {logging_mixin.py:188} INFO - [2026-06-01T20:13:52.158+0000] {dag.py:3096} INFO - Sync 1 DAGs
[2026-06-01T20:13:52.311+0000] {logging_mixin.py:188} INFO - [2026-06-01T20:13:52.311+0000] {dag.py:3954} INFO - Setting next_dagrun for example_bash_decorator to None, run_after=None
[2026-06-01T20:13:52.331+0000] {processor.py:183} INFO - Processing /home/airflow/.local/lib/python3.12/site-packages/airflow/example_dags/example_bash_decorator.py took 0.214 seconds
[2026-06-01T20:14:23.046+0000] {processor.py:161} INFO - Started process (PID=14955) to work on /home/airflow/.local/lib/python3.12/site-packages/airflow/example_dags/example_bash_decorator.py
[2026-06-01T20:14:23.047+0000] {processor.py:830} INFO - Processing file /home/airflow/.local/lib/python3.12/site-packages/airflow/example_dags/example_bash_decorator.py for tasks to queue
[2026-06-01T20:14:23.050+0000] {logging_mixin.py:188} INFO - [2026-06-01T20:14:23.049+0000] {dagbag.py:540} INFO - Filling up the DagBag from /home/airflow/.local/lib/python3.12/site-packages/airflow/example_dags/example_bash_decorator.py
[2026-06-01T20:14:23.062+0000] {processor.py:840} INFO - DAG(s) 'example_bash_decorator' retrieved from /home/airflow/.local/lib/python3.12/site-packages/airflow/example_dags/example_bash_decorator.py
[2026-06-01T20:14:23.086+0000] {logging_mixin.py:188} INFO - [2026-06-01T20:14:23.086+0000] {dag.py:3096} INFO - Sync 1 DAGs
[2026-06-01T20:14:23.099+0000] {logging_mixin.py:188} INFO - [2026-06-01T20:14:23.099+0000] {dag.py:3954} INFO - Setting next_dagrun for example_bash_decorator to None, run_after=None
[2026-06-01T20:14:23.254+0000] {processor.py:183} INFO - Processing /home/airflow/.local/lib/python3.12/site-packages/airflow/example_dags/example_bash_decorator.py took 0.215 seconds
[2026-06-01T20:14:54.058+0000] {processor.py:161} INFO - Started process (PID=15020) to work on /home/airflow/.local/lib/python3.12/site-packages/airflow/example_dags/example_bash_decorator.py
[2026-06-01T20:14:54.059+0000] {processor.py:830} INFO - Processing file /home/airflow/.local/lib/python3.12/site-packages/airflow/example_dags/example_bash_decorator.py for tasks to queue
[2026-06-01T20:14:54.061+0000] {logging_mixin.py:188} INFO - [2026-06-01T20:14:54.061+0000] {dagbag.py:540} INFO - Filling up the DagBag from /home/airflow/.local/lib/python3.12/site-packages/airflow/example_dags/example_bash_decorator.py
[2026-06-01T20:14:54.073+0000] {processor.py:840} INFO - DAG(s) 'example_bash_decorator' retrieved from /home/airflow/.local/lib/python3.12/site-packages/airflow/example_dags/example_bash_decorator.py
[2026-06-01T20:14:54.095+0000] {logging_mixin.py:188} INFO - [2026-06-01T20:14:54.095+0000] {dag.py:3096} INFO - Sync 1 DAGs
[2026-06-01T20:14:54.107+0000] {logging_mixin.py:188} INFO - [2026-06-01T20:14:54.106+0000] {dag.py:3954} INFO - Setting next_dagrun for example_bash_decorator to None, run_after=None
[2026-06-01T20:14:54.125+0000] {processor.py:183} INFO - Processing /home/airflow/.local/lib/python3.12/site-packages/airflow/example_dags/example_bash_decorator.py took 0.071 seconds
[2026-06-01T20:15:24.680+0000] {processor.py:161} INFO - Started process (PID=15079) to work on /home/airflow/.local/lib/python3.12/site-packages/airflow/example_dags/example_bash_decorator.py
[2026-06-01T20:15:24.681+0000] {processor.py:830} INFO - Processing file /home/airflow/.local/lib/python3.12/site-packages/airflow/example_dags/example_bash_decorator.py for tasks to queue
[2026-06-01T20:15:24.683+0000] {logging_mixin.py:188} INFO - [2026-06-01T20:15:24.683+0000] {dagbag.py:540} INFO - Filling up the DagBag from /home/airflow/.local/lib/python3.12/site-packages/airflow/example_dags/example_bash_decorator.py
[2026-06-01T20:15:24.696+0000] {processor.py:840} INFO - DAG(s) 'example_bash_decorator' retrieved from /home/airflow/.local/lib/python3.12/site-packages/airflow/example_dags/example_bash_decorator.py
[2026-06-01T20:15:24.716+0000] {logging_mixin.py:188} INFO - [2026-06-01T20:15:24.716+0000] {dag.py:3096} INFO - Sync 1 DAGs
[2026-06-01T20:15:24.727+0000] {logging_mixin.py:188} INFO - [2026-06-01T20:15:24.727+0000] {dag.py:3954} INFO - Setting next_dagrun for example_bash_decorator to None, run_after=None
[2026-06-01T20:15:24.748+0000] {processor.py:183} INFO - Processing /home/airflow/.local/lib/python3.12/site-packages/airflow/example_dags/example_bash_decorator.py took 0.073 seconds
[2026-06-01T20:15:55.352+0000] {processor.py:161} INFO - Started process (PID=15138) to work on /home/airflow/.local/lib/python3.12/site-packages/airflow/example_dags/example_bash_decorator.py
[2026-06-01T20:15:55.353+0000] {processor.py:830} INFO - Processing file /home/airflow/.local/lib/python3.12/site-packages/airflow/example_dags/example_bash_decorator.py for tasks to queue
[2026-06-01T20:15:55.356+0000] {logging_mixin.py:188} INFO - [2026-06-01T20:15:55.356+0000] {dagbag.py:540} INFO - Filling up the DagBag from /home/airflow/.local/lib/python3.12/site-packages/airflow/example_dags/example_bash_decorator.py
[2026-06-01T20:15:55.371+0000] {processor.py:840} INFO - DAG(s) 'example_bash_decorator' retrieved from /home/airflow/.local/lib/python3.12/site-packages/airflow/example_dags/example_bash_decorator.py
[2026-06-01T20:15:55.394+0000] {logging_mixin.py:188} INFO - [2026-06-01T20:15:55.394+0000] {dag.py:3096} INFO - Sync 1 DAGs
[2026-06-01T20:15:55.406+0000] {logging_mixin.py:188} INFO - [2026-06-01T20:15:55.406+0000] {dag.py:3954} INFO - Setting next_dagrun for example_bash_decorator to None, run_after=None
[2026-06-01T20:15:55.428+0000] {processor.py:183} INFO - Processing /home/airflow/.local/lib/python3.12/site-packages/airflow/example_dags/example_bash_decorator.py took 0.082 seconds
[2026-06-01T20:16:25.999+0000] {processor.py:161} INFO - Started process (PID=15197) to work on /home/airflow/.local/lib/python3.12/site-packages/airflow/example_dags/example_bash_decorator.py
[2026-06-01T20:16:26.000+0000] {processor.py:830} INFO - Processing file /home/airflow/.local/lib/python3.12/site-packages/airflow/example_dags/example_bash_decorator.py for tasks to queue
[2026-06-01T20:16:26.002+0000] {logging_mixin.py:188} INFO - [2026-06-01T20:16:26.002+0000] {dagbag.py:540} INFO - Filling up the DagBag from /home/airflow/.local/lib/python3.12/site-packages/airflow/example_dags/example_bash_decorator.py
[2026-06-01T20:16:26.014+0000] {processor.py:840} INFO - DAG(s) 'example_bash_decorator' retrieved from /home/airflow/.local/lib/python3.12/site-packages/airflow/example_dags/example_bash_decorator.py
[2026-06-01T20:16:26.033+0000] {logging_mixin.py:188} INFO - [2026-06-01T20:16:26.032+0000] {dag.py:3096} INFO - Sync 1 DAGs
[2026-06-01T20:16:26.043+0000] {logging_mixin.py:188} INFO - [2026-06-01T20:16:26.043+0000] {dag.py:3954} INFO - Setting next_dagrun for example_bash_decorator to None, run_after=None
[2026-06-01T20:16:26.062+0000] {processor.py:183} INFO - Processing /home/airflow/.local/lib/python3.12/site-packages/airflow/example_dags/example_bash_decorator.py took 0.067 seconds
[2026-06-01T20:16:56.510+0000] {processor.py:161} INFO - Started process (PID=15256) to work on /home/airflow/.local/lib/python3.12/site-packages/airflow/example_dags/example_bash_decorator.py
[2026-06-01T20:16:56.511+0000] {processor.py:830} INFO - Processing file /home/airflow/.local/lib/python3.12/site-packages/airflow/example_dags/example_bash_decorator.py for tasks to queue
[2026-06-01T20:16:56.513+0000] {logging_mixin.py:188} INFO - [2026-06-01T20:16:56.512+0000] {dagbag.py:540} INFO - Filling up the DagBag from /home/airflow/.local/lib/python3.12/site-packages/airflow/example_dags/example_bash_decorator.py
[2026-06-01T20:16:56.525+0000] {processor.py:840} INFO - DAG(s) 'example_bash_decorator' retrieved from /home/airflow/.local/lib/python3.12/site-packages/airflow/example_dags/example_bash_decorator.py
[2026-06-01T20:16:56.544+0000] {logging_mixin.py:188} INFO - [2026-06-01T20:16:56.544+0000] {dag.py:3096} INFO - Sync 1 DAGs
[2026-06-01T20:16:56.554+0000] {logging_mixin.py:188} INFO - [2026-06-01T20:16:56.554+0000] {dag.py:3954} INFO - Setting next_dagrun for example_bash_decorator to None, run_after=None
[2026-06-01T20:16:56.574+0000] {processor.py:183} INFO - Processing /home/airflow/.local/lib/python3.12/site-packages/airflow/example_dags/example_bash_decorator.py took 0.069 seconds
[2026-06-01T20:17:27.075+0000] {processor.py:161} INFO - Started process (PID=15315) to work on /home/airflow/.local/lib/python3.12/site-packages/airflow/example_dags/example_bash_decorator.py
[2026-06-01T20:17:27.076+0000] {processor.py:830} INFO - Processing file /home/airflow/.local/lib/python3.12/site-packages/airflow/example_dags/example_bash_decorator.py for tasks to queue
[2026-06-01T20:17:27.078+0000] {logging_mixin.py:188} INFO - [2026-06-01T20:17:27.078+0000] {dagbag.py:540} INFO - Filling up the DagBag from /home/airflow/.local/lib/python3.12/site-packages/airflow/example_dags/example_bash_decorator.py
[2026-06-01T20:17:27.090+0000] {processor.py:840} INFO - DAG(s) 'example_bash_decorator' retrieved from /home/airflow/.local/lib/python3.12/site-packages/airflow/example_dags/example_bash_decorator.py
[2026-06-01T20:17:27.109+0000] {logging_mixin.py:188} INFO - [2026-06-01T20:17:27.109+0000] {dag.py:3096} INFO - Sync 1 DAGs
[2026-06-01T20:17:27.120+0000] {logging_mixin.py:188} INFO - [2026-06-01T20:17:27.120+0000] {dag.py:3954} INFO - Setting next_dagrun for example_bash_decorator to None, run_after=None
[2026-06-01T20:17:27.137+0000] {processor.py:183} INFO - Processing /home/airflow/.local/lib/python3.12/site-packages/airflow/example_dags/example_bash_decorator.py took 0.068 seconds
[2026-06-01T20:17:57.681+0000] {processor.py:161} INFO - Started process (PID=15374) to work on /home/airflow/.local/lib/python3.12/site-packages/airflow/example_dags/example_bash_decorator.py
[2026-06-01T20:17:57.682+0000] {processor.py:830} INFO - Processing file /home/airflow/.local/lib/python3.12/site-packages/airflow/example_dags/example_bash_decorator.py for tasks to queue
[2026-06-01T20:17:57.685+0000] {logging_mixin.py:188} INFO - [2026-06-01T20:17:57.684+0000] {dagbag.py:540} INFO - Filling up the DagBag from /home/airflow/.local/lib/python3.12/site-packages/airflow/example_dags/example_bash_decorator.py
[2026-06-01T20:17:57.700+0000] {processor.py:840} INFO - DAG(s) 'example_bash_decorator' retrieved from /home/airflow/.local/lib/python3.12/site-packages/airflow/example_dags/example_bash_decorator.py
[2026-06-01T20:17:57.722+0000] {logging_mixin.py:188} INFO - [2026-06-01T20:17:57.722+0000] {dag.py:3096} INFO - Sync 1 DAGs
[2026-06-01T20:17:57.734+0000] {logging_mixin.py:188} INFO - [2026-06-01T20:17:57.734+0000] {dag.py:3954} INFO - Setting next_dagrun for example_bash_decorator to None, run_after=None
[2026-06-01T20:17:57.752+0000] {processor.py:183} INFO - Processing /home/airflow/.local/lib/python3.12/site-packages/airflow/example_dags/example_bash_decorator.py took 0.077 seconds
[2026-06-01T20:18:28.132+0000] {processor.py:161} INFO - Started process (PID=15433) to work on /home/airflow/.local/lib/python3.12/site-packages/airflow/example_dags/example_bash_decorator.py
[2026-06-01T20:18:28.133+0000] {processor.py:830} INFO - Processing file /home/airflow/.local/lib/python3.12/site-packages/airflow/example_dags/example_bash_decorator.py for tasks to queue
[2026-06-01T20:18:28.135+0000] {logging_mixin.py:188} INFO - [2026-06-01T20:18:28.134+0000] {dagbag.py:540} INFO - Filling up the DagBag from /home/airflow/.local/lib/python3.12/site-packages/airflow/example_dags/example_bash_decorator.py
[2026-06-01T20:18:28.147+0000] {processor.py:840} INFO - DAG(s) 'example_bash_decorator' retrieved from /home/airflow/.local/lib/python3.12/site-packages/airflow/example_dags/example_bash_decorator.py
[2026-06-01T20:18:28.168+0000] {logging_mixin.py:188} INFO - [2026-06-01T20:18:28.167+0000] {dag.py:3096} INFO - Sync 1 DAGs
[2026-06-01T20:18:28.180+0000] {logging_mixin.py:188} INFO - [2026-06-01T20:18:28.180+0000] {dag.py:3954} INFO - Setting next_dagrun for example_bash_decorator to None, run_after=None
[2026-06-01T20:18:28.204+0000] {processor.py:183} INFO - Processing /home/airflow/.local/lib/python3.12/site-packages/airflow/example_dags/example_bash_decorator.py took 0.077 seconds
[2026-06-01T20:18:58.989+0000] {processor.py:161} INFO - Started process (PID=15492) to work on /home/airflow/.local/lib/python3.12/site-packages/airflow/example_dags/example_bash_decorator.py
[2026-06-01T20:18:58.990+0000] {processor.py:830} INFO - Processing file /home/airflow/.local/lib/python3.12/site-packages/airflow/example_dags/example_bash_decorator.py for tasks to queue
[2026-06-01T20:18:58.993+0000] {logging_mixin.py:188} INFO - [2026-06-01T20:18:58.993+0000] {dagbag.py:540} INFO - Filling up the DagBag from /home/airflow/.local/lib/python3.12/site-packages/airflow/example_dags/example_bash_decorator.py
[2026-06-01T20:18:59.011+0000] {processor.py:840} INFO - DAG(s) 'example_bash_decorator' retrieved from /home/airflow/.local/lib/python3.12/site-packages/airflow/example_dags/example_bash_decorator.py
[2026-06-01T20:18:59.034+0000] {logging_mixin.py:188} INFO - [2026-06-01T20:18:59.034+0000] {dag.py:3096} INFO - Sync 1 DAGs
[2026-06-01T20:18:59.046+0000] {logging_mixin.py:188} INFO - [2026-06-01T20:18:59.046+0000] {dag.py:3954} INFO - Setting next_dagrun for example_bash_decorator to None, run_after=None
[2026-06-01T20:18:59.064+0000] {processor.py:183} INFO - Processing /home/airflow/.local/lib/python3.12/site-packages/airflow/example_dags/example_bash_decorator.py took 0.083 seconds
[2026-06-01T20:19:30.044+0000] {processor.py:161} INFO - Started process (PID=15551) to work on /home/airflow/.local/lib/python3.12/site-packages/airflow/example_dags/example_bash_decorator.py
[2026-06-01T20:19:30.046+0000] {processor.py:830} INFO - Processing file /home/airflow/.local/lib/python3.12/site-packages/airflow/example_dags/example_bash_decorator.py for tasks to queue
[2026-06-01T20:19:30.048+0000] {logging_mixin.py:188} INFO - [2026-06-01T20:19:30.047+0000] {dagbag.py:540} INFO - Filling up the DagBag from /home/airflow/.local/lib/python3.12/site-packages/airflow/example_dags/example_bash_decorator.py
[2026-06-01T20:19:30.060+0000] {processor.py:840} INFO - DAG(s) 'example_bash_decorator' retrieved from /home/airflow/.local/lib/python3.12/site-packages/airflow/example_dags/example_bash_decorator.py
[2026-06-01T20:19:30.081+0000] {logging_mixin.py:188} INFO - [2026-06-01T20:19:30.081+0000] {dag.py:3096} INFO - Sync 1 DAGs
[2026-06-01T20:19:30.093+0000] {logging_mixin.py:188} INFO - [2026-06-01T20:19:30.093+0000] {dag.py:3954} INFO - Setting next_dagrun for example_bash_decorator to None, run_after=None
[2026-06-01T20:19:30.110+0000] {processor.py:183} INFO - Processing /home/airflow/.local/lib/python3.12/site-packages/airflow/example_dags/example_bash_decorator.py took 0.071 seconds
[2026-06-01T20:20:00.283+0000] {processor.py:161} INFO - Started process (PID=15610) to work on /home/airflow/.local/lib/python3.12/site-packages/airflow/example_dags/example_bash_decorator.py
[2026-06-01T20:20:00.284+0000] {processor.py:830} INFO - Processing file /home/airflow/.local/lib/python3.12/site-packages/airflow/example_dags/example_bash_decorator.py for tasks to queue
[2026-06-01T20:20:00.286+0000] {logging_mixin.py:188} INFO - [2026-06-01T20:20:00.286+0000] {dagbag.py:540} INFO - Filling up the DagBag from /home/airflow/.local/lib/python3.12/site-packages/airflow/example_dags/example_bash_decorator.py
[2026-06-01T20:20:00.298+0000] {processor.py:840} INFO - DAG(s) 'example_bash_decorator' retrieved from /home/airflow/.local/lib/python3.12/site-packages/airflow/example_dags/example_bash_decorator.py
[2026-06-01T20:20:00.320+0000] {logging_mixin.py:188} INFO - [2026-06-01T20:20:00.319+0000] {dag.py:3096} INFO - Sync 1 DAGs
[2026-06-01T20:20:00.331+0000] {logging_mixin.py:188} INFO - [2026-06-01T20:20:00.331+0000] {dag.py:3954} INFO - Setting next_dagrun for example_bash_decorator to None, run_after=None
[2026-06-01T20:20:00.347+0000] {processor.py:183} INFO - Processing /home/airflow/.local/lib/python3.12/site-packages/airflow/example_dags/example_bash_decorator.py took 0.069 seconds
[2026-06-01T20:20:31.273+0000] {processor.py:161} INFO - Started process (PID=15669) to work on /home/airflow/.local/lib/python3.12/site-packages/airflow/example_dags/example_bash_decorator.py
[2026-06-01T20:20:31.275+0000] {processor.py:830} INFO - Processing file /home/airflow/.local/lib/python3.12/site-packages/airflow/example_dags/example_bash_decorator.py for tasks to queue
[2026-06-01T20:20:31.277+0000] {logging_mixin.py:188} INFO - [2026-06-01T20:20:31.277+0000] {dagbag.py:540} INFO - Filling up the DagBag from /home/airflow/.local/lib/python3.12/site-packages/airflow/example_dags/example_bash_decorator.py
[2026-06-01T20:20:31.289+0000] {processor.py:840} INFO - DAG(s) 'example_bash_decorator' retrieved from /home/airflow/.local/lib/python3.12/site-packages/airflow/example_dags/example_bash_decorator.py
[2026-06-01T20:20:31.313+0000] {logging_mixin.py:188} INFO - [2026-06-01T20:20:31.313+0000] {dag.py:3096} INFO - Sync 1 DAGs
[2026-06-01T20:20:31.325+0000] {logging_mixin.py:188} INFO - [2026-06-01T20:20:31.325+0000] {dag.py:3954} INFO - Setting next_dagrun for example_bash_decorator to None, run_after=None
[2026-06-01T20:20:31.343+0000] {processor.py:183} INFO - Processing /home/airflow/.local/lib/python3.12/site-packages/airflow/example_dags/example_bash_decorator.py took 0.075 seconds
[2026-06-01T20:21:02.098+0000] {processor.py:161} INFO - Started process (PID=15728) to work on /home/airflow/.local/lib/python3.12/site-packages/airflow/example_dags/example_bash_decorator.py
[2026-06-01T20:21:02.099+0000] {processor.py:830} INFO - Processing file /home/airflow/.local/lib/python3.12/site-packages/airflow/example_dags/example_bash_decorator.py for tasks to queue
[2026-06-01T20:21:02.102+0000] {logging_mixin.py:188} INFO - [2026-06-01T20:21:02.101+0000] {dagbag.py:540} INFO - Filling up the DagBag from /home/airflow/.local/lib/python3.12/site-packages/airflow/example_dags/example_bash_decorator.py
[2026-06-01T20:21:02.115+0000] {processor.py:840} INFO - DAG(s) 'example_bash_decorator' retrieved from /home/airflow/.local/lib/python3.12/site-packages/airflow/example_dags/example_bash_decorator.py
[2026-06-01T20:21:02.135+0000] {logging_mixin.py:188} INFO - [2026-06-01T20:21:02.135+0000] {dag.py:3096} INFO - Sync 1 DAGs
[2026-06-01T20:21:02.147+0000] {logging_mixin.py:188} INFO - [2026-06-01T20:21:02.147+0000] {dag.py:3954} INFO - Setting next_dagrun for example_bash_decorator to None, run_after=None
[2026-06-01T20:21:02.164+0000] {processor.py:183} INFO - Processing /home/airflow/.local/lib/python3.12/site-packages/airflow/example_dags/example_bash_decorator.py took 0.071 seconds
[2026-06-01T20:21:32.799+0000] {processor.py:161} INFO - Started process (PID=15787) to work on /home/airflow/.local/lib/python3.12/site-packages/airflow/example_dags/example_bash_decorator.py
[2026-06-01T20:21:32.800+0000] {processor.py:830} INFO - Processing file /home/airflow/.local/lib/python3.12/site-packages/airflow/example_dags/example_bash_decorator.py for tasks to queue
[2026-06-01T20:21:32.802+0000] {logging_mixin.py:188} INFO - [2026-06-01T20:21:32.802+0000] {dagbag.py:540} INFO - Filling up the DagBag from /home/airflow/.local/lib/python3.12/site-packages/airflow/example_dags/example_bash_decorator.py
[2026-06-01T20:21:32.817+0000] {processor.py:840} INFO - DAG(s) 'example_bash_decorator' retrieved from /home/airflow/.local/lib/python3.12/site-packages/airflow/example_dags/example_bash_decorator.py
[2026-06-01T20:21:32.838+0000] {logging_mixin.py:188} INFO - [2026-06-01T20:21:32.838+0000] {dag.py:3096} INFO - Sync 1 DAGs
[2026-06-01T20:21:32.849+0000] {logging_mixin.py:188} INFO - [2026-06-01T20:21:32.849+0000] {dag.py:3954} INFO - Setting next_dagrun for example_bash_decorator to None, run_after=None
[2026-06-01T20:21:32.867+0000] {processor.py:183} INFO - Processing /home/airflow/.local/lib/python3.12/site-packages/airflow/example_dags/example_bash_decorator.py took 0.073 seconds
[2026-06-01T20:22:03.507+0000] {processor.py:161} INFO - Started process (PID=15846) to work on /home/airflow/.local/lib/python3.12/site-packages/airflow/example_dags/example_bash_decorator.py
[2026-06-01T20:22:03.508+0000] {processor.py:830} INFO - Processing file /home/airflow/.local/lib/python3.12/site-packages/airflow/example_dags/example_bash_decorator.py for tasks to queue
[2026-06-01T20:22:03.510+0000] {logging_mixin.py:188} INFO - [2026-06-01T20:22:03.510+0000] {dagbag.py:540} INFO - Filling up the DagBag from /home/airflow/.local/lib/python3.12/site-packages/airflow/example_dags/example_bash_decorator.py
[2026-06-01T20:22:03.522+0000] {processor.py:840} INFO - DAG(s) 'example_bash_decorator' retrieved from /home/airflow/.local/lib/python3.12/site-packages/airflow/example_dags/example_bash_decorator.py
[2026-06-01T20:22:03.542+0000] {logging_mixin.py:188} INFO - [2026-06-01T20:22:03.541+0000] {dag.py:3096} INFO - Sync 1 DAGs
[2026-06-01T20:22:03.552+0000] {logging_mixin.py:188} INFO - [2026-06-01T20:22:03.552+0000] {dag.py:3954} INFO - Setting next_dagrun for example_bash_decorator to None, run_after=None
[2026-06-01T20:22:03.569+0000] {processor.py:183} INFO - Processing /home/airflow/.local/lib/python3.12/site-packages/airflow/example_dags/example_bash_decorator.py took 0.068 seconds
[2026-06-01T20:22:33.968+0000] {processor.py:161} INFO - Started process (PID=15905) to work on /home/airflow/.local/lib/python3.12/site-packages/airflow/example_dags/example_bash_decorator.py
[2026-06-01T20:22:33.970+0000] {processor.py:830} INFO - Processing file /home/airflow/.local/lib/python3.12/site-packages/airflow/example_dags/example_bash_decorator.py for tasks to queue
[2026-06-01T20:22:33.972+0000] {logging_mixin.py:188} INFO - [2026-06-01T20:22:33.972+0000] {dagbag.py:540} INFO - Filling up the DagBag from /home/airflow/.local/lib/python3.12/site-packages/airflow/example_dags/example_bash_decorator.py
[2026-06-01T20:22:33.988+0000] {processor.py:840} INFO - DAG(s) 'example_bash_decorator' retrieved from /home/airflow/.local/lib/python3.12/site-packages/airflow/example_dags/example_bash_decorator.py
[2026-06-01T20:22:34.015+0000] {logging_mixin.py:188} INFO - [2026-06-01T20:22:34.015+0000] {dag.py:3096} INFO - Sync 1 DAGs
[2026-06-01T20:22:34.028+0000] {logging_mixin.py:188} INFO - [2026-06-01T20:22:34.028+0000] {dag.py:3954} INFO - Setting next_dagrun for example_bash_decorator to None, run_after=None
[2026-06-01T20:22:34.047+0000] {processor.py:183} INFO - Processing /home/airflow/.local/lib/python3.12/site-packages/airflow/example_dags/example_bash_decorator.py took 0.084 seconds
[2026-06-01T20:23:04.648+0000] {processor.py:161} INFO - Started process (PID=15964) to work on /home/airflow/.local/lib/python3.12/site-packages/airflow/example_dags/example_bash_decorator.py
[2026-06-01T20:23:04.649+0000] {processor.py:830} INFO - Processing file /home/airflow/.local/lib/python3.12/site-packages/airflow/example_dags/example_bash_decorator.py for tasks to queue
[2026-06-01T20:23:04.651+0000] {logging_mixin.py:188} INFO - [2026-06-01T20:23:04.651+0000] {dagbag.py:540} INFO - Filling up the DagBag from /home/airflow/.local/lib/python3.12/site-packages/airflow/example_dags/example_bash_decorator.py
[2026-06-01T20:23:04.664+0000] {processor.py:840} INFO - DAG(s) 'example_bash_decorator' retrieved from /home/airflow/.local/lib/python3.12/site-packages/airflow/example_dags/example_bash_decorator.py
[2026-06-01T20:23:04.684+0000] {logging_mixin.py:188} INFO - [2026-06-01T20:23:04.684+0000] {dag.py:3096} INFO - Sync 1 DAGs
[2026-06-01T20:23:04.695+0000] {logging_mixin.py:188} INFO - [2026-06-01T20:23:04.695+0000] {dag.py:3954} INFO - Setting next_dagrun for example_bash_decorator to None, run_after=None
[2026-06-01T20:23:04.712+0000] {processor.py:183} INFO - Processing /home/airflow/.local/lib/python3.12/site-packages/airflow/example_dags/example_bash_decorator.py took 0.069 seconds
[2026-06-01T20:23:35.077+0000] {processor.py:161} INFO - Started process (PID=16023) to work on /home/airflow/.local/lib/python3.12/site-packages/airflow/example_dags/example_bash_decorator.py
[2026-06-01T20:23:35.078+0000] {processor.py:830} INFO - Processing file /home/airflow/.local/lib/python3.12/site-packages/airflow/example_dags/example_bash_decorator.py for tasks to queue
[2026-06-01T20:23:35.080+0000] {logging_mixin.py:188} INFO - [2026-06-01T20:23:35.080+0000] {dagbag.py:540} INFO - Filling up the DagBag from /home/airflow/.local/lib/python3.12/site-packages/airflow/example_dags/example_bash_decorator.py
[2026-06-01T20:23:35.093+0000] {processor.py:840} INFO - DAG(s) 'example_bash_decorator' retrieved from /home/airflow/.local/lib/python3.12/site-packages/airflow/example_dags/example_bash_decorator.py
[2026-06-01T20:23:35.113+0000] {logging_mixin.py:188} INFO - [2026-06-01T20:23:35.113+0000] {dag.py:3096} INFO - Sync 1 DAGs
[2026-06-01T20:23:35.125+0000] {logging_mixin.py:188} INFO - [2026-06-01T20:23:35.125+0000] {dag.py:3954} INFO - Setting next_dagrun for example_bash_decorator to None, run_after=None
[2026-06-01T20:23:35.143+0000] {processor.py:183} INFO - Processing /home/airflow/.local/lib/python3.12/site-packages/airflow/example_dags/example_bash_decorator.py took 0.071 seconds
[2026-06-01T20:24:05.465+0000] {processor.py:161} INFO - Started process (PID=16082) to work on /home/airflow/.local/lib/python3.12/site-packages/airflow/example_dags/example_bash_decorator.py
[2026-06-01T20:24:05.466+0000] {processor.py:830} INFO - Processing file /home/airflow/.local/lib/python3.12/site-packages/airflow/example_dags/example_bash_decorator.py for tasks to queue
[2026-06-01T20:24:05.468+0000] {logging_mixin.py:188} INFO - [2026-06-01T20:24:05.468+0000] {dagbag.py:540} INFO - Filling up the DagBag from /home/airflow/.local/lib/python3.12/site-packages/airflow/example_dags/example_bash_decorator.py
[2026-06-01T20:24:05.480+0000] {processor.py:840} INFO - DAG(s) 'example_bash_decorator' retrieved from /home/airflow/.local/lib/python3.12/site-packages/airflow/example_dags/example_bash_decorator.py
[2026-06-01T20:24:05.500+0000] {logging_mixin.py:188} INFO - [2026-06-01T20:24:05.500+0000] {dag.py:3096} INFO - Sync 1 DAGs
[2026-06-01T20:24:05.511+0000] {logging_mixin.py:188} INFO - [2026-06-01T20:24:05.511+0000] {dag.py:3954} INFO - Setting next_dagrun for example_bash_decorator to None, run_after=None
[2026-06-01T20:24:05.529+0000] {processor.py:183} INFO - Processing /home/airflow/.local/lib/python3.12/site-packages/airflow/example_dags/example_bash_decorator.py took 0.069 seconds
[2026-06-01T20:24:35.944+0000] {processor.py:161} INFO - Started process (PID=16141) to work on /home/airflow/.local/lib/python3.12/site-packages/airflow/example_dags/example_bash_decorator.py
[2026-06-01T20:24:35.945+0000] {processor.py:830} INFO - Processing file /home/airflow/.local/lib/python3.12/site-packages/airflow/example_dags/example_bash_decorator.py for tasks to queue
[2026-06-01T20:24:35.947+0000] {logging_mixin.py:188} INFO - [2026-06-01T20:24:35.947+0000] {dagbag.py:540} INFO - Filling up the DagBag from /home/airflow/.local/lib/python3.12/site-packages/airflow/example_dags/example_bash_decorator.py
[2026-06-01T20:24:35.960+0000] {processor.py:840} INFO - DAG(s) 'example_bash_decorator' retrieved from /home/airflow/.local/lib/python3.12/site-packages/airflow/example_dags/example_bash_decorator.py
[2026-06-01T20:24:35.980+0000] {logging_mixin.py:188} INFO - [2026-06-01T20:24:35.980+0000] {dag.py:3096} INFO - Sync 1 DAGs
[2026-06-01T20:24:35.992+0000] {logging_mixin.py:188} INFO - [2026-06-01T20:24:35.991+0000] {dag.py:3954} INFO - Setting next_dagrun for example_bash_decorator to None, run_after=None
[2026-06-01T20:24:36.011+0000] {processor.py:183} INFO - Processing /home/airflow/.local/lib/python3.12/site-packages/airflow/example_dags/example_bash_decorator.py took 0.073 seconds
[2026-06-01T20:25:06.534+0000] {processor.py:161} INFO - Started process (PID=16200) to work on /home/airflow/.local/lib/python3.12/site-packages/airflow/example_dags/example_bash_decorator.py
[2026-06-01T20:25:06.535+0000] {processor.py:830} INFO - Processing file /home/airflow/.local/lib/python3.12/site-packages/airflow/example_dags/example_bash_decorator.py for tasks to queue
[2026-06-01T20:25:06.537+0000] {logging_mixin.py:188} INFO - [2026-06-01T20:25:06.536+0000] {dagbag.py:540} INFO - Filling up the DagBag from /home/airflow/.local/lib/python3.12/site-packages/airflow/example_dags/example_bash_decorator.py
[2026-06-01T20:25:06.549+0000] {processor.py:840} INFO - DAG(s) 'example_bash_decorator' retrieved from /home/airflow/.local/lib/python3.12/site-packages/airflow/example_dags/example_bash_decorator.py
[2026-06-01T20:25:06.572+0000] {logging_mixin.py:188} INFO - [2026-06-01T20:25:06.571+0000] {dag.py:3096} INFO - Sync 1 DAGs
[2026-06-01T20:25:06.585+0000] {logging_mixin.py:188} INFO - [2026-06-01T20:25:06.584+0000] {dag.py:3954} INFO - Setting next_dagrun for example_bash_decorator to None, run_after=None
[2026-06-01T20:25:06.602+0000] {processor.py:183} INFO - Processing /home/airflow/.local/lib/python3.12/site-packages/airflow/example_dags/example_bash_decorator.py took 0.074 seconds
[2026-06-01T20:25:37.118+0000] {processor.py:161} INFO - Started process (PID=16259) to work on /home/airflow/.local/lib/python3.12/site-packages/airflow/example_dags/example_bash_decorator.py
[2026-06-01T20:25:37.120+0000] {processor.py:830} INFO - Processing file /home/airflow/.local/lib/python3.12/site-packages/airflow/example_dags/example_bash_decorator.py for tasks to queue
[2026-06-01T20:25:37.121+0000] {logging_mixin.py:188} INFO - [2026-06-01T20:25:37.121+0000] {dagbag.py:540} INFO - Filling up the DagBag from /home/airflow/.local/lib/python3.12/site-packages/airflow/example_dags/example_bash_decorator.py
[2026-06-01T20:25:37.135+0000] {processor.py:840} INFO - DAG(s) 'example_bash_decorator' retrieved from /home/airflow/.local/lib/python3.12/site-packages/airflow/example_dags/example_bash_decorator.py
[2026-06-01T20:25:37.155+0000] {logging_mixin.py:188} INFO - [2026-06-01T20:25:37.155+0000] {dag.py:3096} INFO - Sync 1 DAGs
[2026-06-01T20:25:37.166+0000] {logging_mixin.py:188} INFO - [2026-06-01T20:25:37.166+0000] {dag.py:3954} INFO - Setting next_dagrun for example_bash_decorator to None, run_after=None
[2026-06-01T20:25:37.184+0000] {processor.py:183} INFO - Processing /home/airflow/.local/lib/python3.12/site-packages/airflow/example_dags/example_bash_decorator.py took 0.070 seconds
[2026-06-01T20:26:07.823+0000] {processor.py:161} INFO - Started process (PID=16318) to work on /home/airflow/.local/lib/python3.12/site-packages/airflow/example_dags/example_bash_decorator.py
[2026-06-01T20:26:07.825+0000] {processor.py:830} INFO - Processing file /home/airflow/.local/lib/python3.12/site-packages/airflow/example_dags/example_bash_decorator.py for tasks to queue
[2026-06-01T20:26:07.827+0000] {logging_mixin.py:188} INFO - [2026-06-01T20:26:07.827+0000] {dagbag.py:540} INFO - Filling up the DagBag from /home/airflow/.local/lib/python3.12/site-packages/airflow/example_dags/example_bash_decorator.py
[2026-06-01T20:26:07.840+0000] {processor.py:840} INFO - DAG(s) 'example_bash_decorator' retrieved from /home/airflow/.local/lib/python3.12/site-packages/airflow/example_dags/example_bash_decorator.py
[2026-06-01T20:26:07.862+0000] {logging_mixin.py:188} INFO - [2026-06-01T20:26:07.862+0000] {dag.py:3096} INFO - Sync 1 DAGs
[2026-06-01T20:26:07.874+0000] {logging_mixin.py:188} INFO - [2026-06-01T20:26:07.873+0000] {dag.py:3954} INFO - Setting next_dagrun for example_bash_decorator to None, run_after=None
[2026-06-01T20:26:07.893+0000] {processor.py:183} INFO - Processing /home/airflow/.local/lib/python3.12/site-packages/airflow/example_dags/example_bash_decorator.py took 0.076 seconds
[2026-06-01T20:26:38.517+0000] {processor.py:161} INFO - Started process (PID=16377) to work on /home/airflow/.local/lib/python3.12/site-packages/airflow/example_dags/example_bash_decorator.py
[2026-06-01T20:26:38.518+0000] {processor.py:830} INFO - Processing file /home/airflow/.local/lib/python3.12/site-packages/airflow/example_dags/example_bash_decorator.py for tasks to queue
[2026-06-01T20:26:38.520+0000] {logging_mixin.py:188} INFO - [2026-06-01T20:26:38.519+0000] {dagbag.py:540} INFO - Filling up the DagBag from /home/airflow/.local/lib/python3.12/site-packages/airflow/example_dags/example_bash_decorator.py
[2026-06-01T20:26:38.531+0000] {processor.py:840} INFO - DAG(s) 'example_bash_decorator' retrieved from /home/airflow/.local/lib/python3.12/site-packages/airflow/example_dags/example_bash_decorator.py
[2026-06-01T20:26:38.553+0000] {logging_mixin.py:188} INFO - [2026-06-01T20:26:38.552+0000] {dag.py:3096} INFO - Sync 1 DAGs
[2026-06-01T20:26:38.563+0000] {logging_mixin.py:188} INFO - [2026-06-01T20:26:38.563+0000] {dag.py:3954} INFO - Setting next_dagrun for example_bash_decorator to None, run_after=None
[2026-06-01T20:26:38.580+0000] {processor.py:183} INFO - Processing /home/airflow/.local/lib/python3.12/site-packages/airflow/example_dags/example_bash_decorator.py took 0.069 seconds
[2026-06-01T20:27:09.242+0000] {processor.py:161} INFO - Started process (PID=16436) to work on /home/airflow/.local/lib/python3.12/site-packages/airflow/example_dags/example_bash_decorator.py
[2026-06-01T20:27:09.243+0000] {processor.py:830} INFO - Processing file /home/airflow/.local/lib/python3.12/site-packages/airflow/example_dags/example_bash_decorator.py for tasks to queue
[2026-06-01T20:27:09.245+0000] {logging_mixin.py:188} INFO - [2026-06-01T20:27:09.245+0000] {dagbag.py:540} INFO - Filling up the DagBag from /home/airflow/.local/lib/python3.12/site-packages/airflow/example_dags/example_bash_decorator.py
[2026-06-01T20:27:09.256+0000] {processor.py:840} INFO - DAG(s) 'example_bash_decorator' retrieved from /home/airflow/.local/lib/python3.12/site-packages/airflow/example_dags/example_bash_decorator.py
[2026-06-01T20:27:09.277+0000] {logging_mixin.py:188} INFO - [2026-06-01T20:27:09.276+0000] {dag.py:3096} INFO - Sync 1 DAGs
[2026-06-01T20:27:09.287+0000] {logging_mixin.py:188} INFO - [2026-06-01T20:27:09.287+0000] {dag.py:3954} INFO - Setting next_dagrun for example_bash_decorator to None, run_after=None
[2026-06-01T20:27:09.306+0000] {processor.py:183} INFO - Processing /home/airflow/.local/lib/python3.12/site-packages/airflow/example_dags/example_bash_decorator.py took 0.069 seconds
[2026-06-01T20:27:39.857+0000] {processor.py:161} INFO - Started process (PID=16495) to work on /home/airflow/.local/lib/python3.12/site-packages/airflow/example_dags/example_bash_decorator.py
[2026-06-01T20:27:39.859+0000] {processor.py:830} INFO - Processing file /home/airflow/.local/lib/python3.12/site-packages/airflow/example_dags/example_bash_decorator.py for tasks to queue
[2026-06-01T20:27:39.861+0000] {logging_mixin.py:188} INFO - [2026-06-01T20:27:39.861+0000] {dagbag.py:540} INFO - Filling up the DagBag from /home/airflow/.local/lib/python3.12/site-packages/airflow/example_dags/example_bash_decorator.py
[2026-06-01T20:27:39.872+0000] {processor.py:840} INFO - DAG(s) 'example_bash_decorator' retrieved from /home/airflow/.local/lib/python3.12/site-packages/airflow/example_dags/example_bash_decorator.py
[2026-06-01T20:27:39.896+0000] {logging_mixin.py:188} INFO - [2026-06-01T20:27:39.896+0000] {dag.py:3096} INFO - Sync 1 DAGs
[2026-06-01T20:27:39.908+0000] {logging_mixin.py:188} INFO - [2026-06-01T20:27:39.908+0000] {dag.py:3954} INFO - Setting next_dagrun for example_bash_decorator to None, run_after=None
[2026-06-01T20:27:39.929+0000] {processor.py:183} INFO - Processing /home/airflow/.local/lib/python3.12/site-packages/airflow/example_dags/example_bash_decorator.py took 0.077 seconds
[2026-06-01T20:28:10.458+0000] {processor.py:161} INFO - Started process (PID=16554) to work on /home/airflow/.local/lib/python3.12/site-packages/airflow/example_dags/example_bash_decorator.py
[2026-06-01T20:28:10.460+0000] {processor.py:830} INFO - Processing file /home/airflow/.local/lib/python3.12/site-packages/airflow/example_dags/example_bash_decorator.py for tasks to queue
[2026-06-01T20:28:10.462+0000] {logging_mixin.py:188} INFO - [2026-06-01T20:28:10.462+0000] {dagbag.py:540} INFO - Filling up the DagBag from /home/airflow/.local/lib/python3.12/site-packages/airflow/example_dags/example_bash_decorator.py
[2026-06-01T20:28:10.475+0000] {processor.py:840} INFO - DAG(s) 'example_bash_decorator' retrieved from /home/airflow/.local/lib/python3.12/site-packages/airflow/example_dags/example_bash_decorator.py
[2026-06-01T20:28:10.495+0000] {logging_mixin.py:188} INFO - [2026-06-01T20:28:10.495+0000] {dag.py:3096} INFO - Sync 1 DAGs
[2026-06-01T20:28:10.506+0000] {logging_mixin.py:188} INFO - [2026-06-01T20:28:10.506+0000] {dag.py:3954} INFO - Setting next_dagrun for example_bash_decorator to None, run_after=None
[2026-06-01T20:28:10.521+0000] {processor.py:183} INFO - Processing /home/airflow/.local/lib/python3.12/site-packages/airflow/example_dags/example_bash_decorator.py took 0.070 seconds
[2026-06-01T20:28:41.094+0000] {processor.py:161} INFO - Started process (PID=16613) to work on /home/airflow/.local/lib/python3.12/site-packages/airflow/example_dags/example_bash_decorator.py
[2026-06-01T20:28:41.095+0000] {processor.py:830} INFO - Processing file /home/airflow/.local/lib/python3.12/site-packages/airflow/example_dags/example_bash_decorator.py for tasks to queue
[2026-06-01T20:28:41.098+0000] {logging_mixin.py:188} INFO - [2026-06-01T20:28:41.097+0000] {dagbag.py:540} INFO - Filling up the DagBag from /home/airflow/.local/lib/python3.12/site-packages/airflow/example_dags/example_bash_decorator.py
[2026-06-01T20:28:41.111+0000] {processor.py:840} INFO - DAG(s) 'example_bash_decorator' retrieved from /home/airflow/.local/lib/python3.12/site-packages/airflow/example_dags/example_bash_decorator.py
[2026-06-01T20:28:41.138+0000] {logging_mixin.py:188} INFO - [2026-06-01T20:28:41.138+0000] {dag.py:3096} INFO - Sync 1 DAGs
[2026-06-01T20:28:41.155+0000] {logging_mixin.py:188} INFO - [2026-06-01T20:28:41.155+0000] {dag.py:3954} INFO - Setting next_dagrun for example_bash_decorator to None, run_after=None
[2026-06-01T20:28:41.178+0000] {processor.py:183} INFO - Processing /home/airflow/.local/lib/python3.12/site-packages/airflow/example_dags/example_bash_decorator.py took 0.089 seconds
[2026-06-01T20:29:11.243+0000] {processor.py:161} INFO - Started process (PID=16672) to work on /home/airflow/.local/lib/python3.12/site-packages/airflow/example_dags/example_bash_decorator.py
[2026-06-01T20:29:11.244+0000] {processor.py:830} INFO - Processing file /home/airflow/.local/lib/python3.12/site-packages/airflow/example_dags/example_bash_decorator.py for tasks to queue
[2026-06-01T20:29:11.247+0000] {logging_mixin.py:188} INFO - [2026-06-01T20:29:11.246+0000] {dagbag.py:540} INFO - Filling up the DagBag from /home/airflow/.local/lib/python3.12/site-packages/airflow/example_dags/example_bash_decorator.py
[2026-06-01T20:29:11.258+0000] {processor.py:840} INFO - DAG(s) 'example_bash_decorator' retrieved from /home/airflow/.local/lib/python3.12/site-packages/airflow/example_dags/example_bash_decorator.py
[2026-06-01T20:29:11.279+0000] {logging_mixin.py:188} INFO - [2026-06-01T20:29:11.278+0000] {dag.py:3096} INFO - Sync 1 DAGs
[2026-06-01T20:29:11.289+0000] {logging_mixin.py:188} INFO - [2026-06-01T20:29:11.289+0000] {dag.py:3954} INFO - Setting next_dagrun for example_bash_decorator to None, run_after=None
[2026-06-01T20:29:11.308+0000] {processor.py:183} INFO - Processing /home/airflow/.local/lib/python3.12/site-packages/airflow/example_dags/example_bash_decorator.py took 0.070 seconds
[2026-06-01T20:29:42.060+0000] {processor.py:161} INFO - Started process (PID=16731) to work on /home/airflow/.local/lib/python3.12/site-packages/airflow/example_dags/example_bash_decorator.py
[2026-06-01T20:29:42.061+0000] {processor.py:830} INFO - Processing file /home/airflow/.local/lib/python3.12/site-packages/airflow/example_dags/example_bash_decorator.py for tasks to queue
[2026-06-01T20:29:42.063+0000] {logging_mixin.py:188} INFO - [2026-06-01T20:29:42.062+0000] {dagbag.py:540} INFO - Filling up the DagBag from /home/airflow/.local/lib/python3.12/site-packages/airflow/example_dags/example_bash_decorator.py
[2026-06-01T20:29:42.075+0000] {processor.py:840} INFO - DAG(s) 'example_bash_decorator' retrieved from /home/airflow/.local/lib/python3.12/site-packages/airflow/example_dags/example_bash_decorator.py
[2026-06-01T20:29:42.096+0000] {logging_mixin.py:188} INFO - [2026-06-01T20:29:42.096+0000] {dag.py:3096} INFO - Sync 1 DAGs
[2026-06-01T20:29:42.108+0000] {logging_mixin.py:188} INFO - [2026-06-01T20:29:42.108+0000] {dag.py:3954} INFO - Setting next_dagrun for example_bash_decorator to None, run_after=None
[2026-06-01T20:29:42.126+0000] {processor.py:183} INFO - Processing /home/airflow/.local/lib/python3.12/site-packages/airflow/example_dags/example_bash_decorator.py took 0.072 seconds
[2026-06-01T20:30:12.661+0000] {processor.py:161} INFO - Started process (PID=16790) to work on /home/airflow/.local/lib/python3.12/site-packages/airflow/example_dags/example_bash_decorator.py
[2026-06-01T20:30:12.662+0000] {processor.py:830} INFO - Processing file /home/airflow/.local/lib/python3.12/site-packages/airflow/example_dags/example_bash_decorator.py for tasks to queue
[2026-06-01T20:30:12.663+0000] {logging_mixin.py:188} INFO - [2026-06-01T20:30:12.663+0000] {dagbag.py:540} INFO - Filling up the DagBag from /home/airflow/.local/lib/python3.12/site-packages/airflow/example_dags/example_bash_decorator.py
[2026-06-01T20:30:12.677+0000] {processor.py:840} INFO - DAG(s) 'example_bash_decorator' retrieved from /home/airflow/.local/lib/python3.12/site-packages/airflow/example_dags/example_bash_decorator.py
[2026-06-01T20:30:12.697+0000] {logging_mixin.py:188} INFO - [2026-06-01T20:30:12.697+0000] {dag.py:3096} INFO - Sync 1 DAGs
[2026-06-01T20:30:12.708+0000] {logging_mixin.py:188} INFO - [2026-06-01T20:30:12.708+0000] {dag.py:3954} INFO - Setting next_dagrun for example_bash_decorator to None, run_after=None
[2026-06-01T20:30:12.728+0000] {processor.py:183} INFO - Processing /home/airflow/.local/lib/python3.12/site-packages/airflow/example_dags/example_bash_decorator.py took 0.073 seconds
[2026-06-01T20:30:43.430+0000] {processor.py:161} INFO - Started process (PID=16849) to work on /home/airflow/.local/lib/python3.12/site-packages/airflow/example_dags/example_bash_decorator.py
[2026-06-01T20:30:43.431+0000] {processor.py:830} INFO - Processing file /home/airflow/.local/lib/python3.12/site-packages/airflow/example_dags/example_bash_decorator.py for tasks to queue
[2026-06-01T20:30:43.434+0000] {logging_mixin.py:188} INFO - [2026-06-01T20:30:43.433+0000] {dagbag.py:540} INFO - Filling up the DagBag from /home/airflow/.local/lib/python3.12/site-packages/airflow/example_dags/example_bash_decorator.py
[2026-06-01T20:30:43.448+0000] {processor.py:840} INFO - DAG(s) 'example_bash_decorator' retrieved from /home/airflow/.local/lib/python3.12/site-packages/airflow/example_dags/example_bash_decorator.py
[2026-06-01T20:30:43.470+0000] {logging_mixin.py:188} INFO - [2026-06-01T20:30:43.470+0000] {dag.py:3096} INFO - Sync 1 DAGs
[2026-06-01T20:30:43.481+0000] {logging_mixin.py:188} INFO - [2026-06-01T20:30:43.481+0000] {dag.py:3954} INFO - Setting next_dagrun for example_bash_decorator to None, run_after=None
[2026-06-01T20:30:43.503+0000] {processor.py:183} INFO - Processing /home/airflow/.local/lib/python3.12/site-packages/airflow/example_dags/example_bash_decorator.py took 0.079 seconds
[2026-06-01T20:31:14.187+0000] {processor.py:161} INFO - Started process (PID=16908) to work on /home/airflow/.local/lib/python3.12/site-packages/airflow/example_dags/example_bash_decorator.py
[2026-06-01T20:31:14.189+0000] {processor.py:830} INFO - Processing file /home/airflow/.local/lib/python3.12/site-packages/airflow/example_dags/example_bash_decorator.py for tasks to queue
[2026-06-01T20:31:14.191+0000] {logging_mixin.py:188} INFO - [2026-06-01T20:31:14.191+0000] {dagbag.py:540} INFO - Filling up the DagBag from /home/airflow/.local/lib/python3.12/site-packages/airflow/example_dags/example_bash_decorator.py
[2026-06-01T20:31:14.203+0000] {processor.py:840} INFO - DAG(s) 'example_bash_decorator' retrieved from /home/airflow/.local/lib/python3.12/site-packages/airflow/example_dags/example_bash_decorator.py
[2026-06-01T20:31:14.224+0000] {logging_mixin.py:188} INFO - [2026-06-01T20:31:14.223+0000] {dag.py:3096} INFO - Sync 1 DAGs
[2026-06-01T20:31:14.234+0000] {logging_mixin.py:188} INFO - [2026-06-01T20:31:14.234+0000] {dag.py:3954} INFO - Setting next_dagrun for example_bash_decorator to None, run_after=None
[2026-06-01T20:31:14.252+0000] {processor.py:183} INFO - Processing /home/airflow/.local/lib/python3.12/site-packages/airflow/example_dags/example_bash_decorator.py took 0.070 seconds
[2026-06-01T20:31:44.782+0000] {processor.py:161} INFO - Started process (PID=16967) to work on /home/airflow/.local/lib/python3.12/site-packages/airflow/example_dags/example_bash_decorator.py
[2026-06-01T20:31:44.783+0000] {processor.py:830} INFO - Processing file /home/airflow/.local/lib/python3.12/site-packages/airflow/example_dags/example_bash_decorator.py for tasks to queue
[2026-06-01T20:31:44.786+0000] {logging_mixin.py:188} INFO - [2026-06-01T20:31:44.785+0000] {dagbag.py:540} INFO - Filling up the DagBag from /home/airflow/.local/lib/python3.12/site-packages/airflow/example_dags/example_bash_decorator.py
[2026-06-01T20:31:44.798+0000] {processor.py:840} INFO - DAG(s) 'example_bash_decorator' retrieved from /home/airflow/.local/lib/python3.12/site-packages/airflow/example_dags/example_bash_decorator.py
[2026-06-01T20:31:44.818+0000] {logging_mixin.py:188} INFO - [2026-06-01T20:31:44.818+0000] {dag.py:3096} INFO - Sync 1 DAGs
[2026-06-01T20:31:44.829+0000] {logging_mixin.py:188} INFO - [2026-06-01T20:31:44.829+0000] {dag.py:3954} INFO - Setting next_dagrun for example_bash_decorator to None, run_after=None
[2026-06-01T20:31:44.846+0000] {processor.py:183} INFO - Processing /home/airflow/.local/lib/python3.12/site-packages/airflow/example_dags/example_bash_decorator.py took 0.071 seconds
[2026-06-01T20:32:15.272+0000] {processor.py:161} INFO - Started process (PID=17026) to work on /home/airflow/.local/lib/python3.12/site-packages/airflow/example_dags/example_bash_decorator.py
[2026-06-01T20:32:15.273+0000] {processor.py:830} INFO - Processing file /home/airflow/.local/lib/python3.12/site-packages/airflow/example_dags/example_bash_decorator.py for tasks to queue
[2026-06-01T20:32:15.275+0000] {logging_mixin.py:188} INFO - [2026-06-01T20:32:15.274+0000] {dagbag.py:540} INFO - Filling up the DagBag from /home/airflow/.local/lib/python3.12/site-packages/airflow/example_dags/example_bash_decorator.py
[2026-06-01T20:32:15.287+0000] {processor.py:840} INFO - DAG(s) 'example_bash_decorator' retrieved from /home/airflow/.local/lib/python3.12/site-packages/airflow/example_dags/example_bash_decorator.py
[2026-06-01T20:32:15.306+0000] {logging_mixin.py:188} INFO - [2026-06-01T20:32:15.306+0000] {dag.py:3096} INFO - Sync 1 DAGs
[2026-06-01T20:32:15.317+0000] {logging_mixin.py:188} INFO - [2026-06-01T20:32:15.317+0000] {dag.py:3954} INFO - Setting next_dagrun for example_bash_decorator to None, run_after=None
[2026-06-01T20:32:15.336+0000] {processor.py:183} INFO - Processing /home/airflow/.local/lib/python3.12/site-packages/airflow/example_dags/example_bash_decorator.py took 0.070 seconds
[2026-06-01T20:32:45.808+0000] {processor.py:161} INFO - Started process (PID=17085) to work on /home/airflow/.local/lib/python3.12/site-packages/airflow/example_dags/example_bash_decorator.py
[2026-06-01T20:32:45.809+0000] {processor.py:830} INFO - Processing file /home/airflow/.local/lib/python3.12/site-packages/airflow/example_dags/example_bash_decorator.py for tasks to queue
[2026-06-01T20:32:45.812+0000] {logging_mixin.py:188} INFO - [2026-06-01T20:32:45.811+0000] {dagbag.py:540} INFO - Filling up the DagBag from /home/airflow/.local/lib/python3.12/site-packages/airflow/example_dags/example_bash_decorator.py
[2026-06-01T20:32:45.824+0000] {processor.py:840} INFO - DAG(s) 'example_bash_decorator' retrieved from /home/airflow/.local/lib/python3.12/site-packages/airflow/example_dags/example_bash_decorator.py
[2026-06-01T20:32:45.845+0000] {logging_mixin.py:188} INFO - [2026-06-01T20:32:45.845+0000] {dag.py:3096} INFO - Sync 1 DAGs
[2026-06-01T20:32:45.856+0000] {logging_mixin.py:188} INFO - [2026-06-01T20:32:45.856+0000] {dag.py:3954} INFO - Setting next_dagrun for example_bash_decorator to None, run_after=None
[2026-06-01T20:32:45.872+0000] {processor.py:183} INFO - Processing /home/airflow/.local/lib/python3.12/site-packages/airflow/example_dags/example_bash_decorator.py took 0.069 seconds
[2026-06-01T20:33:16.447+0000] {processor.py:161} INFO - Started process (PID=17144) to work on /home/airflow/.local/lib/python3.12/site-packages/airflow/example_dags/example_bash_decorator.py
[2026-06-01T20:33:16.449+0000] {processor.py:830} INFO - Processing file /home/airflow/.local/lib/python3.12/site-packages/airflow/example_dags/example_bash_decorator.py for tasks to queue
[2026-06-01T20:33:16.451+0000] {logging_mixin.py:188} INFO - [2026-06-01T20:33:16.451+0000] {dagbag.py:540} INFO - Filling up the DagBag from /home/airflow/.local/lib/python3.12/site-packages/airflow/example_dags/example_bash_decorator.py
[2026-06-01T20:33:16.464+0000] {processor.py:840} INFO - DAG(s) 'example_bash_decorator' retrieved from /home/airflow/.local/lib/python3.12/site-packages/airflow/example_dags/example_bash_decorator.py
[2026-06-01T20:33:16.487+0000] {logging_mixin.py:188} INFO - [2026-06-01T20:33:16.487+0000] {dag.py:3096} INFO - Sync 1 DAGs
[2026-06-01T20:33:16.500+0000] {logging_mixin.py:188} INFO - [2026-06-01T20:33:16.500+0000] {dag.py:3954} INFO - Setting next_dagrun for example_bash_decorator to None, run_after=None
[2026-06-01T20:33:16.519+0000] {processor.py:183} INFO - Processing /home/airflow/.local/lib/python3.12/site-packages/airflow/example_dags/example_bash_decorator.py took 0.077 seconds
[2026-06-01T20:33:47.075+0000] {processor.py:161} INFO - Started process (PID=17203) to work on /home/airflow/.local/lib/python3.12/site-packages/airflow/example_dags/example_bash_decorator.py
[2026-06-01T20:33:47.077+0000] {processor.py:830} INFO - Processing file /home/airflow/.local/lib/python3.12/site-packages/airflow/example_dags/example_bash_decorator.py for tasks to queue
[2026-06-01T20:33:47.078+0000] {logging_mixin.py:188} INFO - [2026-06-01T20:33:47.078+0000] {dagbag.py:540} INFO - Filling up the DagBag from /home/airflow/.local/lib/python3.12/site-packages/airflow/example_dags/example_bash_decorator.py
[2026-06-01T20:33:47.091+0000] {processor.py:840} INFO - DAG(s) 'example_bash_decorator' retrieved from /home/airflow/.local/lib/python3.12/site-packages/airflow/example_dags/example_bash_decorator.py
[2026-06-01T20:33:47.111+0000] {logging_mixin.py:188} INFO - [2026-06-01T20:33:47.111+0000] {dag.py:3096} INFO - Sync 1 DAGs
[2026-06-01T20:33:47.121+0000] {logging_mixin.py:188} INFO - [2026-06-01T20:33:47.121+0000] {dag.py:3954} INFO - Setting next_dagrun for example_bash_decorator to None, run_after=None
[2026-06-01T20:33:47.139+0000] {processor.py:183} INFO - Processing /home/airflow/.local/lib/python3.12/site-packages/airflow/example_dags/example_bash_decorator.py took 0.069 seconds
[2026-06-01T20:34:17.689+0000] {processor.py:161} INFO - Started process (PID=17262) to work on /home/airflow/.local/lib/python3.12/site-packages/airflow/example_dags/example_bash_decorator.py
[2026-06-01T20:34:17.690+0000] {processor.py:830} INFO - Processing file /home/airflow/.local/lib/python3.12/site-packages/airflow/example_dags/example_bash_decorator.py for tasks to queue
[2026-06-01T20:34:17.692+0000] {logging_mixin.py:188} INFO - [2026-06-01T20:34:17.692+0000] {dagbag.py:540} INFO - Filling up the DagBag from /home/airflow/.local/lib/python3.12/site-packages/airflow/example_dags/example_bash_decorator.py
[2026-06-01T20:34:17.703+0000] {processor.py:840} INFO - DAG(s) 'example_bash_decorator' retrieved from /home/airflow/.local/lib/python3.12/site-packages/airflow/example_dags/example_bash_decorator.py
[2026-06-01T20:34:17.724+0000] {logging_mixin.py:188} INFO - [2026-06-01T20:34:17.724+0000] {dag.py:3096} INFO - Sync 1 DAGs
[2026-06-01T20:34:17.734+0000] {logging_mixin.py:188} INFO - [2026-06-01T20:34:17.734+0000] {dag.py:3954} INFO - Setting next_dagrun for example_bash_decorator to None, run_after=None
[2026-06-01T20:34:17.753+0000] {processor.py:183} INFO - Processing /home/airflow/.local/lib/python3.12/site-packages/airflow/example_dags/example_bash_decorator.py took 0.068 seconds
[2026-06-01T20:34:48.287+0000] {processor.py:161} INFO - Started process (PID=17321) to work on /home/airflow/.local/lib/python3.12/site-packages/airflow/example_dags/example_bash_decorator.py
[2026-06-01T20:34:48.288+0000] {processor.py:830} INFO - Processing file /home/airflow/.local/lib/python3.12/site-packages/airflow/example_dags/example_bash_decorator.py for tasks to queue
[2026-06-01T20:34:48.290+0000] {logging_mixin.py:188} INFO - [2026-06-01T20:34:48.290+0000] {dagbag.py:540} INFO - Filling up the DagBag from /home/airflow/.local/lib/python3.12/site-packages/airflow/example_dags/example_bash_decorator.py
[2026-06-01T20:34:48.303+0000] {processor.py:840} INFO - DAG(s) 'example_bash_decorator' retrieved from /home/airflow/.local/lib/python3.12/site-packages/airflow/example_dags/example_bash_decorator.py
[2026-06-01T20:34:48.323+0000] {logging_mixin.py:188} INFO - [2026-06-01T20:34:48.323+0000] {dag.py:3096} INFO - Sync 1 DAGs
[2026-06-01T20:34:48.334+0000] {logging_mixin.py:188} INFO - [2026-06-01T20:34:48.334+0000] {dag.py:3954} INFO - Setting next_dagrun for example_bash_decorator to None, run_after=None
[2026-06-01T20:34:48.352+0000] {processor.py:183} INFO - Processing /home/airflow/.local/lib/python3.12/site-packages/airflow/example_dags/example_bash_decorator.py took 0.071 seconds
[2026-06-01T20:35:19.061+0000] {processor.py:161} INFO - Started process (PID=17380) to work on /home/airflow/.local/lib/python3.12/site-packages/airflow/example_dags/example_bash_decorator.py
[2026-06-01T20:35:19.062+0000] {processor.py:830} INFO - Processing file /home/airflow/.local/lib/python3.12/site-packages/airflow/example_dags/example_bash_decorator.py for tasks to queue
[2026-06-01T20:35:19.065+0000] {logging_mixin.py:188} INFO - [2026-06-01T20:35:19.064+0000] {dagbag.py:540} INFO - Filling up the DagBag from /home/airflow/.local/lib/python3.12/site-packages/airflow/example_dags/example_bash_decorator.py
[2026-06-01T20:35:19.077+0000] {processor.py:840} INFO - DAG(s) 'example_bash_decorator' retrieved from /home/airflow/.local/lib/python3.12/site-packages/airflow/example_dags/example_bash_decorator.py
[2026-06-01T20:35:19.100+0000] {logging_mixin.py:188} INFO - [2026-06-01T20:35:19.099+0000] {dag.py:3096} INFO - Sync 1 DAGs
[2026-06-01T20:35:19.113+0000] {logging_mixin.py:188} INFO - [2026-06-01T20:35:19.113+0000] {dag.py:3954} INFO - Setting next_dagrun for example_bash_decorator to None, run_after=None
[2026-06-01T20:35:19.134+0000] {processor.py:183} INFO - Processing /home/airflow/.local/lib/python3.12/site-packages/airflow/example_dags/example_bash_decorator.py took 0.079 seconds
[2026-06-01T20:35:49.712+0000] {processor.py:161} INFO - Started process (PID=17439) to work on /home/airflow/.local/lib/python3.12/site-packages/airflow/example_dags/example_bash_decorator.py
[2026-06-01T20:35:49.714+0000] {processor.py:830} INFO - Processing file /home/airflow/.local/lib/python3.12/site-packages/airflow/example_dags/example_bash_decorator.py for tasks to queue
[2026-06-01T20:35:49.716+0000] {logging_mixin.py:188} INFO - [2026-06-01T20:35:49.715+0000] {dagbag.py:540} INFO - Filling up the DagBag from /home/airflow/.local/lib/python3.12/site-packages/airflow/example_dags/example_bash_decorator.py
[2026-06-01T20:35:49.730+0000] {processor.py:840} INFO - DAG(s) 'example_bash_decorator' retrieved from /home/airflow/.local/lib/python3.12/site-packages/airflow/example_dags/example_bash_decorator.py
[2026-06-01T20:35:49.755+0000] {logging_mixin.py:188} INFO - [2026-06-01T20:35:49.754+0000] {dag.py:3096} INFO - Sync 1 DAGs
[2026-06-01T20:35:49.769+0000] {logging_mixin.py:188} INFO - [2026-06-01T20:35:49.769+0000] {dag.py:3954} INFO - Setting next_dagrun for example_bash_decorator to None, run_after=None
[2026-06-01T20:35:49.790+0000] {processor.py:183} INFO - Processing /home/airflow/.local/lib/python3.12/site-packages/airflow/example_dags/example_bash_decorator.py took 0.083 seconds
[2026-06-01T20:36:20.336+0000] {processor.py:161} INFO - Started process (PID=17498) to work on /home/airflow/.local/lib/python3.12/site-packages/airflow/example_dags/example_bash_decorator.py
[2026-06-01T20:36:20.337+0000] {processor.py:830} INFO - Processing file /home/airflow/.local/lib/python3.12/site-packages/airflow/example_dags/example_bash_decorator.py for tasks to queue
[2026-06-01T20:36:20.339+0000] {logging_mixin.py:188} INFO - [2026-06-01T20:36:20.339+0000] {dagbag.py:540} INFO - Filling up the DagBag from /home/airflow/.local/lib/python3.12/site-packages/airflow/example_dags/example_bash_decorator.py
[2026-06-01T20:36:20.351+0000] {processor.py:840} INFO - DAG(s) 'example_bash_decorator' retrieved from /home/airflow/.local/lib/python3.12/site-packages/airflow/example_dags/example_bash_decorator.py
[2026-06-01T20:36:20.372+0000] {logging_mixin.py:188} INFO - [2026-06-01T20:36:20.372+0000] {dag.py:3096} INFO - Sync 1 DAGs
[2026-06-01T20:36:20.383+0000] {logging_mixin.py:188} INFO - [2026-06-01T20:36:20.383+0000] {dag.py:3954} INFO - Setting next_dagrun for example_bash_decorator to None, run_after=None
[2026-06-01T20:36:20.400+0000] {processor.py:183} INFO - Processing /home/airflow/.local/lib/python3.12/site-packages/airflow/example_dags/example_bash_decorator.py took 0.070 seconds
[2026-06-01T20:36:50.933+0000] {processor.py:161} INFO - Started process (PID=17557) to work on /home/airflow/.local/lib/python3.12/site-packages/airflow/example_dags/example_bash_decorator.py
[2026-06-01T20:36:50.934+0000] {processor.py:830} INFO - Processing file /home/airflow/.local/lib/python3.12/site-packages/airflow/example_dags/example_bash_decorator.py for tasks to queue
[2026-06-01T20:36:50.936+0000] {logging_mixin.py:188} INFO - [2026-06-01T20:36:50.936+0000] {dagbag.py:540} INFO - Filling up the DagBag from /home/airflow/.local/lib/python3.12/site-packages/airflow/example_dags/example_bash_decorator.py
[2026-06-01T20:36:50.948+0000] {processor.py:840} INFO - DAG(s) 'example_bash_decorator' retrieved from /home/airflow/.local/lib/python3.12/site-packages/airflow/example_dags/example_bash_decorator.py
[2026-06-01T20:36:50.971+0000] {logging_mixin.py:188} INFO - [2026-06-01T20:36:50.971+0000] {dag.py:3096} INFO - Sync 1 DAGs
[2026-06-01T20:36:50.982+0000] {logging_mixin.py:188} INFO - [2026-06-01T20:36:50.982+0000] {dag.py:3954} INFO - Setting next_dagrun for example_bash_decorator to None, run_after=None
[2026-06-01T20:36:51.003+0000] {processor.py:183} INFO - Processing /home/airflow/.local/lib/python3.12/site-packages/airflow/example_dags/example_bash_decorator.py took 0.075 seconds
[2026-06-01T20:37:21.131+0000] {processor.py:161} INFO - Started process (PID=17616) to work on /home/airflow/.local/lib/python3.12/site-packages/airflow/example_dags/example_bash_decorator.py
[2026-06-01T20:37:21.133+0000] {processor.py:830} INFO - Processing file /home/airflow/.local/lib/python3.12/site-packages/airflow/example_dags/example_bash_decorator.py for tasks to queue
[2026-06-01T20:37:21.135+0000] {logging_mixin.py:188} INFO - [2026-06-01T20:37:21.135+0000] {dagbag.py:540} INFO - Filling up the DagBag from /home/airflow/.local/lib/python3.12/site-packages/airflow/example_dags/example_bash_decorator.py
[2026-06-01T20:37:21.147+0000] {processor.py:840} INFO - DAG(s) 'example_bash_decorator' retrieved from /home/airflow/.local/lib/python3.12/site-packages/airflow/example_dags/example_bash_decorator.py
[2026-06-01T20:37:21.168+0000] {logging_mixin.py:188} INFO - [2026-06-01T20:37:21.167+0000] {dag.py:3096} INFO - Sync 1 DAGs
[2026-06-01T20:37:21.179+0000] {logging_mixin.py:188} INFO - [2026-06-01T20:37:21.179+0000] {dag.py:3954} INFO - Setting next_dagrun for example_bash_decorator to None, run_after=None
[2026-06-01T20:37:21.198+0000] {processor.py:183} INFO - Processing /home/airflow/.local/lib/python3.12/site-packages/airflow/example_dags/example_bash_decorator.py took 0.073 seconds
[2026-06-01T20:37:51.286+0000] {processor.py:161} INFO - Started process (PID=17675) to work on /home/airflow/.local/lib/python3.12/site-packages/airflow/example_dags/example_bash_decorator.py
[2026-06-01T20:37:51.287+0000] {processor.py:830} INFO - Processing file /home/airflow/.local/lib/python3.12/site-packages/airflow/example_dags/example_bash_decorator.py for tasks to queue
[2026-06-01T20:37:51.289+0000] {logging_mixin.py:188} INFO - [2026-06-01T20:37:51.289+0000] {dagbag.py:540} INFO - Filling up the DagBag from /home/airflow/.local/lib/python3.12/site-packages/airflow/example_dags/example_bash_decorator.py
[2026-06-01T20:37:51.303+0000] {processor.py:840} INFO - DAG(s) 'example_bash_decorator' retrieved from /home/airflow/.local/lib/python3.12/site-packages/airflow/example_dags/example_bash_decorator.py
[2026-06-01T20:37:51.325+0000] {logging_mixin.py:188} INFO - [2026-06-01T20:37:51.324+0000] {dag.py:3096} INFO - Sync 1 DAGs
[2026-06-01T20:37:51.336+0000] {logging_mixin.py:188} INFO - [2026-06-01T20:37:51.336+0000] {dag.py:3954} INFO - Setting next_dagrun for example_bash_decorator to None, run_after=None
[2026-06-01T20:37:51.352+0000] {processor.py:183} INFO - Processing /home/airflow/.local/lib/python3.12/site-packages/airflow/example_dags/example_bash_decorator.py took 0.071 seconds
[2026-06-01T20:38:21.459+0000] {processor.py:161} INFO - Started process (PID=17734) to work on /home/airflow/.local/lib/python3.12/site-packages/airflow/example_dags/example_bash_decorator.py
[2026-06-01T20:38:21.461+0000] {processor.py:830} INFO - Processing file /home/airflow/.local/lib/python3.12/site-packages/airflow/example_dags/example_bash_decorator.py for tasks to queue
[2026-06-01T20:38:21.463+0000] {logging_mixin.py:188} INFO - [2026-06-01T20:38:21.463+0000] {dagbag.py:540} INFO - Filling up the DagBag from /home/airflow/.local/lib/python3.12/site-packages/airflow/example_dags/example_bash_decorator.py
[2026-06-01T20:38:21.475+0000] {processor.py:840} INFO - DAG(s) 'example_bash_decorator' retrieved from /home/airflow/.local/lib/python3.12/site-packages/airflow/example_dags/example_bash_decorator.py
[2026-06-01T20:38:21.501+0000] {logging_mixin.py:188} INFO - [2026-06-01T20:38:21.501+0000] {dag.py:3096} INFO - Sync 1 DAGs
[2026-06-01T20:38:21.518+0000] {logging_mixin.py:188} INFO - [2026-06-01T20:38:21.517+0000] {dag.py:3954} INFO - Setting next_dagrun for example_bash_decorator to None, run_after=None
[2026-06-01T20:38:21.538+0000] {processor.py:183} INFO - Processing /home/airflow/.local/lib/python3.12/site-packages/airflow/example_dags/example_bash_decorator.py took 0.084 seconds
[2026-06-01T20:38:51.669+0000] {processor.py:161} INFO - Started process (PID=17793) to work on /home/airflow/.local/lib/python3.12/site-packages/airflow/example_dags/example_bash_decorator.py
[2026-06-01T20:38:51.670+0000] {processor.py:830} INFO - Processing file /home/airflow/.local/lib/python3.12/site-packages/airflow/example_dags/example_bash_decorator.py for tasks to queue
[2026-06-01T20:38:51.672+0000] {logging_mixin.py:188} INFO - [2026-06-01T20:38:51.672+0000] {dagbag.py:540} INFO - Filling up the DagBag from /home/airflow/.local/lib/python3.12/site-packages/airflow/example_dags/example_bash_decorator.py
[2026-06-01T20:38:51.687+0000] {processor.py:840} INFO - DAG(s) 'example_bash_decorator' retrieved from /home/airflow/.local/lib/python3.12/site-packages/airflow/example_dags/example_bash_decorator.py
[2026-06-01T20:38:51.709+0000] {logging_mixin.py:188} INFO - [2026-06-01T20:38:51.708+0000] {dag.py:3096} INFO - Sync 1 DAGs
[2026-06-01T20:38:51.719+0000] {logging_mixin.py:188} INFO - [2026-06-01T20:38:51.719+0000] {dag.py:3954} INFO - Setting next_dagrun for example_bash_decorator to None, run_after=None
[2026-06-01T20:38:51.735+0000] {processor.py:183} INFO - Processing /home/airflow/.local/lib/python3.12/site-packages/airflow/example_dags/example_bash_decorator.py took 0.071 seconds
[2026-06-01T20:39:22.234+0000] {processor.py:161} INFO - Started process (PID=17852) to work on /home/airflow/.local/lib/python3.12/site-packages/airflow/example_dags/example_bash_decorator.py
[2026-06-01T20:39:22.235+0000] {processor.py:830} INFO - Processing file /home/airflow/.local/lib/python3.12/site-packages/airflow/example_dags/example_bash_decorator.py for tasks to queue
[2026-06-01T20:39:22.238+0000] {logging_mixin.py:188} INFO - [2026-06-01T20:39:22.237+0000] {dagbag.py:540} INFO - Filling up the DagBag from /home/airflow/.local/lib/python3.12/site-packages/airflow/example_dags/example_bash_decorator.py
[2026-06-01T20:39:22.249+0000] {processor.py:840} INFO - DAG(s) 'example_bash_decorator' retrieved from /home/airflow/.local/lib/python3.12/site-packages/airflow/example_dags/example_bash_decorator.py
[2026-06-01T20:39:22.271+0000] {logging_mixin.py:188} INFO - [2026-06-01T20:39:22.271+0000] {dag.py:3096} INFO - Sync 1 DAGs
[2026-06-01T20:39:22.281+0000] {logging_mixin.py:188} INFO - [2026-06-01T20:39:22.281+0000] {dag.py:3954} INFO - Setting next_dagrun for example_bash_decorator to None, run_after=None
[2026-06-01T20:39:22.299+0000] {processor.py:183} INFO - Processing /home/airflow/.local/lib/python3.12/site-packages/airflow/example_dags/example_bash_decorator.py took 0.071 seconds
[2026-06-01T20:39:53.128+0000] {processor.py:161} INFO - Started process (PID=17911) to work on /home/airflow/.local/lib/python3.12/site-packages/airflow/example_dags/example_bash_decorator.py
[2026-06-01T20:39:53.129+0000] {processor.py:830} INFO - Processing file /home/airflow/.local/lib/python3.12/site-packages/airflow/example_dags/example_bash_decorator.py for tasks to queue
[2026-06-01T20:39:53.131+0000] {logging_mixin.py:188} INFO - [2026-06-01T20:39:53.131+0000] {dagbag.py:540} INFO - Filling up the DagBag from /home/airflow/.local/lib/python3.12/site-packages/airflow/example_dags/example_bash_decorator.py
[2026-06-01T20:39:53.142+0000] {processor.py:840} INFO - DAG(s) 'example_bash_decorator' retrieved from /home/airflow/.local/lib/python3.12/site-packages/airflow/example_dags/example_bash_decorator.py
[2026-06-01T20:39:53.162+0000] {logging_mixin.py:188} INFO - [2026-06-01T20:39:53.162+0000] {dag.py:3096} INFO - Sync 1 DAGs
[2026-06-01T20:39:53.172+0000] {logging_mixin.py:188} INFO - [2026-06-01T20:39:53.172+0000] {dag.py:3954} INFO - Setting next_dagrun for example_bash_decorator to None, run_after=None
[2026-06-01T20:39:53.189+0000] {processor.py:183} INFO - Processing /home/airflow/.local/lib/python3.12/site-packages/airflow/example_dags/example_bash_decorator.py took 0.065 seconds
[2026-06-01T20:40:23.807+0000] {processor.py:161} INFO - Started process (PID=17970) to work on /home/airflow/.local/lib/python3.12/site-packages/airflow/example_dags/example_bash_decorator.py
[2026-06-01T20:40:23.808+0000] {processor.py:830} INFO - Processing file /home/airflow/.local/lib/python3.12/site-packages/airflow/example_dags/example_bash_decorator.py for tasks to queue
[2026-06-01T20:40:23.810+0000] {logging_mixin.py:188} INFO - [2026-06-01T20:40:23.809+0000] {dagbag.py:540} INFO - Filling up the DagBag from /home/airflow/.local/lib/python3.12/site-packages/airflow/example_dags/example_bash_decorator.py
[2026-06-01T20:40:23.822+0000] {processor.py:840} INFO - DAG(s) 'example_bash_decorator' retrieved from /home/airflow/.local/lib/python3.12/site-packages/airflow/example_dags/example_bash_decorator.py
[2026-06-01T20:40:23.842+0000] {logging_mixin.py:188} INFO - [2026-06-01T20:40:23.842+0000] {dag.py:3096} INFO - Sync 1 DAGs
[2026-06-01T20:40:23.853+0000] {logging_mixin.py:188} INFO - [2026-06-01T20:40:23.853+0000] {dag.py:3954} INFO - Setting next_dagrun for example_bash_decorator to None, run_after=None
[2026-06-01T20:40:23.871+0000] {processor.py:183} INFO - Processing /home/airflow/.local/lib/python3.12/site-packages/airflow/example_dags/example_bash_decorator.py took 0.070 seconds
[2026-06-01T20:40:54.399+0000] {processor.py:161} INFO - Started process (PID=18029) to work on /home/airflow/.local/lib/python3.12/site-packages/airflow/example_dags/example_bash_decorator.py
[2026-06-01T20:40:54.400+0000] {processor.py:830} INFO - Processing file /home/airflow/.local/lib/python3.12/site-packages/airflow/example_dags/example_bash_decorator.py for tasks to queue
[2026-06-01T20:40:54.402+0000] {logging_mixin.py:188} INFO - [2026-06-01T20:40:54.402+0000] {dagbag.py:540} INFO - Filling up the DagBag from /home/airflow/.local/lib/python3.12/site-packages/airflow/example_dags/example_bash_decorator.py
[2026-06-01T20:40:54.414+0000] {processor.py:840} INFO - DAG(s) 'example_bash_decorator' retrieved from /home/airflow/.local/lib/python3.12/site-packages/airflow/example_dags/example_bash_decorator.py
[2026-06-01T20:40:54.434+0000] {logging_mixin.py:188} INFO - [2026-06-01T20:40:54.434+0000] {dag.py:3096} INFO - Sync 1 DAGs
[2026-06-01T20:40:54.445+0000] {logging_mixin.py:188} INFO - [2026-06-01T20:40:54.444+0000] {dag.py:3954} INFO - Setting next_dagrun for example_bash_decorator to None, run_after=None
[2026-06-01T20:40:54.461+0000] {processor.py:183} INFO - Processing /home/airflow/.local/lib/python3.12/site-packages/airflow/example_dags/example_bash_decorator.py took 0.067 seconds
[2026-06-01T20:41:24.957+0000] {processor.py:161} INFO - Started process (PID=18088) to work on /home/airflow/.local/lib/python3.12/site-packages/airflow/example_dags/example_bash_decorator.py
[2026-06-01T20:41:24.958+0000] {processor.py:830} INFO - Processing file /home/airflow/.local/lib/python3.12/site-packages/airflow/example_dags/example_bash_decorator.py for tasks to queue
[2026-06-01T20:41:24.960+0000] {logging_mixin.py:188} INFO - [2026-06-01T20:41:24.960+0000] {dagbag.py:540} INFO - Filling up the DagBag from /home/airflow/.local/lib/python3.12/site-packages/airflow/example_dags/example_bash_decorator.py
[2026-06-01T20:41:24.971+0000] {processor.py:840} INFO - DAG(s) 'example_bash_decorator' retrieved from /home/airflow/.local/lib/python3.12/site-packages/airflow/example_dags/example_bash_decorator.py
[2026-06-01T20:41:24.991+0000] {logging_mixin.py:188} INFO - [2026-06-01T20:41:24.991+0000] {dag.py:3096} INFO - Sync 1 DAGs
[2026-06-01T20:41:25.002+0000] {logging_mixin.py:188} INFO - [2026-06-01T20:41:25.002+0000] {dag.py:3954} INFO - Setting next_dagrun for example_bash_decorator to None, run_after=None
[2026-06-01T20:41:25.019+0000] {processor.py:183} INFO - Processing /home/airflow/.local/lib/python3.12/site-packages/airflow/example_dags/example_bash_decorator.py took 0.068 seconds
[2026-06-01T20:41:55.587+0000] {processor.py:161} INFO - Started process (PID=18147) to work on /home/airflow/.local/lib/python3.12/site-packages/airflow/example_dags/example_bash_decorator.py
[2026-06-01T20:41:55.588+0000] {processor.py:830} INFO - Processing file /home/airflow/.local/lib/python3.12/site-packages/airflow/example_dags/example_bash_decorator.py for tasks to queue
[2026-06-01T20:41:55.590+0000] {logging_mixin.py:188} INFO - [2026-06-01T20:41:55.590+0000] {dagbag.py:540} INFO - Filling up the DagBag from /home/airflow/.local/lib/python3.12/site-packages/airflow/example_dags/example_bash_decorator.py
[2026-06-01T20:41:55.601+0000] {processor.py:840} INFO - DAG(s) 'example_bash_decorator' retrieved from /home/airflow/.local/lib/python3.12/site-packages/airflow/example_dags/example_bash_decorator.py
[2026-06-01T20:41:55.621+0000] {logging_mixin.py:188} INFO - [2026-06-01T20:41:55.621+0000] {dag.py:3096} INFO - Sync 1 DAGs
[2026-06-01T20:41:55.632+0000] {logging_mixin.py:188} INFO - [2026-06-01T20:41:55.631+0000] {dag.py:3954} INFO - Setting next_dagrun for example_bash_decorator to None, run_after=None
[2026-06-01T20:41:55.649+0000] {processor.py:183} INFO - Processing /home/airflow/.local/lib/python3.12/site-packages/airflow/example_dags/example_bash_decorator.py took 0.067 seconds
[2026-06-01T20:42:26.161+0000] {processor.py:161} INFO - Started process (PID=18212) to work on /home/airflow/.local/lib/python3.12/site-packages/airflow/example_dags/example_bash_decorator.py
[2026-06-01T20:42:26.162+0000] {processor.py:830} INFO - Processing file /home/airflow/.local/lib/python3.12/site-packages/airflow/example_dags/example_bash_decorator.py for tasks to queue
[2026-06-01T20:42:26.164+0000] {logging_mixin.py:188} INFO - [2026-06-01T20:42:26.164+0000] {dagbag.py:540} INFO - Filling up the DagBag from /home/airflow/.local/lib/python3.12/site-packages/airflow/example_dags/example_bash_decorator.py
[2026-06-01T20:42:26.177+0000] {processor.py:840} INFO - DAG(s) 'example_bash_decorator' retrieved from /home/airflow/.local/lib/python3.12/site-packages/airflow/example_dags/example_bash_decorator.py
[2026-06-01T20:42:26.198+0000] {logging_mixin.py:188} INFO - [2026-06-01T20:42:26.197+0000] {dag.py:3096} INFO - Sync 1 DAGs
[2026-06-01T20:42:26.210+0000] {logging_mixin.py:188} INFO - [2026-06-01T20:42:26.209+0000] {dag.py:3954} INFO - Setting next_dagrun for example_bash_decorator to None, run_after=None
[2026-06-01T20:42:26.227+0000] {processor.py:183} INFO - Processing /home/airflow/.local/lib/python3.12/site-packages/airflow/example_dags/example_bash_decorator.py took 0.071 seconds
[2026-06-01T20:42:56.724+0000] {processor.py:161} INFO - Started process (PID=18271) to work on /home/airflow/.local/lib/python3.12/site-packages/airflow/example_dags/example_bash_decorator.py
[2026-06-01T20:42:56.725+0000] {processor.py:830} INFO - Processing file /home/airflow/.local/lib/python3.12/site-packages/airflow/example_dags/example_bash_decorator.py for tasks to queue
[2026-06-01T20:42:56.726+0000] {logging_mixin.py:188} INFO - [2026-06-01T20:42:56.726+0000] {dagbag.py:540} INFO - Filling up the DagBag from /home/airflow/.local/lib/python3.12/site-packages/airflow/example_dags/example_bash_decorator.py
[2026-06-01T20:42:56.742+0000] {processor.py:840} INFO - DAG(s) 'example_bash_decorator' retrieved from /home/airflow/.local/lib/python3.12/site-packages/airflow/example_dags/example_bash_decorator.py
[2026-06-01T20:42:56.762+0000] {logging_mixin.py:188} INFO - [2026-06-01T20:42:56.762+0000] {dag.py:3096} INFO - Sync 1 DAGs
[2026-06-01T20:42:56.773+0000] {logging_mixin.py:188} INFO - [2026-06-01T20:42:56.773+0000] {dag.py:3954} INFO - Setting next_dagrun for example_bash_decorator to None, run_after=None
[2026-06-01T20:42:56.788+0000] {processor.py:183} INFO - Processing /home/airflow/.local/lib/python3.12/site-packages/airflow/example_dags/example_bash_decorator.py took 0.071 seconds
[2026-06-01T20:43:27.113+0000] {processor.py:161} INFO - Started process (PID=18330) to work on /home/airflow/.local/lib/python3.12/site-packages/airflow/example_dags/example_bash_decorator.py
[2026-06-01T20:43:27.114+0000] {processor.py:830} INFO - Processing file /home/airflow/.local/lib/python3.12/site-packages/airflow/example_dags/example_bash_decorator.py for tasks to queue
[2026-06-01T20:43:27.116+0000] {logging_mixin.py:188} INFO - [2026-06-01T20:43:27.116+0000] {dagbag.py:540} INFO - Filling up the DagBag from /home/airflow/.local/lib/python3.12/site-packages/airflow/example_dags/example_bash_decorator.py
[2026-06-01T20:43:27.129+0000] {processor.py:840} INFO - DAG(s) 'example_bash_decorator' retrieved from /home/airflow/.local/lib/python3.12/site-packages/airflow/example_dags/example_bash_decorator.py
[2026-06-01T20:43:27.149+0000] {logging_mixin.py:188} INFO - [2026-06-01T20:43:27.149+0000] {dag.py:3096} INFO - Sync 1 DAGs
[2026-06-01T20:43:27.160+0000] {logging_mixin.py:188} INFO - [2026-06-01T20:43:27.160+0000] {dag.py:3954} INFO - Setting next_dagrun for example_bash_decorator to None, run_after=None
[2026-06-01T20:43:27.178+0000] {processor.py:183} INFO - Processing /home/airflow/.local/lib/python3.12/site-packages/airflow/example_dags/example_bash_decorator.py took 0.070 seconds
[2026-06-01T20:43:57.677+0000] {processor.py:161} INFO - Started process (PID=18389) to work on /home/airflow/.local/lib/python3.12/site-packages/airflow/example_dags/example_bash_decorator.py
[2026-06-01T20:43:57.678+0000] {processor.py:830} INFO - Processing file /home/airflow/.local/lib/python3.12/site-packages/airflow/example_dags/example_bash_decorator.py for tasks to queue
[2026-06-01T20:43:57.679+0000] {logging_mixin.py:188} INFO - [2026-06-01T20:43:57.679+0000] {dagbag.py:540} INFO - Filling up the DagBag from /home/airflow/.local/lib/python3.12/site-packages/airflow/example_dags/example_bash_decorator.py
[2026-06-01T20:43:57.692+0000] {processor.py:840} INFO - DAG(s) 'example_bash_decorator' retrieved from /home/airflow/.local/lib/python3.12/site-packages/airflow/example_dags/example_bash_decorator.py
[2026-06-01T20:43:57.712+0000] {logging_mixin.py:188} INFO - [2026-06-01T20:43:57.712+0000] {dag.py:3096} INFO - Sync 1 DAGs
[2026-06-01T20:43:57.724+0000] {logging_mixin.py:188} INFO - [2026-06-01T20:43:57.723+0000] {dag.py:3954} INFO - Setting next_dagrun for example_bash_decorator to None, run_after=None
[2026-06-01T20:43:57.742+0000] {processor.py:183} INFO - Processing /home/airflow/.local/lib/python3.12/site-packages/airflow/example_dags/example_bash_decorator.py took 0.070 seconds
[2026-06-01T20:44:28.099+0000] {processor.py:161} INFO - Started process (PID=18448) to work on /home/airflow/.local/lib/python3.12/site-packages/airflow/example_dags/example_bash_decorator.py
[2026-06-01T20:44:28.100+0000] {processor.py:830} INFO - Processing file /home/airflow/.local/lib/python3.12/site-packages/airflow/example_dags/example_bash_decorator.py for tasks to queue
[2026-06-01T20:44:28.102+0000] {logging_mixin.py:188} INFO - [2026-06-01T20:44:28.101+0000] {dagbag.py:540} INFO - Filling up the DagBag from /home/airflow/.local/lib/python3.12/site-packages/airflow/example_dags/example_bash_decorator.py
[2026-06-01T20:44:28.114+0000] {processor.py:840} INFO - DAG(s) 'example_bash_decorator' retrieved from /home/airflow/.local/lib/python3.12/site-packages/airflow/example_dags/example_bash_decorator.py
[2026-06-01T20:44:28.133+0000] {logging_mixin.py:188} INFO - [2026-06-01T20:44:28.132+0000] {dag.py:3096} INFO - Sync 1 DAGs
[2026-06-01T20:44:28.144+0000] {logging_mixin.py:188} INFO - [2026-06-01T20:44:28.144+0000] {dag.py:3954} INFO - Setting next_dagrun for example_bash_decorator to None, run_after=None
[2026-06-01T20:44:28.162+0000] {processor.py:183} INFO - Processing /home/airflow/.local/lib/python3.12/site-packages/airflow/example_dags/example_bash_decorator.py took 0.069 seconds
[2026-06-01T20:44:58.635+0000] {processor.py:161} INFO - Started process (PID=18507) to work on /home/airflow/.local/lib/python3.12/site-packages/airflow/example_dags/example_bash_decorator.py
[2026-06-01T20:44:58.637+0000] {processor.py:830} INFO - Processing file /home/airflow/.local/lib/python3.12/site-packages/airflow/example_dags/example_bash_decorator.py for tasks to queue
[2026-06-01T20:44:58.639+0000] {logging_mixin.py:188} INFO - [2026-06-01T20:44:58.639+0000] {dagbag.py:540} INFO - Filling up the DagBag from /home/airflow/.local/lib/python3.12/site-packages/airflow/example_dags/example_bash_decorator.py
[2026-06-01T20:44:58.652+0000] {processor.py:840} INFO - DAG(s) 'example_bash_decorator' retrieved from /home/airflow/.local/lib/python3.12/site-packages/airflow/example_dags/example_bash_decorator.py
[2026-06-01T20:44:58.674+0000] {logging_mixin.py:188} INFO - [2026-06-01T20:44:58.674+0000] {dag.py:3096} INFO - Sync 1 DAGs
[2026-06-01T20:44:58.691+0000] {logging_mixin.py:188} INFO - [2026-06-01T20:44:58.690+0000] {dag.py:3954} INFO - Setting next_dagrun for example_bash_decorator to None, run_after=None
[2026-06-01T20:44:58.712+0000] {processor.py:183} INFO - Processing /home/airflow/.local/lib/python3.12/site-packages/airflow/example_dags/example_bash_decorator.py took 0.084 seconds
[2026-06-01T20:45:28.850+0000] {processor.py:161} INFO - Started process (PID=18566) to work on /home/airflow/.local/lib/python3.12/site-packages/airflow/example_dags/example_bash_decorator.py
[2026-06-01T20:45:28.852+0000] {processor.py:830} INFO - Processing file /home/airflow/.local/lib/python3.12/site-packages/airflow/example_dags/example_bash_decorator.py for tasks to queue
[2026-06-01T20:45:28.855+0000] {logging_mixin.py:188} INFO - [2026-06-01T20:45:28.855+0000] {dagbag.py:540} INFO - Filling up the DagBag from /home/airflow/.local/lib/python3.12/site-packages/airflow/example_dags/example_bash_decorator.py
[2026-06-01T20:45:28.869+0000] {processor.py:840} INFO - DAG(s) 'example_bash_decorator' retrieved from /home/airflow/.local/lib/python3.12/site-packages/airflow/example_dags/example_bash_decorator.py
[2026-06-01T20:45:28.894+0000] {logging_mixin.py:188} INFO - [2026-06-01T20:45:28.894+0000] {dag.py:3096} INFO - Sync 1 DAGs
[2026-06-01T20:45:28.908+0000] {logging_mixin.py:188} INFO - [2026-06-01T20:45:28.908+0000] {dag.py:3954} INFO - Setting next_dagrun for example_bash_decorator to None, run_after=None
[2026-06-01T20:45:28.935+0000] {processor.py:183} INFO - Processing /home/airflow/.local/lib/python3.12/site-packages/airflow/example_dags/example_bash_decorator.py took 0.093 seconds
[2026-06-01T20:45:59.014+0000] {processor.py:161} INFO - Started process (PID=18625) to work on /home/airflow/.local/lib/python3.12/site-packages/airflow/example_dags/example_bash_decorator.py
[2026-06-01T20:45:59.015+0000] {processor.py:830} INFO - Processing file /home/airflow/.local/lib/python3.12/site-packages/airflow/example_dags/example_bash_decorator.py for tasks to queue
[2026-06-01T20:45:59.017+0000] {logging_mixin.py:188} INFO - [2026-06-01T20:45:59.017+0000] {dagbag.py:540} INFO - Filling up the DagBag from /home/airflow/.local/lib/python3.12/site-packages/airflow/example_dags/example_bash_decorator.py
[2026-06-01T20:45:59.029+0000] {processor.py:840} INFO - DAG(s) 'example_bash_decorator' retrieved from /home/airflow/.local/lib/python3.12/site-packages/airflow/example_dags/example_bash_decorator.py
[2026-06-01T20:45:59.050+0000] {logging_mixin.py:188} INFO - [2026-06-01T20:45:59.050+0000] {dag.py:3096} INFO - Sync 1 DAGs
[2026-06-01T20:45:59.062+0000] {logging_mixin.py:188} INFO - [2026-06-01T20:45:59.062+0000] {dag.py:3954} INFO - Setting next_dagrun for example_bash_decorator to None, run_after=None
[2026-06-01T20:45:59.081+0000] {processor.py:183} INFO - Processing /home/airflow/.local/lib/python3.12/site-packages/airflow/example_dags/example_bash_decorator.py took 0.073 seconds
[2026-06-01T20:46:29.182+0000] {processor.py:161} INFO - Started process (PID=18684) to work on /home/airflow/.local/lib/python3.12/site-packages/airflow/example_dags/example_bash_decorator.py
[2026-06-01T20:46:29.183+0000] {processor.py:830} INFO - Processing file /home/airflow/.local/lib/python3.12/site-packages/airflow/example_dags/example_bash_decorator.py for tasks to queue
[2026-06-01T20:46:29.185+0000] {logging_mixin.py:188} INFO - [2026-06-01T20:46:29.185+0000] {dagbag.py:540} INFO - Filling up the DagBag from /home/airflow/.local/lib/python3.12/site-packages/airflow/example_dags/example_bash_decorator.py
[2026-06-01T20:46:29.201+0000] {processor.py:840} INFO - DAG(s) 'example_bash_decorator' retrieved from /home/airflow/.local/lib/python3.12/site-packages/airflow/example_dags/example_bash_decorator.py
[2026-06-01T20:46:29.226+0000] {logging_mixin.py:188} INFO - [2026-06-01T20:46:29.226+0000] {dag.py:3096} INFO - Sync 1 DAGs
[2026-06-01T20:46:29.239+0000] {logging_mixin.py:188} INFO - [2026-06-01T20:46:29.239+0000] {dag.py:3954} INFO - Setting next_dagrun for example_bash_decorator to None, run_after=None
[2026-06-01T20:46:29.259+0000] {processor.py:183} INFO - Processing /home/airflow/.local/lib/python3.12/site-packages/airflow/example_dags/example_bash_decorator.py took 0.083 seconds
[2026-06-01T20:46:59.344+0000] {processor.py:161} INFO - Started process (PID=18743) to work on /home/airflow/.local/lib/python3.12/site-packages/airflow/example_dags/example_bash_decorator.py
[2026-06-01T20:46:59.346+0000] {processor.py:830} INFO - Processing file /home/airflow/.local/lib/python3.12/site-packages/airflow/example_dags/example_bash_decorator.py for tasks to queue
[2026-06-01T20:46:59.348+0000] {logging_mixin.py:188} INFO - [2026-06-01T20:46:59.348+0000] {dagbag.py:540} INFO - Filling up the DagBag from /home/airflow/.local/lib/python3.12/site-packages/airflow/example_dags/example_bash_decorator.py
[2026-06-01T20:46:59.360+0000] {processor.py:840} INFO - DAG(s) 'example_bash_decorator' retrieved from /home/airflow/.local/lib/python3.12/site-packages/airflow/example_dags/example_bash_decorator.py
[2026-06-01T20:46:59.382+0000] {logging_mixin.py:188} INFO - [2026-06-01T20:46:59.382+0000] {dag.py:3096} INFO - Sync 1 DAGs
[2026-06-01T20:46:59.394+0000] {logging_mixin.py:188} INFO - [2026-06-01T20:46:59.394+0000] {dag.py:3954} INFO - Setting next_dagrun for example_bash_decorator to None, run_after=None
[2026-06-01T20:46:59.412+0000] {processor.py:183} INFO - Processing /home/airflow/.local/lib/python3.12/site-packages/airflow/example_dags/example_bash_decorator.py took 0.074 seconds
[2026-06-01T20:47:29.466+0000] {processor.py:161} INFO - Started process (PID=18802) to work on /home/airflow/.local/lib/python3.12/site-packages/airflow/example_dags/example_bash_decorator.py
[2026-06-01T20:47:29.467+0000] {processor.py:830} INFO - Processing file /home/airflow/.local/lib/python3.12/site-packages/airflow/example_dags/example_bash_decorator.py for tasks to queue
[2026-06-01T20:47:29.469+0000] {logging_mixin.py:188} INFO - [2026-06-01T20:47:29.468+0000] {dagbag.py:540} INFO - Filling up the DagBag from /home/airflow/.local/lib/python3.12/site-packages/airflow/example_dags/example_bash_decorator.py
[2026-06-01T20:47:29.481+0000] {processor.py:840} INFO - DAG(s) 'example_bash_decorator' retrieved from /home/airflow/.local/lib/python3.12/site-packages/airflow/example_dags/example_bash_decorator.py
[2026-06-01T20:47:29.499+0000] {logging_mixin.py:188} INFO - [2026-06-01T20:47:29.499+0000] {dag.py:3096} INFO - Sync 1 DAGs
[2026-06-01T20:47:29.510+0000] {logging_mixin.py:188} INFO - [2026-06-01T20:47:29.510+0000] {dag.py:3954} INFO - Setting next_dagrun for example_bash_decorator to None, run_after=None
[2026-06-01T20:47:29.527+0000] {processor.py:183} INFO - Processing /home/airflow/.local/lib/python3.12/site-packages/airflow/example_dags/example_bash_decorator.py took 0.067 seconds
[2026-06-01T20:48:00.208+0000] {processor.py:161} INFO - Started process (PID=18861) to work on /home/airflow/.local/lib/python3.12/site-packages/airflow/example_dags/example_bash_decorator.py
[2026-06-01T20:48:00.209+0000] {processor.py:830} INFO - Processing file /home/airflow/.local/lib/python3.12/site-packages/airflow/example_dags/example_bash_decorator.py for tasks to queue
[2026-06-01T20:48:00.211+0000] {logging_mixin.py:188} INFO - [2026-06-01T20:48:00.211+0000] {dagbag.py:540} INFO - Filling up the DagBag from /home/airflow/.local/lib/python3.12/site-packages/airflow/example_dags/example_bash_decorator.py
[2026-06-01T20:48:00.224+0000] {processor.py:840} INFO - DAG(s) 'example_bash_decorator' retrieved from /home/airflow/.local/lib/python3.12/site-packages/airflow/example_dags/example_bash_decorator.py
[2026-06-01T20:48:00.247+0000] {logging_mixin.py:188} INFO - [2026-06-01T20:48:00.247+0000] {dag.py:3096} INFO - Sync 1 DAGs
[2026-06-01T20:48:00.263+0000] {logging_mixin.py:188} INFO - [2026-06-01T20:48:00.263+0000] {dag.py:3954} INFO - Setting next_dagrun for example_bash_decorator to None, run_after=None
[2026-06-01T20:48:00.288+0000] {processor.py:183} INFO - Processing /home/airflow/.local/lib/python3.12/site-packages/airflow/example_dags/example_bash_decorator.py took 0.087 seconds
[2026-06-01T20:48:30.667+0000] {processor.py:161} INFO - Started process (PID=18920) to work on /home/airflow/.local/lib/python3.12/site-packages/airflow/example_dags/example_bash_decorator.py
[2026-06-01T20:48:30.668+0000] {processor.py:830} INFO - Processing file /home/airflow/.local/lib/python3.12/site-packages/airflow/example_dags/example_bash_decorator.py for tasks to queue
[2026-06-01T20:48:30.671+0000] {logging_mixin.py:188} INFO - [2026-06-01T20:48:30.670+0000] {dagbag.py:540} INFO - Filling up the DagBag from /home/airflow/.local/lib/python3.12/site-packages/airflow/example_dags/example_bash_decorator.py
[2026-06-01T20:48:30.682+0000] {processor.py:840} INFO - DAG(s) 'example_bash_decorator' retrieved from /home/airflow/.local/lib/python3.12/site-packages/airflow/example_dags/example_bash_decorator.py
[2026-06-01T20:48:30.705+0000] {logging_mixin.py:188} INFO - [2026-06-01T20:48:30.704+0000] {dag.py:3096} INFO - Sync 1 DAGs
[2026-06-01T20:48:30.717+0000] {logging_mixin.py:188} INFO - [2026-06-01T20:48:30.717+0000] {dag.py:3954} INFO - Setting next_dagrun for example_bash_decorator to None, run_after=None
[2026-06-01T20:48:30.735+0000] {processor.py:183} INFO - Processing /home/airflow/.local/lib/python3.12/site-packages/airflow/example_dags/example_bash_decorator.py took 0.073 seconds
[2026-06-01T20:49:01.123+0000] {processor.py:161} INFO - Started process (PID=18979) to work on /home/airflow/.local/lib/python3.12/site-packages/airflow/example_dags/example_bash_decorator.py
[2026-06-01T20:49:01.124+0000] {processor.py:830} INFO - Processing file /home/airflow/.local/lib/python3.12/site-packages/airflow/example_dags/example_bash_decorator.py for tasks to queue
[2026-06-01T20:49:01.126+0000] {logging_mixin.py:188} INFO - [2026-06-01T20:49:01.126+0000] {dagbag.py:540} INFO - Filling up the DagBag from /home/airflow/.local/lib/python3.12/site-packages/airflow/example_dags/example_bash_decorator.py
[2026-06-01T20:49:01.139+0000] {processor.py:840} INFO - DAG(s) 'example_bash_decorator' retrieved from /home/airflow/.local/lib/python3.12/site-packages/airflow/example_dags/example_bash_decorator.py
[2026-06-01T20:49:01.162+0000] {logging_mixin.py:188} INFO - [2026-06-01T20:49:01.162+0000] {dag.py:3096} INFO - Sync 1 DAGs
[2026-06-01T20:49:01.173+0000] {logging_mixin.py:188} INFO - [2026-06-01T20:49:01.173+0000] {dag.py:3954} INFO - Setting next_dagrun for example_bash_decorator to None, run_after=None
[2026-06-01T20:49:01.192+0000] {processor.py:183} INFO - Processing /home/airflow/.local/lib/python3.12/site-packages/airflow/example_dags/example_bash_decorator.py took 0.076 seconds
[2026-06-01T20:49:31.734+0000] {processor.py:161} INFO - Started process (PID=19038) to work on /home/airflow/.local/lib/python3.12/site-packages/airflow/example_dags/example_bash_decorator.py
[2026-06-01T20:49:31.735+0000] {processor.py:830} INFO - Processing file /home/airflow/.local/lib/python3.12/site-packages/airflow/example_dags/example_bash_decorator.py for tasks to queue
[2026-06-01T20:49:31.738+0000] {logging_mixin.py:188} INFO - [2026-06-01T20:49:31.737+0000] {dagbag.py:540} INFO - Filling up the DagBag from /home/airflow/.local/lib/python3.12/site-packages/airflow/example_dags/example_bash_decorator.py
[2026-06-01T20:49:31.750+0000] {processor.py:840} INFO - DAG(s) 'example_bash_decorator' retrieved from /home/airflow/.local/lib/python3.12/site-packages/airflow/example_dags/example_bash_decorator.py
[2026-06-01T20:49:31.770+0000] {logging_mixin.py:188} INFO - [2026-06-01T20:49:31.770+0000] {dag.py:3096} INFO - Sync 1 DAGs
[2026-06-01T20:49:31.781+0000] {logging_mixin.py:188} INFO - [2026-06-01T20:49:31.781+0000] {dag.py:3954} INFO - Setting next_dagrun for example_bash_decorator to None, run_after=None
[2026-06-01T20:49:31.798+0000] {processor.py:183} INFO - Processing /home/airflow/.local/lib/python3.12/site-packages/airflow/example_dags/example_bash_decorator.py took 0.069 seconds
[2026-06-01T20:50:01.932+0000] {processor.py:161} INFO - Started process (PID=19097) to work on /home/airflow/.local/lib/python3.12/site-packages/airflow/example_dags/example_bash_decorator.py
[2026-06-01T20:50:01.934+0000] {processor.py:830} INFO - Processing file /home/airflow/.local/lib/python3.12/site-packages/airflow/example_dags/example_bash_decorator.py for tasks to queue
[2026-06-01T20:50:01.936+0000] {logging_mixin.py:188} INFO - [2026-06-01T20:50:01.936+0000] {dagbag.py:540} INFO - Filling up the DagBag from /home/airflow/.local/lib/python3.12/site-packages/airflow/example_dags/example_bash_decorator.py
[2026-06-01T20:50:01.952+0000] {processor.py:840} INFO - DAG(s) 'example_bash_decorator' retrieved from /home/airflow/.local/lib/python3.12/site-packages/airflow/example_dags/example_bash_decorator.py
[2026-06-01T20:50:01.977+0000] {logging_mixin.py:188} INFO - [2026-06-01T20:50:01.976+0000] {dag.py:3096} INFO - Sync 1 DAGs
[2026-06-01T20:50:01.988+0000] {logging_mixin.py:188} INFO - [2026-06-01T20:50:01.988+0000] {dag.py:3954} INFO - Setting next_dagrun for example_bash_decorator to None, run_after=None
[2026-06-01T20:50:02.007+0000] {processor.py:183} INFO - Processing /home/airflow/.local/lib/python3.12/site-packages/airflow/example_dags/example_bash_decorator.py took 0.082 seconds
[2026-06-01T20:50:32.238+0000] {processor.py:161} INFO - Started process (PID=19156) to work on /home/airflow/.local/lib/python3.12/site-packages/airflow/example_dags/example_bash_decorator.py
[2026-06-01T20:50:32.239+0000] {processor.py:830} INFO - Processing file /home/airflow/.local/lib/python3.12/site-packages/airflow/example_dags/example_bash_decorator.py for tasks to queue
[2026-06-01T20:50:32.242+0000] {logging_mixin.py:188} INFO - [2026-06-01T20:50:32.242+0000] {dagbag.py:540} INFO - Filling up the DagBag from /home/airflow/.local/lib/python3.12/site-packages/airflow/example_dags/example_bash_decorator.py
[2026-06-01T20:50:32.255+0000] {processor.py:840} INFO - DAG(s) 'example_bash_decorator' retrieved from /home/airflow/.local/lib/python3.12/site-packages/airflow/example_dags/example_bash_decorator.py
[2026-06-01T20:50:32.278+0000] {logging_mixin.py:188} INFO - [2026-06-01T20:50:32.278+0000] {dag.py:3096} INFO - Sync 1 DAGs
[2026-06-01T20:50:32.289+0000] {logging_mixin.py:188} INFO - [2026-06-01T20:50:32.289+0000] {dag.py:3954} INFO - Setting next_dagrun for example_bash_decorator to None, run_after=None
[2026-06-01T20:50:32.312+0000] {processor.py:183} INFO - Processing /home/airflow/.local/lib/python3.12/site-packages/airflow/example_dags/example_bash_decorator.py took 0.080 seconds
[2026-06-01T20:51:02.380+0000] {processor.py:161} INFO - Started process (PID=19215) to work on /home/airflow/.local/lib/python3.12/site-packages/airflow/example_dags/example_bash_decorator.py
[2026-06-01T20:51:02.381+0000] {processor.py:830} INFO - Processing file /home/airflow/.local/lib/python3.12/site-packages/airflow/example_dags/example_bash_decorator.py for tasks to queue
[2026-06-01T20:51:02.383+0000] {logging_mixin.py:188} INFO - [2026-06-01T20:51:02.383+0000] {dagbag.py:540} INFO - Filling up the DagBag from /home/airflow/.local/lib/python3.12/site-packages/airflow/example_dags/example_bash_decorator.py
[2026-06-01T20:51:02.395+0000] {processor.py:840} INFO - DAG(s) 'example_bash_decorator' retrieved from /home/airflow/.local/lib/python3.12/site-packages/airflow/example_dags/example_bash_decorator.py
[2026-06-01T20:51:02.418+0000] {logging_mixin.py:188} INFO - [2026-06-01T20:51:02.418+0000] {dag.py:3096} INFO - Sync 1 DAGs
[2026-06-01T20:51:02.430+0000] {logging_mixin.py:188} INFO - [2026-06-01T20:51:02.429+0000] {dag.py:3954} INFO - Setting next_dagrun for example_bash_decorator to None, run_after=None
[2026-06-01T20:51:02.448+0000] {processor.py:183} INFO - Processing /home/airflow/.local/lib/python3.12/site-packages/airflow/example_dags/example_bash_decorator.py took 0.075 seconds
[2026-06-01T20:51:32.849+0000] {processor.py:161} INFO - Started process (PID=19274) to work on /home/airflow/.local/lib/python3.12/site-packages/airflow/example_dags/example_bash_decorator.py
[2026-06-01T20:51:32.850+0000] {processor.py:830} INFO - Processing file /home/airflow/.local/lib/python3.12/site-packages/airflow/example_dags/example_bash_decorator.py for tasks to queue
[2026-06-01T20:51:32.853+0000] {logging_mixin.py:188} INFO - [2026-06-01T20:51:32.853+0000] {dagbag.py:540} INFO - Filling up the DagBag from /home/airflow/.local/lib/python3.12/site-packages/airflow/example_dags/example_bash_decorator.py
[2026-06-01T20:51:32.868+0000] {processor.py:840} INFO - DAG(s) 'example_bash_decorator' retrieved from /home/airflow/.local/lib/python3.12/site-packages/airflow/example_dags/example_bash_decorator.py
[2026-06-01T20:51:32.893+0000] {logging_mixin.py:188} INFO - [2026-06-01T20:51:32.892+0000] {dag.py:3096} INFO - Sync 1 DAGs
[2026-06-01T20:51:32.906+0000] {logging_mixin.py:188} INFO - [2026-06-01T20:51:32.906+0000] {dag.py:3954} INFO - Setting next_dagrun for example_bash_decorator to None, run_after=None
[2026-06-01T20:51:32.929+0000] {processor.py:183} INFO - Processing /home/airflow/.local/lib/python3.12/site-packages/airflow/example_dags/example_bash_decorator.py took 0.086 seconds
[2026-06-01T20:52:03.183+0000] {processor.py:161} INFO - Started process (PID=19333) to work on /home/airflow/.local/lib/python3.12/site-packages/airflow/example_dags/example_bash_decorator.py
[2026-06-01T20:52:03.184+0000] {processor.py:830} INFO - Processing file /home/airflow/.local/lib/python3.12/site-packages/airflow/example_dags/example_bash_decorator.py for tasks to queue
[2026-06-01T20:52:03.186+0000] {logging_mixin.py:188} INFO - [2026-06-01T20:52:03.186+0000] {dagbag.py:540} INFO - Filling up the DagBag from /home/airflow/.local/lib/python3.12/site-packages/airflow/example_dags/example_bash_decorator.py
[2026-06-01T20:52:03.200+0000] {processor.py:840} INFO - DAG(s) 'example_bash_decorator' retrieved from /home/airflow/.local/lib/python3.12/site-packages/airflow/example_dags/example_bash_decorator.py
[2026-06-01T20:52:03.223+0000] {logging_mixin.py:188} INFO - [2026-06-01T20:52:03.222+0000] {dag.py:3096} INFO - Sync 1 DAGs
[2026-06-01T20:52:03.234+0000] {logging_mixin.py:188} INFO - [2026-06-01T20:52:03.234+0000] {dag.py:3954} INFO - Setting next_dagrun for example_bash_decorator to None, run_after=None
[2026-06-01T20:52:03.256+0000] {processor.py:183} INFO - Processing /home/airflow/.local/lib/python3.12/site-packages/airflow/example_dags/example_bash_decorator.py took 0.080 seconds
[2026-06-01T20:52:33.825+0000] {processor.py:161} INFO - Started process (PID=19392) to work on /home/airflow/.local/lib/python3.12/site-packages/airflow/example_dags/example_bash_decorator.py
[2026-06-01T20:52:33.826+0000] {processor.py:830} INFO - Processing file /home/airflow/.local/lib/python3.12/site-packages/airflow/example_dags/example_bash_decorator.py for tasks to queue
[2026-06-01T20:52:33.829+0000] {logging_mixin.py:188} INFO - [2026-06-01T20:52:33.828+0000] {dagbag.py:540} INFO - Filling up the DagBag from /home/airflow/.local/lib/python3.12/site-packages/airflow/example_dags/example_bash_decorator.py
[2026-06-01T20:52:33.841+0000] {processor.py:840} INFO - DAG(s) 'example_bash_decorator' retrieved from /home/airflow/.local/lib/python3.12/site-packages/airflow/example_dags/example_bash_decorator.py
[2026-06-01T20:52:33.864+0000] {logging_mixin.py:188} INFO - [2026-06-01T20:52:33.864+0000] {dag.py:3096} INFO - Sync 1 DAGs
[2026-06-01T20:52:33.876+0000] {logging_mixin.py:188} INFO - [2026-06-01T20:52:33.875+0000] {dag.py:3954} INFO - Setting next_dagrun for example_bash_decorator to None, run_after=None
[2026-06-01T20:52:33.895+0000] {processor.py:183} INFO - Processing /home/airflow/.local/lib/python3.12/site-packages/airflow/example_dags/example_bash_decorator.py took 0.076 seconds
[2026-06-01T20:53:04.058+0000] {processor.py:161} INFO - Started process (PID=19451) to work on /home/airflow/.local/lib/python3.12/site-packages/airflow/example_dags/example_bash_decorator.py
[2026-06-01T20:53:04.059+0000] {processor.py:830} INFO - Processing file /home/airflow/.local/lib/python3.12/site-packages/airflow/example_dags/example_bash_decorator.py for tasks to queue
[2026-06-01T20:53:04.062+0000] {logging_mixin.py:188} INFO - [2026-06-01T20:53:04.061+0000] {dagbag.py:540} INFO - Filling up the DagBag from /home/airflow/.local/lib/python3.12/site-packages/airflow/example_dags/example_bash_decorator.py
[2026-06-01T20:53:04.076+0000] {processor.py:840} INFO - DAG(s) 'example_bash_decorator' retrieved from /home/airflow/.local/lib/python3.12/site-packages/airflow/example_dags/example_bash_decorator.py
[2026-06-01T20:53:04.099+0000] {logging_mixin.py:188} INFO - [2026-06-01T20:53:04.099+0000] {dag.py:3096} INFO - Sync 1 DAGs
[2026-06-01T20:53:04.112+0000] {logging_mixin.py:188} INFO - [2026-06-01T20:53:04.112+0000] {dag.py:3954} INFO - Setting next_dagrun for example_bash_decorator to None, run_after=None
[2026-06-01T20:53:04.136+0000] {processor.py:183} INFO - Processing /home/airflow/.local/lib/python3.12/site-packages/airflow/example_dags/example_bash_decorator.py took 0.083 seconds
[2026-06-01T20:53:34.389+0000] {processor.py:161} INFO - Started process (PID=19510) to work on /home/airflow/.local/lib/python3.12/site-packages/airflow/example_dags/example_bash_decorator.py
[2026-06-01T20:53:34.391+0000] {processor.py:830} INFO - Processing file /home/airflow/.local/lib/python3.12/site-packages/airflow/example_dags/example_bash_decorator.py for tasks to queue
[2026-06-01T20:53:34.394+0000] {logging_mixin.py:188} INFO - [2026-06-01T20:53:34.393+0000] {dagbag.py:540} INFO - Filling up the DagBag from /home/airflow/.local/lib/python3.12/site-packages/airflow/example_dags/example_bash_decorator.py
[2026-06-01T20:53:34.409+0000] {processor.py:840} INFO - DAG(s) 'example_bash_decorator' retrieved from /home/airflow/.local/lib/python3.12/site-packages/airflow/example_dags/example_bash_decorator.py
[2026-06-01T20:53:34.439+0000] {logging_mixin.py:188} INFO - [2026-06-01T20:53:34.439+0000] {dag.py:3096} INFO - Sync 1 DAGs
[2026-06-01T20:53:34.457+0000] {logging_mixin.py:188} INFO - [2026-06-01T20:53:34.457+0000] {dag.py:3954} INFO - Setting next_dagrun for example_bash_decorator to None, run_after=None
[2026-06-01T20:53:34.481+0000] {processor.py:183} INFO - Processing /home/airflow/.local/lib/python3.12/site-packages/airflow/example_dags/example_bash_decorator.py took 0.098 seconds
[2026-06-01T20:54:04.916+0000] {processor.py:161} INFO - Started process (PID=19569) to work on /home/airflow/.local/lib/python3.12/site-packages/airflow/example_dags/example_bash_decorator.py
[2026-06-01T20:54:04.917+0000] {processor.py:830} INFO - Processing file /home/airflow/.local/lib/python3.12/site-packages/airflow/example_dags/example_bash_decorator.py for tasks to queue
[2026-06-01T20:54:04.920+0000] {logging_mixin.py:188} INFO - [2026-06-01T20:54:04.919+0000] {dagbag.py:540} INFO - Filling up the DagBag from /home/airflow/.local/lib/python3.12/site-packages/airflow/example_dags/example_bash_decorator.py
[2026-06-01T20:54:04.934+0000] {processor.py:840} INFO - DAG(s) 'example_bash_decorator' retrieved from /home/airflow/.local/lib/python3.12/site-packages/airflow/example_dags/example_bash_decorator.py
[2026-06-01T20:54:04.961+0000] {logging_mixin.py:188} INFO - [2026-06-01T20:54:04.961+0000] {dag.py:3096} INFO - Sync 1 DAGs
[2026-06-01T20:54:05.120+0000] {logging_mixin.py:188} INFO - [2026-06-01T20:54:05.119+0000] {dag.py:3954} INFO - Setting next_dagrun for example_bash_decorator to None, run_after=None
[2026-06-01T20:54:05.139+0000] {processor.py:183} INFO - Processing /home/airflow/.local/lib/python3.12/site-packages/airflow/example_dags/example_bash_decorator.py took 0.230 seconds
[2026-06-01T20:54:35.217+0000] {processor.py:161} INFO - Started process (PID=19628) to work on /home/airflow/.local/lib/python3.12/site-packages/airflow/example_dags/example_bash_decorator.py
[2026-06-01T20:54:35.219+0000] {processor.py:830} INFO - Processing file /home/airflow/.local/lib/python3.12/site-packages/airflow/example_dags/example_bash_decorator.py for tasks to queue
[2026-06-01T20:54:35.221+0000] {logging_mixin.py:188} INFO - [2026-06-01T20:54:35.220+0000] {dagbag.py:540} INFO - Filling up the DagBag from /home/airflow/.local/lib/python3.12/site-packages/airflow/example_dags/example_bash_decorator.py
[2026-06-01T20:54:35.233+0000] {processor.py:840} INFO - DAG(s) 'example_bash_decorator' retrieved from /home/airflow/.local/lib/python3.12/site-packages/airflow/example_dags/example_bash_decorator.py
[2026-06-01T20:54:35.258+0000] {logging_mixin.py:188} INFO - [2026-06-01T20:54:35.258+0000] {dag.py:3096} INFO - Sync 1 DAGs
[2026-06-01T20:54:35.412+0000] {logging_mixin.py:188} INFO - [2026-06-01T20:54:35.412+0000] {dag.py:3954} INFO - Setting next_dagrun for example_bash_decorator to None, run_after=None
[2026-06-01T20:54:35.432+0000] {processor.py:183} INFO - Processing /home/airflow/.local/lib/python3.12/site-packages/airflow/example_dags/example_bash_decorator.py took 0.221 seconds
[2026-06-01T20:55:05.557+0000] {processor.py:161} INFO - Started process (PID=19687) to work on /home/airflow/.local/lib/python3.12/site-packages/airflow/example_dags/example_bash_decorator.py
[2026-06-01T20:55:05.558+0000] {processor.py:830} INFO - Processing file /home/airflow/.local/lib/python3.12/site-packages/airflow/example_dags/example_bash_decorator.py for tasks to queue
[2026-06-01T20:55:05.560+0000] {logging_mixin.py:188} INFO - [2026-06-01T20:55:05.560+0000] {dagbag.py:540} INFO - Filling up the DagBag from /home/airflow/.local/lib/python3.12/site-packages/airflow/example_dags/example_bash_decorator.py
[2026-06-01T20:55:05.573+0000] {processor.py:840} INFO - DAG(s) 'example_bash_decorator' retrieved from /home/airflow/.local/lib/python3.12/site-packages/airflow/example_dags/example_bash_decorator.py
[2026-06-01T20:55:05.598+0000] {logging_mixin.py:188} INFO - [2026-06-01T20:55:05.598+0000] {dag.py:3096} INFO - Sync 1 DAGs
[2026-06-01T20:55:05.611+0000] {logging_mixin.py:188} INFO - [2026-06-01T20:55:05.611+0000] {dag.py:3954} INFO - Setting next_dagrun for example_bash_decorator to None, run_after=None
[2026-06-01T20:55:05.773+0000] {processor.py:183} INFO - Processing /home/airflow/.local/lib/python3.12/site-packages/airflow/example_dags/example_bash_decorator.py took 0.221 seconds
[2026-06-01T20:55:36.088+0000] {processor.py:161} INFO - Started process (PID=19746) to work on /home/airflow/.local/lib/python3.12/site-packages/airflow/example_dags/example_bash_decorator.py
[2026-06-01T20:55:36.089+0000] {processor.py:830} INFO - Processing file /home/airflow/.local/lib/python3.12/site-packages/airflow/example_dags/example_bash_decorator.py for tasks to queue
[2026-06-01T20:55:36.091+0000] {logging_mixin.py:188} INFO - [2026-06-01T20:55:36.091+0000] {dagbag.py:540} INFO - Filling up the DagBag from /home/airflow/.local/lib/python3.12/site-packages/airflow/example_dags/example_bash_decorator.py
[2026-06-01T20:55:36.103+0000] {processor.py:840} INFO - DAG(s) 'example_bash_decorator' retrieved from /home/airflow/.local/lib/python3.12/site-packages/airflow/example_dags/example_bash_decorator.py
[2026-06-01T20:55:36.125+0000] {logging_mixin.py:188} INFO - [2026-06-01T20:55:36.125+0000] {dag.py:3096} INFO - Sync 1 DAGs
[2026-06-01T20:55:36.136+0000] {logging_mixin.py:188} INFO - [2026-06-01T20:55:36.136+0000] {dag.py:3954} INFO - Setting next_dagrun for example_bash_decorator to None, run_after=None
[2026-06-01T20:55:36.158+0000] {processor.py:183} INFO - Processing /home/airflow/.local/lib/python3.12/site-packages/airflow/example_dags/example_bash_decorator.py took 0.076 seconds
[2026-06-01T20:56:06.923+0000] {processor.py:161} INFO - Started process (PID=19803) to work on /home/airflow/.local/lib/python3.12/site-packages/airflow/example_dags/example_bash_decorator.py
[2026-06-01T20:56:06.925+0000] {processor.py:830} INFO - Processing file /home/airflow/.local/lib/python3.12/site-packages/airflow/example_dags/example_bash_decorator.py for tasks to queue
[2026-06-01T20:56:06.926+0000] {logging_mixin.py:188} INFO - [2026-06-01T20:56:06.926+0000] {dagbag.py:540} INFO - Filling up the DagBag from /home/airflow/.local/lib/python3.12/site-packages/airflow/example_dags/example_bash_decorator.py
[2026-06-01T20:56:06.940+0000] {processor.py:840} INFO - DAG(s) 'example_bash_decorator' retrieved from /home/airflow/.local/lib/python3.12/site-packages/airflow/example_dags/example_bash_decorator.py
[2026-06-01T20:56:06.962+0000] {logging_mixin.py:188} INFO - [2026-06-01T20:56:06.961+0000] {dag.py:3096} INFO - Sync 1 DAGs
[2026-06-01T20:56:06.973+0000] {logging_mixin.py:188} INFO - [2026-06-01T20:56:06.973+0000] {dag.py:3954} INFO - Setting next_dagrun for example_bash_decorator to None, run_after=None
[2026-06-01T20:56:06.993+0000] {processor.py:183} INFO - Processing /home/airflow/.local/lib/python3.12/site-packages/airflow/example_dags/example_bash_decorator.py took 0.076 seconds
[2026-06-01T20:56:37.147+0000] {processor.py:161} INFO - Started process (PID=19862) to work on /home/airflow/.local/lib/python3.12/site-packages/airflow/example_dags/example_bash_decorator.py
[2026-06-01T20:56:37.149+0000] {processor.py:830} INFO - Processing file /home/airflow/.local/lib/python3.12/site-packages/airflow/example_dags/example_bash_decorator.py for tasks to queue
[2026-06-01T20:56:37.151+0000] {logging_mixin.py:188} INFO - [2026-06-01T20:56:37.151+0000] {dagbag.py:540} INFO - Filling up the DagBag from /home/airflow/.local/lib/python3.12/site-packages/airflow/example_dags/example_bash_decorator.py
[2026-06-01T20:56:37.166+0000] {processor.py:840} INFO - DAG(s) 'example_bash_decorator' retrieved from /home/airflow/.local/lib/python3.12/site-packages/airflow/example_dags/example_bash_decorator.py
[2026-06-01T20:56:37.192+0000] {logging_mixin.py:188} INFO - [2026-06-01T20:56:37.191+0000] {dag.py:3096} INFO - Sync 1 DAGs
[2026-06-01T20:56:37.206+0000] {logging_mixin.py:188} INFO - [2026-06-01T20:56:37.206+0000] {dag.py:3954} INFO - Setting next_dagrun for example_bash_decorator to None, run_after=None
[2026-06-01T20:56:37.231+0000] {processor.py:183} INFO - Processing /home/airflow/.local/lib/python3.12/site-packages/airflow/example_dags/example_bash_decorator.py took 0.091 seconds
[2026-06-01T20:57:07.367+0000] {processor.py:161} INFO - Started process (PID=19921) to work on /home/airflow/.local/lib/python3.12/site-packages/airflow/example_dags/example_bash_decorator.py
[2026-06-01T20:57:07.369+0000] {processor.py:830} INFO - Processing file /home/airflow/.local/lib/python3.12/site-packages/airflow/example_dags/example_bash_decorator.py for tasks to queue
[2026-06-01T20:57:07.371+0000] {logging_mixin.py:188} INFO - [2026-06-01T20:57:07.370+0000] {dagbag.py:540} INFO - Filling up the DagBag from /home/airflow/.local/lib/python3.12/site-packages/airflow/example_dags/example_bash_decorator.py
[2026-06-01T20:57:07.383+0000] {processor.py:840} INFO - DAG(s) 'example_bash_decorator' retrieved from /home/airflow/.local/lib/python3.12/site-packages/airflow/example_dags/example_bash_decorator.py
[2026-06-01T20:57:07.406+0000] {logging_mixin.py:188} INFO - [2026-06-01T20:57:07.405+0000] {dag.py:3096} INFO - Sync 1 DAGs
[2026-06-01T20:57:07.418+0000] {logging_mixin.py:188} INFO - [2026-06-01T20:57:07.418+0000] {dag.py:3954} INFO - Setting next_dagrun for example_bash_decorator to None, run_after=None
[2026-06-01T20:57:07.441+0000] {processor.py:183} INFO - Processing /home/airflow/.local/lib/python3.12/site-packages/airflow/example_dags/example_bash_decorator.py took 0.079 seconds
[2026-06-01T20:57:37.518+0000] {processor.py:161} INFO - Started process (PID=19980) to work on /home/airflow/.local/lib/python3.12/site-packages/airflow/example_dags/example_bash_decorator.py
[2026-06-01T20:57:37.520+0000] {processor.py:830} INFO - Processing file /home/airflow/.local/lib/python3.12/site-packages/airflow/example_dags/example_bash_decorator.py for tasks to queue
[2026-06-01T20:57:37.522+0000] {logging_mixin.py:188} INFO - [2026-06-01T20:57:37.521+0000] {dagbag.py:540} INFO - Filling up the DagBag from /home/airflow/.local/lib/python3.12/site-packages/airflow/example_dags/example_bash_decorator.py
[2026-06-01T20:57:37.533+0000] {processor.py:840} INFO - DAG(s) 'example_bash_decorator' retrieved from /home/airflow/.local/lib/python3.12/site-packages/airflow/example_dags/example_bash_decorator.py
[2026-06-01T20:57:37.552+0000] {logging_mixin.py:188} INFO - [2026-06-01T20:57:37.552+0000] {dag.py:3096} INFO - Sync 1 DAGs
[2026-06-01T20:57:37.563+0000] {logging_mixin.py:188} INFO - [2026-06-01T20:57:37.563+0000] {dag.py:3954} INFO - Setting next_dagrun for example_bash_decorator to None, run_after=None
[2026-06-01T20:57:37.582+0000] {processor.py:183} INFO - Processing /home/airflow/.local/lib/python3.12/site-packages/airflow/example_dags/example_bash_decorator.py took 0.070 seconds
[2026-06-01T20:58:07.923+0000] {processor.py:161} INFO - Started process (PID=20039) to work on /home/airflow/.local/lib/python3.12/site-packages/airflow/example_dags/example_bash_decorator.py
[2026-06-01T20:58:07.924+0000] {processor.py:830} INFO - Processing file /home/airflow/.local/lib/python3.12/site-packages/airflow/example_dags/example_bash_decorator.py for tasks to queue
[2026-06-01T20:58:07.926+0000] {logging_mixin.py:188} INFO - [2026-06-01T20:58:07.926+0000] {dagbag.py:540} INFO - Filling up the DagBag from /home/airflow/.local/lib/python3.12/site-packages/airflow/example_dags/example_bash_decorator.py
[2026-06-01T20:58:07.938+0000] {processor.py:840} INFO - DAG(s) 'example_bash_decorator' retrieved from /home/airflow/.local/lib/python3.12/site-packages/airflow/example_dags/example_bash_decorator.py
[2026-06-01T20:58:07.957+0000] {logging_mixin.py:188} INFO - [2026-06-01T20:58:07.957+0000] {dag.py:3096} INFO - Sync 1 DAGs
[2026-06-01T20:58:07.968+0000] {logging_mixin.py:188} INFO - [2026-06-01T20:58:07.968+0000] {dag.py:3954} INFO - Setting next_dagrun for example_bash_decorator to None, run_after=None
[2026-06-01T20:58:07.989+0000] {processor.py:183} INFO - Processing /home/airflow/.local/lib/python3.12/site-packages/airflow/example_dags/example_bash_decorator.py took 0.071 seconds
[2026-06-01T20:58:38.703+0000] {processor.py:161} INFO - Started process (PID=20098) to work on /home/airflow/.local/lib/python3.12/site-packages/airflow/example_dags/example_bash_decorator.py
[2026-06-01T20:58:38.706+0000] {processor.py:830} INFO - Processing file /home/airflow/.local/lib/python3.12/site-packages/airflow/example_dags/example_bash_decorator.py for tasks to queue
[2026-06-01T20:58:38.709+0000] {logging_mixin.py:188} INFO - [2026-06-01T20:58:38.708+0000] {dagbag.py:540} INFO - Filling up the DagBag from /home/airflow/.local/lib/python3.12/site-packages/airflow/example_dags/example_bash_decorator.py
[2026-06-01T20:58:38.723+0000] {processor.py:840} INFO - DAG(s) 'example_bash_decorator' retrieved from /home/airflow/.local/lib/python3.12/site-packages/airflow/example_dags/example_bash_decorator.py
[2026-06-01T20:58:38.746+0000] {logging_mixin.py:188} INFO - [2026-06-01T20:58:38.746+0000] {dag.py:3096} INFO - Sync 1 DAGs
[2026-06-01T20:58:38.757+0000] {logging_mixin.py:188} INFO - [2026-06-01T20:58:38.757+0000] {dag.py:3954} INFO - Setting next_dagrun for example_bash_decorator to None, run_after=None
[2026-06-01T20:58:38.776+0000] {processor.py:183} INFO - Processing /home/airflow/.local/lib/python3.12/site-packages/airflow/example_dags/example_bash_decorator.py took 0.083 seconds
[2026-06-01T20:59:08.904+0000] {processor.py:161} INFO - Started process (PID=20157) to work on /home/airflow/.local/lib/python3.12/site-packages/airflow/example_dags/example_bash_decorator.py
[2026-06-01T20:59:08.906+0000] {processor.py:830} INFO - Processing file /home/airflow/.local/lib/python3.12/site-packages/airflow/example_dags/example_bash_decorator.py for tasks to queue
[2026-06-01T20:59:08.910+0000] {logging_mixin.py:188} INFO - [2026-06-01T20:59:08.910+0000] {dagbag.py:540} INFO - Filling up the DagBag from /home/airflow/.local/lib/python3.12/site-packages/airflow/example_dags/example_bash_decorator.py
[2026-06-01T20:59:08.940+0000] {processor.py:840} INFO - DAG(s) 'example_bash_decorator' retrieved from /home/airflow/.local/lib/python3.12/site-packages/airflow/example_dags/example_bash_decorator.py
[2026-06-01T20:59:08.986+0000] {logging_mixin.py:188} INFO - [2026-06-01T20:59:08.985+0000] {dag.py:3096} INFO - Sync 1 DAGs
[2026-06-01T20:59:09.009+0000] {logging_mixin.py:188} INFO - [2026-06-01T20:59:09.008+0000] {dag.py:3954} INFO - Setting next_dagrun for example_bash_decorator to None, run_after=None
[2026-06-01T20:59:09.035+0000] {processor.py:183} INFO - Processing /home/airflow/.local/lib/python3.12/site-packages/airflow/example_dags/example_bash_decorator.py took 0.140 seconds
[2026-06-01T20:59:39.088+0000] {processor.py:161} INFO - Started process (PID=20216) to work on /home/airflow/.local/lib/python3.12/site-packages/airflow/example_dags/example_bash_decorator.py
[2026-06-01T20:59:39.089+0000] {processor.py:830} INFO - Processing file /home/airflow/.local/lib/python3.12/site-packages/airflow/example_dags/example_bash_decorator.py for tasks to queue
[2026-06-01T20:59:39.092+0000] {logging_mixin.py:188} INFO - [2026-06-01T20:59:39.092+0000] {dagbag.py:540} INFO - Filling up the DagBag from /home/airflow/.local/lib/python3.12/site-packages/airflow/example_dags/example_bash_decorator.py
[2026-06-01T20:59:39.106+0000] {processor.py:840} INFO - DAG(s) 'example_bash_decorator' retrieved from /home/airflow/.local/lib/python3.12/site-packages/airflow/example_dags/example_bash_decorator.py
[2026-06-01T20:59:39.128+0000] {logging_mixin.py:188} INFO - [2026-06-01T20:59:39.128+0000] {dag.py:3096} INFO - Sync 1 DAGs
[2026-06-01T20:59:39.142+0000] {logging_mixin.py:188} INFO - [2026-06-01T20:59:39.142+0000] {dag.py:3954} INFO - Setting next_dagrun for example_bash_decorator to None, run_after=None
[2026-06-01T20:59:39.163+0000] {processor.py:183} INFO - Processing /home/airflow/.local/lib/python3.12/site-packages/airflow/example_dags/example_bash_decorator.py took 0.081 seconds
[2026-06-01T21:00:10.016+0000] {processor.py:161} INFO - Started process (PID=20275) to work on /home/airflow/.local/lib/python3.12/site-packages/airflow/example_dags/example_bash_decorator.py
[2026-06-01T21:00:10.018+0000] {processor.py:830} INFO - Processing file /home/airflow/.local/lib/python3.12/site-packages/airflow/example_dags/example_bash_decorator.py for tasks to queue
[2026-06-01T21:00:10.020+0000] {logging_mixin.py:188} INFO - [2026-06-01T21:00:10.020+0000] {dagbag.py:540} INFO - Filling up the DagBag from /home/airflow/.local/lib/python3.12/site-packages/airflow/example_dags/example_bash_decorator.py
[2026-06-01T21:00:10.033+0000] {processor.py:840} INFO - DAG(s) 'example_bash_decorator' retrieved from /home/airflow/.local/lib/python3.12/site-packages/airflow/example_dags/example_bash_decorator.py
[2026-06-01T21:00:10.057+0000] {logging_mixin.py:188} INFO - [2026-06-01T21:00:10.057+0000] {dag.py:3096} INFO - Sync 1 DAGs
[2026-06-01T21:00:10.070+0000] {logging_mixin.py:188} INFO - [2026-06-01T21:00:10.070+0000] {dag.py:3954} INFO - Setting next_dagrun for example_bash_decorator to None, run_after=None
[2026-06-01T21:00:10.091+0000] {processor.py:183} INFO - Processing /home/airflow/.local/lib/python3.12/site-packages/airflow/example_dags/example_bash_decorator.py took 0.081 seconds
[2026-06-01T21:00:40.181+0000] {processor.py:161} INFO - Started process (PID=20334) to work on /home/airflow/.local/lib/python3.12/site-packages/airflow/example_dags/example_bash_decorator.py
[2026-06-01T21:00:40.183+0000] {processor.py:830} INFO - Processing file /home/airflow/.local/lib/python3.12/site-packages/airflow/example_dags/example_bash_decorator.py for tasks to queue
[2026-06-01T21:00:40.186+0000] {logging_mixin.py:188} INFO - [2026-06-01T21:00:40.186+0000] {dagbag.py:540} INFO - Filling up the DagBag from /home/airflow/.local/lib/python3.12/site-packages/airflow/example_dags/example_bash_decorator.py
[2026-06-01T21:00:40.200+0000] {processor.py:840} INFO - DAG(s) 'example_bash_decorator' retrieved from /home/airflow/.local/lib/python3.12/site-packages/airflow/example_dags/example_bash_decorator.py
[2026-06-01T21:00:40.221+0000] {logging_mixin.py:188} INFO - [2026-06-01T21:00:40.221+0000] {dag.py:3096} INFO - Sync 1 DAGs
[2026-06-01T21:00:40.233+0000] {logging_mixin.py:188} INFO - [2026-06-01T21:00:40.233+0000] {dag.py:3954} INFO - Setting next_dagrun for example_bash_decorator to None, run_after=None
[2026-06-01T21:00:40.251+0000] {processor.py:183} INFO - Processing /home/airflow/.local/lib/python3.12/site-packages/airflow/example_dags/example_bash_decorator.py took 0.077 seconds
[2026-06-01T21:01:10.389+0000] {processor.py:161} INFO - Started process (PID=20393) to work on /home/airflow/.local/lib/python3.12/site-packages/airflow/example_dags/example_bash_decorator.py
[2026-06-01T21:01:10.390+0000] {processor.py:830} INFO - Processing file /home/airflow/.local/lib/python3.12/site-packages/airflow/example_dags/example_bash_decorator.py for tasks to queue
[2026-06-01T21:01:10.394+0000] {logging_mixin.py:188} INFO - [2026-06-01T21:01:10.393+0000] {dagbag.py:540} INFO - Filling up the DagBag from /home/airflow/.local/lib/python3.12/site-packages/airflow/example_dags/example_bash_decorator.py
[2026-06-01T21:01:10.406+0000] {processor.py:840} INFO - DAG(s) 'example_bash_decorator' retrieved from /home/airflow/.local/lib/python3.12/site-packages/airflow/example_dags/example_bash_decorator.py
[2026-06-01T21:01:10.428+0000] {logging_mixin.py:188} INFO - [2026-06-01T21:01:10.428+0000] {dag.py:3096} INFO - Sync 1 DAGs
[2026-06-01T21:01:10.441+0000] {logging_mixin.py:188} INFO - [2026-06-01T21:01:10.440+0000] {dag.py:3954} INFO - Setting next_dagrun for example_bash_decorator to None, run_after=None
[2026-06-01T21:01:10.461+0000] {processor.py:183} INFO - Processing /home/airflow/.local/lib/python3.12/site-packages/airflow/example_dags/example_bash_decorator.py took 0.077 seconds
[2026-06-01T21:01:41.277+0000] {processor.py:161} INFO - Started process (PID=20452) to work on /home/airflow/.local/lib/python3.12/site-packages/airflow/example_dags/example_bash_decorator.py
[2026-06-01T21:01:41.278+0000] {processor.py:830} INFO - Processing file /home/airflow/.local/lib/python3.12/site-packages/airflow/example_dags/example_bash_decorator.py for tasks to queue
[2026-06-01T21:01:41.280+0000] {logging_mixin.py:188} INFO - [2026-06-01T21:01:41.280+0000] {dagbag.py:540} INFO - Filling up the DagBag from /home/airflow/.local/lib/python3.12/site-packages/airflow/example_dags/example_bash_decorator.py
[2026-06-01T21:01:41.294+0000] {processor.py:840} INFO - DAG(s) 'example_bash_decorator' retrieved from /home/airflow/.local/lib/python3.12/site-packages/airflow/example_dags/example_bash_decorator.py
[2026-06-01T21:01:41.317+0000] {logging_mixin.py:188} INFO - [2026-06-01T21:01:41.317+0000] {dag.py:3096} INFO - Sync 1 DAGs
[2026-06-01T21:01:41.330+0000] {logging_mixin.py:188} INFO - [2026-06-01T21:01:41.330+0000] {dag.py:3954} INFO - Setting next_dagrun for example_bash_decorator to None, run_after=None
[2026-06-01T21:01:41.348+0000] {processor.py:183} INFO - Processing /home/airflow/.local/lib/python3.12/site-packages/airflow/example_dags/example_bash_decorator.py took 0.076 seconds
[2026-06-01T21:02:11.461+0000] {processor.py:161} INFO - Started process (PID=20511) to work on /home/airflow/.local/lib/python3.12/site-packages/airflow/example_dags/example_bash_decorator.py
[2026-06-01T21:02:11.463+0000] {processor.py:830} INFO - Processing file /home/airflow/.local/lib/python3.12/site-packages/airflow/example_dags/example_bash_decorator.py for tasks to queue
[2026-06-01T21:02:11.465+0000] {logging_mixin.py:188} INFO - [2026-06-01T21:02:11.465+0000] {dagbag.py:540} INFO - Filling up the DagBag from /home/airflow/.local/lib/python3.12/site-packages/airflow/example_dags/example_bash_decorator.py
[2026-06-01T21:02:11.477+0000] {processor.py:840} INFO - DAG(s) 'example_bash_decorator' retrieved from /home/airflow/.local/lib/python3.12/site-packages/airflow/example_dags/example_bash_decorator.py
[2026-06-01T21:02:11.500+0000] {logging_mixin.py:188} INFO - [2026-06-01T21:02:11.499+0000] {dag.py:3096} INFO - Sync 1 DAGs
[2026-06-01T21:02:11.513+0000] {logging_mixin.py:188} INFO - [2026-06-01T21:02:11.512+0000] {dag.py:3954} INFO - Setting next_dagrun for example_bash_decorator to None, run_after=None
[2026-06-01T21:02:11.533+0000] {processor.py:183} INFO - Processing /home/airflow/.local/lib/python3.12/site-packages/airflow/example_dags/example_bash_decorator.py took 0.078 seconds
[2026-06-01T21:02:41.839+0000] {processor.py:161} INFO - Started process (PID=20570) to work on /home/airflow/.local/lib/python3.12/site-packages/airflow/example_dags/example_bash_decorator.py
[2026-06-01T21:02:41.841+0000] {processor.py:830} INFO - Processing file /home/airflow/.local/lib/python3.12/site-packages/airflow/example_dags/example_bash_decorator.py for tasks to queue
[2026-06-01T21:02:41.844+0000] {logging_mixin.py:188} INFO - [2026-06-01T21:02:41.843+0000] {dagbag.py:540} INFO - Filling up the DagBag from /home/airflow/.local/lib/python3.12/site-packages/airflow/example_dags/example_bash_decorator.py
[2026-06-01T21:02:41.860+0000] {processor.py:840} INFO - DAG(s) 'example_bash_decorator' retrieved from /home/airflow/.local/lib/python3.12/site-packages/airflow/example_dags/example_bash_decorator.py
[2026-06-01T21:02:41.884+0000] {logging_mixin.py:188} INFO - [2026-06-01T21:02:41.884+0000] {dag.py:3096} INFO - Sync 1 DAGs
[2026-06-01T21:02:41.898+0000] {logging_mixin.py:188} INFO - [2026-06-01T21:02:41.898+0000] {dag.py:3954} INFO - Setting next_dagrun for example_bash_decorator to None, run_after=None
[2026-06-01T21:02:41.919+0000] {processor.py:183} INFO - Processing /home/airflow/.local/lib/python3.12/site-packages/airflow/example_dags/example_bash_decorator.py took 0.085 seconds
[2026-06-01T21:03:12.211+0000] {processor.py:161} INFO - Started process (PID=20629) to work on /home/airflow/.local/lib/python3.12/site-packages/airflow/example_dags/example_bash_decorator.py
[2026-06-01T21:03:12.213+0000] {processor.py:830} INFO - Processing file /home/airflow/.local/lib/python3.12/site-packages/airflow/example_dags/example_bash_decorator.py for tasks to queue
[2026-06-01T21:03:12.215+0000] {logging_mixin.py:188} INFO - [2026-06-01T21:03:12.214+0000] {dagbag.py:540} INFO - Filling up the DagBag from /home/airflow/.local/lib/python3.12/site-packages/airflow/example_dags/example_bash_decorator.py
[2026-06-01T21:03:12.228+0000] {processor.py:840} INFO - DAG(s) 'example_bash_decorator' retrieved from /home/airflow/.local/lib/python3.12/site-packages/airflow/example_dags/example_bash_decorator.py
[2026-06-01T21:03:12.250+0000] {logging_mixin.py:188} INFO - [2026-06-01T21:03:12.249+0000] {dag.py:3096} INFO - Sync 1 DAGs
[2026-06-01T21:03:12.262+0000] {logging_mixin.py:188} INFO - [2026-06-01T21:03:12.262+0000] {dag.py:3954} INFO - Setting next_dagrun for example_bash_decorator to None, run_after=None
[2026-06-01T21:03:12.281+0000] {processor.py:183} INFO - Processing /home/airflow/.local/lib/python3.12/site-packages/airflow/example_dags/example_bash_decorator.py took 0.075 seconds
[2026-06-01T21:03:42.379+0000] {processor.py:161} INFO - Started process (PID=20688) to work on /home/airflow/.local/lib/python3.12/site-packages/airflow/example_dags/example_bash_decorator.py
[2026-06-01T21:03:42.380+0000] {processor.py:830} INFO - Processing file /home/airflow/.local/lib/python3.12/site-packages/airflow/example_dags/example_bash_decorator.py for tasks to queue
[2026-06-01T21:03:42.383+0000] {logging_mixin.py:188} INFO - [2026-06-01T21:03:42.383+0000] {dagbag.py:540} INFO - Filling up the DagBag from /home/airflow/.local/lib/python3.12/site-packages/airflow/example_dags/example_bash_decorator.py
[2026-06-01T21:03:42.399+0000] {processor.py:840} INFO - DAG(s) 'example_bash_decorator' retrieved from /home/airflow/.local/lib/python3.12/site-packages/airflow/example_dags/example_bash_decorator.py
[2026-06-01T21:03:42.432+0000] {logging_mixin.py:188} INFO - [2026-06-01T21:03:42.431+0000] {dag.py:3096} INFO - Sync 1 DAGs
[2026-06-01T21:03:42.446+0000] {logging_mixin.py:188} INFO - [2026-06-01T21:03:42.446+0000] {dag.py:3954} INFO - Setting next_dagrun for example_bash_decorator to None, run_after=None
[2026-06-01T21:03:42.466+0000] {processor.py:183} INFO - Processing /home/airflow/.local/lib/python3.12/site-packages/airflow/example_dags/example_bash_decorator.py took 0.096 seconds
[2026-06-01T21:04:12.556+0000] {processor.py:161} INFO - Started process (PID=20747) to work on /home/airflow/.local/lib/python3.12/site-packages/airflow/example_dags/example_bash_decorator.py
[2026-06-01T21:04:12.557+0000] {processor.py:830} INFO - Processing file /home/airflow/.local/lib/python3.12/site-packages/airflow/example_dags/example_bash_decorator.py for tasks to queue
[2026-06-01T21:04:12.561+0000] {logging_mixin.py:188} INFO - [2026-06-01T21:04:12.560+0000] {dagbag.py:540} INFO - Filling up the DagBag from /home/airflow/.local/lib/python3.12/site-packages/airflow/example_dags/example_bash_decorator.py
[2026-06-01T21:04:12.576+0000] {processor.py:840} INFO - DAG(s) 'example_bash_decorator' retrieved from /home/airflow/.local/lib/python3.12/site-packages/airflow/example_dags/example_bash_decorator.py
[2026-06-01T21:04:12.598+0000] {logging_mixin.py:188} INFO - [2026-06-01T21:04:12.598+0000] {dag.py:3096} INFO - Sync 1 DAGs
[2026-06-01T21:04:12.609+0000] {logging_mixin.py:188} INFO - [2026-06-01T21:04:12.609+0000] {dag.py:3954} INFO - Setting next_dagrun for example_bash_decorator to None, run_after=None
[2026-06-01T21:04:12.632+0000] {processor.py:183} INFO - Processing /home/airflow/.local/lib/python3.12/site-packages/airflow/example_dags/example_bash_decorator.py took 0.086 seconds
[2026-06-01T21:04:42.943+0000] {processor.py:161} INFO - Started process (PID=20806) to work on /home/airflow/.local/lib/python3.12/site-packages/airflow/example_dags/example_bash_decorator.py
[2026-06-01T21:04:42.944+0000] {processor.py:830} INFO - Processing file /home/airflow/.local/lib/python3.12/site-packages/airflow/example_dags/example_bash_decorator.py for tasks to queue
[2026-06-01T21:04:42.946+0000] {logging_mixin.py:188} INFO - [2026-06-01T21:04:42.946+0000] {dagbag.py:540} INFO - Filling up the DagBag from /home/airflow/.local/lib/python3.12/site-packages/airflow/example_dags/example_bash_decorator.py
[2026-06-01T21:04:42.959+0000] {processor.py:840} INFO - DAG(s) 'example_bash_decorator' retrieved from /home/airflow/.local/lib/python3.12/site-packages/airflow/example_dags/example_bash_decorator.py
[2026-06-01T21:04:42.981+0000] {logging_mixin.py:188} INFO - [2026-06-01T21:04:42.981+0000] {dag.py:3096} INFO - Sync 1 DAGs
[2026-06-01T21:04:42.995+0000] {logging_mixin.py:188} INFO - [2026-06-01T21:04:42.995+0000] {dag.py:3954} INFO - Setting next_dagrun for example_bash_decorator to None, run_after=None
[2026-06-01T21:04:43.018+0000] {processor.py:183} INFO - Processing /home/airflow/.local/lib/python3.12/site-packages/airflow/example_dags/example_bash_decorator.py took 0.081 seconds
[2026-06-01T21:05:13.274+0000] {processor.py:161} INFO - Started process (PID=20865) to work on /home/airflow/.local/lib/python3.12/site-packages/airflow/example_dags/example_bash_decorator.py
[2026-06-01T21:05:13.276+0000] {processor.py:830} INFO - Processing file /home/airflow/.local/lib/python3.12/site-packages/airflow/example_dags/example_bash_decorator.py for tasks to queue
[2026-06-01T21:05:13.278+0000] {logging_mixin.py:188} INFO - [2026-06-01T21:05:13.278+0000] {dagbag.py:540} INFO - Filling up the DagBag from /home/airflow/.local/lib/python3.12/site-packages/airflow/example_dags/example_bash_decorator.py
[2026-06-01T21:05:13.292+0000] {processor.py:840} INFO - DAG(s) 'example_bash_decorator' retrieved from /home/airflow/.local/lib/python3.12/site-packages/airflow/example_dags/example_bash_decorator.py
[2026-06-01T21:05:13.315+0000] {logging_mixin.py:188} INFO - [2026-06-01T21:05:13.315+0000] {dag.py:3096} INFO - Sync 1 DAGs
[2026-06-01T21:05:13.327+0000] {logging_mixin.py:188} INFO - [2026-06-01T21:05:13.327+0000] {dag.py:3954} INFO - Setting next_dagrun for example_bash_decorator to None, run_after=None
[2026-06-01T21:05:13.349+0000] {processor.py:183} INFO - Processing /home/airflow/.local/lib/python3.12/site-packages/airflow/example_dags/example_bash_decorator.py took 0.081 seconds
[2026-06-01T21:05:43.721+0000] {processor.py:161} INFO - Started process (PID=20924) to work on /home/airflow/.local/lib/python3.12/site-packages/airflow/example_dags/example_bash_decorator.py
[2026-06-01T21:05:43.722+0000] {processor.py:830} INFO - Processing file /home/airflow/.local/lib/python3.12/site-packages/airflow/example_dags/example_bash_decorator.py for tasks to queue
[2026-06-01T21:05:43.724+0000] {logging_mixin.py:188} INFO - [2026-06-01T21:05:43.724+0000] {dagbag.py:540} INFO - Filling up the DagBag from /home/airflow/.local/lib/python3.12/site-packages/airflow/example_dags/example_bash_decorator.py
[2026-06-01T21:05:43.737+0000] {processor.py:840} INFO - DAG(s) 'example_bash_decorator' retrieved from /home/airflow/.local/lib/python3.12/site-packages/airflow/example_dags/example_bash_decorator.py
[2026-06-01T21:05:43.759+0000] {logging_mixin.py:188} INFO - [2026-06-01T21:05:43.758+0000] {dag.py:3096} INFO - Sync 1 DAGs
[2026-06-01T21:05:43.770+0000] {logging_mixin.py:188} INFO - [2026-06-01T21:05:43.769+0000] {dag.py:3954} INFO - Setting next_dagrun for example_bash_decorator to None, run_after=None
[2026-06-01T21:05:43.787+0000] {processor.py:183} INFO - Processing /home/airflow/.local/lib/python3.12/site-packages/airflow/example_dags/example_bash_decorator.py took 0.072 seconds
[2026-06-01T21:06:13.909+0000] {processor.py:161} INFO - Started process (PID=20983) to work on /home/airflow/.local/lib/python3.12/site-packages/airflow/example_dags/example_bash_decorator.py
[2026-06-01T21:06:13.912+0000] {processor.py:830} INFO - Processing file /home/airflow/.local/lib/python3.12/site-packages/airflow/example_dags/example_bash_decorator.py for tasks to queue
[2026-06-01T21:06:13.915+0000] {logging_mixin.py:188} INFO - [2026-06-01T21:06:13.914+0000] {dagbag.py:540} INFO - Filling up the DagBag from /home/airflow/.local/lib/python3.12/site-packages/airflow/example_dags/example_bash_decorator.py
[2026-06-01T21:06:13.935+0000] {processor.py:840} INFO - DAG(s) 'example_bash_decorator' retrieved from /home/airflow/.local/lib/python3.12/site-packages/airflow/example_dags/example_bash_decorator.py
[2026-06-01T21:06:13.965+0000] {logging_mixin.py:188} INFO - [2026-06-01T21:06:13.965+0000] {dag.py:3096} INFO - Sync 1 DAGs
[2026-06-01T21:06:13.982+0000] {logging_mixin.py:188} INFO - [2026-06-01T21:06:13.982+0000] {dag.py:3954} INFO - Setting next_dagrun for example_bash_decorator to None, run_after=None
[2026-06-01T21:06:14.009+0000] {processor.py:183} INFO - Processing /home/airflow/.local/lib/python3.12/site-packages/airflow/example_dags/example_bash_decorator.py took 0.110 seconds
[2026-06-01T21:06:44.116+0000] {processor.py:161} INFO - Started process (PID=21042) to work on /home/airflow/.local/lib/python3.12/site-packages/airflow/example_dags/example_bash_decorator.py
[2026-06-01T21:06:44.117+0000] {processor.py:830} INFO - Processing file /home/airflow/.local/lib/python3.12/site-packages/airflow/example_dags/example_bash_decorator.py for tasks to queue
[2026-06-01T21:06:44.119+0000] {logging_mixin.py:188} INFO - [2026-06-01T21:06:44.119+0000] {dagbag.py:540} INFO - Filling up the DagBag from /home/airflow/.local/lib/python3.12/site-packages/airflow/example_dags/example_bash_decorator.py
[2026-06-01T21:06:44.133+0000] {processor.py:840} INFO - DAG(s) 'example_bash_decorator' retrieved from /home/airflow/.local/lib/python3.12/site-packages/airflow/example_dags/example_bash_decorator.py
[2026-06-01T21:06:44.154+0000] {logging_mixin.py:188} INFO - [2026-06-01T21:06:44.154+0000] {dag.py:3096} INFO - Sync 1 DAGs
[2026-06-01T21:06:44.165+0000] {logging_mixin.py:188} INFO - [2026-06-01T21:06:44.165+0000] {dag.py:3954} INFO - Setting next_dagrun for example_bash_decorator to None, run_after=None
[2026-06-01T21:06:44.185+0000] {processor.py:183} INFO - Processing /home/airflow/.local/lib/python3.12/site-packages/airflow/example_dags/example_bash_decorator.py took 0.077 seconds
[2026-06-01T21:07:14.553+0000] {processor.py:161} INFO - Started process (PID=21101) to work on /home/airflow/.local/lib/python3.12/site-packages/airflow/example_dags/example_bash_decorator.py
[2026-06-01T21:07:14.555+0000] {processor.py:830} INFO - Processing file /home/airflow/.local/lib/python3.12/site-packages/airflow/example_dags/example_bash_decorator.py for tasks to queue
[2026-06-01T21:07:14.557+0000] {logging_mixin.py:188} INFO - [2026-06-01T21:07:14.557+0000] {dagbag.py:540} INFO - Filling up the DagBag from /home/airflow/.local/lib/python3.12/site-packages/airflow/example_dags/example_bash_decorator.py
[2026-06-01T21:07:14.572+0000] {processor.py:840} INFO - DAG(s) 'example_bash_decorator' retrieved from /home/airflow/.local/lib/python3.12/site-packages/airflow/example_dags/example_bash_decorator.py
[2026-06-01T21:07:14.596+0000] {logging_mixin.py:188} INFO - [2026-06-01T21:07:14.596+0000] {dag.py:3096} INFO - Sync 1 DAGs
[2026-06-01T21:07:14.609+0000] {logging_mixin.py:188} INFO - [2026-06-01T21:07:14.609+0000] {dag.py:3954} INFO - Setting next_dagrun for example_bash_decorator to None, run_after=None
[2026-06-01T21:07:14.632+0000] {processor.py:183} INFO - Processing /home/airflow/.local/lib/python3.12/site-packages/airflow/example_dags/example_bash_decorator.py took 0.086 seconds
[2026-06-01T21:07:44.939+0000] {processor.py:161} INFO - Started process (PID=21160) to work on /home/airflow/.local/lib/python3.12/site-packages/airflow/example_dags/example_bash_decorator.py
[2026-06-01T21:07:44.940+0000] {processor.py:830} INFO - Processing file /home/airflow/.local/lib/python3.12/site-packages/airflow/example_dags/example_bash_decorator.py for tasks to queue
[2026-06-01T21:07:44.942+0000] {logging_mixin.py:188} INFO - [2026-06-01T21:07:44.942+0000] {dagbag.py:540} INFO - Filling up the DagBag from /home/airflow/.local/lib/python3.12/site-packages/airflow/example_dags/example_bash_decorator.py
[2026-06-01T21:07:44.960+0000] {processor.py:840} INFO - DAG(s) 'example_bash_decorator' retrieved from /home/airflow/.local/lib/python3.12/site-packages/airflow/example_dags/example_bash_decorator.py
[2026-06-01T21:07:44.984+0000] {logging_mixin.py:188} INFO - [2026-06-01T21:07:44.983+0000] {dag.py:3096} INFO - Sync 1 DAGs
[2026-06-01T21:07:44.996+0000] {logging_mixin.py:188} INFO - [2026-06-01T21:07:44.996+0000] {dag.py:3954} INFO - Setting next_dagrun for example_bash_decorator to None, run_after=None
[2026-06-01T21:07:45.017+0000] {processor.py:183} INFO - Processing /home/airflow/.local/lib/python3.12/site-packages/airflow/example_dags/example_bash_decorator.py took 0.084 seconds
[2026-06-01T21:08:15.104+0000] {processor.py:161} INFO - Started process (PID=21219) to work on /home/airflow/.local/lib/python3.12/site-packages/airflow/example_dags/example_bash_decorator.py
[2026-06-01T21:08:15.105+0000] {processor.py:830} INFO - Processing file /home/airflow/.local/lib/python3.12/site-packages/airflow/example_dags/example_bash_decorator.py for tasks to queue
[2026-06-01T21:08:15.107+0000] {logging_mixin.py:188} INFO - [2026-06-01T21:08:15.106+0000] {dagbag.py:540} INFO - Filling up the DagBag from /home/airflow/.local/lib/python3.12/site-packages/airflow/example_dags/example_bash_decorator.py
[2026-06-01T21:08:15.119+0000] {processor.py:840} INFO - DAG(s) 'example_bash_decorator' retrieved from /home/airflow/.local/lib/python3.12/site-packages/airflow/example_dags/example_bash_decorator.py
[2026-06-01T21:08:15.140+0000] {logging_mixin.py:188} INFO - [2026-06-01T21:08:15.139+0000] {dag.py:3096} INFO - Sync 1 DAGs
[2026-06-01T21:08:15.151+0000] {logging_mixin.py:188} INFO - [2026-06-01T21:08:15.151+0000] {dag.py:3954} INFO - Setting next_dagrun for example_bash_decorator to None, run_after=None
[2026-06-01T21:08:15.169+0000] {processor.py:183} INFO - Processing /home/airflow/.local/lib/python3.12/site-packages/airflow/example_dags/example_bash_decorator.py took 0.070 seconds
[2026-06-01T21:08:45.436+0000] {processor.py:161} INFO - Started process (PID=21278) to work on /home/airflow/.local/lib/python3.12/site-packages/airflow/example_dags/example_bash_decorator.py
[2026-06-01T21:08:45.437+0000] {processor.py:830} INFO - Processing file /home/airflow/.local/lib/python3.12/site-packages/airflow/example_dags/example_bash_decorator.py for tasks to queue
[2026-06-01T21:08:45.440+0000] {logging_mixin.py:188} INFO - [2026-06-01T21:08:45.440+0000] {dagbag.py:540} INFO - Filling up the DagBag from /home/airflow/.local/lib/python3.12/site-packages/airflow/example_dags/example_bash_decorator.py
[2026-06-01T21:08:45.453+0000] {processor.py:840} INFO - DAG(s) 'example_bash_decorator' retrieved from /home/airflow/.local/lib/python3.12/site-packages/airflow/example_dags/example_bash_decorator.py
[2026-06-01T21:08:45.475+0000] {logging_mixin.py:188} INFO - [2026-06-01T21:08:45.475+0000] {dag.py:3096} INFO - Sync 1 DAGs
[2026-06-01T21:08:45.486+0000] {logging_mixin.py:188} INFO - [2026-06-01T21:08:45.486+0000] {dag.py:3954} INFO - Setting next_dagrun for example_bash_decorator to None, run_after=None
[2026-06-01T21:08:45.505+0000] {processor.py:183} INFO - Processing /home/airflow/.local/lib/python3.12/site-packages/airflow/example_dags/example_bash_decorator.py took 0.075 seconds
[2026-06-01T21:09:15.598+0000] {processor.py:161} INFO - Started process (PID=21337) to work on /home/airflow/.local/lib/python3.12/site-packages/airflow/example_dags/example_bash_decorator.py
[2026-06-01T21:09:15.599+0000] {processor.py:830} INFO - Processing file /home/airflow/.local/lib/python3.12/site-packages/airflow/example_dags/example_bash_decorator.py for tasks to queue
[2026-06-01T21:09:15.601+0000] {logging_mixin.py:188} INFO - [2026-06-01T21:09:15.601+0000] {dagbag.py:540} INFO - Filling up the DagBag from /home/airflow/.local/lib/python3.12/site-packages/airflow/example_dags/example_bash_decorator.py
[2026-06-01T21:09:15.615+0000] {processor.py:840} INFO - DAG(s) 'example_bash_decorator' retrieved from /home/airflow/.local/lib/python3.12/site-packages/airflow/example_dags/example_bash_decorator.py
[2026-06-01T21:09:15.635+0000] {logging_mixin.py:188} INFO - [2026-06-01T21:09:15.635+0000] {dag.py:3096} INFO - Sync 1 DAGs
[2026-06-01T21:09:15.646+0000] {logging_mixin.py:188} INFO - [2026-06-01T21:09:15.646+0000] {dag.py:3954} INFO - Setting next_dagrun for example_bash_decorator to None, run_after=None
[2026-06-01T21:09:15.664+0000] {processor.py:183} INFO - Processing /home/airflow/.local/lib/python3.12/site-packages/airflow/example_dags/example_bash_decorator.py took 0.073 seconds
[2026-06-01T21:09:45.806+0000] {processor.py:161} INFO - Started process (PID=21396) to work on /home/airflow/.local/lib/python3.12/site-packages/airflow/example_dags/example_bash_decorator.py
[2026-06-01T21:09:45.808+0000] {processor.py:830} INFO - Processing file /home/airflow/.local/lib/python3.12/site-packages/airflow/example_dags/example_bash_decorator.py for tasks to queue
[2026-06-01T21:09:45.810+0000] {logging_mixin.py:188} INFO - [2026-06-01T21:09:45.809+0000] {dagbag.py:540} INFO - Filling up the DagBag from /home/airflow/.local/lib/python3.12/site-packages/airflow/example_dags/example_bash_decorator.py
[2026-06-01T21:09:45.823+0000] {processor.py:840} INFO - DAG(s) 'example_bash_decorator' retrieved from /home/airflow/.local/lib/python3.12/site-packages/airflow/example_dags/example_bash_decorator.py
[2026-06-01T21:09:45.845+0000] {logging_mixin.py:188} INFO - [2026-06-01T21:09:45.845+0000] {dag.py:3096} INFO - Sync 1 DAGs
[2026-06-01T21:09:45.856+0000] {logging_mixin.py:188} INFO - [2026-06-01T21:09:45.856+0000] {dag.py:3954} INFO - Setting next_dagrun for example_bash_decorator to None, run_after=None
[2026-06-01T21:09:45.874+0000] {processor.py:183} INFO - Processing /home/airflow/.local/lib/python3.12/site-packages/airflow/example_dags/example_bash_decorator.py took 0.073 seconds
[2026-06-01T21:10:16.749+0000] {processor.py:161} INFO - Started process (PID=21455) to work on /home/airflow/.local/lib/python3.12/site-packages/airflow/example_dags/example_bash_decorator.py
[2026-06-01T21:10:16.751+0000] {processor.py:830} INFO - Processing file /home/airflow/.local/lib/python3.12/site-packages/airflow/example_dags/example_bash_decorator.py for tasks to queue
[2026-06-01T21:10:16.753+0000] {logging_mixin.py:188} INFO - [2026-06-01T21:10:16.752+0000] {dagbag.py:540} INFO - Filling up the DagBag from /home/airflow/.local/lib/python3.12/site-packages/airflow/example_dags/example_bash_decorator.py
[2026-06-01T21:10:16.766+0000] {processor.py:840} INFO - DAG(s) 'example_bash_decorator' retrieved from /home/airflow/.local/lib/python3.12/site-packages/airflow/example_dags/example_bash_decorator.py
[2026-06-01T21:10:16.789+0000] {logging_mixin.py:188} INFO - [2026-06-01T21:10:16.788+0000] {dag.py:3096} INFO - Sync 1 DAGs
[2026-06-01T21:10:16.801+0000] {logging_mixin.py:188} INFO - [2026-06-01T21:10:16.801+0000] {dag.py:3954} INFO - Setting next_dagrun for example_bash_decorator to None, run_after=None
[2026-06-01T21:10:16.819+0000] {processor.py:183} INFO - Processing /home/airflow/.local/lib/python3.12/site-packages/airflow/example_dags/example_bash_decorator.py took 0.075 seconds
[2026-06-01T21:10:47.719+0000] {processor.py:161} INFO - Started process (PID=21514) to work on /home/airflow/.local/lib/python3.12/site-packages/airflow/example_dags/example_bash_decorator.py
[2026-06-01T21:10:47.720+0000] {processor.py:830} INFO - Processing file /home/airflow/.local/lib/python3.12/site-packages/airflow/example_dags/example_bash_decorator.py for tasks to queue
[2026-06-01T21:10:47.723+0000] {logging_mixin.py:188} INFO - [2026-06-01T21:10:47.722+0000] {dagbag.py:540} INFO - Filling up the DagBag from /home/airflow/.local/lib/python3.12/site-packages/airflow/example_dags/example_bash_decorator.py
[2026-06-01T21:10:47.738+0000] {processor.py:840} INFO - DAG(s) 'example_bash_decorator' retrieved from /home/airflow/.local/lib/python3.12/site-packages/airflow/example_dags/example_bash_decorator.py
[2026-06-01T21:10:47.762+0000] {logging_mixin.py:188} INFO - [2026-06-01T21:10:47.762+0000] {dag.py:3096} INFO - Sync 1 DAGs
[2026-06-01T21:10:47.773+0000] {logging_mixin.py:188} INFO - [2026-06-01T21:10:47.773+0000] {dag.py:3954} INFO - Setting next_dagrun for example_bash_decorator to None, run_after=None
[2026-06-01T21:10:47.794+0000] {processor.py:183} INFO - Processing /home/airflow/.local/lib/python3.12/site-packages/airflow/example_dags/example_bash_decorator.py took 0.083 seconds
[2026-06-01T21:11:17.856+0000] {processor.py:161} INFO - Started process (PID=21573) to work on /home/airflow/.local/lib/python3.12/site-packages/airflow/example_dags/example_bash_decorator.py
[2026-06-01T21:11:17.858+0000] {processor.py:830} INFO - Processing file /home/airflow/.local/lib/python3.12/site-packages/airflow/example_dags/example_bash_decorator.py for tasks to queue
[2026-06-01T21:11:17.860+0000] {logging_mixin.py:188} INFO - [2026-06-01T21:11:17.859+0000] {dagbag.py:540} INFO - Filling up the DagBag from /home/airflow/.local/lib/python3.12/site-packages/airflow/example_dags/example_bash_decorator.py
[2026-06-01T21:11:17.872+0000] {processor.py:840} INFO - DAG(s) 'example_bash_decorator' retrieved from /home/airflow/.local/lib/python3.12/site-packages/airflow/example_dags/example_bash_decorator.py
[2026-06-01T21:11:17.897+0000] {logging_mixin.py:188} INFO - [2026-06-01T21:11:17.896+0000] {dag.py:3096} INFO - Sync 1 DAGs
[2026-06-01T21:11:17.909+0000] {logging_mixin.py:188} INFO - [2026-06-01T21:11:17.908+0000] {dag.py:3954} INFO - Setting next_dagrun for example_bash_decorator to None, run_after=None
[2026-06-01T21:11:17.930+0000] {processor.py:183} INFO - Processing /home/airflow/.local/lib/python3.12/site-packages/airflow/example_dags/example_bash_decorator.py took 0.080 seconds
[2026-06-01T21:11:48.246+0000] {processor.py:161} INFO - Started process (PID=21632) to work on /home/airflow/.local/lib/python3.12/site-packages/airflow/example_dags/example_bash_decorator.py
[2026-06-01T21:11:48.247+0000] {processor.py:830} INFO - Processing file /home/airflow/.local/lib/python3.12/site-packages/airflow/example_dags/example_bash_decorator.py for tasks to queue
[2026-06-01T21:11:48.249+0000] {logging_mixin.py:188} INFO - [2026-06-01T21:11:48.249+0000] {dagbag.py:540} INFO - Filling up the DagBag from /home/airflow/.local/lib/python3.12/site-packages/airflow/example_dags/example_bash_decorator.py
[2026-06-01T21:11:48.262+0000] {processor.py:840} INFO - DAG(s) 'example_bash_decorator' retrieved from /home/airflow/.local/lib/python3.12/site-packages/airflow/example_dags/example_bash_decorator.py
[2026-06-01T21:11:48.282+0000] {logging_mixin.py:188} INFO - [2026-06-01T21:11:48.282+0000] {dag.py:3096} INFO - Sync 1 DAGs
[2026-06-01T21:11:48.294+0000] {logging_mixin.py:188} INFO - [2026-06-01T21:11:48.294+0000] {dag.py:3954} INFO - Setting next_dagrun for example_bash_decorator to None, run_after=None
[2026-06-01T21:11:48.315+0000] {processor.py:183} INFO - Processing /home/airflow/.local/lib/python3.12/site-packages/airflow/example_dags/example_bash_decorator.py took 0.075 seconds
[2026-06-01T21:12:18.526+0000] {processor.py:161} INFO - Started process (PID=21691) to work on /home/airflow/.local/lib/python3.12/site-packages/airflow/example_dags/example_bash_decorator.py
[2026-06-01T21:12:18.527+0000] {processor.py:830} INFO - Processing file /home/airflow/.local/lib/python3.12/site-packages/airflow/example_dags/example_bash_decorator.py for tasks to queue
[2026-06-01T21:12:18.530+0000] {logging_mixin.py:188} INFO - [2026-06-01T21:12:18.529+0000] {dagbag.py:540} INFO - Filling up the DagBag from /home/airflow/.local/lib/python3.12/site-packages/airflow/example_dags/example_bash_decorator.py
[2026-06-01T21:12:18.549+0000] {processor.py:840} INFO - DAG(s) 'example_bash_decorator' retrieved from /home/airflow/.local/lib/python3.12/site-packages/airflow/example_dags/example_bash_decorator.py
[2026-06-01T21:12:18.580+0000] {logging_mixin.py:188} INFO - [2026-06-01T21:12:18.579+0000] {dag.py:3096} INFO - Sync 1 DAGs
[2026-06-01T21:12:18.592+0000] {logging_mixin.py:188} INFO - [2026-06-01T21:12:18.592+0000] {dag.py:3954} INFO - Setting next_dagrun for example_bash_decorator to None, run_after=None
[2026-06-01T21:12:18.612+0000] {processor.py:183} INFO - Processing /home/airflow/.local/lib/python3.12/site-packages/airflow/example_dags/example_bash_decorator.py took 0.092 seconds
[2026-06-01T21:12:48.715+0000] {processor.py:161} INFO - Started process (PID=21750) to work on /home/airflow/.local/lib/python3.12/site-packages/airflow/example_dags/example_bash_decorator.py
[2026-06-01T21:12:48.716+0000] {processor.py:830} INFO - Processing file /home/airflow/.local/lib/python3.12/site-packages/airflow/example_dags/example_bash_decorator.py for tasks to queue
[2026-06-01T21:12:48.718+0000] {logging_mixin.py:188} INFO - [2026-06-01T21:12:48.718+0000] {dagbag.py:540} INFO - Filling up the DagBag from /home/airflow/.local/lib/python3.12/site-packages/airflow/example_dags/example_bash_decorator.py
[2026-06-01T21:12:48.732+0000] {processor.py:840} INFO - DAG(s) 'example_bash_decorator' retrieved from /home/airflow/.local/lib/python3.12/site-packages/airflow/example_dags/example_bash_decorator.py
[2026-06-01T21:12:48.755+0000] {logging_mixin.py:188} INFO - [2026-06-01T21:12:48.754+0000] {dag.py:3096} INFO - Sync 1 DAGs
[2026-06-01T21:12:48.766+0000] {logging_mixin.py:188} INFO - [2026-06-01T21:12:48.766+0000] {dag.py:3954} INFO - Setting next_dagrun for example_bash_decorator to None, run_after=None
[2026-06-01T21:12:48.786+0000] {processor.py:183} INFO - Processing /home/airflow/.local/lib/python3.12/site-packages/airflow/example_dags/example_bash_decorator.py took 0.078 seconds
[2026-06-01T21:13:19.256+0000] {processor.py:161} INFO - Started process (PID=21809) to work on /home/airflow/.local/lib/python3.12/site-packages/airflow/example_dags/example_bash_decorator.py
[2026-06-01T21:13:19.258+0000] {processor.py:830} INFO - Processing file /home/airflow/.local/lib/python3.12/site-packages/airflow/example_dags/example_bash_decorator.py for tasks to queue
[2026-06-01T21:13:19.260+0000] {logging_mixin.py:188} INFO - [2026-06-01T21:13:19.260+0000] {dagbag.py:540} INFO - Filling up the DagBag from /home/airflow/.local/lib/python3.12/site-packages/airflow/example_dags/example_bash_decorator.py
[2026-06-01T21:13:19.276+0000] {processor.py:840} INFO - DAG(s) 'example_bash_decorator' retrieved from /home/airflow/.local/lib/python3.12/site-packages/airflow/example_dags/example_bash_decorator.py
[2026-06-01T21:13:19.310+0000] {logging_mixin.py:188} INFO - [2026-06-01T21:13:19.309+0000] {dag.py:3096} INFO - Sync 1 DAGs
[2026-06-01T21:13:19.333+0000] {logging_mixin.py:188} INFO - [2026-06-01T21:13:19.332+0000] {dag.py:3954} INFO - Setting next_dagrun for example_bash_decorator to None, run_after=None
[2026-06-01T21:13:19.356+0000] {processor.py:183} INFO - Processing /home/airflow/.local/lib/python3.12/site-packages/airflow/example_dags/example_bash_decorator.py took 0.106 seconds
[2026-06-01T21:13:50.353+0000] {processor.py:161} INFO - Started process (PID=21868) to work on /home/airflow/.local/lib/python3.12/site-packages/airflow/example_dags/example_bash_decorator.py
[2026-06-01T21:13:50.354+0000] {processor.py:830} INFO - Processing file /home/airflow/.local/lib/python3.12/site-packages/airflow/example_dags/example_bash_decorator.py for tasks to queue
[2026-06-01T21:13:50.355+0000] {logging_mixin.py:188} INFO - [2026-06-01T21:13:50.355+0000] {dagbag.py:540} INFO - Filling up the DagBag from /home/airflow/.local/lib/python3.12/site-packages/airflow/example_dags/example_bash_decorator.py
[2026-06-01T21:13:50.369+0000] {processor.py:840} INFO - DAG(s) 'example_bash_decorator' retrieved from /home/airflow/.local/lib/python3.12/site-packages/airflow/example_dags/example_bash_decorator.py
[2026-06-01T21:13:50.389+0000] {logging_mixin.py:188} INFO - [2026-06-01T21:13:50.388+0000] {dag.py:3096} INFO - Sync 1 DAGs
[2026-06-01T21:13:50.400+0000] {logging_mixin.py:188} INFO - [2026-06-01T21:13:50.400+0000] {dag.py:3954} INFO - Setting next_dagrun for example_bash_decorator to None, run_after=None
[2026-06-01T21:13:50.420+0000] {processor.py:183} INFO - Processing /home/airflow/.local/lib/python3.12/site-packages/airflow/example_dags/example_bash_decorator.py took 0.073 seconds
[2026-06-01T21:14:20.474+0000] {processor.py:161} INFO - Started process (PID=21926) to work on /home/airflow/.local/lib/python3.12/site-packages/airflow/example_dags/example_bash_decorator.py
[2026-06-01T21:14:20.475+0000] {processor.py:830} INFO - Processing file /home/airflow/.local/lib/python3.12/site-packages/airflow/example_dags/example_bash_decorator.py for tasks to queue
[2026-06-01T21:14:20.477+0000] {logging_mixin.py:188} INFO - [2026-06-01T21:14:20.477+0000] {dagbag.py:540} INFO - Filling up the DagBag from /home/airflow/.local/lib/python3.12/site-packages/airflow/example_dags/example_bash_decorator.py
[2026-06-01T21:14:20.489+0000] {processor.py:840} INFO - DAG(s) 'example_bash_decorator' retrieved from /home/airflow/.local/lib/python3.12/site-packages/airflow/example_dags/example_bash_decorator.py
[2026-06-01T21:14:20.510+0000] {logging_mixin.py:188} INFO - [2026-06-01T21:14:20.510+0000] {dag.py:3096} INFO - Sync 1 DAGs
[2026-06-01T21:14:20.521+0000] {logging_mixin.py:188} INFO - [2026-06-01T21:14:20.521+0000] {dag.py:3954} INFO - Setting next_dagrun for example_bash_decorator to None, run_after=None
[2026-06-01T21:14:20.539+0000] {processor.py:183} INFO - Processing /home/airflow/.local/lib/python3.12/site-packages/airflow/example_dags/example_bash_decorator.py took 0.070 seconds
[2026-06-01T21:14:50.644+0000] {processor.py:161} INFO - Started process (PID=21986) to work on /home/airflow/.local/lib/python3.12/site-packages/airflow/example_dags/example_bash_decorator.py
[2026-06-01T21:14:50.645+0000] {processor.py:830} INFO - Processing file /home/airflow/.local/lib/python3.12/site-packages/airflow/example_dags/example_bash_decorator.py for tasks to queue
[2026-06-01T21:14:50.647+0000] {logging_mixin.py:188} INFO - [2026-06-01T21:14:50.647+0000] {dagbag.py:540} INFO - Filling up the DagBag from /home/airflow/.local/lib/python3.12/site-packages/airflow/example_dags/example_bash_decorator.py
[2026-06-01T21:14:50.660+0000] {processor.py:840} INFO - DAG(s) 'example_bash_decorator' retrieved from /home/airflow/.local/lib/python3.12/site-packages/airflow/example_dags/example_bash_decorator.py
[2026-06-01T21:14:50.680+0000] {logging_mixin.py:188} INFO - [2026-06-01T21:14:50.680+0000] {dag.py:3096} INFO - Sync 1 DAGs
[2026-06-01T21:14:50.691+0000] {logging_mixin.py:188} INFO - [2026-06-01T21:14:50.690+0000] {dag.py:3954} INFO - Setting next_dagrun for example_bash_decorator to None, run_after=None
[2026-06-01T21:14:50.707+0000] {processor.py:183} INFO - Processing /home/airflow/.local/lib/python3.12/site-packages/airflow/example_dags/example_bash_decorator.py took 0.070 seconds
[2026-06-01T21:15:20.753+0000] {processor.py:161} INFO - Started process (PID=22046) to work on /home/airflow/.local/lib/python3.12/site-packages/airflow/example_dags/example_bash_decorator.py
[2026-06-01T21:15:20.754+0000] {processor.py:830} INFO - Processing file /home/airflow/.local/lib/python3.12/site-packages/airflow/example_dags/example_bash_decorator.py for tasks to queue
[2026-06-01T21:15:20.756+0000] {logging_mixin.py:188} INFO - [2026-06-01T21:15:20.756+0000] {dagbag.py:540} INFO - Filling up the DagBag from /home/airflow/.local/lib/python3.12/site-packages/airflow/example_dags/example_bash_decorator.py
[2026-06-01T21:15:20.768+0000] {processor.py:840} INFO - DAG(s) 'example_bash_decorator' retrieved from /home/airflow/.local/lib/python3.12/site-packages/airflow/example_dags/example_bash_decorator.py
[2026-06-01T21:15:20.788+0000] {logging_mixin.py:188} INFO - [2026-06-01T21:15:20.788+0000] {dag.py:3096} INFO - Sync 1 DAGs
[2026-06-01T21:15:20.800+0000] {logging_mixin.py:188} INFO - [2026-06-01T21:15:20.799+0000] {dag.py:3954} INFO - Setting next_dagrun for example_bash_decorator to None, run_after=None
[2026-06-01T21:15:20.819+0000] {processor.py:183} INFO - Processing /home/airflow/.local/lib/python3.12/site-packages/airflow/example_dags/example_bash_decorator.py took 0.072 seconds
[2026-06-01T21:15:50.969+0000] {processor.py:161} INFO - Started process (PID=22105) to work on /home/airflow/.local/lib/python3.12/site-packages/airflow/example_dags/example_bash_decorator.py
[2026-06-01T21:15:50.970+0000] {processor.py:830} INFO - Processing file /home/airflow/.local/lib/python3.12/site-packages/airflow/example_dags/example_bash_decorator.py for tasks to queue
[2026-06-01T21:15:50.972+0000] {logging_mixin.py:188} INFO - [2026-06-01T21:15:50.971+0000] {dagbag.py:540} INFO - Filling up the DagBag from /home/airflow/.local/lib/python3.12/site-packages/airflow/example_dags/example_bash_decorator.py
[2026-06-01T21:15:50.984+0000] {processor.py:840} INFO - DAG(s) 'example_bash_decorator' retrieved from /home/airflow/.local/lib/python3.12/site-packages/airflow/example_dags/example_bash_decorator.py
[2026-06-01T21:15:51.002+0000] {logging_mixin.py:188} INFO - [2026-06-01T21:15:51.002+0000] {dag.py:3096} INFO - Sync 1 DAGs
[2026-06-01T21:15:51.012+0000] {logging_mixin.py:188} INFO - [2026-06-01T21:15:51.011+0000] {dag.py:3954} INFO - Setting next_dagrun for example_bash_decorator to None, run_after=None
[2026-06-01T21:15:51.026+0000] {processor.py:183} INFO - Processing /home/airflow/.local/lib/python3.12/site-packages/airflow/example_dags/example_bash_decorator.py took 0.063 seconds
[2026-06-01T21:16:21.153+0000] {processor.py:161} INFO - Started process (PID=22164) to work on /home/airflow/.local/lib/python3.12/site-packages/airflow/example_dags/example_bash_decorator.py
[2026-06-01T21:16:21.155+0000] {processor.py:830} INFO - Processing file /home/airflow/.local/lib/python3.12/site-packages/airflow/example_dags/example_bash_decorator.py for tasks to queue
[2026-06-01T21:16:21.157+0000] {logging_mixin.py:188} INFO - [2026-06-01T21:16:21.156+0000] {dagbag.py:540} INFO - Filling up the DagBag from /home/airflow/.local/lib/python3.12/site-packages/airflow/example_dags/example_bash_decorator.py
[2026-06-01T21:16:21.170+0000] {processor.py:840} INFO - DAG(s) 'example_bash_decorator' retrieved from /home/airflow/.local/lib/python3.12/site-packages/airflow/example_dags/example_bash_decorator.py
[2026-06-01T21:16:21.191+0000] {logging_mixin.py:188} INFO - [2026-06-01T21:16:21.191+0000] {dag.py:3096} INFO - Sync 1 DAGs
[2026-06-01T21:16:21.204+0000] {logging_mixin.py:188} INFO - [2026-06-01T21:16:21.203+0000] {dag.py:3954} INFO - Setting next_dagrun for example_bash_decorator to None, run_after=None
[2026-06-01T21:16:21.222+0000] {processor.py:183} INFO - Processing /home/airflow/.local/lib/python3.12/site-packages/airflow/example_dags/example_bash_decorator.py took 0.074 seconds
[2026-06-01T21:16:51.367+0000] {processor.py:161} INFO - Started process (PID=22223) to work on /home/airflow/.local/lib/python3.12/site-packages/airflow/example_dags/example_bash_decorator.py
[2026-06-01T21:16:51.368+0000] {processor.py:830} INFO - Processing file /home/airflow/.local/lib/python3.12/site-packages/airflow/example_dags/example_bash_decorator.py for tasks to queue
[2026-06-01T21:16:51.370+0000] {logging_mixin.py:188} INFO - [2026-06-01T21:16:51.369+0000] {dagbag.py:540} INFO - Filling up the DagBag from /home/airflow/.local/lib/python3.12/site-packages/airflow/example_dags/example_bash_decorator.py
[2026-06-01T21:16:51.384+0000] {processor.py:840} INFO - DAG(s) 'example_bash_decorator' retrieved from /home/airflow/.local/lib/python3.12/site-packages/airflow/example_dags/example_bash_decorator.py
[2026-06-01T21:16:51.408+0000] {logging_mixin.py:188} INFO - [2026-06-01T21:16:51.408+0000] {dag.py:3096} INFO - Sync 1 DAGs
[2026-06-01T21:16:51.422+0000] {logging_mixin.py:188} INFO - [2026-06-01T21:16:51.422+0000] {dag.py:3954} INFO - Setting next_dagrun for example_bash_decorator to None, run_after=None
[2026-06-01T21:16:51.444+0000] {processor.py:183} INFO - Processing /home/airflow/.local/lib/python3.12/site-packages/airflow/example_dags/example_bash_decorator.py took 0.083 seconds
[2026-06-01T21:17:21.704+0000] {processor.py:161} INFO - Started process (PID=22282) to work on /home/airflow/.local/lib/python3.12/site-packages/airflow/example_dags/example_bash_decorator.py
[2026-06-01T21:17:21.705+0000] {processor.py:830} INFO - Processing file /home/airflow/.local/lib/python3.12/site-packages/airflow/example_dags/example_bash_decorator.py for tasks to queue
[2026-06-01T21:17:21.708+0000] {logging_mixin.py:188} INFO - [2026-06-01T21:17:21.707+0000] {dagbag.py:540} INFO - Filling up the DagBag from /home/airflow/.local/lib/python3.12/site-packages/airflow/example_dags/example_bash_decorator.py
[2026-06-01T21:17:21.722+0000] {processor.py:840} INFO - DAG(s) 'example_bash_decorator' retrieved from /home/airflow/.local/lib/python3.12/site-packages/airflow/example_dags/example_bash_decorator.py
[2026-06-01T21:17:21.746+0000] {logging_mixin.py:188} INFO - [2026-06-01T21:17:21.745+0000] {dag.py:3096} INFO - Sync 1 DAGs
[2026-06-01T21:17:21.756+0000] {logging_mixin.py:188} INFO - [2026-06-01T21:17:21.756+0000] {dag.py:3954} INFO - Setting next_dagrun for example_bash_decorator to None, run_after=None
[2026-06-01T21:17:21.774+0000] {processor.py:183} INFO - Processing /home/airflow/.local/lib/python3.12/site-packages/airflow/example_dags/example_bash_decorator.py took 0.076 seconds
[2026-06-01T21:17:51.891+0000] {processor.py:161} INFO - Started process (PID=22341) to work on /home/airflow/.local/lib/python3.12/site-packages/airflow/example_dags/example_bash_decorator.py
[2026-06-01T21:17:51.892+0000] {processor.py:830} INFO - Processing file /home/airflow/.local/lib/python3.12/site-packages/airflow/example_dags/example_bash_decorator.py for tasks to queue
[2026-06-01T21:17:51.894+0000] {logging_mixin.py:188} INFO - [2026-06-01T21:17:51.894+0000] {dagbag.py:540} INFO - Filling up the DagBag from /home/airflow/.local/lib/python3.12/site-packages/airflow/example_dags/example_bash_decorator.py
[2026-06-01T21:17:51.907+0000] {processor.py:840} INFO - DAG(s) 'example_bash_decorator' retrieved from /home/airflow/.local/lib/python3.12/site-packages/airflow/example_dags/example_bash_decorator.py
[2026-06-01T21:17:51.934+0000] {logging_mixin.py:188} INFO - [2026-06-01T21:17:51.933+0000] {dag.py:3096} INFO - Sync 1 DAGs
[2026-06-01T21:17:51.946+0000] {logging_mixin.py:188} INFO - [2026-06-01T21:17:51.946+0000] {dag.py:3954} INFO - Setting next_dagrun for example_bash_decorator to None, run_after=None
[2026-06-01T21:17:51.964+0000] {processor.py:183} INFO - Processing /home/airflow/.local/lib/python3.12/site-packages/airflow/example_dags/example_bash_decorator.py took 0.078 seconds
[2026-06-01T21:18:22.080+0000] {processor.py:161} INFO - Started process (PID=22400) to work on /home/airflow/.local/lib/python3.12/site-packages/airflow/example_dags/example_bash_decorator.py
[2026-06-01T21:18:22.082+0000] {processor.py:830} INFO - Processing file /home/airflow/.local/lib/python3.12/site-packages/airflow/example_dags/example_bash_decorator.py for tasks to queue
[2026-06-01T21:18:22.084+0000] {logging_mixin.py:188} INFO - [2026-06-01T21:18:22.083+0000] {dagbag.py:540} INFO - Filling up the DagBag from /home/airflow/.local/lib/python3.12/site-packages/airflow/example_dags/example_bash_decorator.py
[2026-06-01T21:18:22.096+0000] {processor.py:840} INFO - DAG(s) 'example_bash_decorator' retrieved from /home/airflow/.local/lib/python3.12/site-packages/airflow/example_dags/example_bash_decorator.py
[2026-06-01T21:18:22.117+0000] {logging_mixin.py:188} INFO - [2026-06-01T21:18:22.117+0000] {dag.py:3096} INFO - Sync 1 DAGs
[2026-06-01T21:18:22.129+0000] {logging_mixin.py:188} INFO - [2026-06-01T21:18:22.128+0000] {dag.py:3954} INFO - Setting next_dagrun for example_bash_decorator to None, run_after=None
[2026-06-01T21:18:22.146+0000] {processor.py:183} INFO - Processing /home/airflow/.local/lib/python3.12/site-packages/airflow/example_dags/example_bash_decorator.py took 0.072 seconds
[2026-06-01T21:18:52.382+0000] {processor.py:161} INFO - Started process (PID=22460) to work on /home/airflow/.local/lib/python3.12/site-packages/airflow/example_dags/example_bash_decorator.py
[2026-06-01T21:18:52.384+0000] {processor.py:830} INFO - Processing file /home/airflow/.local/lib/python3.12/site-packages/airflow/example_dags/example_bash_decorator.py for tasks to queue
[2026-06-01T21:18:52.386+0000] {logging_mixin.py:188} INFO - [2026-06-01T21:18:52.385+0000] {dagbag.py:540} INFO - Filling up the DagBag from /home/airflow/.local/lib/python3.12/site-packages/airflow/example_dags/example_bash_decorator.py
[2026-06-01T21:18:52.397+0000] {processor.py:840} INFO - DAG(s) 'example_bash_decorator' retrieved from /home/airflow/.local/lib/python3.12/site-packages/airflow/example_dags/example_bash_decorator.py
[2026-06-01T21:18:52.415+0000] {logging_mixin.py:188} INFO - [2026-06-01T21:18:52.415+0000] {dag.py:3096} INFO - Sync 1 DAGs
[2026-06-01T21:18:52.426+0000] {logging_mixin.py:188} INFO - [2026-06-01T21:18:52.426+0000] {dag.py:3954} INFO - Setting next_dagrun for example_bash_decorator to None, run_after=None
[2026-06-01T21:18:52.445+0000] {processor.py:183} INFO - Processing /home/airflow/.local/lib/python3.12/site-packages/airflow/example_dags/example_bash_decorator.py took 0.069 seconds
[2026-06-01T21:19:22.611+0000] {processor.py:161} INFO - Started process (PID=22519) to work on /home/airflow/.local/lib/python3.12/site-packages/airflow/example_dags/example_bash_decorator.py
[2026-06-01T21:19:22.612+0000] {processor.py:830} INFO - Processing file /home/airflow/.local/lib/python3.12/site-packages/airflow/example_dags/example_bash_decorator.py for tasks to queue
[2026-06-01T21:19:22.614+0000] {logging_mixin.py:188} INFO - [2026-06-01T21:19:22.614+0000] {dagbag.py:540} INFO - Filling up the DagBag from /home/airflow/.local/lib/python3.12/site-packages/airflow/example_dags/example_bash_decorator.py
[2026-06-01T21:19:22.626+0000] {processor.py:840} INFO - DAG(s) 'example_bash_decorator' retrieved from /home/airflow/.local/lib/python3.12/site-packages/airflow/example_dags/example_bash_decorator.py
[2026-06-01T21:19:22.651+0000] {logging_mixin.py:188} INFO - [2026-06-01T21:19:22.650+0000] {dag.py:3096} INFO - Sync 1 DAGs
[2026-06-01T21:19:22.667+0000] {logging_mixin.py:188} INFO - [2026-06-01T21:19:22.666+0000] {dag.py:3954} INFO - Setting next_dagrun for example_bash_decorator to None, run_after=None
[2026-06-01T21:19:22.687+0000] {processor.py:183} INFO - Processing /home/airflow/.local/lib/python3.12/site-packages/airflow/example_dags/example_bash_decorator.py took 0.082 seconds
[2026-06-01T21:19:52.980+0000] {processor.py:161} INFO - Started process (PID=22578) to work on /home/airflow/.local/lib/python3.12/site-packages/airflow/example_dags/example_bash_decorator.py
[2026-06-01T21:19:52.982+0000] {processor.py:830} INFO - Processing file /home/airflow/.local/lib/python3.12/site-packages/airflow/example_dags/example_bash_decorator.py for tasks to queue
[2026-06-01T21:19:52.984+0000] {logging_mixin.py:188} INFO - [2026-06-01T21:19:52.983+0000] {dagbag.py:540} INFO - Filling up the DagBag from /home/airflow/.local/lib/python3.12/site-packages/airflow/example_dags/example_bash_decorator.py
[2026-06-01T21:19:52.996+0000] {processor.py:840} INFO - DAG(s) 'example_bash_decorator' retrieved from /home/airflow/.local/lib/python3.12/site-packages/airflow/example_dags/example_bash_decorator.py
[2026-06-01T21:19:53.016+0000] {logging_mixin.py:188} INFO - [2026-06-01T21:19:53.016+0000] {dag.py:3096} INFO - Sync 1 DAGs
[2026-06-01T21:19:53.027+0000] {logging_mixin.py:188} INFO - [2026-06-01T21:19:53.027+0000] {dag.py:3954} INFO - Setting next_dagrun for example_bash_decorator to None, run_after=None
[2026-06-01T21:19:53.045+0000] {processor.py:183} INFO - Processing /home/airflow/.local/lib/python3.12/site-packages/airflow/example_dags/example_bash_decorator.py took 0.071 seconds
[2026-06-01T21:20:23.177+0000] {processor.py:161} INFO - Started process (PID=22637) to work on /home/airflow/.local/lib/python3.12/site-packages/airflow/example_dags/example_bash_decorator.py
[2026-06-01T21:20:23.178+0000] {processor.py:830} INFO - Processing file /home/airflow/.local/lib/python3.12/site-packages/airflow/example_dags/example_bash_decorator.py for tasks to queue
[2026-06-01T21:20:23.180+0000] {logging_mixin.py:188} INFO - [2026-06-01T21:20:23.180+0000] {dagbag.py:540} INFO - Filling up the DagBag from /home/airflow/.local/lib/python3.12/site-packages/airflow/example_dags/example_bash_decorator.py
[2026-06-01T21:20:23.193+0000] {processor.py:840} INFO - DAG(s) 'example_bash_decorator' retrieved from /home/airflow/.local/lib/python3.12/site-packages/airflow/example_dags/example_bash_decorator.py
[2026-06-01T21:20:23.212+0000] {logging_mixin.py:188} INFO - [2026-06-01T21:20:23.212+0000] {dag.py:3096} INFO - Sync 1 DAGs
[2026-06-01T21:20:23.224+0000] {logging_mixin.py:188} INFO - [2026-06-01T21:20:23.224+0000] {dag.py:3954} INFO - Setting next_dagrun for example_bash_decorator to None, run_after=None
[2026-06-01T21:20:23.241+0000] {processor.py:183} INFO - Processing /home/airflow/.local/lib/python3.12/site-packages/airflow/example_dags/example_bash_decorator.py took 0.070 seconds
[2026-06-01T21:20:53.572+0000] {processor.py:161} INFO - Started process (PID=22696) to work on /home/airflow/.local/lib/python3.12/site-packages/airflow/example_dags/example_bash_decorator.py
[2026-06-01T21:20:53.573+0000] {processor.py:830} INFO - Processing file /home/airflow/.local/lib/python3.12/site-packages/airflow/example_dags/example_bash_decorator.py for tasks to queue
[2026-06-01T21:20:53.576+0000] {logging_mixin.py:188} INFO - [2026-06-01T21:20:53.575+0000] {dagbag.py:540} INFO - Filling up the DagBag from /home/airflow/.local/lib/python3.12/site-packages/airflow/example_dags/example_bash_decorator.py
[2026-06-01T21:20:53.588+0000] {processor.py:840} INFO - DAG(s) 'example_bash_decorator' retrieved from /home/airflow/.local/lib/python3.12/site-packages/airflow/example_dags/example_bash_decorator.py
[2026-06-01T21:20:53.617+0000] {logging_mixin.py:188} INFO - [2026-06-01T21:20:53.617+0000] {dag.py:3096} INFO - Sync 1 DAGs
[2026-06-01T21:20:53.632+0000] {logging_mixin.py:188} INFO - [2026-06-01T21:20:53.631+0000] {dag.py:3954} INFO - Setting next_dagrun for example_bash_decorator to None, run_after=None
[2026-06-01T21:20:53.649+0000] {processor.py:183} INFO - Processing /home/airflow/.local/lib/python3.12/site-packages/airflow/example_dags/example_bash_decorator.py took 0.083 seconds
[2026-06-01T21:21:23.762+0000] {processor.py:161} INFO - Started process (PID=22755) to work on /home/airflow/.local/lib/python3.12/site-packages/airflow/example_dags/example_bash_decorator.py
[2026-06-01T21:21:23.763+0000] {processor.py:830} INFO - Processing file /home/airflow/.local/lib/python3.12/site-packages/airflow/example_dags/example_bash_decorator.py for tasks to queue
[2026-06-01T21:21:23.766+0000] {logging_mixin.py:188} INFO - [2026-06-01T21:21:23.765+0000] {dagbag.py:540} INFO - Filling up the DagBag from /home/airflow/.local/lib/python3.12/site-packages/airflow/example_dags/example_bash_decorator.py
[2026-06-01T21:21:23.778+0000] {processor.py:840} INFO - DAG(s) 'example_bash_decorator' retrieved from /home/airflow/.local/lib/python3.12/site-packages/airflow/example_dags/example_bash_decorator.py
[2026-06-01T21:21:23.803+0000] {logging_mixin.py:188} INFO - [2026-06-01T21:21:23.803+0000] {dag.py:3096} INFO - Sync 1 DAGs
[2026-06-01T21:21:23.816+0000] {logging_mixin.py:188} INFO - [2026-06-01T21:21:23.816+0000] {dag.py:3954} INFO - Setting next_dagrun for example_bash_decorator to None, run_after=None
[2026-06-01T21:21:23.839+0000] {processor.py:183} INFO - Processing /home/airflow/.local/lib/python3.12/site-packages/airflow/example_dags/example_bash_decorator.py took 0.082 seconds
[2026-06-01T21:21:54.099+0000] {processor.py:161} INFO - Started process (PID=22814) to work on /home/airflow/.local/lib/python3.12/site-packages/airflow/example_dags/example_bash_decorator.py
[2026-06-01T21:21:54.100+0000] {processor.py:830} INFO - Processing file /home/airflow/.local/lib/python3.12/site-packages/airflow/example_dags/example_bash_decorator.py for tasks to queue
[2026-06-01T21:21:54.102+0000] {logging_mixin.py:188} INFO - [2026-06-01T21:21:54.101+0000] {dagbag.py:540} INFO - Filling up the DagBag from /home/airflow/.local/lib/python3.12/site-packages/airflow/example_dags/example_bash_decorator.py
[2026-06-01T21:21:54.117+0000] {processor.py:840} INFO - DAG(s) 'example_bash_decorator' retrieved from /home/airflow/.local/lib/python3.12/site-packages/airflow/example_dags/example_bash_decorator.py
[2026-06-01T21:21:54.138+0000] {logging_mixin.py:188} INFO - [2026-06-01T21:21:54.137+0000] {dag.py:3096} INFO - Sync 1 DAGs
[2026-06-01T21:21:54.150+0000] {logging_mixin.py:188} INFO - [2026-06-01T21:21:54.149+0000] {dag.py:3954} INFO - Setting next_dagrun for example_bash_decorator to None, run_after=None
[2026-06-01T21:21:54.168+0000] {processor.py:183} INFO - Processing /home/airflow/.local/lib/python3.12/site-packages/airflow/example_dags/example_bash_decorator.py took 0.075 seconds
[2026-06-01T21:22:24.363+0000] {processor.py:161} INFO - Started process (PID=22873) to work on /home/airflow/.local/lib/python3.12/site-packages/airflow/example_dags/example_bash_decorator.py
[2026-06-01T21:22:24.364+0000] {processor.py:830} INFO - Processing file /home/airflow/.local/lib/python3.12/site-packages/airflow/example_dags/example_bash_decorator.py for tasks to queue
[2026-06-01T21:22:24.366+0000] {logging_mixin.py:188} INFO - [2026-06-01T21:22:24.365+0000] {dagbag.py:540} INFO - Filling up the DagBag from /home/airflow/.local/lib/python3.12/site-packages/airflow/example_dags/example_bash_decorator.py
[2026-06-01T21:22:24.378+0000] {processor.py:840} INFO - DAG(s) 'example_bash_decorator' retrieved from /home/airflow/.local/lib/python3.12/site-packages/airflow/example_dags/example_bash_decorator.py
[2026-06-01T21:22:24.400+0000] {logging_mixin.py:188} INFO - [2026-06-01T21:22:24.400+0000] {dag.py:3096} INFO - Sync 1 DAGs
[2026-06-01T21:22:24.412+0000] {logging_mixin.py:188} INFO - [2026-06-01T21:22:24.412+0000] {dag.py:3954} INFO - Setting next_dagrun for example_bash_decorator to None, run_after=None
[2026-06-01T21:22:24.428+0000] {processor.py:183} INFO - Processing /home/airflow/.local/lib/python3.12/site-packages/airflow/example_dags/example_bash_decorator.py took 0.072 seconds
[2026-06-01T21:22:55.189+0000] {processor.py:161} INFO - Started process (PID=22930) to work on /home/airflow/.local/lib/python3.12/site-packages/airflow/example_dags/example_bash_decorator.py
[2026-06-01T21:22:55.190+0000] {processor.py:830} INFO - Processing file /home/airflow/.local/lib/python3.12/site-packages/airflow/example_dags/example_bash_decorator.py for tasks to queue
[2026-06-01T21:22:55.191+0000] {logging_mixin.py:188} INFO - [2026-06-01T21:22:55.191+0000] {dagbag.py:540} INFO - Filling up the DagBag from /home/airflow/.local/lib/python3.12/site-packages/airflow/example_dags/example_bash_decorator.py
[2026-06-01T21:22:55.204+0000] {processor.py:840} INFO - DAG(s) 'example_bash_decorator' retrieved from /home/airflow/.local/lib/python3.12/site-packages/airflow/example_dags/example_bash_decorator.py
[2026-06-01T21:22:55.224+0000] {logging_mixin.py:188} INFO - [2026-06-01T21:22:55.224+0000] {dag.py:3096} INFO - Sync 1 DAGs
[2026-06-01T21:22:55.235+0000] {logging_mixin.py:188} INFO - [2026-06-01T21:22:55.235+0000] {dag.py:3954} INFO - Setting next_dagrun for example_bash_decorator to None, run_after=None
[2026-06-01T21:22:55.255+0000] {processor.py:183} INFO - Processing /home/airflow/.local/lib/python3.12/site-packages/airflow/example_dags/example_bash_decorator.py took 0.071 seconds
[2026-06-01T21:23:25.611+0000] {processor.py:161} INFO - Started process (PID=22989) to work on /home/airflow/.local/lib/python3.12/site-packages/airflow/example_dags/example_bash_decorator.py
[2026-06-01T21:23:25.612+0000] {processor.py:830} INFO - Processing file /home/airflow/.local/lib/python3.12/site-packages/airflow/example_dags/example_bash_decorator.py for tasks to queue
[2026-06-01T21:23:25.614+0000] {logging_mixin.py:188} INFO - [2026-06-01T21:23:25.614+0000] {dagbag.py:540} INFO - Filling up the DagBag from /home/airflow/.local/lib/python3.12/site-packages/airflow/example_dags/example_bash_decorator.py
[2026-06-01T21:23:25.626+0000] {processor.py:840} INFO - DAG(s) 'example_bash_decorator' retrieved from /home/airflow/.local/lib/python3.12/site-packages/airflow/example_dags/example_bash_decorator.py
[2026-06-01T21:23:25.646+0000] {logging_mixin.py:188} INFO - [2026-06-01T21:23:25.646+0000] {dag.py:3096} INFO - Sync 1 DAGs
[2026-06-01T21:23:25.656+0000] {logging_mixin.py:188} INFO - [2026-06-01T21:23:25.656+0000] {dag.py:3954} INFO - Setting next_dagrun for example_bash_decorator to None, run_after=None
[2026-06-01T21:23:25.674+0000] {processor.py:183} INFO - Processing /home/airflow/.local/lib/python3.12/site-packages/airflow/example_dags/example_bash_decorator.py took 0.069 seconds
[2026-06-01T21:23:55.848+0000] {processor.py:161} INFO - Started process (PID=23048) to work on /home/airflow/.local/lib/python3.12/site-packages/airflow/example_dags/example_bash_decorator.py
[2026-06-01T21:23:55.849+0000] {processor.py:830} INFO - Processing file /home/airflow/.local/lib/python3.12/site-packages/airflow/example_dags/example_bash_decorator.py for tasks to queue
[2026-06-01T21:23:55.852+0000] {logging_mixin.py:188} INFO - [2026-06-01T21:23:55.851+0000] {dagbag.py:540} INFO - Filling up the DagBag from /home/airflow/.local/lib/python3.12/site-packages/airflow/example_dags/example_bash_decorator.py
[2026-06-01T21:23:55.865+0000] {processor.py:840} INFO - DAG(s) 'example_bash_decorator' retrieved from /home/airflow/.local/lib/python3.12/site-packages/airflow/example_dags/example_bash_decorator.py
[2026-06-01T21:23:55.890+0000] {logging_mixin.py:188} INFO - [2026-06-01T21:23:55.890+0000] {dag.py:3096} INFO - Sync 1 DAGs
[2026-06-01T21:23:55.903+0000] {logging_mixin.py:188} INFO - [2026-06-01T21:23:55.903+0000] {dag.py:3954} INFO - Setting next_dagrun for example_bash_decorator to None, run_after=None
[2026-06-01T21:23:55.925+0000] {processor.py:183} INFO - Processing /home/airflow/.local/lib/python3.12/site-packages/airflow/example_dags/example_bash_decorator.py took 0.083 seconds
[2026-06-01T21:24:26.114+0000] {processor.py:161} INFO - Started process (PID=23106) to work on /home/airflow/.local/lib/python3.12/site-packages/airflow/example_dags/example_bash_decorator.py
[2026-06-01T21:24:26.115+0000] {processor.py:830} INFO - Processing file /home/airflow/.local/lib/python3.12/site-packages/airflow/example_dags/example_bash_decorator.py for tasks to queue
[2026-06-01T21:24:26.118+0000] {logging_mixin.py:188} INFO - [2026-06-01T21:24:26.117+0000] {dagbag.py:540} INFO - Filling up the DagBag from /home/airflow/.local/lib/python3.12/site-packages/airflow/example_dags/example_bash_decorator.py
[2026-06-01T21:24:26.137+0000] {processor.py:840} INFO - DAG(s) 'example_bash_decorator' retrieved from /home/airflow/.local/lib/python3.12/site-packages/airflow/example_dags/example_bash_decorator.py
[2026-06-01T21:24:26.161+0000] {logging_mixin.py:188} INFO - [2026-06-01T21:24:26.161+0000] {dag.py:3096} INFO - Sync 1 DAGs
[2026-06-01T21:24:26.174+0000] {logging_mixin.py:188} INFO - [2026-06-01T21:24:26.173+0000] {dag.py:3954} INFO - Setting next_dagrun for example_bash_decorator to None, run_after=None
[2026-06-01T21:24:26.190+0000] {processor.py:183} INFO - Processing /home/airflow/.local/lib/python3.12/site-packages/airflow/example_dags/example_bash_decorator.py took 0.085 seconds
[2026-06-01T21:24:56.366+0000] {processor.py:161} INFO - Started process (PID=23165) to work on /home/airflow/.local/lib/python3.12/site-packages/airflow/example_dags/example_bash_decorator.py
[2026-06-01T21:24:56.367+0000] {processor.py:830} INFO - Processing file /home/airflow/.local/lib/python3.12/site-packages/airflow/example_dags/example_bash_decorator.py for tasks to queue
[2026-06-01T21:24:56.369+0000] {logging_mixin.py:188} INFO - [2026-06-01T21:24:56.369+0000] {dagbag.py:540} INFO - Filling up the DagBag from /home/airflow/.local/lib/python3.12/site-packages/airflow/example_dags/example_bash_decorator.py
[2026-06-01T21:24:56.382+0000] {processor.py:840} INFO - DAG(s) 'example_bash_decorator' retrieved from /home/airflow/.local/lib/python3.12/site-packages/airflow/example_dags/example_bash_decorator.py
[2026-06-01T21:24:56.404+0000] {logging_mixin.py:188} INFO - [2026-06-01T21:24:56.404+0000] {dag.py:3096} INFO - Sync 1 DAGs
[2026-06-01T21:24:56.417+0000] {logging_mixin.py:188} INFO - [2026-06-01T21:24:56.417+0000] {dag.py:3954} INFO - Setting next_dagrun for example_bash_decorator to None, run_after=None
[2026-06-01T21:24:56.434+0000] {processor.py:183} INFO - Processing /home/airflow/.local/lib/python3.12/site-packages/airflow/example_dags/example_bash_decorator.py took 0.074 seconds
[2026-06-01T21:25:26.496+0000] {processor.py:161} INFO - Started process (PID=23224) to work on /home/airflow/.local/lib/python3.12/site-packages/airflow/example_dags/example_bash_decorator.py
[2026-06-01T21:25:26.497+0000] {processor.py:830} INFO - Processing file /home/airflow/.local/lib/python3.12/site-packages/airflow/example_dags/example_bash_decorator.py for tasks to queue
[2026-06-01T21:25:26.500+0000] {logging_mixin.py:188} INFO - [2026-06-01T21:25:26.499+0000] {dagbag.py:540} INFO - Filling up the DagBag from /home/airflow/.local/lib/python3.12/site-packages/airflow/example_dags/example_bash_decorator.py
[2026-06-01T21:25:26.511+0000] {processor.py:840} INFO - DAG(s) 'example_bash_decorator' retrieved from /home/airflow/.local/lib/python3.12/site-packages/airflow/example_dags/example_bash_decorator.py
[2026-06-01T21:25:26.532+0000] {logging_mixin.py:188} INFO - [2026-06-01T21:25:26.532+0000] {dag.py:3096} INFO - Sync 1 DAGs
[2026-06-01T21:25:26.543+0000] {logging_mixin.py:188} INFO - [2026-06-01T21:25:26.543+0000] {dag.py:3954} INFO - Setting next_dagrun for example_bash_decorator to None, run_after=None
[2026-06-01T21:25:26.560+0000] {processor.py:183} INFO - Processing /home/airflow/.local/lib/python3.12/site-packages/airflow/example_dags/example_bash_decorator.py took 0.069 seconds
[2026-06-01T21:25:56.810+0000] {processor.py:161} INFO - Started process (PID=23284) to work on /home/airflow/.local/lib/python3.12/site-packages/airflow/example_dags/example_bash_decorator.py
[2026-06-01T21:25:56.811+0000] {processor.py:830} INFO - Processing file /home/airflow/.local/lib/python3.12/site-packages/airflow/example_dags/example_bash_decorator.py for tasks to queue
[2026-06-01T21:25:56.813+0000] {logging_mixin.py:188} INFO - [2026-06-01T21:25:56.812+0000] {dagbag.py:540} INFO - Filling up the DagBag from /home/airflow/.local/lib/python3.12/site-packages/airflow/example_dags/example_bash_decorator.py
[2026-06-01T21:25:56.825+0000] {processor.py:840} INFO - DAG(s) 'example_bash_decorator' retrieved from /home/airflow/.local/lib/python3.12/site-packages/airflow/example_dags/example_bash_decorator.py
[2026-06-01T21:25:56.845+0000] {logging_mixin.py:188} INFO - [2026-06-01T21:25:56.845+0000] {dag.py:3096} INFO - Sync 1 DAGs
[2026-06-01T21:25:56.856+0000] {logging_mixin.py:188} INFO - [2026-06-01T21:25:56.856+0000] {dag.py:3954} INFO - Setting next_dagrun for example_bash_decorator to None, run_after=None
[2026-06-01T21:25:56.873+0000] {processor.py:183} INFO - Processing /home/airflow/.local/lib/python3.12/site-packages/airflow/example_dags/example_bash_decorator.py took 0.068 seconds
[2026-06-01T21:26:27.497+0000] {processor.py:161} INFO - Started process (PID=23343) to work on /home/airflow/.local/lib/python3.12/site-packages/airflow/example_dags/example_bash_decorator.py
[2026-06-01T21:26:27.498+0000] {processor.py:830} INFO - Processing file /home/airflow/.local/lib/python3.12/site-packages/airflow/example_dags/example_bash_decorator.py for tasks to queue
[2026-06-01T21:26:27.500+0000] {logging_mixin.py:188} INFO - [2026-06-01T21:26:27.499+0000] {dagbag.py:540} INFO - Filling up the DagBag from /home/airflow/.local/lib/python3.12/site-packages/airflow/example_dags/example_bash_decorator.py
[2026-06-01T21:26:27.512+0000] {processor.py:840} INFO - DAG(s) 'example_bash_decorator' retrieved from /home/airflow/.local/lib/python3.12/site-packages/airflow/example_dags/example_bash_decorator.py
[2026-06-01T21:26:27.530+0000] {logging_mixin.py:188} INFO - [2026-06-01T21:26:27.530+0000] {dag.py:3096} INFO - Sync 1 DAGs
[2026-06-01T21:26:27.541+0000] {logging_mixin.py:188} INFO - [2026-06-01T21:26:27.540+0000] {dag.py:3954} INFO - Setting next_dagrun for example_bash_decorator to None, run_after=None
[2026-06-01T21:26:27.558+0000] {processor.py:183} INFO - Processing /home/airflow/.local/lib/python3.12/site-packages/airflow/example_dags/example_bash_decorator.py took 0.066 seconds
[2026-06-01T21:26:57.876+0000] {processor.py:161} INFO - Started process (PID=23402) to work on /home/airflow/.local/lib/python3.12/site-packages/airflow/example_dags/example_bash_decorator.py
[2026-06-01T21:26:57.877+0000] {processor.py:830} INFO - Processing file /home/airflow/.local/lib/python3.12/site-packages/airflow/example_dags/example_bash_decorator.py for tasks to queue
[2026-06-01T21:26:57.878+0000] {logging_mixin.py:188} INFO - [2026-06-01T21:26:57.878+0000] {dagbag.py:540} INFO - Filling up the DagBag from /home/airflow/.local/lib/python3.12/site-packages/airflow/example_dags/example_bash_decorator.py
[2026-06-01T21:26:57.889+0000] {processor.py:840} INFO - DAG(s) 'example_bash_decorator' retrieved from /home/airflow/.local/lib/python3.12/site-packages/airflow/example_dags/example_bash_decorator.py
[2026-06-01T21:26:57.912+0000] {logging_mixin.py:188} INFO - [2026-06-01T21:26:57.912+0000] {dag.py:3096} INFO - Sync 1 DAGs
[2026-06-01T21:26:57.923+0000] {logging_mixin.py:188} INFO - [2026-06-01T21:26:57.923+0000] {dag.py:3954} INFO - Setting next_dagrun for example_bash_decorator to None, run_after=None
[2026-06-01T21:26:57.941+0000] {processor.py:183} INFO - Processing /home/airflow/.local/lib/python3.12/site-packages/airflow/example_dags/example_bash_decorator.py took 0.070 seconds
[2026-06-01T21:27:28.066+0000] {processor.py:161} INFO - Started process (PID=23461) to work on /home/airflow/.local/lib/python3.12/site-packages/airflow/example_dags/example_bash_decorator.py
[2026-06-01T21:27:28.067+0000] {processor.py:830} INFO - Processing file /home/airflow/.local/lib/python3.12/site-packages/airflow/example_dags/example_bash_decorator.py for tasks to queue
[2026-06-01T21:27:28.070+0000] {logging_mixin.py:188} INFO - [2026-06-01T21:27:28.069+0000] {dagbag.py:540} INFO - Filling up the DagBag from /home/airflow/.local/lib/python3.12/site-packages/airflow/example_dags/example_bash_decorator.py
[2026-06-01T21:27:28.083+0000] {processor.py:840} INFO - DAG(s) 'example_bash_decorator' retrieved from /home/airflow/.local/lib/python3.12/site-packages/airflow/example_dags/example_bash_decorator.py
[2026-06-01T21:27:28.103+0000] {logging_mixin.py:188} INFO - [2026-06-01T21:27:28.103+0000] {dag.py:3096} INFO - Sync 1 DAGs
[2026-06-01T21:27:28.113+0000] {logging_mixin.py:188} INFO - [2026-06-01T21:27:28.113+0000] {dag.py:3954} INFO - Setting next_dagrun for example_bash_decorator to None, run_after=None
[2026-06-01T21:27:28.131+0000] {processor.py:183} INFO - Processing /home/airflow/.local/lib/python3.12/site-packages/airflow/example_dags/example_bash_decorator.py took 0.071 seconds
[2026-06-01T21:27:58.237+0000] {processor.py:161} INFO - Started process (PID=23520) to work on /home/airflow/.local/lib/python3.12/site-packages/airflow/example_dags/example_bash_decorator.py
[2026-06-01T21:27:58.238+0000] {processor.py:830} INFO - Processing file /home/airflow/.local/lib/python3.12/site-packages/airflow/example_dags/example_bash_decorator.py for tasks to queue
[2026-06-01T21:27:58.240+0000] {logging_mixin.py:188} INFO - [2026-06-01T21:27:58.239+0000] {dagbag.py:540} INFO - Filling up the DagBag from /home/airflow/.local/lib/python3.12/site-packages/airflow/example_dags/example_bash_decorator.py
[2026-06-01T21:27:58.253+0000] {processor.py:840} INFO - DAG(s) 'example_bash_decorator' retrieved from /home/airflow/.local/lib/python3.12/site-packages/airflow/example_dags/example_bash_decorator.py
[2026-06-01T21:27:58.275+0000] {logging_mixin.py:188} INFO - [2026-06-01T21:27:58.275+0000] {dag.py:3096} INFO - Sync 1 DAGs
[2026-06-01T21:27:58.286+0000] {logging_mixin.py:188} INFO - [2026-06-01T21:27:58.286+0000] {dag.py:3954} INFO - Setting next_dagrun for example_bash_decorator to None, run_after=None
[2026-06-01T21:27:58.305+0000] {processor.py:183} INFO - Processing /home/airflow/.local/lib/python3.12/site-packages/airflow/example_dags/example_bash_decorator.py took 0.075 seconds
[2026-06-01T21:28:28.475+0000] {processor.py:161} INFO - Started process (PID=23579) to work on /home/airflow/.local/lib/python3.12/site-packages/airflow/example_dags/example_bash_decorator.py
[2026-06-01T21:28:28.476+0000] {processor.py:830} INFO - Processing file /home/airflow/.local/lib/python3.12/site-packages/airflow/example_dags/example_bash_decorator.py for tasks to queue
[2026-06-01T21:28:28.478+0000] {logging_mixin.py:188} INFO - [2026-06-01T21:28:28.478+0000] {dagbag.py:540} INFO - Filling up the DagBag from /home/airflow/.local/lib/python3.12/site-packages/airflow/example_dags/example_bash_decorator.py
[2026-06-01T21:28:28.491+0000] {processor.py:840} INFO - DAG(s) 'example_bash_decorator' retrieved from /home/airflow/.local/lib/python3.12/site-packages/airflow/example_dags/example_bash_decorator.py
[2026-06-01T21:28:28.510+0000] {logging_mixin.py:188} INFO - [2026-06-01T21:28:28.510+0000] {dag.py:3096} INFO - Sync 1 DAGs
[2026-06-01T21:28:28.521+0000] {logging_mixin.py:188} INFO - [2026-06-01T21:28:28.521+0000] {dag.py:3954} INFO - Setting next_dagrun for example_bash_decorator to None, run_after=None
[2026-06-01T21:28:28.538+0000] {processor.py:183} INFO - Processing /home/airflow/.local/lib/python3.12/site-packages/airflow/example_dags/example_bash_decorator.py took 0.067 seconds
[2026-06-01T21:28:58.742+0000] {processor.py:161} INFO - Started process (PID=23638) to work on /home/airflow/.local/lib/python3.12/site-packages/airflow/example_dags/example_bash_decorator.py
[2026-06-01T21:28:58.743+0000] {processor.py:830} INFO - Processing file /home/airflow/.local/lib/python3.12/site-packages/airflow/example_dags/example_bash_decorator.py for tasks to queue
[2026-06-01T21:28:58.745+0000] {logging_mixin.py:188} INFO - [2026-06-01T21:28:58.745+0000] {dagbag.py:540} INFO - Filling up the DagBag from /home/airflow/.local/lib/python3.12/site-packages/airflow/example_dags/example_bash_decorator.py
[2026-06-01T21:28:58.758+0000] {processor.py:840} INFO - DAG(s) 'example_bash_decorator' retrieved from /home/airflow/.local/lib/python3.12/site-packages/airflow/example_dags/example_bash_decorator.py
[2026-06-01T21:28:58.781+0000] {logging_mixin.py:188} INFO - [2026-06-01T21:28:58.781+0000] {dag.py:3096} INFO - Sync 1 DAGs
[2026-06-01T21:28:58.793+0000] {logging_mixin.py:188} INFO - [2026-06-01T21:28:58.793+0000] {dag.py:3954} INFO - Setting next_dagrun for example_bash_decorator to None, run_after=None
[2026-06-01T21:28:58.814+0000] {processor.py:183} INFO - Processing /home/airflow/.local/lib/python3.12/site-packages/airflow/example_dags/example_bash_decorator.py took 0.078 seconds
[2026-06-01T21:29:29.204+0000] {processor.py:161} INFO - Started process (PID=23697) to work on /home/airflow/.local/lib/python3.12/site-packages/airflow/example_dags/example_bash_decorator.py
[2026-06-01T21:29:29.205+0000] {processor.py:830} INFO - Processing file /home/airflow/.local/lib/python3.12/site-packages/airflow/example_dags/example_bash_decorator.py for tasks to queue
[2026-06-01T21:29:29.207+0000] {logging_mixin.py:188} INFO - [2026-06-01T21:29:29.206+0000] {dagbag.py:540} INFO - Filling up the DagBag from /home/airflow/.local/lib/python3.12/site-packages/airflow/example_dags/example_bash_decorator.py
[2026-06-01T21:29:29.219+0000] {processor.py:840} INFO - DAG(s) 'example_bash_decorator' retrieved from /home/airflow/.local/lib/python3.12/site-packages/airflow/example_dags/example_bash_decorator.py
[2026-06-01T21:29:29.241+0000] {logging_mixin.py:188} INFO - [2026-06-01T21:29:29.241+0000] {dag.py:3096} INFO - Sync 1 DAGs
[2026-06-01T21:29:29.252+0000] {logging_mixin.py:188} INFO - [2026-06-01T21:29:29.252+0000] {dag.py:3954} INFO - Setting next_dagrun for example_bash_decorator to None, run_after=None
[2026-06-01T21:29:29.271+0000] {processor.py:183} INFO - Processing /home/airflow/.local/lib/python3.12/site-packages/airflow/example_dags/example_bash_decorator.py took 0.073 seconds
[2026-06-01T21:29:59.568+0000] {processor.py:161} INFO - Started process (PID=23756) to work on /home/airflow/.local/lib/python3.12/site-packages/airflow/example_dags/example_bash_decorator.py
[2026-06-01T21:29:59.569+0000] {processor.py:830} INFO - Processing file /home/airflow/.local/lib/python3.12/site-packages/airflow/example_dags/example_bash_decorator.py for tasks to queue
[2026-06-01T21:29:59.572+0000] {logging_mixin.py:188} INFO - [2026-06-01T21:29:59.572+0000] {dagbag.py:540} INFO - Filling up the DagBag from /home/airflow/.local/lib/python3.12/site-packages/airflow/example_dags/example_bash_decorator.py
[2026-06-01T21:29:59.585+0000] {processor.py:840} INFO - DAG(s) 'example_bash_decorator' retrieved from /home/airflow/.local/lib/python3.12/site-packages/airflow/example_dags/example_bash_decorator.py
[2026-06-01T21:29:59.608+0000] {logging_mixin.py:188} INFO - [2026-06-01T21:29:59.607+0000] {dag.py:3096} INFO - Sync 1 DAGs
[2026-06-01T21:29:59.619+0000] {logging_mixin.py:188} INFO - [2026-06-01T21:29:59.619+0000] {dag.py:3954} INFO - Setting next_dagrun for example_bash_decorator to None, run_after=None
[2026-06-01T21:29:59.638+0000] {processor.py:183} INFO - Processing /home/airflow/.local/lib/python3.12/site-packages/airflow/example_dags/example_bash_decorator.py took 0.076 seconds
[2026-06-01T21:30:29.989+0000] {processor.py:161} INFO - Started process (PID=23821) to work on /home/airflow/.local/lib/python3.12/site-packages/airflow/example_dags/example_bash_decorator.py
[2026-06-01T21:30:29.991+0000] {processor.py:830} INFO - Processing file /home/airflow/.local/lib/python3.12/site-packages/airflow/example_dags/example_bash_decorator.py for tasks to queue
[2026-06-01T21:30:29.993+0000] {logging_mixin.py:188} INFO - [2026-06-01T21:30:29.992+0000] {dagbag.py:540} INFO - Filling up the DagBag from /home/airflow/.local/lib/python3.12/site-packages/airflow/example_dags/example_bash_decorator.py
[2026-06-01T21:30:30.004+0000] {processor.py:840} INFO - DAG(s) 'example_bash_decorator' retrieved from /home/airflow/.local/lib/python3.12/site-packages/airflow/example_dags/example_bash_decorator.py
[2026-06-01T21:30:30.024+0000] {logging_mixin.py:188} INFO - [2026-06-01T21:30:30.024+0000] {dag.py:3096} INFO - Sync 1 DAGs
[2026-06-01T21:30:30.037+0000] {logging_mixin.py:188} INFO - [2026-06-01T21:30:30.037+0000] {dag.py:3954} INFO - Setting next_dagrun for example_bash_decorator to None, run_after=None
[2026-06-01T21:30:30.053+0000] {processor.py:183} INFO - Processing /home/airflow/.local/lib/python3.12/site-packages/airflow/example_dags/example_bash_decorator.py took 0.069 seconds
[2026-06-01T21:31:00.992+0000] {processor.py:161} INFO - Started process (PID=23880) to work on /home/airflow/.local/lib/python3.12/site-packages/airflow/example_dags/example_bash_decorator.py
[2026-06-01T21:31:00.993+0000] {processor.py:830} INFO - Processing file /home/airflow/.local/lib/python3.12/site-packages/airflow/example_dags/example_bash_decorator.py for tasks to queue
[2026-06-01T21:31:00.995+0000] {logging_mixin.py:188} INFO - [2026-06-01T21:31:00.994+0000] {dagbag.py:540} INFO - Filling up the DagBag from /home/airflow/.local/lib/python3.12/site-packages/airflow/example_dags/example_bash_decorator.py
[2026-06-01T21:31:01.008+0000] {processor.py:840} INFO - DAG(s) 'example_bash_decorator' retrieved from /home/airflow/.local/lib/python3.12/site-packages/airflow/example_dags/example_bash_decorator.py
[2026-06-01T21:31:01.030+0000] {logging_mixin.py:188} INFO - [2026-06-01T21:31:01.029+0000] {dag.py:3096} INFO - Sync 1 DAGs
[2026-06-01T21:31:01.041+0000] {logging_mixin.py:188} INFO - [2026-06-01T21:31:01.041+0000] {dag.py:3954} INFO - Setting next_dagrun for example_bash_decorator to None, run_after=None
[2026-06-01T21:31:01.068+0000] {processor.py:183} INFO - Processing /home/airflow/.local/lib/python3.12/site-packages/airflow/example_dags/example_bash_decorator.py took 0.082 seconds
[2026-06-01T21:31:31.479+0000] {processor.py:161} INFO - Started process (PID=23939) to work on /home/airflow/.local/lib/python3.12/site-packages/airflow/example_dags/example_bash_decorator.py
[2026-06-01T21:31:31.480+0000] {processor.py:830} INFO - Processing file /home/airflow/.local/lib/python3.12/site-packages/airflow/example_dags/example_bash_decorator.py for tasks to queue
[2026-06-01T21:31:31.482+0000] {logging_mixin.py:188} INFO - [2026-06-01T21:31:31.482+0000] {dagbag.py:540} INFO - Filling up the DagBag from /home/airflow/.local/lib/python3.12/site-packages/airflow/example_dags/example_bash_decorator.py
[2026-06-01T21:31:31.493+0000] {processor.py:840} INFO - DAG(s) 'example_bash_decorator' retrieved from /home/airflow/.local/lib/python3.12/site-packages/airflow/example_dags/example_bash_decorator.py
[2026-06-01T21:31:31.515+0000] {logging_mixin.py:188} INFO - [2026-06-01T21:31:31.515+0000] {dag.py:3096} INFO - Sync 1 DAGs
[2026-06-01T21:31:31.527+0000] {logging_mixin.py:188} INFO - [2026-06-01T21:31:31.526+0000] {dag.py:3954} INFO - Setting next_dagrun for example_bash_decorator to None, run_after=None
[2026-06-01T21:31:31.544+0000] {processor.py:183} INFO - Processing /home/airflow/.local/lib/python3.12/site-packages/airflow/example_dags/example_bash_decorator.py took 0.070 seconds
[2026-06-01T21:32:01.697+0000] {processor.py:161} INFO - Started process (PID=23998) to work on /home/airflow/.local/lib/python3.12/site-packages/airflow/example_dags/example_bash_decorator.py
[2026-06-01T21:32:01.698+0000] {processor.py:830} INFO - Processing file /home/airflow/.local/lib/python3.12/site-packages/airflow/example_dags/example_bash_decorator.py for tasks to queue
[2026-06-01T21:32:01.700+0000] {logging_mixin.py:188} INFO - [2026-06-01T21:32:01.700+0000] {dagbag.py:540} INFO - Filling up the DagBag from /home/airflow/.local/lib/python3.12/site-packages/airflow/example_dags/example_bash_decorator.py
[2026-06-01T21:32:01.713+0000] {processor.py:840} INFO - DAG(s) 'example_bash_decorator' retrieved from /home/airflow/.local/lib/python3.12/site-packages/airflow/example_dags/example_bash_decorator.py
[2026-06-01T21:32:01.733+0000] {logging_mixin.py:188} INFO - [2026-06-01T21:32:01.733+0000] {dag.py:3096} INFO - Sync 1 DAGs
[2026-06-01T21:32:01.744+0000] {logging_mixin.py:188} INFO - [2026-06-01T21:32:01.744+0000] {dag.py:3954} INFO - Setting next_dagrun for example_bash_decorator to None, run_after=None
[2026-06-01T21:32:01.760+0000] {processor.py:183} INFO - Processing /home/airflow/.local/lib/python3.12/site-packages/airflow/example_dags/example_bash_decorator.py took 0.069 seconds
[2026-06-01T21:32:32.336+0000] {processor.py:161} INFO - Started process (PID=24057) to work on /home/airflow/.local/lib/python3.12/site-packages/airflow/example_dags/example_bash_decorator.py
[2026-06-01T21:32:32.337+0000] {processor.py:830} INFO - Processing file /home/airflow/.local/lib/python3.12/site-packages/airflow/example_dags/example_bash_decorator.py for tasks to queue
[2026-06-01T21:32:32.339+0000] {logging_mixin.py:188} INFO - [2026-06-01T21:32:32.339+0000] {dagbag.py:540} INFO - Filling up the DagBag from /home/airflow/.local/lib/python3.12/site-packages/airflow/example_dags/example_bash_decorator.py
[2026-06-01T21:32:32.353+0000] {processor.py:840} INFO - DAG(s) 'example_bash_decorator' retrieved from /home/airflow/.local/lib/python3.12/site-packages/airflow/example_dags/example_bash_decorator.py
[2026-06-01T21:32:32.375+0000] {logging_mixin.py:188} INFO - [2026-06-01T21:32:32.375+0000] {dag.py:3096} INFO - Sync 1 DAGs
[2026-06-01T21:32:32.386+0000] {logging_mixin.py:188} INFO - [2026-06-01T21:32:32.386+0000] {dag.py:3954} INFO - Setting next_dagrun for example_bash_decorator to None, run_after=None
[2026-06-01T21:32:32.404+0000] {processor.py:183} INFO - Processing /home/airflow/.local/lib/python3.12/site-packages/airflow/example_dags/example_bash_decorator.py took 0.075 seconds
[2026-06-01T21:33:03.168+0000] {processor.py:161} INFO - Started process (PID=24116) to work on /home/airflow/.local/lib/python3.12/site-packages/airflow/example_dags/example_bash_decorator.py
[2026-06-01T21:33:03.169+0000] {processor.py:830} INFO - Processing file /home/airflow/.local/lib/python3.12/site-packages/airflow/example_dags/example_bash_decorator.py for tasks to queue
[2026-06-01T21:33:03.171+0000] {logging_mixin.py:188} INFO - [2026-06-01T21:33:03.170+0000] {dagbag.py:540} INFO - Filling up the DagBag from /home/airflow/.local/lib/python3.12/site-packages/airflow/example_dags/example_bash_decorator.py
[2026-06-01T21:33:03.182+0000] {processor.py:840} INFO - DAG(s) 'example_bash_decorator' retrieved from /home/airflow/.local/lib/python3.12/site-packages/airflow/example_dags/example_bash_decorator.py
[2026-06-01T21:33:03.201+0000] {logging_mixin.py:188} INFO - [2026-06-01T21:33:03.201+0000] {dag.py:3096} INFO - Sync 1 DAGs
[2026-06-01T21:33:03.210+0000] {logging_mixin.py:188} INFO - [2026-06-01T21:33:03.210+0000] {dag.py:3954} INFO - Setting next_dagrun for example_bash_decorator to None, run_after=None
[2026-06-01T21:33:03.229+0000] {processor.py:183} INFO - Processing /home/airflow/.local/lib/python3.12/site-packages/airflow/example_dags/example_bash_decorator.py took 0.068 seconds
[2026-06-01T21:33:33.860+0000] {processor.py:161} INFO - Started process (PID=24175) to work on /home/airflow/.local/lib/python3.12/site-packages/airflow/example_dags/example_bash_decorator.py
[2026-06-01T21:33:33.861+0000] {processor.py:830} INFO - Processing file /home/airflow/.local/lib/python3.12/site-packages/airflow/example_dags/example_bash_decorator.py for tasks to queue
[2026-06-01T21:33:33.863+0000] {logging_mixin.py:188} INFO - [2026-06-01T21:33:33.863+0000] {dagbag.py:540} INFO - Filling up the DagBag from /home/airflow/.local/lib/python3.12/site-packages/airflow/example_dags/example_bash_decorator.py
[2026-06-01T21:33:33.876+0000] {processor.py:840} INFO - DAG(s) 'example_bash_decorator' retrieved from /home/airflow/.local/lib/python3.12/site-packages/airflow/example_dags/example_bash_decorator.py
[2026-06-01T21:33:33.897+0000] {logging_mixin.py:188} INFO - [2026-06-01T21:33:33.897+0000] {dag.py:3096} INFO - Sync 1 DAGs
[2026-06-01T21:33:33.908+0000] {logging_mixin.py:188} INFO - [2026-06-01T21:33:33.907+0000] {dag.py:3954} INFO - Setting next_dagrun for example_bash_decorator to None, run_after=None
[2026-06-01T21:33:33.923+0000] {processor.py:183} INFO - Processing /home/airflow/.local/lib/python3.12/site-packages/airflow/example_dags/example_bash_decorator.py took 0.069 seconds
[2026-06-01T22:52:14.327+0000] {processor.py:161} INFO - Started process (PID=24231) to work on /home/airflow/.local/lib/python3.12/site-packages/airflow/example_dags/example_bash_decorator.py
[2026-06-01T22:52:14.328+0000] {processor.py:830} INFO - Processing file /home/airflow/.local/lib/python3.12/site-packages/airflow/example_dags/example_bash_decorator.py for tasks to queue
[2026-06-01T22:52:14.330+0000] {logging_mixin.py:188} INFO - [2026-06-01T22:52:14.330+0000] {dagbag.py:540} INFO - Filling up the DagBag from /home/airflow/.local/lib/python3.12/site-packages/airflow/example_dags/example_bash_decorator.py
[2026-06-01T22:52:14.343+0000] {processor.py:840} INFO - DAG(s) 'example_bash_decorator' retrieved from /home/airflow/.local/lib/python3.12/site-packages/airflow/example_dags/example_bash_decorator.py
[2026-06-01T22:52:14.370+0000] {logging_mixin.py:188} INFO - [2026-06-01T22:52:14.370+0000] {dag.py:3096} INFO - Sync 1 DAGs
[2026-06-01T22:52:14.384+0000] {logging_mixin.py:188} INFO - [2026-06-01T22:52:14.384+0000] {dag.py:3954} INFO - Setting next_dagrun for example_bash_decorator to None, run_after=None
[2026-06-01T22:52:14.407+0000] {processor.py:183} INFO - Processing /home/airflow/.local/lib/python3.12/site-packages/airflow/example_dags/example_bash_decorator.py took 0.085 seconds
