[2026-06-02T01:12:53.719+0000] {processor.py:161} INFO - Started process (PID=24283) to work on /home/airflow/.local/lib/python3.12/site-packages/airflow/example_dags/example_task_group_decorator.py
[2026-06-02T01:12:53.720+0000] {processor.py:830} INFO - Processing file /home/airflow/.local/lib/python3.12/site-packages/airflow/example_dags/example_task_group_decorator.py for tasks to queue
[2026-06-02T01:12:53.723+0000] {logging_mixin.py:188} INFO - [2026-06-02T01:12:53.722+0000] {dagbag.py:540} INFO - Filling up the DagBag from /home/airflow/.local/lib/python3.12/site-packages/airflow/example_dags/example_task_group_decorator.py
[2026-06-02T01:12:53.737+0000] {processor.py:840} INFO - DAG(s) 'example_task_group_decorator' retrieved from /home/airflow/.local/lib/python3.12/site-packages/airflow/example_dags/example_task_group_decorator.py
[2026-06-02T01:12:53.762+0000] {logging_mixin.py:188} INFO - [2026-06-02T01:12:53.762+0000] {dag.py:3096} INFO - Sync 1 DAGs
[2026-06-02T01:12:53.787+0000] {logging_mixin.py:188} INFO - [2026-06-02T01:12:53.786+0000] {dag.py:3954} INFO - Setting next_dagrun for example_task_group_decorator to 2026-06-01 00:00:00+00:00, run_after=2026-06-02 00:00:00+00:00
[2026-06-02T01:12:53.823+0000] {processor.py:183} INFO - Processing /home/airflow/.local/lib/python3.12/site-packages/airflow/example_dags/example_task_group_decorator.py took 0.109 seconds
[2026-06-02T03:55:53.207+0000] {processor.py:161} INFO - Started process (PID=24328) to work on /home/airflow/.local/lib/python3.12/site-packages/airflow/example_dags/example_task_group_decorator.py
[2026-06-02T03:55:53.208+0000] {processor.py:830} INFO - Processing file /home/airflow/.local/lib/python3.12/site-packages/airflow/example_dags/example_task_group_decorator.py for tasks to queue
[2026-06-02T03:55:53.210+0000] {logging_mixin.py:188} INFO - [2026-06-02T03:55:53.210+0000] {dagbag.py:540} INFO - Filling up the DagBag from /home/airflow/.local/lib/python3.12/site-packages/airflow/example_dags/example_task_group_decorator.py
[2026-06-02T03:55:53.225+0000] {processor.py:840} INFO - DAG(s) 'example_task_group_decorator' retrieved from /home/airflow/.local/lib/python3.12/site-packages/airflow/example_dags/example_task_group_decorator.py
[2026-06-02T03:55:53.253+0000] {logging_mixin.py:188} INFO - [2026-06-02T03:55:53.252+0000] {dag.py:3096} INFO - Sync 1 DAGs
[2026-06-02T03:55:53.277+0000] {logging_mixin.py:188} INFO - [2026-06-02T03:55:53.277+0000] {dag.py:3954} INFO - Setting next_dagrun for example_task_group_decorator to 2026-06-01 00:00:00+00:00, run_after=2026-06-02 00:00:00+00:00
[2026-06-02T03:55:53.307+0000] {processor.py:183} INFO - Processing /home/airflow/.local/lib/python3.12/site-packages/airflow/example_dags/example_task_group_decorator.py took 0.107 seconds
[2026-06-02T03:56:24.180+0000] {processor.py:161} INFO - Started process (PID=24387) to work on /home/airflow/.local/lib/python3.12/site-packages/airflow/example_dags/example_task_group_decorator.py
[2026-06-02T03:56:24.181+0000] {processor.py:830} INFO - Processing file /home/airflow/.local/lib/python3.12/site-packages/airflow/example_dags/example_task_group_decorator.py for tasks to queue
[2026-06-02T03:56:24.183+0000] {logging_mixin.py:188} INFO - [2026-06-02T03:56:24.183+0000] {dagbag.py:540} INFO - Filling up the DagBag from /home/airflow/.local/lib/python3.12/site-packages/airflow/example_dags/example_task_group_decorator.py
[2026-06-02T03:56:24.194+0000] {processor.py:840} INFO - DAG(s) 'example_task_group_decorator' retrieved from /home/airflow/.local/lib/python3.12/site-packages/airflow/example_dags/example_task_group_decorator.py
[2026-06-02T03:56:24.213+0000] {logging_mixin.py:188} INFO - [2026-06-02T03:56:24.213+0000] {dag.py:3096} INFO - Sync 1 DAGs
[2026-06-02T03:56:24.231+0000] {logging_mixin.py:188} INFO - [2026-06-02T03:56:24.230+0000] {dag.py:3954} INFO - Setting next_dagrun for example_task_group_decorator to 2026-06-01 00:00:00+00:00, run_after=2026-06-02 00:00:00+00:00
[2026-06-02T03:56:24.246+0000] {processor.py:183} INFO - Processing /home/airflow/.local/lib/python3.12/site-packages/airflow/example_dags/example_task_group_decorator.py took 0.071 seconds
[2026-06-02T03:56:55.172+0000] {processor.py:161} INFO - Started process (PID=24446) to work on /home/airflow/.local/lib/python3.12/site-packages/airflow/example_dags/example_task_group_decorator.py
[2026-06-02T03:56:55.173+0000] {processor.py:830} INFO - Processing file /home/airflow/.local/lib/python3.12/site-packages/airflow/example_dags/example_task_group_decorator.py for tasks to queue
[2026-06-02T03:56:55.175+0000] {logging_mixin.py:188} INFO - [2026-06-02T03:56:55.175+0000] {dagbag.py:540} INFO - Filling up the DagBag from /home/airflow/.local/lib/python3.12/site-packages/airflow/example_dags/example_task_group_decorator.py
[2026-06-02T03:56:55.187+0000] {processor.py:840} INFO - DAG(s) 'example_task_group_decorator' retrieved from /home/airflow/.local/lib/python3.12/site-packages/airflow/example_dags/example_task_group_decorator.py
[2026-06-02T03:56:55.207+0000] {logging_mixin.py:188} INFO - [2026-06-02T03:56:55.206+0000] {dag.py:3096} INFO - Sync 1 DAGs
[2026-06-02T03:56:55.225+0000] {logging_mixin.py:188} INFO - [2026-06-02T03:56:55.225+0000] {dag.py:3954} INFO - Setting next_dagrun for example_task_group_decorator to 2026-06-01 00:00:00+00:00, run_after=2026-06-02 00:00:00+00:00
[2026-06-02T03:56:55.244+0000] {processor.py:183} INFO - Processing /home/airflow/.local/lib/python3.12/site-packages/airflow/example_dags/example_task_group_decorator.py took 0.076 seconds
[2026-06-02T03:57:25.431+0000] {processor.py:161} INFO - Started process (PID=24505) to work on /home/airflow/.local/lib/python3.12/site-packages/airflow/example_dags/example_task_group_decorator.py
[2026-06-02T03:57:25.432+0000] {processor.py:830} INFO - Processing file /home/airflow/.local/lib/python3.12/site-packages/airflow/example_dags/example_task_group_decorator.py for tasks to queue
[2026-06-02T03:57:25.435+0000] {logging_mixin.py:188} INFO - [2026-06-02T03:57:25.434+0000] {dagbag.py:540} INFO - Filling up the DagBag from /home/airflow/.local/lib/python3.12/site-packages/airflow/example_dags/example_task_group_decorator.py
[2026-06-02T03:57:25.445+0000] {processor.py:840} INFO - DAG(s) 'example_task_group_decorator' retrieved from /home/airflow/.local/lib/python3.12/site-packages/airflow/example_dags/example_task_group_decorator.py
[2026-06-02T03:57:25.465+0000] {logging_mixin.py:188} INFO - [2026-06-02T03:57:25.465+0000] {dag.py:3096} INFO - Sync 1 DAGs
[2026-06-02T03:57:25.481+0000] {logging_mixin.py:188} INFO - [2026-06-02T03:57:25.480+0000] {dag.py:3954} INFO - Setting next_dagrun for example_task_group_decorator to 2026-06-01 00:00:00+00:00, run_after=2026-06-02 00:00:00+00:00
[2026-06-02T03:57:25.499+0000] {processor.py:183} INFO - Processing /home/airflow/.local/lib/python3.12/site-packages/airflow/example_dags/example_task_group_decorator.py took 0.072 seconds
[2026-06-02T03:57:55.700+0000] {processor.py:161} INFO - Started process (PID=24564) to work on /home/airflow/.local/lib/python3.12/site-packages/airflow/example_dags/example_task_group_decorator.py
[2026-06-02T03:57:55.701+0000] {processor.py:830} INFO - Processing file /home/airflow/.local/lib/python3.12/site-packages/airflow/example_dags/example_task_group_decorator.py for tasks to queue
[2026-06-02T03:57:55.703+0000] {logging_mixin.py:188} INFO - [2026-06-02T03:57:55.703+0000] {dagbag.py:540} INFO - Filling up the DagBag from /home/airflow/.local/lib/python3.12/site-packages/airflow/example_dags/example_task_group_decorator.py
[2026-06-02T03:57:55.714+0000] {processor.py:840} INFO - DAG(s) 'example_task_group_decorator' retrieved from /home/airflow/.local/lib/python3.12/site-packages/airflow/example_dags/example_task_group_decorator.py
[2026-06-02T03:57:55.734+0000] {logging_mixin.py:188} INFO - [2026-06-02T03:57:55.734+0000] {dag.py:3096} INFO - Sync 1 DAGs
[2026-06-02T03:57:55.752+0000] {logging_mixin.py:188} INFO - [2026-06-02T03:57:55.751+0000] {dag.py:3954} INFO - Setting next_dagrun for example_task_group_decorator to 2026-06-01 00:00:00+00:00, run_after=2026-06-02 00:00:00+00:00
[2026-06-02T03:57:55.766+0000] {processor.py:183} INFO - Processing /home/airflow/.local/lib/python3.12/site-packages/airflow/example_dags/example_task_group_decorator.py took 0.071 seconds
[2026-06-02T03:58:25.938+0000] {processor.py:161} INFO - Started process (PID=24623) to work on /home/airflow/.local/lib/python3.12/site-packages/airflow/example_dags/example_task_group_decorator.py
[2026-06-02T03:58:25.939+0000] {processor.py:830} INFO - Processing file /home/airflow/.local/lib/python3.12/site-packages/airflow/example_dags/example_task_group_decorator.py for tasks to queue
[2026-06-02T03:58:25.941+0000] {logging_mixin.py:188} INFO - [2026-06-02T03:58:25.941+0000] {dagbag.py:540} INFO - Filling up the DagBag from /home/airflow/.local/lib/python3.12/site-packages/airflow/example_dags/example_task_group_decorator.py
[2026-06-02T03:58:25.953+0000] {processor.py:840} INFO - DAG(s) 'example_task_group_decorator' retrieved from /home/airflow/.local/lib/python3.12/site-packages/airflow/example_dags/example_task_group_decorator.py
[2026-06-02T03:58:25.976+0000] {logging_mixin.py:188} INFO - [2026-06-02T03:58:25.975+0000] {dag.py:3096} INFO - Sync 1 DAGs
[2026-06-02T03:58:25.997+0000] {logging_mixin.py:188} INFO - [2026-06-02T03:58:25.997+0000] {dag.py:3954} INFO - Setting next_dagrun for example_task_group_decorator to 2026-06-01 00:00:00+00:00, run_after=2026-06-02 00:00:00+00:00
[2026-06-02T03:58:26.015+0000] {processor.py:183} INFO - Processing /home/airflow/.local/lib/python3.12/site-packages/airflow/example_dags/example_task_group_decorator.py took 0.081 seconds
[2026-06-02T03:58:56.885+0000] {processor.py:161} INFO - Started process (PID=24682) to work on /home/airflow/.local/lib/python3.12/site-packages/airflow/example_dags/example_task_group_decorator.py
[2026-06-02T03:58:56.886+0000] {processor.py:830} INFO - Processing file /home/airflow/.local/lib/python3.12/site-packages/airflow/example_dags/example_task_group_decorator.py for tasks to queue
[2026-06-02T03:58:56.888+0000] {logging_mixin.py:188} INFO - [2026-06-02T03:58:56.887+0000] {dagbag.py:540} INFO - Filling up the DagBag from /home/airflow/.local/lib/python3.12/site-packages/airflow/example_dags/example_task_group_decorator.py
[2026-06-02T03:58:56.899+0000] {processor.py:840} INFO - DAG(s) 'example_task_group_decorator' retrieved from /home/airflow/.local/lib/python3.12/site-packages/airflow/example_dags/example_task_group_decorator.py
[2026-06-02T03:58:56.918+0000] {logging_mixin.py:188} INFO - [2026-06-02T03:58:56.917+0000] {dag.py:3096} INFO - Sync 1 DAGs
[2026-06-02T03:58:56.934+0000] {logging_mixin.py:188} INFO - [2026-06-02T03:58:56.934+0000] {dag.py:3954} INFO - Setting next_dagrun for example_task_group_decorator to 2026-06-01 00:00:00+00:00, run_after=2026-06-02 00:00:00+00:00
[2026-06-02T03:58:56.949+0000] {processor.py:183} INFO - Processing /home/airflow/.local/lib/python3.12/site-packages/airflow/example_dags/example_task_group_decorator.py took 0.069 seconds
[2026-06-02T03:59:27.402+0000] {processor.py:161} INFO - Started process (PID=24741) to work on /home/airflow/.local/lib/python3.12/site-packages/airflow/example_dags/example_task_group_decorator.py
[2026-06-02T03:59:27.403+0000] {processor.py:830} INFO - Processing file /home/airflow/.local/lib/python3.12/site-packages/airflow/example_dags/example_task_group_decorator.py for tasks to queue
[2026-06-02T03:59:27.405+0000] {logging_mixin.py:188} INFO - [2026-06-02T03:59:27.405+0000] {dagbag.py:540} INFO - Filling up the DagBag from /home/airflow/.local/lib/python3.12/site-packages/airflow/example_dags/example_task_group_decorator.py
[2026-06-02T03:59:27.416+0000] {processor.py:840} INFO - DAG(s) 'example_task_group_decorator' retrieved from /home/airflow/.local/lib/python3.12/site-packages/airflow/example_dags/example_task_group_decorator.py
[2026-06-02T03:59:27.434+0000] {logging_mixin.py:188} INFO - [2026-06-02T03:59:27.434+0000] {dag.py:3096} INFO - Sync 1 DAGs
[2026-06-02T03:59:27.450+0000] {logging_mixin.py:188} INFO - [2026-06-02T03:59:27.450+0000] {dag.py:3954} INFO - Setting next_dagrun for example_task_group_decorator to 2026-06-01 00:00:00+00:00, run_after=2026-06-02 00:00:00+00:00
[2026-06-02T03:59:27.465+0000] {processor.py:183} INFO - Processing /home/airflow/.local/lib/python3.12/site-packages/airflow/example_dags/example_task_group_decorator.py took 0.068 seconds
[2026-06-02T03:59:58.205+0000] {processor.py:161} INFO - Started process (PID=24800) to work on /home/airflow/.local/lib/python3.12/site-packages/airflow/example_dags/example_task_group_decorator.py
[2026-06-02T03:59:58.206+0000] {processor.py:830} INFO - Processing file /home/airflow/.local/lib/python3.12/site-packages/airflow/example_dags/example_task_group_decorator.py for tasks to queue
[2026-06-02T03:59:58.208+0000] {logging_mixin.py:188} INFO - [2026-06-02T03:59:58.207+0000] {dagbag.py:540} INFO - Filling up the DagBag from /home/airflow/.local/lib/python3.12/site-packages/airflow/example_dags/example_task_group_decorator.py
[2026-06-02T03:59:58.219+0000] {processor.py:840} INFO - DAG(s) 'example_task_group_decorator' retrieved from /home/airflow/.local/lib/python3.12/site-packages/airflow/example_dags/example_task_group_decorator.py
[2026-06-02T03:59:58.239+0000] {logging_mixin.py:188} INFO - [2026-06-02T03:59:58.239+0000] {dag.py:3096} INFO - Sync 1 DAGs
[2026-06-02T03:59:58.258+0000] {logging_mixin.py:188} INFO - [2026-06-02T03:59:58.258+0000] {dag.py:3954} INFO - Setting next_dagrun for example_task_group_decorator to 2026-06-01 00:00:00+00:00, run_after=2026-06-02 00:00:00+00:00
[2026-06-02T03:59:58.274+0000] {processor.py:183} INFO - Processing /home/airflow/.local/lib/python3.12/site-packages/airflow/example_dags/example_task_group_decorator.py took 0.074 seconds
[2026-06-02T04:00:28.837+0000] {processor.py:161} INFO - Started process (PID=24859) to work on /home/airflow/.local/lib/python3.12/site-packages/airflow/example_dags/example_task_group_decorator.py
[2026-06-02T04:00:28.838+0000] {processor.py:830} INFO - Processing file /home/airflow/.local/lib/python3.12/site-packages/airflow/example_dags/example_task_group_decorator.py for tasks to queue
[2026-06-02T04:00:28.840+0000] {logging_mixin.py:188} INFO - [2026-06-02T04:00:28.840+0000] {dagbag.py:540} INFO - Filling up the DagBag from /home/airflow/.local/lib/python3.12/site-packages/airflow/example_dags/example_task_group_decorator.py
[2026-06-02T04:00:28.852+0000] {processor.py:840} INFO - DAG(s) 'example_task_group_decorator' retrieved from /home/airflow/.local/lib/python3.12/site-packages/airflow/example_dags/example_task_group_decorator.py
[2026-06-02T04:00:28.871+0000] {logging_mixin.py:188} INFO - [2026-06-02T04:00:28.871+0000] {dag.py:3096} INFO - Sync 1 DAGs
[2026-06-02T04:00:28.888+0000] {logging_mixin.py:188} INFO - [2026-06-02T04:00:28.887+0000] {dag.py:3954} INFO - Setting next_dagrun for example_task_group_decorator to 2026-06-01 00:00:00+00:00, run_after=2026-06-02 00:00:00+00:00
[2026-06-02T04:00:28.904+0000] {processor.py:183} INFO - Processing /home/airflow/.local/lib/python3.12/site-packages/airflow/example_dags/example_task_group_decorator.py took 0.073 seconds
[2026-06-02T04:00:59.498+0000] {processor.py:161} INFO - Started process (PID=24918) to work on /home/airflow/.local/lib/python3.12/site-packages/airflow/example_dags/example_task_group_decorator.py
[2026-06-02T04:00:59.500+0000] {processor.py:830} INFO - Processing file /home/airflow/.local/lib/python3.12/site-packages/airflow/example_dags/example_task_group_decorator.py for tasks to queue
[2026-06-02T04:00:59.501+0000] {logging_mixin.py:188} INFO - [2026-06-02T04:00:59.501+0000] {dagbag.py:540} INFO - Filling up the DagBag from /home/airflow/.local/lib/python3.12/site-packages/airflow/example_dags/example_task_group_decorator.py
[2026-06-02T04:00:59.512+0000] {processor.py:840} INFO - DAG(s) 'example_task_group_decorator' retrieved from /home/airflow/.local/lib/python3.12/site-packages/airflow/example_dags/example_task_group_decorator.py
[2026-06-02T04:00:59.534+0000] {logging_mixin.py:188} INFO - [2026-06-02T04:00:59.534+0000] {dag.py:3096} INFO - Sync 1 DAGs
[2026-06-02T04:00:59.550+0000] {logging_mixin.py:188} INFO - [2026-06-02T04:00:59.550+0000] {dag.py:3954} INFO - Setting next_dagrun for example_task_group_decorator to 2026-06-01 00:00:00+00:00, run_after=2026-06-02 00:00:00+00:00
[2026-06-02T04:00:59.567+0000] {processor.py:183} INFO - Processing /home/airflow/.local/lib/python3.12/site-packages/airflow/example_dags/example_task_group_decorator.py took 0.073 seconds
[2026-06-02T04:01:30.202+0000] {processor.py:161} INFO - Started process (PID=24977) to work on /home/airflow/.local/lib/python3.12/site-packages/airflow/example_dags/example_task_group_decorator.py
[2026-06-02T04:01:30.203+0000] {processor.py:830} INFO - Processing file /home/airflow/.local/lib/python3.12/site-packages/airflow/example_dags/example_task_group_decorator.py for tasks to queue
[2026-06-02T04:01:30.205+0000] {logging_mixin.py:188} INFO - [2026-06-02T04:01:30.204+0000] {dagbag.py:540} INFO - Filling up the DagBag from /home/airflow/.local/lib/python3.12/site-packages/airflow/example_dags/example_task_group_decorator.py
[2026-06-02T04:01:30.216+0000] {processor.py:840} INFO - DAG(s) 'example_task_group_decorator' retrieved from /home/airflow/.local/lib/python3.12/site-packages/airflow/example_dags/example_task_group_decorator.py
[2026-06-02T04:01:30.238+0000] {logging_mixin.py:188} INFO - [2026-06-02T04:01:30.238+0000] {dag.py:3096} INFO - Sync 1 DAGs
[2026-06-02T04:01:30.259+0000] {logging_mixin.py:188} INFO - [2026-06-02T04:01:30.259+0000] {dag.py:3954} INFO - Setting next_dagrun for example_task_group_decorator to 2026-06-01 00:00:00+00:00, run_after=2026-06-02 00:00:00+00:00
[2026-06-02T04:01:30.277+0000] {processor.py:183} INFO - Processing /home/airflow/.local/lib/python3.12/site-packages/airflow/example_dags/example_task_group_decorator.py took 0.080 seconds
[2026-06-02T04:02:00.850+0000] {processor.py:161} INFO - Started process (PID=25036) to work on /home/airflow/.local/lib/python3.12/site-packages/airflow/example_dags/example_task_group_decorator.py
[2026-06-02T04:02:00.852+0000] {processor.py:830} INFO - Processing file /home/airflow/.local/lib/python3.12/site-packages/airflow/example_dags/example_task_group_decorator.py for tasks to queue
[2026-06-02T04:02:00.854+0000] {logging_mixin.py:188} INFO - [2026-06-02T04:02:00.854+0000] {dagbag.py:540} INFO - Filling up the DagBag from /home/airflow/.local/lib/python3.12/site-packages/airflow/example_dags/example_task_group_decorator.py
[2026-06-02T04:02:00.866+0000] {processor.py:840} INFO - DAG(s) 'example_task_group_decorator' retrieved from /home/airflow/.local/lib/python3.12/site-packages/airflow/example_dags/example_task_group_decorator.py
[2026-06-02T04:02:00.887+0000] {logging_mixin.py:188} INFO - [2026-06-02T04:02:00.887+0000] {dag.py:3096} INFO - Sync 1 DAGs
[2026-06-02T04:02:00.906+0000] {logging_mixin.py:188} INFO - [2026-06-02T04:02:00.906+0000] {dag.py:3954} INFO - Setting next_dagrun for example_task_group_decorator to 2026-06-01 00:00:00+00:00, run_after=2026-06-02 00:00:00+00:00
[2026-06-02T04:02:00.923+0000] {processor.py:183} INFO - Processing /home/airflow/.local/lib/python3.12/site-packages/airflow/example_dags/example_task_group_decorator.py took 0.078 seconds
[2026-06-02T04:02:31.580+0000] {processor.py:161} INFO - Started process (PID=25095) to work on /home/airflow/.local/lib/python3.12/site-packages/airflow/example_dags/example_task_group_decorator.py
[2026-06-02T04:02:31.581+0000] {processor.py:830} INFO - Processing file /home/airflow/.local/lib/python3.12/site-packages/airflow/example_dags/example_task_group_decorator.py for tasks to queue
[2026-06-02T04:02:31.583+0000] {logging_mixin.py:188} INFO - [2026-06-02T04:02:31.583+0000] {dagbag.py:540} INFO - Filling up the DagBag from /home/airflow/.local/lib/python3.12/site-packages/airflow/example_dags/example_task_group_decorator.py
[2026-06-02T04:02:31.595+0000] {processor.py:840} INFO - DAG(s) 'example_task_group_decorator' retrieved from /home/airflow/.local/lib/python3.12/site-packages/airflow/example_dags/example_task_group_decorator.py
[2026-06-02T04:02:31.617+0000] {logging_mixin.py:188} INFO - [2026-06-02T04:02:31.617+0000] {dag.py:3096} INFO - Sync 1 DAGs
[2026-06-02T04:02:31.634+0000] {logging_mixin.py:188} INFO - [2026-06-02T04:02:31.634+0000] {dag.py:3954} INFO - Setting next_dagrun for example_task_group_decorator to 2026-06-01 00:00:00+00:00, run_after=2026-06-02 00:00:00+00:00
[2026-06-02T04:02:31.651+0000] {processor.py:183} INFO - Processing /home/airflow/.local/lib/python3.12/site-packages/airflow/example_dags/example_task_group_decorator.py took 0.075 seconds
[2026-06-02T04:03:02.167+0000] {processor.py:161} INFO - Started process (PID=25154) to work on /home/airflow/.local/lib/python3.12/site-packages/airflow/example_dags/example_task_group_decorator.py
[2026-06-02T04:03:02.167+0000] {processor.py:830} INFO - Processing file /home/airflow/.local/lib/python3.12/site-packages/airflow/example_dags/example_task_group_decorator.py for tasks to queue
[2026-06-02T04:03:02.170+0000] {logging_mixin.py:188} INFO - [2026-06-02T04:03:02.169+0000] {dagbag.py:540} INFO - Filling up the DagBag from /home/airflow/.local/lib/python3.12/site-packages/airflow/example_dags/example_task_group_decorator.py
[2026-06-02T04:03:02.180+0000] {processor.py:840} INFO - DAG(s) 'example_task_group_decorator' retrieved from /home/airflow/.local/lib/python3.12/site-packages/airflow/example_dags/example_task_group_decorator.py
[2026-06-02T04:03:02.200+0000] {logging_mixin.py:188} INFO - [2026-06-02T04:03:02.200+0000] {dag.py:3096} INFO - Sync 1 DAGs
[2026-06-02T04:03:02.216+0000] {logging_mixin.py:188} INFO - [2026-06-02T04:03:02.216+0000] {dag.py:3954} INFO - Setting next_dagrun for example_task_group_decorator to 2026-06-01 00:00:00+00:00, run_after=2026-06-02 00:00:00+00:00
[2026-06-02T04:03:02.231+0000] {processor.py:183} INFO - Processing /home/airflow/.local/lib/python3.12/site-packages/airflow/example_dags/example_task_group_decorator.py took 0.069 seconds
[2026-06-02T04:03:32.728+0000] {processor.py:161} INFO - Started process (PID=25213) to work on /home/airflow/.local/lib/python3.12/site-packages/airflow/example_dags/example_task_group_decorator.py
[2026-06-02T04:03:32.730+0000] {processor.py:830} INFO - Processing file /home/airflow/.local/lib/python3.12/site-packages/airflow/example_dags/example_task_group_decorator.py for tasks to queue
[2026-06-02T04:03:32.732+0000] {logging_mixin.py:188} INFO - [2026-06-02T04:03:32.731+0000] {dagbag.py:540} INFO - Filling up the DagBag from /home/airflow/.local/lib/python3.12/site-packages/airflow/example_dags/example_task_group_decorator.py
[2026-06-02T04:03:32.743+0000] {processor.py:840} INFO - DAG(s) 'example_task_group_decorator' retrieved from /home/airflow/.local/lib/python3.12/site-packages/airflow/example_dags/example_task_group_decorator.py
[2026-06-02T04:03:32.763+0000] {logging_mixin.py:188} INFO - [2026-06-02T04:03:32.763+0000] {dag.py:3096} INFO - Sync 1 DAGs
[2026-06-02T04:03:32.779+0000] {logging_mixin.py:188} INFO - [2026-06-02T04:03:32.779+0000] {dag.py:3954} INFO - Setting next_dagrun for example_task_group_decorator to 2026-06-01 00:00:00+00:00, run_after=2026-06-02 00:00:00+00:00
[2026-06-02T04:03:32.794+0000] {processor.py:183} INFO - Processing /home/airflow/.local/lib/python3.12/site-packages/airflow/example_dags/example_task_group_decorator.py took 0.070 seconds
[2026-06-02T04:04:03.371+0000] {processor.py:161} INFO - Started process (PID=25272) to work on /home/airflow/.local/lib/python3.12/site-packages/airflow/example_dags/example_task_group_decorator.py
[2026-06-02T04:04:03.372+0000] {processor.py:830} INFO - Processing file /home/airflow/.local/lib/python3.12/site-packages/airflow/example_dags/example_task_group_decorator.py for tasks to queue
[2026-06-02T04:04:03.375+0000] {logging_mixin.py:188} INFO - [2026-06-02T04:04:03.374+0000] {dagbag.py:540} INFO - Filling up the DagBag from /home/airflow/.local/lib/python3.12/site-packages/airflow/example_dags/example_task_group_decorator.py
[2026-06-02T04:04:03.387+0000] {processor.py:840} INFO - DAG(s) 'example_task_group_decorator' retrieved from /home/airflow/.local/lib/python3.12/site-packages/airflow/example_dags/example_task_group_decorator.py
[2026-06-02T04:04:03.408+0000] {logging_mixin.py:188} INFO - [2026-06-02T04:04:03.408+0000] {dag.py:3096} INFO - Sync 1 DAGs
[2026-06-02T04:04:03.427+0000] {logging_mixin.py:188} INFO - [2026-06-02T04:04:03.427+0000] {dag.py:3954} INFO - Setting next_dagrun for example_task_group_decorator to 2026-06-01 00:00:00+00:00, run_after=2026-06-02 00:00:00+00:00
[2026-06-02T04:04:03.444+0000] {processor.py:183} INFO - Processing /home/airflow/.local/lib/python3.12/site-packages/airflow/example_dags/example_task_group_decorator.py took 0.078 seconds
[2026-06-02T04:04:34.140+0000] {processor.py:161} INFO - Started process (PID=25331) to work on /home/airflow/.local/lib/python3.12/site-packages/airflow/example_dags/example_task_group_decorator.py
[2026-06-02T04:04:34.141+0000] {processor.py:830} INFO - Processing file /home/airflow/.local/lib/python3.12/site-packages/airflow/example_dags/example_task_group_decorator.py for tasks to queue
[2026-06-02T04:04:34.143+0000] {logging_mixin.py:188} INFO - [2026-06-02T04:04:34.142+0000] {dagbag.py:540} INFO - Filling up the DagBag from /home/airflow/.local/lib/python3.12/site-packages/airflow/example_dags/example_task_group_decorator.py
[2026-06-02T04:04:34.158+0000] {processor.py:840} INFO - DAG(s) 'example_task_group_decorator' retrieved from /home/airflow/.local/lib/python3.12/site-packages/airflow/example_dags/example_task_group_decorator.py
[2026-06-02T04:04:34.180+0000] {logging_mixin.py:188} INFO - [2026-06-02T04:04:34.180+0000] {dag.py:3096} INFO - Sync 1 DAGs
[2026-06-02T04:04:34.196+0000] {logging_mixin.py:188} INFO - [2026-06-02T04:04:34.196+0000] {dag.py:3954} INFO - Setting next_dagrun for example_task_group_decorator to 2026-06-01 00:00:00+00:00, run_after=2026-06-02 00:00:00+00:00
[2026-06-02T04:04:34.212+0000] {processor.py:183} INFO - Processing /home/airflow/.local/lib/python3.12/site-packages/airflow/example_dags/example_task_group_decorator.py took 0.077 seconds
[2026-06-02T04:05:04.827+0000] {processor.py:161} INFO - Started process (PID=25390) to work on /home/airflow/.local/lib/python3.12/site-packages/airflow/example_dags/example_task_group_decorator.py
[2026-06-02T04:05:04.828+0000] {processor.py:830} INFO - Processing file /home/airflow/.local/lib/python3.12/site-packages/airflow/example_dags/example_task_group_decorator.py for tasks to queue
[2026-06-02T04:05:04.830+0000] {logging_mixin.py:188} INFO - [2026-06-02T04:05:04.830+0000] {dagbag.py:540} INFO - Filling up the DagBag from /home/airflow/.local/lib/python3.12/site-packages/airflow/example_dags/example_task_group_decorator.py
[2026-06-02T04:05:04.841+0000] {processor.py:840} INFO - DAG(s) 'example_task_group_decorator' retrieved from /home/airflow/.local/lib/python3.12/site-packages/airflow/example_dags/example_task_group_decorator.py
[2026-06-02T04:05:04.863+0000] {logging_mixin.py:188} INFO - [2026-06-02T04:05:04.863+0000] {dag.py:3096} INFO - Sync 1 DAGs
[2026-06-02T04:05:04.881+0000] {logging_mixin.py:188} INFO - [2026-06-02T04:05:04.881+0000] {dag.py:3954} INFO - Setting next_dagrun for example_task_group_decorator to 2026-06-01 00:00:00+00:00, run_after=2026-06-02 00:00:00+00:00
[2026-06-02T04:05:04.898+0000] {processor.py:183} INFO - Processing /home/airflow/.local/lib/python3.12/site-packages/airflow/example_dags/example_task_group_decorator.py took 0.076 seconds
[2026-06-02T04:05:35.448+0000] {processor.py:161} INFO - Started process (PID=25449) to work on /home/airflow/.local/lib/python3.12/site-packages/airflow/example_dags/example_task_group_decorator.py
[2026-06-02T04:05:35.449+0000] {processor.py:830} INFO - Processing file /home/airflow/.local/lib/python3.12/site-packages/airflow/example_dags/example_task_group_decorator.py for tasks to queue
[2026-06-02T04:05:35.451+0000] {logging_mixin.py:188} INFO - [2026-06-02T04:05:35.451+0000] {dagbag.py:540} INFO - Filling up the DagBag from /home/airflow/.local/lib/python3.12/site-packages/airflow/example_dags/example_task_group_decorator.py
[2026-06-02T04:05:35.462+0000] {processor.py:840} INFO - DAG(s) 'example_task_group_decorator' retrieved from /home/airflow/.local/lib/python3.12/site-packages/airflow/example_dags/example_task_group_decorator.py
[2026-06-02T04:05:35.482+0000] {logging_mixin.py:188} INFO - [2026-06-02T04:05:35.482+0000] {dag.py:3096} INFO - Sync 1 DAGs
[2026-06-02T04:05:35.499+0000] {logging_mixin.py:188} INFO - [2026-06-02T04:05:35.499+0000] {dag.py:3954} INFO - Setting next_dagrun for example_task_group_decorator to 2026-06-01 00:00:00+00:00, run_after=2026-06-02 00:00:00+00:00
[2026-06-02T04:05:35.514+0000] {processor.py:183} INFO - Processing /home/airflow/.local/lib/python3.12/site-packages/airflow/example_dags/example_task_group_decorator.py took 0.070 seconds
[2026-06-02T04:06:06.268+0000] {processor.py:161} INFO - Started process (PID=25508) to work on /home/airflow/.local/lib/python3.12/site-packages/airflow/example_dags/example_task_group_decorator.py
[2026-06-02T04:06:06.269+0000] {processor.py:830} INFO - Processing file /home/airflow/.local/lib/python3.12/site-packages/airflow/example_dags/example_task_group_decorator.py for tasks to queue
[2026-06-02T04:06:06.271+0000] {logging_mixin.py:188} INFO - [2026-06-02T04:06:06.271+0000] {dagbag.py:540} INFO - Filling up the DagBag from /home/airflow/.local/lib/python3.12/site-packages/airflow/example_dags/example_task_group_decorator.py
[2026-06-02T04:06:06.282+0000] {processor.py:840} INFO - DAG(s) 'example_task_group_decorator' retrieved from /home/airflow/.local/lib/python3.12/site-packages/airflow/example_dags/example_task_group_decorator.py
[2026-06-02T04:06:06.303+0000] {logging_mixin.py:188} INFO - [2026-06-02T04:06:06.302+0000] {dag.py:3096} INFO - Sync 1 DAGs
[2026-06-02T04:06:06.321+0000] {logging_mixin.py:188} INFO - [2026-06-02T04:06:06.321+0000] {dag.py:3954} INFO - Setting next_dagrun for example_task_group_decorator to 2026-06-01 00:00:00+00:00, run_after=2026-06-02 00:00:00+00:00
[2026-06-02T04:06:06.336+0000] {processor.py:183} INFO - Processing /home/airflow/.local/lib/python3.12/site-packages/airflow/example_dags/example_task_group_decorator.py took 0.073 seconds
[2026-06-02T04:06:36.891+0000] {processor.py:161} INFO - Started process (PID=25567) to work on /home/airflow/.local/lib/python3.12/site-packages/airflow/example_dags/example_task_group_decorator.py
[2026-06-02T04:06:36.892+0000] {processor.py:830} INFO - Processing file /home/airflow/.local/lib/python3.12/site-packages/airflow/example_dags/example_task_group_decorator.py for tasks to queue
[2026-06-02T04:06:36.894+0000] {logging_mixin.py:188} INFO - [2026-06-02T04:06:36.894+0000] {dagbag.py:540} INFO - Filling up the DagBag from /home/airflow/.local/lib/python3.12/site-packages/airflow/example_dags/example_task_group_decorator.py
[2026-06-02T04:06:36.905+0000] {processor.py:840} INFO - DAG(s) 'example_task_group_decorator' retrieved from /home/airflow/.local/lib/python3.12/site-packages/airflow/example_dags/example_task_group_decorator.py
[2026-06-02T04:06:36.925+0000] {logging_mixin.py:188} INFO - [2026-06-02T04:06:36.925+0000] {dag.py:3096} INFO - Sync 1 DAGs
[2026-06-02T04:06:36.942+0000] {logging_mixin.py:188} INFO - [2026-06-02T04:06:36.942+0000] {dag.py:3954} INFO - Setting next_dagrun for example_task_group_decorator to 2026-06-01 00:00:00+00:00, run_after=2026-06-02 00:00:00+00:00
[2026-06-02T04:06:36.959+0000] {processor.py:183} INFO - Processing /home/airflow/.local/lib/python3.12/site-packages/airflow/example_dags/example_task_group_decorator.py took 0.073 seconds
[2026-06-02T04:07:07.474+0000] {processor.py:161} INFO - Started process (PID=25626) to work on /home/airflow/.local/lib/python3.12/site-packages/airflow/example_dags/example_task_group_decorator.py
[2026-06-02T04:07:07.475+0000] {processor.py:830} INFO - Processing file /home/airflow/.local/lib/python3.12/site-packages/airflow/example_dags/example_task_group_decorator.py for tasks to queue
[2026-06-02T04:07:07.477+0000] {logging_mixin.py:188} INFO - [2026-06-02T04:07:07.477+0000] {dagbag.py:540} INFO - Filling up the DagBag from /home/airflow/.local/lib/python3.12/site-packages/airflow/example_dags/example_task_group_decorator.py
[2026-06-02T04:07:07.488+0000] {processor.py:840} INFO - DAG(s) 'example_task_group_decorator' retrieved from /home/airflow/.local/lib/python3.12/site-packages/airflow/example_dags/example_task_group_decorator.py
[2026-06-02T04:07:07.507+0000] {logging_mixin.py:188} INFO - [2026-06-02T04:07:07.507+0000] {dag.py:3096} INFO - Sync 1 DAGs
[2026-06-02T04:07:07.525+0000] {logging_mixin.py:188} INFO - [2026-06-02T04:07:07.525+0000] {dag.py:3954} INFO - Setting next_dagrun for example_task_group_decorator to 2026-06-01 00:00:00+00:00, run_after=2026-06-02 00:00:00+00:00
[2026-06-02T04:07:07.540+0000] {processor.py:183} INFO - Processing /home/airflow/.local/lib/python3.12/site-packages/airflow/example_dags/example_task_group_decorator.py took 0.071 seconds
[2026-06-02T04:07:38.013+0000] {processor.py:161} INFO - Started process (PID=25685) to work on /home/airflow/.local/lib/python3.12/site-packages/airflow/example_dags/example_task_group_decorator.py
[2026-06-02T04:07:38.014+0000] {processor.py:830} INFO - Processing file /home/airflow/.local/lib/python3.12/site-packages/airflow/example_dags/example_task_group_decorator.py for tasks to queue
[2026-06-02T04:07:38.016+0000] {logging_mixin.py:188} INFO - [2026-06-02T04:07:38.016+0000] {dagbag.py:540} INFO - Filling up the DagBag from /home/airflow/.local/lib/python3.12/site-packages/airflow/example_dags/example_task_group_decorator.py
[2026-06-02T04:07:38.027+0000] {processor.py:840} INFO - DAG(s) 'example_task_group_decorator' retrieved from /home/airflow/.local/lib/python3.12/site-packages/airflow/example_dags/example_task_group_decorator.py
[2026-06-02T04:07:38.048+0000] {logging_mixin.py:188} INFO - [2026-06-02T04:07:38.048+0000] {dag.py:3096} INFO - Sync 1 DAGs
[2026-06-02T04:07:38.068+0000] {logging_mixin.py:188} INFO - [2026-06-02T04:07:38.068+0000] {dag.py:3954} INFO - Setting next_dagrun for example_task_group_decorator to 2026-06-01 00:00:00+00:00, run_after=2026-06-02 00:00:00+00:00
[2026-06-02T04:07:38.086+0000] {processor.py:183} INFO - Processing /home/airflow/.local/lib/python3.12/site-packages/airflow/example_dags/example_task_group_decorator.py took 0.078 seconds
[2026-06-02T04:08:08.475+0000] {processor.py:161} INFO - Started process (PID=25744) to work on /home/airflow/.local/lib/python3.12/site-packages/airflow/example_dags/example_task_group_decorator.py
[2026-06-02T04:08:08.476+0000] {processor.py:830} INFO - Processing file /home/airflow/.local/lib/python3.12/site-packages/airflow/example_dags/example_task_group_decorator.py for tasks to queue
[2026-06-02T04:08:08.478+0000] {logging_mixin.py:188} INFO - [2026-06-02T04:08:08.478+0000] {dagbag.py:540} INFO - Filling up the DagBag from /home/airflow/.local/lib/python3.12/site-packages/airflow/example_dags/example_task_group_decorator.py
[2026-06-02T04:08:08.489+0000] {processor.py:840} INFO - DAG(s) 'example_task_group_decorator' retrieved from /home/airflow/.local/lib/python3.12/site-packages/airflow/example_dags/example_task_group_decorator.py
[2026-06-02T04:08:08.510+0000] {logging_mixin.py:188} INFO - [2026-06-02T04:08:08.510+0000] {dag.py:3096} INFO - Sync 1 DAGs
[2026-06-02T04:08:08.529+0000] {logging_mixin.py:188} INFO - [2026-06-02T04:08:08.529+0000] {dag.py:3954} INFO - Setting next_dagrun for example_task_group_decorator to 2026-06-01 00:00:00+00:00, run_after=2026-06-02 00:00:00+00:00
[2026-06-02T04:08:08.544+0000] {processor.py:183} INFO - Processing /home/airflow/.local/lib/python3.12/site-packages/airflow/example_dags/example_task_group_decorator.py took 0.073 seconds
[2026-06-02T04:08:38.990+0000] {processor.py:161} INFO - Started process (PID=25803) to work on /home/airflow/.local/lib/python3.12/site-packages/airflow/example_dags/example_task_group_decorator.py
[2026-06-02T04:08:38.991+0000] {processor.py:830} INFO - Processing file /home/airflow/.local/lib/python3.12/site-packages/airflow/example_dags/example_task_group_decorator.py for tasks to queue
[2026-06-02T04:08:38.993+0000] {logging_mixin.py:188} INFO - [2026-06-02T04:08:38.993+0000] {dagbag.py:540} INFO - Filling up the DagBag from /home/airflow/.local/lib/python3.12/site-packages/airflow/example_dags/example_task_group_decorator.py
[2026-06-02T04:08:39.004+0000] {processor.py:840} INFO - DAG(s) 'example_task_group_decorator' retrieved from /home/airflow/.local/lib/python3.12/site-packages/airflow/example_dags/example_task_group_decorator.py
[2026-06-02T04:08:39.024+0000] {logging_mixin.py:188} INFO - [2026-06-02T04:08:39.023+0000] {dag.py:3096} INFO - Sync 1 DAGs
[2026-06-02T04:08:39.040+0000] {logging_mixin.py:188} INFO - [2026-06-02T04:08:39.039+0000] {dag.py:3954} INFO - Setting next_dagrun for example_task_group_decorator to 2026-06-01 00:00:00+00:00, run_after=2026-06-02 00:00:00+00:00
[2026-06-02T04:08:39.054+0000] {processor.py:183} INFO - Processing /home/airflow/.local/lib/python3.12/site-packages/airflow/example_dags/example_task_group_decorator.py took 0.068 seconds
[2026-06-02T04:09:09.651+0000] {processor.py:161} INFO - Started process (PID=25862) to work on /home/airflow/.local/lib/python3.12/site-packages/airflow/example_dags/example_task_group_decorator.py
[2026-06-02T04:09:09.652+0000] {processor.py:830} INFO - Processing file /home/airflow/.local/lib/python3.12/site-packages/airflow/example_dags/example_task_group_decorator.py for tasks to queue
[2026-06-02T04:09:09.654+0000] {logging_mixin.py:188} INFO - [2026-06-02T04:09:09.653+0000] {dagbag.py:540} INFO - Filling up the DagBag from /home/airflow/.local/lib/python3.12/site-packages/airflow/example_dags/example_task_group_decorator.py
[2026-06-02T04:09:09.667+0000] {processor.py:840} INFO - DAG(s) 'example_task_group_decorator' retrieved from /home/airflow/.local/lib/python3.12/site-packages/airflow/example_dags/example_task_group_decorator.py
[2026-06-02T04:09:09.687+0000] {logging_mixin.py:188} INFO - [2026-06-02T04:09:09.687+0000] {dag.py:3096} INFO - Sync 1 DAGs
[2026-06-02T04:09:09.704+0000] {logging_mixin.py:188} INFO - [2026-06-02T04:09:09.704+0000] {dag.py:3954} INFO - Setting next_dagrun for example_task_group_decorator to 2026-06-01 00:00:00+00:00, run_after=2026-06-02 00:00:00+00:00
[2026-06-02T04:09:09.718+0000] {processor.py:183} INFO - Processing /home/airflow/.local/lib/python3.12/site-packages/airflow/example_dags/example_task_group_decorator.py took 0.072 seconds
[2026-06-02T04:09:40.331+0000] {processor.py:161} INFO - Started process (PID=25921) to work on /home/airflow/.local/lib/python3.12/site-packages/airflow/example_dags/example_task_group_decorator.py
[2026-06-02T04:09:40.332+0000] {processor.py:830} INFO - Processing file /home/airflow/.local/lib/python3.12/site-packages/airflow/example_dags/example_task_group_decorator.py for tasks to queue
[2026-06-02T04:09:40.334+0000] {logging_mixin.py:188} INFO - [2026-06-02T04:09:40.333+0000] {dagbag.py:540} INFO - Filling up the DagBag from /home/airflow/.local/lib/python3.12/site-packages/airflow/example_dags/example_task_group_decorator.py
[2026-06-02T04:09:40.345+0000] {processor.py:840} INFO - DAG(s) 'example_task_group_decorator' retrieved from /home/airflow/.local/lib/python3.12/site-packages/airflow/example_dags/example_task_group_decorator.py
[2026-06-02T04:09:40.365+0000] {logging_mixin.py:188} INFO - [2026-06-02T04:09:40.364+0000] {dag.py:3096} INFO - Sync 1 DAGs
[2026-06-02T04:09:40.382+0000] {logging_mixin.py:188} INFO - [2026-06-02T04:09:40.381+0000] {dag.py:3954} INFO - Setting next_dagrun for example_task_group_decorator to 2026-06-01 00:00:00+00:00, run_after=2026-06-02 00:00:00+00:00
[2026-06-02T04:09:40.397+0000] {processor.py:183} INFO - Processing /home/airflow/.local/lib/python3.12/site-packages/airflow/example_dags/example_task_group_decorator.py took 0.071 seconds
[2026-06-02T04:10:10.917+0000] {processor.py:161} INFO - Started process (PID=25980) to work on /home/airflow/.local/lib/python3.12/site-packages/airflow/example_dags/example_task_group_decorator.py
[2026-06-02T04:10:10.918+0000] {processor.py:830} INFO - Processing file /home/airflow/.local/lib/python3.12/site-packages/airflow/example_dags/example_task_group_decorator.py for tasks to queue
[2026-06-02T04:10:10.921+0000] {logging_mixin.py:188} INFO - [2026-06-02T04:10:10.921+0000] {dagbag.py:540} INFO - Filling up the DagBag from /home/airflow/.local/lib/python3.12/site-packages/airflow/example_dags/example_task_group_decorator.py
[2026-06-02T04:10:10.934+0000] {processor.py:840} INFO - DAG(s) 'example_task_group_decorator' retrieved from /home/airflow/.local/lib/python3.12/site-packages/airflow/example_dags/example_task_group_decorator.py
[2026-06-02T04:10:10.953+0000] {logging_mixin.py:188} INFO - [2026-06-02T04:10:10.953+0000] {dag.py:3096} INFO - Sync 1 DAGs
[2026-06-02T04:10:10.973+0000] {logging_mixin.py:188} INFO - [2026-06-02T04:10:10.973+0000] {dag.py:3954} INFO - Setting next_dagrun for example_task_group_decorator to 2026-06-01 00:00:00+00:00, run_after=2026-06-02 00:00:00+00:00
[2026-06-02T04:10:10.989+0000] {processor.py:183} INFO - Processing /home/airflow/.local/lib/python3.12/site-packages/airflow/example_dags/example_task_group_decorator.py took 0.077 seconds
[2026-06-02T04:10:41.599+0000] {processor.py:161} INFO - Started process (PID=26039) to work on /home/airflow/.local/lib/python3.12/site-packages/airflow/example_dags/example_task_group_decorator.py
[2026-06-02T04:10:41.600+0000] {processor.py:830} INFO - Processing file /home/airflow/.local/lib/python3.12/site-packages/airflow/example_dags/example_task_group_decorator.py for tasks to queue
[2026-06-02T04:10:41.601+0000] {logging_mixin.py:188} INFO - [2026-06-02T04:10:41.601+0000] {dagbag.py:540} INFO - Filling up the DagBag from /home/airflow/.local/lib/python3.12/site-packages/airflow/example_dags/example_task_group_decorator.py
[2026-06-02T04:10:41.613+0000] {processor.py:840} INFO - DAG(s) 'example_task_group_decorator' retrieved from /home/airflow/.local/lib/python3.12/site-packages/airflow/example_dags/example_task_group_decorator.py
[2026-06-02T04:10:41.632+0000] {logging_mixin.py:188} INFO - [2026-06-02T04:10:41.632+0000] {dag.py:3096} INFO - Sync 1 DAGs
[2026-06-02T04:10:41.649+0000] {logging_mixin.py:188} INFO - [2026-06-02T04:10:41.649+0000] {dag.py:3954} INFO - Setting next_dagrun for example_task_group_decorator to 2026-06-01 00:00:00+00:00, run_after=2026-06-02 00:00:00+00:00
[2026-06-02T04:10:41.665+0000] {processor.py:183} INFO - Processing /home/airflow/.local/lib/python3.12/site-packages/airflow/example_dags/example_task_group_decorator.py took 0.071 seconds
[2026-06-02T04:11:12.326+0000] {processor.py:161} INFO - Started process (PID=26098) to work on /home/airflow/.local/lib/python3.12/site-packages/airflow/example_dags/example_task_group_decorator.py
[2026-06-02T04:11:12.328+0000] {processor.py:830} INFO - Processing file /home/airflow/.local/lib/python3.12/site-packages/airflow/example_dags/example_task_group_decorator.py for tasks to queue
[2026-06-02T04:11:12.330+0000] {logging_mixin.py:188} INFO - [2026-06-02T04:11:12.330+0000] {dagbag.py:540} INFO - Filling up the DagBag from /home/airflow/.local/lib/python3.12/site-packages/airflow/example_dags/example_task_group_decorator.py
[2026-06-02T04:11:12.343+0000] {processor.py:840} INFO - DAG(s) 'example_task_group_decorator' retrieved from /home/airflow/.local/lib/python3.12/site-packages/airflow/example_dags/example_task_group_decorator.py
[2026-06-02T04:11:12.364+0000] {logging_mixin.py:188} INFO - [2026-06-02T04:11:12.364+0000] {dag.py:3096} INFO - Sync 1 DAGs
[2026-06-02T04:11:12.381+0000] {logging_mixin.py:188} INFO - [2026-06-02T04:11:12.381+0000] {dag.py:3954} INFO - Setting next_dagrun for example_task_group_decorator to 2026-06-01 00:00:00+00:00, run_after=2026-06-02 00:00:00+00:00
[2026-06-02T04:11:12.397+0000] {processor.py:183} INFO - Processing /home/airflow/.local/lib/python3.12/site-packages/airflow/example_dags/example_task_group_decorator.py took 0.076 seconds
[2026-06-02T04:11:42.917+0000] {processor.py:161} INFO - Started process (PID=26157) to work on /home/airflow/.local/lib/python3.12/site-packages/airflow/example_dags/example_task_group_decorator.py
[2026-06-02T04:11:42.918+0000] {processor.py:830} INFO - Processing file /home/airflow/.local/lib/python3.12/site-packages/airflow/example_dags/example_task_group_decorator.py for tasks to queue
[2026-06-02T04:11:42.920+0000] {logging_mixin.py:188} INFO - [2026-06-02T04:11:42.919+0000] {dagbag.py:540} INFO - Filling up the DagBag from /home/airflow/.local/lib/python3.12/site-packages/airflow/example_dags/example_task_group_decorator.py
[2026-06-02T04:11:42.931+0000] {processor.py:840} INFO - DAG(s) 'example_task_group_decorator' retrieved from /home/airflow/.local/lib/python3.12/site-packages/airflow/example_dags/example_task_group_decorator.py
[2026-06-02T04:11:42.950+0000] {logging_mixin.py:188} INFO - [2026-06-02T04:11:42.950+0000] {dag.py:3096} INFO - Sync 1 DAGs
[2026-06-02T04:11:42.967+0000] {logging_mixin.py:188} INFO - [2026-06-02T04:11:42.966+0000] {dag.py:3954} INFO - Setting next_dagrun for example_task_group_decorator to 2026-06-01 00:00:00+00:00, run_after=2026-06-02 00:00:00+00:00
[2026-06-02T04:11:42.982+0000] {processor.py:183} INFO - Processing /home/airflow/.local/lib/python3.12/site-packages/airflow/example_dags/example_task_group_decorator.py took 0.070 seconds
[2026-06-02T04:12:13.422+0000] {processor.py:161} INFO - Started process (PID=26216) to work on /home/airflow/.local/lib/python3.12/site-packages/airflow/example_dags/example_task_group_decorator.py
[2026-06-02T04:12:13.423+0000] {processor.py:830} INFO - Processing file /home/airflow/.local/lib/python3.12/site-packages/airflow/example_dags/example_task_group_decorator.py for tasks to queue
[2026-06-02T04:12:13.425+0000] {logging_mixin.py:188} INFO - [2026-06-02T04:12:13.425+0000] {dagbag.py:540} INFO - Filling up the DagBag from /home/airflow/.local/lib/python3.12/site-packages/airflow/example_dags/example_task_group_decorator.py
[2026-06-02T04:12:13.437+0000] {processor.py:840} INFO - DAG(s) 'example_task_group_decorator' retrieved from /home/airflow/.local/lib/python3.12/site-packages/airflow/example_dags/example_task_group_decorator.py
[2026-06-02T04:12:13.456+0000] {logging_mixin.py:188} INFO - [2026-06-02T04:12:13.455+0000] {dag.py:3096} INFO - Sync 1 DAGs
[2026-06-02T04:12:13.471+0000] {logging_mixin.py:188} INFO - [2026-06-02T04:12:13.471+0000] {dag.py:3954} INFO - Setting next_dagrun for example_task_group_decorator to 2026-06-01 00:00:00+00:00, run_after=2026-06-02 00:00:00+00:00
[2026-06-02T04:12:13.486+0000] {processor.py:183} INFO - Processing /home/airflow/.local/lib/python3.12/site-packages/airflow/example_dags/example_task_group_decorator.py took 0.069 seconds
[2026-06-02T04:12:44.247+0000] {processor.py:161} INFO - Started process (PID=26275) to work on /home/airflow/.local/lib/python3.12/site-packages/airflow/example_dags/example_task_group_decorator.py
[2026-06-02T04:12:44.248+0000] {processor.py:830} INFO - Processing file /home/airflow/.local/lib/python3.12/site-packages/airflow/example_dags/example_task_group_decorator.py for tasks to queue
[2026-06-02T04:12:44.250+0000] {logging_mixin.py:188} INFO - [2026-06-02T04:12:44.250+0000] {dagbag.py:540} INFO - Filling up the DagBag from /home/airflow/.local/lib/python3.12/site-packages/airflow/example_dags/example_task_group_decorator.py
[2026-06-02T04:12:44.261+0000] {processor.py:840} INFO - DAG(s) 'example_task_group_decorator' retrieved from /home/airflow/.local/lib/python3.12/site-packages/airflow/example_dags/example_task_group_decorator.py
[2026-06-02T04:12:44.281+0000] {logging_mixin.py:188} INFO - [2026-06-02T04:12:44.281+0000] {dag.py:3096} INFO - Sync 1 DAGs
[2026-06-02T04:12:44.298+0000] {logging_mixin.py:188} INFO - [2026-06-02T04:12:44.298+0000] {dag.py:3954} INFO - Setting next_dagrun for example_task_group_decorator to 2026-06-01 00:00:00+00:00, run_after=2026-06-02 00:00:00+00:00
[2026-06-02T04:12:44.316+0000] {processor.py:183} INFO - Processing /home/airflow/.local/lib/python3.12/site-packages/airflow/example_dags/example_task_group_decorator.py took 0.074 seconds
[2026-06-02T04:13:15.008+0000] {processor.py:161} INFO - Started process (PID=26334) to work on /home/airflow/.local/lib/python3.12/site-packages/airflow/example_dags/example_task_group_decorator.py
[2026-06-02T04:13:15.009+0000] {processor.py:830} INFO - Processing file /home/airflow/.local/lib/python3.12/site-packages/airflow/example_dags/example_task_group_decorator.py for tasks to queue
[2026-06-02T04:13:15.011+0000] {logging_mixin.py:188} INFO - [2026-06-02T04:13:15.011+0000] {dagbag.py:540} INFO - Filling up the DagBag from /home/airflow/.local/lib/python3.12/site-packages/airflow/example_dags/example_task_group_decorator.py
[2026-06-02T04:13:15.022+0000] {processor.py:840} INFO - DAG(s) 'example_task_group_decorator' retrieved from /home/airflow/.local/lib/python3.12/site-packages/airflow/example_dags/example_task_group_decorator.py
[2026-06-02T04:13:15.042+0000] {logging_mixin.py:188} INFO - [2026-06-02T04:13:15.042+0000] {dag.py:3096} INFO - Sync 1 DAGs
[2026-06-02T04:13:15.060+0000] {logging_mixin.py:188} INFO - [2026-06-02T04:13:15.060+0000] {dag.py:3954} INFO - Setting next_dagrun for example_task_group_decorator to 2026-06-01 00:00:00+00:00, run_after=2026-06-02 00:00:00+00:00
[2026-06-02T04:13:15.086+0000] {processor.py:183} INFO - Processing /home/airflow/.local/lib/python3.12/site-packages/airflow/example_dags/example_task_group_decorator.py took 0.082 seconds
[2026-06-02T04:13:45.618+0000] {processor.py:161} INFO - Started process (PID=26393) to work on /home/airflow/.local/lib/python3.12/site-packages/airflow/example_dags/example_task_group_decorator.py
[2026-06-02T04:13:45.619+0000] {processor.py:830} INFO - Processing file /home/airflow/.local/lib/python3.12/site-packages/airflow/example_dags/example_task_group_decorator.py for tasks to queue
[2026-06-02T04:13:45.621+0000] {logging_mixin.py:188} INFO - [2026-06-02T04:13:45.621+0000] {dagbag.py:540} INFO - Filling up the DagBag from /home/airflow/.local/lib/python3.12/site-packages/airflow/example_dags/example_task_group_decorator.py
[2026-06-02T04:13:45.633+0000] {processor.py:840} INFO - DAG(s) 'example_task_group_decorator' retrieved from /home/airflow/.local/lib/python3.12/site-packages/airflow/example_dags/example_task_group_decorator.py
[2026-06-02T04:13:45.653+0000] {logging_mixin.py:188} INFO - [2026-06-02T04:13:45.653+0000] {dag.py:3096} INFO - Sync 1 DAGs
[2026-06-02T04:13:45.670+0000] {logging_mixin.py:188} INFO - [2026-06-02T04:13:45.669+0000] {dag.py:3954} INFO - Setting next_dagrun for example_task_group_decorator to 2026-06-01 00:00:00+00:00, run_after=2026-06-02 00:00:00+00:00
[2026-06-02T04:13:45.683+0000] {processor.py:183} INFO - Processing /home/airflow/.local/lib/python3.12/site-packages/airflow/example_dags/example_task_group_decorator.py took 0.070 seconds
[2026-06-02T04:14:16.269+0000] {processor.py:161} INFO - Started process (PID=26452) to work on /home/airflow/.local/lib/python3.12/site-packages/airflow/example_dags/example_task_group_decorator.py
[2026-06-02T04:14:16.271+0000] {processor.py:830} INFO - Processing file /home/airflow/.local/lib/python3.12/site-packages/airflow/example_dags/example_task_group_decorator.py for tasks to queue
[2026-06-02T04:14:16.273+0000] {logging_mixin.py:188} INFO - [2026-06-02T04:14:16.272+0000] {dagbag.py:540} INFO - Filling up the DagBag from /home/airflow/.local/lib/python3.12/site-packages/airflow/example_dags/example_task_group_decorator.py
[2026-06-02T04:14:16.284+0000] {processor.py:840} INFO - DAG(s) 'example_task_group_decorator' retrieved from /home/airflow/.local/lib/python3.12/site-packages/airflow/example_dags/example_task_group_decorator.py
[2026-06-02T04:14:16.303+0000] {logging_mixin.py:188} INFO - [2026-06-02T04:14:16.303+0000] {dag.py:3096} INFO - Sync 1 DAGs
[2026-06-02T04:14:16.319+0000] {logging_mixin.py:188} INFO - [2026-06-02T04:14:16.319+0000] {dag.py:3954} INFO - Setting next_dagrun for example_task_group_decorator to 2026-06-01 00:00:00+00:00, run_after=2026-06-02 00:00:00+00:00
[2026-06-02T04:14:16.334+0000] {processor.py:183} INFO - Processing /home/airflow/.local/lib/python3.12/site-packages/airflow/example_dags/example_task_group_decorator.py took 0.070 seconds
[2026-06-02T04:14:47.085+0000] {processor.py:161} INFO - Started process (PID=26511) to work on /home/airflow/.local/lib/python3.12/site-packages/airflow/example_dags/example_task_group_decorator.py
[2026-06-02T04:14:47.086+0000] {processor.py:830} INFO - Processing file /home/airflow/.local/lib/python3.12/site-packages/airflow/example_dags/example_task_group_decorator.py for tasks to queue
[2026-06-02T04:14:47.088+0000] {logging_mixin.py:188} INFO - [2026-06-02T04:14:47.087+0000] {dagbag.py:540} INFO - Filling up the DagBag from /home/airflow/.local/lib/python3.12/site-packages/airflow/example_dags/example_task_group_decorator.py
[2026-06-02T04:14:47.098+0000] {processor.py:840} INFO - DAG(s) 'example_task_group_decorator' retrieved from /home/airflow/.local/lib/python3.12/site-packages/airflow/example_dags/example_task_group_decorator.py
[2026-06-02T04:14:47.118+0000] {logging_mixin.py:188} INFO - [2026-06-02T04:14:47.118+0000] {dag.py:3096} INFO - Sync 1 DAGs
[2026-06-02T04:14:47.135+0000] {logging_mixin.py:188} INFO - [2026-06-02T04:14:47.135+0000] {dag.py:3954} INFO - Setting next_dagrun for example_task_group_decorator to 2026-06-01 00:00:00+00:00, run_after=2026-06-02 00:00:00+00:00
[2026-06-02T04:14:47.150+0000] {processor.py:183} INFO - Processing /home/airflow/.local/lib/python3.12/site-packages/airflow/example_dags/example_task_group_decorator.py took 0.070 seconds
[2026-06-02T04:15:17.634+0000] {processor.py:161} INFO - Started process (PID=26570) to work on /home/airflow/.local/lib/python3.12/site-packages/airflow/example_dags/example_task_group_decorator.py
[2026-06-02T04:15:17.635+0000] {processor.py:830} INFO - Processing file /home/airflow/.local/lib/python3.12/site-packages/airflow/example_dags/example_task_group_decorator.py for tasks to queue
[2026-06-02T04:15:17.637+0000] {logging_mixin.py:188} INFO - [2026-06-02T04:15:17.637+0000] {dagbag.py:540} INFO - Filling up the DagBag from /home/airflow/.local/lib/python3.12/site-packages/airflow/example_dags/example_task_group_decorator.py
[2026-06-02T04:15:17.648+0000] {processor.py:840} INFO - DAG(s) 'example_task_group_decorator' retrieved from /home/airflow/.local/lib/python3.12/site-packages/airflow/example_dags/example_task_group_decorator.py
[2026-06-02T04:15:17.667+0000] {logging_mixin.py:188} INFO - [2026-06-02T04:15:17.667+0000] {dag.py:3096} INFO - Sync 1 DAGs
[2026-06-02T04:15:17.684+0000] {logging_mixin.py:188} INFO - [2026-06-02T04:15:17.684+0000] {dag.py:3954} INFO - Setting next_dagrun for example_task_group_decorator to 2026-06-01 00:00:00+00:00, run_after=2026-06-02 00:00:00+00:00
[2026-06-02T04:15:17.698+0000] {processor.py:183} INFO - Processing /home/airflow/.local/lib/python3.12/site-packages/airflow/example_dags/example_task_group_decorator.py took 0.068 seconds
[2026-06-02T04:15:48.291+0000] {processor.py:161} INFO - Started process (PID=26629) to work on /home/airflow/.local/lib/python3.12/site-packages/airflow/example_dags/example_task_group_decorator.py
[2026-06-02T04:15:48.292+0000] {processor.py:830} INFO - Processing file /home/airflow/.local/lib/python3.12/site-packages/airflow/example_dags/example_task_group_decorator.py for tasks to queue
[2026-06-02T04:15:48.294+0000] {logging_mixin.py:188} INFO - [2026-06-02T04:15:48.293+0000] {dagbag.py:540} INFO - Filling up the DagBag from /home/airflow/.local/lib/python3.12/site-packages/airflow/example_dags/example_task_group_decorator.py
[2026-06-02T04:15:48.305+0000] {processor.py:840} INFO - DAG(s) 'example_task_group_decorator' retrieved from /home/airflow/.local/lib/python3.12/site-packages/airflow/example_dags/example_task_group_decorator.py
[2026-06-02T04:15:48.324+0000] {logging_mixin.py:188} INFO - [2026-06-02T04:15:48.324+0000] {dag.py:3096} INFO - Sync 1 DAGs
[2026-06-02T04:15:48.341+0000] {logging_mixin.py:188} INFO - [2026-06-02T04:15:48.341+0000] {dag.py:3954} INFO - Setting next_dagrun for example_task_group_decorator to 2026-06-01 00:00:00+00:00, run_after=2026-06-02 00:00:00+00:00
[2026-06-02T04:15:48.357+0000] {processor.py:183} INFO - Processing /home/airflow/.local/lib/python3.12/site-packages/airflow/example_dags/example_task_group_decorator.py took 0.070 seconds
[2026-06-02T04:16:18.935+0000] {processor.py:161} INFO - Started process (PID=26688) to work on /home/airflow/.local/lib/python3.12/site-packages/airflow/example_dags/example_task_group_decorator.py
[2026-06-02T04:16:18.936+0000] {processor.py:830} INFO - Processing file /home/airflow/.local/lib/python3.12/site-packages/airflow/example_dags/example_task_group_decorator.py for tasks to queue
[2026-06-02T04:16:18.937+0000] {logging_mixin.py:188} INFO - [2026-06-02T04:16:18.937+0000] {dagbag.py:540} INFO - Filling up the DagBag from /home/airflow/.local/lib/python3.12/site-packages/airflow/example_dags/example_task_group_decorator.py
[2026-06-02T04:16:18.948+0000] {processor.py:840} INFO - DAG(s) 'example_task_group_decorator' retrieved from /home/airflow/.local/lib/python3.12/site-packages/airflow/example_dags/example_task_group_decorator.py
[2026-06-02T04:16:18.969+0000] {logging_mixin.py:188} INFO - [2026-06-02T04:16:18.969+0000] {dag.py:3096} INFO - Sync 1 DAGs
[2026-06-02T04:16:18.985+0000] {logging_mixin.py:188} INFO - [2026-06-02T04:16:18.985+0000] {dag.py:3954} INFO - Setting next_dagrun for example_task_group_decorator to 2026-06-01 00:00:00+00:00, run_after=2026-06-02 00:00:00+00:00
[2026-06-02T04:16:19.001+0000] {processor.py:183} INFO - Processing /home/airflow/.local/lib/python3.12/site-packages/airflow/example_dags/example_task_group_decorator.py took 0.071 seconds
[2026-06-02T04:16:49.590+0000] {processor.py:161} INFO - Started process (PID=26747) to work on /home/airflow/.local/lib/python3.12/site-packages/airflow/example_dags/example_task_group_decorator.py
[2026-06-02T04:16:49.591+0000] {processor.py:830} INFO - Processing file /home/airflow/.local/lib/python3.12/site-packages/airflow/example_dags/example_task_group_decorator.py for tasks to queue
[2026-06-02T04:16:49.593+0000] {logging_mixin.py:188} INFO - [2026-06-02T04:16:49.593+0000] {dagbag.py:540} INFO - Filling up the DagBag from /home/airflow/.local/lib/python3.12/site-packages/airflow/example_dags/example_task_group_decorator.py
[2026-06-02T04:16:49.604+0000] {processor.py:840} INFO - DAG(s) 'example_task_group_decorator' retrieved from /home/airflow/.local/lib/python3.12/site-packages/airflow/example_dags/example_task_group_decorator.py
[2026-06-02T04:16:49.625+0000] {logging_mixin.py:188} INFO - [2026-06-02T04:16:49.624+0000] {dag.py:3096} INFO - Sync 1 DAGs
[2026-06-02T04:16:49.641+0000] {logging_mixin.py:188} INFO - [2026-06-02T04:16:49.641+0000] {dag.py:3954} INFO - Setting next_dagrun for example_task_group_decorator to 2026-06-01 00:00:00+00:00, run_after=2026-06-02 00:00:00+00:00
[2026-06-02T04:16:49.655+0000] {processor.py:183} INFO - Processing /home/airflow/.local/lib/python3.12/site-packages/airflow/example_dags/example_task_group_decorator.py took 0.070 seconds
[2026-06-02T04:17:20.221+0000] {processor.py:161} INFO - Started process (PID=26812) to work on /home/airflow/.local/lib/python3.12/site-packages/airflow/example_dags/example_task_group_decorator.py
[2026-06-02T04:17:20.222+0000] {processor.py:830} INFO - Processing file /home/airflow/.local/lib/python3.12/site-packages/airflow/example_dags/example_task_group_decorator.py for tasks to queue
[2026-06-02T04:17:20.224+0000] {logging_mixin.py:188} INFO - [2026-06-02T04:17:20.224+0000] {dagbag.py:540} INFO - Filling up the DagBag from /home/airflow/.local/lib/python3.12/site-packages/airflow/example_dags/example_task_group_decorator.py
[2026-06-02T04:17:20.236+0000] {processor.py:840} INFO - DAG(s) 'example_task_group_decorator' retrieved from /home/airflow/.local/lib/python3.12/site-packages/airflow/example_dags/example_task_group_decorator.py
[2026-06-02T04:17:20.258+0000] {logging_mixin.py:188} INFO - [2026-06-02T04:17:20.258+0000] {dag.py:3096} INFO - Sync 1 DAGs
[2026-06-02T04:17:20.276+0000] {logging_mixin.py:188} INFO - [2026-06-02T04:17:20.276+0000] {dag.py:3954} INFO - Setting next_dagrun for example_task_group_decorator to 2026-06-01 00:00:00+00:00, run_after=2026-06-02 00:00:00+00:00
[2026-06-02T04:17:20.295+0000] {processor.py:183} INFO - Processing /home/airflow/.local/lib/python3.12/site-packages/airflow/example_dags/example_task_group_decorator.py took 0.079 seconds
[2026-06-02T04:17:50.360+0000] {processor.py:161} INFO - Started process (PID=26871) to work on /home/airflow/.local/lib/python3.12/site-packages/airflow/example_dags/example_task_group_decorator.py
[2026-06-02T04:17:50.362+0000] {processor.py:830} INFO - Processing file /home/airflow/.local/lib/python3.12/site-packages/airflow/example_dags/example_task_group_decorator.py for tasks to queue
[2026-06-02T04:17:50.364+0000] {logging_mixin.py:188} INFO - [2026-06-02T04:17:50.363+0000] {dagbag.py:540} INFO - Filling up the DagBag from /home/airflow/.local/lib/python3.12/site-packages/airflow/example_dags/example_task_group_decorator.py
[2026-06-02T04:17:50.375+0000] {processor.py:840} INFO - DAG(s) 'example_task_group_decorator' retrieved from /home/airflow/.local/lib/python3.12/site-packages/airflow/example_dags/example_task_group_decorator.py
[2026-06-02T04:17:50.395+0000] {logging_mixin.py:188} INFO - [2026-06-02T04:17:50.395+0000] {dag.py:3096} INFO - Sync 1 DAGs
[2026-06-02T04:17:50.412+0000] {logging_mixin.py:188} INFO - [2026-06-02T04:17:50.411+0000] {dag.py:3954} INFO - Setting next_dagrun for example_task_group_decorator to 2026-06-01 00:00:00+00:00, run_after=2026-06-02 00:00:00+00:00
[2026-06-02T04:17:50.428+0000] {processor.py:183} INFO - Processing /home/airflow/.local/lib/python3.12/site-packages/airflow/example_dags/example_task_group_decorator.py took 0.072 seconds
[2026-06-02T04:18:21.005+0000] {processor.py:161} INFO - Started process (PID=26930) to work on /home/airflow/.local/lib/python3.12/site-packages/airflow/example_dags/example_task_group_decorator.py
[2026-06-02T04:18:21.006+0000] {processor.py:830} INFO - Processing file /home/airflow/.local/lib/python3.12/site-packages/airflow/example_dags/example_task_group_decorator.py for tasks to queue
[2026-06-02T04:18:21.008+0000] {logging_mixin.py:188} INFO - [2026-06-02T04:18:21.008+0000] {dagbag.py:540} INFO - Filling up the DagBag from /home/airflow/.local/lib/python3.12/site-packages/airflow/example_dags/example_task_group_decorator.py
[2026-06-02T04:18:21.019+0000] {processor.py:840} INFO - DAG(s) 'example_task_group_decorator' retrieved from /home/airflow/.local/lib/python3.12/site-packages/airflow/example_dags/example_task_group_decorator.py
[2026-06-02T04:18:21.038+0000] {logging_mixin.py:188} INFO - [2026-06-02T04:18:21.038+0000] {dag.py:3096} INFO - Sync 1 DAGs
[2026-06-02T04:18:21.053+0000] {logging_mixin.py:188} INFO - [2026-06-02T04:18:21.053+0000] {dag.py:3954} INFO - Setting next_dagrun for example_task_group_decorator to 2026-06-01 00:00:00+00:00, run_after=2026-06-02 00:00:00+00:00
[2026-06-02T04:18:21.069+0000] {processor.py:183} INFO - Processing /home/airflow/.local/lib/python3.12/site-packages/airflow/example_dags/example_task_group_decorator.py took 0.069 seconds
[2026-06-02T04:18:51.328+0000] {processor.py:161} INFO - Started process (PID=26989) to work on /home/airflow/.local/lib/python3.12/site-packages/airflow/example_dags/example_task_group_decorator.py
[2026-06-02T04:18:51.329+0000] {processor.py:830} INFO - Processing file /home/airflow/.local/lib/python3.12/site-packages/airflow/example_dags/example_task_group_decorator.py for tasks to queue
[2026-06-02T04:18:51.331+0000] {logging_mixin.py:188} INFO - [2026-06-02T04:18:51.330+0000] {dagbag.py:540} INFO - Filling up the DagBag from /home/airflow/.local/lib/python3.12/site-packages/airflow/example_dags/example_task_group_decorator.py
[2026-06-02T04:18:51.342+0000] {processor.py:840} INFO - DAG(s) 'example_task_group_decorator' retrieved from /home/airflow/.local/lib/python3.12/site-packages/airflow/example_dags/example_task_group_decorator.py
[2026-06-02T04:18:51.361+0000] {logging_mixin.py:188} INFO - [2026-06-02T04:18:51.361+0000] {dag.py:3096} INFO - Sync 1 DAGs
[2026-06-02T04:18:51.377+0000] {logging_mixin.py:188} INFO - [2026-06-02T04:18:51.377+0000] {dag.py:3954} INFO - Setting next_dagrun for example_task_group_decorator to 2026-06-01 00:00:00+00:00, run_after=2026-06-02 00:00:00+00:00
[2026-06-02T04:18:51.392+0000] {processor.py:183} INFO - Processing /home/airflow/.local/lib/python3.12/site-packages/airflow/example_dags/example_task_group_decorator.py took 0.069 seconds
[2026-06-02T04:19:21.999+0000] {processor.py:161} INFO - Started process (PID=27048) to work on /home/airflow/.local/lib/python3.12/site-packages/airflow/example_dags/example_task_group_decorator.py
[2026-06-02T04:19:22.000+0000] {processor.py:830} INFO - Processing file /home/airflow/.local/lib/python3.12/site-packages/airflow/example_dags/example_task_group_decorator.py for tasks to queue
[2026-06-02T04:19:22.002+0000] {logging_mixin.py:188} INFO - [2026-06-02T04:19:22.002+0000] {dagbag.py:540} INFO - Filling up the DagBag from /home/airflow/.local/lib/python3.12/site-packages/airflow/example_dags/example_task_group_decorator.py
[2026-06-02T04:19:22.014+0000] {processor.py:840} INFO - DAG(s) 'example_task_group_decorator' retrieved from /home/airflow/.local/lib/python3.12/site-packages/airflow/example_dags/example_task_group_decorator.py
[2026-06-02T04:19:22.033+0000] {logging_mixin.py:188} INFO - [2026-06-02T04:19:22.033+0000] {dag.py:3096} INFO - Sync 1 DAGs
[2026-06-02T04:19:22.050+0000] {logging_mixin.py:188} INFO - [2026-06-02T04:19:22.050+0000] {dag.py:3954} INFO - Setting next_dagrun for example_task_group_decorator to 2026-06-01 00:00:00+00:00, run_after=2026-06-02 00:00:00+00:00
[2026-06-02T04:19:22.064+0000] {processor.py:183} INFO - Processing /home/airflow/.local/lib/python3.12/site-packages/airflow/example_dags/example_task_group_decorator.py took 0.070 seconds
[2026-06-02T04:19:52.169+0000] {processor.py:161} INFO - Started process (PID=27107) to work on /home/airflow/.local/lib/python3.12/site-packages/airflow/example_dags/example_task_group_decorator.py
[2026-06-02T04:19:52.171+0000] {processor.py:830} INFO - Processing file /home/airflow/.local/lib/python3.12/site-packages/airflow/example_dags/example_task_group_decorator.py for tasks to queue
[2026-06-02T04:19:52.173+0000] {logging_mixin.py:188} INFO - [2026-06-02T04:19:52.172+0000] {dagbag.py:540} INFO - Filling up the DagBag from /home/airflow/.local/lib/python3.12/site-packages/airflow/example_dags/example_task_group_decorator.py
[2026-06-02T04:19:52.184+0000] {processor.py:840} INFO - DAG(s) 'example_task_group_decorator' retrieved from /home/airflow/.local/lib/python3.12/site-packages/airflow/example_dags/example_task_group_decorator.py
[2026-06-02T04:19:52.203+0000] {logging_mixin.py:188} INFO - [2026-06-02T04:19:52.203+0000] {dag.py:3096} INFO - Sync 1 DAGs
[2026-06-02T04:19:52.220+0000] {logging_mixin.py:188} INFO - [2026-06-02T04:19:52.219+0000] {dag.py:3954} INFO - Setting next_dagrun for example_task_group_decorator to 2026-06-01 00:00:00+00:00, run_after=2026-06-02 00:00:00+00:00
[2026-06-02T04:19:52.235+0000] {processor.py:183} INFO - Processing /home/airflow/.local/lib/python3.12/site-packages/airflow/example_dags/example_task_group_decorator.py took 0.071 seconds
[2026-06-02T04:20:22.928+0000] {processor.py:161} INFO - Started process (PID=27166) to work on /home/airflow/.local/lib/python3.12/site-packages/airflow/example_dags/example_task_group_decorator.py
[2026-06-02T04:20:22.929+0000] {processor.py:830} INFO - Processing file /home/airflow/.local/lib/python3.12/site-packages/airflow/example_dags/example_task_group_decorator.py for tasks to queue
[2026-06-02T04:20:22.931+0000] {logging_mixin.py:188} INFO - [2026-06-02T04:20:22.930+0000] {dagbag.py:540} INFO - Filling up the DagBag from /home/airflow/.local/lib/python3.12/site-packages/airflow/example_dags/example_task_group_decorator.py
[2026-06-02T04:20:22.942+0000] {processor.py:840} INFO - DAG(s) 'example_task_group_decorator' retrieved from /home/airflow/.local/lib/python3.12/site-packages/airflow/example_dags/example_task_group_decorator.py
[2026-06-02T04:20:22.964+0000] {logging_mixin.py:188} INFO - [2026-06-02T04:20:22.963+0000] {dag.py:3096} INFO - Sync 1 DAGs
[2026-06-02T04:20:22.983+0000] {logging_mixin.py:188} INFO - [2026-06-02T04:20:22.982+0000] {dag.py:3954} INFO - Setting next_dagrun for example_task_group_decorator to 2026-06-01 00:00:00+00:00, run_after=2026-06-02 00:00:00+00:00
[2026-06-02T04:20:22.998+0000] {processor.py:183} INFO - Processing /home/airflow/.local/lib/python3.12/site-packages/airflow/example_dags/example_task_group_decorator.py took 0.076 seconds
[2026-06-02T04:20:53.602+0000] {processor.py:161} INFO - Started process (PID=27225) to work on /home/airflow/.local/lib/python3.12/site-packages/airflow/example_dags/example_task_group_decorator.py
[2026-06-02T04:20:53.603+0000] {processor.py:830} INFO - Processing file /home/airflow/.local/lib/python3.12/site-packages/airflow/example_dags/example_task_group_decorator.py for tasks to queue
[2026-06-02T04:20:53.605+0000] {logging_mixin.py:188} INFO - [2026-06-02T04:20:53.605+0000] {dagbag.py:540} INFO - Filling up the DagBag from /home/airflow/.local/lib/python3.12/site-packages/airflow/example_dags/example_task_group_decorator.py
[2026-06-02T04:20:53.617+0000] {processor.py:840} INFO - DAG(s) 'example_task_group_decorator' retrieved from /home/airflow/.local/lib/python3.12/site-packages/airflow/example_dags/example_task_group_decorator.py
[2026-06-02T04:20:53.637+0000] {logging_mixin.py:188} INFO - [2026-06-02T04:20:53.636+0000] {dag.py:3096} INFO - Sync 1 DAGs
[2026-06-02T04:20:53.654+0000] {logging_mixin.py:188} INFO - [2026-06-02T04:20:53.654+0000] {dag.py:3954} INFO - Setting next_dagrun for example_task_group_decorator to 2026-06-01 00:00:00+00:00, run_after=2026-06-02 00:00:00+00:00
[2026-06-02T04:20:53.670+0000] {processor.py:183} INFO - Processing /home/airflow/.local/lib/python3.12/site-packages/airflow/example_dags/example_task_group_decorator.py took 0.073 seconds
[2026-06-02T04:21:23.786+0000] {processor.py:161} INFO - Started process (PID=27284) to work on /home/airflow/.local/lib/python3.12/site-packages/airflow/example_dags/example_task_group_decorator.py
[2026-06-02T04:21:23.787+0000] {processor.py:830} INFO - Processing file /home/airflow/.local/lib/python3.12/site-packages/airflow/example_dags/example_task_group_decorator.py for tasks to queue
[2026-06-02T04:21:23.789+0000] {logging_mixin.py:188} INFO - [2026-06-02T04:21:23.789+0000] {dagbag.py:540} INFO - Filling up the DagBag from /home/airflow/.local/lib/python3.12/site-packages/airflow/example_dags/example_task_group_decorator.py
[2026-06-02T04:21:23.799+0000] {processor.py:840} INFO - DAG(s) 'example_task_group_decorator' retrieved from /home/airflow/.local/lib/python3.12/site-packages/airflow/example_dags/example_task_group_decorator.py
[2026-06-02T04:21:23.819+0000] {logging_mixin.py:188} INFO - [2026-06-02T04:21:23.819+0000] {dag.py:3096} INFO - Sync 1 DAGs
[2026-06-02T04:21:23.835+0000] {logging_mixin.py:188} INFO - [2026-06-02T04:21:23.835+0000] {dag.py:3954} INFO - Setting next_dagrun for example_task_group_decorator to 2026-06-01 00:00:00+00:00, run_after=2026-06-02 00:00:00+00:00
[2026-06-02T04:21:23.850+0000] {processor.py:183} INFO - Processing /home/airflow/.local/lib/python3.12/site-packages/airflow/example_dags/example_task_group_decorator.py took 0.068 seconds
[2026-06-02T04:21:54.077+0000] {processor.py:161} INFO - Started process (PID=27344) to work on /home/airflow/.local/lib/python3.12/site-packages/airflow/example_dags/example_task_group_decorator.py
[2026-06-02T04:21:54.078+0000] {processor.py:830} INFO - Processing file /home/airflow/.local/lib/python3.12/site-packages/airflow/example_dags/example_task_group_decorator.py for tasks to queue
[2026-06-02T04:21:54.080+0000] {logging_mixin.py:188} INFO - [2026-06-02T04:21:54.079+0000] {dagbag.py:540} INFO - Filling up the DagBag from /home/airflow/.local/lib/python3.12/site-packages/airflow/example_dags/example_task_group_decorator.py
[2026-06-02T04:21:54.090+0000] {processor.py:840} INFO - DAG(s) 'example_task_group_decorator' retrieved from /home/airflow/.local/lib/python3.12/site-packages/airflow/example_dags/example_task_group_decorator.py
[2026-06-02T04:21:54.109+0000] {logging_mixin.py:188} INFO - [2026-06-02T04:21:54.109+0000] {dag.py:3096} INFO - Sync 1 DAGs
[2026-06-02T04:21:54.125+0000] {logging_mixin.py:188} INFO - [2026-06-02T04:21:54.125+0000] {dag.py:3954} INFO - Setting next_dagrun for example_task_group_decorator to 2026-06-01 00:00:00+00:00, run_after=2026-06-02 00:00:00+00:00
[2026-06-02T04:21:54.141+0000] {processor.py:183} INFO - Processing /home/airflow/.local/lib/python3.12/site-packages/airflow/example_dags/example_task_group_decorator.py took 0.069 seconds
[2026-06-02T04:22:24.359+0000] {processor.py:161} INFO - Started process (PID=27402) to work on /home/airflow/.local/lib/python3.12/site-packages/airflow/example_dags/example_task_group_decorator.py
[2026-06-02T04:22:24.360+0000] {processor.py:830} INFO - Processing file /home/airflow/.local/lib/python3.12/site-packages/airflow/example_dags/example_task_group_decorator.py for tasks to queue
[2026-06-02T04:22:24.362+0000] {logging_mixin.py:188} INFO - [2026-06-02T04:22:24.362+0000] {dagbag.py:540} INFO - Filling up the DagBag from /home/airflow/.local/lib/python3.12/site-packages/airflow/example_dags/example_task_group_decorator.py
[2026-06-02T04:22:24.373+0000] {processor.py:840} INFO - DAG(s) 'example_task_group_decorator' retrieved from /home/airflow/.local/lib/python3.12/site-packages/airflow/example_dags/example_task_group_decorator.py
[2026-06-02T04:22:24.393+0000] {logging_mixin.py:188} INFO - [2026-06-02T04:22:24.393+0000] {dag.py:3096} INFO - Sync 1 DAGs
[2026-06-02T04:22:24.410+0000] {logging_mixin.py:188} INFO - [2026-06-02T04:22:24.410+0000] {dag.py:3954} INFO - Setting next_dagrun for example_task_group_decorator to 2026-06-01 00:00:00+00:00, run_after=2026-06-02 00:00:00+00:00
[2026-06-02T04:22:24.425+0000] {processor.py:183} INFO - Processing /home/airflow/.local/lib/python3.12/site-packages/airflow/example_dags/example_task_group_decorator.py took 0.071 seconds
[2026-06-02T04:22:54.539+0000] {processor.py:161} INFO - Started process (PID=27461) to work on /home/airflow/.local/lib/python3.12/site-packages/airflow/example_dags/example_task_group_decorator.py
[2026-06-02T04:22:54.540+0000] {processor.py:830} INFO - Processing file /home/airflow/.local/lib/python3.12/site-packages/airflow/example_dags/example_task_group_decorator.py for tasks to queue
[2026-06-02T04:22:54.542+0000] {logging_mixin.py:188} INFO - [2026-06-02T04:22:54.542+0000] {dagbag.py:540} INFO - Filling up the DagBag from /home/airflow/.local/lib/python3.12/site-packages/airflow/example_dags/example_task_group_decorator.py
[2026-06-02T04:22:54.554+0000] {processor.py:840} INFO - DAG(s) 'example_task_group_decorator' retrieved from /home/airflow/.local/lib/python3.12/site-packages/airflow/example_dags/example_task_group_decorator.py
[2026-06-02T04:22:54.572+0000] {logging_mixin.py:188} INFO - [2026-06-02T04:22:54.572+0000] {dag.py:3096} INFO - Sync 1 DAGs
[2026-06-02T04:22:54.588+0000] {logging_mixin.py:188} INFO - [2026-06-02T04:22:54.588+0000] {dag.py:3954} INFO - Setting next_dagrun for example_task_group_decorator to 2026-06-01 00:00:00+00:00, run_after=2026-06-02 00:00:00+00:00
[2026-06-02T04:22:54.602+0000] {processor.py:183} INFO - Processing /home/airflow/.local/lib/python3.12/site-packages/airflow/example_dags/example_task_group_decorator.py took 0.068 seconds
[2026-06-02T04:23:24.637+0000] {processor.py:161} INFO - Started process (PID=27520) to work on /home/airflow/.local/lib/python3.12/site-packages/airflow/example_dags/example_task_group_decorator.py
[2026-06-02T04:23:24.638+0000] {processor.py:830} INFO - Processing file /home/airflow/.local/lib/python3.12/site-packages/airflow/example_dags/example_task_group_decorator.py for tasks to queue
[2026-06-02T04:23:24.640+0000] {logging_mixin.py:188} INFO - [2026-06-02T04:23:24.640+0000] {dagbag.py:540} INFO - Filling up the DagBag from /home/airflow/.local/lib/python3.12/site-packages/airflow/example_dags/example_task_group_decorator.py
[2026-06-02T04:23:24.652+0000] {processor.py:840} INFO - DAG(s) 'example_task_group_decorator' retrieved from /home/airflow/.local/lib/python3.12/site-packages/airflow/example_dags/example_task_group_decorator.py
[2026-06-02T04:23:24.671+0000] {logging_mixin.py:188} INFO - [2026-06-02T04:23:24.671+0000] {dag.py:3096} INFO - Sync 1 DAGs
[2026-06-02T04:23:24.689+0000] {logging_mixin.py:188} INFO - [2026-06-02T04:23:24.689+0000] {dag.py:3954} INFO - Setting next_dagrun for example_task_group_decorator to 2026-06-01 00:00:00+00:00, run_after=2026-06-02 00:00:00+00:00
[2026-06-02T04:23:24.705+0000] {processor.py:183} INFO - Processing /home/airflow/.local/lib/python3.12/site-packages/airflow/example_dags/example_task_group_decorator.py took 0.073 seconds
[2026-06-02T04:23:55.083+0000] {processor.py:161} INFO - Started process (PID=27579) to work on /home/airflow/.local/lib/python3.12/site-packages/airflow/example_dags/example_task_group_decorator.py
[2026-06-02T04:23:55.084+0000] {processor.py:830} INFO - Processing file /home/airflow/.local/lib/python3.12/site-packages/airflow/example_dags/example_task_group_decorator.py for tasks to queue
[2026-06-02T04:23:55.086+0000] {logging_mixin.py:188} INFO - [2026-06-02T04:23:55.086+0000] {dagbag.py:540} INFO - Filling up the DagBag from /home/airflow/.local/lib/python3.12/site-packages/airflow/example_dags/example_task_group_decorator.py
[2026-06-02T04:23:55.098+0000] {processor.py:840} INFO - DAG(s) 'example_task_group_decorator' retrieved from /home/airflow/.local/lib/python3.12/site-packages/airflow/example_dags/example_task_group_decorator.py
[2026-06-02T04:23:55.118+0000] {logging_mixin.py:188} INFO - [2026-06-02T04:23:55.118+0000] {dag.py:3096} INFO - Sync 1 DAGs
[2026-06-02T04:23:55.135+0000] {logging_mixin.py:188} INFO - [2026-06-02T04:23:55.135+0000] {dag.py:3954} INFO - Setting next_dagrun for example_task_group_decorator to 2026-06-01 00:00:00+00:00, run_after=2026-06-02 00:00:00+00:00
[2026-06-02T04:23:55.151+0000] {processor.py:183} INFO - Processing /home/airflow/.local/lib/python3.12/site-packages/airflow/example_dags/example_task_group_decorator.py took 0.073 seconds
[2026-06-02T04:24:25.730+0000] {processor.py:161} INFO - Started process (PID=27638) to work on /home/airflow/.local/lib/python3.12/site-packages/airflow/example_dags/example_task_group_decorator.py
[2026-06-02T04:24:25.731+0000] {processor.py:830} INFO - Processing file /home/airflow/.local/lib/python3.12/site-packages/airflow/example_dags/example_task_group_decorator.py for tasks to queue
[2026-06-02T04:24:25.734+0000] {logging_mixin.py:188} INFO - [2026-06-02T04:24:25.733+0000] {dagbag.py:540} INFO - Filling up the DagBag from /home/airflow/.local/lib/python3.12/site-packages/airflow/example_dags/example_task_group_decorator.py
[2026-06-02T04:24:25.746+0000] {processor.py:840} INFO - DAG(s) 'example_task_group_decorator' retrieved from /home/airflow/.local/lib/python3.12/site-packages/airflow/example_dags/example_task_group_decorator.py
[2026-06-02T04:24:25.769+0000] {logging_mixin.py:188} INFO - [2026-06-02T04:24:25.769+0000] {dag.py:3096} INFO - Sync 1 DAGs
[2026-06-02T04:24:25.788+0000] {logging_mixin.py:188} INFO - [2026-06-02T04:24:25.788+0000] {dag.py:3954} INFO - Setting next_dagrun for example_task_group_decorator to 2026-06-01 00:00:00+00:00, run_after=2026-06-02 00:00:00+00:00
[2026-06-02T04:24:25.807+0000] {processor.py:183} INFO - Processing /home/airflow/.local/lib/python3.12/site-packages/airflow/example_dags/example_task_group_decorator.py took 0.084 seconds
[2026-06-02T04:24:56.227+0000] {processor.py:161} INFO - Started process (PID=27697) to work on /home/airflow/.local/lib/python3.12/site-packages/airflow/example_dags/example_task_group_decorator.py
[2026-06-02T04:24:56.228+0000] {processor.py:830} INFO - Processing file /home/airflow/.local/lib/python3.12/site-packages/airflow/example_dags/example_task_group_decorator.py for tasks to queue
[2026-06-02T04:24:56.229+0000] {logging_mixin.py:188} INFO - [2026-06-02T04:24:56.229+0000] {dagbag.py:540} INFO - Filling up the DagBag from /home/airflow/.local/lib/python3.12/site-packages/airflow/example_dags/example_task_group_decorator.py
[2026-06-02T04:24:56.240+0000] {processor.py:840} INFO - DAG(s) 'example_task_group_decorator' retrieved from /home/airflow/.local/lib/python3.12/site-packages/airflow/example_dags/example_task_group_decorator.py
[2026-06-02T04:24:56.260+0000] {logging_mixin.py:188} INFO - [2026-06-02T04:24:56.260+0000] {dag.py:3096} INFO - Sync 1 DAGs
[2026-06-02T04:24:56.276+0000] {logging_mixin.py:188} INFO - [2026-06-02T04:24:56.276+0000] {dag.py:3954} INFO - Setting next_dagrun for example_task_group_decorator to 2026-06-01 00:00:00+00:00, run_after=2026-06-02 00:00:00+00:00
[2026-06-02T04:24:56.291+0000] {processor.py:183} INFO - Processing /home/airflow/.local/lib/python3.12/site-packages/airflow/example_dags/example_task_group_decorator.py took 0.069 seconds
[2026-06-02T04:25:26.577+0000] {processor.py:161} INFO - Started process (PID=27756) to work on /home/airflow/.local/lib/python3.12/site-packages/airflow/example_dags/example_task_group_decorator.py
[2026-06-02T04:25:26.578+0000] {processor.py:830} INFO - Processing file /home/airflow/.local/lib/python3.12/site-packages/airflow/example_dags/example_task_group_decorator.py for tasks to queue
[2026-06-02T04:25:26.580+0000] {logging_mixin.py:188} INFO - [2026-06-02T04:25:26.580+0000] {dagbag.py:540} INFO - Filling up the DagBag from /home/airflow/.local/lib/python3.12/site-packages/airflow/example_dags/example_task_group_decorator.py
[2026-06-02T04:25:26.591+0000] {processor.py:840} INFO - DAG(s) 'example_task_group_decorator' retrieved from /home/airflow/.local/lib/python3.12/site-packages/airflow/example_dags/example_task_group_decorator.py
[2026-06-02T04:25:26.611+0000] {logging_mixin.py:188} INFO - [2026-06-02T04:25:26.611+0000] {dag.py:3096} INFO - Sync 1 DAGs
[2026-06-02T04:25:26.628+0000] {logging_mixin.py:188} INFO - [2026-06-02T04:25:26.628+0000] {dag.py:3954} INFO - Setting next_dagrun for example_task_group_decorator to 2026-06-01 00:00:00+00:00, run_after=2026-06-02 00:00:00+00:00
[2026-06-02T04:25:26.642+0000] {processor.py:183} INFO - Processing /home/airflow/.local/lib/python3.12/site-packages/airflow/example_dags/example_task_group_decorator.py took 0.070 seconds
[2026-06-02T04:25:57.118+0000] {processor.py:161} INFO - Started process (PID=27815) to work on /home/airflow/.local/lib/python3.12/site-packages/airflow/example_dags/example_task_group_decorator.py
[2026-06-02T04:25:57.119+0000] {processor.py:830} INFO - Processing file /home/airflow/.local/lib/python3.12/site-packages/airflow/example_dags/example_task_group_decorator.py for tasks to queue
[2026-06-02T04:25:57.121+0000] {logging_mixin.py:188} INFO - [2026-06-02T04:25:57.120+0000] {dagbag.py:540} INFO - Filling up the DagBag from /home/airflow/.local/lib/python3.12/site-packages/airflow/example_dags/example_task_group_decorator.py
[2026-06-02T04:25:57.132+0000] {processor.py:840} INFO - DAG(s) 'example_task_group_decorator' retrieved from /home/airflow/.local/lib/python3.12/site-packages/airflow/example_dags/example_task_group_decorator.py
[2026-06-02T04:25:57.151+0000] {logging_mixin.py:188} INFO - [2026-06-02T04:25:57.151+0000] {dag.py:3096} INFO - Sync 1 DAGs
[2026-06-02T04:25:57.168+0000] {logging_mixin.py:188} INFO - [2026-06-02T04:25:57.167+0000] {dag.py:3954} INFO - Setting next_dagrun for example_task_group_decorator to 2026-06-01 00:00:00+00:00, run_after=2026-06-02 00:00:00+00:00
[2026-06-02T04:25:57.183+0000] {processor.py:183} INFO - Processing /home/airflow/.local/lib/python3.12/site-packages/airflow/example_dags/example_task_group_decorator.py took 0.069 seconds
[2026-06-02T04:26:27.617+0000] {processor.py:161} INFO - Started process (PID=27874) to work on /home/airflow/.local/lib/python3.12/site-packages/airflow/example_dags/example_task_group_decorator.py
[2026-06-02T04:26:27.618+0000] {processor.py:830} INFO - Processing file /home/airflow/.local/lib/python3.12/site-packages/airflow/example_dags/example_task_group_decorator.py for tasks to queue
[2026-06-02T04:26:27.620+0000] {logging_mixin.py:188} INFO - [2026-06-02T04:26:27.620+0000] {dagbag.py:540} INFO - Filling up the DagBag from /home/airflow/.local/lib/python3.12/site-packages/airflow/example_dags/example_task_group_decorator.py
[2026-06-02T04:26:27.631+0000] {processor.py:840} INFO - DAG(s) 'example_task_group_decorator' retrieved from /home/airflow/.local/lib/python3.12/site-packages/airflow/example_dags/example_task_group_decorator.py
[2026-06-02T04:26:27.650+0000] {logging_mixin.py:188} INFO - [2026-06-02T04:26:27.650+0000] {dag.py:3096} INFO - Sync 1 DAGs
[2026-06-02T04:26:27.666+0000] {logging_mixin.py:188} INFO - [2026-06-02T04:26:27.666+0000] {dag.py:3954} INFO - Setting next_dagrun for example_task_group_decorator to 2026-06-01 00:00:00+00:00, run_after=2026-06-02 00:00:00+00:00
[2026-06-02T04:26:27.682+0000] {processor.py:183} INFO - Processing /home/airflow/.local/lib/python3.12/site-packages/airflow/example_dags/example_task_group_decorator.py took 0.070 seconds
[2026-06-02T04:26:58.197+0000] {processor.py:161} INFO - Started process (PID=27933) to work on /home/airflow/.local/lib/python3.12/site-packages/airflow/example_dags/example_task_group_decorator.py
[2026-06-02T04:26:58.198+0000] {processor.py:830} INFO - Processing file /home/airflow/.local/lib/python3.12/site-packages/airflow/example_dags/example_task_group_decorator.py for tasks to queue
[2026-06-02T04:26:58.200+0000] {logging_mixin.py:188} INFO - [2026-06-02T04:26:58.200+0000] {dagbag.py:540} INFO - Filling up the DagBag from /home/airflow/.local/lib/python3.12/site-packages/airflow/example_dags/example_task_group_decorator.py
[2026-06-02T04:26:58.211+0000] {processor.py:840} INFO - DAG(s) 'example_task_group_decorator' retrieved from /home/airflow/.local/lib/python3.12/site-packages/airflow/example_dags/example_task_group_decorator.py
[2026-06-02T04:26:58.230+0000] {logging_mixin.py:188} INFO - [2026-06-02T04:26:58.230+0000] {dag.py:3096} INFO - Sync 1 DAGs
[2026-06-02T04:26:58.247+0000] {logging_mixin.py:188} INFO - [2026-06-02T04:26:58.247+0000] {dag.py:3954} INFO - Setting next_dagrun for example_task_group_decorator to 2026-06-01 00:00:00+00:00, run_after=2026-06-02 00:00:00+00:00
[2026-06-02T04:26:58.266+0000] {processor.py:183} INFO - Processing /home/airflow/.local/lib/python3.12/site-packages/airflow/example_dags/example_task_group_decorator.py took 0.073 seconds
[2026-06-02T04:27:29.668+0000] {processor.py:161} INFO - Started process (PID=27992) to work on /home/airflow/.local/lib/python3.12/site-packages/airflow/example_dags/example_task_group_decorator.py
[2026-06-02T04:27:29.669+0000] {processor.py:830} INFO - Processing file /home/airflow/.local/lib/python3.12/site-packages/airflow/example_dags/example_task_group_decorator.py for tasks to queue
[2026-06-02T04:27:29.671+0000] {logging_mixin.py:188} INFO - [2026-06-02T04:27:29.670+0000] {dagbag.py:540} INFO - Filling up the DagBag from /home/airflow/.local/lib/python3.12/site-packages/airflow/example_dags/example_task_group_decorator.py
[2026-06-02T04:27:29.682+0000] {processor.py:840} INFO - DAG(s) 'example_task_group_decorator' retrieved from /home/airflow/.local/lib/python3.12/site-packages/airflow/example_dags/example_task_group_decorator.py
[2026-06-02T04:27:29.701+0000] {logging_mixin.py:188} INFO - [2026-06-02T04:27:29.701+0000] {dag.py:3096} INFO - Sync 1 DAGs
[2026-06-02T04:27:29.717+0000] {logging_mixin.py:188} INFO - [2026-06-02T04:27:29.717+0000] {dag.py:3954} INFO - Setting next_dagrun for example_task_group_decorator to 2026-06-01 00:00:00+00:00, run_after=2026-06-02 00:00:00+00:00
[2026-06-02T04:27:29.732+0000] {processor.py:183} INFO - Processing /home/airflow/.local/lib/python3.12/site-packages/airflow/example_dags/example_task_group_decorator.py took 0.069 seconds
[2026-06-02T04:28:00.271+0000] {processor.py:161} INFO - Started process (PID=28051) to work on /home/airflow/.local/lib/python3.12/site-packages/airflow/example_dags/example_task_group_decorator.py
[2026-06-02T04:28:00.272+0000] {processor.py:830} INFO - Processing file /home/airflow/.local/lib/python3.12/site-packages/airflow/example_dags/example_task_group_decorator.py for tasks to queue
[2026-06-02T04:28:00.274+0000] {logging_mixin.py:188} INFO - [2026-06-02T04:28:00.274+0000] {dagbag.py:540} INFO - Filling up the DagBag from /home/airflow/.local/lib/python3.12/site-packages/airflow/example_dags/example_task_group_decorator.py
[2026-06-02T04:28:00.286+0000] {processor.py:840} INFO - DAG(s) 'example_task_group_decorator' retrieved from /home/airflow/.local/lib/python3.12/site-packages/airflow/example_dags/example_task_group_decorator.py
[2026-06-02T04:28:00.310+0000] {logging_mixin.py:188} INFO - [2026-06-02T04:28:00.309+0000] {dag.py:3096} INFO - Sync 1 DAGs
[2026-06-02T04:28:00.328+0000] {logging_mixin.py:188} INFO - [2026-06-02T04:28:00.328+0000] {dag.py:3954} INFO - Setting next_dagrun for example_task_group_decorator to 2026-06-01 00:00:00+00:00, run_after=2026-06-02 00:00:00+00:00
[2026-06-02T04:28:00.344+0000] {processor.py:183} INFO - Processing /home/airflow/.local/lib/python3.12/site-packages/airflow/example_dags/example_task_group_decorator.py took 0.078 seconds
[2026-06-02T04:28:30.871+0000] {processor.py:161} INFO - Started process (PID=28110) to work on /home/airflow/.local/lib/python3.12/site-packages/airflow/example_dags/example_task_group_decorator.py
[2026-06-02T04:28:30.872+0000] {processor.py:830} INFO - Processing file /home/airflow/.local/lib/python3.12/site-packages/airflow/example_dags/example_task_group_decorator.py for tasks to queue
[2026-06-02T04:28:30.874+0000] {logging_mixin.py:188} INFO - [2026-06-02T04:28:30.874+0000] {dagbag.py:540} INFO - Filling up the DagBag from /home/airflow/.local/lib/python3.12/site-packages/airflow/example_dags/example_task_group_decorator.py
[2026-06-02T04:28:30.885+0000] {processor.py:840} INFO - DAG(s) 'example_task_group_decorator' retrieved from /home/airflow/.local/lib/python3.12/site-packages/airflow/example_dags/example_task_group_decorator.py
[2026-06-02T04:28:30.904+0000] {logging_mixin.py:188} INFO - [2026-06-02T04:28:30.903+0000] {dag.py:3096} INFO - Sync 1 DAGs
[2026-06-02T04:28:30.919+0000] {logging_mixin.py:188} INFO - [2026-06-02T04:28:30.919+0000] {dag.py:3954} INFO - Setting next_dagrun for example_task_group_decorator to 2026-06-01 00:00:00+00:00, run_after=2026-06-02 00:00:00+00:00
[2026-06-02T04:28:30.935+0000] {processor.py:183} INFO - Processing /home/airflow/.local/lib/python3.12/site-packages/airflow/example_dags/example_task_group_decorator.py took 0.068 seconds
[2026-06-02T04:29:01.398+0000] {processor.py:161} INFO - Started process (PID=28169) to work on /home/airflow/.local/lib/python3.12/site-packages/airflow/example_dags/example_task_group_decorator.py
[2026-06-02T04:29:01.400+0000] {processor.py:830} INFO - Processing file /home/airflow/.local/lib/python3.12/site-packages/airflow/example_dags/example_task_group_decorator.py for tasks to queue
[2026-06-02T04:29:01.402+0000] {logging_mixin.py:188} INFO - [2026-06-02T04:29:01.401+0000] {dagbag.py:540} INFO - Filling up the DagBag from /home/airflow/.local/lib/python3.12/site-packages/airflow/example_dags/example_task_group_decorator.py
[2026-06-02T04:29:01.413+0000] {processor.py:840} INFO - DAG(s) 'example_task_group_decorator' retrieved from /home/airflow/.local/lib/python3.12/site-packages/airflow/example_dags/example_task_group_decorator.py
[2026-06-02T04:29:01.434+0000] {logging_mixin.py:188} INFO - [2026-06-02T04:29:01.434+0000] {dag.py:3096} INFO - Sync 1 DAGs
[2026-06-02T04:29:01.451+0000] {logging_mixin.py:188} INFO - [2026-06-02T04:29:01.451+0000] {dag.py:3954} INFO - Setting next_dagrun for example_task_group_decorator to 2026-06-01 00:00:00+00:00, run_after=2026-06-02 00:00:00+00:00
[2026-06-02T04:29:01.467+0000] {processor.py:183} INFO - Processing /home/airflow/.local/lib/python3.12/site-packages/airflow/example_dags/example_task_group_decorator.py took 0.074 seconds
[2026-06-02T04:29:31.879+0000] {processor.py:161} INFO - Started process (PID=28228) to work on /home/airflow/.local/lib/python3.12/site-packages/airflow/example_dags/example_task_group_decorator.py
[2026-06-02T04:29:31.880+0000] {processor.py:830} INFO - Processing file /home/airflow/.local/lib/python3.12/site-packages/airflow/example_dags/example_task_group_decorator.py for tasks to queue
[2026-06-02T04:29:31.882+0000] {logging_mixin.py:188} INFO - [2026-06-02T04:29:31.882+0000] {dagbag.py:540} INFO - Filling up the DagBag from /home/airflow/.local/lib/python3.12/site-packages/airflow/example_dags/example_task_group_decorator.py
[2026-06-02T04:29:31.893+0000] {processor.py:840} INFO - DAG(s) 'example_task_group_decorator' retrieved from /home/airflow/.local/lib/python3.12/site-packages/airflow/example_dags/example_task_group_decorator.py
[2026-06-02T04:29:31.913+0000] {logging_mixin.py:188} INFO - [2026-06-02T04:29:31.913+0000] {dag.py:3096} INFO - Sync 1 DAGs
[2026-06-02T04:29:31.930+0000] {logging_mixin.py:188} INFO - [2026-06-02T04:29:31.930+0000] {dag.py:3954} INFO - Setting next_dagrun for example_task_group_decorator to 2026-06-01 00:00:00+00:00, run_after=2026-06-02 00:00:00+00:00
[2026-06-02T04:29:31.949+0000] {processor.py:183} INFO - Processing /home/airflow/.local/lib/python3.12/site-packages/airflow/example_dags/example_task_group_decorator.py took 0.074 seconds
[2026-06-02T04:30:02.280+0000] {processor.py:161} INFO - Started process (PID=28287) to work on /home/airflow/.local/lib/python3.12/site-packages/airflow/example_dags/example_task_group_decorator.py
[2026-06-02T04:30:02.281+0000] {processor.py:830} INFO - Processing file /home/airflow/.local/lib/python3.12/site-packages/airflow/example_dags/example_task_group_decorator.py for tasks to queue
[2026-06-02T04:30:02.283+0000] {logging_mixin.py:188} INFO - [2026-06-02T04:30:02.283+0000] {dagbag.py:540} INFO - Filling up the DagBag from /home/airflow/.local/lib/python3.12/site-packages/airflow/example_dags/example_task_group_decorator.py
[2026-06-02T04:30:02.293+0000] {processor.py:840} INFO - DAG(s) 'example_task_group_decorator' retrieved from /home/airflow/.local/lib/python3.12/site-packages/airflow/example_dags/example_task_group_decorator.py
[2026-06-02T04:30:02.312+0000] {logging_mixin.py:188} INFO - [2026-06-02T04:30:02.312+0000] {dag.py:3096} INFO - Sync 1 DAGs
[2026-06-02T04:30:02.329+0000] {logging_mixin.py:188} INFO - [2026-06-02T04:30:02.329+0000] {dag.py:3954} INFO - Setting next_dagrun for example_task_group_decorator to 2026-06-01 00:00:00+00:00, run_after=2026-06-02 00:00:00+00:00
[2026-06-02T04:30:02.346+0000] {processor.py:183} INFO - Processing /home/airflow/.local/lib/python3.12/site-packages/airflow/example_dags/example_task_group_decorator.py took 0.070 seconds
[2026-06-02T04:30:32.775+0000] {processor.py:161} INFO - Started process (PID=28346) to work on /home/airflow/.local/lib/python3.12/site-packages/airflow/example_dags/example_task_group_decorator.py
[2026-06-02T04:30:32.776+0000] {processor.py:830} INFO - Processing file /home/airflow/.local/lib/python3.12/site-packages/airflow/example_dags/example_task_group_decorator.py for tasks to queue
[2026-06-02T04:30:32.778+0000] {logging_mixin.py:188} INFO - [2026-06-02T04:30:32.778+0000] {dagbag.py:540} INFO - Filling up the DagBag from /home/airflow/.local/lib/python3.12/site-packages/airflow/example_dags/example_task_group_decorator.py
[2026-06-02T04:30:32.789+0000] {processor.py:840} INFO - DAG(s) 'example_task_group_decorator' retrieved from /home/airflow/.local/lib/python3.12/site-packages/airflow/example_dags/example_task_group_decorator.py
[2026-06-02T04:30:32.809+0000] {logging_mixin.py:188} INFO - [2026-06-02T04:30:32.808+0000] {dag.py:3096} INFO - Sync 1 DAGs
[2026-06-02T04:30:32.826+0000] {logging_mixin.py:188} INFO - [2026-06-02T04:30:32.826+0000] {dag.py:3954} INFO - Setting next_dagrun for example_task_group_decorator to 2026-06-01 00:00:00+00:00, run_after=2026-06-02 00:00:00+00:00
[2026-06-02T04:30:32.841+0000] {processor.py:183} INFO - Processing /home/airflow/.local/lib/python3.12/site-packages/airflow/example_dags/example_task_group_decorator.py took 0.070 seconds
[2026-06-02T04:31:03.377+0000] {processor.py:161} INFO - Started process (PID=28405) to work on /home/airflow/.local/lib/python3.12/site-packages/airflow/example_dags/example_task_group_decorator.py
[2026-06-02T04:31:03.378+0000] {processor.py:830} INFO - Processing file /home/airflow/.local/lib/python3.12/site-packages/airflow/example_dags/example_task_group_decorator.py for tasks to queue
[2026-06-02T04:31:03.380+0000] {logging_mixin.py:188} INFO - [2026-06-02T04:31:03.380+0000] {dagbag.py:540} INFO - Filling up the DagBag from /home/airflow/.local/lib/python3.12/site-packages/airflow/example_dags/example_task_group_decorator.py
[2026-06-02T04:31:03.391+0000] {processor.py:840} INFO - DAG(s) 'example_task_group_decorator' retrieved from /home/airflow/.local/lib/python3.12/site-packages/airflow/example_dags/example_task_group_decorator.py
[2026-06-02T04:31:03.412+0000] {logging_mixin.py:188} INFO - [2026-06-02T04:31:03.412+0000] {dag.py:3096} INFO - Sync 1 DAGs
[2026-06-02T04:31:03.429+0000] {logging_mixin.py:188} INFO - [2026-06-02T04:31:03.428+0000] {dag.py:3954} INFO - Setting next_dagrun for example_task_group_decorator to 2026-06-01 00:00:00+00:00, run_after=2026-06-02 00:00:00+00:00
[2026-06-02T04:31:03.443+0000] {processor.py:183} INFO - Processing /home/airflow/.local/lib/python3.12/site-packages/airflow/example_dags/example_task_group_decorator.py took 0.070 seconds
[2026-06-02T04:31:33.845+0000] {processor.py:161} INFO - Started process (PID=28464) to work on /home/airflow/.local/lib/python3.12/site-packages/airflow/example_dags/example_task_group_decorator.py
[2026-06-02T04:31:33.846+0000] {processor.py:830} INFO - Processing file /home/airflow/.local/lib/python3.12/site-packages/airflow/example_dags/example_task_group_decorator.py for tasks to queue
[2026-06-02T04:31:33.847+0000] {logging_mixin.py:188} INFO - [2026-06-02T04:31:33.847+0000] {dagbag.py:540} INFO - Filling up the DagBag from /home/airflow/.local/lib/python3.12/site-packages/airflow/example_dags/example_task_group_decorator.py
[2026-06-02T04:31:33.858+0000] {processor.py:840} INFO - DAG(s) 'example_task_group_decorator' retrieved from /home/airflow/.local/lib/python3.12/site-packages/airflow/example_dags/example_task_group_decorator.py
[2026-06-02T04:31:33.877+0000] {logging_mixin.py:188} INFO - [2026-06-02T04:31:33.877+0000] {dag.py:3096} INFO - Sync 1 DAGs
[2026-06-02T04:31:33.895+0000] {logging_mixin.py:188} INFO - [2026-06-02T04:31:33.894+0000] {dag.py:3954} INFO - Setting next_dagrun for example_task_group_decorator to 2026-06-01 00:00:00+00:00, run_after=2026-06-02 00:00:00+00:00
[2026-06-02T04:31:33.919+0000] {processor.py:183} INFO - Processing /home/airflow/.local/lib/python3.12/site-packages/airflow/example_dags/example_task_group_decorator.py took 0.079 seconds
[2026-06-02T04:32:04.191+0000] {processor.py:161} INFO - Started process (PID=28523) to work on /home/airflow/.local/lib/python3.12/site-packages/airflow/example_dags/example_task_group_decorator.py
[2026-06-02T04:32:04.192+0000] {processor.py:830} INFO - Processing file /home/airflow/.local/lib/python3.12/site-packages/airflow/example_dags/example_task_group_decorator.py for tasks to queue
[2026-06-02T04:32:04.193+0000] {logging_mixin.py:188} INFO - [2026-06-02T04:32:04.193+0000] {dagbag.py:540} INFO - Filling up the DagBag from /home/airflow/.local/lib/python3.12/site-packages/airflow/example_dags/example_task_group_decorator.py
[2026-06-02T04:32:04.205+0000] {processor.py:840} INFO - DAG(s) 'example_task_group_decorator' retrieved from /home/airflow/.local/lib/python3.12/site-packages/airflow/example_dags/example_task_group_decorator.py
[2026-06-02T04:32:04.225+0000] {logging_mixin.py:188} INFO - [2026-06-02T04:32:04.225+0000] {dag.py:3096} INFO - Sync 1 DAGs
[2026-06-02T04:32:04.242+0000] {logging_mixin.py:188} INFO - [2026-06-02T04:32:04.242+0000] {dag.py:3954} INFO - Setting next_dagrun for example_task_group_decorator to 2026-06-01 00:00:00+00:00, run_after=2026-06-02 00:00:00+00:00
[2026-06-02T04:32:04.259+0000] {processor.py:183} INFO - Processing /home/airflow/.local/lib/python3.12/site-packages/airflow/example_dags/example_task_group_decorator.py took 0.073 seconds
[2026-06-02T04:32:34.755+0000] {processor.py:161} INFO - Started process (PID=28582) to work on /home/airflow/.local/lib/python3.12/site-packages/airflow/example_dags/example_task_group_decorator.py
[2026-06-02T04:32:34.756+0000] {processor.py:830} INFO - Processing file /home/airflow/.local/lib/python3.12/site-packages/airflow/example_dags/example_task_group_decorator.py for tasks to queue
[2026-06-02T04:32:34.758+0000] {logging_mixin.py:188} INFO - [2026-06-02T04:32:34.757+0000] {dagbag.py:540} INFO - Filling up the DagBag from /home/airflow/.local/lib/python3.12/site-packages/airflow/example_dags/example_task_group_decorator.py
[2026-06-02T04:32:34.768+0000] {processor.py:840} INFO - DAG(s) 'example_task_group_decorator' retrieved from /home/airflow/.local/lib/python3.12/site-packages/airflow/example_dags/example_task_group_decorator.py
[2026-06-02T04:32:34.787+0000] {logging_mixin.py:188} INFO - [2026-06-02T04:32:34.786+0000] {dag.py:3096} INFO - Sync 1 DAGs
[2026-06-02T04:32:34.802+0000] {logging_mixin.py:188} INFO - [2026-06-02T04:32:34.802+0000] {dag.py:3954} INFO - Setting next_dagrun for example_task_group_decorator to 2026-06-01 00:00:00+00:00, run_after=2026-06-02 00:00:00+00:00
[2026-06-02T04:32:34.820+0000] {processor.py:183} INFO - Processing /home/airflow/.local/lib/python3.12/site-packages/airflow/example_dags/example_task_group_decorator.py took 0.070 seconds
[2026-06-02T04:33:05.258+0000] {processor.py:161} INFO - Started process (PID=28641) to work on /home/airflow/.local/lib/python3.12/site-packages/airflow/example_dags/example_task_group_decorator.py
[2026-06-02T04:33:05.259+0000] {processor.py:830} INFO - Processing file /home/airflow/.local/lib/python3.12/site-packages/airflow/example_dags/example_task_group_decorator.py for tasks to queue
[2026-06-02T04:33:05.261+0000] {logging_mixin.py:188} INFO - [2026-06-02T04:33:05.261+0000] {dagbag.py:540} INFO - Filling up the DagBag from /home/airflow/.local/lib/python3.12/site-packages/airflow/example_dags/example_task_group_decorator.py
[2026-06-02T04:33:05.272+0000] {processor.py:840} INFO - DAG(s) 'example_task_group_decorator' retrieved from /home/airflow/.local/lib/python3.12/site-packages/airflow/example_dags/example_task_group_decorator.py
[2026-06-02T04:33:05.292+0000] {logging_mixin.py:188} INFO - [2026-06-02T04:33:05.291+0000] {dag.py:3096} INFO - Sync 1 DAGs
[2026-06-02T04:33:05.307+0000] {logging_mixin.py:188} INFO - [2026-06-02T04:33:05.307+0000] {dag.py:3954} INFO - Setting next_dagrun for example_task_group_decorator to 2026-06-01 00:00:00+00:00, run_after=2026-06-02 00:00:00+00:00
[2026-06-02T04:33:05.322+0000] {processor.py:183} INFO - Processing /home/airflow/.local/lib/python3.12/site-packages/airflow/example_dags/example_task_group_decorator.py took 0.069 seconds
[2026-06-02T04:33:36.017+0000] {processor.py:161} INFO - Started process (PID=28700) to work on /home/airflow/.local/lib/python3.12/site-packages/airflow/example_dags/example_task_group_decorator.py
[2026-06-02T04:33:36.018+0000] {processor.py:830} INFO - Processing file /home/airflow/.local/lib/python3.12/site-packages/airflow/example_dags/example_task_group_decorator.py for tasks to queue
[2026-06-02T04:33:36.020+0000] {logging_mixin.py:188} INFO - [2026-06-02T04:33:36.019+0000] {dagbag.py:540} INFO - Filling up the DagBag from /home/airflow/.local/lib/python3.12/site-packages/airflow/example_dags/example_task_group_decorator.py
[2026-06-02T04:33:36.031+0000] {processor.py:840} INFO - DAG(s) 'example_task_group_decorator' retrieved from /home/airflow/.local/lib/python3.12/site-packages/airflow/example_dags/example_task_group_decorator.py
[2026-06-02T04:33:36.049+0000] {logging_mixin.py:188} INFO - [2026-06-02T04:33:36.049+0000] {dag.py:3096} INFO - Sync 1 DAGs
[2026-06-02T04:33:36.065+0000] {logging_mixin.py:188} INFO - [2026-06-02T04:33:36.065+0000] {dag.py:3954} INFO - Setting next_dagrun for example_task_group_decorator to 2026-06-01 00:00:00+00:00, run_after=2026-06-02 00:00:00+00:00
[2026-06-02T04:33:36.082+0000] {processor.py:183} INFO - Processing /home/airflow/.local/lib/python3.12/site-packages/airflow/example_dags/example_task_group_decorator.py took 0.070 seconds
[2026-06-02T04:34:06.639+0000] {processor.py:161} INFO - Started process (PID=28759) to work on /home/airflow/.local/lib/python3.12/site-packages/airflow/example_dags/example_task_group_decorator.py
[2026-06-02T04:34:06.641+0000] {processor.py:830} INFO - Processing file /home/airflow/.local/lib/python3.12/site-packages/airflow/example_dags/example_task_group_decorator.py for tasks to queue
[2026-06-02T04:34:06.643+0000] {logging_mixin.py:188} INFO - [2026-06-02T04:34:06.642+0000] {dagbag.py:540} INFO - Filling up the DagBag from /home/airflow/.local/lib/python3.12/site-packages/airflow/example_dags/example_task_group_decorator.py
[2026-06-02T04:34:06.654+0000] {processor.py:840} INFO - DAG(s) 'example_task_group_decorator' retrieved from /home/airflow/.local/lib/python3.12/site-packages/airflow/example_dags/example_task_group_decorator.py
[2026-06-02T04:34:06.673+0000] {logging_mixin.py:188} INFO - [2026-06-02T04:34:06.673+0000] {dag.py:3096} INFO - Sync 1 DAGs
[2026-06-02T04:34:06.689+0000] {logging_mixin.py:188} INFO - [2026-06-02T04:34:06.689+0000] {dag.py:3954} INFO - Setting next_dagrun for example_task_group_decorator to 2026-06-01 00:00:00+00:00, run_after=2026-06-02 00:00:00+00:00
[2026-06-02T04:34:06.704+0000] {processor.py:183} INFO - Processing /home/airflow/.local/lib/python3.12/site-packages/airflow/example_dags/example_task_group_decorator.py took 0.070 seconds
[2026-06-02T04:34:36.825+0000] {processor.py:161} INFO - Started process (PID=28818) to work on /home/airflow/.local/lib/python3.12/site-packages/airflow/example_dags/example_task_group_decorator.py
[2026-06-02T04:34:36.826+0000] {processor.py:830} INFO - Processing file /home/airflow/.local/lib/python3.12/site-packages/airflow/example_dags/example_task_group_decorator.py for tasks to queue
[2026-06-02T04:34:36.827+0000] {logging_mixin.py:188} INFO - [2026-06-02T04:34:36.827+0000] {dagbag.py:540} INFO - Filling up the DagBag from /home/airflow/.local/lib/python3.12/site-packages/airflow/example_dags/example_task_group_decorator.py
[2026-06-02T04:34:36.839+0000] {processor.py:840} INFO - DAG(s) 'example_task_group_decorator' retrieved from /home/airflow/.local/lib/python3.12/site-packages/airflow/example_dags/example_task_group_decorator.py
[2026-06-02T04:34:36.858+0000] {logging_mixin.py:188} INFO - [2026-06-02T04:34:36.858+0000] {dag.py:3096} INFO - Sync 1 DAGs
[2026-06-02T04:34:36.873+0000] {logging_mixin.py:188} INFO - [2026-06-02T04:34:36.873+0000] {dag.py:3954} INFO - Setting next_dagrun for example_task_group_decorator to 2026-06-01 00:00:00+00:00, run_after=2026-06-02 00:00:00+00:00
[2026-06-02T04:34:36.890+0000] {processor.py:183} INFO - Processing /home/airflow/.local/lib/python3.12/site-packages/airflow/example_dags/example_task_group_decorator.py took 0.070 seconds
[2026-06-02T04:35:07.302+0000] {processor.py:161} INFO - Started process (PID=28877) to work on /home/airflow/.local/lib/python3.12/site-packages/airflow/example_dags/example_task_group_decorator.py
[2026-06-02T04:35:07.305+0000] {processor.py:830} INFO - Processing file /home/airflow/.local/lib/python3.12/site-packages/airflow/example_dags/example_task_group_decorator.py for tasks to queue
[2026-06-02T04:35:07.308+0000] {logging_mixin.py:188} INFO - [2026-06-02T04:35:07.307+0000] {dagbag.py:540} INFO - Filling up the DagBag from /home/airflow/.local/lib/python3.12/site-packages/airflow/example_dags/example_task_group_decorator.py
[2026-06-02T04:35:07.319+0000] {processor.py:840} INFO - DAG(s) 'example_task_group_decorator' retrieved from /home/airflow/.local/lib/python3.12/site-packages/airflow/example_dags/example_task_group_decorator.py
[2026-06-02T04:35:07.340+0000] {logging_mixin.py:188} INFO - [2026-06-02T04:35:07.340+0000] {dag.py:3096} INFO - Sync 1 DAGs
[2026-06-02T04:35:07.358+0000] {logging_mixin.py:188} INFO - [2026-06-02T04:35:07.358+0000] {dag.py:3954} INFO - Setting next_dagrun for example_task_group_decorator to 2026-06-01 00:00:00+00:00, run_after=2026-06-02 00:00:00+00:00
[2026-06-02T04:35:07.374+0000] {processor.py:183} INFO - Processing /home/airflow/.local/lib/python3.12/site-packages/airflow/example_dags/example_task_group_decorator.py took 0.078 seconds
[2026-06-02T04:35:38.119+0000] {processor.py:161} INFO - Started process (PID=28936) to work on /home/airflow/.local/lib/python3.12/site-packages/airflow/example_dags/example_task_group_decorator.py
[2026-06-02T04:35:38.120+0000] {processor.py:830} INFO - Processing file /home/airflow/.local/lib/python3.12/site-packages/airflow/example_dags/example_task_group_decorator.py for tasks to queue
[2026-06-02T04:35:38.121+0000] {logging_mixin.py:188} INFO - [2026-06-02T04:35:38.121+0000] {dagbag.py:540} INFO - Filling up the DagBag from /home/airflow/.local/lib/python3.12/site-packages/airflow/example_dags/example_task_group_decorator.py
[2026-06-02T04:35:38.133+0000] {processor.py:840} INFO - DAG(s) 'example_task_group_decorator' retrieved from /home/airflow/.local/lib/python3.12/site-packages/airflow/example_dags/example_task_group_decorator.py
[2026-06-02T04:35:38.153+0000] {logging_mixin.py:188} INFO - [2026-06-02T04:35:38.152+0000] {dag.py:3096} INFO - Sync 1 DAGs
[2026-06-02T04:35:38.169+0000] {logging_mixin.py:188} INFO - [2026-06-02T04:35:38.169+0000] {dag.py:3954} INFO - Setting next_dagrun for example_task_group_decorator to 2026-06-01 00:00:00+00:00, run_after=2026-06-02 00:00:00+00:00
[2026-06-02T04:35:38.184+0000] {processor.py:183} INFO - Processing /home/airflow/.local/lib/python3.12/site-packages/airflow/example_dags/example_task_group_decorator.py took 0.070 seconds
[2026-06-02T04:36:08.759+0000] {processor.py:161} INFO - Started process (PID=28995) to work on /home/airflow/.local/lib/python3.12/site-packages/airflow/example_dags/example_task_group_decorator.py
[2026-06-02T04:36:08.760+0000] {processor.py:830} INFO - Processing file /home/airflow/.local/lib/python3.12/site-packages/airflow/example_dags/example_task_group_decorator.py for tasks to queue
[2026-06-02T04:36:08.762+0000] {logging_mixin.py:188} INFO - [2026-06-02T04:36:08.762+0000] {dagbag.py:540} INFO - Filling up the DagBag from /home/airflow/.local/lib/python3.12/site-packages/airflow/example_dags/example_task_group_decorator.py
[2026-06-02T04:36:08.773+0000] {processor.py:840} INFO - DAG(s) 'example_task_group_decorator' retrieved from /home/airflow/.local/lib/python3.12/site-packages/airflow/example_dags/example_task_group_decorator.py
[2026-06-02T04:36:08.791+0000] {logging_mixin.py:188} INFO - [2026-06-02T04:36:08.791+0000] {dag.py:3096} INFO - Sync 1 DAGs
[2026-06-02T04:36:08.930+0000] {logging_mixin.py:188} INFO - [2026-06-02T04:36:08.930+0000] {dag.py:3954} INFO - Setting next_dagrun for example_task_group_decorator to 2026-06-01 00:00:00+00:00, run_after=2026-06-02 00:00:00+00:00
[2026-06-02T04:36:08.943+0000] {processor.py:183} INFO - Processing /home/airflow/.local/lib/python3.12/site-packages/airflow/example_dags/example_task_group_decorator.py took 0.189 seconds
[2026-06-02T04:36:39.484+0000] {processor.py:161} INFO - Started process (PID=29054) to work on /home/airflow/.local/lib/python3.12/site-packages/airflow/example_dags/example_task_group_decorator.py
[2026-06-02T04:36:39.486+0000] {processor.py:830} INFO - Processing file /home/airflow/.local/lib/python3.12/site-packages/airflow/example_dags/example_task_group_decorator.py for tasks to queue
[2026-06-02T04:36:39.487+0000] {logging_mixin.py:188} INFO - [2026-06-02T04:36:39.487+0000] {dagbag.py:540} INFO - Filling up the DagBag from /home/airflow/.local/lib/python3.12/site-packages/airflow/example_dags/example_task_group_decorator.py
[2026-06-02T04:36:39.498+0000] {processor.py:840} INFO - DAG(s) 'example_task_group_decorator' retrieved from /home/airflow/.local/lib/python3.12/site-packages/airflow/example_dags/example_task_group_decorator.py
[2026-06-02T04:36:39.518+0000] {logging_mixin.py:188} INFO - [2026-06-02T04:36:39.518+0000] {dag.py:3096} INFO - Sync 1 DAGs
[2026-06-02T04:36:39.658+0000] {logging_mixin.py:188} INFO - [2026-06-02T04:36:39.658+0000] {dag.py:3954} INFO - Setting next_dagrun for example_task_group_decorator to 2026-06-01 00:00:00+00:00, run_after=2026-06-02 00:00:00+00:00
[2026-06-02T04:36:39.678+0000] {processor.py:183} INFO - Processing /home/airflow/.local/lib/python3.12/site-packages/airflow/example_dags/example_task_group_decorator.py took 0.200 seconds
[2026-06-02T04:37:10.064+0000] {processor.py:161} INFO - Started process (PID=29113) to work on /home/airflow/.local/lib/python3.12/site-packages/airflow/example_dags/example_task_group_decorator.py
[2026-06-02T04:37:10.065+0000] {processor.py:830} INFO - Processing file /home/airflow/.local/lib/python3.12/site-packages/airflow/example_dags/example_task_group_decorator.py for tasks to queue
[2026-06-02T04:37:10.067+0000] {logging_mixin.py:188} INFO - [2026-06-02T04:37:10.067+0000] {dagbag.py:540} INFO - Filling up the DagBag from /home/airflow/.local/lib/python3.12/site-packages/airflow/example_dags/example_task_group_decorator.py
[2026-06-02T04:37:10.079+0000] {processor.py:840} INFO - DAG(s) 'example_task_group_decorator' retrieved from /home/airflow/.local/lib/python3.12/site-packages/airflow/example_dags/example_task_group_decorator.py
[2026-06-02T04:37:10.099+0000] {logging_mixin.py:188} INFO - [2026-06-02T04:37:10.099+0000] {dag.py:3096} INFO - Sync 1 DAGs
[2026-06-02T04:37:10.254+0000] {logging_mixin.py:188} INFO - [2026-06-02T04:37:10.254+0000] {dag.py:3954} INFO - Setting next_dagrun for example_task_group_decorator to 2026-06-01 00:00:00+00:00, run_after=2026-06-02 00:00:00+00:00
[2026-06-02T04:37:10.268+0000] {processor.py:183} INFO - Processing /home/airflow/.local/lib/python3.12/site-packages/airflow/example_dags/example_task_group_decorator.py took 0.209 seconds
[2026-06-02T04:37:40.505+0000] {processor.py:161} INFO - Started process (PID=29172) to work on /home/airflow/.local/lib/python3.12/site-packages/airflow/example_dags/example_task_group_decorator.py
[2026-06-02T04:37:40.506+0000] {processor.py:830} INFO - Processing file /home/airflow/.local/lib/python3.12/site-packages/airflow/example_dags/example_task_group_decorator.py for tasks to queue
[2026-06-02T04:37:40.508+0000] {logging_mixin.py:188} INFO - [2026-06-02T04:37:40.507+0000] {dagbag.py:540} INFO - Filling up the DagBag from /home/airflow/.local/lib/python3.12/site-packages/airflow/example_dags/example_task_group_decorator.py
[2026-06-02T04:37:40.519+0000] {processor.py:840} INFO - DAG(s) 'example_task_group_decorator' retrieved from /home/airflow/.local/lib/python3.12/site-packages/airflow/example_dags/example_task_group_decorator.py
[2026-06-02T04:37:40.538+0000] {logging_mixin.py:188} INFO - [2026-06-02T04:37:40.538+0000] {dag.py:3096} INFO - Sync 1 DAGs
[2026-06-02T04:37:40.555+0000] {logging_mixin.py:188} INFO - [2026-06-02T04:37:40.554+0000] {dag.py:3954} INFO - Setting next_dagrun for example_task_group_decorator to 2026-06-01 00:00:00+00:00, run_after=2026-06-02 00:00:00+00:00
[2026-06-02T04:37:40.690+0000] {processor.py:183} INFO - Processing /home/airflow/.local/lib/python3.12/site-packages/airflow/example_dags/example_task_group_decorator.py took 0.189 seconds
[2026-06-02T04:38:10.762+0000] {processor.py:161} INFO - Started process (PID=29231) to work on /home/airflow/.local/lib/python3.12/site-packages/airflow/example_dags/example_task_group_decorator.py
[2026-06-02T04:38:10.763+0000] {processor.py:830} INFO - Processing file /home/airflow/.local/lib/python3.12/site-packages/airflow/example_dags/example_task_group_decorator.py for tasks to queue
[2026-06-02T04:38:10.764+0000] {logging_mixin.py:188} INFO - [2026-06-02T04:38:10.764+0000] {dagbag.py:540} INFO - Filling up the DagBag from /home/airflow/.local/lib/python3.12/site-packages/airflow/example_dags/example_task_group_decorator.py
[2026-06-02T04:38:10.776+0000] {processor.py:840} INFO - DAG(s) 'example_task_group_decorator' retrieved from /home/airflow/.local/lib/python3.12/site-packages/airflow/example_dags/example_task_group_decorator.py
[2026-06-02T04:38:10.794+0000] {logging_mixin.py:188} INFO - [2026-06-02T04:38:10.794+0000] {dag.py:3096} INFO - Sync 1 DAGs
[2026-06-02T04:38:10.810+0000] {logging_mixin.py:188} INFO - [2026-06-02T04:38:10.810+0000] {dag.py:3954} INFO - Setting next_dagrun for example_task_group_decorator to 2026-06-01 00:00:00+00:00, run_after=2026-06-02 00:00:00+00:00
[2026-06-02T04:38:10.827+0000] {processor.py:183} INFO - Processing /home/airflow/.local/lib/python3.12/site-packages/airflow/example_dags/example_task_group_decorator.py took 0.069 seconds
[2026-06-02T04:38:41.078+0000] {processor.py:161} INFO - Started process (PID=29290) to work on /home/airflow/.local/lib/python3.12/site-packages/airflow/example_dags/example_task_group_decorator.py
[2026-06-02T04:38:41.079+0000] {processor.py:830} INFO - Processing file /home/airflow/.local/lib/python3.12/site-packages/airflow/example_dags/example_task_group_decorator.py for tasks to queue
[2026-06-02T04:38:41.081+0000] {logging_mixin.py:188} INFO - [2026-06-02T04:38:41.080+0000] {dagbag.py:540} INFO - Filling up the DagBag from /home/airflow/.local/lib/python3.12/site-packages/airflow/example_dags/example_task_group_decorator.py
[2026-06-02T04:38:41.092+0000] {processor.py:840} INFO - DAG(s) 'example_task_group_decorator' retrieved from /home/airflow/.local/lib/python3.12/site-packages/airflow/example_dags/example_task_group_decorator.py
[2026-06-02T04:38:41.112+0000] {logging_mixin.py:188} INFO - [2026-06-02T04:38:41.112+0000] {dag.py:3096} INFO - Sync 1 DAGs
[2026-06-02T04:38:41.128+0000] {logging_mixin.py:188} INFO - [2026-06-02T04:38:41.127+0000] {dag.py:3954} INFO - Setting next_dagrun for example_task_group_decorator to 2026-06-01 00:00:00+00:00, run_after=2026-06-02 00:00:00+00:00
[2026-06-02T04:38:41.145+0000] {processor.py:183} INFO - Processing /home/airflow/.local/lib/python3.12/site-packages/airflow/example_dags/example_task_group_decorator.py took 0.072 seconds
[2026-06-02T04:39:11.283+0000] {processor.py:161} INFO - Started process (PID=29349) to work on /home/airflow/.local/lib/python3.12/site-packages/airflow/example_dags/example_task_group_decorator.py
[2026-06-02T04:39:11.284+0000] {processor.py:830} INFO - Processing file /home/airflow/.local/lib/python3.12/site-packages/airflow/example_dags/example_task_group_decorator.py for tasks to queue
[2026-06-02T04:39:11.286+0000] {logging_mixin.py:188} INFO - [2026-06-02T04:39:11.286+0000] {dagbag.py:540} INFO - Filling up the DagBag from /home/airflow/.local/lib/python3.12/site-packages/airflow/example_dags/example_task_group_decorator.py
[2026-06-02T04:39:11.297+0000] {processor.py:840} INFO - DAG(s) 'example_task_group_decorator' retrieved from /home/airflow/.local/lib/python3.12/site-packages/airflow/example_dags/example_task_group_decorator.py
[2026-06-02T04:39:11.318+0000] {logging_mixin.py:188} INFO - [2026-06-02T04:39:11.318+0000] {dag.py:3096} INFO - Sync 1 DAGs
[2026-06-02T04:39:11.334+0000] {logging_mixin.py:188} INFO - [2026-06-02T04:39:11.334+0000] {dag.py:3954} INFO - Setting next_dagrun for example_task_group_decorator to 2026-06-01 00:00:00+00:00, run_after=2026-06-02 00:00:00+00:00
[2026-06-02T04:39:11.351+0000] {processor.py:183} INFO - Processing /home/airflow/.local/lib/python3.12/site-packages/airflow/example_dags/example_task_group_decorator.py took 0.073 seconds
[2026-06-02T04:39:41.702+0000] {processor.py:161} INFO - Started process (PID=29408) to work on /home/airflow/.local/lib/python3.12/site-packages/airflow/example_dags/example_task_group_decorator.py
[2026-06-02T04:39:41.703+0000] {processor.py:830} INFO - Processing file /home/airflow/.local/lib/python3.12/site-packages/airflow/example_dags/example_task_group_decorator.py for tasks to queue
[2026-06-02T04:39:41.705+0000] {logging_mixin.py:188} INFO - [2026-06-02T04:39:41.705+0000] {dagbag.py:540} INFO - Filling up the DagBag from /home/airflow/.local/lib/python3.12/site-packages/airflow/example_dags/example_task_group_decorator.py
[2026-06-02T04:39:41.716+0000] {processor.py:840} INFO - DAG(s) 'example_task_group_decorator' retrieved from /home/airflow/.local/lib/python3.12/site-packages/airflow/example_dags/example_task_group_decorator.py
[2026-06-02T04:39:41.736+0000] {logging_mixin.py:188} INFO - [2026-06-02T04:39:41.735+0000] {dag.py:3096} INFO - Sync 1 DAGs
[2026-06-02T04:39:41.752+0000] {logging_mixin.py:188} INFO - [2026-06-02T04:39:41.752+0000] {dag.py:3954} INFO - Setting next_dagrun for example_task_group_decorator to 2026-06-01 00:00:00+00:00, run_after=2026-06-02 00:00:00+00:00
[2026-06-02T04:39:41.768+0000] {processor.py:183} INFO - Processing /home/airflow/.local/lib/python3.12/site-packages/airflow/example_dags/example_task_group_decorator.py took 0.070 seconds
[2026-06-02T04:40:11.982+0000] {processor.py:161} INFO - Started process (PID=29467) to work on /home/airflow/.local/lib/python3.12/site-packages/airflow/example_dags/example_task_group_decorator.py
[2026-06-02T04:40:11.983+0000] {processor.py:830} INFO - Processing file /home/airflow/.local/lib/python3.12/site-packages/airflow/example_dags/example_task_group_decorator.py for tasks to queue
[2026-06-02T04:40:11.985+0000] {logging_mixin.py:188} INFO - [2026-06-02T04:40:11.985+0000] {dagbag.py:540} INFO - Filling up the DagBag from /home/airflow/.local/lib/python3.12/site-packages/airflow/example_dags/example_task_group_decorator.py
[2026-06-02T04:40:11.995+0000] {processor.py:840} INFO - DAG(s) 'example_task_group_decorator' retrieved from /home/airflow/.local/lib/python3.12/site-packages/airflow/example_dags/example_task_group_decorator.py
[2026-06-02T04:40:12.016+0000] {logging_mixin.py:188} INFO - [2026-06-02T04:40:12.016+0000] {dag.py:3096} INFO - Sync 1 DAGs
[2026-06-02T04:40:12.032+0000] {logging_mixin.py:188} INFO - [2026-06-02T04:40:12.032+0000] {dag.py:3954} INFO - Setting next_dagrun for example_task_group_decorator to 2026-06-01 00:00:00+00:00, run_after=2026-06-02 00:00:00+00:00
[2026-06-02T04:40:12.047+0000] {processor.py:183} INFO - Processing /home/airflow/.local/lib/python3.12/site-packages/airflow/example_dags/example_task_group_decorator.py took 0.070 seconds
[2026-06-02T04:40:42.296+0000] {processor.py:161} INFO - Started process (PID=29526) to work on /home/airflow/.local/lib/python3.12/site-packages/airflow/example_dags/example_task_group_decorator.py
[2026-06-02T04:40:42.297+0000] {processor.py:830} INFO - Processing file /home/airflow/.local/lib/python3.12/site-packages/airflow/example_dags/example_task_group_decorator.py for tasks to queue
[2026-06-02T04:40:42.299+0000] {logging_mixin.py:188} INFO - [2026-06-02T04:40:42.299+0000] {dagbag.py:540} INFO - Filling up the DagBag from /home/airflow/.local/lib/python3.12/site-packages/airflow/example_dags/example_task_group_decorator.py
[2026-06-02T04:40:42.312+0000] {processor.py:840} INFO - DAG(s) 'example_task_group_decorator' retrieved from /home/airflow/.local/lib/python3.12/site-packages/airflow/example_dags/example_task_group_decorator.py
[2026-06-02T04:40:42.334+0000] {logging_mixin.py:188} INFO - [2026-06-02T04:40:42.334+0000] {dag.py:3096} INFO - Sync 1 DAGs
[2026-06-02T04:40:42.353+0000] {logging_mixin.py:188} INFO - [2026-06-02T04:40:42.353+0000] {dag.py:3954} INFO - Setting next_dagrun for example_task_group_decorator to 2026-06-01 00:00:00+00:00, run_after=2026-06-02 00:00:00+00:00
[2026-06-02T04:40:42.372+0000] {processor.py:183} INFO - Processing /home/airflow/.local/lib/python3.12/site-packages/airflow/example_dags/example_task_group_decorator.py took 0.082 seconds
[2026-06-02T04:41:12.692+0000] {processor.py:161} INFO - Started process (PID=29585) to work on /home/airflow/.local/lib/python3.12/site-packages/airflow/example_dags/example_task_group_decorator.py
[2026-06-02T04:41:12.693+0000] {processor.py:830} INFO - Processing file /home/airflow/.local/lib/python3.12/site-packages/airflow/example_dags/example_task_group_decorator.py for tasks to queue
[2026-06-02T04:41:12.695+0000] {logging_mixin.py:188} INFO - [2026-06-02T04:41:12.694+0000] {dagbag.py:540} INFO - Filling up the DagBag from /home/airflow/.local/lib/python3.12/site-packages/airflow/example_dags/example_task_group_decorator.py
[2026-06-02T04:41:12.705+0000] {processor.py:840} INFO - DAG(s) 'example_task_group_decorator' retrieved from /home/airflow/.local/lib/python3.12/site-packages/airflow/example_dags/example_task_group_decorator.py
[2026-06-02T04:41:12.728+0000] {logging_mixin.py:188} INFO - [2026-06-02T04:41:12.728+0000] {dag.py:3096} INFO - Sync 1 DAGs
[2026-06-02T04:41:12.749+0000] {logging_mixin.py:188} INFO - [2026-06-02T04:41:12.749+0000] {dag.py:3954} INFO - Setting next_dagrun for example_task_group_decorator to 2026-06-01 00:00:00+00:00, run_after=2026-06-02 00:00:00+00:00
[2026-06-02T04:41:12.765+0000] {processor.py:183} INFO - Processing /home/airflow/.local/lib/python3.12/site-packages/airflow/example_dags/example_task_group_decorator.py took 0.078 seconds
[2026-06-02T04:41:43.073+0000] {processor.py:161} INFO - Started process (PID=29644) to work on /home/airflow/.local/lib/python3.12/site-packages/airflow/example_dags/example_task_group_decorator.py
[2026-06-02T04:41:43.074+0000] {processor.py:830} INFO - Processing file /home/airflow/.local/lib/python3.12/site-packages/airflow/example_dags/example_task_group_decorator.py for tasks to queue
[2026-06-02T04:41:43.075+0000] {logging_mixin.py:188} INFO - [2026-06-02T04:41:43.075+0000] {dagbag.py:540} INFO - Filling up the DagBag from /home/airflow/.local/lib/python3.12/site-packages/airflow/example_dags/example_task_group_decorator.py
[2026-06-02T04:41:43.086+0000] {processor.py:840} INFO - DAG(s) 'example_task_group_decorator' retrieved from /home/airflow/.local/lib/python3.12/site-packages/airflow/example_dags/example_task_group_decorator.py
[2026-06-02T04:41:43.106+0000] {logging_mixin.py:188} INFO - [2026-06-02T04:41:43.106+0000] {dag.py:3096} INFO - Sync 1 DAGs
[2026-06-02T04:41:43.123+0000] {logging_mixin.py:188} INFO - [2026-06-02T04:41:43.123+0000] {dag.py:3954} INFO - Setting next_dagrun for example_task_group_decorator to 2026-06-01 00:00:00+00:00, run_after=2026-06-02 00:00:00+00:00
[2026-06-02T04:41:43.139+0000] {processor.py:183} INFO - Processing /home/airflow/.local/lib/python3.12/site-packages/airflow/example_dags/example_task_group_decorator.py took 0.070 seconds
[2026-06-02T04:42:13.507+0000] {processor.py:161} INFO - Started process (PID=29703) to work on /home/airflow/.local/lib/python3.12/site-packages/airflow/example_dags/example_task_group_decorator.py
[2026-06-02T04:42:13.508+0000] {processor.py:830} INFO - Processing file /home/airflow/.local/lib/python3.12/site-packages/airflow/example_dags/example_task_group_decorator.py for tasks to queue
[2026-06-02T04:42:13.510+0000] {logging_mixin.py:188} INFO - [2026-06-02T04:42:13.510+0000] {dagbag.py:540} INFO - Filling up the DagBag from /home/airflow/.local/lib/python3.12/site-packages/airflow/example_dags/example_task_group_decorator.py
[2026-06-02T04:42:13.521+0000] {processor.py:840} INFO - DAG(s) 'example_task_group_decorator' retrieved from /home/airflow/.local/lib/python3.12/site-packages/airflow/example_dags/example_task_group_decorator.py
[2026-06-02T04:42:13.540+0000] {logging_mixin.py:188} INFO - [2026-06-02T04:42:13.540+0000] {dag.py:3096} INFO - Sync 1 DAGs
[2026-06-02T04:42:13.556+0000] {logging_mixin.py:188} INFO - [2026-06-02T04:42:13.556+0000] {dag.py:3954} INFO - Setting next_dagrun for example_task_group_decorator to 2026-06-01 00:00:00+00:00, run_after=2026-06-02 00:00:00+00:00
[2026-06-02T04:42:13.574+0000] {processor.py:183} INFO - Processing /home/airflow/.local/lib/python3.12/site-packages/airflow/example_dags/example_task_group_decorator.py took 0.072 seconds
[2026-06-02T04:42:43.868+0000] {processor.py:161} INFO - Started process (PID=29762) to work on /home/airflow/.local/lib/python3.12/site-packages/airflow/example_dags/example_task_group_decorator.py
[2026-06-02T04:42:43.869+0000] {processor.py:830} INFO - Processing file /home/airflow/.local/lib/python3.12/site-packages/airflow/example_dags/example_task_group_decorator.py for tasks to queue
[2026-06-02T04:42:43.871+0000] {logging_mixin.py:188} INFO - [2026-06-02T04:42:43.871+0000] {dagbag.py:540} INFO - Filling up the DagBag from /home/airflow/.local/lib/python3.12/site-packages/airflow/example_dags/example_task_group_decorator.py
[2026-06-02T04:42:43.883+0000] {processor.py:840} INFO - DAG(s) 'example_task_group_decorator' retrieved from /home/airflow/.local/lib/python3.12/site-packages/airflow/example_dags/example_task_group_decorator.py
[2026-06-02T04:42:43.902+0000] {logging_mixin.py:188} INFO - [2026-06-02T04:42:43.902+0000] {dag.py:3096} INFO - Sync 1 DAGs
[2026-06-02T04:42:43.919+0000] {logging_mixin.py:188} INFO - [2026-06-02T04:42:43.919+0000] {dag.py:3954} INFO - Setting next_dagrun for example_task_group_decorator to 2026-06-01 00:00:00+00:00, run_after=2026-06-02 00:00:00+00:00
[2026-06-02T04:42:43.935+0000] {processor.py:183} INFO - Processing /home/airflow/.local/lib/python3.12/site-packages/airflow/example_dags/example_task_group_decorator.py took 0.071 seconds
[2026-06-02T04:43:14.308+0000] {processor.py:161} INFO - Started process (PID=29821) to work on /home/airflow/.local/lib/python3.12/site-packages/airflow/example_dags/example_task_group_decorator.py
[2026-06-02T04:43:14.308+0000] {processor.py:830} INFO - Processing file /home/airflow/.local/lib/python3.12/site-packages/airflow/example_dags/example_task_group_decorator.py for tasks to queue
[2026-06-02T04:43:14.310+0000] {logging_mixin.py:188} INFO - [2026-06-02T04:43:14.310+0000] {dagbag.py:540} INFO - Filling up the DagBag from /home/airflow/.local/lib/python3.12/site-packages/airflow/example_dags/example_task_group_decorator.py
[2026-06-02T04:43:14.321+0000] {processor.py:840} INFO - DAG(s) 'example_task_group_decorator' retrieved from /home/airflow/.local/lib/python3.12/site-packages/airflow/example_dags/example_task_group_decorator.py
[2026-06-02T04:43:14.340+0000] {logging_mixin.py:188} INFO - [2026-06-02T04:43:14.340+0000] {dag.py:3096} INFO - Sync 1 DAGs
[2026-06-02T04:43:14.358+0000] {logging_mixin.py:188} INFO - [2026-06-02T04:43:14.357+0000] {dag.py:3954} INFO - Setting next_dagrun for example_task_group_decorator to 2026-06-01 00:00:00+00:00, run_after=2026-06-02 00:00:00+00:00
[2026-06-02T04:43:14.373+0000] {processor.py:183} INFO - Processing /home/airflow/.local/lib/python3.12/site-packages/airflow/example_dags/example_task_group_decorator.py took 0.070 seconds
[2026-06-02T04:43:44.645+0000] {processor.py:161} INFO - Started process (PID=29880) to work on /home/airflow/.local/lib/python3.12/site-packages/airflow/example_dags/example_task_group_decorator.py
[2026-06-02T04:43:44.646+0000] {processor.py:830} INFO - Processing file /home/airflow/.local/lib/python3.12/site-packages/airflow/example_dags/example_task_group_decorator.py for tasks to queue
[2026-06-02T04:43:44.648+0000] {logging_mixin.py:188} INFO - [2026-06-02T04:43:44.648+0000] {dagbag.py:540} INFO - Filling up the DagBag from /home/airflow/.local/lib/python3.12/site-packages/airflow/example_dags/example_task_group_decorator.py
[2026-06-02T04:43:44.659+0000] {processor.py:840} INFO - DAG(s) 'example_task_group_decorator' retrieved from /home/airflow/.local/lib/python3.12/site-packages/airflow/example_dags/example_task_group_decorator.py
[2026-06-02T04:43:44.677+0000] {logging_mixin.py:188} INFO - [2026-06-02T04:43:44.677+0000] {dag.py:3096} INFO - Sync 1 DAGs
[2026-06-02T04:43:44.696+0000] {logging_mixin.py:188} INFO - [2026-06-02T04:43:44.696+0000] {dag.py:3954} INFO - Setting next_dagrun for example_task_group_decorator to 2026-06-01 00:00:00+00:00, run_after=2026-06-02 00:00:00+00:00
[2026-06-02T04:43:44.714+0000] {processor.py:183} INFO - Processing /home/airflow/.local/lib/python3.12/site-packages/airflow/example_dags/example_task_group_decorator.py took 0.074 seconds
[2026-06-02T04:44:15.023+0000] {processor.py:161} INFO - Started process (PID=29939) to work on /home/airflow/.local/lib/python3.12/site-packages/airflow/example_dags/example_task_group_decorator.py
[2026-06-02T04:44:15.024+0000] {processor.py:830} INFO - Processing file /home/airflow/.local/lib/python3.12/site-packages/airflow/example_dags/example_task_group_decorator.py for tasks to queue
[2026-06-02T04:44:15.026+0000] {logging_mixin.py:188} INFO - [2026-06-02T04:44:15.025+0000] {dagbag.py:540} INFO - Filling up the DagBag from /home/airflow/.local/lib/python3.12/site-packages/airflow/example_dags/example_task_group_decorator.py
[2026-06-02T04:44:15.037+0000] {processor.py:840} INFO - DAG(s) 'example_task_group_decorator' retrieved from /home/airflow/.local/lib/python3.12/site-packages/airflow/example_dags/example_task_group_decorator.py
[2026-06-02T04:44:15.056+0000] {logging_mixin.py:188} INFO - [2026-06-02T04:44:15.056+0000] {dag.py:3096} INFO - Sync 1 DAGs
[2026-06-02T04:44:15.081+0000] {logging_mixin.py:188} INFO - [2026-06-02T04:44:15.081+0000] {dag.py:3954} INFO - Setting next_dagrun for example_task_group_decorator to 2026-06-01 00:00:00+00:00, run_after=2026-06-02 00:00:00+00:00
[2026-06-02T04:44:15.096+0000] {processor.py:183} INFO - Processing /home/airflow/.local/lib/python3.12/site-packages/airflow/example_dags/example_task_group_decorator.py took 0.078 seconds
[2026-06-02T04:44:45.361+0000] {processor.py:161} INFO - Started process (PID=29998) to work on /home/airflow/.local/lib/python3.12/site-packages/airflow/example_dags/example_task_group_decorator.py
[2026-06-02T04:44:45.362+0000] {processor.py:830} INFO - Processing file /home/airflow/.local/lib/python3.12/site-packages/airflow/example_dags/example_task_group_decorator.py for tasks to queue
[2026-06-02T04:44:45.364+0000] {logging_mixin.py:188} INFO - [2026-06-02T04:44:45.364+0000] {dagbag.py:540} INFO - Filling up the DagBag from /home/airflow/.local/lib/python3.12/site-packages/airflow/example_dags/example_task_group_decorator.py
[2026-06-02T04:44:45.375+0000] {processor.py:840} INFO - DAG(s) 'example_task_group_decorator' retrieved from /home/airflow/.local/lib/python3.12/site-packages/airflow/example_dags/example_task_group_decorator.py
[2026-06-02T04:44:45.396+0000] {logging_mixin.py:188} INFO - [2026-06-02T04:44:45.395+0000] {dag.py:3096} INFO - Sync 1 DAGs
[2026-06-02T04:44:45.412+0000] {logging_mixin.py:188} INFO - [2026-06-02T04:44:45.412+0000] {dag.py:3954} INFO - Setting next_dagrun for example_task_group_decorator to 2026-06-01 00:00:00+00:00, run_after=2026-06-02 00:00:00+00:00
[2026-06-02T04:44:45.427+0000] {processor.py:183} INFO - Processing /home/airflow/.local/lib/python3.12/site-packages/airflow/example_dags/example_task_group_decorator.py took 0.071 seconds
[2026-06-02T04:45:15.708+0000] {processor.py:161} INFO - Started process (PID=30057) to work on /home/airflow/.local/lib/python3.12/site-packages/airflow/example_dags/example_task_group_decorator.py
[2026-06-02T04:45:15.709+0000] {processor.py:830} INFO - Processing file /home/airflow/.local/lib/python3.12/site-packages/airflow/example_dags/example_task_group_decorator.py for tasks to queue
[2026-06-02T04:45:15.711+0000] {logging_mixin.py:188} INFO - [2026-06-02T04:45:15.711+0000] {dagbag.py:540} INFO - Filling up the DagBag from /home/airflow/.local/lib/python3.12/site-packages/airflow/example_dags/example_task_group_decorator.py
[2026-06-02T04:45:15.723+0000] {processor.py:840} INFO - DAG(s) 'example_task_group_decorator' retrieved from /home/airflow/.local/lib/python3.12/site-packages/airflow/example_dags/example_task_group_decorator.py
[2026-06-02T04:45:15.743+0000] {logging_mixin.py:188} INFO - [2026-06-02T04:45:15.743+0000] {dag.py:3096} INFO - Sync 1 DAGs
[2026-06-02T04:45:15.760+0000] {logging_mixin.py:188} INFO - [2026-06-02T04:45:15.760+0000] {dag.py:3954} INFO - Setting next_dagrun for example_task_group_decorator to 2026-06-01 00:00:00+00:00, run_after=2026-06-02 00:00:00+00:00
[2026-06-02T04:45:15.776+0000] {processor.py:183} INFO - Processing /home/airflow/.local/lib/python3.12/site-packages/airflow/example_dags/example_task_group_decorator.py took 0.073 seconds
[2026-06-02T04:45:46.244+0000] {processor.py:161} INFO - Started process (PID=30116) to work on /home/airflow/.local/lib/python3.12/site-packages/airflow/example_dags/example_task_group_decorator.py
[2026-06-02T04:45:46.246+0000] {processor.py:830} INFO - Processing file /home/airflow/.local/lib/python3.12/site-packages/airflow/example_dags/example_task_group_decorator.py for tasks to queue
[2026-06-02T04:45:46.247+0000] {logging_mixin.py:188} INFO - [2026-06-02T04:45:46.247+0000] {dagbag.py:540} INFO - Filling up the DagBag from /home/airflow/.local/lib/python3.12/site-packages/airflow/example_dags/example_task_group_decorator.py
[2026-06-02T04:45:46.258+0000] {processor.py:840} INFO - DAG(s) 'example_task_group_decorator' retrieved from /home/airflow/.local/lib/python3.12/site-packages/airflow/example_dags/example_task_group_decorator.py
[2026-06-02T04:45:46.278+0000] {logging_mixin.py:188} INFO - [2026-06-02T04:45:46.278+0000] {dag.py:3096} INFO - Sync 1 DAGs
[2026-06-02T04:45:46.297+0000] {logging_mixin.py:188} INFO - [2026-06-02T04:45:46.297+0000] {dag.py:3954} INFO - Setting next_dagrun for example_task_group_decorator to 2026-06-01 00:00:00+00:00, run_after=2026-06-02 00:00:00+00:00
[2026-06-02T04:45:46.316+0000] {processor.py:183} INFO - Processing /home/airflow/.local/lib/python3.12/site-packages/airflow/example_dags/example_task_group_decorator.py took 0.076 seconds
[2026-06-02T04:46:16.630+0000] {processor.py:161} INFO - Started process (PID=30175) to work on /home/airflow/.local/lib/python3.12/site-packages/airflow/example_dags/example_task_group_decorator.py
[2026-06-02T04:46:16.631+0000] {processor.py:830} INFO - Processing file /home/airflow/.local/lib/python3.12/site-packages/airflow/example_dags/example_task_group_decorator.py for tasks to queue
[2026-06-02T04:46:16.633+0000] {logging_mixin.py:188} INFO - [2026-06-02T04:46:16.633+0000] {dagbag.py:540} INFO - Filling up the DagBag from /home/airflow/.local/lib/python3.12/site-packages/airflow/example_dags/example_task_group_decorator.py
[2026-06-02T04:46:16.643+0000] {processor.py:840} INFO - DAG(s) 'example_task_group_decorator' retrieved from /home/airflow/.local/lib/python3.12/site-packages/airflow/example_dags/example_task_group_decorator.py
[2026-06-02T04:46:16.663+0000] {logging_mixin.py:188} INFO - [2026-06-02T04:46:16.662+0000] {dag.py:3096} INFO - Sync 1 DAGs
[2026-06-02T04:46:16.678+0000] {logging_mixin.py:188} INFO - [2026-06-02T04:46:16.678+0000] {dag.py:3954} INFO - Setting next_dagrun for example_task_group_decorator to 2026-06-01 00:00:00+00:00, run_after=2026-06-02 00:00:00+00:00
[2026-06-02T04:46:16.693+0000] {processor.py:183} INFO - Processing /home/airflow/.local/lib/python3.12/site-packages/airflow/example_dags/example_task_group_decorator.py took 0.068 seconds
[2026-06-02T04:46:47.009+0000] {processor.py:161} INFO - Started process (PID=30234) to work on /home/airflow/.local/lib/python3.12/site-packages/airflow/example_dags/example_task_group_decorator.py
[2026-06-02T04:46:47.010+0000] {processor.py:830} INFO - Processing file /home/airflow/.local/lib/python3.12/site-packages/airflow/example_dags/example_task_group_decorator.py for tasks to queue
[2026-06-02T04:46:47.012+0000] {logging_mixin.py:188} INFO - [2026-06-02T04:46:47.012+0000] {dagbag.py:540} INFO - Filling up the DagBag from /home/airflow/.local/lib/python3.12/site-packages/airflow/example_dags/example_task_group_decorator.py
[2026-06-02T04:46:47.023+0000] {processor.py:840} INFO - DAG(s) 'example_task_group_decorator' retrieved from /home/airflow/.local/lib/python3.12/site-packages/airflow/example_dags/example_task_group_decorator.py
[2026-06-02T04:46:47.043+0000] {logging_mixin.py:188} INFO - [2026-06-02T04:46:47.043+0000] {dag.py:3096} INFO - Sync 1 DAGs
[2026-06-02T04:46:47.061+0000] {logging_mixin.py:188} INFO - [2026-06-02T04:46:47.060+0000] {dag.py:3954} INFO - Setting next_dagrun for example_task_group_decorator to 2026-06-01 00:00:00+00:00, run_after=2026-06-02 00:00:00+00:00
[2026-06-02T04:46:47.079+0000] {processor.py:183} INFO - Processing /home/airflow/.local/lib/python3.12/site-packages/airflow/example_dags/example_task_group_decorator.py took 0.075 seconds
[2026-06-02T04:47:17.259+0000] {processor.py:161} INFO - Started process (PID=30293) to work on /home/airflow/.local/lib/python3.12/site-packages/airflow/example_dags/example_task_group_decorator.py
[2026-06-02T04:47:17.260+0000] {processor.py:830} INFO - Processing file /home/airflow/.local/lib/python3.12/site-packages/airflow/example_dags/example_task_group_decorator.py for tasks to queue
[2026-06-02T04:47:17.262+0000] {logging_mixin.py:188} INFO - [2026-06-02T04:47:17.262+0000] {dagbag.py:540} INFO - Filling up the DagBag from /home/airflow/.local/lib/python3.12/site-packages/airflow/example_dags/example_task_group_decorator.py
[2026-06-02T04:47:17.273+0000] {processor.py:840} INFO - DAG(s) 'example_task_group_decorator' retrieved from /home/airflow/.local/lib/python3.12/site-packages/airflow/example_dags/example_task_group_decorator.py
[2026-06-02T04:47:17.295+0000] {logging_mixin.py:188} INFO - [2026-06-02T04:47:17.295+0000] {dag.py:3096} INFO - Sync 1 DAGs
[2026-06-02T04:47:17.312+0000] {logging_mixin.py:188} INFO - [2026-06-02T04:47:17.311+0000] {dag.py:3954} INFO - Setting next_dagrun for example_task_group_decorator to 2026-06-01 00:00:00+00:00, run_after=2026-06-02 00:00:00+00:00
[2026-06-02T04:47:17.327+0000] {processor.py:183} INFO - Processing /home/airflow/.local/lib/python3.12/site-packages/airflow/example_dags/example_task_group_decorator.py took 0.072 seconds
[2026-06-02T04:47:47.772+0000] {processor.py:161} INFO - Started process (PID=30352) to work on /home/airflow/.local/lib/python3.12/site-packages/airflow/example_dags/example_task_group_decorator.py
[2026-06-02T04:47:47.773+0000] {processor.py:830} INFO - Processing file /home/airflow/.local/lib/python3.12/site-packages/airflow/example_dags/example_task_group_decorator.py for tasks to queue
[2026-06-02T04:47:47.775+0000] {logging_mixin.py:188} INFO - [2026-06-02T04:47:47.775+0000] {dagbag.py:540} INFO - Filling up the DagBag from /home/airflow/.local/lib/python3.12/site-packages/airflow/example_dags/example_task_group_decorator.py
[2026-06-02T04:47:47.786+0000] {processor.py:840} INFO - DAG(s) 'example_task_group_decorator' retrieved from /home/airflow/.local/lib/python3.12/site-packages/airflow/example_dags/example_task_group_decorator.py
[2026-06-02T04:47:47.805+0000] {logging_mixin.py:188} INFO - [2026-06-02T04:47:47.804+0000] {dag.py:3096} INFO - Sync 1 DAGs
[2026-06-02T04:47:47.823+0000] {logging_mixin.py:188} INFO - [2026-06-02T04:47:47.822+0000] {dag.py:3954} INFO - Setting next_dagrun for example_task_group_decorator to 2026-06-01 00:00:00+00:00, run_after=2026-06-02 00:00:00+00:00
[2026-06-02T04:47:47.840+0000] {processor.py:183} INFO - Processing /home/airflow/.local/lib/python3.12/site-packages/airflow/example_dags/example_task_group_decorator.py took 0.072 seconds
[2026-06-02T04:48:18.112+0000] {processor.py:161} INFO - Started process (PID=30411) to work on /home/airflow/.local/lib/python3.12/site-packages/airflow/example_dags/example_task_group_decorator.py
[2026-06-02T04:48:18.113+0000] {processor.py:830} INFO - Processing file /home/airflow/.local/lib/python3.12/site-packages/airflow/example_dags/example_task_group_decorator.py for tasks to queue
[2026-06-02T04:48:18.115+0000] {logging_mixin.py:188} INFO - [2026-06-02T04:48:18.115+0000] {dagbag.py:540} INFO - Filling up the DagBag from /home/airflow/.local/lib/python3.12/site-packages/airflow/example_dags/example_task_group_decorator.py
[2026-06-02T04:48:18.125+0000] {processor.py:840} INFO - DAG(s) 'example_task_group_decorator' retrieved from /home/airflow/.local/lib/python3.12/site-packages/airflow/example_dags/example_task_group_decorator.py
[2026-06-02T04:48:18.144+0000] {logging_mixin.py:188} INFO - [2026-06-02T04:48:18.144+0000] {dag.py:3096} INFO - Sync 1 DAGs
[2026-06-02T04:48:18.160+0000] {logging_mixin.py:188} INFO - [2026-06-02T04:48:18.160+0000] {dag.py:3954} INFO - Setting next_dagrun for example_task_group_decorator to 2026-06-01 00:00:00+00:00, run_after=2026-06-02 00:00:00+00:00
[2026-06-02T04:48:18.175+0000] {processor.py:183} INFO - Processing /home/airflow/.local/lib/python3.12/site-packages/airflow/example_dags/example_task_group_decorator.py took 0.068 seconds
[2026-06-02T04:48:48.462+0000] {processor.py:161} INFO - Started process (PID=30471) to work on /home/airflow/.local/lib/python3.12/site-packages/airflow/example_dags/example_task_group_decorator.py
[2026-06-02T04:48:48.464+0000] {processor.py:830} INFO - Processing file /home/airflow/.local/lib/python3.12/site-packages/airflow/example_dags/example_task_group_decorator.py for tasks to queue
[2026-06-02T04:48:48.465+0000] {logging_mixin.py:188} INFO - [2026-06-02T04:48:48.465+0000] {dagbag.py:540} INFO - Filling up the DagBag from /home/airflow/.local/lib/python3.12/site-packages/airflow/example_dags/example_task_group_decorator.py
[2026-06-02T04:48:48.477+0000] {processor.py:840} INFO - DAG(s) 'example_task_group_decorator' retrieved from /home/airflow/.local/lib/python3.12/site-packages/airflow/example_dags/example_task_group_decorator.py
[2026-06-02T04:48:48.499+0000] {logging_mixin.py:188} INFO - [2026-06-02T04:48:48.499+0000] {dag.py:3096} INFO - Sync 1 DAGs
[2026-06-02T04:48:48.516+0000] {logging_mixin.py:188} INFO - [2026-06-02T04:48:48.516+0000] {dag.py:3954} INFO - Setting next_dagrun for example_task_group_decorator to 2026-06-01 00:00:00+00:00, run_after=2026-06-02 00:00:00+00:00
[2026-06-02T04:48:48.530+0000] {processor.py:183} INFO - Processing /home/airflow/.local/lib/python3.12/site-packages/airflow/example_dags/example_task_group_decorator.py took 0.073 seconds
[2026-06-02T04:49:18.825+0000] {processor.py:161} INFO - Started process (PID=30530) to work on /home/airflow/.local/lib/python3.12/site-packages/airflow/example_dags/example_task_group_decorator.py
[2026-06-02T04:49:18.826+0000] {processor.py:830} INFO - Processing file /home/airflow/.local/lib/python3.12/site-packages/airflow/example_dags/example_task_group_decorator.py for tasks to queue
[2026-06-02T04:49:18.828+0000] {logging_mixin.py:188} INFO - [2026-06-02T04:49:18.828+0000] {dagbag.py:540} INFO - Filling up the DagBag from /home/airflow/.local/lib/python3.12/site-packages/airflow/example_dags/example_task_group_decorator.py
[2026-06-02T04:49:18.839+0000] {processor.py:840} INFO - DAG(s) 'example_task_group_decorator' retrieved from /home/airflow/.local/lib/python3.12/site-packages/airflow/example_dags/example_task_group_decorator.py
[2026-06-02T04:49:18.860+0000] {logging_mixin.py:188} INFO - [2026-06-02T04:49:18.859+0000] {dag.py:3096} INFO - Sync 1 DAGs
[2026-06-02T04:49:18.877+0000] {logging_mixin.py:188} INFO - [2026-06-02T04:49:18.876+0000] {dag.py:3954} INFO - Setting next_dagrun for example_task_group_decorator to 2026-06-01 00:00:00+00:00, run_after=2026-06-02 00:00:00+00:00
[2026-06-02T04:49:18.893+0000] {processor.py:183} INFO - Processing /home/airflow/.local/lib/python3.12/site-packages/airflow/example_dags/example_task_group_decorator.py took 0.072 seconds
[2026-06-02T04:49:49.199+0000] {processor.py:161} INFO - Started process (PID=30589) to work on /home/airflow/.local/lib/python3.12/site-packages/airflow/example_dags/example_task_group_decorator.py
[2026-06-02T04:49:49.200+0000] {processor.py:830} INFO - Processing file /home/airflow/.local/lib/python3.12/site-packages/airflow/example_dags/example_task_group_decorator.py for tasks to queue
[2026-06-02T04:49:49.201+0000] {logging_mixin.py:188} INFO - [2026-06-02T04:49:49.201+0000] {dagbag.py:540} INFO - Filling up the DagBag from /home/airflow/.local/lib/python3.12/site-packages/airflow/example_dags/example_task_group_decorator.py
[2026-06-02T04:49:49.212+0000] {processor.py:840} INFO - DAG(s) 'example_task_group_decorator' retrieved from /home/airflow/.local/lib/python3.12/site-packages/airflow/example_dags/example_task_group_decorator.py
[2026-06-02T04:49:49.233+0000] {logging_mixin.py:188} INFO - [2026-06-02T04:49:49.232+0000] {dag.py:3096} INFO - Sync 1 DAGs
[2026-06-02T04:49:49.254+0000] {logging_mixin.py:188} INFO - [2026-06-02T04:49:49.253+0000] {dag.py:3954} INFO - Setting next_dagrun for example_task_group_decorator to 2026-06-01 00:00:00+00:00, run_after=2026-06-02 00:00:00+00:00
[2026-06-02T04:49:49.270+0000] {processor.py:183} INFO - Processing /home/airflow/.local/lib/python3.12/site-packages/airflow/example_dags/example_task_group_decorator.py took 0.076 seconds
[2026-06-02T04:50:19.552+0000] {processor.py:161} INFO - Started process (PID=30648) to work on /home/airflow/.local/lib/python3.12/site-packages/airflow/example_dags/example_task_group_decorator.py
[2026-06-02T04:50:19.553+0000] {processor.py:830} INFO - Processing file /home/airflow/.local/lib/python3.12/site-packages/airflow/example_dags/example_task_group_decorator.py for tasks to queue
[2026-06-02T04:50:19.555+0000] {logging_mixin.py:188} INFO - [2026-06-02T04:50:19.555+0000] {dagbag.py:540} INFO - Filling up the DagBag from /home/airflow/.local/lib/python3.12/site-packages/airflow/example_dags/example_task_group_decorator.py
[2026-06-02T04:50:19.567+0000] {processor.py:840} INFO - DAG(s) 'example_task_group_decorator' retrieved from /home/airflow/.local/lib/python3.12/site-packages/airflow/example_dags/example_task_group_decorator.py
[2026-06-02T04:50:19.585+0000] {logging_mixin.py:188} INFO - [2026-06-02T04:50:19.585+0000] {dag.py:3096} INFO - Sync 1 DAGs
[2026-06-02T04:50:19.603+0000] {logging_mixin.py:188} INFO - [2026-06-02T04:50:19.603+0000] {dag.py:3954} INFO - Setting next_dagrun for example_task_group_decorator to 2026-06-01 00:00:00+00:00, run_after=2026-06-02 00:00:00+00:00
[2026-06-02T04:50:19.618+0000] {processor.py:183} INFO - Processing /home/airflow/.local/lib/python3.12/site-packages/airflow/example_dags/example_task_group_decorator.py took 0.071 seconds
[2026-06-02T04:50:49.902+0000] {processor.py:161} INFO - Started process (PID=30707) to work on /home/airflow/.local/lib/python3.12/site-packages/airflow/example_dags/example_task_group_decorator.py
[2026-06-02T04:50:49.903+0000] {processor.py:830} INFO - Processing file /home/airflow/.local/lib/python3.12/site-packages/airflow/example_dags/example_task_group_decorator.py for tasks to queue
[2026-06-02T04:50:49.905+0000] {logging_mixin.py:188} INFO - [2026-06-02T04:50:49.904+0000] {dagbag.py:540} INFO - Filling up the DagBag from /home/airflow/.local/lib/python3.12/site-packages/airflow/example_dags/example_task_group_decorator.py
[2026-06-02T04:50:49.916+0000] {processor.py:840} INFO - DAG(s) 'example_task_group_decorator' retrieved from /home/airflow/.local/lib/python3.12/site-packages/airflow/example_dags/example_task_group_decorator.py
[2026-06-02T04:50:49.935+0000] {logging_mixin.py:188} INFO - [2026-06-02T04:50:49.935+0000] {dag.py:3096} INFO - Sync 1 DAGs
[2026-06-02T04:50:49.952+0000] {logging_mixin.py:188} INFO - [2026-06-02T04:50:49.952+0000] {dag.py:3954} INFO - Setting next_dagrun for example_task_group_decorator to 2026-06-01 00:00:00+00:00, run_after=2026-06-02 00:00:00+00:00
[2026-06-02T04:50:49.966+0000] {processor.py:183} INFO - Processing /home/airflow/.local/lib/python3.12/site-packages/airflow/example_dags/example_task_group_decorator.py took 0.069 seconds
[2026-06-02T04:51:20.287+0000] {processor.py:161} INFO - Started process (PID=30766) to work on /home/airflow/.local/lib/python3.12/site-packages/airflow/example_dags/example_task_group_decorator.py
[2026-06-02T04:51:20.288+0000] {processor.py:830} INFO - Processing file /home/airflow/.local/lib/python3.12/site-packages/airflow/example_dags/example_task_group_decorator.py for tasks to queue
[2026-06-02T04:51:20.290+0000] {logging_mixin.py:188} INFO - [2026-06-02T04:51:20.289+0000] {dagbag.py:540} INFO - Filling up the DagBag from /home/airflow/.local/lib/python3.12/site-packages/airflow/example_dags/example_task_group_decorator.py
[2026-06-02T04:51:20.303+0000] {processor.py:840} INFO - DAG(s) 'example_task_group_decorator' retrieved from /home/airflow/.local/lib/python3.12/site-packages/airflow/example_dags/example_task_group_decorator.py
[2026-06-02T04:51:20.323+0000] {logging_mixin.py:188} INFO - [2026-06-02T04:51:20.323+0000] {dag.py:3096} INFO - Sync 1 DAGs
[2026-06-02T04:51:20.339+0000] {logging_mixin.py:188} INFO - [2026-06-02T04:51:20.339+0000] {dag.py:3954} INFO - Setting next_dagrun for example_task_group_decorator to 2026-06-01 00:00:00+00:00, run_after=2026-06-02 00:00:00+00:00
[2026-06-02T04:51:20.356+0000] {processor.py:183} INFO - Processing /home/airflow/.local/lib/python3.12/site-packages/airflow/example_dags/example_task_group_decorator.py took 0.074 seconds
[2026-06-02T04:51:50.669+0000] {processor.py:161} INFO - Started process (PID=30826) to work on /home/airflow/.local/lib/python3.12/site-packages/airflow/example_dags/example_task_group_decorator.py
[2026-06-02T04:51:50.670+0000] {processor.py:830} INFO - Processing file /home/airflow/.local/lib/python3.12/site-packages/airflow/example_dags/example_task_group_decorator.py for tasks to queue
[2026-06-02T04:51:50.672+0000] {logging_mixin.py:188} INFO - [2026-06-02T04:51:50.671+0000] {dagbag.py:540} INFO - Filling up the DagBag from /home/airflow/.local/lib/python3.12/site-packages/airflow/example_dags/example_task_group_decorator.py
[2026-06-02T04:51:50.683+0000] {processor.py:840} INFO - DAG(s) 'example_task_group_decorator' retrieved from /home/airflow/.local/lib/python3.12/site-packages/airflow/example_dags/example_task_group_decorator.py
[2026-06-02T04:51:50.704+0000] {logging_mixin.py:188} INFO - [2026-06-02T04:51:50.704+0000] {dag.py:3096} INFO - Sync 1 DAGs
[2026-06-02T04:51:50.723+0000] {logging_mixin.py:188} INFO - [2026-06-02T04:51:50.722+0000] {dag.py:3954} INFO - Setting next_dagrun for example_task_group_decorator to 2026-06-01 00:00:00+00:00, run_after=2026-06-02 00:00:00+00:00
[2026-06-02T04:51:50.739+0000] {processor.py:183} INFO - Processing /home/airflow/.local/lib/python3.12/site-packages/airflow/example_dags/example_task_group_decorator.py took 0.076 seconds
[2026-06-02T04:52:21.193+0000] {processor.py:161} INFO - Started process (PID=30885) to work on /home/airflow/.local/lib/python3.12/site-packages/airflow/example_dags/example_task_group_decorator.py
[2026-06-02T04:52:21.195+0000] {processor.py:830} INFO - Processing file /home/airflow/.local/lib/python3.12/site-packages/airflow/example_dags/example_task_group_decorator.py for tasks to queue
[2026-06-02T04:52:21.196+0000] {logging_mixin.py:188} INFO - [2026-06-02T04:52:21.196+0000] {dagbag.py:540} INFO - Filling up the DagBag from /home/airflow/.local/lib/python3.12/site-packages/airflow/example_dags/example_task_group_decorator.py
[2026-06-02T04:52:21.207+0000] {processor.py:840} INFO - DAG(s) 'example_task_group_decorator' retrieved from /home/airflow/.local/lib/python3.12/site-packages/airflow/example_dags/example_task_group_decorator.py
[2026-06-02T04:52:21.228+0000] {logging_mixin.py:188} INFO - [2026-06-02T04:52:21.228+0000] {dag.py:3096} INFO - Sync 1 DAGs
[2026-06-02T04:52:21.247+0000] {logging_mixin.py:188} INFO - [2026-06-02T04:52:21.247+0000] {dag.py:3954} INFO - Setting next_dagrun for example_task_group_decorator to 2026-06-01 00:00:00+00:00, run_after=2026-06-02 00:00:00+00:00
[2026-06-02T04:52:21.264+0000] {processor.py:183} INFO - Processing /home/airflow/.local/lib/python3.12/site-packages/airflow/example_dags/example_task_group_decorator.py took 0.075 seconds
[2026-06-02T04:52:51.542+0000] {processor.py:161} INFO - Started process (PID=30944) to work on /home/airflow/.local/lib/python3.12/site-packages/airflow/example_dags/example_task_group_decorator.py
[2026-06-02T04:52:51.543+0000] {processor.py:830} INFO - Processing file /home/airflow/.local/lib/python3.12/site-packages/airflow/example_dags/example_task_group_decorator.py for tasks to queue
[2026-06-02T04:52:51.545+0000] {logging_mixin.py:188} INFO - [2026-06-02T04:52:51.545+0000] {dagbag.py:540} INFO - Filling up the DagBag from /home/airflow/.local/lib/python3.12/site-packages/airflow/example_dags/example_task_group_decorator.py
[2026-06-02T04:52:51.556+0000] {processor.py:840} INFO - DAG(s) 'example_task_group_decorator' retrieved from /home/airflow/.local/lib/python3.12/site-packages/airflow/example_dags/example_task_group_decorator.py
[2026-06-02T04:52:51.575+0000] {logging_mixin.py:188} INFO - [2026-06-02T04:52:51.575+0000] {dag.py:3096} INFO - Sync 1 DAGs
[2026-06-02T04:52:51.591+0000] {logging_mixin.py:188} INFO - [2026-06-02T04:52:51.591+0000] {dag.py:3954} INFO - Setting next_dagrun for example_task_group_decorator to 2026-06-01 00:00:00+00:00, run_after=2026-06-02 00:00:00+00:00
[2026-06-02T04:52:51.606+0000] {processor.py:183} INFO - Processing /home/airflow/.local/lib/python3.12/site-packages/airflow/example_dags/example_task_group_decorator.py took 0.068 seconds
[2026-06-02T04:53:21.857+0000] {processor.py:161} INFO - Started process (PID=31003) to work on /home/airflow/.local/lib/python3.12/site-packages/airflow/example_dags/example_task_group_decorator.py
[2026-06-02T04:53:21.858+0000] {processor.py:830} INFO - Processing file /home/airflow/.local/lib/python3.12/site-packages/airflow/example_dags/example_task_group_decorator.py for tasks to queue
[2026-06-02T04:53:21.860+0000] {logging_mixin.py:188} INFO - [2026-06-02T04:53:21.860+0000] {dagbag.py:540} INFO - Filling up the DagBag from /home/airflow/.local/lib/python3.12/site-packages/airflow/example_dags/example_task_group_decorator.py
[2026-06-02T04:53:21.871+0000] {processor.py:840} INFO - DAG(s) 'example_task_group_decorator' retrieved from /home/airflow/.local/lib/python3.12/site-packages/airflow/example_dags/example_task_group_decorator.py
[2026-06-02T04:53:21.890+0000] {logging_mixin.py:188} INFO - [2026-06-02T04:53:21.890+0000] {dag.py:3096} INFO - Sync 1 DAGs
[2026-06-02T04:53:21.907+0000] {logging_mixin.py:188} INFO - [2026-06-02T04:53:21.907+0000] {dag.py:3954} INFO - Setting next_dagrun for example_task_group_decorator to 2026-06-01 00:00:00+00:00, run_after=2026-06-02 00:00:00+00:00
[2026-06-02T04:53:21.925+0000] {processor.py:183} INFO - Processing /home/airflow/.local/lib/python3.12/site-packages/airflow/example_dags/example_task_group_decorator.py took 0.073 seconds
[2026-06-02T04:53:52.204+0000] {processor.py:161} INFO - Started process (PID=31062) to work on /home/airflow/.local/lib/python3.12/site-packages/airflow/example_dags/example_task_group_decorator.py
[2026-06-02T04:53:52.205+0000] {processor.py:830} INFO - Processing file /home/airflow/.local/lib/python3.12/site-packages/airflow/example_dags/example_task_group_decorator.py for tasks to queue
[2026-06-02T04:53:52.207+0000] {logging_mixin.py:188} INFO - [2026-06-02T04:53:52.207+0000] {dagbag.py:540} INFO - Filling up the DagBag from /home/airflow/.local/lib/python3.12/site-packages/airflow/example_dags/example_task_group_decorator.py
[2026-06-02T04:53:52.218+0000] {processor.py:840} INFO - DAG(s) 'example_task_group_decorator' retrieved from /home/airflow/.local/lib/python3.12/site-packages/airflow/example_dags/example_task_group_decorator.py
[2026-06-02T04:53:52.237+0000] {logging_mixin.py:188} INFO - [2026-06-02T04:53:52.237+0000] {dag.py:3096} INFO - Sync 1 DAGs
[2026-06-02T04:53:52.258+0000] {logging_mixin.py:188} INFO - [2026-06-02T04:53:52.258+0000] {dag.py:3954} INFO - Setting next_dagrun for example_task_group_decorator to 2026-06-01 00:00:00+00:00, run_after=2026-06-02 00:00:00+00:00
[2026-06-02T04:53:52.275+0000] {processor.py:183} INFO - Processing /home/airflow/.local/lib/python3.12/site-packages/airflow/example_dags/example_task_group_decorator.py took 0.075 seconds
[2026-06-02T04:54:22.583+0000] {processor.py:161} INFO - Started process (PID=31122) to work on /home/airflow/.local/lib/python3.12/site-packages/airflow/example_dags/example_task_group_decorator.py
[2026-06-02T04:54:22.584+0000] {processor.py:830} INFO - Processing file /home/airflow/.local/lib/python3.12/site-packages/airflow/example_dags/example_task_group_decorator.py for tasks to queue
[2026-06-02T04:54:22.585+0000] {logging_mixin.py:188} INFO - [2026-06-02T04:54:22.585+0000] {dagbag.py:540} INFO - Filling up the DagBag from /home/airflow/.local/lib/python3.12/site-packages/airflow/example_dags/example_task_group_decorator.py
[2026-06-02T04:54:22.596+0000] {processor.py:840} INFO - DAG(s) 'example_task_group_decorator' retrieved from /home/airflow/.local/lib/python3.12/site-packages/airflow/example_dags/example_task_group_decorator.py
[2026-06-02T04:54:22.615+0000] {logging_mixin.py:188} INFO - [2026-06-02T04:54:22.615+0000] {dag.py:3096} INFO - Sync 1 DAGs
[2026-06-02T04:54:22.631+0000] {logging_mixin.py:188} INFO - [2026-06-02T04:54:22.631+0000] {dag.py:3954} INFO - Setting next_dagrun for example_task_group_decorator to 2026-06-01 00:00:00+00:00, run_after=2026-06-02 00:00:00+00:00
[2026-06-02T04:54:22.650+0000] {processor.py:183} INFO - Processing /home/airflow/.local/lib/python3.12/site-packages/airflow/example_dags/example_task_group_decorator.py took 0.072 seconds
[2026-06-02T04:54:52.996+0000] {processor.py:161} INFO - Started process (PID=31187) to work on /home/airflow/.local/lib/python3.12/site-packages/airflow/example_dags/example_task_group_decorator.py
[2026-06-02T04:54:52.998+0000] {processor.py:830} INFO - Processing file /home/airflow/.local/lib/python3.12/site-packages/airflow/example_dags/example_task_group_decorator.py for tasks to queue
[2026-06-02T04:54:52.999+0000] {logging_mixin.py:188} INFO - [2026-06-02T04:54:52.999+0000] {dagbag.py:540} INFO - Filling up the DagBag from /home/airflow/.local/lib/python3.12/site-packages/airflow/example_dags/example_task_group_decorator.py
[2026-06-02T04:54:53.010+0000] {processor.py:840} INFO - DAG(s) 'example_task_group_decorator' retrieved from /home/airflow/.local/lib/python3.12/site-packages/airflow/example_dags/example_task_group_decorator.py
[2026-06-02T04:54:53.031+0000] {logging_mixin.py:188} INFO - [2026-06-02T04:54:53.031+0000] {dag.py:3096} INFO - Sync 1 DAGs
[2026-06-02T04:54:53.051+0000] {logging_mixin.py:188} INFO - [2026-06-02T04:54:53.051+0000] {dag.py:3954} INFO - Setting next_dagrun for example_task_group_decorator to 2026-06-01 00:00:00+00:00, run_after=2026-06-02 00:00:00+00:00
[2026-06-02T04:54:53.068+0000] {processor.py:183} INFO - Processing /home/airflow/.local/lib/python3.12/site-packages/airflow/example_dags/example_task_group_decorator.py took 0.077 seconds
[2026-06-02T04:55:23.218+0000] {processor.py:161} INFO - Started process (PID=31246) to work on /home/airflow/.local/lib/python3.12/site-packages/airflow/example_dags/example_task_group_decorator.py
[2026-06-02T04:55:23.219+0000] {processor.py:830} INFO - Processing file /home/airflow/.local/lib/python3.12/site-packages/airflow/example_dags/example_task_group_decorator.py for tasks to queue
[2026-06-02T04:55:23.221+0000] {logging_mixin.py:188} INFO - [2026-06-02T04:55:23.221+0000] {dagbag.py:540} INFO - Filling up the DagBag from /home/airflow/.local/lib/python3.12/site-packages/airflow/example_dags/example_task_group_decorator.py
[2026-06-02T04:55:23.233+0000] {processor.py:840} INFO - DAG(s) 'example_task_group_decorator' retrieved from /home/airflow/.local/lib/python3.12/site-packages/airflow/example_dags/example_task_group_decorator.py
[2026-06-02T04:55:23.254+0000] {logging_mixin.py:188} INFO - [2026-06-02T04:55:23.254+0000] {dag.py:3096} INFO - Sync 1 DAGs
[2026-06-02T04:55:23.271+0000] {logging_mixin.py:188} INFO - [2026-06-02T04:55:23.271+0000] {dag.py:3954} INFO - Setting next_dagrun for example_task_group_decorator to 2026-06-01 00:00:00+00:00, run_after=2026-06-02 00:00:00+00:00
[2026-06-02T04:55:23.287+0000] {processor.py:183} INFO - Processing /home/airflow/.local/lib/python3.12/site-packages/airflow/example_dags/example_task_group_decorator.py took 0.074 seconds
[2026-06-02T04:55:53.822+0000] {processor.py:161} INFO - Started process (PID=31305) to work on /home/airflow/.local/lib/python3.12/site-packages/airflow/example_dags/example_task_group_decorator.py
[2026-06-02T04:55:53.825+0000] {processor.py:830} INFO - Processing file /home/airflow/.local/lib/python3.12/site-packages/airflow/example_dags/example_task_group_decorator.py for tasks to queue
[2026-06-02T04:55:53.830+0000] {logging_mixin.py:188} INFO - [2026-06-02T04:55:53.829+0000] {dagbag.py:540} INFO - Filling up the DagBag from /home/airflow/.local/lib/python3.12/site-packages/airflow/example_dags/example_task_group_decorator.py
[2026-06-02T04:55:53.854+0000] {processor.py:840} INFO - DAG(s) 'example_task_group_decorator' retrieved from /home/airflow/.local/lib/python3.12/site-packages/airflow/example_dags/example_task_group_decorator.py
[2026-06-02T04:55:53.884+0000] {logging_mixin.py:188} INFO - [2026-06-02T04:55:53.884+0000] {dag.py:3096} INFO - Sync 1 DAGs
[2026-06-02T04:55:53.903+0000] {logging_mixin.py:188} INFO - [2026-06-02T04:55:53.902+0000] {dag.py:3954} INFO - Setting next_dagrun for example_task_group_decorator to 2026-06-01 00:00:00+00:00, run_after=2026-06-02 00:00:00+00:00
[2026-06-02T04:55:53.940+0000] {processor.py:183} INFO - Processing /home/airflow/.local/lib/python3.12/site-packages/airflow/example_dags/example_task_group_decorator.py took 0.126 seconds
[2026-06-02T04:56:24.179+0000] {processor.py:161} INFO - Started process (PID=31364) to work on /home/airflow/.local/lib/python3.12/site-packages/airflow/example_dags/example_task_group_decorator.py
[2026-06-02T04:56:24.180+0000] {processor.py:830} INFO - Processing file /home/airflow/.local/lib/python3.12/site-packages/airflow/example_dags/example_task_group_decorator.py for tasks to queue
[2026-06-02T04:56:24.182+0000] {logging_mixin.py:188} INFO - [2026-06-02T04:56:24.181+0000] {dagbag.py:540} INFO - Filling up the DagBag from /home/airflow/.local/lib/python3.12/site-packages/airflow/example_dags/example_task_group_decorator.py
[2026-06-02T04:56:24.196+0000] {processor.py:840} INFO - DAG(s) 'example_task_group_decorator' retrieved from /home/airflow/.local/lib/python3.12/site-packages/airflow/example_dags/example_task_group_decorator.py
[2026-06-02T04:56:24.215+0000] {logging_mixin.py:188} INFO - [2026-06-02T04:56:24.214+0000] {dag.py:3096} INFO - Sync 1 DAGs
[2026-06-02T04:56:24.231+0000] {logging_mixin.py:188} INFO - [2026-06-02T04:56:24.230+0000] {dag.py:3954} INFO - Setting next_dagrun for example_task_group_decorator to 2026-06-01 00:00:00+00:00, run_after=2026-06-02 00:00:00+00:00
[2026-06-02T04:56:24.251+0000] {processor.py:183} INFO - Processing /home/airflow/.local/lib/python3.12/site-packages/airflow/example_dags/example_task_group_decorator.py took 0.076 seconds
[2026-06-02T04:56:54.548+0000] {processor.py:161} INFO - Started process (PID=31423) to work on /home/airflow/.local/lib/python3.12/site-packages/airflow/example_dags/example_task_group_decorator.py
[2026-06-02T04:56:54.549+0000] {processor.py:830} INFO - Processing file /home/airflow/.local/lib/python3.12/site-packages/airflow/example_dags/example_task_group_decorator.py for tasks to queue
[2026-06-02T04:56:54.551+0000] {logging_mixin.py:188} INFO - [2026-06-02T04:56:54.550+0000] {dagbag.py:540} INFO - Filling up the DagBag from /home/airflow/.local/lib/python3.12/site-packages/airflow/example_dags/example_task_group_decorator.py
[2026-06-02T04:56:54.565+0000] {processor.py:840} INFO - DAG(s) 'example_task_group_decorator' retrieved from /home/airflow/.local/lib/python3.12/site-packages/airflow/example_dags/example_task_group_decorator.py
[2026-06-02T04:56:54.586+0000] {logging_mixin.py:188} INFO - [2026-06-02T04:56:54.585+0000] {dag.py:3096} INFO - Sync 1 DAGs
[2026-06-02T04:56:54.603+0000] {logging_mixin.py:188} INFO - [2026-06-02T04:56:54.603+0000] {dag.py:3954} INFO - Setting next_dagrun for example_task_group_decorator to 2026-06-01 00:00:00+00:00, run_after=2026-06-02 00:00:00+00:00
[2026-06-02T04:56:54.620+0000] {processor.py:183} INFO - Processing /home/airflow/.local/lib/python3.12/site-packages/airflow/example_dags/example_task_group_decorator.py took 0.077 seconds
[2026-06-02T06:23:43.394+0000] {processor.py:161} INFO - Started process (PID=31480) to work on /home/airflow/.local/lib/python3.12/site-packages/airflow/example_dags/example_task_group_decorator.py
[2026-06-02T06:23:43.395+0000] {processor.py:830} INFO - Processing file /home/airflow/.local/lib/python3.12/site-packages/airflow/example_dags/example_task_group_decorator.py for tasks to queue
[2026-06-02T06:23:43.396+0000] {logging_mixin.py:188} INFO - [2026-06-02T06:23:43.395+0000] {dagbag.py:540} INFO - Filling up the DagBag from /home/airflow/.local/lib/python3.12/site-packages/airflow/example_dags/example_task_group_decorator.py
[2026-06-02T06:23:43.409+0000] {processor.py:840} INFO - DAG(s) 'example_task_group_decorator' retrieved from /home/airflow/.local/lib/python3.12/site-packages/airflow/example_dags/example_task_group_decorator.py
[2026-06-02T06:23:43.438+0000] {logging_mixin.py:188} INFO - [2026-06-02T06:23:43.438+0000] {dag.py:3096} INFO - Sync 1 DAGs
[2026-06-02T06:23:43.459+0000] {logging_mixin.py:188} INFO - [2026-06-02T06:23:43.459+0000] {dag.py:3954} INFO - Setting next_dagrun for example_task_group_decorator to 2026-06-01 00:00:00+00:00, run_after=2026-06-02 00:00:00+00:00
[2026-06-02T06:23:43.477+0000] {processor.py:183} INFO - Processing /home/airflow/.local/lib/python3.12/site-packages/airflow/example_dags/example_task_group_decorator.py took 0.088 seconds
[2026-06-02T08:04:31.307+0000] {processor.py:161} INFO - Started process (PID=31530) to work on /home/airflow/.local/lib/python3.12/site-packages/airflow/example_dags/example_task_group_decorator.py
[2026-06-02T08:04:31.309+0000] {processor.py:830} INFO - Processing file /home/airflow/.local/lib/python3.12/site-packages/airflow/example_dags/example_task_group_decorator.py for tasks to queue
[2026-06-02T08:04:31.311+0000] {logging_mixin.py:188} INFO - [2026-06-02T08:04:31.310+0000] {dagbag.py:540} INFO - Filling up the DagBag from /home/airflow/.local/lib/python3.12/site-packages/airflow/example_dags/example_task_group_decorator.py
[2026-06-02T08:04:31.325+0000] {processor.py:840} INFO - DAG(s) 'example_task_group_decorator' retrieved from /home/airflow/.local/lib/python3.12/site-packages/airflow/example_dags/example_task_group_decorator.py
[2026-06-02T08:04:31.348+0000] {logging_mixin.py:188} INFO - [2026-06-02T08:04:31.348+0000] {dag.py:3096} INFO - Sync 1 DAGs
[2026-06-02T08:04:31.370+0000] {logging_mixin.py:188} INFO - [2026-06-02T08:04:31.370+0000] {dag.py:3954} INFO - Setting next_dagrun for example_task_group_decorator to 2026-06-01 00:00:00+00:00, run_after=2026-06-02 00:00:00+00:00
[2026-06-02T08:04:31.395+0000] {processor.py:183} INFO - Processing /home/airflow/.local/lib/python3.12/site-packages/airflow/example_dags/example_task_group_decorator.py took 0.093 seconds
[2026-06-02T08:34:38.473+0000] {processor.py:161} INFO - Started process (PID=31573) to work on /home/airflow/.local/lib/python3.12/site-packages/airflow/example_dags/example_task_group_decorator.py
[2026-06-02T08:34:38.475+0000] {processor.py:830} INFO - Processing file /home/airflow/.local/lib/python3.12/site-packages/airflow/example_dags/example_task_group_decorator.py for tasks to queue
[2026-06-02T08:34:38.478+0000] {logging_mixin.py:188} INFO - [2026-06-02T08:34:38.477+0000] {dagbag.py:540} INFO - Filling up the DagBag from /home/airflow/.local/lib/python3.12/site-packages/airflow/example_dags/example_task_group_decorator.py
[2026-06-02T08:34:38.507+0000] {processor.py:840} INFO - DAG(s) 'example_task_group_decorator' retrieved from /home/airflow/.local/lib/python3.12/site-packages/airflow/example_dags/example_task_group_decorator.py
[2026-06-02T08:34:38.550+0000] {logging_mixin.py:188} INFO - [2026-06-02T08:34:38.549+0000] {dag.py:3096} INFO - Sync 1 DAGs
[2026-06-02T08:34:38.587+0000] {logging_mixin.py:188} INFO - [2026-06-02T08:34:38.587+0000] {dag.py:3954} INFO - Setting next_dagrun for example_task_group_decorator to 2026-06-01 00:00:00+00:00, run_after=2026-06-02 00:00:00+00:00
[2026-06-02T08:34:38.623+0000] {processor.py:183} INFO - Processing /home/airflow/.local/lib/python3.12/site-packages/airflow/example_dags/example_task_group_decorator.py took 0.157 seconds
[2026-06-02T08:35:08.745+0000] {processor.py:161} INFO - Started process (PID=31632) to work on /home/airflow/.local/lib/python3.12/site-packages/airflow/example_dags/example_task_group_decorator.py
[2026-06-02T08:35:08.746+0000] {processor.py:830} INFO - Processing file /home/airflow/.local/lib/python3.12/site-packages/airflow/example_dags/example_task_group_decorator.py for tasks to queue
[2026-06-02T08:35:08.747+0000] {logging_mixin.py:188} INFO - [2026-06-02T08:35:08.747+0000] {dagbag.py:540} INFO - Filling up the DagBag from /home/airflow/.local/lib/python3.12/site-packages/airflow/example_dags/example_task_group_decorator.py
[2026-06-02T08:35:08.760+0000] {processor.py:840} INFO - DAG(s) 'example_task_group_decorator' retrieved from /home/airflow/.local/lib/python3.12/site-packages/airflow/example_dags/example_task_group_decorator.py
[2026-06-02T08:35:08.786+0000] {logging_mixin.py:188} INFO - [2026-06-02T08:35:08.786+0000] {dag.py:3096} INFO - Sync 1 DAGs
[2026-06-02T08:35:08.804+0000] {logging_mixin.py:188} INFO - [2026-06-02T08:35:08.803+0000] {dag.py:3954} INFO - Setting next_dagrun for example_task_group_decorator to 2026-06-01 00:00:00+00:00, run_after=2026-06-02 00:00:00+00:00
[2026-06-02T08:35:08.821+0000] {processor.py:183} INFO - Processing /home/airflow/.local/lib/python3.12/site-packages/airflow/example_dags/example_task_group_decorator.py took 0.080 seconds
[2026-06-02T08:35:39.151+0000] {processor.py:161} INFO - Started process (PID=31691) to work on /home/airflow/.local/lib/python3.12/site-packages/airflow/example_dags/example_task_group_decorator.py
[2026-06-02T08:35:39.152+0000] {processor.py:830} INFO - Processing file /home/airflow/.local/lib/python3.12/site-packages/airflow/example_dags/example_task_group_decorator.py for tasks to queue
[2026-06-02T08:35:39.153+0000] {logging_mixin.py:188} INFO - [2026-06-02T08:35:39.152+0000] {dagbag.py:540} INFO - Filling up the DagBag from /home/airflow/.local/lib/python3.12/site-packages/airflow/example_dags/example_task_group_decorator.py
[2026-06-02T08:35:39.164+0000] {processor.py:840} INFO - DAG(s) 'example_task_group_decorator' retrieved from /home/airflow/.local/lib/python3.12/site-packages/airflow/example_dags/example_task_group_decorator.py
[2026-06-02T08:35:39.184+0000] {logging_mixin.py:188} INFO - [2026-06-02T08:35:39.184+0000] {dag.py:3096} INFO - Sync 1 DAGs
[2026-06-02T08:35:39.203+0000] {logging_mixin.py:188} INFO - [2026-06-02T08:35:39.202+0000] {dag.py:3954} INFO - Setting next_dagrun for example_task_group_decorator to 2026-06-01 00:00:00+00:00, run_after=2026-06-02 00:00:00+00:00
[2026-06-02T08:35:39.217+0000] {processor.py:183} INFO - Processing /home/airflow/.local/lib/python3.12/site-packages/airflow/example_dags/example_task_group_decorator.py took 0.073 seconds
[2026-06-02T08:36:09.788+0000] {processor.py:161} INFO - Started process (PID=31750) to work on /home/airflow/.local/lib/python3.12/site-packages/airflow/example_dags/example_task_group_decorator.py
[2026-06-02T08:36:09.789+0000] {processor.py:830} INFO - Processing file /home/airflow/.local/lib/python3.12/site-packages/airflow/example_dags/example_task_group_decorator.py for tasks to queue
[2026-06-02T08:36:09.790+0000] {logging_mixin.py:188} INFO - [2026-06-02T08:36:09.790+0000] {dagbag.py:540} INFO - Filling up the DagBag from /home/airflow/.local/lib/python3.12/site-packages/airflow/example_dags/example_task_group_decorator.py
[2026-06-02T08:36:09.803+0000] {processor.py:840} INFO - DAG(s) 'example_task_group_decorator' retrieved from /home/airflow/.local/lib/python3.12/site-packages/airflow/example_dags/example_task_group_decorator.py
[2026-06-02T08:36:09.824+0000] {logging_mixin.py:188} INFO - [2026-06-02T08:36:09.824+0000] {dag.py:3096} INFO - Sync 1 DAGs
[2026-06-02T08:36:09.850+0000] {logging_mixin.py:188} INFO - [2026-06-02T08:36:09.849+0000] {dag.py:3954} INFO - Setting next_dagrun for example_task_group_decorator to 2026-06-01 00:00:00+00:00, run_after=2026-06-02 00:00:00+00:00
[2026-06-02T08:36:09.866+0000] {processor.py:183} INFO - Processing /home/airflow/.local/lib/python3.12/site-packages/airflow/example_dags/example_task_group_decorator.py took 0.084 seconds
[2026-06-02T08:36:39.902+0000] {processor.py:161} INFO - Started process (PID=31809) to work on /home/airflow/.local/lib/python3.12/site-packages/airflow/example_dags/example_task_group_decorator.py
[2026-06-02T08:36:39.904+0000] {processor.py:830} INFO - Processing file /home/airflow/.local/lib/python3.12/site-packages/airflow/example_dags/example_task_group_decorator.py for tasks to queue
[2026-06-02T08:36:39.906+0000] {logging_mixin.py:188} INFO - [2026-06-02T08:36:39.905+0000] {dagbag.py:540} INFO - Filling up the DagBag from /home/airflow/.local/lib/python3.12/site-packages/airflow/example_dags/example_task_group_decorator.py
[2026-06-02T08:36:39.918+0000] {processor.py:840} INFO - DAG(s) 'example_task_group_decorator' retrieved from /home/airflow/.local/lib/python3.12/site-packages/airflow/example_dags/example_task_group_decorator.py
[2026-06-02T08:36:39.940+0000] {logging_mixin.py:188} INFO - [2026-06-02T08:36:39.939+0000] {dag.py:3096} INFO - Sync 1 DAGs
[2026-06-02T08:36:39.961+0000] {logging_mixin.py:188} INFO - [2026-06-02T08:36:39.961+0000] {dag.py:3954} INFO - Setting next_dagrun for example_task_group_decorator to 2026-06-01 00:00:00+00:00, run_after=2026-06-02 00:00:00+00:00
[2026-06-02T08:36:39.981+0000] {processor.py:183} INFO - Processing /home/airflow/.local/lib/python3.12/site-packages/airflow/example_dags/example_task_group_decorator.py took 0.085 seconds
[2026-06-02T08:37:10.087+0000] {processor.py:161} INFO - Started process (PID=31868) to work on /home/airflow/.local/lib/python3.12/site-packages/airflow/example_dags/example_task_group_decorator.py
[2026-06-02T08:37:10.088+0000] {processor.py:830} INFO - Processing file /home/airflow/.local/lib/python3.12/site-packages/airflow/example_dags/example_task_group_decorator.py for tasks to queue
[2026-06-02T08:37:10.089+0000] {logging_mixin.py:188} INFO - [2026-06-02T08:37:10.089+0000] {dagbag.py:540} INFO - Filling up the DagBag from /home/airflow/.local/lib/python3.12/site-packages/airflow/example_dags/example_task_group_decorator.py
[2026-06-02T08:37:10.101+0000] {processor.py:840} INFO - DAG(s) 'example_task_group_decorator' retrieved from /home/airflow/.local/lib/python3.12/site-packages/airflow/example_dags/example_task_group_decorator.py
[2026-06-02T08:37:10.120+0000] {logging_mixin.py:188} INFO - [2026-06-02T08:37:10.120+0000] {dag.py:3096} INFO - Sync 1 DAGs
[2026-06-02T08:37:10.138+0000] {logging_mixin.py:188} INFO - [2026-06-02T08:37:10.138+0000] {dag.py:3954} INFO - Setting next_dagrun for example_task_group_decorator to 2026-06-01 00:00:00+00:00, run_after=2026-06-02 00:00:00+00:00
[2026-06-02T08:37:10.154+0000] {processor.py:183} INFO - Processing /home/airflow/.local/lib/python3.12/site-packages/airflow/example_dags/example_task_group_decorator.py took 0.072 seconds
[2026-06-02T08:37:40.351+0000] {processor.py:161} INFO - Started process (PID=31927) to work on /home/airflow/.local/lib/python3.12/site-packages/airflow/example_dags/example_task_group_decorator.py
[2026-06-02T08:37:40.352+0000] {processor.py:830} INFO - Processing file /home/airflow/.local/lib/python3.12/site-packages/airflow/example_dags/example_task_group_decorator.py for tasks to queue
[2026-06-02T08:37:40.353+0000] {logging_mixin.py:188} INFO - [2026-06-02T08:37:40.353+0000] {dagbag.py:540} INFO - Filling up the DagBag from /home/airflow/.local/lib/python3.12/site-packages/airflow/example_dags/example_task_group_decorator.py
[2026-06-02T08:37:40.377+0000] {processor.py:840} INFO - DAG(s) 'example_task_group_decorator' retrieved from /home/airflow/.local/lib/python3.12/site-packages/airflow/example_dags/example_task_group_decorator.py
[2026-06-02T08:37:40.409+0000] {logging_mixin.py:188} INFO - [2026-06-02T08:37:40.409+0000] {dag.py:3096} INFO - Sync 1 DAGs
[2026-06-02T08:37:40.433+0000] {logging_mixin.py:188} INFO - [2026-06-02T08:37:40.433+0000] {dag.py:3954} INFO - Setting next_dagrun for example_task_group_decorator to 2026-06-01 00:00:00+00:00, run_after=2026-06-02 00:00:00+00:00
[2026-06-02T08:37:40.457+0000] {processor.py:183} INFO - Processing /home/airflow/.local/lib/python3.12/site-packages/airflow/example_dags/example_task_group_decorator.py took 0.112 seconds
[2026-06-02T08:38:10.508+0000] {processor.py:161} INFO - Started process (PID=31986) to work on /home/airflow/.local/lib/python3.12/site-packages/airflow/example_dags/example_task_group_decorator.py
[2026-06-02T08:38:10.509+0000] {processor.py:830} INFO - Processing file /home/airflow/.local/lib/python3.12/site-packages/airflow/example_dags/example_task_group_decorator.py for tasks to queue
[2026-06-02T08:38:10.510+0000] {logging_mixin.py:188} INFO - [2026-06-02T08:38:10.510+0000] {dagbag.py:540} INFO - Filling up the DagBag from /home/airflow/.local/lib/python3.12/site-packages/airflow/example_dags/example_task_group_decorator.py
[2026-06-02T08:38:10.522+0000] {processor.py:840} INFO - DAG(s) 'example_task_group_decorator' retrieved from /home/airflow/.local/lib/python3.12/site-packages/airflow/example_dags/example_task_group_decorator.py
[2026-06-02T08:38:10.543+0000] {logging_mixin.py:188} INFO - [2026-06-02T08:38:10.543+0000] {dag.py:3096} INFO - Sync 1 DAGs
[2026-06-02T08:38:10.561+0000] {logging_mixin.py:188} INFO - [2026-06-02T08:38:10.560+0000] {dag.py:3954} INFO - Setting next_dagrun for example_task_group_decorator to 2026-06-01 00:00:00+00:00, run_after=2026-06-02 00:00:00+00:00
[2026-06-02T08:38:10.578+0000] {processor.py:183} INFO - Processing /home/airflow/.local/lib/python3.12/site-packages/airflow/example_dags/example_task_group_decorator.py took 0.075 seconds
[2026-06-02T08:38:40.828+0000] {processor.py:161} INFO - Started process (PID=32045) to work on /home/airflow/.local/lib/python3.12/site-packages/airflow/example_dags/example_task_group_decorator.py
[2026-06-02T08:38:40.829+0000] {processor.py:830} INFO - Processing file /home/airflow/.local/lib/python3.12/site-packages/airflow/example_dags/example_task_group_decorator.py for tasks to queue
[2026-06-02T08:38:40.831+0000] {logging_mixin.py:188} INFO - [2026-06-02T08:38:40.830+0000] {dagbag.py:540} INFO - Filling up the DagBag from /home/airflow/.local/lib/python3.12/site-packages/airflow/example_dags/example_task_group_decorator.py
[2026-06-02T08:38:40.842+0000] {processor.py:840} INFO - DAG(s) 'example_task_group_decorator' retrieved from /home/airflow/.local/lib/python3.12/site-packages/airflow/example_dags/example_task_group_decorator.py
[2026-06-02T08:38:40.862+0000] {logging_mixin.py:188} INFO - [2026-06-02T08:38:40.862+0000] {dag.py:3096} INFO - Sync 1 DAGs
[2026-06-02T08:38:40.880+0000] {logging_mixin.py:188} INFO - [2026-06-02T08:38:40.879+0000] {dag.py:3954} INFO - Setting next_dagrun for example_task_group_decorator to 2026-06-01 00:00:00+00:00, run_after=2026-06-02 00:00:00+00:00
[2026-06-02T08:38:40.895+0000] {processor.py:183} INFO - Processing /home/airflow/.local/lib/python3.12/site-packages/airflow/example_dags/example_task_group_decorator.py took 0.071 seconds
[2026-06-02T08:39:10.997+0000] {processor.py:161} INFO - Started process (PID=32104) to work on /home/airflow/.local/lib/python3.12/site-packages/airflow/example_dags/example_task_group_decorator.py
[2026-06-02T08:39:10.998+0000] {processor.py:830} INFO - Processing file /home/airflow/.local/lib/python3.12/site-packages/airflow/example_dags/example_task_group_decorator.py for tasks to queue
[2026-06-02T08:39:10.999+0000] {logging_mixin.py:188} INFO - [2026-06-02T08:39:10.998+0000] {dagbag.py:540} INFO - Filling up the DagBag from /home/airflow/.local/lib/python3.12/site-packages/airflow/example_dags/example_task_group_decorator.py
[2026-06-02T08:39:11.013+0000] {processor.py:840} INFO - DAG(s) 'example_task_group_decorator' retrieved from /home/airflow/.local/lib/python3.12/site-packages/airflow/example_dags/example_task_group_decorator.py
[2026-06-02T08:39:11.036+0000] {logging_mixin.py:188} INFO - [2026-06-02T08:39:11.036+0000] {dag.py:3096} INFO - Sync 1 DAGs
[2026-06-02T08:39:11.062+0000] {logging_mixin.py:188} INFO - [2026-06-02T08:39:11.062+0000] {dag.py:3954} INFO - Setting next_dagrun for example_task_group_decorator to 2026-06-01 00:00:00+00:00, run_after=2026-06-02 00:00:00+00:00
[2026-06-02T08:39:11.080+0000] {processor.py:183} INFO - Processing /home/airflow/.local/lib/python3.12/site-packages/airflow/example_dags/example_task_group_decorator.py took 0.090 seconds
[2026-06-02T08:39:41.376+0000] {processor.py:161} INFO - Started process (PID=32164) to work on /home/airflow/.local/lib/python3.12/site-packages/airflow/example_dags/example_task_group_decorator.py
[2026-06-02T08:39:41.377+0000] {processor.py:830} INFO - Processing file /home/airflow/.local/lib/python3.12/site-packages/airflow/example_dags/example_task_group_decorator.py for tasks to queue
[2026-06-02T08:39:41.378+0000] {logging_mixin.py:188} INFO - [2026-06-02T08:39:41.378+0000] {dagbag.py:540} INFO - Filling up the DagBag from /home/airflow/.local/lib/python3.12/site-packages/airflow/example_dags/example_task_group_decorator.py
[2026-06-02T08:39:41.391+0000] {processor.py:840} INFO - DAG(s) 'example_task_group_decorator' retrieved from /home/airflow/.local/lib/python3.12/site-packages/airflow/example_dags/example_task_group_decorator.py
[2026-06-02T08:39:41.413+0000] {logging_mixin.py:188} INFO - [2026-06-02T08:39:41.413+0000] {dag.py:3096} INFO - Sync 1 DAGs
[2026-06-02T08:39:41.432+0000] {logging_mixin.py:188} INFO - [2026-06-02T08:39:41.431+0000] {dag.py:3954} INFO - Setting next_dagrun for example_task_group_decorator to 2026-06-01 00:00:00+00:00, run_after=2026-06-02 00:00:00+00:00
[2026-06-02T08:39:41.448+0000] {processor.py:183} INFO - Processing /home/airflow/.local/lib/python3.12/site-packages/airflow/example_dags/example_task_group_decorator.py took 0.077 seconds
[2026-06-02T08:40:12.200+0000] {processor.py:161} INFO - Started process (PID=32224) to work on /home/airflow/.local/lib/python3.12/site-packages/airflow/example_dags/example_task_group_decorator.py
[2026-06-02T08:40:12.201+0000] {processor.py:830} INFO - Processing file /home/airflow/.local/lib/python3.12/site-packages/airflow/example_dags/example_task_group_decorator.py for tasks to queue
[2026-06-02T08:40:12.202+0000] {logging_mixin.py:188} INFO - [2026-06-02T08:40:12.202+0000] {dagbag.py:540} INFO - Filling up the DagBag from /home/airflow/.local/lib/python3.12/site-packages/airflow/example_dags/example_task_group_decorator.py
[2026-06-02T08:40:12.216+0000] {processor.py:840} INFO - DAG(s) 'example_task_group_decorator' retrieved from /home/airflow/.local/lib/python3.12/site-packages/airflow/example_dags/example_task_group_decorator.py
[2026-06-02T08:40:12.241+0000] {logging_mixin.py:188} INFO - [2026-06-02T08:40:12.240+0000] {dag.py:3096} INFO - Sync 1 DAGs
[2026-06-02T08:40:12.260+0000] {logging_mixin.py:188} INFO - [2026-06-02T08:40:12.260+0000] {dag.py:3954} INFO - Setting next_dagrun for example_task_group_decorator to 2026-06-01 00:00:00+00:00, run_after=2026-06-02 00:00:00+00:00
[2026-06-02T08:40:12.278+0000] {processor.py:183} INFO - Processing /home/airflow/.local/lib/python3.12/site-packages/airflow/example_dags/example_task_group_decorator.py took 0.087 seconds
[2026-06-02T08:40:42.512+0000] {processor.py:161} INFO - Started process (PID=32285) to work on /home/airflow/.local/lib/python3.12/site-packages/airflow/example_dags/example_task_group_decorator.py
[2026-06-02T08:40:42.513+0000] {processor.py:830} INFO - Processing file /home/airflow/.local/lib/python3.12/site-packages/airflow/example_dags/example_task_group_decorator.py for tasks to queue
[2026-06-02T08:40:42.516+0000] {logging_mixin.py:188} INFO - [2026-06-02T08:40:42.515+0000] {dagbag.py:540} INFO - Filling up the DagBag from /home/airflow/.local/lib/python3.12/site-packages/airflow/example_dags/example_task_group_decorator.py
[2026-06-02T08:40:42.533+0000] {processor.py:840} INFO - DAG(s) 'example_task_group_decorator' retrieved from /home/airflow/.local/lib/python3.12/site-packages/airflow/example_dags/example_task_group_decorator.py
[2026-06-02T08:40:42.565+0000] {logging_mixin.py:188} INFO - [2026-06-02T08:40:42.564+0000] {dag.py:3096} INFO - Sync 1 DAGs
[2026-06-02T08:40:42.590+0000] {logging_mixin.py:188} INFO - [2026-06-02T08:40:42.590+0000] {dag.py:3954} INFO - Setting next_dagrun for example_task_group_decorator to 2026-06-01 00:00:00+00:00, run_after=2026-06-02 00:00:00+00:00
[2026-06-02T08:40:42.617+0000] {processor.py:183} INFO - Processing /home/airflow/.local/lib/python3.12/site-packages/airflow/example_dags/example_task_group_decorator.py took 0.116 seconds
[2026-06-02T08:41:12.709+0000] {processor.py:161} INFO - Started process (PID=32349) to work on /home/airflow/.local/lib/python3.12/site-packages/airflow/example_dags/example_task_group_decorator.py
[2026-06-02T08:41:12.711+0000] {processor.py:830} INFO - Processing file /home/airflow/.local/lib/python3.12/site-packages/airflow/example_dags/example_task_group_decorator.py for tasks to queue
[2026-06-02T08:41:12.712+0000] {logging_mixin.py:188} INFO - [2026-06-02T08:41:12.712+0000] {dagbag.py:540} INFO - Filling up the DagBag from /home/airflow/.local/lib/python3.12/site-packages/airflow/example_dags/example_task_group_decorator.py
[2026-06-02T08:41:12.726+0000] {processor.py:840} INFO - DAG(s) 'example_task_group_decorator' retrieved from /home/airflow/.local/lib/python3.12/site-packages/airflow/example_dags/example_task_group_decorator.py
[2026-06-02T08:41:12.748+0000] {logging_mixin.py:188} INFO - [2026-06-02T08:41:12.748+0000] {dag.py:3096} INFO - Sync 1 DAGs
[2026-06-02T08:41:12.768+0000] {logging_mixin.py:188} INFO - [2026-06-02T08:41:12.768+0000] {dag.py:3954} INFO - Setting next_dagrun for example_task_group_decorator to 2026-06-01 00:00:00+00:00, run_after=2026-06-02 00:00:00+00:00
[2026-06-02T08:41:12.786+0000] {processor.py:183} INFO - Processing /home/airflow/.local/lib/python3.12/site-packages/airflow/example_dags/example_task_group_decorator.py took 0.089 seconds
[2026-06-02T08:41:42.958+0000] {processor.py:161} INFO - Started process (PID=32410) to work on /home/airflow/.local/lib/python3.12/site-packages/airflow/example_dags/example_task_group_decorator.py
[2026-06-02T08:41:42.959+0000] {processor.py:830} INFO - Processing file /home/airflow/.local/lib/python3.12/site-packages/airflow/example_dags/example_task_group_decorator.py for tasks to queue
[2026-06-02T08:41:42.961+0000] {logging_mixin.py:188} INFO - [2026-06-02T08:41:42.960+0000] {dagbag.py:540} INFO - Filling up the DagBag from /home/airflow/.local/lib/python3.12/site-packages/airflow/example_dags/example_task_group_decorator.py
[2026-06-02T08:41:42.978+0000] {processor.py:840} INFO - DAG(s) 'example_task_group_decorator' retrieved from /home/airflow/.local/lib/python3.12/site-packages/airflow/example_dags/example_task_group_decorator.py
[2026-06-02T08:41:43.002+0000] {logging_mixin.py:188} INFO - [2026-06-02T08:41:43.002+0000] {dag.py:3096} INFO - Sync 1 DAGs
[2026-06-02T08:41:43.024+0000] {logging_mixin.py:188} INFO - [2026-06-02T08:41:43.024+0000] {dag.py:3954} INFO - Setting next_dagrun for example_task_group_decorator to 2026-06-01 00:00:00+00:00, run_after=2026-06-02 00:00:00+00:00
[2026-06-02T08:41:43.045+0000] {processor.py:183} INFO - Processing /home/airflow/.local/lib/python3.12/site-packages/airflow/example_dags/example_task_group_decorator.py took 0.092 seconds
[2026-06-02T08:42:13.092+0000] {processor.py:161} INFO - Started process (PID=32470) to work on /home/airflow/.local/lib/python3.12/site-packages/airflow/example_dags/example_task_group_decorator.py
[2026-06-02T08:42:13.094+0000] {processor.py:830} INFO - Processing file /home/airflow/.local/lib/python3.12/site-packages/airflow/example_dags/example_task_group_decorator.py for tasks to queue
[2026-06-02T08:42:13.095+0000] {logging_mixin.py:188} INFO - [2026-06-02T08:42:13.094+0000] {dagbag.py:540} INFO - Filling up the DagBag from /home/airflow/.local/lib/python3.12/site-packages/airflow/example_dags/example_task_group_decorator.py
[2026-06-02T08:42:13.109+0000] {processor.py:840} INFO - DAG(s) 'example_task_group_decorator' retrieved from /home/airflow/.local/lib/python3.12/site-packages/airflow/example_dags/example_task_group_decorator.py
[2026-06-02T08:42:13.129+0000] {logging_mixin.py:188} INFO - [2026-06-02T08:42:13.129+0000] {dag.py:3096} INFO - Sync 1 DAGs
[2026-06-02T08:42:13.148+0000] {logging_mixin.py:188} INFO - [2026-06-02T08:42:13.148+0000] {dag.py:3954} INFO - Setting next_dagrun for example_task_group_decorator to 2026-06-01 00:00:00+00:00, run_after=2026-06-02 00:00:00+00:00
[2026-06-02T08:42:13.165+0000] {processor.py:183} INFO - Processing /home/airflow/.local/lib/python3.12/site-packages/airflow/example_dags/example_task_group_decorator.py took 0.078 seconds
[2026-06-02T08:42:43.199+0000] {processor.py:161} INFO - Started process (PID=32529) to work on /home/airflow/.local/lib/python3.12/site-packages/airflow/example_dags/example_task_group_decorator.py
[2026-06-02T08:42:43.200+0000] {processor.py:830} INFO - Processing file /home/airflow/.local/lib/python3.12/site-packages/airflow/example_dags/example_task_group_decorator.py for tasks to queue
[2026-06-02T08:42:43.201+0000] {logging_mixin.py:188} INFO - [2026-06-02T08:42:43.201+0000] {dagbag.py:540} INFO - Filling up the DagBag from /home/airflow/.local/lib/python3.12/site-packages/airflow/example_dags/example_task_group_decorator.py
[2026-06-02T08:42:43.215+0000] {processor.py:840} INFO - DAG(s) 'example_task_group_decorator' retrieved from /home/airflow/.local/lib/python3.12/site-packages/airflow/example_dags/example_task_group_decorator.py
[2026-06-02T08:42:43.238+0000] {logging_mixin.py:188} INFO - [2026-06-02T08:42:43.237+0000] {dag.py:3096} INFO - Sync 1 DAGs
[2026-06-02T08:42:43.257+0000] {logging_mixin.py:188} INFO - [2026-06-02T08:42:43.256+0000] {dag.py:3954} INFO - Setting next_dagrun for example_task_group_decorator to 2026-06-01 00:00:00+00:00, run_after=2026-06-02 00:00:00+00:00
[2026-06-02T08:42:43.273+0000] {processor.py:183} INFO - Processing /home/airflow/.local/lib/python3.12/site-packages/airflow/example_dags/example_task_group_decorator.py took 0.080 seconds
[2026-06-02T08:43:13.716+0000] {processor.py:161} INFO - Started process (PID=32587) to work on /home/airflow/.local/lib/python3.12/site-packages/airflow/example_dags/example_task_group_decorator.py
[2026-06-02T08:43:13.718+0000] {processor.py:830} INFO - Processing file /home/airflow/.local/lib/python3.12/site-packages/airflow/example_dags/example_task_group_decorator.py for tasks to queue
[2026-06-02T08:43:13.719+0000] {logging_mixin.py:188} INFO - [2026-06-02T08:43:13.719+0000] {dagbag.py:540} INFO - Filling up the DagBag from /home/airflow/.local/lib/python3.12/site-packages/airflow/example_dags/example_task_group_decorator.py
[2026-06-02T08:43:13.733+0000] {processor.py:840} INFO - DAG(s) 'example_task_group_decorator' retrieved from /home/airflow/.local/lib/python3.12/site-packages/airflow/example_dags/example_task_group_decorator.py
[2026-06-02T08:43:13.757+0000] {logging_mixin.py:188} INFO - [2026-06-02T08:43:13.756+0000] {dag.py:3096} INFO - Sync 1 DAGs
[2026-06-02T08:43:13.781+0000] {logging_mixin.py:188} INFO - [2026-06-02T08:43:13.780+0000] {dag.py:3954} INFO - Setting next_dagrun for example_task_group_decorator to 2026-06-01 00:00:00+00:00, run_after=2026-06-02 00:00:00+00:00
[2026-06-02T08:43:13.804+0000] {processor.py:183} INFO - Processing /home/airflow/.local/lib/python3.12/site-packages/airflow/example_dags/example_task_group_decorator.py took 0.093 seconds
[2026-06-02T08:43:44.035+0000] {processor.py:161} INFO - Started process (PID=32646) to work on /home/airflow/.local/lib/python3.12/site-packages/airflow/example_dags/example_task_group_decorator.py
[2026-06-02T08:43:44.036+0000] {processor.py:830} INFO - Processing file /home/airflow/.local/lib/python3.12/site-packages/airflow/example_dags/example_task_group_decorator.py for tasks to queue
[2026-06-02T08:43:44.038+0000] {logging_mixin.py:188} INFO - [2026-06-02T08:43:44.037+0000] {dagbag.py:540} INFO - Filling up the DagBag from /home/airflow/.local/lib/python3.12/site-packages/airflow/example_dags/example_task_group_decorator.py
[2026-06-02T08:43:44.050+0000] {processor.py:840} INFO - DAG(s) 'example_task_group_decorator' retrieved from /home/airflow/.local/lib/python3.12/site-packages/airflow/example_dags/example_task_group_decorator.py
[2026-06-02T08:43:44.070+0000] {logging_mixin.py:188} INFO - [2026-06-02T08:43:44.070+0000] {dag.py:3096} INFO - Sync 1 DAGs
[2026-06-02T08:43:44.089+0000] {logging_mixin.py:188} INFO - [2026-06-02T08:43:44.089+0000] {dag.py:3954} INFO - Setting next_dagrun for example_task_group_decorator to 2026-06-01 00:00:00+00:00, run_after=2026-06-02 00:00:00+00:00
[2026-06-02T08:43:44.106+0000] {processor.py:183} INFO - Processing /home/airflow/.local/lib/python3.12/site-packages/airflow/example_dags/example_task_group_decorator.py took 0.077 seconds
[2026-06-02T08:44:14.275+0000] {processor.py:161} INFO - Started process (PID=32704) to work on /home/airflow/.local/lib/python3.12/site-packages/airflow/example_dags/example_task_group_decorator.py
[2026-06-02T08:44:14.277+0000] {processor.py:830} INFO - Processing file /home/airflow/.local/lib/python3.12/site-packages/airflow/example_dags/example_task_group_decorator.py for tasks to queue
[2026-06-02T08:44:14.278+0000] {logging_mixin.py:188} INFO - [2026-06-02T08:44:14.278+0000] {dagbag.py:540} INFO - Filling up the DagBag from /home/airflow/.local/lib/python3.12/site-packages/airflow/example_dags/example_task_group_decorator.py
[2026-06-02T08:44:14.293+0000] {processor.py:840} INFO - DAG(s) 'example_task_group_decorator' retrieved from /home/airflow/.local/lib/python3.12/site-packages/airflow/example_dags/example_task_group_decorator.py
[2026-06-02T08:44:14.317+0000] {logging_mixin.py:188} INFO - [2026-06-02T08:44:14.317+0000] {dag.py:3096} INFO - Sync 1 DAGs
[2026-06-02T08:44:14.336+0000] {logging_mixin.py:188} INFO - [2026-06-02T08:44:14.336+0000] {dag.py:3954} INFO - Setting next_dagrun for example_task_group_decorator to 2026-06-01 00:00:00+00:00, run_after=2026-06-02 00:00:00+00:00
[2026-06-02T08:44:14.353+0000] {processor.py:183} INFO - Processing /home/airflow/.local/lib/python3.12/site-packages/airflow/example_dags/example_task_group_decorator.py took 0.088 seconds
[2026-06-02T08:44:44.522+0000] {processor.py:161} INFO - Started process (PID=32764) to work on /home/airflow/.local/lib/python3.12/site-packages/airflow/example_dags/example_task_group_decorator.py
[2026-06-02T08:44:44.523+0000] {processor.py:830} INFO - Processing file /home/airflow/.local/lib/python3.12/site-packages/airflow/example_dags/example_task_group_decorator.py for tasks to queue
[2026-06-02T08:44:44.524+0000] {logging_mixin.py:188} INFO - [2026-06-02T08:44:44.524+0000] {dagbag.py:540} INFO - Filling up the DagBag from /home/airflow/.local/lib/python3.12/site-packages/airflow/example_dags/example_task_group_decorator.py
[2026-06-02T08:44:44.539+0000] {processor.py:840} INFO - DAG(s) 'example_task_group_decorator' retrieved from /home/airflow/.local/lib/python3.12/site-packages/airflow/example_dags/example_task_group_decorator.py
[2026-06-02T08:44:44.562+0000] {logging_mixin.py:188} INFO - [2026-06-02T08:44:44.562+0000] {dag.py:3096} INFO - Sync 1 DAGs
[2026-06-02T08:44:44.582+0000] {logging_mixin.py:188} INFO - [2026-06-02T08:44:44.581+0000] {dag.py:3954} INFO - Setting next_dagrun for example_task_group_decorator to 2026-06-01 00:00:00+00:00, run_after=2026-06-02 00:00:00+00:00
[2026-06-02T08:44:44.598+0000] {processor.py:183} INFO - Processing /home/airflow/.local/lib/python3.12/site-packages/airflow/example_dags/example_task_group_decorator.py took 0.082 seconds
[2026-06-02T08:45:14.849+0000] {processor.py:161} INFO - Started process (PID=32824) to work on /home/airflow/.local/lib/python3.12/site-packages/airflow/example_dags/example_task_group_decorator.py
[2026-06-02T08:45:14.850+0000] {processor.py:830} INFO - Processing file /home/airflow/.local/lib/python3.12/site-packages/airflow/example_dags/example_task_group_decorator.py for tasks to queue
[2026-06-02T08:45:14.851+0000] {logging_mixin.py:188} INFO - [2026-06-02T08:45:14.850+0000] {dagbag.py:540} INFO - Filling up the DagBag from /home/airflow/.local/lib/python3.12/site-packages/airflow/example_dags/example_task_group_decorator.py
[2026-06-02T08:45:14.863+0000] {processor.py:840} INFO - DAG(s) 'example_task_group_decorator' retrieved from /home/airflow/.local/lib/python3.12/site-packages/airflow/example_dags/example_task_group_decorator.py
[2026-06-02T08:45:14.886+0000] {logging_mixin.py:188} INFO - [2026-06-02T08:45:14.885+0000] {dag.py:3096} INFO - Sync 1 DAGs
[2026-06-02T08:45:14.904+0000] {logging_mixin.py:188} INFO - [2026-06-02T08:45:14.904+0000] {dag.py:3954} INFO - Setting next_dagrun for example_task_group_decorator to 2026-06-01 00:00:00+00:00, run_after=2026-06-02 00:00:00+00:00
[2026-06-02T08:45:14.918+0000] {processor.py:183} INFO - Processing /home/airflow/.local/lib/python3.12/site-packages/airflow/example_dags/example_task_group_decorator.py took 0.074 seconds
[2026-06-02T08:45:45.904+0000] {processor.py:161} INFO - Started process (PID=32884) to work on /home/airflow/.local/lib/python3.12/site-packages/airflow/example_dags/example_task_group_decorator.py
[2026-06-02T08:45:45.906+0000] {processor.py:830} INFO - Processing file /home/airflow/.local/lib/python3.12/site-packages/airflow/example_dags/example_task_group_decorator.py for tasks to queue
[2026-06-02T08:45:45.907+0000] {logging_mixin.py:188} INFO - [2026-06-02T08:45:45.907+0000] {dagbag.py:540} INFO - Filling up the DagBag from /home/airflow/.local/lib/python3.12/site-packages/airflow/example_dags/example_task_group_decorator.py
[2026-06-02T08:45:45.919+0000] {processor.py:840} INFO - DAG(s) 'example_task_group_decorator' retrieved from /home/airflow/.local/lib/python3.12/site-packages/airflow/example_dags/example_task_group_decorator.py
[2026-06-02T08:45:45.939+0000] {logging_mixin.py:188} INFO - [2026-06-02T08:45:45.939+0000] {dag.py:3096} INFO - Sync 1 DAGs
[2026-06-02T08:45:45.961+0000] {logging_mixin.py:188} INFO - [2026-06-02T08:45:45.961+0000] {dag.py:3954} INFO - Setting next_dagrun for example_task_group_decorator to 2026-06-01 00:00:00+00:00, run_after=2026-06-02 00:00:00+00:00
[2026-06-02T08:45:45.977+0000] {processor.py:183} INFO - Processing /home/airflow/.local/lib/python3.12/site-packages/airflow/example_dags/example_task_group_decorator.py took 0.077 seconds
[2026-06-02T08:46:16.123+0000] {processor.py:161} INFO - Started process (PID=32948) to work on /home/airflow/.local/lib/python3.12/site-packages/airflow/example_dags/example_task_group_decorator.py
[2026-06-02T08:46:16.124+0000] {processor.py:830} INFO - Processing file /home/airflow/.local/lib/python3.12/site-packages/airflow/example_dags/example_task_group_decorator.py for tasks to queue
[2026-06-02T08:46:16.125+0000] {logging_mixin.py:188} INFO - [2026-06-02T08:46:16.125+0000] {dagbag.py:540} INFO - Filling up the DagBag from /home/airflow/.local/lib/python3.12/site-packages/airflow/example_dags/example_task_group_decorator.py
[2026-06-02T08:46:16.138+0000] {processor.py:840} INFO - DAG(s) 'example_task_group_decorator' retrieved from /home/airflow/.local/lib/python3.12/site-packages/airflow/example_dags/example_task_group_decorator.py
[2026-06-02T08:46:16.158+0000] {logging_mixin.py:188} INFO - [2026-06-02T08:46:16.158+0000] {dag.py:3096} INFO - Sync 1 DAGs
[2026-06-02T08:46:16.177+0000] {logging_mixin.py:188} INFO - [2026-06-02T08:46:16.177+0000] {dag.py:3954} INFO - Setting next_dagrun for example_task_group_decorator to 2026-06-01 00:00:00+00:00, run_after=2026-06-02 00:00:00+00:00
[2026-06-02T08:46:16.194+0000] {processor.py:183} INFO - Processing /home/airflow/.local/lib/python3.12/site-packages/airflow/example_dags/example_task_group_decorator.py took 0.076 seconds
[2026-06-02T08:46:46.890+0000] {processor.py:161} INFO - Started process (PID=33013) to work on /home/airflow/.local/lib/python3.12/site-packages/airflow/example_dags/example_task_group_decorator.py
[2026-06-02T08:46:46.891+0000] {processor.py:830} INFO - Processing file /home/airflow/.local/lib/python3.12/site-packages/airflow/example_dags/example_task_group_decorator.py for tasks to queue
[2026-06-02T08:46:46.893+0000] {logging_mixin.py:188} INFO - [2026-06-02T08:46:46.892+0000] {dagbag.py:540} INFO - Filling up the DagBag from /home/airflow/.local/lib/python3.12/site-packages/airflow/example_dags/example_task_group_decorator.py
[2026-06-02T08:46:46.906+0000] {processor.py:840} INFO - DAG(s) 'example_task_group_decorator' retrieved from /home/airflow/.local/lib/python3.12/site-packages/airflow/example_dags/example_task_group_decorator.py
[2026-06-02T08:46:46.929+0000] {logging_mixin.py:188} INFO - [2026-06-02T08:46:46.929+0000] {dag.py:3096} INFO - Sync 1 DAGs
[2026-06-02T08:46:46.952+0000] {logging_mixin.py:188} INFO - [2026-06-02T08:46:46.951+0000] {dag.py:3954} INFO - Setting next_dagrun for example_task_group_decorator to 2026-06-01 00:00:00+00:00, run_after=2026-06-02 00:00:00+00:00
[2026-06-02T08:46:46.971+0000] {processor.py:183} INFO - Processing /home/airflow/.local/lib/python3.12/site-packages/airflow/example_dags/example_task_group_decorator.py took 0.087 seconds
[2026-06-02T08:47:17.057+0000] {processor.py:161} INFO - Started process (PID=33073) to work on /home/airflow/.local/lib/python3.12/site-packages/airflow/example_dags/example_task_group_decorator.py
[2026-06-02T08:47:17.058+0000] {processor.py:830} INFO - Processing file /home/airflow/.local/lib/python3.12/site-packages/airflow/example_dags/example_task_group_decorator.py for tasks to queue
[2026-06-02T08:47:17.058+0000] {logging_mixin.py:188} INFO - [2026-06-02T08:47:17.058+0000] {dagbag.py:540} INFO - Filling up the DagBag from /home/airflow/.local/lib/python3.12/site-packages/airflow/example_dags/example_task_group_decorator.py
[2026-06-02T08:47:17.072+0000] {processor.py:840} INFO - DAG(s) 'example_task_group_decorator' retrieved from /home/airflow/.local/lib/python3.12/site-packages/airflow/example_dags/example_task_group_decorator.py
[2026-06-02T08:47:17.094+0000] {logging_mixin.py:188} INFO - [2026-06-02T08:47:17.093+0000] {dag.py:3096} INFO - Sync 1 DAGs
[2026-06-02T08:47:17.112+0000] {logging_mixin.py:188} INFO - [2026-06-02T08:47:17.112+0000] {dag.py:3954} INFO - Setting next_dagrun for example_task_group_decorator to 2026-06-01 00:00:00+00:00, run_after=2026-06-02 00:00:00+00:00
[2026-06-02T08:47:17.128+0000] {processor.py:183} INFO - Processing /home/airflow/.local/lib/python3.12/site-packages/airflow/example_dags/example_task_group_decorator.py took 0.076 seconds
[2026-06-02T08:47:47.309+0000] {processor.py:161} INFO - Started process (PID=33133) to work on /home/airflow/.local/lib/python3.12/site-packages/airflow/example_dags/example_task_group_decorator.py
[2026-06-02T08:47:47.310+0000] {processor.py:830} INFO - Processing file /home/airflow/.local/lib/python3.12/site-packages/airflow/example_dags/example_task_group_decorator.py for tasks to queue
[2026-06-02T08:47:47.311+0000] {logging_mixin.py:188} INFO - [2026-06-02T08:47:47.311+0000] {dagbag.py:540} INFO - Filling up the DagBag from /home/airflow/.local/lib/python3.12/site-packages/airflow/example_dags/example_task_group_decorator.py
[2026-06-02T08:47:47.327+0000] {processor.py:840} INFO - DAG(s) 'example_task_group_decorator' retrieved from /home/airflow/.local/lib/python3.12/site-packages/airflow/example_dags/example_task_group_decorator.py
[2026-06-02T08:47:47.347+0000] {logging_mixin.py:188} INFO - [2026-06-02T08:47:47.347+0000] {dag.py:3096} INFO - Sync 1 DAGs
[2026-06-02T08:47:47.364+0000] {logging_mixin.py:188} INFO - [2026-06-02T08:47:47.364+0000] {dag.py:3954} INFO - Setting next_dagrun for example_task_group_decorator to 2026-06-01 00:00:00+00:00, run_after=2026-06-02 00:00:00+00:00
[2026-06-02T08:47:47.379+0000] {processor.py:183} INFO - Processing /home/airflow/.local/lib/python3.12/site-packages/airflow/example_dags/example_task_group_decorator.py took 0.075 seconds
[2026-06-02T08:48:17.813+0000] {processor.py:161} INFO - Started process (PID=33195) to work on /home/airflow/.local/lib/python3.12/site-packages/airflow/example_dags/example_task_group_decorator.py
[2026-06-02T08:48:17.814+0000] {processor.py:830} INFO - Processing file /home/airflow/.local/lib/python3.12/site-packages/airflow/example_dags/example_task_group_decorator.py for tasks to queue
[2026-06-02T08:48:17.815+0000] {logging_mixin.py:188} INFO - [2026-06-02T08:48:17.814+0000] {dagbag.py:540} INFO - Filling up the DagBag from /home/airflow/.local/lib/python3.12/site-packages/airflow/example_dags/example_task_group_decorator.py
[2026-06-02T08:48:17.827+0000] {processor.py:840} INFO - DAG(s) 'example_task_group_decorator' retrieved from /home/airflow/.local/lib/python3.12/site-packages/airflow/example_dags/example_task_group_decorator.py
[2026-06-02T08:48:17.846+0000] {logging_mixin.py:188} INFO - [2026-06-02T08:48:17.846+0000] {dag.py:3096} INFO - Sync 1 DAGs
[2026-06-02T08:48:17.863+0000] {logging_mixin.py:188} INFO - [2026-06-02T08:48:17.863+0000] {dag.py:3954} INFO - Setting next_dagrun for example_task_group_decorator to 2026-06-01 00:00:00+00:00, run_after=2026-06-02 00:00:00+00:00
[2026-06-02T08:48:17.878+0000] {processor.py:183} INFO - Processing /home/airflow/.local/lib/python3.12/site-packages/airflow/example_dags/example_task_group_decorator.py took 0.070 seconds
[2026-06-02T08:48:48.202+0000] {processor.py:161} INFO - Started process (PID=33264) to work on /home/airflow/.local/lib/python3.12/site-packages/airflow/example_dags/example_task_group_decorator.py
[2026-06-02T08:48:48.202+0000] {processor.py:830} INFO - Processing file /home/airflow/.local/lib/python3.12/site-packages/airflow/example_dags/example_task_group_decorator.py for tasks to queue
[2026-06-02T08:48:48.203+0000] {logging_mixin.py:188} INFO - [2026-06-02T08:48:48.203+0000] {dagbag.py:540} INFO - Filling up the DagBag from /home/airflow/.local/lib/python3.12/site-packages/airflow/example_dags/example_task_group_decorator.py
[2026-06-02T08:48:48.216+0000] {processor.py:840} INFO - DAG(s) 'example_task_group_decorator' retrieved from /home/airflow/.local/lib/python3.12/site-packages/airflow/example_dags/example_task_group_decorator.py
[2026-06-02T08:48:48.234+0000] {logging_mixin.py:188} INFO - [2026-06-02T08:48:48.234+0000] {dag.py:3096} INFO - Sync 1 DAGs
[2026-06-02T08:48:48.251+0000] {logging_mixin.py:188} INFO - [2026-06-02T08:48:48.251+0000] {dag.py:3954} INFO - Setting next_dagrun for example_task_group_decorator to 2026-06-01 00:00:00+00:00, run_after=2026-06-02 00:00:00+00:00
[2026-06-02T08:48:48.265+0000] {processor.py:183} INFO - Processing /home/airflow/.local/lib/python3.12/site-packages/airflow/example_dags/example_task_group_decorator.py took 0.071 seconds
[2026-06-02T08:49:18.714+0000] {processor.py:161} INFO - Started process (PID=33324) to work on /home/airflow/.local/lib/python3.12/site-packages/airflow/example_dags/example_task_group_decorator.py
[2026-06-02T08:49:18.715+0000] {processor.py:830} INFO - Processing file /home/airflow/.local/lib/python3.12/site-packages/airflow/example_dags/example_task_group_decorator.py for tasks to queue
[2026-06-02T08:49:18.716+0000] {logging_mixin.py:188} INFO - [2026-06-02T08:49:18.716+0000] {dagbag.py:540} INFO - Filling up the DagBag from /home/airflow/.local/lib/python3.12/site-packages/airflow/example_dags/example_task_group_decorator.py
[2026-06-02T08:49:18.729+0000] {processor.py:840} INFO - DAG(s) 'example_task_group_decorator' retrieved from /home/airflow/.local/lib/python3.12/site-packages/airflow/example_dags/example_task_group_decorator.py
[2026-06-02T08:49:18.752+0000] {logging_mixin.py:188} INFO - [2026-06-02T08:49:18.752+0000] {dag.py:3096} INFO - Sync 1 DAGs
[2026-06-02T08:49:18.769+0000] {logging_mixin.py:188} INFO - [2026-06-02T08:49:18.769+0000] {dag.py:3954} INFO - Setting next_dagrun for example_task_group_decorator to 2026-06-01 00:00:00+00:00, run_after=2026-06-02 00:00:00+00:00
[2026-06-02T08:49:18.791+0000] {processor.py:183} INFO - Processing /home/airflow/.local/lib/python3.12/site-packages/airflow/example_dags/example_task_group_decorator.py took 0.082 seconds
[2026-06-02T08:49:49.286+0000] {processor.py:161} INFO - Started process (PID=33384) to work on /home/airflow/.local/lib/python3.12/site-packages/airflow/example_dags/example_task_group_decorator.py
[2026-06-02T08:49:49.287+0000] {processor.py:830} INFO - Processing file /home/airflow/.local/lib/python3.12/site-packages/airflow/example_dags/example_task_group_decorator.py for tasks to queue
[2026-06-02T08:49:49.288+0000] {logging_mixin.py:188} INFO - [2026-06-02T08:49:49.288+0000] {dagbag.py:540} INFO - Filling up the DagBag from /home/airflow/.local/lib/python3.12/site-packages/airflow/example_dags/example_task_group_decorator.py
[2026-06-02T08:49:49.301+0000] {processor.py:840} INFO - DAG(s) 'example_task_group_decorator' retrieved from /home/airflow/.local/lib/python3.12/site-packages/airflow/example_dags/example_task_group_decorator.py
[2026-06-02T08:49:49.322+0000] {logging_mixin.py:188} INFO - [2026-06-02T08:49:49.322+0000] {dag.py:3096} INFO - Sync 1 DAGs
[2026-06-02T08:49:49.343+0000] {logging_mixin.py:188} INFO - [2026-06-02T08:49:49.343+0000] {dag.py:3954} INFO - Setting next_dagrun for example_task_group_decorator to 2026-06-01 00:00:00+00:00, run_after=2026-06-02 00:00:00+00:00
[2026-06-02T08:49:49.360+0000] {processor.py:183} INFO - Processing /home/airflow/.local/lib/python3.12/site-packages/airflow/example_dags/example_task_group_decorator.py took 0.079 seconds
[2026-06-02T08:50:19.762+0000] {processor.py:161} INFO - Started process (PID=33444) to work on /home/airflow/.local/lib/python3.12/site-packages/airflow/example_dags/example_task_group_decorator.py
[2026-06-02T08:50:19.763+0000] {processor.py:830} INFO - Processing file /home/airflow/.local/lib/python3.12/site-packages/airflow/example_dags/example_task_group_decorator.py for tasks to queue
[2026-06-02T08:50:19.764+0000] {logging_mixin.py:188} INFO - [2026-06-02T08:50:19.764+0000] {dagbag.py:540} INFO - Filling up the DagBag from /home/airflow/.local/lib/python3.12/site-packages/airflow/example_dags/example_task_group_decorator.py
[2026-06-02T08:50:19.777+0000] {processor.py:840} INFO - DAG(s) 'example_task_group_decorator' retrieved from /home/airflow/.local/lib/python3.12/site-packages/airflow/example_dags/example_task_group_decorator.py
[2026-06-02T08:50:19.798+0000] {logging_mixin.py:188} INFO - [2026-06-02T08:50:19.798+0000] {dag.py:3096} INFO - Sync 1 DAGs
[2026-06-02T08:50:19.818+0000] {logging_mixin.py:188} INFO - [2026-06-02T08:50:19.818+0000] {dag.py:3954} INFO - Setting next_dagrun for example_task_group_decorator to 2026-06-01 00:00:00+00:00, run_after=2026-06-02 00:00:00+00:00
[2026-06-02T08:50:19.834+0000] {processor.py:183} INFO - Processing /home/airflow/.local/lib/python3.12/site-packages/airflow/example_dags/example_task_group_decorator.py took 0.078 seconds
[2026-06-02T08:51:21.030+0000] {processor.py:161} INFO - Started process (PID=114) to work on /home/airflow/.local/lib/python3.12/site-packages/airflow/example_dags/example_task_group_decorator.py
[2026-06-02T08:51:21.031+0000] {processor.py:830} INFO - Processing file /home/airflow/.local/lib/python3.12/site-packages/airflow/example_dags/example_task_group_decorator.py for tasks to queue
[2026-06-02T08:51:21.033+0000] {logging_mixin.py:188} INFO - [2026-06-02T08:51:21.032+0000] {dagbag.py:540} INFO - Filling up the DagBag from /home/airflow/.local/lib/python3.12/site-packages/airflow/example_dags/example_task_group_decorator.py
[2026-06-02T08:51:21.046+0000] {processor.py:840} INFO - DAG(s) 'example_task_group_decorator' retrieved from /home/airflow/.local/lib/python3.12/site-packages/airflow/example_dags/example_task_group_decorator.py
[2026-06-02T08:51:21.100+0000] {logging_mixin.py:188} INFO - [2026-06-02T08:51:21.100+0000] {dag.py:3096} INFO - Sync 1 DAGs
[2026-06-02T08:51:21.117+0000] {logging_mixin.py:188} INFO - [2026-06-02T08:51:21.117+0000] {dag.py:3954} INFO - Setting next_dagrun for example_task_group_decorator to 2026-06-01 00:00:00+00:00, run_after=2026-06-02 00:00:00+00:00
[2026-06-02T08:51:21.135+0000] {processor.py:183} INFO - Processing /home/airflow/.local/lib/python3.12/site-packages/airflow/example_dags/example_task_group_decorator.py took 0.111 seconds
[2026-06-02T08:51:51.654+0000] {processor.py:161} INFO - Started process (PID=174) to work on /home/airflow/.local/lib/python3.12/site-packages/airflow/example_dags/example_task_group_decorator.py
[2026-06-02T08:51:51.656+0000] {processor.py:830} INFO - Processing file /home/airflow/.local/lib/python3.12/site-packages/airflow/example_dags/example_task_group_decorator.py for tasks to queue
[2026-06-02T08:51:51.657+0000] {logging_mixin.py:188} INFO - [2026-06-02T08:51:51.657+0000] {dagbag.py:540} INFO - Filling up the DagBag from /home/airflow/.local/lib/python3.12/site-packages/airflow/example_dags/example_task_group_decorator.py
[2026-06-02T08:51:51.669+0000] {processor.py:840} INFO - DAG(s) 'example_task_group_decorator' retrieved from /home/airflow/.local/lib/python3.12/site-packages/airflow/example_dags/example_task_group_decorator.py
[2026-06-02T08:51:51.689+0000] {logging_mixin.py:188} INFO - [2026-06-02T08:51:51.689+0000] {dag.py:3096} INFO - Sync 1 DAGs
[2026-06-02T08:51:51.706+0000] {logging_mixin.py:188} INFO - [2026-06-02T08:51:51.706+0000] {dag.py:3954} INFO - Setting next_dagrun for example_task_group_decorator to 2026-06-01 00:00:00+00:00, run_after=2026-06-02 00:00:00+00:00
[2026-06-02T08:51:51.729+0000] {processor.py:183} INFO - Processing /home/airflow/.local/lib/python3.12/site-packages/airflow/example_dags/example_task_group_decorator.py took 0.080 seconds
[2026-06-02T08:52:23.590+0000] {processor.py:161} INFO - Started process (PID=240) to work on /home/airflow/.local/lib/python3.12/site-packages/airflow/example_dags/example_task_group_decorator.py
[2026-06-02T08:52:23.591+0000] {processor.py:830} INFO - Processing file /home/airflow/.local/lib/python3.12/site-packages/airflow/example_dags/example_task_group_decorator.py for tasks to queue
[2026-06-02T08:52:23.593+0000] {logging_mixin.py:188} INFO - [2026-06-02T08:52:23.593+0000] {dagbag.py:540} INFO - Filling up the DagBag from /home/airflow/.local/lib/python3.12/site-packages/airflow/example_dags/example_task_group_decorator.py
[2026-06-02T08:52:23.736+0000] {processor.py:840} INFO - DAG(s) 'example_task_group_decorator' retrieved from /home/airflow/.local/lib/python3.12/site-packages/airflow/example_dags/example_task_group_decorator.py
[2026-06-02T08:52:23.752+0000] {logging_mixin.py:188} INFO - [2026-06-02T08:52:23.752+0000] {dag.py:3096} INFO - Sync 1 DAGs
[2026-06-02T08:52:23.770+0000] {logging_mixin.py:188} INFO - [2026-06-02T08:52:23.770+0000] {dag.py:3954} INFO - Setting next_dagrun for example_task_group_decorator to 2026-06-01 00:00:00+00:00, run_after=2026-06-02 00:00:00+00:00
[2026-06-02T08:52:23.785+0000] {processor.py:183} INFO - Processing /home/airflow/.local/lib/python3.12/site-packages/airflow/example_dags/example_task_group_decorator.py took 0.200 seconds
[2026-06-02T08:52:54.250+0000] {processor.py:161} INFO - Started process (PID=300) to work on /home/airflow/.local/lib/python3.12/site-packages/airflow/example_dags/example_task_group_decorator.py
[2026-06-02T08:52:54.251+0000] {processor.py:830} INFO - Processing file /home/airflow/.local/lib/python3.12/site-packages/airflow/example_dags/example_task_group_decorator.py for tasks to queue
[2026-06-02T08:52:54.253+0000] {logging_mixin.py:188} INFO - [2026-06-02T08:52:54.253+0000] {dagbag.py:540} INFO - Filling up the DagBag from /home/airflow/.local/lib/python3.12/site-packages/airflow/example_dags/example_task_group_decorator.py
[2026-06-02T08:52:54.264+0000] {processor.py:840} INFO - DAG(s) 'example_task_group_decorator' retrieved from /home/airflow/.local/lib/python3.12/site-packages/airflow/example_dags/example_task_group_decorator.py
[2026-06-02T08:52:54.284+0000] {logging_mixin.py:188} INFO - [2026-06-02T08:52:54.283+0000] {dag.py:3096} INFO - Sync 1 DAGs
[2026-06-02T08:52:54.300+0000] {logging_mixin.py:188} INFO - [2026-06-02T08:52:54.299+0000] {dag.py:3954} INFO - Setting next_dagrun for example_task_group_decorator to 2026-06-01 00:00:00+00:00, run_after=2026-06-02 00:00:00+00:00
[2026-06-02T08:52:54.315+0000] {processor.py:183} INFO - Processing /home/airflow/.local/lib/python3.12/site-packages/airflow/example_dags/example_task_group_decorator.py took 0.069 seconds
[2026-06-02T08:53:25.270+0000] {processor.py:161} INFO - Started process (PID=360) to work on /home/airflow/.local/lib/python3.12/site-packages/airflow/example_dags/example_task_group_decorator.py
[2026-06-02T08:53:25.271+0000] {processor.py:830} INFO - Processing file /home/airflow/.local/lib/python3.12/site-packages/airflow/example_dags/example_task_group_decorator.py for tasks to queue
[2026-06-02T08:53:25.272+0000] {logging_mixin.py:188} INFO - [2026-06-02T08:53:25.272+0000] {dagbag.py:540} INFO - Filling up the DagBag from /home/airflow/.local/lib/python3.12/site-packages/airflow/example_dags/example_task_group_decorator.py
[2026-06-02T08:53:25.284+0000] {processor.py:840} INFO - DAG(s) 'example_task_group_decorator' retrieved from /home/airflow/.local/lib/python3.12/site-packages/airflow/example_dags/example_task_group_decorator.py
[2026-06-02T08:53:25.303+0000] {logging_mixin.py:188} INFO - [2026-06-02T08:53:25.303+0000] {dag.py:3096} INFO - Sync 1 DAGs
[2026-06-02T08:53:25.321+0000] {logging_mixin.py:188} INFO - [2026-06-02T08:53:25.321+0000] {dag.py:3954} INFO - Setting next_dagrun for example_task_group_decorator to 2026-06-01 00:00:00+00:00, run_after=2026-06-02 00:00:00+00:00
[2026-06-02T08:53:25.341+0000] {processor.py:183} INFO - Processing /home/airflow/.local/lib/python3.12/site-packages/airflow/example_dags/example_task_group_decorator.py took 0.076 seconds
[2026-06-02T08:53:55.421+0000] {processor.py:161} INFO - Started process (PID=424) to work on /home/airflow/.local/lib/python3.12/site-packages/airflow/example_dags/example_task_group_decorator.py
[2026-06-02T08:53:55.422+0000] {processor.py:830} INFO - Processing file /home/airflow/.local/lib/python3.12/site-packages/airflow/example_dags/example_task_group_decorator.py for tasks to queue
[2026-06-02T08:53:55.423+0000] {logging_mixin.py:188} INFO - [2026-06-02T08:53:55.423+0000] {dagbag.py:540} INFO - Filling up the DagBag from /home/airflow/.local/lib/python3.12/site-packages/airflow/example_dags/example_task_group_decorator.py
[2026-06-02T08:53:55.435+0000] {processor.py:840} INFO - DAG(s) 'example_task_group_decorator' retrieved from /home/airflow/.local/lib/python3.12/site-packages/airflow/example_dags/example_task_group_decorator.py
[2026-06-02T08:53:55.454+0000] {logging_mixin.py:188} INFO - [2026-06-02T08:53:55.454+0000] {dag.py:3096} INFO - Sync 1 DAGs
[2026-06-02T08:53:55.472+0000] {logging_mixin.py:188} INFO - [2026-06-02T08:53:55.471+0000] {dag.py:3954} INFO - Setting next_dagrun for example_task_group_decorator to 2026-06-01 00:00:00+00:00, run_after=2026-06-02 00:00:00+00:00
[2026-06-02T08:53:55.486+0000] {processor.py:183} INFO - Processing /home/airflow/.local/lib/python3.12/site-packages/airflow/example_dags/example_task_group_decorator.py took 0.070 seconds
[2026-06-02T08:54:25.630+0000] {processor.py:161} INFO - Started process (PID=484) to work on /home/airflow/.local/lib/python3.12/site-packages/airflow/example_dags/example_task_group_decorator.py
[2026-06-02T08:54:25.631+0000] {processor.py:830} INFO - Processing file /home/airflow/.local/lib/python3.12/site-packages/airflow/example_dags/example_task_group_decorator.py for tasks to queue
[2026-06-02T08:54:25.634+0000] {logging_mixin.py:188} INFO - [2026-06-02T08:54:25.633+0000] {dagbag.py:540} INFO - Filling up the DagBag from /home/airflow/.local/lib/python3.12/site-packages/airflow/example_dags/example_task_group_decorator.py
[2026-06-02T08:54:25.647+0000] {processor.py:840} INFO - DAG(s) 'example_task_group_decorator' retrieved from /home/airflow/.local/lib/python3.12/site-packages/airflow/example_dags/example_task_group_decorator.py
[2026-06-02T08:54:25.667+0000] {logging_mixin.py:188} INFO - [2026-06-02T08:54:25.666+0000] {dag.py:3096} INFO - Sync 1 DAGs
[2026-06-02T08:54:25.684+0000] {logging_mixin.py:188} INFO - [2026-06-02T08:54:25.684+0000] {dag.py:3954} INFO - Setting next_dagrun for example_task_group_decorator to 2026-06-01 00:00:00+00:00, run_after=2026-06-02 00:00:00+00:00
[2026-06-02T08:54:25.701+0000] {processor.py:183} INFO - Processing /home/airflow/.local/lib/python3.12/site-packages/airflow/example_dags/example_task_group_decorator.py took 0.076 seconds
[2026-06-02T08:54:56.066+0000] {processor.py:161} INFO - Started process (PID=544) to work on /home/airflow/.local/lib/python3.12/site-packages/airflow/example_dags/example_task_group_decorator.py
[2026-06-02T08:54:56.067+0000] {processor.py:830} INFO - Processing file /home/airflow/.local/lib/python3.12/site-packages/airflow/example_dags/example_task_group_decorator.py for tasks to queue
[2026-06-02T08:54:56.069+0000] {logging_mixin.py:188} INFO - [2026-06-02T08:54:56.069+0000] {dagbag.py:540} INFO - Filling up the DagBag from /home/airflow/.local/lib/python3.12/site-packages/airflow/example_dags/example_task_group_decorator.py
[2026-06-02T08:54:56.082+0000] {processor.py:840} INFO - DAG(s) 'example_task_group_decorator' retrieved from /home/airflow/.local/lib/python3.12/site-packages/airflow/example_dags/example_task_group_decorator.py
[2026-06-02T08:54:56.112+0000] {logging_mixin.py:188} INFO - [2026-06-02T08:54:56.111+0000] {dag.py:3096} INFO - Sync 1 DAGs
[2026-06-02T08:54:56.136+0000] {logging_mixin.py:188} INFO - [2026-06-02T08:54:56.136+0000] {dag.py:3954} INFO - Setting next_dagrun for example_task_group_decorator to 2026-06-01 00:00:00+00:00, run_after=2026-06-02 00:00:00+00:00
[2026-06-02T08:54:56.157+0000] {processor.py:183} INFO - Processing /home/airflow/.local/lib/python3.12/site-packages/airflow/example_dags/example_task_group_decorator.py took 0.096 seconds
[2026-06-02T08:55:26.921+0000] {processor.py:161} INFO - Started process (PID=604) to work on /home/airflow/.local/lib/python3.12/site-packages/airflow/example_dags/example_task_group_decorator.py
[2026-06-02T08:55:26.922+0000] {processor.py:830} INFO - Processing file /home/airflow/.local/lib/python3.12/site-packages/airflow/example_dags/example_task_group_decorator.py for tasks to queue
[2026-06-02T08:55:26.928+0000] {logging_mixin.py:188} INFO - [2026-06-02T08:55:26.928+0000] {dagbag.py:540} INFO - Filling up the DagBag from /home/airflow/.local/lib/python3.12/site-packages/airflow/example_dags/example_task_group_decorator.py
[2026-06-02T08:55:26.949+0000] {processor.py:840} INFO - DAG(s) 'example_task_group_decorator' retrieved from /home/airflow/.local/lib/python3.12/site-packages/airflow/example_dags/example_task_group_decorator.py
[2026-06-02T08:55:26.976+0000] {logging_mixin.py:188} INFO - [2026-06-02T08:55:26.976+0000] {dag.py:3096} INFO - Sync 1 DAGs
[2026-06-02T08:55:26.996+0000] {logging_mixin.py:188} INFO - [2026-06-02T08:55:26.995+0000] {dag.py:3954} INFO - Setting next_dagrun for example_task_group_decorator to 2026-06-01 00:00:00+00:00, run_after=2026-06-02 00:00:00+00:00
[2026-06-02T08:55:27.020+0000] {processor.py:183} INFO - Processing /home/airflow/.local/lib/python3.12/site-packages/airflow/example_dags/example_task_group_decorator.py took 0.104 seconds
[2026-06-02T08:55:57.467+0000] {processor.py:161} INFO - Started process (PID=664) to work on /home/airflow/.local/lib/python3.12/site-packages/airflow/example_dags/example_task_group_decorator.py
[2026-06-02T08:55:57.469+0000] {processor.py:830} INFO - Processing file /home/airflow/.local/lib/python3.12/site-packages/airflow/example_dags/example_task_group_decorator.py for tasks to queue
[2026-06-02T08:55:57.471+0000] {logging_mixin.py:188} INFO - [2026-06-02T08:55:57.471+0000] {dagbag.py:540} INFO - Filling up the DagBag from /home/airflow/.local/lib/python3.12/site-packages/airflow/example_dags/example_task_group_decorator.py
[2026-06-02T08:55:57.483+0000] {processor.py:840} INFO - DAG(s) 'example_task_group_decorator' retrieved from /home/airflow/.local/lib/python3.12/site-packages/airflow/example_dags/example_task_group_decorator.py
[2026-06-02T08:55:57.503+0000] {logging_mixin.py:188} INFO - [2026-06-02T08:55:57.502+0000] {dag.py:3096} INFO - Sync 1 DAGs
[2026-06-02T08:55:57.520+0000] {logging_mixin.py:188} INFO - [2026-06-02T08:55:57.520+0000] {dag.py:3954} INFO - Setting next_dagrun for example_task_group_decorator to 2026-06-01 00:00:00+00:00, run_after=2026-06-02 00:00:00+00:00
[2026-06-02T08:55:57.536+0000] {processor.py:183} INFO - Processing /home/airflow/.local/lib/python3.12/site-packages/airflow/example_dags/example_task_group_decorator.py took 0.073 seconds
[2026-06-02T08:56:27.693+0000] {processor.py:161} INFO - Started process (PID=724) to work on /home/airflow/.local/lib/python3.12/site-packages/airflow/example_dags/example_task_group_decorator.py
[2026-06-02T08:56:27.694+0000] {processor.py:830} INFO - Processing file /home/airflow/.local/lib/python3.12/site-packages/airflow/example_dags/example_task_group_decorator.py for tasks to queue
[2026-06-02T08:56:27.697+0000] {logging_mixin.py:188} INFO - [2026-06-02T08:56:27.696+0000] {dagbag.py:540} INFO - Filling up the DagBag from /home/airflow/.local/lib/python3.12/site-packages/airflow/example_dags/example_task_group_decorator.py
[2026-06-02T08:56:27.708+0000] {processor.py:840} INFO - DAG(s) 'example_task_group_decorator' retrieved from /home/airflow/.local/lib/python3.12/site-packages/airflow/example_dags/example_task_group_decorator.py
[2026-06-02T08:56:27.732+0000] {logging_mixin.py:188} INFO - [2026-06-02T08:56:27.732+0000] {dag.py:3096} INFO - Sync 1 DAGs
[2026-06-02T08:56:27.753+0000] {logging_mixin.py:188} INFO - [2026-06-02T08:56:27.753+0000] {dag.py:3954} INFO - Setting next_dagrun for example_task_group_decorator to 2026-06-01 00:00:00+00:00, run_after=2026-06-02 00:00:00+00:00
[2026-06-02T08:56:27.773+0000] {processor.py:183} INFO - Processing /home/airflow/.local/lib/python3.12/site-packages/airflow/example_dags/example_task_group_decorator.py took 0.086 seconds
[2026-06-02T08:56:58.040+0000] {processor.py:161} INFO - Started process (PID=784) to work on /home/airflow/.local/lib/python3.12/site-packages/airflow/example_dags/example_task_group_decorator.py
[2026-06-02T08:56:58.041+0000] {processor.py:830} INFO - Processing file /home/airflow/.local/lib/python3.12/site-packages/airflow/example_dags/example_task_group_decorator.py for tasks to queue
[2026-06-02T08:56:58.043+0000] {logging_mixin.py:188} INFO - [2026-06-02T08:56:58.043+0000] {dagbag.py:540} INFO - Filling up the DagBag from /home/airflow/.local/lib/python3.12/site-packages/airflow/example_dags/example_task_group_decorator.py
[2026-06-02T08:56:58.054+0000] {processor.py:840} INFO - DAG(s) 'example_task_group_decorator' retrieved from /home/airflow/.local/lib/python3.12/site-packages/airflow/example_dags/example_task_group_decorator.py
[2026-06-02T08:56:58.075+0000] {logging_mixin.py:188} INFO - [2026-06-02T08:56:58.074+0000] {dag.py:3096} INFO - Sync 1 DAGs
[2026-06-02T08:56:58.092+0000] {logging_mixin.py:188} INFO - [2026-06-02T08:56:58.092+0000] {dag.py:3954} INFO - Setting next_dagrun for example_task_group_decorator to 2026-06-01 00:00:00+00:00, run_after=2026-06-02 00:00:00+00:00
[2026-06-02T08:56:58.107+0000] {processor.py:183} INFO - Processing /home/airflow/.local/lib/python3.12/site-packages/airflow/example_dags/example_task_group_decorator.py took 0.072 seconds
[2026-06-02T08:57:29.143+0000] {processor.py:161} INFO - Started process (PID=844) to work on /home/airflow/.local/lib/python3.12/site-packages/airflow/example_dags/example_task_group_decorator.py
[2026-06-02T08:57:29.145+0000] {processor.py:830} INFO - Processing file /home/airflow/.local/lib/python3.12/site-packages/airflow/example_dags/example_task_group_decorator.py for tasks to queue
[2026-06-02T08:57:29.148+0000] {logging_mixin.py:188} INFO - [2026-06-02T08:57:29.147+0000] {dagbag.py:540} INFO - Filling up the DagBag from /home/airflow/.local/lib/python3.12/site-packages/airflow/example_dags/example_task_group_decorator.py
[2026-06-02T08:57:29.168+0000] {processor.py:840} INFO - DAG(s) 'example_task_group_decorator' retrieved from /home/airflow/.local/lib/python3.12/site-packages/airflow/example_dags/example_task_group_decorator.py
[2026-06-02T08:57:29.196+0000] {logging_mixin.py:188} INFO - [2026-06-02T08:57:29.196+0000] {dag.py:3096} INFO - Sync 1 DAGs
[2026-06-02T08:57:29.219+0000] {logging_mixin.py:188} INFO - [2026-06-02T08:57:29.218+0000] {dag.py:3954} INFO - Setting next_dagrun for example_task_group_decorator to 2026-06-01 00:00:00+00:00, run_after=2026-06-02 00:00:00+00:00
[2026-06-02T08:57:29.249+0000] {processor.py:183} INFO - Processing /home/airflow/.local/lib/python3.12/site-packages/airflow/example_dags/example_task_group_decorator.py took 0.113 seconds
[2026-06-02T08:58:00.117+0000] {processor.py:161} INFO - Started process (PID=904) to work on /home/airflow/.local/lib/python3.12/site-packages/airflow/example_dags/example_task_group_decorator.py
[2026-06-02T08:58:00.118+0000] {processor.py:830} INFO - Processing file /home/airflow/.local/lib/python3.12/site-packages/airflow/example_dags/example_task_group_decorator.py for tasks to queue
[2026-06-02T08:58:00.120+0000] {logging_mixin.py:188} INFO - [2026-06-02T08:58:00.120+0000] {dagbag.py:540} INFO - Filling up the DagBag from /home/airflow/.local/lib/python3.12/site-packages/airflow/example_dags/example_task_group_decorator.py
[2026-06-02T08:58:00.133+0000] {processor.py:840} INFO - DAG(s) 'example_task_group_decorator' retrieved from /home/airflow/.local/lib/python3.12/site-packages/airflow/example_dags/example_task_group_decorator.py
[2026-06-02T08:58:00.158+0000] {logging_mixin.py:188} INFO - [2026-06-02T08:58:00.157+0000] {dag.py:3096} INFO - Sync 1 DAGs
[2026-06-02T08:58:00.179+0000] {logging_mixin.py:188} INFO - [2026-06-02T08:58:00.179+0000] {dag.py:3954} INFO - Setting next_dagrun for example_task_group_decorator to 2026-06-01 00:00:00+00:00, run_after=2026-06-02 00:00:00+00:00
[2026-06-02T08:58:00.200+0000] {processor.py:183} INFO - Processing /home/airflow/.local/lib/python3.12/site-packages/airflow/example_dags/example_task_group_decorator.py took 0.089 seconds
[2026-06-02T08:58:30.823+0000] {processor.py:161} INFO - Started process (PID=964) to work on /home/airflow/.local/lib/python3.12/site-packages/airflow/example_dags/example_task_group_decorator.py
[2026-06-02T08:58:30.824+0000] {processor.py:830} INFO - Processing file /home/airflow/.local/lib/python3.12/site-packages/airflow/example_dags/example_task_group_decorator.py for tasks to queue
[2026-06-02T08:58:30.826+0000] {logging_mixin.py:188} INFO - [2026-06-02T08:58:30.826+0000] {dagbag.py:540} INFO - Filling up the DagBag from /home/airflow/.local/lib/python3.12/site-packages/airflow/example_dags/example_task_group_decorator.py
[2026-06-02T08:58:30.837+0000] {processor.py:840} INFO - DAG(s) 'example_task_group_decorator' retrieved from /home/airflow/.local/lib/python3.12/site-packages/airflow/example_dags/example_task_group_decorator.py
[2026-06-02T08:58:30.861+0000] {logging_mixin.py:188} INFO - [2026-06-02T08:58:30.861+0000] {dag.py:3096} INFO - Sync 1 DAGs
[2026-06-02T08:58:30.880+0000] {logging_mixin.py:188} INFO - [2026-06-02T08:58:30.880+0000] {dag.py:3954} INFO - Setting next_dagrun for example_task_group_decorator to 2026-06-01 00:00:00+00:00, run_after=2026-06-02 00:00:00+00:00
[2026-06-02T08:58:30.898+0000] {processor.py:183} INFO - Processing /home/airflow/.local/lib/python3.12/site-packages/airflow/example_dags/example_task_group_decorator.py took 0.081 seconds
[2026-06-02T09:00:14.692+0000] {processor.py:161} INFO - Started process (PID=136) to work on /home/airflow/.local/lib/python3.12/site-packages/airflow/example_dags/example_task_group_decorator.py
[2026-06-02T09:00:14.693+0000] {processor.py:830} INFO - Processing file /home/airflow/.local/lib/python3.12/site-packages/airflow/example_dags/example_task_group_decorator.py for tasks to queue
[2026-06-02T09:00:14.696+0000] {logging_mixin.py:188} INFO - [2026-06-02T09:00:14.695+0000] {dagbag.py:540} INFO - Filling up the DagBag from /home/airflow/.local/lib/python3.12/site-packages/airflow/example_dags/example_task_group_decorator.py
[2026-06-02T09:00:14.707+0000] {processor.py:840} INFO - DAG(s) 'example_task_group_decorator' retrieved from /home/airflow/.local/lib/python3.12/site-packages/airflow/example_dags/example_task_group_decorator.py
[2026-06-02T09:00:14.801+0000] {logging_mixin.py:188} INFO - [2026-06-02T09:00:14.801+0000] {dag.py:3096} INFO - Sync 1 DAGs
[2026-06-02T09:00:14.816+0000] {logging_mixin.py:188} INFO - [2026-06-02T09:00:14.816+0000] {dag.py:3954} INFO - Setting next_dagrun for example_task_group_decorator to 2026-06-01 00:00:00+00:00, run_after=2026-06-02 00:00:00+00:00
[2026-06-02T09:00:14.832+0000] {processor.py:183} INFO - Processing /home/airflow/.local/lib/python3.12/site-packages/airflow/example_dags/example_task_group_decorator.py took 0.145 seconds
[2026-06-02T09:00:45.094+0000] {processor.py:161} INFO - Started process (PID=196) to work on /home/airflow/.local/lib/python3.12/site-packages/airflow/example_dags/example_task_group_decorator.py
[2026-06-02T09:00:45.095+0000] {processor.py:830} INFO - Processing file /home/airflow/.local/lib/python3.12/site-packages/airflow/example_dags/example_task_group_decorator.py for tasks to queue
[2026-06-02T09:00:45.098+0000] {logging_mixin.py:188} INFO - [2026-06-02T09:00:45.097+0000] {dagbag.py:540} INFO - Filling up the DagBag from /home/airflow/.local/lib/python3.12/site-packages/airflow/example_dags/example_task_group_decorator.py
[2026-06-02T09:00:45.110+0000] {processor.py:840} INFO - DAG(s) 'example_task_group_decorator' retrieved from /home/airflow/.local/lib/python3.12/site-packages/airflow/example_dags/example_task_group_decorator.py
[2026-06-02T09:00:45.131+0000] {logging_mixin.py:188} INFO - [2026-06-02T09:00:45.131+0000] {dag.py:3096} INFO - Sync 1 DAGs
[2026-06-02T09:00:45.149+0000] {logging_mixin.py:188} INFO - [2026-06-02T09:00:45.148+0000] {dag.py:3954} INFO - Setting next_dagrun for example_task_group_decorator to 2026-06-01 00:00:00+00:00, run_after=2026-06-02 00:00:00+00:00
[2026-06-02T09:00:45.164+0000] {processor.py:183} INFO - Processing /home/airflow/.local/lib/python3.12/site-packages/airflow/example_dags/example_task_group_decorator.py took 0.075 seconds
[2026-06-02T09:01:15.569+0000] {processor.py:161} INFO - Started process (PID=256) to work on /home/airflow/.local/lib/python3.12/site-packages/airflow/example_dags/example_task_group_decorator.py
[2026-06-02T09:01:15.571+0000] {processor.py:830} INFO - Processing file /home/airflow/.local/lib/python3.12/site-packages/airflow/example_dags/example_task_group_decorator.py for tasks to queue
[2026-06-02T09:01:15.573+0000] {logging_mixin.py:188} INFO - [2026-06-02T09:01:15.572+0000] {dagbag.py:540} INFO - Filling up the DagBag from /home/airflow/.local/lib/python3.12/site-packages/airflow/example_dags/example_task_group_decorator.py
[2026-06-02T09:01:15.584+0000] {processor.py:840} INFO - DAG(s) 'example_task_group_decorator' retrieved from /home/airflow/.local/lib/python3.12/site-packages/airflow/example_dags/example_task_group_decorator.py
[2026-06-02T09:01:15.603+0000] {logging_mixin.py:188} INFO - [2026-06-02T09:01:15.603+0000] {dag.py:3096} INFO - Sync 1 DAGs
[2026-06-02T09:01:15.620+0000] {logging_mixin.py:188} INFO - [2026-06-02T09:01:15.620+0000] {dag.py:3954} INFO - Setting next_dagrun for example_task_group_decorator to 2026-06-01 00:00:00+00:00, run_after=2026-06-02 00:00:00+00:00
[2026-06-02T09:01:15.640+0000] {processor.py:183} INFO - Processing /home/airflow/.local/lib/python3.12/site-packages/airflow/example_dags/example_task_group_decorator.py took 0.075 seconds
[2026-06-02T09:01:45.690+0000] {processor.py:161} INFO - Started process (PID=316) to work on /home/airflow/.local/lib/python3.12/site-packages/airflow/example_dags/example_task_group_decorator.py
[2026-06-02T09:01:45.692+0000] {processor.py:830} INFO - Processing file /home/airflow/.local/lib/python3.12/site-packages/airflow/example_dags/example_task_group_decorator.py for tasks to queue
[2026-06-02T09:01:45.694+0000] {logging_mixin.py:188} INFO - [2026-06-02T09:01:45.694+0000] {dagbag.py:540} INFO - Filling up the DagBag from /home/airflow/.local/lib/python3.12/site-packages/airflow/example_dags/example_task_group_decorator.py
[2026-06-02T09:01:45.707+0000] {processor.py:840} INFO - DAG(s) 'example_task_group_decorator' retrieved from /home/airflow/.local/lib/python3.12/site-packages/airflow/example_dags/example_task_group_decorator.py
[2026-06-02T09:01:45.732+0000] {logging_mixin.py:188} INFO - [2026-06-02T09:01:45.732+0000] {dag.py:3096} INFO - Sync 1 DAGs
[2026-06-02T09:01:45.753+0000] {logging_mixin.py:188} INFO - [2026-06-02T09:01:45.752+0000] {dag.py:3954} INFO - Setting next_dagrun for example_task_group_decorator to 2026-06-01 00:00:00+00:00, run_after=2026-06-02 00:00:00+00:00
[2026-06-02T09:01:45.772+0000] {processor.py:183} INFO - Processing /home/airflow/.local/lib/python3.12/site-packages/airflow/example_dags/example_task_group_decorator.py took 0.086 seconds
[2026-06-02T09:02:15.900+0000] {processor.py:161} INFO - Started process (PID=376) to work on /home/airflow/.local/lib/python3.12/site-packages/airflow/example_dags/example_task_group_decorator.py
[2026-06-02T09:02:15.901+0000] {processor.py:830} INFO - Processing file /home/airflow/.local/lib/python3.12/site-packages/airflow/example_dags/example_task_group_decorator.py for tasks to queue
[2026-06-02T09:02:15.903+0000] {logging_mixin.py:188} INFO - [2026-06-02T09:02:15.903+0000] {dagbag.py:540} INFO - Filling up the DagBag from /home/airflow/.local/lib/python3.12/site-packages/airflow/example_dags/example_task_group_decorator.py
[2026-06-02T09:02:15.915+0000] {processor.py:840} INFO - DAG(s) 'example_task_group_decorator' retrieved from /home/airflow/.local/lib/python3.12/site-packages/airflow/example_dags/example_task_group_decorator.py
[2026-06-02T09:02:15.937+0000] {logging_mixin.py:188} INFO - [2026-06-02T09:02:15.937+0000] {dag.py:3096} INFO - Sync 1 DAGs
[2026-06-02T09:02:15.955+0000] {logging_mixin.py:188} INFO - [2026-06-02T09:02:15.955+0000] {dag.py:3954} INFO - Setting next_dagrun for example_task_group_decorator to 2026-06-01 00:00:00+00:00, run_after=2026-06-02 00:00:00+00:00
[2026-06-02T09:02:15.970+0000] {processor.py:183} INFO - Processing /home/airflow/.local/lib/python3.12/site-packages/airflow/example_dags/example_task_group_decorator.py took 0.076 seconds
[2026-06-02T09:02:46.181+0000] {processor.py:161} INFO - Started process (PID=436) to work on /home/airflow/.local/lib/python3.12/site-packages/airflow/example_dags/example_task_group_decorator.py
[2026-06-02T09:02:46.183+0000] {processor.py:830} INFO - Processing file /home/airflow/.local/lib/python3.12/site-packages/airflow/example_dags/example_task_group_decorator.py for tasks to queue
[2026-06-02T09:02:46.185+0000] {logging_mixin.py:188} INFO - [2026-06-02T09:02:46.184+0000] {dagbag.py:540} INFO - Filling up the DagBag from /home/airflow/.local/lib/python3.12/site-packages/airflow/example_dags/example_task_group_decorator.py
[2026-06-02T09:02:46.196+0000] {processor.py:840} INFO - DAG(s) 'example_task_group_decorator' retrieved from /home/airflow/.local/lib/python3.12/site-packages/airflow/example_dags/example_task_group_decorator.py
[2026-06-02T09:02:46.216+0000] {logging_mixin.py:188} INFO - [2026-06-02T09:02:46.216+0000] {dag.py:3096} INFO - Sync 1 DAGs
[2026-06-02T09:02:46.234+0000] {logging_mixin.py:188} INFO - [2026-06-02T09:02:46.234+0000] {dag.py:3954} INFO - Setting next_dagrun for example_task_group_decorator to 2026-06-01 00:00:00+00:00, run_after=2026-06-02 00:00:00+00:00
[2026-06-02T09:02:46.251+0000] {processor.py:183} INFO - Processing /home/airflow/.local/lib/python3.12/site-packages/airflow/example_dags/example_task_group_decorator.py took 0.074 seconds
[2026-06-02T09:03:16.648+0000] {processor.py:161} INFO - Started process (PID=496) to work on /home/airflow/.local/lib/python3.12/site-packages/airflow/example_dags/example_task_group_decorator.py
[2026-06-02T09:03:16.649+0000] {processor.py:830} INFO - Processing file /home/airflow/.local/lib/python3.12/site-packages/airflow/example_dags/example_task_group_decorator.py for tasks to queue
[2026-06-02T09:03:16.651+0000] {logging_mixin.py:188} INFO - [2026-06-02T09:03:16.650+0000] {dagbag.py:540} INFO - Filling up the DagBag from /home/airflow/.local/lib/python3.12/site-packages/airflow/example_dags/example_task_group_decorator.py
[2026-06-02T09:03:16.663+0000] {processor.py:840} INFO - DAG(s) 'example_task_group_decorator' retrieved from /home/airflow/.local/lib/python3.12/site-packages/airflow/example_dags/example_task_group_decorator.py
[2026-06-02T09:03:16.682+0000] {logging_mixin.py:188} INFO - [2026-06-02T09:03:16.682+0000] {dag.py:3096} INFO - Sync 1 DAGs
[2026-06-02T09:03:16.702+0000] {logging_mixin.py:188} INFO - [2026-06-02T09:03:16.702+0000] {dag.py:3954} INFO - Setting next_dagrun for example_task_group_decorator to 2026-06-01 00:00:00+00:00, run_after=2026-06-02 00:00:00+00:00
[2026-06-02T09:03:16.718+0000] {processor.py:183} INFO - Processing /home/airflow/.local/lib/python3.12/site-packages/airflow/example_dags/example_task_group_decorator.py took 0.075 seconds
[2026-06-02T09:03:46.893+0000] {processor.py:161} INFO - Started process (PID=556) to work on /home/airflow/.local/lib/python3.12/site-packages/airflow/example_dags/example_task_group_decorator.py
[2026-06-02T09:03:46.895+0000] {processor.py:830} INFO - Processing file /home/airflow/.local/lib/python3.12/site-packages/airflow/example_dags/example_task_group_decorator.py for tasks to queue
[2026-06-02T09:03:46.896+0000] {logging_mixin.py:188} INFO - [2026-06-02T09:03:46.896+0000] {dagbag.py:540} INFO - Filling up the DagBag from /home/airflow/.local/lib/python3.12/site-packages/airflow/example_dags/example_task_group_decorator.py
[2026-06-02T09:03:46.909+0000] {processor.py:840} INFO - DAG(s) 'example_task_group_decorator' retrieved from /home/airflow/.local/lib/python3.12/site-packages/airflow/example_dags/example_task_group_decorator.py
[2026-06-02T09:03:46.931+0000] {logging_mixin.py:188} INFO - [2026-06-02T09:03:46.930+0000] {dag.py:3096} INFO - Sync 1 DAGs
[2026-06-02T09:03:46.952+0000] {logging_mixin.py:188} INFO - [2026-06-02T09:03:46.952+0000] {dag.py:3954} INFO - Setting next_dagrun for example_task_group_decorator to 2026-06-01 00:00:00+00:00, run_after=2026-06-02 00:00:00+00:00
[2026-06-02T09:03:46.971+0000] {processor.py:183} INFO - Processing /home/airflow/.local/lib/python3.12/site-packages/airflow/example_dags/example_task_group_decorator.py took 0.083 seconds
[2026-06-02T09:04:17.203+0000] {processor.py:161} INFO - Started process (PID=616) to work on /home/airflow/.local/lib/python3.12/site-packages/airflow/example_dags/example_task_group_decorator.py
[2026-06-02T09:04:17.204+0000] {processor.py:830} INFO - Processing file /home/airflow/.local/lib/python3.12/site-packages/airflow/example_dags/example_task_group_decorator.py for tasks to queue
[2026-06-02T09:04:17.206+0000] {logging_mixin.py:188} INFO - [2026-06-02T09:04:17.206+0000] {dagbag.py:540} INFO - Filling up the DagBag from /home/airflow/.local/lib/python3.12/site-packages/airflow/example_dags/example_task_group_decorator.py
[2026-06-02T09:04:17.219+0000] {processor.py:840} INFO - DAG(s) 'example_task_group_decorator' retrieved from /home/airflow/.local/lib/python3.12/site-packages/airflow/example_dags/example_task_group_decorator.py
[2026-06-02T09:04:17.240+0000] {logging_mixin.py:188} INFO - [2026-06-02T09:04:17.240+0000] {dag.py:3096} INFO - Sync 1 DAGs
[2026-06-02T09:04:17.260+0000] {logging_mixin.py:188} INFO - [2026-06-02T09:04:17.259+0000] {dag.py:3954} INFO - Setting next_dagrun for example_task_group_decorator to 2026-06-01 00:00:00+00:00, run_after=2026-06-02 00:00:00+00:00
[2026-06-02T09:04:17.276+0000] {processor.py:183} INFO - Processing /home/airflow/.local/lib/python3.12/site-packages/airflow/example_dags/example_task_group_decorator.py took 0.079 seconds
[2026-06-02T09:05:59.750+0000] {processor.py:161} INFO - Started process (PID=136) to work on /home/airflow/.local/lib/python3.12/site-packages/airflow/example_dags/example_task_group_decorator.py
[2026-06-02T09:05:59.752+0000] {processor.py:830} INFO - Processing file /home/airflow/.local/lib/python3.12/site-packages/airflow/example_dags/example_task_group_decorator.py for tasks to queue
[2026-06-02T09:05:59.755+0000] {logging_mixin.py:188} INFO - [2026-06-02T09:05:59.754+0000] {dagbag.py:540} INFO - Filling up the DagBag from /home/airflow/.local/lib/python3.12/site-packages/airflow/example_dags/example_task_group_decorator.py
[2026-06-02T09:05:59.778+0000] {processor.py:840} INFO - DAG(s) 'example_task_group_decorator' retrieved from /home/airflow/.local/lib/python3.12/site-packages/airflow/example_dags/example_task_group_decorator.py
[2026-06-02T09:05:59.880+0000] {logging_mixin.py:188} INFO - [2026-06-02T09:05:59.879+0000] {dag.py:3096} INFO - Sync 1 DAGs
[2026-06-02T09:05:59.897+0000] {logging_mixin.py:188} INFO - [2026-06-02T09:05:59.897+0000] {dag.py:3954} INFO - Setting next_dagrun for example_task_group_decorator to 2026-06-01 00:00:00+00:00, run_after=2026-06-02 00:00:00+00:00
[2026-06-02T09:05:59.913+0000] {processor.py:183} INFO - Processing /home/airflow/.local/lib/python3.12/site-packages/airflow/example_dags/example_task_group_decorator.py took 0.170 seconds
[2026-06-02T09:06:30.090+0000] {processor.py:161} INFO - Started process (PID=196) to work on /home/airflow/.local/lib/python3.12/site-packages/airflow/example_dags/example_task_group_decorator.py
[2026-06-02T09:06:30.092+0000] {processor.py:830} INFO - Processing file /home/airflow/.local/lib/python3.12/site-packages/airflow/example_dags/example_task_group_decorator.py for tasks to queue
[2026-06-02T09:06:30.094+0000] {logging_mixin.py:188} INFO - [2026-06-02T09:06:30.093+0000] {dagbag.py:540} INFO - Filling up the DagBag from /home/airflow/.local/lib/python3.12/site-packages/airflow/example_dags/example_task_group_decorator.py
[2026-06-02T09:06:30.105+0000] {processor.py:840} INFO - DAG(s) 'example_task_group_decorator' retrieved from /home/airflow/.local/lib/python3.12/site-packages/airflow/example_dags/example_task_group_decorator.py
[2026-06-02T09:06:30.125+0000] {logging_mixin.py:188} INFO - [2026-06-02T09:06:30.124+0000] {dag.py:3096} INFO - Sync 1 DAGs
[2026-06-02T09:06:30.146+0000] {logging_mixin.py:188} INFO - [2026-06-02T09:06:30.146+0000] {dag.py:3954} INFO - Setting next_dagrun for example_task_group_decorator to 2026-06-01 00:00:00+00:00, run_after=2026-06-02 00:00:00+00:00
[2026-06-02T09:06:30.165+0000] {processor.py:183} INFO - Processing /home/airflow/.local/lib/python3.12/site-packages/airflow/example_dags/example_task_group_decorator.py took 0.081 seconds
[2026-06-02T09:07:00.312+0000] {processor.py:161} INFO - Started process (PID=256) to work on /home/airflow/.local/lib/python3.12/site-packages/airflow/example_dags/example_task_group_decorator.py
[2026-06-02T09:07:00.313+0000] {processor.py:830} INFO - Processing file /home/airflow/.local/lib/python3.12/site-packages/airflow/example_dags/example_task_group_decorator.py for tasks to queue
[2026-06-02T09:07:00.315+0000] {logging_mixin.py:188} INFO - [2026-06-02T09:07:00.315+0000] {dagbag.py:540} INFO - Filling up the DagBag from /home/airflow/.local/lib/python3.12/site-packages/airflow/example_dags/example_task_group_decorator.py
[2026-06-02T09:07:00.328+0000] {processor.py:840} INFO - DAG(s) 'example_task_group_decorator' retrieved from /home/airflow/.local/lib/python3.12/site-packages/airflow/example_dags/example_task_group_decorator.py
[2026-06-02T09:07:00.346+0000] {logging_mixin.py:188} INFO - [2026-06-02T09:07:00.346+0000] {dag.py:3096} INFO - Sync 1 DAGs
[2026-06-02T09:07:00.364+0000] {logging_mixin.py:188} INFO - [2026-06-02T09:07:00.364+0000] {dag.py:3954} INFO - Setting next_dagrun for example_task_group_decorator to 2026-06-01 00:00:00+00:00, run_after=2026-06-02 00:00:00+00:00
[2026-06-02T09:07:00.383+0000] {processor.py:183} INFO - Processing /home/airflow/.local/lib/python3.12/site-packages/airflow/example_dags/example_task_group_decorator.py took 0.076 seconds
[2026-06-02T09:07:30.529+0000] {processor.py:161} INFO - Started process (PID=316) to work on /home/airflow/.local/lib/python3.12/site-packages/airflow/example_dags/example_task_group_decorator.py
[2026-06-02T09:07:30.530+0000] {processor.py:830} INFO - Processing file /home/airflow/.local/lib/python3.12/site-packages/airflow/example_dags/example_task_group_decorator.py for tasks to queue
[2026-06-02T09:07:30.532+0000] {logging_mixin.py:188} INFO - [2026-06-02T09:07:30.531+0000] {dagbag.py:540} INFO - Filling up the DagBag from /home/airflow/.local/lib/python3.12/site-packages/airflow/example_dags/example_task_group_decorator.py
[2026-06-02T09:07:30.543+0000] {processor.py:840} INFO - DAG(s) 'example_task_group_decorator' retrieved from /home/airflow/.local/lib/python3.12/site-packages/airflow/example_dags/example_task_group_decorator.py
[2026-06-02T09:07:30.552+0000] {logging_mixin.py:188} INFO - [2026-06-02T09:07:30.552+0000] {dag.py:3096} INFO - Sync 1 DAGs
[2026-06-02T09:07:30.572+0000] {logging_mixin.py:188} INFO - [2026-06-02T09:07:30.572+0000] {dag.py:3954} INFO - Setting next_dagrun for example_task_group_decorator to 2026-06-01 00:00:00+00:00, run_after=2026-06-02 00:00:00+00:00
[2026-06-02T09:07:30.587+0000] {processor.py:183} INFO - Processing /home/airflow/.local/lib/python3.12/site-packages/airflow/example_dags/example_task_group_decorator.py took 0.063 seconds
[2026-06-02T09:08:03.012+0000] {processor.py:161} INFO - Started process (PID=376) to work on /home/airflow/.local/lib/python3.12/site-packages/airflow/example_dags/example_task_group_decorator.py
[2026-06-02T09:08:03.014+0000] {processor.py:830} INFO - Processing file /home/airflow/.local/lib/python3.12/site-packages/airflow/example_dags/example_task_group_decorator.py for tasks to queue
[2026-06-02T09:08:03.016+0000] {logging_mixin.py:188} INFO - [2026-06-02T09:08:03.016+0000] {dagbag.py:540} INFO - Filling up the DagBag from /home/airflow/.local/lib/python3.12/site-packages/airflow/example_dags/example_task_group_decorator.py
[2026-06-02T09:08:03.030+0000] {processor.py:840} INFO - DAG(s) 'example_task_group_decorator' retrieved from /home/airflow/.local/lib/python3.12/site-packages/airflow/example_dags/example_task_group_decorator.py
[2026-06-02T09:08:03.126+0000] {logging_mixin.py:188} INFO - [2026-06-02T09:08:03.125+0000] {dag.py:3096} INFO - Sync 1 DAGs
[2026-06-02T09:08:03.146+0000] {logging_mixin.py:188} INFO - [2026-06-02T09:08:03.146+0000] {dag.py:3954} INFO - Setting next_dagrun for example_task_group_decorator to 2026-06-01 00:00:00+00:00, run_after=2026-06-02 00:00:00+00:00
[2026-06-02T09:08:03.323+0000] {processor.py:183} INFO - Processing /home/airflow/.local/lib/python3.12/site-packages/airflow/example_dags/example_task_group_decorator.py took 0.317 seconds
[2026-06-02T09:08:33.955+0000] {processor.py:161} INFO - Started process (PID=436) to work on /home/airflow/.local/lib/python3.12/site-packages/airflow/example_dags/example_task_group_decorator.py
[2026-06-02T09:08:33.956+0000] {processor.py:830} INFO - Processing file /home/airflow/.local/lib/python3.12/site-packages/airflow/example_dags/example_task_group_decorator.py for tasks to queue
[2026-06-02T09:08:33.958+0000] {logging_mixin.py:188} INFO - [2026-06-02T09:08:33.958+0000] {dagbag.py:540} INFO - Filling up the DagBag from /home/airflow/.local/lib/python3.12/site-packages/airflow/example_dags/example_task_group_decorator.py
[2026-06-02T09:08:33.969+0000] {processor.py:840} INFO - DAG(s) 'example_task_group_decorator' retrieved from /home/airflow/.local/lib/python3.12/site-packages/airflow/example_dags/example_task_group_decorator.py
[2026-06-02T09:08:33.992+0000] {logging_mixin.py:188} INFO - [2026-06-02T09:08:33.992+0000] {dag.py:3096} INFO - Sync 1 DAGs
[2026-06-02T09:08:34.013+0000] {logging_mixin.py:188} INFO - [2026-06-02T09:08:34.013+0000] {dag.py:3954} INFO - Setting next_dagrun for example_task_group_decorator to 2026-06-01 00:00:00+00:00, run_after=2026-06-02 00:00:00+00:00
[2026-06-02T09:08:34.034+0000] {processor.py:183} INFO - Processing /home/airflow/.local/lib/python3.12/site-packages/airflow/example_dags/example_task_group_decorator.py took 0.083 seconds
[2026-06-02T09:09:04.126+0000] {processor.py:161} INFO - Started process (PID=496) to work on /home/airflow/.local/lib/python3.12/site-packages/airflow/example_dags/example_task_group_decorator.py
[2026-06-02T09:09:04.127+0000] {processor.py:830} INFO - Processing file /home/airflow/.local/lib/python3.12/site-packages/airflow/example_dags/example_task_group_decorator.py for tasks to queue
[2026-06-02T09:09:04.129+0000] {logging_mixin.py:188} INFO - [2026-06-02T09:09:04.128+0000] {dagbag.py:540} INFO - Filling up the DagBag from /home/airflow/.local/lib/python3.12/site-packages/airflow/example_dags/example_task_group_decorator.py
[2026-06-02T09:09:04.142+0000] {processor.py:840} INFO - DAG(s) 'example_task_group_decorator' retrieved from /home/airflow/.local/lib/python3.12/site-packages/airflow/example_dags/example_task_group_decorator.py
[2026-06-02T09:09:04.162+0000] {logging_mixin.py:188} INFO - [2026-06-02T09:09:04.162+0000] {dag.py:3096} INFO - Sync 1 DAGs
[2026-06-02T09:09:04.181+0000] {logging_mixin.py:188} INFO - [2026-06-02T09:09:04.181+0000] {dag.py:3954} INFO - Setting next_dagrun for example_task_group_decorator to 2026-06-01 00:00:00+00:00, run_after=2026-06-02 00:00:00+00:00
[2026-06-02T09:09:04.198+0000] {processor.py:183} INFO - Processing /home/airflow/.local/lib/python3.12/site-packages/airflow/example_dags/example_task_group_decorator.py took 0.077 seconds
[2026-06-02T09:09:34.752+0000] {processor.py:161} INFO - Started process (PID=556) to work on /home/airflow/.local/lib/python3.12/site-packages/airflow/example_dags/example_task_group_decorator.py
[2026-06-02T09:09:34.754+0000] {processor.py:830} INFO - Processing file /home/airflow/.local/lib/python3.12/site-packages/airflow/example_dags/example_task_group_decorator.py for tasks to queue
[2026-06-02T09:09:34.755+0000] {logging_mixin.py:188} INFO - [2026-06-02T09:09:34.755+0000] {dagbag.py:540} INFO - Filling up the DagBag from /home/airflow/.local/lib/python3.12/site-packages/airflow/example_dags/example_task_group_decorator.py
[2026-06-02T09:09:34.768+0000] {processor.py:840} INFO - DAG(s) 'example_task_group_decorator' retrieved from /home/airflow/.local/lib/python3.12/site-packages/airflow/example_dags/example_task_group_decorator.py
[2026-06-02T09:09:34.792+0000] {logging_mixin.py:188} INFO - [2026-06-02T09:09:34.792+0000] {dag.py:3096} INFO - Sync 1 DAGs
[2026-06-02T09:09:34.814+0000] {logging_mixin.py:188} INFO - [2026-06-02T09:09:34.814+0000] {dag.py:3954} INFO - Setting next_dagrun for example_task_group_decorator to 2026-06-01 00:00:00+00:00, run_after=2026-06-02 00:00:00+00:00
[2026-06-02T09:09:34.839+0000] {processor.py:183} INFO - Processing /home/airflow/.local/lib/python3.12/site-packages/airflow/example_dags/example_task_group_decorator.py took 0.092 seconds
[2026-06-02T09:10:05.037+0000] {processor.py:161} INFO - Started process (PID=616) to work on /home/airflow/.local/lib/python3.12/site-packages/airflow/example_dags/example_task_group_decorator.py
[2026-06-02T09:10:05.039+0000] {processor.py:830} INFO - Processing file /home/airflow/.local/lib/python3.12/site-packages/airflow/example_dags/example_task_group_decorator.py for tasks to queue
[2026-06-02T09:10:05.040+0000] {logging_mixin.py:188} INFO - [2026-06-02T09:10:05.040+0000] {dagbag.py:540} INFO - Filling up the DagBag from /home/airflow/.local/lib/python3.12/site-packages/airflow/example_dags/example_task_group_decorator.py
[2026-06-02T09:10:05.054+0000] {processor.py:840} INFO - DAG(s) 'example_task_group_decorator' retrieved from /home/airflow/.local/lib/python3.12/site-packages/airflow/example_dags/example_task_group_decorator.py
[2026-06-02T09:10:05.074+0000] {logging_mixin.py:188} INFO - [2026-06-02T09:10:05.074+0000] {dag.py:3096} INFO - Sync 1 DAGs
[2026-06-02T09:10:05.090+0000] {logging_mixin.py:188} INFO - [2026-06-02T09:10:05.090+0000] {dag.py:3954} INFO - Setting next_dagrun for example_task_group_decorator to 2026-06-01 00:00:00+00:00, run_after=2026-06-02 00:00:00+00:00
[2026-06-02T09:10:05.105+0000] {processor.py:183} INFO - Processing /home/airflow/.local/lib/python3.12/site-packages/airflow/example_dags/example_task_group_decorator.py took 0.073 seconds
[2026-06-02T09:10:35.814+0000] {processor.py:161} INFO - Started process (PID=676) to work on /home/airflow/.local/lib/python3.12/site-packages/airflow/example_dags/example_task_group_decorator.py
[2026-06-02T09:10:35.815+0000] {processor.py:830} INFO - Processing file /home/airflow/.local/lib/python3.12/site-packages/airflow/example_dags/example_task_group_decorator.py for tasks to queue
[2026-06-02T09:10:35.818+0000] {logging_mixin.py:188} INFO - [2026-06-02T09:10:35.817+0000] {dagbag.py:540} INFO - Filling up the DagBag from /home/airflow/.local/lib/python3.12/site-packages/airflow/example_dags/example_task_group_decorator.py
[2026-06-02T09:10:35.830+0000] {processor.py:840} INFO - DAG(s) 'example_task_group_decorator' retrieved from /home/airflow/.local/lib/python3.12/site-packages/airflow/example_dags/example_task_group_decorator.py
[2026-06-02T09:10:35.857+0000] {logging_mixin.py:188} INFO - [2026-06-02T09:10:35.857+0000] {dag.py:3096} INFO - Sync 1 DAGs
[2026-06-02T09:10:35.882+0000] {logging_mixin.py:188} INFO - [2026-06-02T09:10:35.882+0000] {dag.py:3954} INFO - Setting next_dagrun for example_task_group_decorator to 2026-06-01 00:00:00+00:00, run_after=2026-06-02 00:00:00+00:00
[2026-06-02T09:10:35.910+0000] {processor.py:183} INFO - Processing /home/airflow/.local/lib/python3.12/site-packages/airflow/example_dags/example_task_group_decorator.py took 0.103 seconds
[2026-06-02T09:11:06.541+0000] {processor.py:161} INFO - Started process (PID=736) to work on /home/airflow/.local/lib/python3.12/site-packages/airflow/example_dags/example_task_group_decorator.py
[2026-06-02T09:11:06.542+0000] {processor.py:830} INFO - Processing file /home/airflow/.local/lib/python3.12/site-packages/airflow/example_dags/example_task_group_decorator.py for tasks to queue
[2026-06-02T09:11:06.544+0000] {logging_mixin.py:188} INFO - [2026-06-02T09:11:06.544+0000] {dagbag.py:540} INFO - Filling up the DagBag from /home/airflow/.local/lib/python3.12/site-packages/airflow/example_dags/example_task_group_decorator.py
[2026-06-02T09:11:06.556+0000] {processor.py:840} INFO - DAG(s) 'example_task_group_decorator' retrieved from /home/airflow/.local/lib/python3.12/site-packages/airflow/example_dags/example_task_group_decorator.py
[2026-06-02T09:11:06.577+0000] {logging_mixin.py:188} INFO - [2026-06-02T09:11:06.577+0000] {dag.py:3096} INFO - Sync 1 DAGs
[2026-06-02T09:11:06.596+0000] {logging_mixin.py:188} INFO - [2026-06-02T09:11:06.595+0000] {dag.py:3954} INFO - Setting next_dagrun for example_task_group_decorator to 2026-06-01 00:00:00+00:00, run_after=2026-06-02 00:00:00+00:00
[2026-06-02T09:11:06.618+0000] {processor.py:183} INFO - Processing /home/airflow/.local/lib/python3.12/site-packages/airflow/example_dags/example_task_group_decorator.py took 0.085 seconds
[2026-06-02T09:11:36.874+0000] {processor.py:161} INFO - Started process (PID=796) to work on /home/airflow/.local/lib/python3.12/site-packages/airflow/example_dags/example_task_group_decorator.py
[2026-06-02T09:11:36.875+0000] {processor.py:830} INFO - Processing file /home/airflow/.local/lib/python3.12/site-packages/airflow/example_dags/example_task_group_decorator.py for tasks to queue
[2026-06-02T09:11:36.878+0000] {logging_mixin.py:188} INFO - [2026-06-02T09:11:36.877+0000] {dagbag.py:540} INFO - Filling up the DagBag from /home/airflow/.local/lib/python3.12/site-packages/airflow/example_dags/example_task_group_decorator.py
[2026-06-02T09:11:36.891+0000] {processor.py:840} INFO - DAG(s) 'example_task_group_decorator' retrieved from /home/airflow/.local/lib/python3.12/site-packages/airflow/example_dags/example_task_group_decorator.py
[2026-06-02T09:11:36.912+0000] {logging_mixin.py:188} INFO - [2026-06-02T09:11:36.912+0000] {dag.py:3096} INFO - Sync 1 DAGs
[2026-06-02T09:11:36.932+0000] {logging_mixin.py:188} INFO - [2026-06-02T09:11:36.932+0000] {dag.py:3954} INFO - Setting next_dagrun for example_task_group_decorator to 2026-06-01 00:00:00+00:00, run_after=2026-06-02 00:00:00+00:00
[2026-06-02T09:11:36.951+0000] {processor.py:183} INFO - Processing /home/airflow/.local/lib/python3.12/site-packages/airflow/example_dags/example_task_group_decorator.py took 0.083 seconds
[2026-06-02T09:12:07.566+0000] {processor.py:161} INFO - Started process (PID=856) to work on /home/airflow/.local/lib/python3.12/site-packages/airflow/example_dags/example_task_group_decorator.py
[2026-06-02T09:12:07.567+0000] {processor.py:830} INFO - Processing file /home/airflow/.local/lib/python3.12/site-packages/airflow/example_dags/example_task_group_decorator.py for tasks to queue
[2026-06-02T09:12:07.569+0000] {logging_mixin.py:188} INFO - [2026-06-02T09:12:07.569+0000] {dagbag.py:540} INFO - Filling up the DagBag from /home/airflow/.local/lib/python3.12/site-packages/airflow/example_dags/example_task_group_decorator.py
[2026-06-02T09:12:07.580+0000] {processor.py:840} INFO - DAG(s) 'example_task_group_decorator' retrieved from /home/airflow/.local/lib/python3.12/site-packages/airflow/example_dags/example_task_group_decorator.py
[2026-06-02T09:12:07.599+0000] {logging_mixin.py:188} INFO - [2026-06-02T09:12:07.599+0000] {dag.py:3096} INFO - Sync 1 DAGs
[2026-06-02T09:12:07.615+0000] {logging_mixin.py:188} INFO - [2026-06-02T09:12:07.615+0000] {dag.py:3954} INFO - Setting next_dagrun for example_task_group_decorator to 2026-06-01 00:00:00+00:00, run_after=2026-06-02 00:00:00+00:00
[2026-06-02T09:12:07.631+0000] {processor.py:183} INFO - Processing /home/airflow/.local/lib/python3.12/site-packages/airflow/example_dags/example_task_group_decorator.py took 0.070 seconds
[2026-06-02T09:12:38.246+0000] {processor.py:161} INFO - Started process (PID=916) to work on /home/airflow/.local/lib/python3.12/site-packages/airflow/example_dags/example_task_group_decorator.py
[2026-06-02T09:12:38.247+0000] {processor.py:830} INFO - Processing file /home/airflow/.local/lib/python3.12/site-packages/airflow/example_dags/example_task_group_decorator.py for tasks to queue
[2026-06-02T09:12:38.249+0000] {logging_mixin.py:188} INFO - [2026-06-02T09:12:38.248+0000] {dagbag.py:540} INFO - Filling up the DagBag from /home/airflow/.local/lib/python3.12/site-packages/airflow/example_dags/example_task_group_decorator.py
[2026-06-02T09:12:38.260+0000] {processor.py:840} INFO - DAG(s) 'example_task_group_decorator' retrieved from /home/airflow/.local/lib/python3.12/site-packages/airflow/example_dags/example_task_group_decorator.py
[2026-06-02T09:12:38.282+0000] {logging_mixin.py:188} INFO - [2026-06-02T09:12:38.282+0000] {dag.py:3096} INFO - Sync 1 DAGs
[2026-06-02T09:12:38.300+0000] {logging_mixin.py:188} INFO - [2026-06-02T09:12:38.300+0000] {dag.py:3954} INFO - Setting next_dagrun for example_task_group_decorator to 2026-06-01 00:00:00+00:00, run_after=2026-06-02 00:00:00+00:00
[2026-06-02T09:12:38.315+0000] {processor.py:183} INFO - Processing /home/airflow/.local/lib/python3.12/site-packages/airflow/example_dags/example_task_group_decorator.py took 0.075 seconds
[2026-06-02T09:13:08.998+0000] {processor.py:161} INFO - Started process (PID=976) to work on /home/airflow/.local/lib/python3.12/site-packages/airflow/example_dags/example_task_group_decorator.py
[2026-06-02T09:13:08.999+0000] {processor.py:830} INFO - Processing file /home/airflow/.local/lib/python3.12/site-packages/airflow/example_dags/example_task_group_decorator.py for tasks to queue
[2026-06-02T09:13:09.001+0000] {logging_mixin.py:188} INFO - [2026-06-02T09:13:09.001+0000] {dagbag.py:540} INFO - Filling up the DagBag from /home/airflow/.local/lib/python3.12/site-packages/airflow/example_dags/example_task_group_decorator.py
[2026-06-02T09:13:09.013+0000] {processor.py:840} INFO - DAG(s) 'example_task_group_decorator' retrieved from /home/airflow/.local/lib/python3.12/site-packages/airflow/example_dags/example_task_group_decorator.py
[2026-06-02T09:13:09.035+0000] {logging_mixin.py:188} INFO - [2026-06-02T09:13:09.034+0000] {dag.py:3096} INFO - Sync 1 DAGs
[2026-06-02T09:13:09.055+0000] {logging_mixin.py:188} INFO - [2026-06-02T09:13:09.054+0000] {dag.py:3954} INFO - Setting next_dagrun for example_task_group_decorator to 2026-06-01 00:00:00+00:00, run_after=2026-06-02 00:00:00+00:00
[2026-06-02T09:13:09.208+0000] {processor.py:183} INFO - Processing /home/airflow/.local/lib/python3.12/site-packages/airflow/example_dags/example_task_group_decorator.py took 0.217 seconds
[2026-06-02T09:13:39.319+0000] {processor.py:161} INFO - Started process (PID=1036) to work on /home/airflow/.local/lib/python3.12/site-packages/airflow/example_dags/example_task_group_decorator.py
[2026-06-02T09:13:39.320+0000] {processor.py:830} INFO - Processing file /home/airflow/.local/lib/python3.12/site-packages/airflow/example_dags/example_task_group_decorator.py for tasks to queue
[2026-06-02T09:13:39.322+0000] {logging_mixin.py:188} INFO - [2026-06-02T09:13:39.322+0000] {dagbag.py:540} INFO - Filling up the DagBag from /home/airflow/.local/lib/python3.12/site-packages/airflow/example_dags/example_task_group_decorator.py
[2026-06-02T09:13:39.333+0000] {processor.py:840} INFO - DAG(s) 'example_task_group_decorator' retrieved from /home/airflow/.local/lib/python3.12/site-packages/airflow/example_dags/example_task_group_decorator.py
[2026-06-02T09:13:39.354+0000] {logging_mixin.py:188} INFO - [2026-06-02T09:13:39.354+0000] {dag.py:3096} INFO - Sync 1 DAGs
[2026-06-02T09:13:39.371+0000] {logging_mixin.py:188} INFO - [2026-06-02T09:13:39.371+0000] {dag.py:3954} INFO - Setting next_dagrun for example_task_group_decorator to 2026-06-01 00:00:00+00:00, run_after=2026-06-02 00:00:00+00:00
[2026-06-02T09:13:39.388+0000] {processor.py:183} INFO - Processing /home/airflow/.local/lib/python3.12/site-packages/airflow/example_dags/example_task_group_decorator.py took 0.074 seconds
[2026-06-02T09:14:10.087+0000] {processor.py:161} INFO - Started process (PID=1096) to work on /home/airflow/.local/lib/python3.12/site-packages/airflow/example_dags/example_task_group_decorator.py
[2026-06-02T09:14:10.091+0000] {processor.py:830} INFO - Processing file /home/airflow/.local/lib/python3.12/site-packages/airflow/example_dags/example_task_group_decorator.py for tasks to queue
[2026-06-02T09:14:10.094+0000] {logging_mixin.py:188} INFO - [2026-06-02T09:14:10.093+0000] {dagbag.py:540} INFO - Filling up the DagBag from /home/airflow/.local/lib/python3.12/site-packages/airflow/example_dags/example_task_group_decorator.py
[2026-06-02T09:14:10.115+0000] {processor.py:840} INFO - DAG(s) 'example_task_group_decorator' retrieved from /home/airflow/.local/lib/python3.12/site-packages/airflow/example_dags/example_task_group_decorator.py
[2026-06-02T09:14:10.153+0000] {logging_mixin.py:188} INFO - [2026-06-02T09:14:10.152+0000] {dag.py:3096} INFO - Sync 1 DAGs
[2026-06-02T09:14:10.188+0000] {logging_mixin.py:188} INFO - [2026-06-02T09:14:10.187+0000] {dag.py:3954} INFO - Setting next_dagrun for example_task_group_decorator to 2026-06-01 00:00:00+00:00, run_after=2026-06-02 00:00:00+00:00
[2026-06-02T09:14:10.223+0000] {processor.py:183} INFO - Processing /home/airflow/.local/lib/python3.12/site-packages/airflow/example_dags/example_task_group_decorator.py took 0.146 seconds
[2026-06-02T09:14:40.434+0000] {processor.py:161} INFO - Started process (PID=1156) to work on /home/airflow/.local/lib/python3.12/site-packages/airflow/example_dags/example_task_group_decorator.py
[2026-06-02T09:14:40.435+0000] {processor.py:830} INFO - Processing file /home/airflow/.local/lib/python3.12/site-packages/airflow/example_dags/example_task_group_decorator.py for tasks to queue
[2026-06-02T09:14:40.436+0000] {logging_mixin.py:188} INFO - [2026-06-02T09:14:40.436+0000] {dagbag.py:540} INFO - Filling up the DagBag from /home/airflow/.local/lib/python3.12/site-packages/airflow/example_dags/example_task_group_decorator.py
[2026-06-02T09:14:40.447+0000] {processor.py:840} INFO - DAG(s) 'example_task_group_decorator' retrieved from /home/airflow/.local/lib/python3.12/site-packages/airflow/example_dags/example_task_group_decorator.py
[2026-06-02T09:14:40.466+0000] {logging_mixin.py:188} INFO - [2026-06-02T09:14:40.466+0000] {dag.py:3096} INFO - Sync 1 DAGs
[2026-06-02T09:14:40.485+0000] {logging_mixin.py:188} INFO - [2026-06-02T09:14:40.484+0000] {dag.py:3954} INFO - Setting next_dagrun for example_task_group_decorator to 2026-06-01 00:00:00+00:00, run_after=2026-06-02 00:00:00+00:00
[2026-06-02T09:14:40.500+0000] {processor.py:183} INFO - Processing /home/airflow/.local/lib/python3.12/site-packages/airflow/example_dags/example_task_group_decorator.py took 0.072 seconds
[2026-06-02T09:15:11.305+0000] {processor.py:161} INFO - Started process (PID=1216) to work on /home/airflow/.local/lib/python3.12/site-packages/airflow/example_dags/example_task_group_decorator.py
[2026-06-02T09:15:11.307+0000] {processor.py:830} INFO - Processing file /home/airflow/.local/lib/python3.12/site-packages/airflow/example_dags/example_task_group_decorator.py for tasks to queue
[2026-06-02T09:15:11.308+0000] {logging_mixin.py:188} INFO - [2026-06-02T09:15:11.308+0000] {dagbag.py:540} INFO - Filling up the DagBag from /home/airflow/.local/lib/python3.12/site-packages/airflow/example_dags/example_task_group_decorator.py
[2026-06-02T09:15:11.320+0000] {processor.py:840} INFO - DAG(s) 'example_task_group_decorator' retrieved from /home/airflow/.local/lib/python3.12/site-packages/airflow/example_dags/example_task_group_decorator.py
[2026-06-02T09:15:11.338+0000] {logging_mixin.py:188} INFO - [2026-06-02T09:15:11.338+0000] {dag.py:3096} INFO - Sync 1 DAGs
[2026-06-02T09:15:11.354+0000] {logging_mixin.py:188} INFO - [2026-06-02T09:15:11.354+0000] {dag.py:3954} INFO - Setting next_dagrun for example_task_group_decorator to 2026-06-01 00:00:00+00:00, run_after=2026-06-02 00:00:00+00:00
[2026-06-02T09:15:11.370+0000] {processor.py:183} INFO - Processing /home/airflow/.local/lib/python3.12/site-packages/airflow/example_dags/example_task_group_decorator.py took 0.069 seconds
[2026-06-02T09:15:41.605+0000] {processor.py:161} INFO - Started process (PID=1276) to work on /home/airflow/.local/lib/python3.12/site-packages/airflow/example_dags/example_task_group_decorator.py
[2026-06-02T09:15:41.606+0000] {processor.py:830} INFO - Processing file /home/airflow/.local/lib/python3.12/site-packages/airflow/example_dags/example_task_group_decorator.py for tasks to queue
[2026-06-02T09:15:41.609+0000] {logging_mixin.py:188} INFO - [2026-06-02T09:15:41.608+0000] {dagbag.py:540} INFO - Filling up the DagBag from /home/airflow/.local/lib/python3.12/site-packages/airflow/example_dags/example_task_group_decorator.py
[2026-06-02T09:15:41.623+0000] {processor.py:840} INFO - DAG(s) 'example_task_group_decorator' retrieved from /home/airflow/.local/lib/python3.12/site-packages/airflow/example_dags/example_task_group_decorator.py
[2026-06-02T09:15:41.656+0000] {logging_mixin.py:188} INFO - [2026-06-02T09:15:41.656+0000] {dag.py:3096} INFO - Sync 1 DAGs
[2026-06-02T09:15:41.688+0000] {logging_mixin.py:188} INFO - [2026-06-02T09:15:41.688+0000] {dag.py:3954} INFO - Setting next_dagrun for example_task_group_decorator to 2026-06-01 00:00:00+00:00, run_after=2026-06-02 00:00:00+00:00
[2026-06-02T09:15:41.714+0000] {processor.py:183} INFO - Processing /home/airflow/.local/lib/python3.12/site-packages/airflow/example_dags/example_task_group_decorator.py took 0.117 seconds
[2026-06-02T09:16:12.631+0000] {processor.py:161} INFO - Started process (PID=1336) to work on /home/airflow/.local/lib/python3.12/site-packages/airflow/example_dags/example_task_group_decorator.py
[2026-06-02T09:16:12.633+0000] {processor.py:830} INFO - Processing file /home/airflow/.local/lib/python3.12/site-packages/airflow/example_dags/example_task_group_decorator.py for tasks to queue
[2026-06-02T09:16:12.635+0000] {logging_mixin.py:188} INFO - [2026-06-02T09:16:12.634+0000] {dagbag.py:540} INFO - Filling up the DagBag from /home/airflow/.local/lib/python3.12/site-packages/airflow/example_dags/example_task_group_decorator.py
[2026-06-02T09:16:12.652+0000] {processor.py:840} INFO - DAG(s) 'example_task_group_decorator' retrieved from /home/airflow/.local/lib/python3.12/site-packages/airflow/example_dags/example_task_group_decorator.py
[2026-06-02T09:16:12.673+0000] {logging_mixin.py:188} INFO - [2026-06-02T09:16:12.672+0000] {dag.py:3096} INFO - Sync 1 DAGs
[2026-06-02T09:16:12.694+0000] {logging_mixin.py:188} INFO - [2026-06-02T09:16:12.693+0000] {dag.py:3954} INFO - Setting next_dagrun for example_task_group_decorator to 2026-06-01 00:00:00+00:00, run_after=2026-06-02 00:00:00+00:00
[2026-06-02T09:16:12.709+0000] {processor.py:183} INFO - Processing /home/airflow/.local/lib/python3.12/site-packages/airflow/example_dags/example_task_group_decorator.py took 0.083 seconds
[2026-06-02T09:16:43.479+0000] {processor.py:161} INFO - Started process (PID=1396) to work on /home/airflow/.local/lib/python3.12/site-packages/airflow/example_dags/example_task_group_decorator.py
[2026-06-02T09:16:43.480+0000] {processor.py:830} INFO - Processing file /home/airflow/.local/lib/python3.12/site-packages/airflow/example_dags/example_task_group_decorator.py for tasks to queue
[2026-06-02T09:16:43.482+0000] {logging_mixin.py:188} INFO - [2026-06-02T09:16:43.482+0000] {dagbag.py:540} INFO - Filling up the DagBag from /home/airflow/.local/lib/python3.12/site-packages/airflow/example_dags/example_task_group_decorator.py
[2026-06-02T09:16:43.493+0000] {processor.py:840} INFO - DAG(s) 'example_task_group_decorator' retrieved from /home/airflow/.local/lib/python3.12/site-packages/airflow/example_dags/example_task_group_decorator.py
[2026-06-02T09:16:43.515+0000] {logging_mixin.py:188} INFO - [2026-06-02T09:16:43.515+0000] {dag.py:3096} INFO - Sync 1 DAGs
[2026-06-02T09:16:43.533+0000] {logging_mixin.py:188} INFO - [2026-06-02T09:16:43.532+0000] {dag.py:3954} INFO - Setting next_dagrun for example_task_group_decorator to 2026-06-01 00:00:00+00:00, run_after=2026-06-02 00:00:00+00:00
[2026-06-02T09:16:43.548+0000] {processor.py:183} INFO - Processing /home/airflow/.local/lib/python3.12/site-packages/airflow/example_dags/example_task_group_decorator.py took 0.073 seconds
[2026-06-02T09:17:13.723+0000] {processor.py:161} INFO - Started process (PID=1456) to work on /home/airflow/.local/lib/python3.12/site-packages/airflow/example_dags/example_task_group_decorator.py
[2026-06-02T09:17:13.724+0000] {processor.py:830} INFO - Processing file /home/airflow/.local/lib/python3.12/site-packages/airflow/example_dags/example_task_group_decorator.py for tasks to queue
[2026-06-02T09:17:13.726+0000] {logging_mixin.py:188} INFO - [2026-06-02T09:17:13.726+0000] {dagbag.py:540} INFO - Filling up the DagBag from /home/airflow/.local/lib/python3.12/site-packages/airflow/example_dags/example_task_group_decorator.py
[2026-06-02T09:17:13.737+0000] {processor.py:840} INFO - DAG(s) 'example_task_group_decorator' retrieved from /home/airflow/.local/lib/python3.12/site-packages/airflow/example_dags/example_task_group_decorator.py
[2026-06-02T09:17:13.757+0000] {logging_mixin.py:188} INFO - [2026-06-02T09:17:13.757+0000] {dag.py:3096} INFO - Sync 1 DAGs
[2026-06-02T09:17:13.774+0000] {logging_mixin.py:188} INFO - [2026-06-02T09:17:13.774+0000] {dag.py:3954} INFO - Setting next_dagrun for example_task_group_decorator to 2026-06-01 00:00:00+00:00, run_after=2026-06-02 00:00:00+00:00
[2026-06-02T09:17:13.789+0000] {processor.py:183} INFO - Processing /home/airflow/.local/lib/python3.12/site-packages/airflow/example_dags/example_task_group_decorator.py took 0.072 seconds
[2026-06-02T09:17:43.913+0000] {processor.py:161} INFO - Started process (PID=1516) to work on /home/airflow/.local/lib/python3.12/site-packages/airflow/example_dags/example_task_group_decorator.py
[2026-06-02T09:17:43.914+0000] {processor.py:830} INFO - Processing file /home/airflow/.local/lib/python3.12/site-packages/airflow/example_dags/example_task_group_decorator.py for tasks to queue
[2026-06-02T09:17:43.916+0000] {logging_mixin.py:188} INFO - [2026-06-02T09:17:43.916+0000] {dagbag.py:540} INFO - Filling up the DagBag from /home/airflow/.local/lib/python3.12/site-packages/airflow/example_dags/example_task_group_decorator.py
[2026-06-02T09:17:43.928+0000] {processor.py:840} INFO - DAG(s) 'example_task_group_decorator' retrieved from /home/airflow/.local/lib/python3.12/site-packages/airflow/example_dags/example_task_group_decorator.py
[2026-06-02T09:17:43.956+0000] {logging_mixin.py:188} INFO - [2026-06-02T09:17:43.956+0000] {dag.py:3096} INFO - Sync 1 DAGs
[2026-06-02T09:17:43.975+0000] {logging_mixin.py:188} INFO - [2026-06-02T09:17:43.975+0000] {dag.py:3954} INFO - Setting next_dagrun for example_task_group_decorator to 2026-06-01 00:00:00+00:00, run_after=2026-06-02 00:00:00+00:00
[2026-06-02T09:17:43.991+0000] {processor.py:183} INFO - Processing /home/airflow/.local/lib/python3.12/site-packages/airflow/example_dags/example_task_group_decorator.py took 0.084 seconds
[2026-06-02T09:18:14.392+0000] {processor.py:161} INFO - Started process (PID=1576) to work on /home/airflow/.local/lib/python3.12/site-packages/airflow/example_dags/example_task_group_decorator.py
[2026-06-02T09:18:14.393+0000] {processor.py:830} INFO - Processing file /home/airflow/.local/lib/python3.12/site-packages/airflow/example_dags/example_task_group_decorator.py for tasks to queue
[2026-06-02T09:18:14.395+0000] {logging_mixin.py:188} INFO - [2026-06-02T09:18:14.395+0000] {dagbag.py:540} INFO - Filling up the DagBag from /home/airflow/.local/lib/python3.12/site-packages/airflow/example_dags/example_task_group_decorator.py
[2026-06-02T09:18:14.407+0000] {processor.py:840} INFO - DAG(s) 'example_task_group_decorator' retrieved from /home/airflow/.local/lib/python3.12/site-packages/airflow/example_dags/example_task_group_decorator.py
[2026-06-02T09:18:14.433+0000] {logging_mixin.py:188} INFO - [2026-06-02T09:18:14.432+0000] {dag.py:3096} INFO - Sync 1 DAGs
[2026-06-02T09:18:14.457+0000] {logging_mixin.py:188} INFO - [2026-06-02T09:18:14.457+0000] {dag.py:3954} INFO - Setting next_dagrun for example_task_group_decorator to 2026-06-01 00:00:00+00:00, run_after=2026-06-02 00:00:00+00:00
[2026-06-02T09:18:14.476+0000] {processor.py:183} INFO - Processing /home/airflow/.local/lib/python3.12/site-packages/airflow/example_dags/example_task_group_decorator.py took 0.089 seconds
[2026-06-02T09:22:18.561+0000] {processor.py:161} INFO - Started process (PID=137) to work on /home/airflow/.local/lib/python3.12/site-packages/airflow/example_dags/example_task_group_decorator.py
[2026-06-02T09:22:18.562+0000] {processor.py:830} INFO - Processing file /home/airflow/.local/lib/python3.12/site-packages/airflow/example_dags/example_task_group_decorator.py for tasks to queue
[2026-06-02T09:22:18.564+0000] {logging_mixin.py:188} INFO - [2026-06-02T09:22:18.564+0000] {dagbag.py:540} INFO - Filling up the DagBag from /home/airflow/.local/lib/python3.12/site-packages/airflow/example_dags/example_task_group_decorator.py
[2026-06-02T09:22:18.577+0000] {processor.py:840} INFO - DAG(s) 'example_task_group_decorator' retrieved from /home/airflow/.local/lib/python3.12/site-packages/airflow/example_dags/example_task_group_decorator.py
[2026-06-02T09:22:18.663+0000] {logging_mixin.py:188} INFO - [2026-06-02T09:22:18.662+0000] {dag.py:3096} INFO - Sync 1 DAGs
[2026-06-02T09:22:18.680+0000] {logging_mixin.py:188} INFO - [2026-06-02T09:22:18.680+0000] {dag.py:3954} INFO - Setting next_dagrun for example_task_group_decorator to 2026-06-01 00:00:00+00:00, run_after=2026-06-02 00:00:00+00:00
[2026-06-02T09:22:18.700+0000] {processor.py:183} INFO - Processing /home/airflow/.local/lib/python3.12/site-packages/airflow/example_dags/example_task_group_decorator.py took 0.145 seconds
[2026-06-02T09:22:49.386+0000] {processor.py:161} INFO - Started process (PID=197) to work on /home/airflow/.local/lib/python3.12/site-packages/airflow/example_dags/example_task_group_decorator.py
[2026-06-02T09:22:49.386+0000] {processor.py:830} INFO - Processing file /home/airflow/.local/lib/python3.12/site-packages/airflow/example_dags/example_task_group_decorator.py for tasks to queue
[2026-06-02T09:22:49.388+0000] {logging_mixin.py:188} INFO - [2026-06-02T09:22:49.388+0000] {dagbag.py:540} INFO - Filling up the DagBag from /home/airflow/.local/lib/python3.12/site-packages/airflow/example_dags/example_task_group_decorator.py
[2026-06-02T09:22:49.399+0000] {processor.py:840} INFO - DAG(s) 'example_task_group_decorator' retrieved from /home/airflow/.local/lib/python3.12/site-packages/airflow/example_dags/example_task_group_decorator.py
[2026-06-02T09:22:49.423+0000] {logging_mixin.py:188} INFO - [2026-06-02T09:22:49.423+0000] {dag.py:3096} INFO - Sync 1 DAGs
[2026-06-02T09:22:49.440+0000] {logging_mixin.py:188} INFO - [2026-06-02T09:22:49.440+0000] {dag.py:3954} INFO - Setting next_dagrun for example_task_group_decorator to 2026-06-01 00:00:00+00:00, run_after=2026-06-02 00:00:00+00:00
[2026-06-02T09:22:49.455+0000] {processor.py:183} INFO - Processing /home/airflow/.local/lib/python3.12/site-packages/airflow/example_dags/example_task_group_decorator.py took 0.074 seconds
[2026-06-02T09:23:19.667+0000] {processor.py:161} INFO - Started process (PID=258) to work on /home/airflow/.local/lib/python3.12/site-packages/airflow/example_dags/example_task_group_decorator.py
[2026-06-02T09:23:19.669+0000] {processor.py:830} INFO - Processing file /home/airflow/.local/lib/python3.12/site-packages/airflow/example_dags/example_task_group_decorator.py for tasks to queue
[2026-06-02T09:23:19.670+0000] {logging_mixin.py:188} INFO - [2026-06-02T09:23:19.670+0000] {dagbag.py:540} INFO - Filling up the DagBag from /home/airflow/.local/lib/python3.12/site-packages/airflow/example_dags/example_task_group_decorator.py
[2026-06-02T09:23:19.682+0000] {processor.py:840} INFO - DAG(s) 'example_task_group_decorator' retrieved from /home/airflow/.local/lib/python3.12/site-packages/airflow/example_dags/example_task_group_decorator.py
[2026-06-02T09:23:19.701+0000] {logging_mixin.py:188} INFO - [2026-06-02T09:23:19.701+0000] {dag.py:3096} INFO - Sync 1 DAGs
[2026-06-02T09:23:19.718+0000] {logging_mixin.py:188} INFO - [2026-06-02T09:23:19.717+0000] {dag.py:3954} INFO - Setting next_dagrun for example_task_group_decorator to 2026-06-01 00:00:00+00:00, run_after=2026-06-02 00:00:00+00:00
[2026-06-02T09:23:19.731+0000] {processor.py:183} INFO - Processing /home/airflow/.local/lib/python3.12/site-packages/airflow/example_dags/example_task_group_decorator.py took 0.069 seconds
[2026-06-02T09:23:49.920+0000] {processor.py:161} INFO - Started process (PID=318) to work on /home/airflow/.local/lib/python3.12/site-packages/airflow/example_dags/example_task_group_decorator.py
[2026-06-02T09:23:49.922+0000] {processor.py:830} INFO - Processing file /home/airflow/.local/lib/python3.12/site-packages/airflow/example_dags/example_task_group_decorator.py for tasks to queue
[2026-06-02T09:23:49.923+0000] {logging_mixin.py:188} INFO - [2026-06-02T09:23:49.923+0000] {dagbag.py:540} INFO - Filling up the DagBag from /home/airflow/.local/lib/python3.12/site-packages/airflow/example_dags/example_task_group_decorator.py
[2026-06-02T09:23:49.935+0000] {processor.py:840} INFO - DAG(s) 'example_task_group_decorator' retrieved from /home/airflow/.local/lib/python3.12/site-packages/airflow/example_dags/example_task_group_decorator.py
[2026-06-02T09:23:49.954+0000] {logging_mixin.py:188} INFO - [2026-06-02T09:23:49.954+0000] {dag.py:3096} INFO - Sync 1 DAGs
[2026-06-02T09:23:49.974+0000] {logging_mixin.py:188} INFO - [2026-06-02T09:23:49.974+0000] {dag.py:3954} INFO - Setting next_dagrun for example_task_group_decorator to 2026-06-01 00:00:00+00:00, run_after=2026-06-02 00:00:00+00:00
[2026-06-02T09:23:49.990+0000] {processor.py:183} INFO - Processing /home/airflow/.local/lib/python3.12/site-packages/airflow/example_dags/example_task_group_decorator.py took 0.074 seconds
[2026-06-02T09:24:20.201+0000] {processor.py:161} INFO - Started process (PID=378) to work on /home/airflow/.local/lib/python3.12/site-packages/airflow/example_dags/example_task_group_decorator.py
[2026-06-02T09:24:20.202+0000] {processor.py:830} INFO - Processing file /home/airflow/.local/lib/python3.12/site-packages/airflow/example_dags/example_task_group_decorator.py for tasks to queue
[2026-06-02T09:24:20.204+0000] {logging_mixin.py:188} INFO - [2026-06-02T09:24:20.204+0000] {dagbag.py:540} INFO - Filling up the DagBag from /home/airflow/.local/lib/python3.12/site-packages/airflow/example_dags/example_task_group_decorator.py
[2026-06-02T09:24:20.215+0000] {processor.py:840} INFO - DAG(s) 'example_task_group_decorator' retrieved from /home/airflow/.local/lib/python3.12/site-packages/airflow/example_dags/example_task_group_decorator.py
[2026-06-02T09:24:20.235+0000] {logging_mixin.py:188} INFO - [2026-06-02T09:24:20.235+0000] {dag.py:3096} INFO - Sync 1 DAGs
[2026-06-02T09:24:20.252+0000] {logging_mixin.py:188} INFO - [2026-06-02T09:24:20.252+0000] {dag.py:3954} INFO - Setting next_dagrun for example_task_group_decorator to 2026-06-01 00:00:00+00:00, run_after=2026-06-02 00:00:00+00:00
[2026-06-02T09:24:20.270+0000] {processor.py:183} INFO - Processing /home/airflow/.local/lib/python3.12/site-packages/airflow/example_dags/example_task_group_decorator.py took 0.074 seconds
[2026-06-02T09:24:50.626+0000] {processor.py:161} INFO - Started process (PID=438) to work on /home/airflow/.local/lib/python3.12/site-packages/airflow/example_dags/example_task_group_decorator.py
[2026-06-02T09:24:50.627+0000] {processor.py:830} INFO - Processing file /home/airflow/.local/lib/python3.12/site-packages/airflow/example_dags/example_task_group_decorator.py for tasks to queue
[2026-06-02T09:24:50.629+0000] {logging_mixin.py:188} INFO - [2026-06-02T09:24:50.629+0000] {dagbag.py:540} INFO - Filling up the DagBag from /home/airflow/.local/lib/python3.12/site-packages/airflow/example_dags/example_task_group_decorator.py
[2026-06-02T09:24:50.640+0000] {processor.py:840} INFO - DAG(s) 'example_task_group_decorator' retrieved from /home/airflow/.local/lib/python3.12/site-packages/airflow/example_dags/example_task_group_decorator.py
[2026-06-02T09:24:50.660+0000] {logging_mixin.py:188} INFO - [2026-06-02T09:24:50.660+0000] {dag.py:3096} INFO - Sync 1 DAGs
[2026-06-02T09:24:50.678+0000] {logging_mixin.py:188} INFO - [2026-06-02T09:24:50.677+0000] {dag.py:3954} INFO - Setting next_dagrun for example_task_group_decorator to 2026-06-01 00:00:00+00:00, run_after=2026-06-02 00:00:00+00:00
[2026-06-02T09:24:50.695+0000] {processor.py:183} INFO - Processing /home/airflow/.local/lib/python3.12/site-packages/airflow/example_dags/example_task_group_decorator.py took 0.074 seconds
[2026-06-02T09:25:21.477+0000] {processor.py:161} INFO - Started process (PID=498) to work on /home/airflow/.local/lib/python3.12/site-packages/airflow/example_dags/example_task_group_decorator.py
[2026-06-02T09:25:21.479+0000] {processor.py:830} INFO - Processing file /home/airflow/.local/lib/python3.12/site-packages/airflow/example_dags/example_task_group_decorator.py for tasks to queue
[2026-06-02T09:25:21.481+0000] {logging_mixin.py:188} INFO - [2026-06-02T09:25:21.480+0000] {dagbag.py:540} INFO - Filling up the DagBag from /home/airflow/.local/lib/python3.12/site-packages/airflow/example_dags/example_task_group_decorator.py
[2026-06-02T09:25:21.495+0000] {processor.py:840} INFO - DAG(s) 'example_task_group_decorator' retrieved from /home/airflow/.local/lib/python3.12/site-packages/airflow/example_dags/example_task_group_decorator.py
[2026-06-02T09:25:21.518+0000] {logging_mixin.py:188} INFO - [2026-06-02T09:25:21.518+0000] {dag.py:3096} INFO - Sync 1 DAGs
[2026-06-02T09:25:21.539+0000] {logging_mixin.py:188} INFO - [2026-06-02T09:25:21.539+0000] {dag.py:3954} INFO - Setting next_dagrun for example_task_group_decorator to 2026-06-01 00:00:00+00:00, run_after=2026-06-02 00:00:00+00:00
[2026-06-02T09:25:21.557+0000] {processor.py:183} INFO - Processing /home/airflow/.local/lib/python3.12/site-packages/airflow/example_dags/example_task_group_decorator.py took 0.086 seconds
[2026-06-02T09:25:52.016+0000] {processor.py:161} INFO - Started process (PID=558) to work on /home/airflow/.local/lib/python3.12/site-packages/airflow/example_dags/example_task_group_decorator.py
[2026-06-02T09:25:52.017+0000] {processor.py:830} INFO - Processing file /home/airflow/.local/lib/python3.12/site-packages/airflow/example_dags/example_task_group_decorator.py for tasks to queue
[2026-06-02T09:25:52.018+0000] {logging_mixin.py:188} INFO - [2026-06-02T09:25:52.018+0000] {dagbag.py:540} INFO - Filling up the DagBag from /home/airflow/.local/lib/python3.12/site-packages/airflow/example_dags/example_task_group_decorator.py
[2026-06-02T09:25:52.030+0000] {processor.py:840} INFO - DAG(s) 'example_task_group_decorator' retrieved from /home/airflow/.local/lib/python3.12/site-packages/airflow/example_dags/example_task_group_decorator.py
[2026-06-02T09:25:52.051+0000] {logging_mixin.py:188} INFO - [2026-06-02T09:25:52.051+0000] {dag.py:3096} INFO - Sync 1 DAGs
[2026-06-02T09:25:52.068+0000] {logging_mixin.py:188} INFO - [2026-06-02T09:25:52.068+0000] {dag.py:3954} INFO - Setting next_dagrun for example_task_group_decorator to 2026-06-01 00:00:00+00:00, run_after=2026-06-02 00:00:00+00:00
[2026-06-02T09:25:52.084+0000] {processor.py:183} INFO - Processing /home/airflow/.local/lib/python3.12/site-packages/airflow/example_dags/example_task_group_decorator.py took 0.073 seconds
[2026-06-02T09:26:22.423+0000] {processor.py:161} INFO - Started process (PID=618) to work on /home/airflow/.local/lib/python3.12/site-packages/airflow/example_dags/example_task_group_decorator.py
[2026-06-02T09:26:22.424+0000] {processor.py:830} INFO - Processing file /home/airflow/.local/lib/python3.12/site-packages/airflow/example_dags/example_task_group_decorator.py for tasks to queue
[2026-06-02T09:26:22.426+0000] {logging_mixin.py:188} INFO - [2026-06-02T09:26:22.426+0000] {dagbag.py:540} INFO - Filling up the DagBag from /home/airflow/.local/lib/python3.12/site-packages/airflow/example_dags/example_task_group_decorator.py
[2026-06-02T09:26:22.438+0000] {processor.py:840} INFO - DAG(s) 'example_task_group_decorator' retrieved from /home/airflow/.local/lib/python3.12/site-packages/airflow/example_dags/example_task_group_decorator.py
[2026-06-02T09:26:22.460+0000] {logging_mixin.py:188} INFO - [2026-06-02T09:26:22.460+0000] {dag.py:3096} INFO - Sync 1 DAGs
[2026-06-02T09:26:22.487+0000] {logging_mixin.py:188} INFO - [2026-06-02T09:26:22.487+0000] {dag.py:3954} INFO - Setting next_dagrun for example_task_group_decorator to 2026-06-01 00:00:00+00:00, run_after=2026-06-02 00:00:00+00:00
[2026-06-02T09:26:22.511+0000] {processor.py:183} INFO - Processing /home/airflow/.local/lib/python3.12/site-packages/airflow/example_dags/example_task_group_decorator.py took 0.093 seconds
[2026-06-02T09:26:53.116+0000] {processor.py:161} INFO - Started process (PID=678) to work on /home/airflow/.local/lib/python3.12/site-packages/airflow/example_dags/example_task_group_decorator.py
[2026-06-02T09:26:53.118+0000] {processor.py:830} INFO - Processing file /home/airflow/.local/lib/python3.12/site-packages/airflow/example_dags/example_task_group_decorator.py for tasks to queue
[2026-06-02T09:26:53.121+0000] {logging_mixin.py:188} INFO - [2026-06-02T09:26:53.121+0000] {dagbag.py:540} INFO - Filling up the DagBag from /home/airflow/.local/lib/python3.12/site-packages/airflow/example_dags/example_task_group_decorator.py
[2026-06-02T09:26:53.135+0000] {processor.py:840} INFO - DAG(s) 'example_task_group_decorator' retrieved from /home/airflow/.local/lib/python3.12/site-packages/airflow/example_dags/example_task_group_decorator.py
[2026-06-02T09:26:53.159+0000] {logging_mixin.py:188} INFO - [2026-06-02T09:26:53.159+0000] {dag.py:3096} INFO - Sync 1 DAGs
[2026-06-02T09:26:53.180+0000] {logging_mixin.py:188} INFO - [2026-06-02T09:26:53.180+0000] {dag.py:3954} INFO - Setting next_dagrun for example_task_group_decorator to 2026-06-01 00:00:00+00:00, run_after=2026-06-02 00:00:00+00:00
[2026-06-02T09:26:53.208+0000] {processor.py:183} INFO - Processing /home/airflow/.local/lib/python3.12/site-packages/airflow/example_dags/example_task_group_decorator.py took 0.098 seconds
[2026-06-02T09:27:23.664+0000] {processor.py:161} INFO - Started process (PID=742) to work on /home/airflow/.local/lib/python3.12/site-packages/airflow/example_dags/example_task_group_decorator.py
[2026-06-02T09:27:23.666+0000] {processor.py:830} INFO - Processing file /home/airflow/.local/lib/python3.12/site-packages/airflow/example_dags/example_task_group_decorator.py for tasks to queue
[2026-06-02T09:27:23.668+0000] {logging_mixin.py:188} INFO - [2026-06-02T09:27:23.667+0000] {dagbag.py:540} INFO - Filling up the DagBag from /home/airflow/.local/lib/python3.12/site-packages/airflow/example_dags/example_task_group_decorator.py
[2026-06-02T09:27:23.680+0000] {processor.py:840} INFO - DAG(s) 'example_task_group_decorator' retrieved from /home/airflow/.local/lib/python3.12/site-packages/airflow/example_dags/example_task_group_decorator.py
[2026-06-02T09:27:23.701+0000] {logging_mixin.py:188} INFO - [2026-06-02T09:27:23.701+0000] {dag.py:3096} INFO - Sync 1 DAGs
[2026-06-02T09:27:23.722+0000] {logging_mixin.py:188} INFO - [2026-06-02T09:27:23.722+0000] {dag.py:3954} INFO - Setting next_dagrun for example_task_group_decorator to 2026-06-01 00:00:00+00:00, run_after=2026-06-02 00:00:00+00:00
[2026-06-02T09:27:23.740+0000] {processor.py:183} INFO - Processing /home/airflow/.local/lib/python3.12/site-packages/airflow/example_dags/example_task_group_decorator.py took 0.080 seconds
[2026-06-02T09:27:54.444+0000] {processor.py:161} INFO - Started process (PID=802) to work on /home/airflow/.local/lib/python3.12/site-packages/airflow/example_dags/example_task_group_decorator.py
[2026-06-02T09:27:54.446+0000] {processor.py:830} INFO - Processing file /home/airflow/.local/lib/python3.12/site-packages/airflow/example_dags/example_task_group_decorator.py for tasks to queue
[2026-06-02T09:27:54.447+0000] {logging_mixin.py:188} INFO - [2026-06-02T09:27:54.447+0000] {dagbag.py:540} INFO - Filling up the DagBag from /home/airflow/.local/lib/python3.12/site-packages/airflow/example_dags/example_task_group_decorator.py
[2026-06-02T09:27:54.459+0000] {processor.py:840} INFO - DAG(s) 'example_task_group_decorator' retrieved from /home/airflow/.local/lib/python3.12/site-packages/airflow/example_dags/example_task_group_decorator.py
[2026-06-02T09:27:54.489+0000] {logging_mixin.py:188} INFO - [2026-06-02T09:27:54.489+0000] {dag.py:3096} INFO - Sync 1 DAGs
[2026-06-02T09:27:54.508+0000] {logging_mixin.py:188} INFO - [2026-06-02T09:27:54.508+0000] {dag.py:3954} INFO - Setting next_dagrun for example_task_group_decorator to 2026-06-01 00:00:00+00:00, run_after=2026-06-02 00:00:00+00:00
[2026-06-02T09:27:54.522+0000] {processor.py:183} INFO - Processing /home/airflow/.local/lib/python3.12/site-packages/airflow/example_dags/example_task_group_decorator.py took 0.083 seconds
[2026-06-02T09:28:25.255+0000] {processor.py:161} INFO - Started process (PID=862) to work on /home/airflow/.local/lib/python3.12/site-packages/airflow/example_dags/example_task_group_decorator.py
[2026-06-02T09:28:25.256+0000] {processor.py:830} INFO - Processing file /home/airflow/.local/lib/python3.12/site-packages/airflow/example_dags/example_task_group_decorator.py for tasks to queue
[2026-06-02T09:28:25.258+0000] {logging_mixin.py:188} INFO - [2026-06-02T09:28:25.258+0000] {dagbag.py:540} INFO - Filling up the DagBag from /home/airflow/.local/lib/python3.12/site-packages/airflow/example_dags/example_task_group_decorator.py
[2026-06-02T09:28:25.283+0000] {processor.py:840} INFO - DAG(s) 'example_task_group_decorator' retrieved from /home/airflow/.local/lib/python3.12/site-packages/airflow/example_dags/example_task_group_decorator.py
[2026-06-02T09:28:25.326+0000] {logging_mixin.py:188} INFO - [2026-06-02T09:28:25.323+0000] {dag.py:3096} INFO - Sync 1 DAGs
[2026-06-02T09:28:25.353+0000] {logging_mixin.py:188} INFO - [2026-06-02T09:28:25.353+0000] {dag.py:3954} INFO - Setting next_dagrun for example_task_group_decorator to 2026-06-01 00:00:00+00:00, run_after=2026-06-02 00:00:00+00:00
[2026-06-02T09:28:25.389+0000] {processor.py:183} INFO - Processing /home/airflow/.local/lib/python3.12/site-packages/airflow/example_dags/example_task_group_decorator.py took 0.142 seconds
[2026-06-02T09:35:05.373+0000] {processor.py:161} INFO - Started process (PID=136) to work on /home/airflow/.local/lib/python3.12/site-packages/airflow/example_dags/example_task_group_decorator.py
[2026-06-02T09:35:05.375+0000] {processor.py:830} INFO - Processing file /home/airflow/.local/lib/python3.12/site-packages/airflow/example_dags/example_task_group_decorator.py for tasks to queue
[2026-06-02T09:35:05.376+0000] {logging_mixin.py:188} INFO - [2026-06-02T09:35:05.376+0000] {dagbag.py:540} INFO - Filling up the DagBag from /home/airflow/.local/lib/python3.12/site-packages/airflow/example_dags/example_task_group_decorator.py
[2026-06-02T09:35:05.387+0000] {processor.py:840} INFO - DAG(s) 'example_task_group_decorator' retrieved from /home/airflow/.local/lib/python3.12/site-packages/airflow/example_dags/example_task_group_decorator.py
[2026-06-02T09:35:05.492+0000] {logging_mixin.py:188} INFO - [2026-06-02T09:35:05.492+0000] {dag.py:3096} INFO - Sync 1 DAGs
[2026-06-02T09:35:05.514+0000] {logging_mixin.py:188} INFO - [2026-06-02T09:35:05.514+0000] {dag.py:3954} INFO - Setting next_dagrun for example_task_group_decorator to 2026-06-01 00:00:00+00:00, run_after=2026-06-02 00:00:00+00:00
[2026-06-02T09:35:05.542+0000] {processor.py:183} INFO - Processing /home/airflow/.local/lib/python3.12/site-packages/airflow/example_dags/example_task_group_decorator.py took 0.174 seconds
[2026-06-02T09:35:35.745+0000] {processor.py:161} INFO - Started process (PID=196) to work on /home/airflow/.local/lib/python3.12/site-packages/airflow/example_dags/example_task_group_decorator.py
[2026-06-02T09:35:35.746+0000] {processor.py:830} INFO - Processing file /home/airflow/.local/lib/python3.12/site-packages/airflow/example_dags/example_task_group_decorator.py for tasks to queue
[2026-06-02T09:35:35.748+0000] {logging_mixin.py:188} INFO - [2026-06-02T09:35:35.748+0000] {dagbag.py:540} INFO - Filling up the DagBag from /home/airflow/.local/lib/python3.12/site-packages/airflow/example_dags/example_task_group_decorator.py
[2026-06-02T09:35:35.760+0000] {processor.py:840} INFO - DAG(s) 'example_task_group_decorator' retrieved from /home/airflow/.local/lib/python3.12/site-packages/airflow/example_dags/example_task_group_decorator.py
[2026-06-02T09:35:35.781+0000] {logging_mixin.py:188} INFO - [2026-06-02T09:35:35.780+0000] {dag.py:3096} INFO - Sync 1 DAGs
[2026-06-02T09:35:35.798+0000] {logging_mixin.py:188} INFO - [2026-06-02T09:35:35.798+0000] {dag.py:3954} INFO - Setting next_dagrun for example_task_group_decorator to 2026-06-01 00:00:00+00:00, run_after=2026-06-02 00:00:00+00:00
[2026-06-02T09:35:35.816+0000] {processor.py:183} INFO - Processing /home/airflow/.local/lib/python3.12/site-packages/airflow/example_dags/example_task_group_decorator.py took 0.075 seconds
[2026-06-02T09:36:06.093+0000] {processor.py:161} INFO - Started process (PID=256) to work on /home/airflow/.local/lib/python3.12/site-packages/airflow/example_dags/example_task_group_decorator.py
[2026-06-02T09:36:06.094+0000] {processor.py:830} INFO - Processing file /home/airflow/.local/lib/python3.12/site-packages/airflow/example_dags/example_task_group_decorator.py for tasks to queue
[2026-06-02T09:36:06.095+0000] {logging_mixin.py:188} INFO - [2026-06-02T09:36:06.095+0000] {dagbag.py:540} INFO - Filling up the DagBag from /home/airflow/.local/lib/python3.12/site-packages/airflow/example_dags/example_task_group_decorator.py
[2026-06-02T09:36:06.106+0000] {processor.py:840} INFO - DAG(s) 'example_task_group_decorator' retrieved from /home/airflow/.local/lib/python3.12/site-packages/airflow/example_dags/example_task_group_decorator.py
[2026-06-02T09:36:06.127+0000] {logging_mixin.py:188} INFO - [2026-06-02T09:36:06.127+0000] {dag.py:3096} INFO - Sync 1 DAGs
[2026-06-02T09:36:06.144+0000] {logging_mixin.py:188} INFO - [2026-06-02T09:36:06.144+0000] {dag.py:3954} INFO - Setting next_dagrun for example_task_group_decorator to 2026-06-01 00:00:00+00:00, run_after=2026-06-02 00:00:00+00:00
[2026-06-02T09:36:06.160+0000] {processor.py:183} INFO - Processing /home/airflow/.local/lib/python3.12/site-packages/airflow/example_dags/example_task_group_decorator.py took 0.072 seconds
[2026-06-02T09:36:36.237+0000] {processor.py:161} INFO - Started process (PID=316) to work on /home/airflow/.local/lib/python3.12/site-packages/airflow/example_dags/example_task_group_decorator.py
[2026-06-02T09:36:36.238+0000] {processor.py:830} INFO - Processing file /home/airflow/.local/lib/python3.12/site-packages/airflow/example_dags/example_task_group_decorator.py for tasks to queue
[2026-06-02T09:36:36.239+0000] {logging_mixin.py:188} INFO - [2026-06-02T09:36:36.239+0000] {dagbag.py:540} INFO - Filling up the DagBag from /home/airflow/.local/lib/python3.12/site-packages/airflow/example_dags/example_task_group_decorator.py
[2026-06-02T09:36:36.251+0000] {processor.py:840} INFO - DAG(s) 'example_task_group_decorator' retrieved from /home/airflow/.local/lib/python3.12/site-packages/airflow/example_dags/example_task_group_decorator.py
[2026-06-02T09:36:36.274+0000] {logging_mixin.py:188} INFO - [2026-06-02T09:36:36.273+0000] {dag.py:3096} INFO - Sync 1 DAGs
[2026-06-02T09:36:36.294+0000] {logging_mixin.py:188} INFO - [2026-06-02T09:36:36.293+0000] {dag.py:3954} INFO - Setting next_dagrun for example_task_group_decorator to 2026-06-01 00:00:00+00:00, run_after=2026-06-02 00:00:00+00:00
[2026-06-02T09:36:36.310+0000] {processor.py:183} INFO - Processing /home/airflow/.local/lib/python3.12/site-packages/airflow/example_dags/example_task_group_decorator.py took 0.079 seconds
[2026-06-02T09:37:06.564+0000] {processor.py:161} INFO - Started process (PID=376) to work on /home/airflow/.local/lib/python3.12/site-packages/airflow/example_dags/example_task_group_decorator.py
[2026-06-02T09:37:06.565+0000] {processor.py:830} INFO - Processing file /home/airflow/.local/lib/python3.12/site-packages/airflow/example_dags/example_task_group_decorator.py for tasks to queue
[2026-06-02T09:37:06.567+0000] {logging_mixin.py:188} INFO - [2026-06-02T09:37:06.567+0000] {dagbag.py:540} INFO - Filling up the DagBag from /home/airflow/.local/lib/python3.12/site-packages/airflow/example_dags/example_task_group_decorator.py
[2026-06-02T09:37:06.581+0000] {processor.py:840} INFO - DAG(s) 'example_task_group_decorator' retrieved from /home/airflow/.local/lib/python3.12/site-packages/airflow/example_dags/example_task_group_decorator.py
[2026-06-02T09:37:06.600+0000] {logging_mixin.py:188} INFO - [2026-06-02T09:37:06.600+0000] {dag.py:3096} INFO - Sync 1 DAGs
[2026-06-02T09:37:06.618+0000] {logging_mixin.py:188} INFO - [2026-06-02T09:37:06.618+0000] {dag.py:3954} INFO - Setting next_dagrun for example_task_group_decorator to 2026-06-01 00:00:00+00:00, run_after=2026-06-02 00:00:00+00:00
[2026-06-02T09:37:06.634+0000] {processor.py:183} INFO - Processing /home/airflow/.local/lib/python3.12/site-packages/airflow/example_dags/example_task_group_decorator.py took 0.075 seconds
[2026-06-02T09:37:36.819+0000] {processor.py:161} INFO - Started process (PID=436) to work on /home/airflow/.local/lib/python3.12/site-packages/airflow/example_dags/example_task_group_decorator.py
[2026-06-02T09:37:36.820+0000] {processor.py:830} INFO - Processing file /home/airflow/.local/lib/python3.12/site-packages/airflow/example_dags/example_task_group_decorator.py for tasks to queue
[2026-06-02T09:37:36.822+0000] {logging_mixin.py:188} INFO - [2026-06-02T09:37:36.821+0000] {dagbag.py:540} INFO - Filling up the DagBag from /home/airflow/.local/lib/python3.12/site-packages/airflow/example_dags/example_task_group_decorator.py
[2026-06-02T09:37:36.832+0000] {processor.py:840} INFO - DAG(s) 'example_task_group_decorator' retrieved from /home/airflow/.local/lib/python3.12/site-packages/airflow/example_dags/example_task_group_decorator.py
[2026-06-02T09:37:36.852+0000] {logging_mixin.py:188} INFO - [2026-06-02T09:37:36.852+0000] {dag.py:3096} INFO - Sync 1 DAGs
[2026-06-02T09:37:36.869+0000] {logging_mixin.py:188} INFO - [2026-06-02T09:37:36.869+0000] {dag.py:3954} INFO - Setting next_dagrun for example_task_group_decorator to 2026-06-01 00:00:00+00:00, run_after=2026-06-02 00:00:00+00:00
[2026-06-02T09:37:36.884+0000] {processor.py:183} INFO - Processing /home/airflow/.local/lib/python3.12/site-packages/airflow/example_dags/example_task_group_decorator.py took 0.070 seconds
[2026-06-02T09:38:06.952+0000] {processor.py:161} INFO - Started process (PID=496) to work on /home/airflow/.local/lib/python3.12/site-packages/airflow/example_dags/example_task_group_decorator.py
[2026-06-02T09:38:06.953+0000] {processor.py:830} INFO - Processing file /home/airflow/.local/lib/python3.12/site-packages/airflow/example_dags/example_task_group_decorator.py for tasks to queue
[2026-06-02T09:38:06.955+0000] {logging_mixin.py:188} INFO - [2026-06-02T09:38:06.954+0000] {dagbag.py:540} INFO - Filling up the DagBag from /home/airflow/.local/lib/python3.12/site-packages/airflow/example_dags/example_task_group_decorator.py
[2026-06-02T09:38:06.966+0000] {processor.py:840} INFO - DAG(s) 'example_task_group_decorator' retrieved from /home/airflow/.local/lib/python3.12/site-packages/airflow/example_dags/example_task_group_decorator.py
[2026-06-02T09:38:06.985+0000] {logging_mixin.py:188} INFO - [2026-06-02T09:38:06.985+0000] {dag.py:3096} INFO - Sync 1 DAGs
[2026-06-02T09:38:07.002+0000] {logging_mixin.py:188} INFO - [2026-06-02T09:38:07.001+0000] {dag.py:3954} INFO - Setting next_dagrun for example_task_group_decorator to 2026-06-01 00:00:00+00:00, run_after=2026-06-02 00:00:00+00:00
[2026-06-02T09:38:07.017+0000] {processor.py:183} INFO - Processing /home/airflow/.local/lib/python3.12/site-packages/airflow/example_dags/example_task_group_decorator.py took 0.070 seconds
[2026-06-02T09:38:37.086+0000] {processor.py:161} INFO - Started process (PID=556) to work on /home/airflow/.local/lib/python3.12/site-packages/airflow/example_dags/example_task_group_decorator.py
[2026-06-02T09:38:37.087+0000] {processor.py:830} INFO - Processing file /home/airflow/.local/lib/python3.12/site-packages/airflow/example_dags/example_task_group_decorator.py for tasks to queue
[2026-06-02T09:38:37.089+0000] {logging_mixin.py:188} INFO - [2026-06-02T09:38:37.089+0000] {dagbag.py:540} INFO - Filling up the DagBag from /home/airflow/.local/lib/python3.12/site-packages/airflow/example_dags/example_task_group_decorator.py
[2026-06-02T09:38:37.100+0000] {processor.py:840} INFO - DAG(s) 'example_task_group_decorator' retrieved from /home/airflow/.local/lib/python3.12/site-packages/airflow/example_dags/example_task_group_decorator.py
[2026-06-02T09:38:37.119+0000] {logging_mixin.py:188} INFO - [2026-06-02T09:38:37.119+0000] {dag.py:3096} INFO - Sync 1 DAGs
[2026-06-02T09:38:37.138+0000] {logging_mixin.py:188} INFO - [2026-06-02T09:38:37.138+0000] {dag.py:3954} INFO - Setting next_dagrun for example_task_group_decorator to 2026-06-01 00:00:00+00:00, run_after=2026-06-02 00:00:00+00:00
[2026-06-02T09:38:37.152+0000] {processor.py:183} INFO - Processing /home/airflow/.local/lib/python3.12/site-packages/airflow/example_dags/example_task_group_decorator.py took 0.071 seconds
[2026-06-02T09:39:07.702+0000] {processor.py:161} INFO - Started process (PID=616) to work on /home/airflow/.local/lib/python3.12/site-packages/airflow/example_dags/example_task_group_decorator.py
[2026-06-02T09:39:07.703+0000] {processor.py:830} INFO - Processing file /home/airflow/.local/lib/python3.12/site-packages/airflow/example_dags/example_task_group_decorator.py for tasks to queue
[2026-06-02T09:39:07.705+0000] {logging_mixin.py:188} INFO - [2026-06-02T09:39:07.705+0000] {dagbag.py:540} INFO - Filling up the DagBag from /home/airflow/.local/lib/python3.12/site-packages/airflow/example_dags/example_task_group_decorator.py
[2026-06-02T09:39:07.715+0000] {processor.py:840} INFO - DAG(s) 'example_task_group_decorator' retrieved from /home/airflow/.local/lib/python3.12/site-packages/airflow/example_dags/example_task_group_decorator.py
[2026-06-02T09:39:07.735+0000] {logging_mixin.py:188} INFO - [2026-06-02T09:39:07.734+0000] {dag.py:3096} INFO - Sync 1 DAGs
[2026-06-02T09:39:07.753+0000] {logging_mixin.py:188} INFO - [2026-06-02T09:39:07.753+0000] {dag.py:3954} INFO - Setting next_dagrun for example_task_group_decorator to 2026-06-01 00:00:00+00:00, run_after=2026-06-02 00:00:00+00:00
[2026-06-02T09:39:07.770+0000] {processor.py:183} INFO - Processing /home/airflow/.local/lib/python3.12/site-packages/airflow/example_dags/example_task_group_decorator.py took 0.072 seconds
[2026-06-02T09:39:38.059+0000] {processor.py:161} INFO - Started process (PID=676) to work on /home/airflow/.local/lib/python3.12/site-packages/airflow/example_dags/example_task_group_decorator.py
[2026-06-02T09:39:38.060+0000] {processor.py:830} INFO - Processing file /home/airflow/.local/lib/python3.12/site-packages/airflow/example_dags/example_task_group_decorator.py for tasks to queue
[2026-06-02T09:39:38.062+0000] {logging_mixin.py:188} INFO - [2026-06-02T09:39:38.062+0000] {dagbag.py:540} INFO - Filling up the DagBag from /home/airflow/.local/lib/python3.12/site-packages/airflow/example_dags/example_task_group_decorator.py
[2026-06-02T09:39:38.080+0000] {processor.py:840} INFO - DAG(s) 'example_task_group_decorator' retrieved from /home/airflow/.local/lib/python3.12/site-packages/airflow/example_dags/example_task_group_decorator.py
[2026-06-02T09:39:38.104+0000] {logging_mixin.py:188} INFO - [2026-06-02T09:39:38.104+0000] {dag.py:3096} INFO - Sync 1 DAGs
[2026-06-02T09:39:38.123+0000] {logging_mixin.py:188} INFO - [2026-06-02T09:39:38.123+0000] {dag.py:3954} INFO - Setting next_dagrun for example_task_group_decorator to 2026-06-01 00:00:00+00:00, run_after=2026-06-02 00:00:00+00:00
[2026-06-02T09:39:38.138+0000] {processor.py:183} INFO - Processing /home/airflow/.local/lib/python3.12/site-packages/airflow/example_dags/example_task_group_decorator.py took 0.084 seconds
[2026-06-02T09:40:08.461+0000] {processor.py:161} INFO - Started process (PID=736) to work on /home/airflow/.local/lib/python3.12/site-packages/airflow/example_dags/example_task_group_decorator.py
[2026-06-02T09:40:08.462+0000] {processor.py:830} INFO - Processing file /home/airflow/.local/lib/python3.12/site-packages/airflow/example_dags/example_task_group_decorator.py for tasks to queue
[2026-06-02T09:40:08.464+0000] {logging_mixin.py:188} INFO - [2026-06-02T09:40:08.464+0000] {dagbag.py:540} INFO - Filling up the DagBag from /home/airflow/.local/lib/python3.12/site-packages/airflow/example_dags/example_task_group_decorator.py
[2026-06-02T09:40:08.479+0000] {processor.py:840} INFO - DAG(s) 'example_task_group_decorator' retrieved from /home/airflow/.local/lib/python3.12/site-packages/airflow/example_dags/example_task_group_decorator.py
[2026-06-02T09:40:08.501+0000] {logging_mixin.py:188} INFO - [2026-06-02T09:40:08.501+0000] {dag.py:3096} INFO - Sync 1 DAGs
[2026-06-02T09:40:08.523+0000] {logging_mixin.py:188} INFO - [2026-06-02T09:40:08.523+0000] {dag.py:3954} INFO - Setting next_dagrun for example_task_group_decorator to 2026-06-01 00:00:00+00:00, run_after=2026-06-02 00:00:00+00:00
[2026-06-02T09:40:08.540+0000] {processor.py:183} INFO - Processing /home/airflow/.local/lib/python3.12/site-packages/airflow/example_dags/example_task_group_decorator.py took 0.084 seconds
[2026-06-02T09:40:39.531+0000] {processor.py:161} INFO - Started process (PID=796) to work on /home/airflow/.local/lib/python3.12/site-packages/airflow/example_dags/example_task_group_decorator.py
[2026-06-02T09:40:39.532+0000] {processor.py:830} INFO - Processing file /home/airflow/.local/lib/python3.12/site-packages/airflow/example_dags/example_task_group_decorator.py for tasks to queue
[2026-06-02T09:40:39.534+0000] {logging_mixin.py:188} INFO - [2026-06-02T09:40:39.534+0000] {dagbag.py:540} INFO - Filling up the DagBag from /home/airflow/.local/lib/python3.12/site-packages/airflow/example_dags/example_task_group_decorator.py
[2026-06-02T09:40:39.547+0000] {processor.py:840} INFO - DAG(s) 'example_task_group_decorator' retrieved from /home/airflow/.local/lib/python3.12/site-packages/airflow/example_dags/example_task_group_decorator.py
[2026-06-02T09:40:39.569+0000] {logging_mixin.py:188} INFO - [2026-06-02T09:40:39.568+0000] {dag.py:3096} INFO - Sync 1 DAGs
[2026-06-02T09:40:39.589+0000] {logging_mixin.py:188} INFO - [2026-06-02T09:40:39.588+0000] {dag.py:3954} INFO - Setting next_dagrun for example_task_group_decorator to 2026-06-01 00:00:00+00:00, run_after=2026-06-02 00:00:00+00:00
[2026-06-02T09:40:39.607+0000] {processor.py:183} INFO - Processing /home/airflow/.local/lib/python3.12/site-packages/airflow/example_dags/example_task_group_decorator.py took 0.082 seconds
[2026-06-02T09:41:10.050+0000] {processor.py:161} INFO - Started process (PID=856) to work on /home/airflow/.local/lib/python3.12/site-packages/airflow/example_dags/example_task_group_decorator.py
[2026-06-02T09:41:10.051+0000] {processor.py:830} INFO - Processing file /home/airflow/.local/lib/python3.12/site-packages/airflow/example_dags/example_task_group_decorator.py for tasks to queue
[2026-06-02T09:41:10.053+0000] {logging_mixin.py:188} INFO - [2026-06-02T09:41:10.052+0000] {dagbag.py:540} INFO - Filling up the DagBag from /home/airflow/.local/lib/python3.12/site-packages/airflow/example_dags/example_task_group_decorator.py
[2026-06-02T09:41:10.066+0000] {processor.py:840} INFO - DAG(s) 'example_task_group_decorator' retrieved from /home/airflow/.local/lib/python3.12/site-packages/airflow/example_dags/example_task_group_decorator.py
[2026-06-02T09:41:10.090+0000] {logging_mixin.py:188} INFO - [2026-06-02T09:41:10.090+0000] {dag.py:3096} INFO - Sync 1 DAGs
[2026-06-02T09:41:10.112+0000] {logging_mixin.py:188} INFO - [2026-06-02T09:41:10.112+0000] {dag.py:3954} INFO - Setting next_dagrun for example_task_group_decorator to 2026-06-01 00:00:00+00:00, run_after=2026-06-02 00:00:00+00:00
[2026-06-02T09:41:10.132+0000] {processor.py:183} INFO - Processing /home/airflow/.local/lib/python3.12/site-packages/airflow/example_dags/example_task_group_decorator.py took 0.089 seconds
[2026-06-02T09:41:40.231+0000] {processor.py:161} INFO - Started process (PID=916) to work on /home/airflow/.local/lib/python3.12/site-packages/airflow/example_dags/example_task_group_decorator.py
[2026-06-02T09:41:40.232+0000] {processor.py:830} INFO - Processing file /home/airflow/.local/lib/python3.12/site-packages/airflow/example_dags/example_task_group_decorator.py for tasks to queue
[2026-06-02T09:41:40.233+0000] {logging_mixin.py:188} INFO - [2026-06-02T09:41:40.233+0000] {dagbag.py:540} INFO - Filling up the DagBag from /home/airflow/.local/lib/python3.12/site-packages/airflow/example_dags/example_task_group_decorator.py
[2026-06-02T09:41:40.245+0000] {processor.py:840} INFO - DAG(s) 'example_task_group_decorator' retrieved from /home/airflow/.local/lib/python3.12/site-packages/airflow/example_dags/example_task_group_decorator.py
[2026-06-02T09:41:40.266+0000] {logging_mixin.py:188} INFO - [2026-06-02T09:41:40.265+0000] {dag.py:3096} INFO - Sync 1 DAGs
[2026-06-02T09:41:40.283+0000] {logging_mixin.py:188} INFO - [2026-06-02T09:41:40.283+0000] {dag.py:3954} INFO - Setting next_dagrun for example_task_group_decorator to 2026-06-01 00:00:00+00:00, run_after=2026-06-02 00:00:00+00:00
[2026-06-02T09:41:40.299+0000] {processor.py:183} INFO - Processing /home/airflow/.local/lib/python3.12/site-packages/airflow/example_dags/example_task_group_decorator.py took 0.073 seconds
[2026-06-02T09:42:11.098+0000] {processor.py:161} INFO - Started process (PID=976) to work on /home/airflow/.local/lib/python3.12/site-packages/airflow/example_dags/example_task_group_decorator.py
[2026-06-02T09:42:11.099+0000] {processor.py:830} INFO - Processing file /home/airflow/.local/lib/python3.12/site-packages/airflow/example_dags/example_task_group_decorator.py for tasks to queue
[2026-06-02T09:42:11.101+0000] {logging_mixin.py:188} INFO - [2026-06-02T09:42:11.100+0000] {dagbag.py:540} INFO - Filling up the DagBag from /home/airflow/.local/lib/python3.12/site-packages/airflow/example_dags/example_task_group_decorator.py
[2026-06-02T09:42:11.112+0000] {processor.py:840} INFO - DAG(s) 'example_task_group_decorator' retrieved from /home/airflow/.local/lib/python3.12/site-packages/airflow/example_dags/example_task_group_decorator.py
[2026-06-02T09:42:11.136+0000] {logging_mixin.py:188} INFO - [2026-06-02T09:42:11.136+0000] {dag.py:3096} INFO - Sync 1 DAGs
[2026-06-02T09:42:11.155+0000] {logging_mixin.py:188} INFO - [2026-06-02T09:42:11.155+0000] {dag.py:3954} INFO - Setting next_dagrun for example_task_group_decorator to 2026-06-01 00:00:00+00:00, run_after=2026-06-02 00:00:00+00:00
[2026-06-02T09:42:11.173+0000] {processor.py:183} INFO - Processing /home/airflow/.local/lib/python3.12/site-packages/airflow/example_dags/example_task_group_decorator.py took 0.080 seconds
[2026-06-02T09:42:42.673+0000] {processor.py:161} INFO - Started process (PID=1036) to work on /home/airflow/.local/lib/python3.12/site-packages/airflow/example_dags/example_task_group_decorator.py
[2026-06-02T09:42:42.674+0000] {processor.py:830} INFO - Processing file /home/airflow/.local/lib/python3.12/site-packages/airflow/example_dags/example_task_group_decorator.py for tasks to queue
[2026-06-02T09:42:42.676+0000] {logging_mixin.py:188} INFO - [2026-06-02T09:42:42.676+0000] {dagbag.py:540} INFO - Filling up the DagBag from /home/airflow/.local/lib/python3.12/site-packages/airflow/example_dags/example_task_group_decorator.py
[2026-06-02T09:42:42.689+0000] {processor.py:840} INFO - DAG(s) 'example_task_group_decorator' retrieved from /home/airflow/.local/lib/python3.12/site-packages/airflow/example_dags/example_task_group_decorator.py
[2026-06-02T09:42:42.714+0000] {logging_mixin.py:188} INFO - [2026-06-02T09:42:42.714+0000] {dag.py:3096} INFO - Sync 1 DAGs
[2026-06-02T09:42:42.733+0000] {logging_mixin.py:188} INFO - [2026-06-02T09:42:42.733+0000] {dag.py:3954} INFO - Setting next_dagrun for example_task_group_decorator to 2026-06-01 00:00:00+00:00, run_after=2026-06-02 00:00:00+00:00
[2026-06-02T09:42:42.751+0000] {processor.py:183} INFO - Processing /home/airflow/.local/lib/python3.12/site-packages/airflow/example_dags/example_task_group_decorator.py took 0.083 seconds
[2026-06-02T09:44:04.523+0000] {processor.py:161} INFO - Started process (PID=140) to work on /home/airflow/.local/lib/python3.12/site-packages/airflow/example_dags/example_task_group_decorator.py
[2026-06-02T09:44:04.526+0000] {processor.py:830} INFO - Processing file /home/airflow/.local/lib/python3.12/site-packages/airflow/example_dags/example_task_group_decorator.py for tasks to queue
[2026-06-02T09:44:04.528+0000] {logging_mixin.py:188} INFO - [2026-06-02T09:44:04.528+0000] {dagbag.py:540} INFO - Filling up the DagBag from /home/airflow/.local/lib/python3.12/site-packages/airflow/example_dags/example_task_group_decorator.py
[2026-06-02T09:44:04.542+0000] {processor.py:840} INFO - DAG(s) 'example_task_group_decorator' retrieved from /home/airflow/.local/lib/python3.12/site-packages/airflow/example_dags/example_task_group_decorator.py
[2026-06-02T09:44:04.640+0000] {logging_mixin.py:188} INFO - [2026-06-02T09:44:04.640+0000] {dag.py:3096} INFO - Sync 1 DAGs
[2026-06-02T09:44:04.657+0000] {logging_mixin.py:188} INFO - [2026-06-02T09:44:04.657+0000] {dag.py:3954} INFO - Setting next_dagrun for example_task_group_decorator to 2026-06-01 00:00:00+00:00, run_after=2026-06-02 00:00:00+00:00
[2026-06-02T09:44:04.674+0000] {processor.py:183} INFO - Processing /home/airflow/.local/lib/python3.12/site-packages/airflow/example_dags/example_task_group_decorator.py took 0.156 seconds
[2026-06-02T09:44:34.840+0000] {processor.py:161} INFO - Started process (PID=200) to work on /home/airflow/.local/lib/python3.12/site-packages/airflow/example_dags/example_task_group_decorator.py
[2026-06-02T09:44:34.841+0000] {processor.py:830} INFO - Processing file /home/airflow/.local/lib/python3.12/site-packages/airflow/example_dags/example_task_group_decorator.py for tasks to queue
[2026-06-02T09:44:34.843+0000] {logging_mixin.py:188} INFO - [2026-06-02T09:44:34.842+0000] {dagbag.py:540} INFO - Filling up the DagBag from /home/airflow/.local/lib/python3.12/site-packages/airflow/example_dags/example_task_group_decorator.py
[2026-06-02T09:44:34.854+0000] {processor.py:840} INFO - DAG(s) 'example_task_group_decorator' retrieved from /home/airflow/.local/lib/python3.12/site-packages/airflow/example_dags/example_task_group_decorator.py
[2026-06-02T09:44:34.872+0000] {logging_mixin.py:188} INFO - [2026-06-02T09:44:34.872+0000] {dag.py:3096} INFO - Sync 1 DAGs
[2026-06-02T09:44:34.889+0000] {logging_mixin.py:188} INFO - [2026-06-02T09:44:34.888+0000] {dag.py:3954} INFO - Setting next_dagrun for example_task_group_decorator to 2026-06-01 00:00:00+00:00, run_after=2026-06-02 00:00:00+00:00
[2026-06-02T09:44:34.904+0000] {processor.py:183} INFO - Processing /home/airflow/.local/lib/python3.12/site-packages/airflow/example_dags/example_task_group_decorator.py took 0.068 seconds
[2026-06-02T09:45:05.206+0000] {processor.py:161} INFO - Started process (PID=260) to work on /home/airflow/.local/lib/python3.12/site-packages/airflow/example_dags/example_task_group_decorator.py
[2026-06-02T09:45:05.207+0000] {processor.py:830} INFO - Processing file /home/airflow/.local/lib/python3.12/site-packages/airflow/example_dags/example_task_group_decorator.py for tasks to queue
[2026-06-02T09:45:05.209+0000] {logging_mixin.py:188} INFO - [2026-06-02T09:45:05.209+0000] {dagbag.py:540} INFO - Filling up the DagBag from /home/airflow/.local/lib/python3.12/site-packages/airflow/example_dags/example_task_group_decorator.py
[2026-06-02T09:45:05.220+0000] {processor.py:840} INFO - DAG(s) 'example_task_group_decorator' retrieved from /home/airflow/.local/lib/python3.12/site-packages/airflow/example_dags/example_task_group_decorator.py
[2026-06-02T09:45:05.239+0000] {logging_mixin.py:188} INFO - [2026-06-02T09:45:05.239+0000] {dag.py:3096} INFO - Sync 1 DAGs
[2026-06-02T09:45:05.257+0000] {logging_mixin.py:188} INFO - [2026-06-02T09:45:05.257+0000] {dag.py:3954} INFO - Setting next_dagrun for example_task_group_decorator to 2026-06-01 00:00:00+00:00, run_after=2026-06-02 00:00:00+00:00
[2026-06-02T09:45:05.273+0000] {processor.py:183} INFO - Processing /home/airflow/.local/lib/python3.12/site-packages/airflow/example_dags/example_task_group_decorator.py took 0.072 seconds
[2026-06-02T09:45:35.661+0000] {processor.py:161} INFO - Started process (PID=320) to work on /home/airflow/.local/lib/python3.12/site-packages/airflow/example_dags/example_task_group_decorator.py
[2026-06-02T09:45:35.662+0000] {processor.py:830} INFO - Processing file /home/airflow/.local/lib/python3.12/site-packages/airflow/example_dags/example_task_group_decorator.py for tasks to queue
[2026-06-02T09:45:35.665+0000] {logging_mixin.py:188} INFO - [2026-06-02T09:45:35.664+0000] {dagbag.py:540} INFO - Filling up the DagBag from /home/airflow/.local/lib/python3.12/site-packages/airflow/example_dags/example_task_group_decorator.py
[2026-06-02T09:45:35.676+0000] {processor.py:840} INFO - DAG(s) 'example_task_group_decorator' retrieved from /home/airflow/.local/lib/python3.12/site-packages/airflow/example_dags/example_task_group_decorator.py
[2026-06-02T09:45:35.695+0000] {logging_mixin.py:188} INFO - [2026-06-02T09:45:35.695+0000] {dag.py:3096} INFO - Sync 1 DAGs
[2026-06-02T09:45:35.713+0000] {logging_mixin.py:188} INFO - [2026-06-02T09:45:35.712+0000] {dag.py:3954} INFO - Setting next_dagrun for example_task_group_decorator to 2026-06-01 00:00:00+00:00, run_after=2026-06-02 00:00:00+00:00
[2026-06-02T09:45:35.729+0000] {processor.py:183} INFO - Processing /home/airflow/.local/lib/python3.12/site-packages/airflow/example_dags/example_task_group_decorator.py took 0.072 seconds
[2026-06-02T09:46:05.921+0000] {processor.py:161} INFO - Started process (PID=380) to work on /home/airflow/.local/lib/python3.12/site-packages/airflow/example_dags/example_task_group_decorator.py
[2026-06-02T09:46:05.922+0000] {processor.py:830} INFO - Processing file /home/airflow/.local/lib/python3.12/site-packages/airflow/example_dags/example_task_group_decorator.py for tasks to queue
[2026-06-02T09:46:05.924+0000] {logging_mixin.py:188} INFO - [2026-06-02T09:46:05.924+0000] {dagbag.py:540} INFO - Filling up the DagBag from /home/airflow/.local/lib/python3.12/site-packages/airflow/example_dags/example_task_group_decorator.py
[2026-06-02T09:46:05.935+0000] {processor.py:840} INFO - DAG(s) 'example_task_group_decorator' retrieved from /home/airflow/.local/lib/python3.12/site-packages/airflow/example_dags/example_task_group_decorator.py
[2026-06-02T09:46:05.955+0000] {logging_mixin.py:188} INFO - [2026-06-02T09:46:05.955+0000] {dag.py:3096} INFO - Sync 1 DAGs
[2026-06-02T09:46:05.972+0000] {logging_mixin.py:188} INFO - [2026-06-02T09:46:05.972+0000] {dag.py:3954} INFO - Setting next_dagrun for example_task_group_decorator to 2026-06-01 00:00:00+00:00, run_after=2026-06-02 00:00:00+00:00
[2026-06-02T09:46:05.987+0000] {processor.py:183} INFO - Processing /home/airflow/.local/lib/python3.12/site-packages/airflow/example_dags/example_task_group_decorator.py took 0.071 seconds
[2026-06-02T09:46:36.129+0000] {processor.py:161} INFO - Started process (PID=440) to work on /home/airflow/.local/lib/python3.12/site-packages/airflow/example_dags/example_task_group_decorator.py
[2026-06-02T09:46:36.130+0000] {processor.py:830} INFO - Processing file /home/airflow/.local/lib/python3.12/site-packages/airflow/example_dags/example_task_group_decorator.py for tasks to queue
[2026-06-02T09:46:36.132+0000] {logging_mixin.py:188} INFO - [2026-06-02T09:46:36.132+0000] {dagbag.py:540} INFO - Filling up the DagBag from /home/airflow/.local/lib/python3.12/site-packages/airflow/example_dags/example_task_group_decorator.py
[2026-06-02T09:46:36.143+0000] {processor.py:840} INFO - DAG(s) 'example_task_group_decorator' retrieved from /home/airflow/.local/lib/python3.12/site-packages/airflow/example_dags/example_task_group_decorator.py
[2026-06-02T09:46:36.162+0000] {logging_mixin.py:188} INFO - [2026-06-02T09:46:36.162+0000] {dag.py:3096} INFO - Sync 1 DAGs
[2026-06-02T09:46:36.181+0000] {logging_mixin.py:188} INFO - [2026-06-02T09:46:36.180+0000] {dag.py:3954} INFO - Setting next_dagrun for example_task_group_decorator to 2026-06-01 00:00:00+00:00, run_after=2026-06-02 00:00:00+00:00
[2026-06-02T09:46:36.195+0000] {processor.py:183} INFO - Processing /home/airflow/.local/lib/python3.12/site-packages/airflow/example_dags/example_task_group_decorator.py took 0.070 seconds
[2026-06-02T09:47:06.940+0000] {processor.py:161} INFO - Started process (PID=500) to work on /home/airflow/.local/lib/python3.12/site-packages/airflow/example_dags/example_task_group_decorator.py
[2026-06-02T09:47:06.941+0000] {processor.py:830} INFO - Processing file /home/airflow/.local/lib/python3.12/site-packages/airflow/example_dags/example_task_group_decorator.py for tasks to queue
[2026-06-02T09:47:06.943+0000] {logging_mixin.py:188} INFO - [2026-06-02T09:47:06.943+0000] {dagbag.py:540} INFO - Filling up the DagBag from /home/airflow/.local/lib/python3.12/site-packages/airflow/example_dags/example_task_group_decorator.py
[2026-06-02T09:47:06.954+0000] {processor.py:840} INFO - DAG(s) 'example_task_group_decorator' retrieved from /home/airflow/.local/lib/python3.12/site-packages/airflow/example_dags/example_task_group_decorator.py
[2026-06-02T09:47:06.973+0000] {logging_mixin.py:188} INFO - [2026-06-02T09:47:06.973+0000] {dag.py:3096} INFO - Sync 1 DAGs
[2026-06-02T09:47:06.992+0000] {logging_mixin.py:188} INFO - [2026-06-02T09:47:06.992+0000] {dag.py:3954} INFO - Setting next_dagrun for example_task_group_decorator to 2026-06-01 00:00:00+00:00, run_after=2026-06-02 00:00:00+00:00
[2026-06-02T09:47:07.007+0000] {processor.py:183} INFO - Processing /home/airflow/.local/lib/python3.12/site-packages/airflow/example_dags/example_task_group_decorator.py took 0.074 seconds
[2026-06-02T09:47:37.893+0000] {processor.py:161} INFO - Started process (PID=560) to work on /home/airflow/.local/lib/python3.12/site-packages/airflow/example_dags/example_task_group_decorator.py
[2026-06-02T09:47:37.894+0000] {processor.py:830} INFO - Processing file /home/airflow/.local/lib/python3.12/site-packages/airflow/example_dags/example_task_group_decorator.py for tasks to queue
[2026-06-02T09:47:37.896+0000] {logging_mixin.py:188} INFO - [2026-06-02T09:47:37.896+0000] {dagbag.py:540} INFO - Filling up the DagBag from /home/airflow/.local/lib/python3.12/site-packages/airflow/example_dags/example_task_group_decorator.py
[2026-06-02T09:47:37.907+0000] {processor.py:840} INFO - DAG(s) 'example_task_group_decorator' retrieved from /home/airflow/.local/lib/python3.12/site-packages/airflow/example_dags/example_task_group_decorator.py
[2026-06-02T09:47:37.926+0000] {logging_mixin.py:188} INFO - [2026-06-02T09:47:37.926+0000] {dag.py:3096} INFO - Sync 1 DAGs
[2026-06-02T09:47:37.944+0000] {logging_mixin.py:188} INFO - [2026-06-02T09:47:37.943+0000] {dag.py:3954} INFO - Setting next_dagrun for example_task_group_decorator to 2026-06-01 00:00:00+00:00, run_after=2026-06-02 00:00:00+00:00
[2026-06-02T09:47:37.959+0000] {processor.py:183} INFO - Processing /home/airflow/.local/lib/python3.12/site-packages/airflow/example_dags/example_task_group_decorator.py took 0.071 seconds
[2026-06-02T09:48:08.938+0000] {processor.py:161} INFO - Started process (PID=620) to work on /home/airflow/.local/lib/python3.12/site-packages/airflow/example_dags/example_task_group_decorator.py
[2026-06-02T09:48:08.939+0000] {processor.py:830} INFO - Processing file /home/airflow/.local/lib/python3.12/site-packages/airflow/example_dags/example_task_group_decorator.py for tasks to queue
[2026-06-02T09:48:08.941+0000] {logging_mixin.py:188} INFO - [2026-06-02T09:48:08.941+0000] {dagbag.py:540} INFO - Filling up the DagBag from /home/airflow/.local/lib/python3.12/site-packages/airflow/example_dags/example_task_group_decorator.py
[2026-06-02T09:48:08.952+0000] {processor.py:840} INFO - DAG(s) 'example_task_group_decorator' retrieved from /home/airflow/.local/lib/python3.12/site-packages/airflow/example_dags/example_task_group_decorator.py
[2026-06-02T09:48:08.971+0000] {logging_mixin.py:188} INFO - [2026-06-02T09:48:08.970+0000] {dag.py:3096} INFO - Sync 1 DAGs
[2026-06-02T09:48:08.987+0000] {logging_mixin.py:188} INFO - [2026-06-02T09:48:08.987+0000] {dag.py:3954} INFO - Setting next_dagrun for example_task_group_decorator to 2026-06-01 00:00:00+00:00, run_after=2026-06-02 00:00:00+00:00
[2026-06-02T09:48:09.002+0000] {processor.py:183} INFO - Processing /home/airflow/.local/lib/python3.12/site-packages/airflow/example_dags/example_task_group_decorator.py took 0.069 seconds
[2026-06-02T09:48:39.299+0000] {processor.py:161} INFO - Started process (PID=680) to work on /home/airflow/.local/lib/python3.12/site-packages/airflow/example_dags/example_task_group_decorator.py
[2026-06-02T09:48:39.300+0000] {processor.py:830} INFO - Processing file /home/airflow/.local/lib/python3.12/site-packages/airflow/example_dags/example_task_group_decorator.py for tasks to queue
[2026-06-02T09:48:39.302+0000] {logging_mixin.py:188} INFO - [2026-06-02T09:48:39.302+0000] {dagbag.py:540} INFO - Filling up the DagBag from /home/airflow/.local/lib/python3.12/site-packages/airflow/example_dags/example_task_group_decorator.py
[2026-06-02T09:48:39.314+0000] {processor.py:840} INFO - DAG(s) 'example_task_group_decorator' retrieved from /home/airflow/.local/lib/python3.12/site-packages/airflow/example_dags/example_task_group_decorator.py
[2026-06-02T09:48:39.341+0000] {logging_mixin.py:188} INFO - [2026-06-02T09:48:39.341+0000] {dag.py:3096} INFO - Sync 1 DAGs
[2026-06-02T09:48:39.362+0000] {logging_mixin.py:188} INFO - [2026-06-02T09:48:39.362+0000] {dag.py:3954} INFO - Setting next_dagrun for example_task_group_decorator to 2026-06-01 00:00:00+00:00, run_after=2026-06-02 00:00:00+00:00
[2026-06-02T09:48:39.377+0000] {processor.py:183} INFO - Processing /home/airflow/.local/lib/python3.12/site-packages/airflow/example_dags/example_task_group_decorator.py took 0.084 seconds
[2026-06-02T09:50:11.684+0000] {processor.py:161} INFO - Started process (PID=138) to work on /home/airflow/.local/lib/python3.12/site-packages/airflow/example_dags/example_task_group_decorator.py
[2026-06-02T09:50:11.686+0000] {processor.py:830} INFO - Processing file /home/airflow/.local/lib/python3.12/site-packages/airflow/example_dags/example_task_group_decorator.py for tasks to queue
[2026-06-02T09:50:11.688+0000] {logging_mixin.py:188} INFO - [2026-06-02T09:50:11.687+0000] {dagbag.py:540} INFO - Filling up the DagBag from /home/airflow/.local/lib/python3.12/site-packages/airflow/example_dags/example_task_group_decorator.py
[2026-06-02T09:50:11.702+0000] {processor.py:840} INFO - DAG(s) 'example_task_group_decorator' retrieved from /home/airflow/.local/lib/python3.12/site-packages/airflow/example_dags/example_task_group_decorator.py
[2026-06-02T09:50:11.809+0000] {logging_mixin.py:188} INFO - [2026-06-02T09:50:11.809+0000] {override.py:1829} INFO - Created Permission View: can delete on DAG:example_task_group_decorator
[2026-06-02T09:50:11.824+0000] {logging_mixin.py:188} INFO - [2026-06-02T09:50:11.824+0000] {override.py:1829} INFO - Created Permission View: can edit on DAG:example_task_group_decorator
[2026-06-02T09:50:11.833+0000] {logging_mixin.py:188} INFO - [2026-06-02T09:50:11.833+0000] {override.py:1829} INFO - Created Permission View: can read on DAG:example_task_group_decorator
[2026-06-02T09:50:11.834+0000] {logging_mixin.py:188} INFO - [2026-06-02T09:50:11.834+0000] {dag.py:3096} INFO - Sync 1 DAGs
[2026-06-02T09:50:11.845+0000] {logging_mixin.py:188} INFO - [2026-06-02T09:50:11.845+0000] {dag.py:3118} INFO - Creating ORM DAG for example_task_group_decorator
[2026-06-02T09:50:11.855+0000] {logging_mixin.py:188} INFO - [2026-06-02T09:50:11.855+0000] {dag.py:3954} INFO - Setting next_dagrun for example_task_group_decorator to 2026-06-01 00:00:00+00:00, run_after=2026-06-02 00:00:00+00:00
[2026-06-02T09:50:11.874+0000] {processor.py:183} INFO - Processing /home/airflow/.local/lib/python3.12/site-packages/airflow/example_dags/example_task_group_decorator.py took 0.195 seconds
[2026-06-02T09:50:42.007+0000] {processor.py:161} INFO - Started process (PID=198) to work on /home/airflow/.local/lib/python3.12/site-packages/airflow/example_dags/example_task_group_decorator.py
[2026-06-02T09:50:42.008+0000] {processor.py:830} INFO - Processing file /home/airflow/.local/lib/python3.12/site-packages/airflow/example_dags/example_task_group_decorator.py for tasks to queue
[2026-06-02T09:50:42.010+0000] {logging_mixin.py:188} INFO - [2026-06-02T09:50:42.010+0000] {dagbag.py:540} INFO - Filling up the DagBag from /home/airflow/.local/lib/python3.12/site-packages/airflow/example_dags/example_task_group_decorator.py
[2026-06-02T09:50:42.020+0000] {processor.py:840} INFO - DAG(s) 'example_task_group_decorator' retrieved from /home/airflow/.local/lib/python3.12/site-packages/airflow/example_dags/example_task_group_decorator.py
[2026-06-02T09:50:42.039+0000] {logging_mixin.py:188} INFO - [2026-06-02T09:50:42.039+0000] {dag.py:3096} INFO - Sync 1 DAGs
[2026-06-02T09:50:42.054+0000] {logging_mixin.py:188} INFO - [2026-06-02T09:50:42.054+0000] {dag.py:3954} INFO - Setting next_dagrun for example_task_group_decorator to 2026-06-01 00:00:00+00:00, run_after=2026-06-02 00:00:00+00:00
[2026-06-02T09:50:42.070+0000] {processor.py:183} INFO - Processing /home/airflow/.local/lib/python3.12/site-packages/airflow/example_dags/example_task_group_decorator.py took 0.067 seconds
[2026-06-02T09:51:12.378+0000] {processor.py:161} INFO - Started process (PID=258) to work on /home/airflow/.local/lib/python3.12/site-packages/airflow/example_dags/example_task_group_decorator.py
[2026-06-02T09:51:12.379+0000] {processor.py:830} INFO - Processing file /home/airflow/.local/lib/python3.12/site-packages/airflow/example_dags/example_task_group_decorator.py for tasks to queue
[2026-06-02T09:51:12.381+0000] {logging_mixin.py:188} INFO - [2026-06-02T09:51:12.381+0000] {dagbag.py:540} INFO - Filling up the DagBag from /home/airflow/.local/lib/python3.12/site-packages/airflow/example_dags/example_task_group_decorator.py
[2026-06-02T09:51:12.392+0000] {processor.py:840} INFO - DAG(s) 'example_task_group_decorator' retrieved from /home/airflow/.local/lib/python3.12/site-packages/airflow/example_dags/example_task_group_decorator.py
[2026-06-02T09:51:12.412+0000] {logging_mixin.py:188} INFO - [2026-06-02T09:51:12.411+0000] {dag.py:3096} INFO - Sync 1 DAGs
[2026-06-02T09:51:12.429+0000] {logging_mixin.py:188} INFO - [2026-06-02T09:51:12.429+0000] {dag.py:3954} INFO - Setting next_dagrun for example_task_group_decorator to 2026-06-01 00:00:00+00:00, run_after=2026-06-02 00:00:00+00:00
[2026-06-02T09:51:12.445+0000] {processor.py:183} INFO - Processing /home/airflow/.local/lib/python3.12/site-packages/airflow/example_dags/example_task_group_decorator.py took 0.072 seconds
[2026-06-02T09:51:42.531+0000] {processor.py:161} INFO - Started process (PID=318) to work on /home/airflow/.local/lib/python3.12/site-packages/airflow/example_dags/example_task_group_decorator.py
[2026-06-02T09:51:42.533+0000] {processor.py:830} INFO - Processing file /home/airflow/.local/lib/python3.12/site-packages/airflow/example_dags/example_task_group_decorator.py for tasks to queue
[2026-06-02T09:51:42.535+0000] {logging_mixin.py:188} INFO - [2026-06-02T09:51:42.535+0000] {dagbag.py:540} INFO - Filling up the DagBag from /home/airflow/.local/lib/python3.12/site-packages/airflow/example_dags/example_task_group_decorator.py
[2026-06-02T09:51:42.546+0000] {processor.py:840} INFO - DAG(s) 'example_task_group_decorator' retrieved from /home/airflow/.local/lib/python3.12/site-packages/airflow/example_dags/example_task_group_decorator.py
[2026-06-02T09:51:42.571+0000] {logging_mixin.py:188} INFO - [2026-06-02T09:51:42.571+0000] {dag.py:3096} INFO - Sync 1 DAGs
[2026-06-02T09:51:42.590+0000] {logging_mixin.py:188} INFO - [2026-06-02T09:51:42.589+0000] {dag.py:3954} INFO - Setting next_dagrun for example_task_group_decorator to 2026-06-01 00:00:00+00:00, run_after=2026-06-02 00:00:00+00:00
[2026-06-02T09:51:42.606+0000] {processor.py:183} INFO - Processing /home/airflow/.local/lib/python3.12/site-packages/airflow/example_dags/example_task_group_decorator.py took 0.080 seconds
[2026-06-02T09:52:13.541+0000] {processor.py:161} INFO - Started process (PID=378) to work on /home/airflow/.local/lib/python3.12/site-packages/airflow/example_dags/example_task_group_decorator.py
[2026-06-02T09:52:13.542+0000] {processor.py:830} INFO - Processing file /home/airflow/.local/lib/python3.12/site-packages/airflow/example_dags/example_task_group_decorator.py for tasks to queue
[2026-06-02T09:52:13.544+0000] {logging_mixin.py:188} INFO - [2026-06-02T09:52:13.544+0000] {dagbag.py:540} INFO - Filling up the DagBag from /home/airflow/.local/lib/python3.12/site-packages/airflow/example_dags/example_task_group_decorator.py
[2026-06-02T09:52:13.554+0000] {processor.py:840} INFO - DAG(s) 'example_task_group_decorator' retrieved from /home/airflow/.local/lib/python3.12/site-packages/airflow/example_dags/example_task_group_decorator.py
[2026-06-02T09:52:13.573+0000] {logging_mixin.py:188} INFO - [2026-06-02T09:52:13.572+0000] {dag.py:3096} INFO - Sync 1 DAGs
[2026-06-02T09:52:13.595+0000] {logging_mixin.py:188} INFO - [2026-06-02T09:52:13.595+0000] {dag.py:3954} INFO - Setting next_dagrun for example_task_group_decorator to 2026-06-01 00:00:00+00:00, run_after=2026-06-02 00:00:00+00:00
[2026-06-02T09:52:13.609+0000] {processor.py:183} INFO - Processing /home/airflow/.local/lib/python3.12/site-packages/airflow/example_dags/example_task_group_decorator.py took 0.073 seconds
[2026-06-02T09:52:43.650+0000] {processor.py:161} INFO - Started process (PID=439) to work on /home/airflow/.local/lib/python3.12/site-packages/airflow/example_dags/example_task_group_decorator.py
[2026-06-02T09:52:43.651+0000] {processor.py:830} INFO - Processing file /home/airflow/.local/lib/python3.12/site-packages/airflow/example_dags/example_task_group_decorator.py for tasks to queue
[2026-06-02T09:52:43.653+0000] {logging_mixin.py:188} INFO - [2026-06-02T09:52:43.653+0000] {dagbag.py:540} INFO - Filling up the DagBag from /home/airflow/.local/lib/python3.12/site-packages/airflow/example_dags/example_task_group_decorator.py
[2026-06-02T09:52:43.664+0000] {processor.py:840} INFO - DAG(s) 'example_task_group_decorator' retrieved from /home/airflow/.local/lib/python3.12/site-packages/airflow/example_dags/example_task_group_decorator.py
[2026-06-02T09:52:43.686+0000] {logging_mixin.py:188} INFO - [2026-06-02T09:52:43.686+0000] {dag.py:3096} INFO - Sync 1 DAGs
[2026-06-02T09:52:43.708+0000] {logging_mixin.py:188} INFO - [2026-06-02T09:52:43.708+0000] {dag.py:3954} INFO - Setting next_dagrun for example_task_group_decorator to 2026-06-01 00:00:00+00:00, run_after=2026-06-02 00:00:00+00:00
[2026-06-02T09:52:43.725+0000] {processor.py:183} INFO - Processing /home/airflow/.local/lib/python3.12/site-packages/airflow/example_dags/example_task_group_decorator.py took 0.080 seconds
[2026-06-02T09:53:14.553+0000] {processor.py:161} INFO - Started process (PID=499) to work on /home/airflow/.local/lib/python3.12/site-packages/airflow/example_dags/example_task_group_decorator.py
[2026-06-02T09:53:14.554+0000] {processor.py:830} INFO - Processing file /home/airflow/.local/lib/python3.12/site-packages/airflow/example_dags/example_task_group_decorator.py for tasks to queue
[2026-06-02T09:53:14.556+0000] {logging_mixin.py:188} INFO - [2026-06-02T09:53:14.556+0000] {dagbag.py:540} INFO - Filling up the DagBag from /home/airflow/.local/lib/python3.12/site-packages/airflow/example_dags/example_task_group_decorator.py
[2026-06-02T09:53:14.571+0000] {processor.py:840} INFO - DAG(s) 'example_task_group_decorator' retrieved from /home/airflow/.local/lib/python3.12/site-packages/airflow/example_dags/example_task_group_decorator.py
[2026-06-02T09:53:14.589+0000] {logging_mixin.py:188} INFO - [2026-06-02T09:53:14.589+0000] {dag.py:3096} INFO - Sync 1 DAGs
[2026-06-02T09:53:14.606+0000] {logging_mixin.py:188} INFO - [2026-06-02T09:53:14.606+0000] {dag.py:3954} INFO - Setting next_dagrun for example_task_group_decorator to 2026-06-01 00:00:00+00:00, run_after=2026-06-02 00:00:00+00:00
[2026-06-02T09:53:14.623+0000] {processor.py:183} INFO - Processing /home/airflow/.local/lib/python3.12/site-packages/airflow/example_dags/example_task_group_decorator.py took 0.074 seconds
[2026-06-02T09:53:45.461+0000] {processor.py:161} INFO - Started process (PID=559) to work on /home/airflow/.local/lib/python3.12/site-packages/airflow/example_dags/example_task_group_decorator.py
[2026-06-02T09:53:45.462+0000] {processor.py:830} INFO - Processing file /home/airflow/.local/lib/python3.12/site-packages/airflow/example_dags/example_task_group_decorator.py for tasks to queue
[2026-06-02T09:53:45.464+0000] {logging_mixin.py:188} INFO - [2026-06-02T09:53:45.464+0000] {dagbag.py:540} INFO - Filling up the DagBag from /home/airflow/.local/lib/python3.12/site-packages/airflow/example_dags/example_task_group_decorator.py
[2026-06-02T09:53:45.475+0000] {processor.py:840} INFO - DAG(s) 'example_task_group_decorator' retrieved from /home/airflow/.local/lib/python3.12/site-packages/airflow/example_dags/example_task_group_decorator.py
[2026-06-02T09:53:45.496+0000] {logging_mixin.py:188} INFO - [2026-06-02T09:53:45.496+0000] {dag.py:3096} INFO - Sync 1 DAGs
[2026-06-02T09:53:45.513+0000] {logging_mixin.py:188} INFO - [2026-06-02T09:53:45.512+0000] {dag.py:3954} INFO - Setting next_dagrun for example_task_group_decorator to 2026-06-01 00:00:00+00:00, run_after=2026-06-02 00:00:00+00:00
[2026-06-02T09:53:45.528+0000] {processor.py:183} INFO - Processing /home/airflow/.local/lib/python3.12/site-packages/airflow/example_dags/example_task_group_decorator.py took 0.072 seconds
[2026-06-02T09:54:16.082+0000] {processor.py:161} INFO - Started process (PID=623) to work on /home/airflow/.local/lib/python3.12/site-packages/airflow/example_dags/example_task_group_decorator.py
[2026-06-02T09:54:16.083+0000] {processor.py:830} INFO - Processing file /home/airflow/.local/lib/python3.12/site-packages/airflow/example_dags/example_task_group_decorator.py for tasks to queue
[2026-06-02T09:54:16.085+0000] {logging_mixin.py:188} INFO - [2026-06-02T09:54:16.085+0000] {dagbag.py:540} INFO - Filling up the DagBag from /home/airflow/.local/lib/python3.12/site-packages/airflow/example_dags/example_task_group_decorator.py
[2026-06-02T09:54:16.098+0000] {processor.py:840} INFO - DAG(s) 'example_task_group_decorator' retrieved from /home/airflow/.local/lib/python3.12/site-packages/airflow/example_dags/example_task_group_decorator.py
[2026-06-02T09:54:16.126+0000] {logging_mixin.py:188} INFO - [2026-06-02T09:54:16.126+0000] {dag.py:3096} INFO - Sync 1 DAGs
[2026-06-02T09:54:16.149+0000] {logging_mixin.py:188} INFO - [2026-06-02T09:54:16.149+0000] {dag.py:3954} INFO - Setting next_dagrun for example_task_group_decorator to 2026-06-01 00:00:00+00:00, run_after=2026-06-02 00:00:00+00:00
[2026-06-02T09:54:16.169+0000] {processor.py:183} INFO - Processing /home/airflow/.local/lib/python3.12/site-packages/airflow/example_dags/example_task_group_decorator.py took 0.093 seconds
[2026-06-02T09:54:46.522+0000] {processor.py:161} INFO - Started process (PID=683) to work on /home/airflow/.local/lib/python3.12/site-packages/airflow/example_dags/example_task_group_decorator.py
[2026-06-02T09:54:46.523+0000] {processor.py:830} INFO - Processing file /home/airflow/.local/lib/python3.12/site-packages/airflow/example_dags/example_task_group_decorator.py for tasks to queue
[2026-06-02T09:54:46.525+0000] {logging_mixin.py:188} INFO - [2026-06-02T09:54:46.525+0000] {dagbag.py:540} INFO - Filling up the DagBag from /home/airflow/.local/lib/python3.12/site-packages/airflow/example_dags/example_task_group_decorator.py
[2026-06-02T09:54:46.535+0000] {processor.py:840} INFO - DAG(s) 'example_task_group_decorator' retrieved from /home/airflow/.local/lib/python3.12/site-packages/airflow/example_dags/example_task_group_decorator.py
[2026-06-02T09:54:46.556+0000] {logging_mixin.py:188} INFO - [2026-06-02T09:54:46.556+0000] {dag.py:3096} INFO - Sync 1 DAGs
[2026-06-02T09:54:46.574+0000] {logging_mixin.py:188} INFO - [2026-06-02T09:54:46.574+0000] {dag.py:3954} INFO - Setting next_dagrun for example_task_group_decorator to 2026-06-01 00:00:00+00:00, run_after=2026-06-02 00:00:00+00:00
[2026-06-02T09:54:46.591+0000] {processor.py:183} INFO - Processing /home/airflow/.local/lib/python3.12/site-packages/airflow/example_dags/example_task_group_decorator.py took 0.074 seconds
[2026-06-02T09:55:17.369+0000] {processor.py:161} INFO - Started process (PID=743) to work on /home/airflow/.local/lib/python3.12/site-packages/airflow/example_dags/example_task_group_decorator.py
[2026-06-02T09:55:17.370+0000] {processor.py:830} INFO - Processing file /home/airflow/.local/lib/python3.12/site-packages/airflow/example_dags/example_task_group_decorator.py for tasks to queue
[2026-06-02T09:55:17.372+0000] {logging_mixin.py:188} INFO - [2026-06-02T09:55:17.371+0000] {dagbag.py:540} INFO - Filling up the DagBag from /home/airflow/.local/lib/python3.12/site-packages/airflow/example_dags/example_task_group_decorator.py
[2026-06-02T09:55:17.383+0000] {processor.py:840} INFO - DAG(s) 'example_task_group_decorator' retrieved from /home/airflow/.local/lib/python3.12/site-packages/airflow/example_dags/example_task_group_decorator.py
[2026-06-02T09:55:17.406+0000] {logging_mixin.py:188} INFO - [2026-06-02T09:55:17.406+0000] {dag.py:3096} INFO - Sync 1 DAGs
[2026-06-02T09:55:17.429+0000] {logging_mixin.py:188} INFO - [2026-06-02T09:55:17.429+0000] {dag.py:3954} INFO - Setting next_dagrun for example_task_group_decorator to 2026-06-01 00:00:00+00:00, run_after=2026-06-02 00:00:00+00:00
[2026-06-02T09:55:17.483+0000] {processor.py:183} INFO - Processing /home/airflow/.local/lib/python3.12/site-packages/airflow/example_dags/example_task_group_decorator.py took 0.120 seconds
[2026-06-02T09:57:49.520+0000] {processor.py:161} INFO - Started process (PID=136) to work on /home/airflow/.local/lib/python3.12/site-packages/airflow/example_dags/example_task_group_decorator.py
[2026-06-02T09:57:49.522+0000] {processor.py:830} INFO - Processing file /home/airflow/.local/lib/python3.12/site-packages/airflow/example_dags/example_task_group_decorator.py for tasks to queue
[2026-06-02T09:57:49.524+0000] {logging_mixin.py:188} INFO - [2026-06-02T09:57:49.524+0000] {dagbag.py:540} INFO - Filling up the DagBag from /home/airflow/.local/lib/python3.12/site-packages/airflow/example_dags/example_task_group_decorator.py
[2026-06-02T09:57:49.542+0000] {processor.py:840} INFO - DAG(s) 'example_task_group_decorator' retrieved from /home/airflow/.local/lib/python3.12/site-packages/airflow/example_dags/example_task_group_decorator.py
[2026-06-02T09:57:49.693+0000] {logging_mixin.py:188} INFO - [2026-06-02T09:57:49.693+0000] {override.py:1829} INFO - Created Permission View: can delete on DAG:example_task_group_decorator
[2026-06-02T09:57:49.706+0000] {logging_mixin.py:188} INFO - [2026-06-02T09:57:49.705+0000] {override.py:1829} INFO - Created Permission View: can edit on DAG:example_task_group_decorator
[2026-06-02T09:57:49.712+0000] {logging_mixin.py:188} INFO - [2026-06-02T09:57:49.712+0000] {override.py:1829} INFO - Created Permission View: can read on DAG:example_task_group_decorator
[2026-06-02T09:57:49.713+0000] {logging_mixin.py:188} INFO - [2026-06-02T09:57:49.713+0000] {dag.py:3096} INFO - Sync 1 DAGs
[2026-06-02T09:57:49.723+0000] {logging_mixin.py:188} INFO - [2026-06-02T09:57:49.723+0000] {dag.py:3118} INFO - Creating ORM DAG for example_task_group_decorator
[2026-06-02T09:57:49.737+0000] {logging_mixin.py:188} INFO - [2026-06-02T09:57:49.737+0000] {dag.py:3954} INFO - Setting next_dagrun for example_task_group_decorator to 2026-06-01 00:00:00+00:00, run_after=2026-06-02 00:00:00+00:00
[2026-06-02T09:57:49.758+0000] {processor.py:183} INFO - Processing /home/airflow/.local/lib/python3.12/site-packages/airflow/example_dags/example_task_group_decorator.py took 0.243 seconds
[2026-06-02T09:58:20.493+0000] {processor.py:161} INFO - Started process (PID=197) to work on /home/airflow/.local/lib/python3.12/site-packages/airflow/example_dags/example_task_group_decorator.py
[2026-06-02T09:58:20.494+0000] {processor.py:830} INFO - Processing file /home/airflow/.local/lib/python3.12/site-packages/airflow/example_dags/example_task_group_decorator.py for tasks to queue
[2026-06-02T09:58:20.496+0000] {logging_mixin.py:188} INFO - [2026-06-02T09:58:20.496+0000] {dagbag.py:540} INFO - Filling up the DagBag from /home/airflow/.local/lib/python3.12/site-packages/airflow/example_dags/example_task_group_decorator.py
[2026-06-02T09:58:20.508+0000] {processor.py:840} INFO - DAG(s) 'example_task_group_decorator' retrieved from /home/airflow/.local/lib/python3.12/site-packages/airflow/example_dags/example_task_group_decorator.py
[2026-06-02T09:58:20.528+0000] {logging_mixin.py:188} INFO - [2026-06-02T09:58:20.528+0000] {dag.py:3096} INFO - Sync 1 DAGs
[2026-06-02T09:58:20.545+0000] {logging_mixin.py:188} INFO - [2026-06-02T09:58:20.545+0000] {dag.py:3954} INFO - Setting next_dagrun for example_task_group_decorator to 2026-06-01 00:00:00+00:00, run_after=2026-06-02 00:00:00+00:00
[2026-06-02T09:58:20.558+0000] {processor.py:183} INFO - Processing /home/airflow/.local/lib/python3.12/site-packages/airflow/example_dags/example_task_group_decorator.py took 0.070 seconds
[2026-06-02T09:58:50.621+0000] {processor.py:161} INFO - Started process (PID=257) to work on /home/airflow/.local/lib/python3.12/site-packages/airflow/example_dags/example_task_group_decorator.py
[2026-06-02T09:58:50.622+0000] {processor.py:830} INFO - Processing file /home/airflow/.local/lib/python3.12/site-packages/airflow/example_dags/example_task_group_decorator.py for tasks to queue
[2026-06-02T09:58:50.624+0000] {logging_mixin.py:188} INFO - [2026-06-02T09:58:50.623+0000] {dagbag.py:540} INFO - Filling up the DagBag from /home/airflow/.local/lib/python3.12/site-packages/airflow/example_dags/example_task_group_decorator.py
[2026-06-02T09:58:50.635+0000] {processor.py:840} INFO - DAG(s) 'example_task_group_decorator' retrieved from /home/airflow/.local/lib/python3.12/site-packages/airflow/example_dags/example_task_group_decorator.py
[2026-06-02T09:58:50.656+0000] {logging_mixin.py:188} INFO - [2026-06-02T09:58:50.656+0000] {dag.py:3096} INFO - Sync 1 DAGs
[2026-06-02T09:58:50.675+0000] {logging_mixin.py:188} INFO - [2026-06-02T09:58:50.674+0000] {dag.py:3954} INFO - Setting next_dagrun for example_task_group_decorator to 2026-06-01 00:00:00+00:00, run_after=2026-06-02 00:00:00+00:00
[2026-06-02T09:58:50.691+0000] {processor.py:183} INFO - Processing /home/airflow/.local/lib/python3.12/site-packages/airflow/example_dags/example_task_group_decorator.py took 0.074 seconds
[2026-06-02T09:59:21.369+0000] {processor.py:161} INFO - Started process (PID=317) to work on /home/airflow/.local/lib/python3.12/site-packages/airflow/example_dags/example_task_group_decorator.py
[2026-06-02T09:59:21.370+0000] {processor.py:830} INFO - Processing file /home/airflow/.local/lib/python3.12/site-packages/airflow/example_dags/example_task_group_decorator.py for tasks to queue
[2026-06-02T09:59:21.372+0000] {logging_mixin.py:188} INFO - [2026-06-02T09:59:21.372+0000] {dagbag.py:540} INFO - Filling up the DagBag from /home/airflow/.local/lib/python3.12/site-packages/airflow/example_dags/example_task_group_decorator.py
[2026-06-02T09:59:21.383+0000] {processor.py:840} INFO - DAG(s) 'example_task_group_decorator' retrieved from /home/airflow/.local/lib/python3.12/site-packages/airflow/example_dags/example_task_group_decorator.py
[2026-06-02T09:59:21.403+0000] {logging_mixin.py:188} INFO - [2026-06-02T09:59:21.403+0000] {dag.py:3096} INFO - Sync 1 DAGs
[2026-06-02T09:59:21.421+0000] {logging_mixin.py:188} INFO - [2026-06-02T09:59:21.421+0000] {dag.py:3954} INFO - Setting next_dagrun for example_task_group_decorator to 2026-06-01 00:00:00+00:00, run_after=2026-06-02 00:00:00+00:00
[2026-06-02T09:59:21.436+0000] {processor.py:183} INFO - Processing /home/airflow/.local/lib/python3.12/site-packages/airflow/example_dags/example_task_group_decorator.py took 0.072 seconds
[2026-06-02T09:59:51.545+0000] {processor.py:161} INFO - Started process (PID=377) to work on /home/airflow/.local/lib/python3.12/site-packages/airflow/example_dags/example_task_group_decorator.py
[2026-06-02T09:59:51.546+0000] {processor.py:830} INFO - Processing file /home/airflow/.local/lib/python3.12/site-packages/airflow/example_dags/example_task_group_decorator.py for tasks to queue
[2026-06-02T09:59:51.548+0000] {logging_mixin.py:188} INFO - [2026-06-02T09:59:51.548+0000] {dagbag.py:540} INFO - Filling up the DagBag from /home/airflow/.local/lib/python3.12/site-packages/airflow/example_dags/example_task_group_decorator.py
[2026-06-02T09:59:51.559+0000] {processor.py:840} INFO - DAG(s) 'example_task_group_decorator' retrieved from /home/airflow/.local/lib/python3.12/site-packages/airflow/example_dags/example_task_group_decorator.py
[2026-06-02T09:59:51.581+0000] {logging_mixin.py:188} INFO - [2026-06-02T09:59:51.581+0000] {dag.py:3096} INFO - Sync 1 DAGs
[2026-06-02T09:59:51.608+0000] {logging_mixin.py:188} INFO - [2026-06-02T09:59:51.608+0000] {dag.py:3954} INFO - Setting next_dagrun for example_task_group_decorator to 2026-06-01 00:00:00+00:00, run_after=2026-06-02 00:00:00+00:00
[2026-06-02T09:59:51.631+0000] {processor.py:183} INFO - Processing /home/airflow/.local/lib/python3.12/site-packages/airflow/example_dags/example_task_group_decorator.py took 0.091 seconds
[2026-06-02T10:00:21.808+0000] {processor.py:161} INFO - Started process (PID=437) to work on /home/airflow/.local/lib/python3.12/site-packages/airflow/example_dags/example_task_group_decorator.py
[2026-06-02T10:00:21.809+0000] {processor.py:830} INFO - Processing file /home/airflow/.local/lib/python3.12/site-packages/airflow/example_dags/example_task_group_decorator.py for tasks to queue
[2026-06-02T10:00:21.811+0000] {logging_mixin.py:188} INFO - [2026-06-02T10:00:21.811+0000] {dagbag.py:540} INFO - Filling up the DagBag from /home/airflow/.local/lib/python3.12/site-packages/airflow/example_dags/example_task_group_decorator.py
[2026-06-02T10:00:21.823+0000] {processor.py:840} INFO - DAG(s) 'example_task_group_decorator' retrieved from /home/airflow/.local/lib/python3.12/site-packages/airflow/example_dags/example_task_group_decorator.py
[2026-06-02T10:00:21.842+0000] {logging_mixin.py:188} INFO - [2026-06-02T10:00:21.842+0000] {dag.py:3096} INFO - Sync 1 DAGs
[2026-06-02T10:00:21.860+0000] {logging_mixin.py:188} INFO - [2026-06-02T10:00:21.860+0000] {dag.py:3954} INFO - Setting next_dagrun for example_task_group_decorator to 2026-06-01 00:00:00+00:00, run_after=2026-06-02 00:00:00+00:00
[2026-06-02T10:00:21.877+0000] {processor.py:183} INFO - Processing /home/airflow/.local/lib/python3.12/site-packages/airflow/example_dags/example_task_group_decorator.py took 0.074 seconds
[2026-06-02T10:00:52.171+0000] {processor.py:161} INFO - Started process (PID=497) to work on /home/airflow/.local/lib/python3.12/site-packages/airflow/example_dags/example_task_group_decorator.py
[2026-06-02T10:00:52.173+0000] {processor.py:830} INFO - Processing file /home/airflow/.local/lib/python3.12/site-packages/airflow/example_dags/example_task_group_decorator.py for tasks to queue
[2026-06-02T10:00:52.175+0000] {logging_mixin.py:188} INFO - [2026-06-02T10:00:52.175+0000] {dagbag.py:540} INFO - Filling up the DagBag from /home/airflow/.local/lib/python3.12/site-packages/airflow/example_dags/example_task_group_decorator.py
[2026-06-02T10:00:52.186+0000] {processor.py:840} INFO - DAG(s) 'example_task_group_decorator' retrieved from /home/airflow/.local/lib/python3.12/site-packages/airflow/example_dags/example_task_group_decorator.py
[2026-06-02T10:00:52.207+0000] {logging_mixin.py:188} INFO - [2026-06-02T10:00:52.207+0000] {dag.py:3096} INFO - Sync 1 DAGs
[2026-06-02T10:00:52.226+0000] {logging_mixin.py:188} INFO - [2026-06-02T10:00:52.226+0000] {dag.py:3954} INFO - Setting next_dagrun for example_task_group_decorator to 2026-06-01 00:00:00+00:00, run_after=2026-06-02 00:00:00+00:00
[2026-06-02T10:00:52.246+0000] {processor.py:183} INFO - Processing /home/airflow/.local/lib/python3.12/site-packages/airflow/example_dags/example_task_group_decorator.py took 0.079 seconds
[2026-06-02T10:01:22.523+0000] {processor.py:161} INFO - Started process (PID=557) to work on /home/airflow/.local/lib/python3.12/site-packages/airflow/example_dags/example_task_group_decorator.py
[2026-06-02T10:01:22.524+0000] {processor.py:830} INFO - Processing file /home/airflow/.local/lib/python3.12/site-packages/airflow/example_dags/example_task_group_decorator.py for tasks to queue
[2026-06-02T10:01:22.526+0000] {logging_mixin.py:188} INFO - [2026-06-02T10:01:22.526+0000] {dagbag.py:540} INFO - Filling up the DagBag from /home/airflow/.local/lib/python3.12/site-packages/airflow/example_dags/example_task_group_decorator.py
[2026-06-02T10:01:22.538+0000] {processor.py:840} INFO - DAG(s) 'example_task_group_decorator' retrieved from /home/airflow/.local/lib/python3.12/site-packages/airflow/example_dags/example_task_group_decorator.py
[2026-06-02T10:01:22.561+0000] {logging_mixin.py:188} INFO - [2026-06-02T10:01:22.561+0000] {dag.py:3096} INFO - Sync 1 DAGs
[2026-06-02T10:01:22.582+0000] {logging_mixin.py:188} INFO - [2026-06-02T10:01:22.582+0000] {dag.py:3954} INFO - Setting next_dagrun for example_task_group_decorator to 2026-06-01 00:00:00+00:00, run_after=2026-06-02 00:00:00+00:00
[2026-06-02T10:01:22.606+0000] {processor.py:183} INFO - Processing /home/airflow/.local/lib/python3.12/site-packages/airflow/example_dags/example_task_group_decorator.py took 0.091 seconds
[2026-06-02T10:01:52.893+0000] {processor.py:161} INFO - Started process (PID=617) to work on /home/airflow/.local/lib/python3.12/site-packages/airflow/example_dags/example_task_group_decorator.py
[2026-06-02T10:01:52.894+0000] {processor.py:830} INFO - Processing file /home/airflow/.local/lib/python3.12/site-packages/airflow/example_dags/example_task_group_decorator.py for tasks to queue
[2026-06-02T10:01:52.896+0000] {logging_mixin.py:188} INFO - [2026-06-02T10:01:52.896+0000] {dagbag.py:540} INFO - Filling up the DagBag from /home/airflow/.local/lib/python3.12/site-packages/airflow/example_dags/example_task_group_decorator.py
[2026-06-02T10:01:52.908+0000] {processor.py:840} INFO - DAG(s) 'example_task_group_decorator' retrieved from /home/airflow/.local/lib/python3.12/site-packages/airflow/example_dags/example_task_group_decorator.py
[2026-06-02T10:01:52.931+0000] {logging_mixin.py:188} INFO - [2026-06-02T10:01:52.930+0000] {dag.py:3096} INFO - Sync 1 DAGs
[2026-06-02T10:01:52.947+0000] {logging_mixin.py:188} INFO - [2026-06-02T10:01:52.947+0000] {dag.py:3954} INFO - Setting next_dagrun for example_task_group_decorator to 2026-06-01 00:00:00+00:00, run_after=2026-06-02 00:00:00+00:00
[2026-06-02T10:01:52.961+0000] {processor.py:183} INFO - Processing /home/airflow/.local/lib/python3.12/site-packages/airflow/example_dags/example_task_group_decorator.py took 0.073 seconds
[2026-06-02T10:02:23.420+0000] {processor.py:161} INFO - Started process (PID=677) to work on /home/airflow/.local/lib/python3.12/site-packages/airflow/example_dags/example_task_group_decorator.py
[2026-06-02T10:02:23.421+0000] {processor.py:830} INFO - Processing file /home/airflow/.local/lib/python3.12/site-packages/airflow/example_dags/example_task_group_decorator.py for tasks to queue
[2026-06-02T10:02:23.424+0000] {logging_mixin.py:188} INFO - [2026-06-02T10:02:23.423+0000] {dagbag.py:540} INFO - Filling up the DagBag from /home/airflow/.local/lib/python3.12/site-packages/airflow/example_dags/example_task_group_decorator.py
[2026-06-02T10:02:23.436+0000] {processor.py:840} INFO - DAG(s) 'example_task_group_decorator' retrieved from /home/airflow/.local/lib/python3.12/site-packages/airflow/example_dags/example_task_group_decorator.py
[2026-06-02T10:02:23.459+0000] {logging_mixin.py:188} INFO - [2026-06-02T10:02:23.459+0000] {dag.py:3096} INFO - Sync 1 DAGs
[2026-06-02T10:02:23.479+0000] {logging_mixin.py:188} INFO - [2026-06-02T10:02:23.478+0000] {dag.py:3954} INFO - Setting next_dagrun for example_task_group_decorator to 2026-06-01 00:00:00+00:00, run_after=2026-06-02 00:00:00+00:00
[2026-06-02T10:02:23.499+0000] {processor.py:183} INFO - Processing /home/airflow/.local/lib/python3.12/site-packages/airflow/example_dags/example_task_group_decorator.py took 0.085 seconds
[2026-06-02T10:04:11.061+0000] {processor.py:161} INFO - Started process (PID=177) to work on /home/airflow/.local/lib/python3.12/site-packages/airflow/example_dags/example_task_group_decorator.py
[2026-06-02T10:04:11.062+0000] {processor.py:830} INFO - Processing file /home/airflow/.local/lib/python3.12/site-packages/airflow/example_dags/example_task_group_decorator.py for tasks to queue
[2026-06-02T10:04:11.064+0000] {logging_mixin.py:188} INFO - [2026-06-02T10:04:11.063+0000] {dagbag.py:540} INFO - Filling up the DagBag from /home/airflow/.local/lib/python3.12/site-packages/airflow/example_dags/example_task_group_decorator.py
[2026-06-02T10:04:11.078+0000] {processor.py:840} INFO - DAG(s) 'example_task_group_decorator' retrieved from /home/airflow/.local/lib/python3.12/site-packages/airflow/example_dags/example_task_group_decorator.py
[2026-06-02T10:04:11.187+0000] {logging_mixin.py:188} INFO - [2026-06-02T10:04:11.186+0000] {override.py:1829} INFO - Created Permission View: can delete on DAG:example_task_group_decorator
[2026-06-02T10:04:11.200+0000] {logging_mixin.py:188} INFO - [2026-06-02T10:04:11.200+0000] {override.py:1829} INFO - Created Permission View: can read on DAG:example_task_group_decorator
[2026-06-02T10:04:11.210+0000] {logging_mixin.py:188} INFO - [2026-06-02T10:04:11.210+0000] {override.py:1829} INFO - Created Permission View: can edit on DAG:example_task_group_decorator
[2026-06-02T10:04:11.211+0000] {logging_mixin.py:188} INFO - [2026-06-02T10:04:11.210+0000] {dag.py:3096} INFO - Sync 1 DAGs
[2026-06-02T10:04:11.221+0000] {logging_mixin.py:188} INFO - [2026-06-02T10:04:11.221+0000] {dag.py:3118} INFO - Creating ORM DAG for example_task_group_decorator
[2026-06-02T10:04:11.234+0000] {logging_mixin.py:188} INFO - [2026-06-02T10:04:11.234+0000] {dag.py:3954} INFO - Setting next_dagrun for example_task_group_decorator to 2026-06-01 00:00:00+00:00, run_after=2026-06-02 00:00:00+00:00
[2026-06-02T10:04:11.255+0000] {processor.py:183} INFO - Processing /home/airflow/.local/lib/python3.12/site-packages/airflow/example_dags/example_task_group_decorator.py took 0.200 seconds
[2026-06-02T10:04:41.490+0000] {processor.py:161} INFO - Started process (PID=239) to work on /home/airflow/.local/lib/python3.12/site-packages/airflow/example_dags/example_task_group_decorator.py
[2026-06-02T10:04:41.492+0000] {processor.py:830} INFO - Processing file /home/airflow/.local/lib/python3.12/site-packages/airflow/example_dags/example_task_group_decorator.py for tasks to queue
[2026-06-02T10:04:41.495+0000] {logging_mixin.py:188} INFO - [2026-06-02T10:04:41.494+0000] {dagbag.py:540} INFO - Filling up the DagBag from /home/airflow/.local/lib/python3.12/site-packages/airflow/example_dags/example_task_group_decorator.py
[2026-06-02T10:04:41.522+0000] {processor.py:840} INFO - DAG(s) 'example_task_group_decorator' retrieved from /home/airflow/.local/lib/python3.12/site-packages/airflow/example_dags/example_task_group_decorator.py
[2026-06-02T10:04:41.552+0000] {logging_mixin.py:188} INFO - [2026-06-02T10:04:41.552+0000] {dag.py:3096} INFO - Sync 1 DAGs
[2026-06-02T10:04:41.576+0000] {logging_mixin.py:188} INFO - [2026-06-02T10:04:41.576+0000] {dag.py:3954} INFO - Setting next_dagrun for example_task_group_decorator to 2026-06-01 00:00:00+00:00, run_after=2026-06-02 00:00:00+00:00
[2026-06-02T10:04:41.598+0000] {processor.py:183} INFO - Processing /home/airflow/.local/lib/python3.12/site-packages/airflow/example_dags/example_task_group_decorator.py took 0.115 seconds
[2026-06-02T10:05:12.017+0000] {processor.py:161} INFO - Started process (PID=301) to work on /home/airflow/.local/lib/python3.12/site-packages/airflow/example_dags/example_task_group_decorator.py
[2026-06-02T10:05:12.018+0000] {processor.py:830} INFO - Processing file /home/airflow/.local/lib/python3.12/site-packages/airflow/example_dags/example_task_group_decorator.py for tasks to queue
[2026-06-02T10:05:12.020+0000] {logging_mixin.py:188} INFO - [2026-06-02T10:05:12.020+0000] {dagbag.py:540} INFO - Filling up the DagBag from /home/airflow/.local/lib/python3.12/site-packages/airflow/example_dags/example_task_group_decorator.py
[2026-06-02T10:05:12.038+0000] {processor.py:840} INFO - DAG(s) 'example_task_group_decorator' retrieved from /home/airflow/.local/lib/python3.12/site-packages/airflow/example_dags/example_task_group_decorator.py
[2026-06-02T10:05:12.070+0000] {logging_mixin.py:188} INFO - [2026-06-02T10:05:12.070+0000] {dag.py:3096} INFO - Sync 1 DAGs
[2026-06-02T10:05:12.090+0000] {logging_mixin.py:188} INFO - [2026-06-02T10:05:12.090+0000] {dag.py:3954} INFO - Setting next_dagrun for example_task_group_decorator to 2026-06-01 00:00:00+00:00, run_after=2026-06-02 00:00:00+00:00
[2026-06-02T10:05:12.115+0000] {processor.py:183} INFO - Processing /home/airflow/.local/lib/python3.12/site-packages/airflow/example_dags/example_task_group_decorator.py took 0.104 seconds
[2026-06-02T10:05:42.385+0000] {processor.py:161} INFO - Started process (PID=379) to work on /home/airflow/.local/lib/python3.12/site-packages/airflow/example_dags/example_task_group_decorator.py
[2026-06-02T10:05:42.387+0000] {processor.py:830} INFO - Processing file /home/airflow/.local/lib/python3.12/site-packages/airflow/example_dags/example_task_group_decorator.py for tasks to queue
[2026-06-02T10:05:42.389+0000] {logging_mixin.py:188} INFO - [2026-06-02T10:05:42.389+0000] {dagbag.py:540} INFO - Filling up the DagBag from /home/airflow/.local/lib/python3.12/site-packages/airflow/example_dags/example_task_group_decorator.py
[2026-06-02T10:05:42.403+0000] {processor.py:840} INFO - DAG(s) 'example_task_group_decorator' retrieved from /home/airflow/.local/lib/python3.12/site-packages/airflow/example_dags/example_task_group_decorator.py
[2026-06-02T10:05:42.425+0000] {logging_mixin.py:188} INFO - [2026-06-02T10:05:42.424+0000] {dag.py:3096} INFO - Sync 1 DAGs
[2026-06-02T10:05:42.444+0000] {logging_mixin.py:188} INFO - [2026-06-02T10:05:42.444+0000] {dag.py:3954} INFO - Setting next_dagrun for example_task_group_decorator to 2026-06-01 00:00:00+00:00, run_after=2026-06-02 00:00:00+00:00
[2026-06-02T10:05:42.461+0000] {processor.py:183} INFO - Processing /home/airflow/.local/lib/python3.12/site-packages/airflow/example_dags/example_task_group_decorator.py took 0.083 seconds
[2026-06-02T10:06:12.765+0000] {processor.py:161} INFO - Started process (PID=441) to work on /home/airflow/.local/lib/python3.12/site-packages/airflow/example_dags/example_task_group_decorator.py
[2026-06-02T10:06:12.766+0000] {processor.py:830} INFO - Processing file /home/airflow/.local/lib/python3.12/site-packages/airflow/example_dags/example_task_group_decorator.py for tasks to queue
[2026-06-02T10:06:12.768+0000] {logging_mixin.py:188} INFO - [2026-06-02T10:06:12.768+0000] {dagbag.py:540} INFO - Filling up the DagBag from /home/airflow/.local/lib/python3.12/site-packages/airflow/example_dags/example_task_group_decorator.py
[2026-06-02T10:06:12.782+0000] {processor.py:840} INFO - DAG(s) 'example_task_group_decorator' retrieved from /home/airflow/.local/lib/python3.12/site-packages/airflow/example_dags/example_task_group_decorator.py
[2026-06-02T10:06:12.806+0000] {logging_mixin.py:188} INFO - [2026-06-02T10:06:12.805+0000] {dag.py:3096} INFO - Sync 1 DAGs
[2026-06-02T10:06:12.829+0000] {logging_mixin.py:188} INFO - [2026-06-02T10:06:12.829+0000] {dag.py:3954} INFO - Setting next_dagrun for example_task_group_decorator to 2026-06-01 00:00:00+00:00, run_after=2026-06-02 00:00:00+00:00
[2026-06-02T10:06:12.846+0000] {processor.py:183} INFO - Processing /home/airflow/.local/lib/python3.12/site-packages/airflow/example_dags/example_task_group_decorator.py took 0.086 seconds
[2026-06-02T10:06:42.988+0000] {processor.py:161} INFO - Started process (PID=503) to work on /home/airflow/.local/lib/python3.12/site-packages/airflow/example_dags/example_task_group_decorator.py
[2026-06-02T10:06:42.990+0000] {processor.py:830} INFO - Processing file /home/airflow/.local/lib/python3.12/site-packages/airflow/example_dags/example_task_group_decorator.py for tasks to queue
[2026-06-02T10:06:42.992+0000] {logging_mixin.py:188} INFO - [2026-06-02T10:06:42.991+0000] {dagbag.py:540} INFO - Filling up the DagBag from /home/airflow/.local/lib/python3.12/site-packages/airflow/example_dags/example_task_group_decorator.py
[2026-06-02T10:06:43.003+0000] {processor.py:840} INFO - DAG(s) 'example_task_group_decorator' retrieved from /home/airflow/.local/lib/python3.12/site-packages/airflow/example_dags/example_task_group_decorator.py
[2026-06-02T10:06:43.027+0000] {logging_mixin.py:188} INFO - [2026-06-02T10:06:43.026+0000] {dag.py:3096} INFO - Sync 1 DAGs
[2026-06-02T10:06:43.046+0000] {logging_mixin.py:188} INFO - [2026-06-02T10:06:43.046+0000] {dag.py:3954} INFO - Setting next_dagrun for example_task_group_decorator to 2026-06-01 00:00:00+00:00, run_after=2026-06-02 00:00:00+00:00
[2026-06-02T10:06:43.066+0000] {processor.py:183} INFO - Processing /home/airflow/.local/lib/python3.12/site-packages/airflow/example_dags/example_task_group_decorator.py took 0.083 seconds
[2026-06-02T10:07:13.414+0000] {processor.py:161} INFO - Started process (PID=565) to work on /home/airflow/.local/lib/python3.12/site-packages/airflow/example_dags/example_task_group_decorator.py
[2026-06-02T10:07:13.415+0000] {processor.py:830} INFO - Processing file /home/airflow/.local/lib/python3.12/site-packages/airflow/example_dags/example_task_group_decorator.py for tasks to queue
[2026-06-02T10:07:13.417+0000] {logging_mixin.py:188} INFO - [2026-06-02T10:07:13.417+0000] {dagbag.py:540} INFO - Filling up the DagBag from /home/airflow/.local/lib/python3.12/site-packages/airflow/example_dags/example_task_group_decorator.py
[2026-06-02T10:07:13.428+0000] {processor.py:840} INFO - DAG(s) 'example_task_group_decorator' retrieved from /home/airflow/.local/lib/python3.12/site-packages/airflow/example_dags/example_task_group_decorator.py
[2026-06-02T10:07:13.449+0000] {logging_mixin.py:188} INFO - [2026-06-02T10:07:13.449+0000] {dag.py:3096} INFO - Sync 1 DAGs
[2026-06-02T10:07:13.468+0000] {logging_mixin.py:188} INFO - [2026-06-02T10:07:13.468+0000] {dag.py:3954} INFO - Setting next_dagrun for example_task_group_decorator to 2026-06-01 00:00:00+00:00, run_after=2026-06-02 00:00:00+00:00
[2026-06-02T10:07:13.487+0000] {processor.py:183} INFO - Processing /home/airflow/.local/lib/python3.12/site-packages/airflow/example_dags/example_task_group_decorator.py took 0.078 seconds
[2026-06-02T10:07:43.813+0000] {processor.py:161} INFO - Started process (PID=627) to work on /home/airflow/.local/lib/python3.12/site-packages/airflow/example_dags/example_task_group_decorator.py
[2026-06-02T10:07:43.815+0000] {processor.py:830} INFO - Processing file /home/airflow/.local/lib/python3.12/site-packages/airflow/example_dags/example_task_group_decorator.py for tasks to queue
[2026-06-02T10:07:43.818+0000] {logging_mixin.py:188} INFO - [2026-06-02T10:07:43.817+0000] {dagbag.py:540} INFO - Filling up the DagBag from /home/airflow/.local/lib/python3.12/site-packages/airflow/example_dags/example_task_group_decorator.py
[2026-06-02T10:07:43.835+0000] {processor.py:840} INFO - DAG(s) 'example_task_group_decorator' retrieved from /home/airflow/.local/lib/python3.12/site-packages/airflow/example_dags/example_task_group_decorator.py
[2026-06-02T10:07:43.866+0000] {logging_mixin.py:188} INFO - [2026-06-02T10:07:43.865+0000] {dag.py:3096} INFO - Sync 1 DAGs
[2026-06-02T10:07:43.891+0000] {logging_mixin.py:188} INFO - [2026-06-02T10:07:43.891+0000] {dag.py:3954} INFO - Setting next_dagrun for example_task_group_decorator to 2026-06-01 00:00:00+00:00, run_after=2026-06-02 00:00:00+00:00
[2026-06-02T10:07:43.914+0000] {processor.py:183} INFO - Processing /home/airflow/.local/lib/python3.12/site-packages/airflow/example_dags/example_task_group_decorator.py took 0.107 seconds
[2026-06-02T10:08:14.847+0000] {processor.py:161} INFO - Started process (PID=689) to work on /home/airflow/.local/lib/python3.12/site-packages/airflow/example_dags/example_task_group_decorator.py
[2026-06-02T10:08:14.850+0000] {processor.py:830} INFO - Processing file /home/airflow/.local/lib/python3.12/site-packages/airflow/example_dags/example_task_group_decorator.py for tasks to queue
[2026-06-02T10:08:14.855+0000] {logging_mixin.py:188} INFO - [2026-06-02T10:08:14.854+0000] {dagbag.py:540} INFO - Filling up the DagBag from /home/airflow/.local/lib/python3.12/site-packages/airflow/example_dags/example_task_group_decorator.py
[2026-06-02T10:08:14.896+0000] {processor.py:840} INFO - DAG(s) 'example_task_group_decorator' retrieved from /home/airflow/.local/lib/python3.12/site-packages/airflow/example_dags/example_task_group_decorator.py
[2026-06-02T10:08:14.941+0000] {logging_mixin.py:188} INFO - [2026-06-02T10:08:14.941+0000] {dag.py:3096} INFO - Sync 1 DAGs
[2026-06-02T10:08:14.974+0000] {logging_mixin.py:188} INFO - [2026-06-02T10:08:14.974+0000] {dag.py:3954} INFO - Setting next_dagrun for example_task_group_decorator to 2026-06-01 00:00:00+00:00, run_after=2026-06-02 00:00:00+00:00
[2026-06-02T10:08:15.006+0000] {processor.py:183} INFO - Processing /home/airflow/.local/lib/python3.12/site-packages/airflow/example_dags/example_task_group_decorator.py took 0.168 seconds
[2026-06-02T10:08:45.272+0000] {processor.py:161} INFO - Started process (PID=751) to work on /home/airflow/.local/lib/python3.12/site-packages/airflow/example_dags/example_task_group_decorator.py
[2026-06-02T10:08:45.274+0000] {processor.py:830} INFO - Processing file /home/airflow/.local/lib/python3.12/site-packages/airflow/example_dags/example_task_group_decorator.py for tasks to queue
[2026-06-02T10:08:45.276+0000] {logging_mixin.py:188} INFO - [2026-06-02T10:08:45.275+0000] {dagbag.py:540} INFO - Filling up the DagBag from /home/airflow/.local/lib/python3.12/site-packages/airflow/example_dags/example_task_group_decorator.py
[2026-06-02T10:08:45.289+0000] {processor.py:840} INFO - DAG(s) 'example_task_group_decorator' retrieved from /home/airflow/.local/lib/python3.12/site-packages/airflow/example_dags/example_task_group_decorator.py
[2026-06-02T10:08:45.310+0000] {logging_mixin.py:188} INFO - [2026-06-02T10:08:45.310+0000] {dag.py:3096} INFO - Sync 1 DAGs
[2026-06-02T10:08:45.331+0000] {logging_mixin.py:188} INFO - [2026-06-02T10:08:45.330+0000] {dag.py:3954} INFO - Setting next_dagrun for example_task_group_decorator to 2026-06-01 00:00:00+00:00, run_after=2026-06-02 00:00:00+00:00
[2026-06-02T10:08:45.350+0000] {processor.py:183} INFO - Processing /home/airflow/.local/lib/python3.12/site-packages/airflow/example_dags/example_task_group_decorator.py took 0.083 seconds
[2026-06-02T10:09:15.924+0000] {processor.py:161} INFO - Started process (PID=813) to work on /home/airflow/.local/lib/python3.12/site-packages/airflow/example_dags/example_task_group_decorator.py
[2026-06-02T10:09:15.925+0000] {processor.py:830} INFO - Processing file /home/airflow/.local/lib/python3.12/site-packages/airflow/example_dags/example_task_group_decorator.py for tasks to queue
[2026-06-02T10:09:15.927+0000] {logging_mixin.py:188} INFO - [2026-06-02T10:09:15.927+0000] {dagbag.py:540} INFO - Filling up the DagBag from /home/airflow/.local/lib/python3.12/site-packages/airflow/example_dags/example_task_group_decorator.py
[2026-06-02T10:09:15.940+0000] {processor.py:840} INFO - DAG(s) 'example_task_group_decorator' retrieved from /home/airflow/.local/lib/python3.12/site-packages/airflow/example_dags/example_task_group_decorator.py
[2026-06-02T10:09:15.963+0000] {logging_mixin.py:188} INFO - [2026-06-02T10:09:15.962+0000] {dag.py:3096} INFO - Sync 1 DAGs
[2026-06-02T10:09:15.982+0000] {logging_mixin.py:188} INFO - [2026-06-02T10:09:15.982+0000] {dag.py:3954} INFO - Setting next_dagrun for example_task_group_decorator to 2026-06-01 00:00:00+00:00, run_after=2026-06-02 00:00:00+00:00
[2026-06-02T10:09:15.999+0000] {processor.py:183} INFO - Processing /home/airflow/.local/lib/python3.12/site-packages/airflow/example_dags/example_task_group_decorator.py took 0.081 seconds
[2026-06-02T10:09:46.697+0000] {processor.py:161} INFO - Started process (PID=881) to work on /home/airflow/.local/lib/python3.12/site-packages/airflow/example_dags/example_task_group_decorator.py
[2026-06-02T10:09:46.698+0000] {processor.py:830} INFO - Processing file /home/airflow/.local/lib/python3.12/site-packages/airflow/example_dags/example_task_group_decorator.py for tasks to queue
[2026-06-02T10:09:46.701+0000] {logging_mixin.py:188} INFO - [2026-06-02T10:09:46.701+0000] {dagbag.py:540} INFO - Filling up the DagBag from /home/airflow/.local/lib/python3.12/site-packages/airflow/example_dags/example_task_group_decorator.py
[2026-06-02T10:09:46.714+0000] {processor.py:840} INFO - DAG(s) 'example_task_group_decorator' retrieved from /home/airflow/.local/lib/python3.12/site-packages/airflow/example_dags/example_task_group_decorator.py
[2026-06-02T10:09:46.739+0000] {logging_mixin.py:188} INFO - [2026-06-02T10:09:46.739+0000] {dag.py:3096} INFO - Sync 1 DAGs
[2026-06-02T10:09:46.766+0000] {logging_mixin.py:188} INFO - [2026-06-02T10:09:46.766+0000] {dag.py:3954} INFO - Setting next_dagrun for example_task_group_decorator to 2026-06-01 00:00:00+00:00, run_after=2026-06-02 00:00:00+00:00
[2026-06-02T10:09:46.786+0000] {processor.py:183} INFO - Processing /home/airflow/.local/lib/python3.12/site-packages/airflow/example_dags/example_task_group_decorator.py took 0.094 seconds
[2026-06-02T10:10:17.014+0000] {processor.py:161} INFO - Started process (PID=943) to work on /home/airflow/.local/lib/python3.12/site-packages/airflow/example_dags/example_task_group_decorator.py
[2026-06-02T10:10:17.015+0000] {processor.py:830} INFO - Processing file /home/airflow/.local/lib/python3.12/site-packages/airflow/example_dags/example_task_group_decorator.py for tasks to queue
[2026-06-02T10:10:17.018+0000] {logging_mixin.py:188} INFO - [2026-06-02T10:10:17.017+0000] {dagbag.py:540} INFO - Filling up the DagBag from /home/airflow/.local/lib/python3.12/site-packages/airflow/example_dags/example_task_group_decorator.py
[2026-06-02T10:10:17.031+0000] {processor.py:840} INFO - DAG(s) 'example_task_group_decorator' retrieved from /home/airflow/.local/lib/python3.12/site-packages/airflow/example_dags/example_task_group_decorator.py
[2026-06-02T10:10:17.056+0000] {logging_mixin.py:188} INFO - [2026-06-02T10:10:17.055+0000] {dag.py:3096} INFO - Sync 1 DAGs
[2026-06-02T10:10:17.078+0000] {logging_mixin.py:188} INFO - [2026-06-02T10:10:17.078+0000] {dag.py:3954} INFO - Setting next_dagrun for example_task_group_decorator to 2026-06-01 00:00:00+00:00, run_after=2026-06-02 00:00:00+00:00
[2026-06-02T10:10:17.097+0000] {processor.py:183} INFO - Processing /home/airflow/.local/lib/python3.12/site-packages/airflow/example_dags/example_task_group_decorator.py took 0.089 seconds
[2026-06-02T10:10:47.435+0000] {processor.py:161} INFO - Started process (PID=1005) to work on /home/airflow/.local/lib/python3.12/site-packages/airflow/example_dags/example_task_group_decorator.py
[2026-06-02T10:10:47.436+0000] {processor.py:830} INFO - Processing file /home/airflow/.local/lib/python3.12/site-packages/airflow/example_dags/example_task_group_decorator.py for tasks to queue
[2026-06-02T10:10:47.438+0000] {logging_mixin.py:188} INFO - [2026-06-02T10:10:47.438+0000] {dagbag.py:540} INFO - Filling up the DagBag from /home/airflow/.local/lib/python3.12/site-packages/airflow/example_dags/example_task_group_decorator.py
[2026-06-02T10:10:47.451+0000] {processor.py:840} INFO - DAG(s) 'example_task_group_decorator' retrieved from /home/airflow/.local/lib/python3.12/site-packages/airflow/example_dags/example_task_group_decorator.py
[2026-06-02T10:10:47.471+0000] {logging_mixin.py:188} INFO - [2026-06-02T10:10:47.471+0000] {dag.py:3096} INFO - Sync 1 DAGs
[2026-06-02T10:10:47.496+0000] {logging_mixin.py:188} INFO - [2026-06-02T10:10:47.495+0000] {dag.py:3954} INFO - Setting next_dagrun for example_task_group_decorator to 2026-06-01 00:00:00+00:00, run_after=2026-06-02 00:00:00+00:00
[2026-06-02T10:10:47.521+0000] {processor.py:183} INFO - Processing /home/airflow/.local/lib/python3.12/site-packages/airflow/example_dags/example_task_group_decorator.py took 0.091 seconds
[2026-06-02T10:11:18.357+0000] {processor.py:161} INFO - Started process (PID=1067) to work on /home/airflow/.local/lib/python3.12/site-packages/airflow/example_dags/example_task_group_decorator.py
[2026-06-02T10:11:18.358+0000] {processor.py:830} INFO - Processing file /home/airflow/.local/lib/python3.12/site-packages/airflow/example_dags/example_task_group_decorator.py for tasks to queue
[2026-06-02T10:11:18.360+0000] {logging_mixin.py:188} INFO - [2026-06-02T10:11:18.359+0000] {dagbag.py:540} INFO - Filling up the DagBag from /home/airflow/.local/lib/python3.12/site-packages/airflow/example_dags/example_task_group_decorator.py
[2026-06-02T10:11:18.373+0000] {processor.py:840} INFO - DAG(s) 'example_task_group_decorator' retrieved from /home/airflow/.local/lib/python3.12/site-packages/airflow/example_dags/example_task_group_decorator.py
[2026-06-02T10:11:18.397+0000] {logging_mixin.py:188} INFO - [2026-06-02T10:11:18.396+0000] {dag.py:3096} INFO - Sync 1 DAGs
[2026-06-02T10:11:18.417+0000] {logging_mixin.py:188} INFO - [2026-06-02T10:11:18.417+0000] {dag.py:3954} INFO - Setting next_dagrun for example_task_group_decorator to 2026-06-01 00:00:00+00:00, run_after=2026-06-02 00:00:00+00:00
[2026-06-02T10:11:18.438+0000] {processor.py:183} INFO - Processing /home/airflow/.local/lib/python3.12/site-packages/airflow/example_dags/example_task_group_decorator.py took 0.090 seconds
[2026-06-02T10:11:49.224+0000] {processor.py:161} INFO - Started process (PID=1129) to work on /home/airflow/.local/lib/python3.12/site-packages/airflow/example_dags/example_task_group_decorator.py
[2026-06-02T10:11:49.225+0000] {processor.py:830} INFO - Processing file /home/airflow/.local/lib/python3.12/site-packages/airflow/example_dags/example_task_group_decorator.py for tasks to queue
[2026-06-02T10:11:49.227+0000] {logging_mixin.py:188} INFO - [2026-06-02T10:11:49.227+0000] {dagbag.py:540} INFO - Filling up the DagBag from /home/airflow/.local/lib/python3.12/site-packages/airflow/example_dags/example_task_group_decorator.py
[2026-06-02T10:11:49.239+0000] {processor.py:840} INFO - DAG(s) 'example_task_group_decorator' retrieved from /home/airflow/.local/lib/python3.12/site-packages/airflow/example_dags/example_task_group_decorator.py
[2026-06-02T10:11:49.262+0000] {logging_mixin.py:188} INFO - [2026-06-02T10:11:49.262+0000] {dag.py:3096} INFO - Sync 1 DAGs
[2026-06-02T10:11:49.396+0000] {logging_mixin.py:188} INFO - [2026-06-02T10:11:49.396+0000] {dag.py:3954} INFO - Setting next_dagrun for example_task_group_decorator to 2026-06-01 00:00:00+00:00, run_after=2026-06-02 00:00:00+00:00
[2026-06-02T10:11:49.411+0000] {processor.py:183} INFO - Processing /home/airflow/.local/lib/python3.12/site-packages/airflow/example_dags/example_task_group_decorator.py took 0.192 seconds
[2026-06-02T10:12:20.133+0000] {processor.py:161} INFO - Started process (PID=1191) to work on /home/airflow/.local/lib/python3.12/site-packages/airflow/example_dags/example_task_group_decorator.py
[2026-06-02T10:12:20.134+0000] {processor.py:830} INFO - Processing file /home/airflow/.local/lib/python3.12/site-packages/airflow/example_dags/example_task_group_decorator.py for tasks to queue
[2026-06-02T10:12:20.136+0000] {logging_mixin.py:188} INFO - [2026-06-02T10:12:20.135+0000] {dagbag.py:540} INFO - Filling up the DagBag from /home/airflow/.local/lib/python3.12/site-packages/airflow/example_dags/example_task_group_decorator.py
[2026-06-02T10:12:20.151+0000] {processor.py:840} INFO - DAG(s) 'example_task_group_decorator' retrieved from /home/airflow/.local/lib/python3.12/site-packages/airflow/example_dags/example_task_group_decorator.py
[2026-06-02T10:12:20.177+0000] {logging_mixin.py:188} INFO - [2026-06-02T10:12:20.176+0000] {dag.py:3096} INFO - Sync 1 DAGs
[2026-06-02T10:12:20.332+0000] {logging_mixin.py:188} INFO - [2026-06-02T10:12:20.332+0000] {dag.py:3954} INFO - Setting next_dagrun for example_task_group_decorator to 2026-06-01 00:00:00+00:00, run_after=2026-06-02 00:00:00+00:00
[2026-06-02T10:12:20.350+0000] {processor.py:183} INFO - Processing /home/airflow/.local/lib/python3.12/site-packages/airflow/example_dags/example_task_group_decorator.py took 0.227 seconds
[2026-06-02T10:12:51.317+0000] {processor.py:161} INFO - Started process (PID=1253) to work on /home/airflow/.local/lib/python3.12/site-packages/airflow/example_dags/example_task_group_decorator.py
[2026-06-02T10:12:51.319+0000] {processor.py:830} INFO - Processing file /home/airflow/.local/lib/python3.12/site-packages/airflow/example_dags/example_task_group_decorator.py for tasks to queue
[2026-06-02T10:12:51.321+0000] {logging_mixin.py:188} INFO - [2026-06-02T10:12:51.321+0000] {dagbag.py:540} INFO - Filling up the DagBag from /home/airflow/.local/lib/python3.12/site-packages/airflow/example_dags/example_task_group_decorator.py
[2026-06-02T10:12:51.333+0000] {processor.py:840} INFO - DAG(s) 'example_task_group_decorator' retrieved from /home/airflow/.local/lib/python3.12/site-packages/airflow/example_dags/example_task_group_decorator.py
[2026-06-02T10:12:51.357+0000] {logging_mixin.py:188} INFO - [2026-06-02T10:12:51.357+0000] {dag.py:3096} INFO - Sync 1 DAGs
[2026-06-02T10:12:51.379+0000] {logging_mixin.py:188} INFO - [2026-06-02T10:12:51.379+0000] {dag.py:3954} INFO - Setting next_dagrun for example_task_group_decorator to 2026-06-01 00:00:00+00:00, run_after=2026-06-02 00:00:00+00:00
[2026-06-02T10:12:51.395+0000] {processor.py:183} INFO - Processing /home/airflow/.local/lib/python3.12/site-packages/airflow/example_dags/example_task_group_decorator.py took 0.084 seconds
[2026-06-02T10:13:21.996+0000] {processor.py:161} INFO - Started process (PID=1315) to work on /home/airflow/.local/lib/python3.12/site-packages/airflow/example_dags/example_task_group_decorator.py
[2026-06-02T10:13:21.997+0000] {processor.py:830} INFO - Processing file /home/airflow/.local/lib/python3.12/site-packages/airflow/example_dags/example_task_group_decorator.py for tasks to queue
[2026-06-02T10:13:21.999+0000] {logging_mixin.py:188} INFO - [2026-06-02T10:13:21.999+0000] {dagbag.py:540} INFO - Filling up the DagBag from /home/airflow/.local/lib/python3.12/site-packages/airflow/example_dags/example_task_group_decorator.py
[2026-06-02T10:13:22.011+0000] {processor.py:840} INFO - DAG(s) 'example_task_group_decorator' retrieved from /home/airflow/.local/lib/python3.12/site-packages/airflow/example_dags/example_task_group_decorator.py
[2026-06-02T10:13:22.035+0000] {logging_mixin.py:188} INFO - [2026-06-02T10:13:22.035+0000] {dag.py:3096} INFO - Sync 1 DAGs
[2026-06-02T10:13:22.056+0000] {logging_mixin.py:188} INFO - [2026-06-02T10:13:22.056+0000] {dag.py:3954} INFO - Setting next_dagrun for example_task_group_decorator to 2026-06-01 00:00:00+00:00, run_after=2026-06-02 00:00:00+00:00
[2026-06-02T10:13:22.074+0000] {processor.py:183} INFO - Processing /home/airflow/.local/lib/python3.12/site-packages/airflow/example_dags/example_task_group_decorator.py took 0.084 seconds
[2026-06-02T10:13:52.161+0000] {processor.py:161} INFO - Started process (PID=1377) to work on /home/airflow/.local/lib/python3.12/site-packages/airflow/example_dags/example_task_group_decorator.py
[2026-06-02T10:13:52.169+0000] {processor.py:830} INFO - Processing file /home/airflow/.local/lib/python3.12/site-packages/airflow/example_dags/example_task_group_decorator.py for tasks to queue
[2026-06-02T10:13:52.171+0000] {logging_mixin.py:188} INFO - [2026-06-02T10:13:52.171+0000] {dagbag.py:540} INFO - Filling up the DagBag from /home/airflow/.local/lib/python3.12/site-packages/airflow/example_dags/example_task_group_decorator.py
[2026-06-02T10:13:52.183+0000] {processor.py:840} INFO - DAG(s) 'example_task_group_decorator' retrieved from /home/airflow/.local/lib/python3.12/site-packages/airflow/example_dags/example_task_group_decorator.py
[2026-06-02T10:13:52.204+0000] {logging_mixin.py:188} INFO - [2026-06-02T10:13:52.203+0000] {dag.py:3096} INFO - Sync 1 DAGs
[2026-06-02T10:13:52.222+0000] {logging_mixin.py:188} INFO - [2026-06-02T10:13:52.222+0000] {dag.py:3954} INFO - Setting next_dagrun for example_task_group_decorator to 2026-06-01 00:00:00+00:00, run_after=2026-06-02 00:00:00+00:00
[2026-06-02T10:13:52.243+0000] {processor.py:183} INFO - Processing /home/airflow/.local/lib/python3.12/site-packages/airflow/example_dags/example_task_group_decorator.py took 0.088 seconds
[2026-06-02T10:14:22.363+0000] {processor.py:161} INFO - Started process (PID=1439) to work on /home/airflow/.local/lib/python3.12/site-packages/airflow/example_dags/example_task_group_decorator.py
[2026-06-02T10:14:22.364+0000] {processor.py:830} INFO - Processing file /home/airflow/.local/lib/python3.12/site-packages/airflow/example_dags/example_task_group_decorator.py for tasks to queue
[2026-06-02T10:14:22.366+0000] {logging_mixin.py:188} INFO - [2026-06-02T10:14:22.365+0000] {dagbag.py:540} INFO - Filling up the DagBag from /home/airflow/.local/lib/python3.12/site-packages/airflow/example_dags/example_task_group_decorator.py
[2026-06-02T10:14:22.376+0000] {processor.py:840} INFO - DAG(s) 'example_task_group_decorator' retrieved from /home/airflow/.local/lib/python3.12/site-packages/airflow/example_dags/example_task_group_decorator.py
[2026-06-02T10:14:22.397+0000] {logging_mixin.py:188} INFO - [2026-06-02T10:14:22.397+0000] {dag.py:3096} INFO - Sync 1 DAGs
[2026-06-02T10:14:22.414+0000] {logging_mixin.py:188} INFO - [2026-06-02T10:14:22.414+0000] {dag.py:3954} INFO - Setting next_dagrun for example_task_group_decorator to 2026-06-01 00:00:00+00:00, run_after=2026-06-02 00:00:00+00:00
[2026-06-02T10:14:22.431+0000] {processor.py:183} INFO - Processing /home/airflow/.local/lib/python3.12/site-packages/airflow/example_dags/example_task_group_decorator.py took 0.074 seconds
[2026-06-02T10:14:52.597+0000] {processor.py:161} INFO - Started process (PID=1501) to work on /home/airflow/.local/lib/python3.12/site-packages/airflow/example_dags/example_task_group_decorator.py
[2026-06-02T10:14:52.598+0000] {processor.py:830} INFO - Processing file /home/airflow/.local/lib/python3.12/site-packages/airflow/example_dags/example_task_group_decorator.py for tasks to queue
[2026-06-02T10:14:52.600+0000] {logging_mixin.py:188} INFO - [2026-06-02T10:14:52.600+0000] {dagbag.py:540} INFO - Filling up the DagBag from /home/airflow/.local/lib/python3.12/site-packages/airflow/example_dags/example_task_group_decorator.py
[2026-06-02T10:14:52.611+0000] {processor.py:840} INFO - DAG(s) 'example_task_group_decorator' retrieved from /home/airflow/.local/lib/python3.12/site-packages/airflow/example_dags/example_task_group_decorator.py
[2026-06-02T10:14:52.631+0000] {logging_mixin.py:188} INFO - [2026-06-02T10:14:52.631+0000] {dag.py:3096} INFO - Sync 1 DAGs
[2026-06-02T10:14:52.647+0000] {logging_mixin.py:188} INFO - [2026-06-02T10:14:52.647+0000] {dag.py:3954} INFO - Setting next_dagrun for example_task_group_decorator to 2026-06-01 00:00:00+00:00, run_after=2026-06-02 00:00:00+00:00
[2026-06-02T10:14:52.664+0000] {processor.py:183} INFO - Processing /home/airflow/.local/lib/python3.12/site-packages/airflow/example_dags/example_task_group_decorator.py took 0.072 seconds
[2026-06-02T10:15:22.914+0000] {processor.py:161} INFO - Started process (PID=1563) to work on /home/airflow/.local/lib/python3.12/site-packages/airflow/example_dags/example_task_group_decorator.py
[2026-06-02T10:15:22.915+0000] {processor.py:830} INFO - Processing file /home/airflow/.local/lib/python3.12/site-packages/airflow/example_dags/example_task_group_decorator.py for tasks to queue
[2026-06-02T10:15:22.917+0000] {logging_mixin.py:188} INFO - [2026-06-02T10:15:22.916+0000] {dagbag.py:540} INFO - Filling up the DagBag from /home/airflow/.local/lib/python3.12/site-packages/airflow/example_dags/example_task_group_decorator.py
[2026-06-02T10:15:22.930+0000] {processor.py:840} INFO - DAG(s) 'example_task_group_decorator' retrieved from /home/airflow/.local/lib/python3.12/site-packages/airflow/example_dags/example_task_group_decorator.py
[2026-06-02T10:15:22.950+0000] {logging_mixin.py:188} INFO - [2026-06-02T10:15:22.950+0000] {dag.py:3096} INFO - Sync 1 DAGs
[2026-06-02T10:15:22.968+0000] {logging_mixin.py:188} INFO - [2026-06-02T10:15:22.968+0000] {dag.py:3954} INFO - Setting next_dagrun for example_task_group_decorator to 2026-06-01 00:00:00+00:00, run_after=2026-06-02 00:00:00+00:00
[2026-06-02T10:15:22.983+0000] {processor.py:183} INFO - Processing /home/airflow/.local/lib/python3.12/site-packages/airflow/example_dags/example_task_group_decorator.py took 0.074 seconds
[2026-06-02T10:15:53.816+0000] {processor.py:161} INFO - Started process (PID=1625) to work on /home/airflow/.local/lib/python3.12/site-packages/airflow/example_dags/example_task_group_decorator.py
[2026-06-02T10:15:53.817+0000] {processor.py:830} INFO - Processing file /home/airflow/.local/lib/python3.12/site-packages/airflow/example_dags/example_task_group_decorator.py for tasks to queue
[2026-06-02T10:15:53.818+0000] {logging_mixin.py:188} INFO - [2026-06-02T10:15:53.818+0000] {dagbag.py:540} INFO - Filling up the DagBag from /home/airflow/.local/lib/python3.12/site-packages/airflow/example_dags/example_task_group_decorator.py
[2026-06-02T10:15:53.830+0000] {processor.py:840} INFO - DAG(s) 'example_task_group_decorator' retrieved from /home/airflow/.local/lib/python3.12/site-packages/airflow/example_dags/example_task_group_decorator.py
[2026-06-02T10:15:53.851+0000] {logging_mixin.py:188} INFO - [2026-06-02T10:15:53.851+0000] {dag.py:3096} INFO - Sync 1 DAGs
[2026-06-02T10:15:53.869+0000] {logging_mixin.py:188} INFO - [2026-06-02T10:15:53.869+0000] {dag.py:3954} INFO - Setting next_dagrun for example_task_group_decorator to 2026-06-01 00:00:00+00:00, run_after=2026-06-02 00:00:00+00:00
[2026-06-02T10:15:53.886+0000] {processor.py:183} INFO - Processing /home/airflow/.local/lib/python3.12/site-packages/airflow/example_dags/example_task_group_decorator.py took 0.076 seconds
[2026-06-02T10:16:24.661+0000] {processor.py:161} INFO - Started process (PID=1687) to work on /home/airflow/.local/lib/python3.12/site-packages/airflow/example_dags/example_task_group_decorator.py
[2026-06-02T10:16:24.662+0000] {processor.py:830} INFO - Processing file /home/airflow/.local/lib/python3.12/site-packages/airflow/example_dags/example_task_group_decorator.py for tasks to queue
[2026-06-02T10:16:24.663+0000] {logging_mixin.py:188} INFO - [2026-06-02T10:16:24.663+0000] {dagbag.py:540} INFO - Filling up the DagBag from /home/airflow/.local/lib/python3.12/site-packages/airflow/example_dags/example_task_group_decorator.py
[2026-06-02T10:16:24.679+0000] {processor.py:840} INFO - DAG(s) 'example_task_group_decorator' retrieved from /home/airflow/.local/lib/python3.12/site-packages/airflow/example_dags/example_task_group_decorator.py
[2026-06-02T10:16:24.703+0000] {logging_mixin.py:188} INFO - [2026-06-02T10:16:24.702+0000] {dag.py:3096} INFO - Sync 1 DAGs
[2026-06-02T10:16:24.719+0000] {logging_mixin.py:188} INFO - [2026-06-02T10:16:24.719+0000] {dag.py:3954} INFO - Setting next_dagrun for example_task_group_decorator to 2026-06-01 00:00:00+00:00, run_after=2026-06-02 00:00:00+00:00
[2026-06-02T10:16:24.737+0000] {processor.py:183} INFO - Processing /home/airflow/.local/lib/python3.12/site-packages/airflow/example_dags/example_task_group_decorator.py took 0.081 seconds
[2026-06-02T10:16:54.920+0000] {processor.py:161} INFO - Started process (PID=1749) to work on /home/airflow/.local/lib/python3.12/site-packages/airflow/example_dags/example_task_group_decorator.py
[2026-06-02T10:16:54.921+0000] {processor.py:830} INFO - Processing file /home/airflow/.local/lib/python3.12/site-packages/airflow/example_dags/example_task_group_decorator.py for tasks to queue
[2026-06-02T10:16:54.924+0000] {logging_mixin.py:188} INFO - [2026-06-02T10:16:54.923+0000] {dagbag.py:540} INFO - Filling up the DagBag from /home/airflow/.local/lib/python3.12/site-packages/airflow/example_dags/example_task_group_decorator.py
[2026-06-02T10:16:54.935+0000] {processor.py:840} INFO - DAG(s) 'example_task_group_decorator' retrieved from /home/airflow/.local/lib/python3.12/site-packages/airflow/example_dags/example_task_group_decorator.py
[2026-06-02T10:16:54.956+0000] {logging_mixin.py:188} INFO - [2026-06-02T10:16:54.956+0000] {dag.py:3096} INFO - Sync 1 DAGs
[2026-06-02T10:16:54.975+0000] {logging_mixin.py:188} INFO - [2026-06-02T10:16:54.975+0000] {dag.py:3954} INFO - Setting next_dagrun for example_task_group_decorator to 2026-06-01 00:00:00+00:00, run_after=2026-06-02 00:00:00+00:00
[2026-06-02T10:16:54.991+0000] {processor.py:183} INFO - Processing /home/airflow/.local/lib/python3.12/site-packages/airflow/example_dags/example_task_group_decorator.py took 0.077 seconds
[2026-06-02T10:17:25.256+0000] {processor.py:161} INFO - Started process (PID=1811) to work on /home/airflow/.local/lib/python3.12/site-packages/airflow/example_dags/example_task_group_decorator.py
[2026-06-02T10:17:25.257+0000] {processor.py:830} INFO - Processing file /home/airflow/.local/lib/python3.12/site-packages/airflow/example_dags/example_task_group_decorator.py for tasks to queue
[2026-06-02T10:17:25.259+0000] {logging_mixin.py:188} INFO - [2026-06-02T10:17:25.259+0000] {dagbag.py:540} INFO - Filling up the DagBag from /home/airflow/.local/lib/python3.12/site-packages/airflow/example_dags/example_task_group_decorator.py
[2026-06-02T10:17:25.270+0000] {processor.py:840} INFO - DAG(s) 'example_task_group_decorator' retrieved from /home/airflow/.local/lib/python3.12/site-packages/airflow/example_dags/example_task_group_decorator.py
[2026-06-02T10:17:25.292+0000] {logging_mixin.py:188} INFO - [2026-06-02T10:17:25.292+0000] {dag.py:3096} INFO - Sync 1 DAGs
[2026-06-02T10:17:25.311+0000] {logging_mixin.py:188} INFO - [2026-06-02T10:17:25.310+0000] {dag.py:3954} INFO - Setting next_dagrun for example_task_group_decorator to 2026-06-01 00:00:00+00:00, run_after=2026-06-02 00:00:00+00:00
[2026-06-02T10:17:25.327+0000] {processor.py:183} INFO - Processing /home/airflow/.local/lib/python3.12/site-packages/airflow/example_dags/example_task_group_decorator.py took 0.077 seconds
[2026-06-02T10:17:55.461+0000] {processor.py:161} INFO - Started process (PID=1873) to work on /home/airflow/.local/lib/python3.12/site-packages/airflow/example_dags/example_task_group_decorator.py
[2026-06-02T10:17:55.462+0000] {processor.py:830} INFO - Processing file /home/airflow/.local/lib/python3.12/site-packages/airflow/example_dags/example_task_group_decorator.py for tasks to queue
[2026-06-02T10:17:55.463+0000] {logging_mixin.py:188} INFO - [2026-06-02T10:17:55.463+0000] {dagbag.py:540} INFO - Filling up the DagBag from /home/airflow/.local/lib/python3.12/site-packages/airflow/example_dags/example_task_group_decorator.py
[2026-06-02T10:17:55.475+0000] {processor.py:840} INFO - DAG(s) 'example_task_group_decorator' retrieved from /home/airflow/.local/lib/python3.12/site-packages/airflow/example_dags/example_task_group_decorator.py
[2026-06-02T10:17:55.495+0000] {logging_mixin.py:188} INFO - [2026-06-02T10:17:55.495+0000] {dag.py:3096} INFO - Sync 1 DAGs
[2026-06-02T10:17:55.514+0000] {logging_mixin.py:188} INFO - [2026-06-02T10:17:55.514+0000] {dag.py:3954} INFO - Setting next_dagrun for example_task_group_decorator to 2026-06-01 00:00:00+00:00, run_after=2026-06-02 00:00:00+00:00
[2026-06-02T10:17:55.532+0000] {processor.py:183} INFO - Processing /home/airflow/.local/lib/python3.12/site-packages/airflow/example_dags/example_task_group_decorator.py took 0.077 seconds
[2026-06-02T10:18:25.749+0000] {processor.py:161} INFO - Started process (PID=1935) to work on /home/airflow/.local/lib/python3.12/site-packages/airflow/example_dags/example_task_group_decorator.py
[2026-06-02T10:18:25.750+0000] {processor.py:830} INFO - Processing file /home/airflow/.local/lib/python3.12/site-packages/airflow/example_dags/example_task_group_decorator.py for tasks to queue
[2026-06-02T10:18:25.752+0000] {logging_mixin.py:188} INFO - [2026-06-02T10:18:25.752+0000] {dagbag.py:540} INFO - Filling up the DagBag from /home/airflow/.local/lib/python3.12/site-packages/airflow/example_dags/example_task_group_decorator.py
[2026-06-02T10:18:25.767+0000] {processor.py:840} INFO - DAG(s) 'example_task_group_decorator' retrieved from /home/airflow/.local/lib/python3.12/site-packages/airflow/example_dags/example_task_group_decorator.py
[2026-06-02T10:18:25.791+0000] {logging_mixin.py:188} INFO - [2026-06-02T10:18:25.790+0000] {dag.py:3096} INFO - Sync 1 DAGs
[2026-06-02T10:18:25.810+0000] {logging_mixin.py:188} INFO - [2026-06-02T10:18:25.810+0000] {dag.py:3954} INFO - Setting next_dagrun for example_task_group_decorator to 2026-06-01 00:00:00+00:00, run_after=2026-06-02 00:00:00+00:00
[2026-06-02T10:18:25.827+0000] {processor.py:183} INFO - Processing /home/airflow/.local/lib/python3.12/site-packages/airflow/example_dags/example_task_group_decorator.py took 0.084 seconds
[2026-06-02T10:18:55.919+0000] {processor.py:161} INFO - Started process (PID=1997) to work on /home/airflow/.local/lib/python3.12/site-packages/airflow/example_dags/example_task_group_decorator.py
[2026-06-02T10:18:55.921+0000] {processor.py:830} INFO - Processing file /home/airflow/.local/lib/python3.12/site-packages/airflow/example_dags/example_task_group_decorator.py for tasks to queue
[2026-06-02T10:18:55.923+0000] {logging_mixin.py:188} INFO - [2026-06-02T10:18:55.923+0000] {dagbag.py:540} INFO - Filling up the DagBag from /home/airflow/.local/lib/python3.12/site-packages/airflow/example_dags/example_task_group_decorator.py
[2026-06-02T10:18:55.936+0000] {processor.py:840} INFO - DAG(s) 'example_task_group_decorator' retrieved from /home/airflow/.local/lib/python3.12/site-packages/airflow/example_dags/example_task_group_decorator.py
[2026-06-02T10:18:55.964+0000] {logging_mixin.py:188} INFO - [2026-06-02T10:18:55.963+0000] {dag.py:3096} INFO - Sync 1 DAGs
[2026-06-02T10:18:55.993+0000] {logging_mixin.py:188} INFO - [2026-06-02T10:18:55.992+0000] {dag.py:3954} INFO - Setting next_dagrun for example_task_group_decorator to 2026-06-01 00:00:00+00:00, run_after=2026-06-02 00:00:00+00:00
[2026-06-02T10:18:56.021+0000] {processor.py:183} INFO - Processing /home/airflow/.local/lib/python3.12/site-packages/airflow/example_dags/example_task_group_decorator.py took 0.107 seconds
[2026-06-02T10:19:26.190+0000] {processor.py:161} INFO - Started process (PID=2059) to work on /home/airflow/.local/lib/python3.12/site-packages/airflow/example_dags/example_task_group_decorator.py
[2026-06-02T10:19:26.191+0000] {processor.py:830} INFO - Processing file /home/airflow/.local/lib/python3.12/site-packages/airflow/example_dags/example_task_group_decorator.py for tasks to queue
[2026-06-02T10:19:26.193+0000] {logging_mixin.py:188} INFO - [2026-06-02T10:19:26.193+0000] {dagbag.py:540} INFO - Filling up the DagBag from /home/airflow/.local/lib/python3.12/site-packages/airflow/example_dags/example_task_group_decorator.py
[2026-06-02T10:19:26.205+0000] {processor.py:840} INFO - DAG(s) 'example_task_group_decorator' retrieved from /home/airflow/.local/lib/python3.12/site-packages/airflow/example_dags/example_task_group_decorator.py
[2026-06-02T10:19:26.226+0000] {logging_mixin.py:188} INFO - [2026-06-02T10:19:26.226+0000] {dag.py:3096} INFO - Sync 1 DAGs
[2026-06-02T10:19:26.243+0000] {logging_mixin.py:188} INFO - [2026-06-02T10:19:26.243+0000] {dag.py:3954} INFO - Setting next_dagrun for example_task_group_decorator to 2026-06-01 00:00:00+00:00, run_after=2026-06-02 00:00:00+00:00
[2026-06-02T10:19:26.259+0000] {processor.py:183} INFO - Processing /home/airflow/.local/lib/python3.12/site-packages/airflow/example_dags/example_task_group_decorator.py took 0.074 seconds
[2026-06-02T10:19:56.379+0000] {processor.py:161} INFO - Started process (PID=2121) to work on /home/airflow/.local/lib/python3.12/site-packages/airflow/example_dags/example_task_group_decorator.py
[2026-06-02T10:19:56.380+0000] {processor.py:830} INFO - Processing file /home/airflow/.local/lib/python3.12/site-packages/airflow/example_dags/example_task_group_decorator.py for tasks to queue
[2026-06-02T10:19:56.383+0000] {logging_mixin.py:188} INFO - [2026-06-02T10:19:56.382+0000] {dagbag.py:540} INFO - Filling up the DagBag from /home/airflow/.local/lib/python3.12/site-packages/airflow/example_dags/example_task_group_decorator.py
[2026-06-02T10:19:56.394+0000] {processor.py:840} INFO - DAG(s) 'example_task_group_decorator' retrieved from /home/airflow/.local/lib/python3.12/site-packages/airflow/example_dags/example_task_group_decorator.py
[2026-06-02T10:19:56.415+0000] {logging_mixin.py:188} INFO - [2026-06-02T10:19:56.415+0000] {dag.py:3096} INFO - Sync 1 DAGs
[2026-06-02T10:19:56.432+0000] {logging_mixin.py:188} INFO - [2026-06-02T10:19:56.432+0000] {dag.py:3954} INFO - Setting next_dagrun for example_task_group_decorator to 2026-06-01 00:00:00+00:00, run_after=2026-06-02 00:00:00+00:00
[2026-06-02T10:19:56.447+0000] {processor.py:183} INFO - Processing /home/airflow/.local/lib/python3.12/site-packages/airflow/example_dags/example_task_group_decorator.py took 0.073 seconds
[2026-06-02T10:20:27.305+0000] {processor.py:161} INFO - Started process (PID=2183) to work on /home/airflow/.local/lib/python3.12/site-packages/airflow/example_dags/example_task_group_decorator.py
[2026-06-02T10:20:27.307+0000] {processor.py:830} INFO - Processing file /home/airflow/.local/lib/python3.12/site-packages/airflow/example_dags/example_task_group_decorator.py for tasks to queue
[2026-06-02T10:20:27.309+0000] {logging_mixin.py:188} INFO - [2026-06-02T10:20:27.308+0000] {dagbag.py:540} INFO - Filling up the DagBag from /home/airflow/.local/lib/python3.12/site-packages/airflow/example_dags/example_task_group_decorator.py
[2026-06-02T10:20:27.320+0000] {processor.py:840} INFO - DAG(s) 'example_task_group_decorator' retrieved from /home/airflow/.local/lib/python3.12/site-packages/airflow/example_dags/example_task_group_decorator.py
[2026-06-02T10:20:27.343+0000] {logging_mixin.py:188} INFO - [2026-06-02T10:20:27.342+0000] {dag.py:3096} INFO - Sync 1 DAGs
[2026-06-02T10:20:27.362+0000] {logging_mixin.py:188} INFO - [2026-06-02T10:20:27.362+0000] {dag.py:3954} INFO - Setting next_dagrun for example_task_group_decorator to 2026-06-01 00:00:00+00:00, run_after=2026-06-02 00:00:00+00:00
[2026-06-02T10:20:27.381+0000] {processor.py:183} INFO - Processing /home/airflow/.local/lib/python3.12/site-packages/airflow/example_dags/example_task_group_decorator.py took 0.081 seconds
[2026-06-02T10:20:57.695+0000] {processor.py:161} INFO - Started process (PID=2245) to work on /home/airflow/.local/lib/python3.12/site-packages/airflow/example_dags/example_task_group_decorator.py
[2026-06-02T10:20:57.697+0000] {processor.py:830} INFO - Processing file /home/airflow/.local/lib/python3.12/site-packages/airflow/example_dags/example_task_group_decorator.py for tasks to queue
[2026-06-02T10:20:57.698+0000] {logging_mixin.py:188} INFO - [2026-06-02T10:20:57.698+0000] {dagbag.py:540} INFO - Filling up the DagBag from /home/airflow/.local/lib/python3.12/site-packages/airflow/example_dags/example_task_group_decorator.py
[2026-06-02T10:20:57.710+0000] {processor.py:840} INFO - DAG(s) 'example_task_group_decorator' retrieved from /home/airflow/.local/lib/python3.12/site-packages/airflow/example_dags/example_task_group_decorator.py
[2026-06-02T10:20:57.730+0000] {logging_mixin.py:188} INFO - [2026-06-02T10:20:57.730+0000] {dag.py:3096} INFO - Sync 1 DAGs
[2026-06-02T10:20:57.747+0000] {logging_mixin.py:188} INFO - [2026-06-02T10:20:57.747+0000] {dag.py:3954} INFO - Setting next_dagrun for example_task_group_decorator to 2026-06-01 00:00:00+00:00, run_after=2026-06-02 00:00:00+00:00
[2026-06-02T10:20:57.764+0000] {processor.py:183} INFO - Processing /home/airflow/.local/lib/python3.12/site-packages/airflow/example_dags/example_task_group_decorator.py took 0.073 seconds
[2026-06-02T10:21:27.816+0000] {processor.py:161} INFO - Started process (PID=2307) to work on /home/airflow/.local/lib/python3.12/site-packages/airflow/example_dags/example_task_group_decorator.py
[2026-06-02T10:21:27.818+0000] {processor.py:830} INFO - Processing file /home/airflow/.local/lib/python3.12/site-packages/airflow/example_dags/example_task_group_decorator.py for tasks to queue
[2026-06-02T10:21:27.819+0000] {logging_mixin.py:188} INFO - [2026-06-02T10:21:27.819+0000] {dagbag.py:540} INFO - Filling up the DagBag from /home/airflow/.local/lib/python3.12/site-packages/airflow/example_dags/example_task_group_decorator.py
[2026-06-02T10:21:27.830+0000] {processor.py:840} INFO - DAG(s) 'example_task_group_decorator' retrieved from /home/airflow/.local/lib/python3.12/site-packages/airflow/example_dags/example_task_group_decorator.py
[2026-06-02T10:21:27.850+0000] {logging_mixin.py:188} INFO - [2026-06-02T10:21:27.850+0000] {dag.py:3096} INFO - Sync 1 DAGs
[2026-06-02T10:21:27.868+0000] {logging_mixin.py:188} INFO - [2026-06-02T10:21:27.867+0000] {dag.py:3954} INFO - Setting next_dagrun for example_task_group_decorator to 2026-06-01 00:00:00+00:00, run_after=2026-06-02 00:00:00+00:00
[2026-06-02T10:21:27.884+0000] {processor.py:183} INFO - Processing /home/airflow/.local/lib/python3.12/site-packages/airflow/example_dags/example_task_group_decorator.py took 0.072 seconds
[2026-06-02T10:21:58.054+0000] {processor.py:161} INFO - Started process (PID=2369) to work on /home/airflow/.local/lib/python3.12/site-packages/airflow/example_dags/example_task_group_decorator.py
[2026-06-02T10:21:58.055+0000] {processor.py:830} INFO - Processing file /home/airflow/.local/lib/python3.12/site-packages/airflow/example_dags/example_task_group_decorator.py for tasks to queue
[2026-06-02T10:21:58.058+0000] {logging_mixin.py:188} INFO - [2026-06-02T10:21:58.057+0000] {dagbag.py:540} INFO - Filling up the DagBag from /home/airflow/.local/lib/python3.12/site-packages/airflow/example_dags/example_task_group_decorator.py
[2026-06-02T10:21:58.069+0000] {processor.py:840} INFO - DAG(s) 'example_task_group_decorator' retrieved from /home/airflow/.local/lib/python3.12/site-packages/airflow/example_dags/example_task_group_decorator.py
[2026-06-02T10:21:58.089+0000] {logging_mixin.py:188} INFO - [2026-06-02T10:21:58.089+0000] {dag.py:3096} INFO - Sync 1 DAGs
[2026-06-02T10:21:58.106+0000] {logging_mixin.py:188} INFO - [2026-06-02T10:21:58.106+0000] {dag.py:3954} INFO - Setting next_dagrun for example_task_group_decorator to 2026-06-01 00:00:00+00:00, run_after=2026-06-02 00:00:00+00:00
[2026-06-02T10:21:58.123+0000] {processor.py:183} INFO - Processing /home/airflow/.local/lib/python3.12/site-packages/airflow/example_dags/example_task_group_decorator.py took 0.074 seconds
[2026-06-02T10:22:28.234+0000] {processor.py:161} INFO - Started process (PID=2431) to work on /home/airflow/.local/lib/python3.12/site-packages/airflow/example_dags/example_task_group_decorator.py
[2026-06-02T10:22:28.235+0000] {processor.py:830} INFO - Processing file /home/airflow/.local/lib/python3.12/site-packages/airflow/example_dags/example_task_group_decorator.py for tasks to queue
[2026-06-02T10:22:28.237+0000] {logging_mixin.py:188} INFO - [2026-06-02T10:22:28.236+0000] {dagbag.py:540} INFO - Filling up the DagBag from /home/airflow/.local/lib/python3.12/site-packages/airflow/example_dags/example_task_group_decorator.py
[2026-06-02T10:22:28.248+0000] {processor.py:840} INFO - DAG(s) 'example_task_group_decorator' retrieved from /home/airflow/.local/lib/python3.12/site-packages/airflow/example_dags/example_task_group_decorator.py
[2026-06-02T10:22:28.268+0000] {logging_mixin.py:188} INFO - [2026-06-02T10:22:28.268+0000] {dag.py:3096} INFO - Sync 1 DAGs
[2026-06-02T10:22:28.290+0000] {logging_mixin.py:188} INFO - [2026-06-02T10:22:28.290+0000] {dag.py:3954} INFO - Setting next_dagrun for example_task_group_decorator to 2026-06-01 00:00:00+00:00, run_after=2026-06-02 00:00:00+00:00
[2026-06-02T10:22:28.311+0000] {processor.py:183} INFO - Processing /home/airflow/.local/lib/python3.12/site-packages/airflow/example_dags/example_task_group_decorator.py took 0.083 seconds
[2026-06-02T10:22:58.636+0000] {processor.py:161} INFO - Started process (PID=2493) to work on /home/airflow/.local/lib/python3.12/site-packages/airflow/example_dags/example_task_group_decorator.py
[2026-06-02T10:22:58.637+0000] {processor.py:830} INFO - Processing file /home/airflow/.local/lib/python3.12/site-packages/airflow/example_dags/example_task_group_decorator.py for tasks to queue
[2026-06-02T10:22:58.639+0000] {logging_mixin.py:188} INFO - [2026-06-02T10:22:58.639+0000] {dagbag.py:540} INFO - Filling up the DagBag from /home/airflow/.local/lib/python3.12/site-packages/airflow/example_dags/example_task_group_decorator.py
[2026-06-02T10:22:58.651+0000] {processor.py:840} INFO - DAG(s) 'example_task_group_decorator' retrieved from /home/airflow/.local/lib/python3.12/site-packages/airflow/example_dags/example_task_group_decorator.py
[2026-06-02T10:22:58.672+0000] {logging_mixin.py:188} INFO - [2026-06-02T10:22:58.672+0000] {dag.py:3096} INFO - Sync 1 DAGs
[2026-06-02T10:22:58.705+0000] {logging_mixin.py:188} INFO - [2026-06-02T10:22:58.704+0000] {dag.py:3954} INFO - Setting next_dagrun for example_task_group_decorator to 2026-06-01 00:00:00+00:00, run_after=2026-06-02 00:00:00+00:00
[2026-06-02T10:22:58.728+0000] {processor.py:183} INFO - Processing /home/airflow/.local/lib/python3.12/site-packages/airflow/example_dags/example_task_group_decorator.py took 0.097 seconds
[2026-06-02T10:23:28.986+0000] {processor.py:161} INFO - Started process (PID=2555) to work on /home/airflow/.local/lib/python3.12/site-packages/airflow/example_dags/example_task_group_decorator.py
[2026-06-02T10:23:28.987+0000] {processor.py:830} INFO - Processing file /home/airflow/.local/lib/python3.12/site-packages/airflow/example_dags/example_task_group_decorator.py for tasks to queue
[2026-06-02T10:23:28.989+0000] {logging_mixin.py:188} INFO - [2026-06-02T10:23:28.988+0000] {dagbag.py:540} INFO - Filling up the DagBag from /home/airflow/.local/lib/python3.12/site-packages/airflow/example_dags/example_task_group_decorator.py
[2026-06-02T10:23:29.001+0000] {processor.py:840} INFO - DAG(s) 'example_task_group_decorator' retrieved from /home/airflow/.local/lib/python3.12/site-packages/airflow/example_dags/example_task_group_decorator.py
[2026-06-02T10:23:29.023+0000] {logging_mixin.py:188} INFO - [2026-06-02T10:23:29.023+0000] {dag.py:3096} INFO - Sync 1 DAGs
[2026-06-02T10:23:29.043+0000] {logging_mixin.py:188} INFO - [2026-06-02T10:23:29.042+0000] {dag.py:3954} INFO - Setting next_dagrun for example_task_group_decorator to 2026-06-01 00:00:00+00:00, run_after=2026-06-02 00:00:00+00:00
[2026-06-02T10:23:29.059+0000] {processor.py:183} INFO - Processing /home/airflow/.local/lib/python3.12/site-packages/airflow/example_dags/example_task_group_decorator.py took 0.078 seconds
[2026-06-02T10:24:00.240+0000] {processor.py:161} INFO - Started process (PID=2617) to work on /home/airflow/.local/lib/python3.12/site-packages/airflow/example_dags/example_task_group_decorator.py
[2026-06-02T10:24:00.242+0000] {processor.py:830} INFO - Processing file /home/airflow/.local/lib/python3.12/site-packages/airflow/example_dags/example_task_group_decorator.py for tasks to queue
[2026-06-02T10:24:00.246+0000] {logging_mixin.py:188} INFO - [2026-06-02T10:24:00.246+0000] {dagbag.py:540} INFO - Filling up the DagBag from /home/airflow/.local/lib/python3.12/site-packages/airflow/example_dags/example_task_group_decorator.py
[2026-06-02T10:24:00.262+0000] {processor.py:840} INFO - DAG(s) 'example_task_group_decorator' retrieved from /home/airflow/.local/lib/python3.12/site-packages/airflow/example_dags/example_task_group_decorator.py
[2026-06-02T10:24:00.290+0000] {logging_mixin.py:188} INFO - [2026-06-02T10:24:00.289+0000] {dag.py:3096} INFO - Sync 1 DAGs
[2026-06-02T10:24:00.316+0000] {logging_mixin.py:188} INFO - [2026-06-02T10:24:00.316+0000] {dag.py:3954} INFO - Setting next_dagrun for example_task_group_decorator to 2026-06-01 00:00:00+00:00, run_after=2026-06-02 00:00:00+00:00
[2026-06-02T10:24:00.352+0000] {processor.py:183} INFO - Processing /home/airflow/.local/lib/python3.12/site-packages/airflow/example_dags/example_task_group_decorator.py took 0.122 seconds
[2026-06-02T10:24:30.832+0000] {processor.py:161} INFO - Started process (PID=2679) to work on /home/airflow/.local/lib/python3.12/site-packages/airflow/example_dags/example_task_group_decorator.py
[2026-06-02T10:24:30.833+0000] {processor.py:830} INFO - Processing file /home/airflow/.local/lib/python3.12/site-packages/airflow/example_dags/example_task_group_decorator.py for tasks to queue
[2026-06-02T10:24:30.835+0000] {logging_mixin.py:188} INFO - [2026-06-02T10:24:30.835+0000] {dagbag.py:540} INFO - Filling up the DagBag from /home/airflow/.local/lib/python3.12/site-packages/airflow/example_dags/example_task_group_decorator.py
[2026-06-02T10:24:30.847+0000] {processor.py:840} INFO - DAG(s) 'example_task_group_decorator' retrieved from /home/airflow/.local/lib/python3.12/site-packages/airflow/example_dags/example_task_group_decorator.py
[2026-06-02T10:24:30.868+0000] {logging_mixin.py:188} INFO - [2026-06-02T10:24:30.867+0000] {dag.py:3096} INFO - Sync 1 DAGs
[2026-06-02T10:24:30.891+0000] {logging_mixin.py:188} INFO - [2026-06-02T10:24:30.891+0000] {dag.py:3954} INFO - Setting next_dagrun for example_task_group_decorator to 2026-06-01 00:00:00+00:00, run_after=2026-06-02 00:00:00+00:00
[2026-06-02T10:24:30.909+0000] {processor.py:183} INFO - Processing /home/airflow/.local/lib/python3.12/site-packages/airflow/example_dags/example_task_group_decorator.py took 0.083 seconds
[2026-06-02T10:25:01.389+0000] {processor.py:161} INFO - Started process (PID=2741) to work on /home/airflow/.local/lib/python3.12/site-packages/airflow/example_dags/example_task_group_decorator.py
[2026-06-02T10:25:01.391+0000] {processor.py:830} INFO - Processing file /home/airflow/.local/lib/python3.12/site-packages/airflow/example_dags/example_task_group_decorator.py for tasks to queue
[2026-06-02T10:25:01.396+0000] {logging_mixin.py:188} INFO - [2026-06-02T10:25:01.395+0000] {dagbag.py:540} INFO - Filling up the DagBag from /home/airflow/.local/lib/python3.12/site-packages/airflow/example_dags/example_task_group_decorator.py
[2026-06-02T10:25:01.412+0000] {processor.py:840} INFO - DAG(s) 'example_task_group_decorator' retrieved from /home/airflow/.local/lib/python3.12/site-packages/airflow/example_dags/example_task_group_decorator.py
[2026-06-02T10:25:01.435+0000] {logging_mixin.py:188} INFO - [2026-06-02T10:25:01.434+0000] {dag.py:3096} INFO - Sync 1 DAGs
[2026-06-02T10:25:01.455+0000] {logging_mixin.py:188} INFO - [2026-06-02T10:25:01.455+0000] {dag.py:3954} INFO - Setting next_dagrun for example_task_group_decorator to 2026-06-01 00:00:00+00:00, run_after=2026-06-02 00:00:00+00:00
[2026-06-02T10:25:01.476+0000] {processor.py:183} INFO - Processing /home/airflow/.local/lib/python3.12/site-packages/airflow/example_dags/example_task_group_decorator.py took 0.093 seconds
[2026-06-02T10:25:31.803+0000] {processor.py:161} INFO - Started process (PID=2803) to work on /home/airflow/.local/lib/python3.12/site-packages/airflow/example_dags/example_task_group_decorator.py
[2026-06-02T10:25:31.805+0000] {processor.py:830} INFO - Processing file /home/airflow/.local/lib/python3.12/site-packages/airflow/example_dags/example_task_group_decorator.py for tasks to queue
[2026-06-02T10:25:31.807+0000] {logging_mixin.py:188} INFO - [2026-06-02T10:25:31.806+0000] {dagbag.py:540} INFO - Filling up the DagBag from /home/airflow/.local/lib/python3.12/site-packages/airflow/example_dags/example_task_group_decorator.py
[2026-06-02T10:25:31.821+0000] {processor.py:840} INFO - DAG(s) 'example_task_group_decorator' retrieved from /home/airflow/.local/lib/python3.12/site-packages/airflow/example_dags/example_task_group_decorator.py
[2026-06-02T10:25:31.843+0000] {logging_mixin.py:188} INFO - [2026-06-02T10:25:31.843+0000] {dag.py:3096} INFO - Sync 1 DAGs
[2026-06-02T10:25:31.863+0000] {logging_mixin.py:188} INFO - [2026-06-02T10:25:31.862+0000] {dag.py:3954} INFO - Setting next_dagrun for example_task_group_decorator to 2026-06-01 00:00:00+00:00, run_after=2026-06-02 00:00:00+00:00
[2026-06-02T10:25:31.880+0000] {processor.py:183} INFO - Processing /home/airflow/.local/lib/python3.12/site-packages/airflow/example_dags/example_task_group_decorator.py took 0.088 seconds
[2026-06-02T10:26:02.209+0000] {processor.py:161} INFO - Started process (PID=2865) to work on /home/airflow/.local/lib/python3.12/site-packages/airflow/example_dags/example_task_group_decorator.py
[2026-06-02T10:26:02.210+0000] {processor.py:830} INFO - Processing file /home/airflow/.local/lib/python3.12/site-packages/airflow/example_dags/example_task_group_decorator.py for tasks to queue
[2026-06-02T10:26:02.212+0000] {logging_mixin.py:188} INFO - [2026-06-02T10:26:02.211+0000] {dagbag.py:540} INFO - Filling up the DagBag from /home/airflow/.local/lib/python3.12/site-packages/airflow/example_dags/example_task_group_decorator.py
[2026-06-02T10:26:02.223+0000] {processor.py:840} INFO - DAG(s) 'example_task_group_decorator' retrieved from /home/airflow/.local/lib/python3.12/site-packages/airflow/example_dags/example_task_group_decorator.py
[2026-06-02T10:26:02.244+0000] {logging_mixin.py:188} INFO - [2026-06-02T10:26:02.244+0000] {dag.py:3096} INFO - Sync 1 DAGs
[2026-06-02T10:26:02.266+0000] {logging_mixin.py:188} INFO - [2026-06-02T10:26:02.266+0000] {dag.py:3954} INFO - Setting next_dagrun for example_task_group_decorator to 2026-06-01 00:00:00+00:00, run_after=2026-06-02 00:00:00+00:00
[2026-06-02T10:26:02.290+0000] {processor.py:183} INFO - Processing /home/airflow/.local/lib/python3.12/site-packages/airflow/example_dags/example_task_group_decorator.py took 0.087 seconds
[2026-06-02T10:26:32.817+0000] {processor.py:161} INFO - Started process (PID=2927) to work on /home/airflow/.local/lib/python3.12/site-packages/airflow/example_dags/example_task_group_decorator.py
[2026-06-02T10:26:32.818+0000] {processor.py:830} INFO - Processing file /home/airflow/.local/lib/python3.12/site-packages/airflow/example_dags/example_task_group_decorator.py for tasks to queue
[2026-06-02T10:26:32.820+0000] {logging_mixin.py:188} INFO - [2026-06-02T10:26:32.820+0000] {dagbag.py:540} INFO - Filling up the DagBag from /home/airflow/.local/lib/python3.12/site-packages/airflow/example_dags/example_task_group_decorator.py
[2026-06-02T10:26:32.831+0000] {processor.py:840} INFO - DAG(s) 'example_task_group_decorator' retrieved from /home/airflow/.local/lib/python3.12/site-packages/airflow/example_dags/example_task_group_decorator.py
[2026-06-02T10:26:32.851+0000] {logging_mixin.py:188} INFO - [2026-06-02T10:26:32.851+0000] {dag.py:3096} INFO - Sync 1 DAGs
[2026-06-02T10:26:32.869+0000] {logging_mixin.py:188} INFO - [2026-06-02T10:26:32.868+0000] {dag.py:3954} INFO - Setting next_dagrun for example_task_group_decorator to 2026-06-01 00:00:00+00:00, run_after=2026-06-02 00:00:00+00:00
[2026-06-02T10:26:32.885+0000] {processor.py:183} INFO - Processing /home/airflow/.local/lib/python3.12/site-packages/airflow/example_dags/example_task_group_decorator.py took 0.073 seconds
[2026-06-02T10:27:03.073+0000] {processor.py:161} INFO - Started process (PID=2989) to work on /home/airflow/.local/lib/python3.12/site-packages/airflow/example_dags/example_task_group_decorator.py
[2026-06-02T10:27:03.074+0000] {processor.py:830} INFO - Processing file /home/airflow/.local/lib/python3.12/site-packages/airflow/example_dags/example_task_group_decorator.py for tasks to queue
[2026-06-02T10:27:03.076+0000] {logging_mixin.py:188} INFO - [2026-06-02T10:27:03.076+0000] {dagbag.py:540} INFO - Filling up the DagBag from /home/airflow/.local/lib/python3.12/site-packages/airflow/example_dags/example_task_group_decorator.py
[2026-06-02T10:27:03.088+0000] {processor.py:840} INFO - DAG(s) 'example_task_group_decorator' retrieved from /home/airflow/.local/lib/python3.12/site-packages/airflow/example_dags/example_task_group_decorator.py
[2026-06-02T10:27:03.109+0000] {logging_mixin.py:188} INFO - [2026-06-02T10:27:03.109+0000] {dag.py:3096} INFO - Sync 1 DAGs
[2026-06-02T10:27:03.128+0000] {logging_mixin.py:188} INFO - [2026-06-02T10:27:03.128+0000] {dag.py:3954} INFO - Setting next_dagrun for example_task_group_decorator to 2026-06-01 00:00:00+00:00, run_after=2026-06-02 00:00:00+00:00
[2026-06-02T10:27:03.143+0000] {processor.py:183} INFO - Processing /home/airflow/.local/lib/python3.12/site-packages/airflow/example_dags/example_task_group_decorator.py took 0.075 seconds
[2026-06-02T10:27:34.229+0000] {processor.py:161} INFO - Started process (PID=3051) to work on /home/airflow/.local/lib/python3.12/site-packages/airflow/example_dags/example_task_group_decorator.py
[2026-06-02T10:27:34.230+0000] {processor.py:830} INFO - Processing file /home/airflow/.local/lib/python3.12/site-packages/airflow/example_dags/example_task_group_decorator.py for tasks to queue
[2026-06-02T10:27:34.232+0000] {logging_mixin.py:188} INFO - [2026-06-02T10:27:34.232+0000] {dagbag.py:540} INFO - Filling up the DagBag from /home/airflow/.local/lib/python3.12/site-packages/airflow/example_dags/example_task_group_decorator.py
[2026-06-02T10:27:34.244+0000] {processor.py:840} INFO - DAG(s) 'example_task_group_decorator' retrieved from /home/airflow/.local/lib/python3.12/site-packages/airflow/example_dags/example_task_group_decorator.py
[2026-06-02T10:27:34.266+0000] {logging_mixin.py:188} INFO - [2026-06-02T10:27:34.266+0000] {dag.py:3096} INFO - Sync 1 DAGs
[2026-06-02T10:27:34.287+0000] {logging_mixin.py:188} INFO - [2026-06-02T10:27:34.287+0000] {dag.py:3954} INFO - Setting next_dagrun for example_task_group_decorator to 2026-06-01 00:00:00+00:00, run_after=2026-06-02 00:00:00+00:00
[2026-06-02T10:27:34.305+0000] {processor.py:183} INFO - Processing /home/airflow/.local/lib/python3.12/site-packages/airflow/example_dags/example_task_group_decorator.py took 0.081 seconds
[2026-06-02T10:28:04.406+0000] {processor.py:161} INFO - Started process (PID=3113) to work on /home/airflow/.local/lib/python3.12/site-packages/airflow/example_dags/example_task_group_decorator.py
[2026-06-02T10:28:04.407+0000] {processor.py:830} INFO - Processing file /home/airflow/.local/lib/python3.12/site-packages/airflow/example_dags/example_task_group_decorator.py for tasks to queue
[2026-06-02T10:28:04.409+0000] {logging_mixin.py:188} INFO - [2026-06-02T10:28:04.408+0000] {dagbag.py:540} INFO - Filling up the DagBag from /home/airflow/.local/lib/python3.12/site-packages/airflow/example_dags/example_task_group_decorator.py
[2026-06-02T10:28:04.420+0000] {processor.py:840} INFO - DAG(s) 'example_task_group_decorator' retrieved from /home/airflow/.local/lib/python3.12/site-packages/airflow/example_dags/example_task_group_decorator.py
[2026-06-02T10:28:04.440+0000] {logging_mixin.py:188} INFO - [2026-06-02T10:28:04.440+0000] {dag.py:3096} INFO - Sync 1 DAGs
[2026-06-02T10:28:04.458+0000] {logging_mixin.py:188} INFO - [2026-06-02T10:28:04.458+0000] {dag.py:3954} INFO - Setting next_dagrun for example_task_group_decorator to 2026-06-01 00:00:00+00:00, run_after=2026-06-02 00:00:00+00:00
[2026-06-02T10:28:04.476+0000] {processor.py:183} INFO - Processing /home/airflow/.local/lib/python3.12/site-packages/airflow/example_dags/example_task_group_decorator.py took 0.075 seconds
[2026-06-02T10:28:34.886+0000] {processor.py:161} INFO - Started process (PID=3175) to work on /home/airflow/.local/lib/python3.12/site-packages/airflow/example_dags/example_task_group_decorator.py
[2026-06-02T10:28:34.887+0000] {processor.py:830} INFO - Processing file /home/airflow/.local/lib/python3.12/site-packages/airflow/example_dags/example_task_group_decorator.py for tasks to queue
[2026-06-02T10:28:34.889+0000] {logging_mixin.py:188} INFO - [2026-06-02T10:28:34.889+0000] {dagbag.py:540} INFO - Filling up the DagBag from /home/airflow/.local/lib/python3.12/site-packages/airflow/example_dags/example_task_group_decorator.py
[2026-06-02T10:28:34.902+0000] {processor.py:840} INFO - DAG(s) 'example_task_group_decorator' retrieved from /home/airflow/.local/lib/python3.12/site-packages/airflow/example_dags/example_task_group_decorator.py
[2026-06-02T10:28:34.923+0000] {logging_mixin.py:188} INFO - [2026-06-02T10:28:34.923+0000] {dag.py:3096} INFO - Sync 1 DAGs
[2026-06-02T10:28:34.942+0000] {logging_mixin.py:188} INFO - [2026-06-02T10:28:34.942+0000] {dag.py:3954} INFO - Setting next_dagrun for example_task_group_decorator to 2026-06-01 00:00:00+00:00, run_after=2026-06-02 00:00:00+00:00
[2026-06-02T10:28:34.960+0000] {processor.py:183} INFO - Processing /home/airflow/.local/lib/python3.12/site-packages/airflow/example_dags/example_task_group_decorator.py took 0.079 seconds
[2026-06-02T10:29:05.062+0000] {processor.py:161} INFO - Started process (PID=3237) to work on /home/airflow/.local/lib/python3.12/site-packages/airflow/example_dags/example_task_group_decorator.py
[2026-06-02T10:29:05.063+0000] {processor.py:830} INFO - Processing file /home/airflow/.local/lib/python3.12/site-packages/airflow/example_dags/example_task_group_decorator.py for tasks to queue
[2026-06-02T10:29:05.065+0000] {logging_mixin.py:188} INFO - [2026-06-02T10:29:05.065+0000] {dagbag.py:540} INFO - Filling up the DagBag from /home/airflow/.local/lib/python3.12/site-packages/airflow/example_dags/example_task_group_decorator.py
[2026-06-02T10:29:05.077+0000] {processor.py:840} INFO - DAG(s) 'example_task_group_decorator' retrieved from /home/airflow/.local/lib/python3.12/site-packages/airflow/example_dags/example_task_group_decorator.py
[2026-06-02T10:29:05.100+0000] {logging_mixin.py:188} INFO - [2026-06-02T10:29:05.100+0000] {dag.py:3096} INFO - Sync 1 DAGs
[2026-06-02T10:29:05.125+0000] {logging_mixin.py:188} INFO - [2026-06-02T10:29:05.125+0000] {dag.py:3954} INFO - Setting next_dagrun for example_task_group_decorator to 2026-06-01 00:00:00+00:00, run_after=2026-06-02 00:00:00+00:00
[2026-06-02T10:29:05.143+0000] {processor.py:183} INFO - Processing /home/airflow/.local/lib/python3.12/site-packages/airflow/example_dags/example_task_group_decorator.py took 0.087 seconds
[2026-06-02T10:29:35.383+0000] {processor.py:161} INFO - Started process (PID=3299) to work on /home/airflow/.local/lib/python3.12/site-packages/airflow/example_dags/example_task_group_decorator.py
[2026-06-02T10:29:35.384+0000] {processor.py:830} INFO - Processing file /home/airflow/.local/lib/python3.12/site-packages/airflow/example_dags/example_task_group_decorator.py for tasks to queue
[2026-06-02T10:29:35.387+0000] {logging_mixin.py:188} INFO - [2026-06-02T10:29:35.386+0000] {dagbag.py:540} INFO - Filling up the DagBag from /home/airflow/.local/lib/python3.12/site-packages/airflow/example_dags/example_task_group_decorator.py
[2026-06-02T10:29:35.399+0000] {processor.py:840} INFO - DAG(s) 'example_task_group_decorator' retrieved from /home/airflow/.local/lib/python3.12/site-packages/airflow/example_dags/example_task_group_decorator.py
[2026-06-02T10:29:35.420+0000] {logging_mixin.py:188} INFO - [2026-06-02T10:29:35.420+0000] {dag.py:3096} INFO - Sync 1 DAGs
[2026-06-02T10:29:35.438+0000] {logging_mixin.py:188} INFO - [2026-06-02T10:29:35.437+0000] {dag.py:3954} INFO - Setting next_dagrun for example_task_group_decorator to 2026-06-01 00:00:00+00:00, run_after=2026-06-02 00:00:00+00:00
[2026-06-02T10:29:35.454+0000] {processor.py:183} INFO - Processing /home/airflow/.local/lib/python3.12/site-packages/airflow/example_dags/example_task_group_decorator.py took 0.076 seconds
[2026-06-02T10:30:05.764+0000] {processor.py:161} INFO - Started process (PID=3361) to work on /home/airflow/.local/lib/python3.12/site-packages/airflow/example_dags/example_task_group_decorator.py
[2026-06-02T10:30:05.765+0000] {processor.py:830} INFO - Processing file /home/airflow/.local/lib/python3.12/site-packages/airflow/example_dags/example_task_group_decorator.py for tasks to queue
[2026-06-02T10:30:05.767+0000] {logging_mixin.py:188} INFO - [2026-06-02T10:30:05.767+0000] {dagbag.py:540} INFO - Filling up the DagBag from /home/airflow/.local/lib/python3.12/site-packages/airflow/example_dags/example_task_group_decorator.py
[2026-06-02T10:30:05.780+0000] {processor.py:840} INFO - DAG(s) 'example_task_group_decorator' retrieved from /home/airflow/.local/lib/python3.12/site-packages/airflow/example_dags/example_task_group_decorator.py
[2026-06-02T10:30:05.801+0000] {logging_mixin.py:188} INFO - [2026-06-02T10:30:05.800+0000] {dag.py:3096} INFO - Sync 1 DAGs
[2026-06-02T10:30:05.819+0000] {logging_mixin.py:188} INFO - [2026-06-02T10:30:05.819+0000] {dag.py:3954} INFO - Setting next_dagrun for example_task_group_decorator to 2026-06-01 00:00:00+00:00, run_after=2026-06-02 00:00:00+00:00
[2026-06-02T10:30:05.835+0000] {processor.py:183} INFO - Processing /home/airflow/.local/lib/python3.12/site-packages/airflow/example_dags/example_task_group_decorator.py took 0.076 seconds
[2026-06-02T10:30:36.827+0000] {processor.py:161} INFO - Started process (PID=3423) to work on /home/airflow/.local/lib/python3.12/site-packages/airflow/example_dags/example_task_group_decorator.py
[2026-06-02T10:30:36.828+0000] {processor.py:830} INFO - Processing file /home/airflow/.local/lib/python3.12/site-packages/airflow/example_dags/example_task_group_decorator.py for tasks to queue
[2026-06-02T10:30:36.830+0000] {logging_mixin.py:188} INFO - [2026-06-02T10:30:36.830+0000] {dagbag.py:540} INFO - Filling up the DagBag from /home/airflow/.local/lib/python3.12/site-packages/airflow/example_dags/example_task_group_decorator.py
[2026-06-02T10:30:36.844+0000] {processor.py:840} INFO - DAG(s) 'example_task_group_decorator' retrieved from /home/airflow/.local/lib/python3.12/site-packages/airflow/example_dags/example_task_group_decorator.py
[2026-06-02T10:30:36.867+0000] {logging_mixin.py:188} INFO - [2026-06-02T10:30:36.867+0000] {dag.py:3096} INFO - Sync 1 DAGs
[2026-06-02T10:30:36.886+0000] {logging_mixin.py:188} INFO - [2026-06-02T10:30:36.886+0000] {dag.py:3954} INFO - Setting next_dagrun for example_task_group_decorator to 2026-06-01 00:00:00+00:00, run_after=2026-06-02 00:00:00+00:00
[2026-06-02T10:30:36.904+0000] {processor.py:183} INFO - Processing /home/airflow/.local/lib/python3.12/site-packages/airflow/example_dags/example_task_group_decorator.py took 0.083 seconds
[2026-06-02T10:31:07.211+0000] {processor.py:161} INFO - Started process (PID=3485) to work on /home/airflow/.local/lib/python3.12/site-packages/airflow/example_dags/example_task_group_decorator.py
[2026-06-02T10:31:07.212+0000] {processor.py:830} INFO - Processing file /home/airflow/.local/lib/python3.12/site-packages/airflow/example_dags/example_task_group_decorator.py for tasks to queue
[2026-06-02T10:31:07.214+0000] {logging_mixin.py:188} INFO - [2026-06-02T10:31:07.214+0000] {dagbag.py:540} INFO - Filling up the DagBag from /home/airflow/.local/lib/python3.12/site-packages/airflow/example_dags/example_task_group_decorator.py
[2026-06-02T10:31:07.225+0000] {processor.py:840} INFO - DAG(s) 'example_task_group_decorator' retrieved from /home/airflow/.local/lib/python3.12/site-packages/airflow/example_dags/example_task_group_decorator.py
[2026-06-02T10:31:07.246+0000] {logging_mixin.py:188} INFO - [2026-06-02T10:31:07.245+0000] {dag.py:3096} INFO - Sync 1 DAGs
[2026-06-02T10:31:07.263+0000] {logging_mixin.py:188} INFO - [2026-06-02T10:31:07.263+0000] {dag.py:3954} INFO - Setting next_dagrun for example_task_group_decorator to 2026-06-01 00:00:00+00:00, run_after=2026-06-02 00:00:00+00:00
[2026-06-02T10:31:07.279+0000] {processor.py:183} INFO - Processing /home/airflow/.local/lib/python3.12/site-packages/airflow/example_dags/example_task_group_decorator.py took 0.073 seconds
[2026-06-02T10:31:37.379+0000] {processor.py:161} INFO - Started process (PID=3547) to work on /home/airflow/.local/lib/python3.12/site-packages/airflow/example_dags/example_task_group_decorator.py
[2026-06-02T10:31:37.380+0000] {processor.py:830} INFO - Processing file /home/airflow/.local/lib/python3.12/site-packages/airflow/example_dags/example_task_group_decorator.py for tasks to queue
[2026-06-02T10:31:37.382+0000] {logging_mixin.py:188} INFO - [2026-06-02T10:31:37.381+0000] {dagbag.py:540} INFO - Filling up the DagBag from /home/airflow/.local/lib/python3.12/site-packages/airflow/example_dags/example_task_group_decorator.py
[2026-06-02T10:31:37.395+0000] {processor.py:840} INFO - DAG(s) 'example_task_group_decorator' retrieved from /home/airflow/.local/lib/python3.12/site-packages/airflow/example_dags/example_task_group_decorator.py
[2026-06-02T10:31:37.416+0000] {logging_mixin.py:188} INFO - [2026-06-02T10:31:37.416+0000] {dag.py:3096} INFO - Sync 1 DAGs
[2026-06-02T10:31:37.434+0000] {logging_mixin.py:188} INFO - [2026-06-02T10:31:37.434+0000] {dag.py:3954} INFO - Setting next_dagrun for example_task_group_decorator to 2026-06-01 00:00:00+00:00, run_after=2026-06-02 00:00:00+00:00
[2026-06-02T10:31:37.450+0000] {processor.py:183} INFO - Processing /home/airflow/.local/lib/python3.12/site-packages/airflow/example_dags/example_task_group_decorator.py took 0.075 seconds
[2026-06-02T10:32:07.737+0000] {processor.py:161} INFO - Started process (PID=3609) to work on /home/airflow/.local/lib/python3.12/site-packages/airflow/example_dags/example_task_group_decorator.py
[2026-06-02T10:32:07.739+0000] {processor.py:830} INFO - Processing file /home/airflow/.local/lib/python3.12/site-packages/airflow/example_dags/example_task_group_decorator.py for tasks to queue
[2026-06-02T10:32:07.741+0000] {logging_mixin.py:188} INFO - [2026-06-02T10:32:07.740+0000] {dagbag.py:540} INFO - Filling up the DagBag from /home/airflow/.local/lib/python3.12/site-packages/airflow/example_dags/example_task_group_decorator.py
[2026-06-02T10:32:07.754+0000] {processor.py:840} INFO - DAG(s) 'example_task_group_decorator' retrieved from /home/airflow/.local/lib/python3.12/site-packages/airflow/example_dags/example_task_group_decorator.py
[2026-06-02T10:32:07.778+0000] {logging_mixin.py:188} INFO - [2026-06-02T10:32:07.778+0000] {dag.py:3096} INFO - Sync 1 DAGs
[2026-06-02T10:32:07.797+0000] {logging_mixin.py:188} INFO - [2026-06-02T10:32:07.797+0000] {dag.py:3954} INFO - Setting next_dagrun for example_task_group_decorator to 2026-06-01 00:00:00+00:00, run_after=2026-06-02 00:00:00+00:00
[2026-06-02T10:32:07.814+0000] {processor.py:183} INFO - Processing /home/airflow/.local/lib/python3.12/site-packages/airflow/example_dags/example_task_group_decorator.py took 0.082 seconds
[2026-06-02T10:32:37.982+0000] {processor.py:161} INFO - Started process (PID=3671) to work on /home/airflow/.local/lib/python3.12/site-packages/airflow/example_dags/example_task_group_decorator.py
[2026-06-02T10:32:37.983+0000] {processor.py:830} INFO - Processing file /home/airflow/.local/lib/python3.12/site-packages/airflow/example_dags/example_task_group_decorator.py for tasks to queue
[2026-06-02T10:32:37.985+0000] {logging_mixin.py:188} INFO - [2026-06-02T10:32:37.985+0000] {dagbag.py:540} INFO - Filling up the DagBag from /home/airflow/.local/lib/python3.12/site-packages/airflow/example_dags/example_task_group_decorator.py
[2026-06-02T10:32:38.000+0000] {processor.py:840} INFO - DAG(s) 'example_task_group_decorator' retrieved from /home/airflow/.local/lib/python3.12/site-packages/airflow/example_dags/example_task_group_decorator.py
[2026-06-02T10:32:38.025+0000] {logging_mixin.py:188} INFO - [2026-06-02T10:32:38.025+0000] {dag.py:3096} INFO - Sync 1 DAGs
[2026-06-02T10:32:38.044+0000] {logging_mixin.py:188} INFO - [2026-06-02T10:32:38.044+0000] {dag.py:3954} INFO - Setting next_dagrun for example_task_group_decorator to 2026-06-01 00:00:00+00:00, run_after=2026-06-02 00:00:00+00:00
[2026-06-02T10:32:38.061+0000] {processor.py:183} INFO - Processing /home/airflow/.local/lib/python3.12/site-packages/airflow/example_dags/example_task_group_decorator.py took 0.085 seconds
[2026-06-02T10:33:08.568+0000] {processor.py:161} INFO - Started process (PID=3733) to work on /home/airflow/.local/lib/python3.12/site-packages/airflow/example_dags/example_task_group_decorator.py
[2026-06-02T10:33:08.569+0000] {processor.py:830} INFO - Processing file /home/airflow/.local/lib/python3.12/site-packages/airflow/example_dags/example_task_group_decorator.py for tasks to queue
[2026-06-02T10:33:08.572+0000] {logging_mixin.py:188} INFO - [2026-06-02T10:33:08.571+0000] {dagbag.py:540} INFO - Filling up the DagBag from /home/airflow/.local/lib/python3.12/site-packages/airflow/example_dags/example_task_group_decorator.py
[2026-06-02T10:33:08.588+0000] {processor.py:840} INFO - DAG(s) 'example_task_group_decorator' retrieved from /home/airflow/.local/lib/python3.12/site-packages/airflow/example_dags/example_task_group_decorator.py
[2026-06-02T10:33:08.614+0000] {logging_mixin.py:188} INFO - [2026-06-02T10:33:08.614+0000] {dag.py:3096} INFO - Sync 1 DAGs
[2026-06-02T10:33:08.636+0000] {logging_mixin.py:188} INFO - [2026-06-02T10:33:08.636+0000] {dag.py:3954} INFO - Setting next_dagrun for example_task_group_decorator to 2026-06-01 00:00:00+00:00, run_after=2026-06-02 00:00:00+00:00
[2026-06-02T10:33:08.653+0000] {processor.py:183} INFO - Processing /home/airflow/.local/lib/python3.12/site-packages/airflow/example_dags/example_task_group_decorator.py took 0.093 seconds
[2026-06-02T10:33:39.412+0000] {processor.py:161} INFO - Started process (PID=3795) to work on /home/airflow/.local/lib/python3.12/site-packages/airflow/example_dags/example_task_group_decorator.py
[2026-06-02T10:33:39.414+0000] {processor.py:830} INFO - Processing file /home/airflow/.local/lib/python3.12/site-packages/airflow/example_dags/example_task_group_decorator.py for tasks to queue
[2026-06-02T10:33:39.416+0000] {logging_mixin.py:188} INFO - [2026-06-02T10:33:39.416+0000] {dagbag.py:540} INFO - Filling up the DagBag from /home/airflow/.local/lib/python3.12/site-packages/airflow/example_dags/example_task_group_decorator.py
[2026-06-02T10:33:39.428+0000] {processor.py:840} INFO - DAG(s) 'example_task_group_decorator' retrieved from /home/airflow/.local/lib/python3.12/site-packages/airflow/example_dags/example_task_group_decorator.py
[2026-06-02T10:33:39.451+0000] {logging_mixin.py:188} INFO - [2026-06-02T10:33:39.450+0000] {dag.py:3096} INFO - Sync 1 DAGs
[2026-06-02T10:33:39.470+0000] {logging_mixin.py:188} INFO - [2026-06-02T10:33:39.470+0000] {dag.py:3954} INFO - Setting next_dagrun for example_task_group_decorator to 2026-06-01 00:00:00+00:00, run_after=2026-06-02 00:00:00+00:00
[2026-06-02T10:33:39.487+0000] {processor.py:183} INFO - Processing /home/airflow/.local/lib/python3.12/site-packages/airflow/example_dags/example_task_group_decorator.py took 0.080 seconds
[2026-06-02T10:34:09.707+0000] {processor.py:161} INFO - Started process (PID=3857) to work on /home/airflow/.local/lib/python3.12/site-packages/airflow/example_dags/example_task_group_decorator.py
[2026-06-02T10:34:09.708+0000] {processor.py:830} INFO - Processing file /home/airflow/.local/lib/python3.12/site-packages/airflow/example_dags/example_task_group_decorator.py for tasks to queue
[2026-06-02T10:34:09.710+0000] {logging_mixin.py:188} INFO - [2026-06-02T10:34:09.710+0000] {dagbag.py:540} INFO - Filling up the DagBag from /home/airflow/.local/lib/python3.12/site-packages/airflow/example_dags/example_task_group_decorator.py
[2026-06-02T10:34:09.731+0000] {processor.py:840} INFO - DAG(s) 'example_task_group_decorator' retrieved from /home/airflow/.local/lib/python3.12/site-packages/airflow/example_dags/example_task_group_decorator.py
[2026-06-02T10:34:09.759+0000] {logging_mixin.py:188} INFO - [2026-06-02T10:34:09.759+0000] {dag.py:3096} INFO - Sync 1 DAGs
[2026-06-02T10:34:09.787+0000] {logging_mixin.py:188} INFO - [2026-06-02T10:34:09.786+0000] {dag.py:3954} INFO - Setting next_dagrun for example_task_group_decorator to 2026-06-01 00:00:00+00:00, run_after=2026-06-02 00:00:00+00:00
[2026-06-02T10:34:09.812+0000] {processor.py:183} INFO - Processing /home/airflow/.local/lib/python3.12/site-packages/airflow/example_dags/example_task_group_decorator.py took 0.110 seconds
[2026-06-02T10:34:40.115+0000] {processor.py:161} INFO - Started process (PID=3919) to work on /home/airflow/.local/lib/python3.12/site-packages/airflow/example_dags/example_task_group_decorator.py
[2026-06-02T10:34:40.116+0000] {processor.py:830} INFO - Processing file /home/airflow/.local/lib/python3.12/site-packages/airflow/example_dags/example_task_group_decorator.py for tasks to queue
[2026-06-02T10:34:40.119+0000] {logging_mixin.py:188} INFO - [2026-06-02T10:34:40.118+0000] {dagbag.py:540} INFO - Filling up the DagBag from /home/airflow/.local/lib/python3.12/site-packages/airflow/example_dags/example_task_group_decorator.py
[2026-06-02T10:34:40.132+0000] {processor.py:840} INFO - DAG(s) 'example_task_group_decorator' retrieved from /home/airflow/.local/lib/python3.12/site-packages/airflow/example_dags/example_task_group_decorator.py
[2026-06-02T10:34:40.155+0000] {logging_mixin.py:188} INFO - [2026-06-02T10:34:40.155+0000] {dag.py:3096} INFO - Sync 1 DAGs
[2026-06-02T10:34:40.176+0000] {logging_mixin.py:188} INFO - [2026-06-02T10:34:40.176+0000] {dag.py:3954} INFO - Setting next_dagrun for example_task_group_decorator to 2026-06-01 00:00:00+00:00, run_after=2026-06-02 00:00:00+00:00
[2026-06-02T10:34:40.194+0000] {processor.py:183} INFO - Processing /home/airflow/.local/lib/python3.12/site-packages/airflow/example_dags/example_task_group_decorator.py took 0.085 seconds
[2026-06-02T10:35:10.691+0000] {processor.py:161} INFO - Started process (PID=3981) to work on /home/airflow/.local/lib/python3.12/site-packages/airflow/example_dags/example_task_group_decorator.py
[2026-06-02T10:35:10.693+0000] {processor.py:830} INFO - Processing file /home/airflow/.local/lib/python3.12/site-packages/airflow/example_dags/example_task_group_decorator.py for tasks to queue
[2026-06-02T10:35:10.695+0000] {logging_mixin.py:188} INFO - [2026-06-02T10:35:10.694+0000] {dagbag.py:540} INFO - Filling up the DagBag from /home/airflow/.local/lib/python3.12/site-packages/airflow/example_dags/example_task_group_decorator.py
[2026-06-02T10:35:10.706+0000] {processor.py:840} INFO - DAG(s) 'example_task_group_decorator' retrieved from /home/airflow/.local/lib/python3.12/site-packages/airflow/example_dags/example_task_group_decorator.py
[2026-06-02T10:35:10.726+0000] {logging_mixin.py:188} INFO - [2026-06-02T10:35:10.726+0000] {dag.py:3096} INFO - Sync 1 DAGs
[2026-06-02T10:35:10.748+0000] {logging_mixin.py:188} INFO - [2026-06-02T10:35:10.748+0000] {dag.py:3954} INFO - Setting next_dagrun for example_task_group_decorator to 2026-06-01 00:00:00+00:00, run_after=2026-06-02 00:00:00+00:00
[2026-06-02T10:35:10.768+0000] {processor.py:183} INFO - Processing /home/airflow/.local/lib/python3.12/site-packages/airflow/example_dags/example_task_group_decorator.py took 0.082 seconds
[2026-06-02T10:35:41.073+0000] {processor.py:161} INFO - Started process (PID=4043) to work on /home/airflow/.local/lib/python3.12/site-packages/airflow/example_dags/example_task_group_decorator.py
[2026-06-02T10:35:41.075+0000] {processor.py:830} INFO - Processing file /home/airflow/.local/lib/python3.12/site-packages/airflow/example_dags/example_task_group_decorator.py for tasks to queue
[2026-06-02T10:35:41.077+0000] {logging_mixin.py:188} INFO - [2026-06-02T10:35:41.076+0000] {dagbag.py:540} INFO - Filling up the DagBag from /home/airflow/.local/lib/python3.12/site-packages/airflow/example_dags/example_task_group_decorator.py
[2026-06-02T10:35:41.089+0000] {processor.py:840} INFO - DAG(s) 'example_task_group_decorator' retrieved from /home/airflow/.local/lib/python3.12/site-packages/airflow/example_dags/example_task_group_decorator.py
[2026-06-02T10:35:41.110+0000] {logging_mixin.py:188} INFO - [2026-06-02T10:35:41.110+0000] {dag.py:3096} INFO - Sync 1 DAGs
[2026-06-02T10:35:41.128+0000] {logging_mixin.py:188} INFO - [2026-06-02T10:35:41.128+0000] {dag.py:3954} INFO - Setting next_dagrun for example_task_group_decorator to 2026-06-01 00:00:00+00:00, run_after=2026-06-02 00:00:00+00:00
[2026-06-02T10:35:41.144+0000] {processor.py:183} INFO - Processing /home/airflow/.local/lib/python3.12/site-packages/airflow/example_dags/example_task_group_decorator.py took 0.076 seconds
[2026-06-02T10:36:11.720+0000] {processor.py:161} INFO - Started process (PID=4105) to work on /home/airflow/.local/lib/python3.12/site-packages/airflow/example_dags/example_task_group_decorator.py
[2026-06-02T10:36:11.721+0000] {processor.py:830} INFO - Processing file /home/airflow/.local/lib/python3.12/site-packages/airflow/example_dags/example_task_group_decorator.py for tasks to queue
[2026-06-02T10:36:11.723+0000] {logging_mixin.py:188} INFO - [2026-06-02T10:36:11.723+0000] {dagbag.py:540} INFO - Filling up the DagBag from /home/airflow/.local/lib/python3.12/site-packages/airflow/example_dags/example_task_group_decorator.py
[2026-06-02T10:36:11.737+0000] {processor.py:840} INFO - DAG(s) 'example_task_group_decorator' retrieved from /home/airflow/.local/lib/python3.12/site-packages/airflow/example_dags/example_task_group_decorator.py
[2026-06-02T10:36:11.761+0000] {logging_mixin.py:188} INFO - [2026-06-02T10:36:11.761+0000] {dag.py:3096} INFO - Sync 1 DAGs
[2026-06-02T10:36:11.786+0000] {logging_mixin.py:188} INFO - [2026-06-02T10:36:11.786+0000] {dag.py:3954} INFO - Setting next_dagrun for example_task_group_decorator to 2026-06-01 00:00:00+00:00, run_after=2026-06-02 00:00:00+00:00
[2026-06-02T10:36:11.804+0000] {processor.py:183} INFO - Processing /home/airflow/.local/lib/python3.12/site-packages/airflow/example_dags/example_task_group_decorator.py took 0.089 seconds
[2026-06-02T10:36:42.133+0000] {processor.py:161} INFO - Started process (PID=4167) to work on /home/airflow/.local/lib/python3.12/site-packages/airflow/example_dags/example_task_group_decorator.py
[2026-06-02T10:36:42.135+0000] {processor.py:830} INFO - Processing file /home/airflow/.local/lib/python3.12/site-packages/airflow/example_dags/example_task_group_decorator.py for tasks to queue
[2026-06-02T10:36:42.137+0000] {logging_mixin.py:188} INFO - [2026-06-02T10:36:42.136+0000] {dagbag.py:540} INFO - Filling up the DagBag from /home/airflow/.local/lib/python3.12/site-packages/airflow/example_dags/example_task_group_decorator.py
[2026-06-02T10:36:42.149+0000] {processor.py:840} INFO - DAG(s) 'example_task_group_decorator' retrieved from /home/airflow/.local/lib/python3.12/site-packages/airflow/example_dags/example_task_group_decorator.py
[2026-06-02T10:36:42.172+0000] {logging_mixin.py:188} INFO - [2026-06-02T10:36:42.172+0000] {dag.py:3096} INFO - Sync 1 DAGs
[2026-06-02T10:36:42.194+0000] {logging_mixin.py:188} INFO - [2026-06-02T10:36:42.194+0000] {dag.py:3954} INFO - Setting next_dagrun for example_task_group_decorator to 2026-06-01 00:00:00+00:00, run_after=2026-06-02 00:00:00+00:00
[2026-06-02T10:36:42.214+0000] {processor.py:183} INFO - Processing /home/airflow/.local/lib/python3.12/site-packages/airflow/example_dags/example_task_group_decorator.py took 0.086 seconds
[2026-06-02T10:37:12.555+0000] {processor.py:161} INFO - Started process (PID=4229) to work on /home/airflow/.local/lib/python3.12/site-packages/airflow/example_dags/example_task_group_decorator.py
[2026-06-02T10:37:12.556+0000] {processor.py:830} INFO - Processing file /home/airflow/.local/lib/python3.12/site-packages/airflow/example_dags/example_task_group_decorator.py for tasks to queue
[2026-06-02T10:37:12.558+0000] {logging_mixin.py:188} INFO - [2026-06-02T10:37:12.558+0000] {dagbag.py:540} INFO - Filling up the DagBag from /home/airflow/.local/lib/python3.12/site-packages/airflow/example_dags/example_task_group_decorator.py
[2026-06-02T10:37:12.570+0000] {processor.py:840} INFO - DAG(s) 'example_task_group_decorator' retrieved from /home/airflow/.local/lib/python3.12/site-packages/airflow/example_dags/example_task_group_decorator.py
[2026-06-02T10:37:12.590+0000] {logging_mixin.py:188} INFO - [2026-06-02T10:37:12.590+0000] {dag.py:3096} INFO - Sync 1 DAGs
[2026-06-02T10:37:12.607+0000] {logging_mixin.py:188} INFO - [2026-06-02T10:37:12.607+0000] {dag.py:3954} INFO - Setting next_dagrun for example_task_group_decorator to 2026-06-01 00:00:00+00:00, run_after=2026-06-02 00:00:00+00:00
[2026-06-02T10:37:12.622+0000] {processor.py:183} INFO - Processing /home/airflow/.local/lib/python3.12/site-packages/airflow/example_dags/example_task_group_decorator.py took 0.072 seconds
[2026-06-02T10:37:43.033+0000] {processor.py:161} INFO - Started process (PID=4291) to work on /home/airflow/.local/lib/python3.12/site-packages/airflow/example_dags/example_task_group_decorator.py
[2026-06-02T10:37:43.034+0000] {processor.py:830} INFO - Processing file /home/airflow/.local/lib/python3.12/site-packages/airflow/example_dags/example_task_group_decorator.py for tasks to queue
[2026-06-02T10:37:43.037+0000] {logging_mixin.py:188} INFO - [2026-06-02T10:37:43.036+0000] {dagbag.py:540} INFO - Filling up the DagBag from /home/airflow/.local/lib/python3.12/site-packages/airflow/example_dags/example_task_group_decorator.py
[2026-06-02T10:37:43.049+0000] {processor.py:840} INFO - DAG(s) 'example_task_group_decorator' retrieved from /home/airflow/.local/lib/python3.12/site-packages/airflow/example_dags/example_task_group_decorator.py
[2026-06-02T10:37:43.074+0000] {logging_mixin.py:188} INFO - [2026-06-02T10:37:43.074+0000] {dag.py:3096} INFO - Sync 1 DAGs
[2026-06-02T10:37:43.094+0000] {logging_mixin.py:188} INFO - [2026-06-02T10:37:43.094+0000] {dag.py:3954} INFO - Setting next_dagrun for example_task_group_decorator to 2026-06-01 00:00:00+00:00, run_after=2026-06-02 00:00:00+00:00
[2026-06-02T10:37:43.113+0000] {processor.py:183} INFO - Processing /home/airflow/.local/lib/python3.12/site-packages/airflow/example_dags/example_task_group_decorator.py took 0.088 seconds
[2026-06-02T10:38:13.410+0000] {processor.py:161} INFO - Started process (PID=4353) to work on /home/airflow/.local/lib/python3.12/site-packages/airflow/example_dags/example_task_group_decorator.py
[2026-06-02T10:38:13.411+0000] {processor.py:830} INFO - Processing file /home/airflow/.local/lib/python3.12/site-packages/airflow/example_dags/example_task_group_decorator.py for tasks to queue
[2026-06-02T10:38:13.413+0000] {logging_mixin.py:188} INFO - [2026-06-02T10:38:13.413+0000] {dagbag.py:540} INFO - Filling up the DagBag from /home/airflow/.local/lib/python3.12/site-packages/airflow/example_dags/example_task_group_decorator.py
[2026-06-02T10:38:13.428+0000] {processor.py:840} INFO - DAG(s) 'example_task_group_decorator' retrieved from /home/airflow/.local/lib/python3.12/site-packages/airflow/example_dags/example_task_group_decorator.py
[2026-06-02T10:38:13.449+0000] {logging_mixin.py:188} INFO - [2026-06-02T10:38:13.449+0000] {dag.py:3096} INFO - Sync 1 DAGs
[2026-06-02T10:38:13.469+0000] {logging_mixin.py:188} INFO - [2026-06-02T10:38:13.469+0000] {dag.py:3954} INFO - Setting next_dagrun for example_task_group_decorator to 2026-06-01 00:00:00+00:00, run_after=2026-06-02 00:00:00+00:00
[2026-06-02T10:38:13.485+0000] {processor.py:183} INFO - Processing /home/airflow/.local/lib/python3.12/site-packages/airflow/example_dags/example_task_group_decorator.py took 0.081 seconds
[2026-06-02T10:38:43.805+0000] {processor.py:161} INFO - Started process (PID=4415) to work on /home/airflow/.local/lib/python3.12/site-packages/airflow/example_dags/example_task_group_decorator.py
[2026-06-02T10:38:43.806+0000] {processor.py:830} INFO - Processing file /home/airflow/.local/lib/python3.12/site-packages/airflow/example_dags/example_task_group_decorator.py for tasks to queue
[2026-06-02T10:38:43.808+0000] {logging_mixin.py:188} INFO - [2026-06-02T10:38:43.808+0000] {dagbag.py:540} INFO - Filling up the DagBag from /home/airflow/.local/lib/python3.12/site-packages/airflow/example_dags/example_task_group_decorator.py
[2026-06-02T10:38:43.821+0000] {processor.py:840} INFO - DAG(s) 'example_task_group_decorator' retrieved from /home/airflow/.local/lib/python3.12/site-packages/airflow/example_dags/example_task_group_decorator.py
[2026-06-02T10:38:43.845+0000] {logging_mixin.py:188} INFO - [2026-06-02T10:38:43.845+0000] {dag.py:3096} INFO - Sync 1 DAGs
[2026-06-02T10:38:43.868+0000] {logging_mixin.py:188} INFO - [2026-06-02T10:38:43.867+0000] {dag.py:3954} INFO - Setting next_dagrun for example_task_group_decorator to 2026-06-01 00:00:00+00:00, run_after=2026-06-02 00:00:00+00:00
[2026-06-02T10:38:43.894+0000] {processor.py:183} INFO - Processing /home/airflow/.local/lib/python3.12/site-packages/airflow/example_dags/example_task_group_decorator.py took 0.096 seconds
[2026-06-02T10:39:14.068+0000] {processor.py:161} INFO - Started process (PID=4477) to work on /home/airflow/.local/lib/python3.12/site-packages/airflow/example_dags/example_task_group_decorator.py
[2026-06-02T10:39:14.070+0000] {processor.py:830} INFO - Processing file /home/airflow/.local/lib/python3.12/site-packages/airflow/example_dags/example_task_group_decorator.py for tasks to queue
[2026-06-02T10:39:14.071+0000] {logging_mixin.py:188} INFO - [2026-06-02T10:39:14.071+0000] {dagbag.py:540} INFO - Filling up the DagBag from /home/airflow/.local/lib/python3.12/site-packages/airflow/example_dags/example_task_group_decorator.py
[2026-06-02T10:39:14.085+0000] {processor.py:840} INFO - DAG(s) 'example_task_group_decorator' retrieved from /home/airflow/.local/lib/python3.12/site-packages/airflow/example_dags/example_task_group_decorator.py
[2026-06-02T10:39:14.107+0000] {logging_mixin.py:188} INFO - [2026-06-02T10:39:14.106+0000] {dag.py:3096} INFO - Sync 1 DAGs
[2026-06-02T10:39:14.126+0000] {logging_mixin.py:188} INFO - [2026-06-02T10:39:14.126+0000] {dag.py:3954} INFO - Setting next_dagrun for example_task_group_decorator to 2026-06-01 00:00:00+00:00, run_after=2026-06-02 00:00:00+00:00
[2026-06-02T10:39:14.142+0000] {processor.py:183} INFO - Processing /home/airflow/.local/lib/python3.12/site-packages/airflow/example_dags/example_task_group_decorator.py took 0.080 seconds
[2026-06-02T10:39:44.899+0000] {processor.py:161} INFO - Started process (PID=4539) to work on /home/airflow/.local/lib/python3.12/site-packages/airflow/example_dags/example_task_group_decorator.py
[2026-06-02T10:39:44.901+0000] {processor.py:830} INFO - Processing file /home/airflow/.local/lib/python3.12/site-packages/airflow/example_dags/example_task_group_decorator.py for tasks to queue
[2026-06-02T10:39:44.903+0000] {logging_mixin.py:188} INFO - [2026-06-02T10:39:44.902+0000] {dagbag.py:540} INFO - Filling up the DagBag from /home/airflow/.local/lib/python3.12/site-packages/airflow/example_dags/example_task_group_decorator.py
[2026-06-02T10:39:44.915+0000] {processor.py:840} INFO - DAG(s) 'example_task_group_decorator' retrieved from /home/airflow/.local/lib/python3.12/site-packages/airflow/example_dags/example_task_group_decorator.py
[2026-06-02T10:39:44.937+0000] {logging_mixin.py:188} INFO - [2026-06-02T10:39:44.936+0000] {dag.py:3096} INFO - Sync 1 DAGs
[2026-06-02T10:39:44.957+0000] {logging_mixin.py:188} INFO - [2026-06-02T10:39:44.956+0000] {dag.py:3954} INFO - Setting next_dagrun for example_task_group_decorator to 2026-06-01 00:00:00+00:00, run_after=2026-06-02 00:00:00+00:00
[2026-06-02T10:39:44.972+0000] {processor.py:183} INFO - Processing /home/airflow/.local/lib/python3.12/site-packages/airflow/example_dags/example_task_group_decorator.py took 0.079 seconds
[2026-06-02T10:40:15.164+0000] {processor.py:161} INFO - Started process (PID=4601) to work on /home/airflow/.local/lib/python3.12/site-packages/airflow/example_dags/example_task_group_decorator.py
[2026-06-02T10:40:15.165+0000] {processor.py:830} INFO - Processing file /home/airflow/.local/lib/python3.12/site-packages/airflow/example_dags/example_task_group_decorator.py for tasks to queue
[2026-06-02T10:40:15.168+0000] {logging_mixin.py:188} INFO - [2026-06-02T10:40:15.167+0000] {dagbag.py:540} INFO - Filling up the DagBag from /home/airflow/.local/lib/python3.12/site-packages/airflow/example_dags/example_task_group_decorator.py
[2026-06-02T10:40:15.180+0000] {processor.py:840} INFO - DAG(s) 'example_task_group_decorator' retrieved from /home/airflow/.local/lib/python3.12/site-packages/airflow/example_dags/example_task_group_decorator.py
[2026-06-02T10:40:15.202+0000] {logging_mixin.py:188} INFO - [2026-06-02T10:40:15.202+0000] {dag.py:3096} INFO - Sync 1 DAGs
[2026-06-02T10:40:15.221+0000] {logging_mixin.py:188} INFO - [2026-06-02T10:40:15.221+0000] {dag.py:3954} INFO - Setting next_dagrun for example_task_group_decorator to 2026-06-01 00:00:00+00:00, run_after=2026-06-02 00:00:00+00:00
[2026-06-02T10:40:15.240+0000] {processor.py:183} INFO - Processing /home/airflow/.local/lib/python3.12/site-packages/airflow/example_dags/example_task_group_decorator.py took 0.081 seconds
[2026-06-02T10:40:45.692+0000] {processor.py:161} INFO - Started process (PID=4663) to work on /home/airflow/.local/lib/python3.12/site-packages/airflow/example_dags/example_task_group_decorator.py
[2026-06-02T10:40:45.694+0000] {processor.py:830} INFO - Processing file /home/airflow/.local/lib/python3.12/site-packages/airflow/example_dags/example_task_group_decorator.py for tasks to queue
[2026-06-02T10:40:45.696+0000] {logging_mixin.py:188} INFO - [2026-06-02T10:40:45.696+0000] {dagbag.py:540} INFO - Filling up the DagBag from /home/airflow/.local/lib/python3.12/site-packages/airflow/example_dags/example_task_group_decorator.py
[2026-06-02T10:40:45.710+0000] {processor.py:840} INFO - DAG(s) 'example_task_group_decorator' retrieved from /home/airflow/.local/lib/python3.12/site-packages/airflow/example_dags/example_task_group_decorator.py
[2026-06-02T10:40:45.734+0000] {logging_mixin.py:188} INFO - [2026-06-02T10:40:45.733+0000] {dag.py:3096} INFO - Sync 1 DAGs
[2026-06-02T10:40:45.756+0000] {logging_mixin.py:188} INFO - [2026-06-02T10:40:45.756+0000] {dag.py:3954} INFO - Setting next_dagrun for example_task_group_decorator to 2026-06-01 00:00:00+00:00, run_after=2026-06-02 00:00:00+00:00
[2026-06-02T10:40:45.777+0000] {processor.py:183} INFO - Processing /home/airflow/.local/lib/python3.12/site-packages/airflow/example_dags/example_task_group_decorator.py took 0.092 seconds
[2026-06-02T10:41:16.544+0000] {processor.py:161} INFO - Started process (PID=4725) to work on /home/airflow/.local/lib/python3.12/site-packages/airflow/example_dags/example_task_group_decorator.py
[2026-06-02T10:41:16.545+0000] {processor.py:830} INFO - Processing file /home/airflow/.local/lib/python3.12/site-packages/airflow/example_dags/example_task_group_decorator.py for tasks to queue
[2026-06-02T10:41:16.548+0000] {logging_mixin.py:188} INFO - [2026-06-02T10:41:16.548+0000] {dagbag.py:540} INFO - Filling up the DagBag from /home/airflow/.local/lib/python3.12/site-packages/airflow/example_dags/example_task_group_decorator.py
[2026-06-02T10:41:16.568+0000] {processor.py:840} INFO - DAG(s) 'example_task_group_decorator' retrieved from /home/airflow/.local/lib/python3.12/site-packages/airflow/example_dags/example_task_group_decorator.py
[2026-06-02T10:41:16.592+0000] {logging_mixin.py:188} INFO - [2026-06-02T10:41:16.592+0000] {dag.py:3096} INFO - Sync 1 DAGs
[2026-06-02T10:41:16.617+0000] {logging_mixin.py:188} INFO - [2026-06-02T10:41:16.617+0000] {dag.py:3954} INFO - Setting next_dagrun for example_task_group_decorator to 2026-06-01 00:00:00+00:00, run_after=2026-06-02 00:00:00+00:00
[2026-06-02T10:41:16.635+0000] {processor.py:183} INFO - Processing /home/airflow/.local/lib/python3.12/site-packages/airflow/example_dags/example_task_group_decorator.py took 0.098 seconds
[2026-06-02T10:41:46.833+0000] {processor.py:161} INFO - Started process (PID=4787) to work on /home/airflow/.local/lib/python3.12/site-packages/airflow/example_dags/example_task_group_decorator.py
[2026-06-02T10:41:46.834+0000] {processor.py:830} INFO - Processing file /home/airflow/.local/lib/python3.12/site-packages/airflow/example_dags/example_task_group_decorator.py for tasks to queue
[2026-06-02T10:41:46.835+0000] {logging_mixin.py:188} INFO - [2026-06-02T10:41:46.835+0000] {dagbag.py:540} INFO - Filling up the DagBag from /home/airflow/.local/lib/python3.12/site-packages/airflow/example_dags/example_task_group_decorator.py
[2026-06-02T10:41:46.847+0000] {processor.py:840} INFO - DAG(s) 'example_task_group_decorator' retrieved from /home/airflow/.local/lib/python3.12/site-packages/airflow/example_dags/example_task_group_decorator.py
[2026-06-02T10:41:46.868+0000] {logging_mixin.py:188} INFO - [2026-06-02T10:41:46.868+0000] {dag.py:3096} INFO - Sync 1 DAGs
[2026-06-02T10:41:46.888+0000] {logging_mixin.py:188} INFO - [2026-06-02T10:41:46.888+0000] {dag.py:3954} INFO - Setting next_dagrun for example_task_group_decorator to 2026-06-01 00:00:00+00:00, run_after=2026-06-02 00:00:00+00:00
[2026-06-02T10:41:46.905+0000] {processor.py:183} INFO - Processing /home/airflow/.local/lib/python3.12/site-packages/airflow/example_dags/example_task_group_decorator.py took 0.078 seconds
[2026-06-02T10:42:17.042+0000] {processor.py:161} INFO - Started process (PID=4849) to work on /home/airflow/.local/lib/python3.12/site-packages/airflow/example_dags/example_task_group_decorator.py
[2026-06-02T10:42:17.043+0000] {processor.py:830} INFO - Processing file /home/airflow/.local/lib/python3.12/site-packages/airflow/example_dags/example_task_group_decorator.py for tasks to queue
[2026-06-02T10:42:17.045+0000] {logging_mixin.py:188} INFO - [2026-06-02T10:42:17.044+0000] {dagbag.py:540} INFO - Filling up the DagBag from /home/airflow/.local/lib/python3.12/site-packages/airflow/example_dags/example_task_group_decorator.py
[2026-06-02T10:42:17.057+0000] {processor.py:840} INFO - DAG(s) 'example_task_group_decorator' retrieved from /home/airflow/.local/lib/python3.12/site-packages/airflow/example_dags/example_task_group_decorator.py
[2026-06-02T10:42:17.079+0000] {logging_mixin.py:188} INFO - [2026-06-02T10:42:17.079+0000] {dag.py:3096} INFO - Sync 1 DAGs
[2026-06-02T10:42:17.098+0000] {logging_mixin.py:188} INFO - [2026-06-02T10:42:17.098+0000] {dag.py:3954} INFO - Setting next_dagrun for example_task_group_decorator to 2026-06-01 00:00:00+00:00, run_after=2026-06-02 00:00:00+00:00
[2026-06-02T10:42:17.116+0000] {processor.py:183} INFO - Processing /home/airflow/.local/lib/python3.12/site-packages/airflow/example_dags/example_task_group_decorator.py took 0.079 seconds
[2026-06-02T10:42:47.248+0000] {processor.py:161} INFO - Started process (PID=4910) to work on /home/airflow/.local/lib/python3.12/site-packages/airflow/example_dags/example_task_group_decorator.py
[2026-06-02T10:42:47.249+0000] {processor.py:830} INFO - Processing file /home/airflow/.local/lib/python3.12/site-packages/airflow/example_dags/example_task_group_decorator.py for tasks to queue
[2026-06-02T10:42:47.251+0000] {logging_mixin.py:188} INFO - [2026-06-02T10:42:47.251+0000] {dagbag.py:540} INFO - Filling up the DagBag from /home/airflow/.local/lib/python3.12/site-packages/airflow/example_dags/example_task_group_decorator.py
[2026-06-02T10:42:47.263+0000] {processor.py:840} INFO - DAG(s) 'example_task_group_decorator' retrieved from /home/airflow/.local/lib/python3.12/site-packages/airflow/example_dags/example_task_group_decorator.py
[2026-06-02T10:42:47.283+0000] {logging_mixin.py:188} INFO - [2026-06-02T10:42:47.283+0000] {dag.py:3096} INFO - Sync 1 DAGs
[2026-06-02T10:42:47.301+0000] {logging_mixin.py:188} INFO - [2026-06-02T10:42:47.301+0000] {dag.py:3954} INFO - Setting next_dagrun for example_task_group_decorator to 2026-06-01 00:00:00+00:00, run_after=2026-06-02 00:00:00+00:00
[2026-06-02T10:42:47.317+0000] {processor.py:183} INFO - Processing /home/airflow/.local/lib/python3.12/site-packages/airflow/example_dags/example_task_group_decorator.py took 0.075 seconds
[2026-06-02T10:43:17.567+0000] {processor.py:161} INFO - Started process (PID=4972) to work on /home/airflow/.local/lib/python3.12/site-packages/airflow/example_dags/example_task_group_decorator.py
[2026-06-02T10:43:17.568+0000] {processor.py:830} INFO - Processing file /home/airflow/.local/lib/python3.12/site-packages/airflow/example_dags/example_task_group_decorator.py for tasks to queue
[2026-06-02T10:43:17.570+0000] {logging_mixin.py:188} INFO - [2026-06-02T10:43:17.570+0000] {dagbag.py:540} INFO - Filling up the DagBag from /home/airflow/.local/lib/python3.12/site-packages/airflow/example_dags/example_task_group_decorator.py
[2026-06-02T10:43:17.581+0000] {processor.py:840} INFO - DAG(s) 'example_task_group_decorator' retrieved from /home/airflow/.local/lib/python3.12/site-packages/airflow/example_dags/example_task_group_decorator.py
[2026-06-02T10:43:17.602+0000] {logging_mixin.py:188} INFO - [2026-06-02T10:43:17.602+0000] {dag.py:3096} INFO - Sync 1 DAGs
[2026-06-02T10:43:17.620+0000] {logging_mixin.py:188} INFO - [2026-06-02T10:43:17.619+0000] {dag.py:3954} INFO - Setting next_dagrun for example_task_group_decorator to 2026-06-01 00:00:00+00:00, run_after=2026-06-02 00:00:00+00:00
[2026-06-02T10:43:17.637+0000] {processor.py:183} INFO - Processing /home/airflow/.local/lib/python3.12/site-packages/airflow/example_dags/example_task_group_decorator.py took 0.075 seconds
[2026-06-02T10:43:47.764+0000] {processor.py:161} INFO - Started process (PID=5034) to work on /home/airflow/.local/lib/python3.12/site-packages/airflow/example_dags/example_task_group_decorator.py
[2026-06-02T10:43:47.764+0000] {processor.py:830} INFO - Processing file /home/airflow/.local/lib/python3.12/site-packages/airflow/example_dags/example_task_group_decorator.py for tasks to queue
[2026-06-02T10:43:47.766+0000] {logging_mixin.py:188} INFO - [2026-06-02T10:43:47.766+0000] {dagbag.py:540} INFO - Filling up the DagBag from /home/airflow/.local/lib/python3.12/site-packages/airflow/example_dags/example_task_group_decorator.py
[2026-06-02T10:43:47.778+0000] {processor.py:840} INFO - DAG(s) 'example_task_group_decorator' retrieved from /home/airflow/.local/lib/python3.12/site-packages/airflow/example_dags/example_task_group_decorator.py
[2026-06-02T10:43:47.802+0000] {logging_mixin.py:188} INFO - [2026-06-02T10:43:47.801+0000] {dag.py:3096} INFO - Sync 1 DAGs
[2026-06-02T10:43:47.823+0000] {logging_mixin.py:188} INFO - [2026-06-02T10:43:47.822+0000] {dag.py:3954} INFO - Setting next_dagrun for example_task_group_decorator to 2026-06-01 00:00:00+00:00, run_after=2026-06-02 00:00:00+00:00
[2026-06-02T10:43:47.844+0000] {processor.py:183} INFO - Processing /home/airflow/.local/lib/python3.12/site-packages/airflow/example_dags/example_task_group_decorator.py took 0.086 seconds
[2026-06-02T10:44:17.918+0000] {processor.py:161} INFO - Started process (PID=5096) to work on /home/airflow/.local/lib/python3.12/site-packages/airflow/example_dags/example_task_group_decorator.py
[2026-06-02T10:44:17.919+0000] {processor.py:830} INFO - Processing file /home/airflow/.local/lib/python3.12/site-packages/airflow/example_dags/example_task_group_decorator.py for tasks to queue
[2026-06-02T10:44:17.921+0000] {logging_mixin.py:188} INFO - [2026-06-02T10:44:17.921+0000] {dagbag.py:540} INFO - Filling up the DagBag from /home/airflow/.local/lib/python3.12/site-packages/airflow/example_dags/example_task_group_decorator.py
[2026-06-02T10:44:17.932+0000] {processor.py:840} INFO - DAG(s) 'example_task_group_decorator' retrieved from /home/airflow/.local/lib/python3.12/site-packages/airflow/example_dags/example_task_group_decorator.py
[2026-06-02T10:44:17.953+0000] {logging_mixin.py:188} INFO - [2026-06-02T10:44:17.953+0000] {dag.py:3096} INFO - Sync 1 DAGs
[2026-06-02T10:44:17.972+0000] {logging_mixin.py:188} INFO - [2026-06-02T10:44:17.971+0000] {dag.py:3954} INFO - Setting next_dagrun for example_task_group_decorator to 2026-06-01 00:00:00+00:00, run_after=2026-06-02 00:00:00+00:00
[2026-06-02T10:44:17.987+0000] {processor.py:183} INFO - Processing /home/airflow/.local/lib/python3.12/site-packages/airflow/example_dags/example_task_group_decorator.py took 0.074 seconds
[2026-06-02T10:44:48.628+0000] {processor.py:161} INFO - Started process (PID=5158) to work on /home/airflow/.local/lib/python3.12/site-packages/airflow/example_dags/example_task_group_decorator.py
[2026-06-02T10:44:48.630+0000] {processor.py:830} INFO - Processing file /home/airflow/.local/lib/python3.12/site-packages/airflow/example_dags/example_task_group_decorator.py for tasks to queue
[2026-06-02T10:44:48.638+0000] {logging_mixin.py:188} INFO - [2026-06-02T10:44:48.638+0000] {dagbag.py:540} INFO - Filling up the DagBag from /home/airflow/.local/lib/python3.12/site-packages/airflow/example_dags/example_task_group_decorator.py
[2026-06-02T10:44:48.678+0000] {processor.py:840} INFO - DAG(s) 'example_task_group_decorator' retrieved from /home/airflow/.local/lib/python3.12/site-packages/airflow/example_dags/example_task_group_decorator.py
[2026-06-02T10:44:48.721+0000] {logging_mixin.py:188} INFO - [2026-06-02T10:44:48.721+0000] {dag.py:3096} INFO - Sync 1 DAGs
[2026-06-02T10:44:48.754+0000] {logging_mixin.py:188} INFO - [2026-06-02T10:44:48.754+0000] {dag.py:3954} INFO - Setting next_dagrun for example_task_group_decorator to 2026-06-01 00:00:00+00:00, run_after=2026-06-02 00:00:00+00:00
[2026-06-02T10:44:48.788+0000] {processor.py:183} INFO - Processing /home/airflow/.local/lib/python3.12/site-packages/airflow/example_dags/example_task_group_decorator.py took 0.173 seconds
[2026-06-02T10:45:19.208+0000] {processor.py:161} INFO - Started process (PID=5220) to work on /home/airflow/.local/lib/python3.12/site-packages/airflow/example_dags/example_task_group_decorator.py
[2026-06-02T10:45:19.209+0000] {processor.py:830} INFO - Processing file /home/airflow/.local/lib/python3.12/site-packages/airflow/example_dags/example_task_group_decorator.py for tasks to queue
[2026-06-02T10:45:19.212+0000] {logging_mixin.py:188} INFO - [2026-06-02T10:45:19.211+0000] {dagbag.py:540} INFO - Filling up the DagBag from /home/airflow/.local/lib/python3.12/site-packages/airflow/example_dags/example_task_group_decorator.py
[2026-06-02T10:45:19.231+0000] {processor.py:840} INFO - DAG(s) 'example_task_group_decorator' retrieved from /home/airflow/.local/lib/python3.12/site-packages/airflow/example_dags/example_task_group_decorator.py
[2026-06-02T10:45:19.260+0000] {logging_mixin.py:188} INFO - [2026-06-02T10:45:19.260+0000] {dag.py:3096} INFO - Sync 1 DAGs
[2026-06-02T10:45:19.287+0000] {logging_mixin.py:188} INFO - [2026-06-02T10:45:19.287+0000] {dag.py:3954} INFO - Setting next_dagrun for example_task_group_decorator to 2026-06-01 00:00:00+00:00, run_after=2026-06-02 00:00:00+00:00
[2026-06-02T10:45:19.307+0000] {processor.py:183} INFO - Processing /home/airflow/.local/lib/python3.12/site-packages/airflow/example_dags/example_task_group_decorator.py took 0.106 seconds
[2026-06-02T10:45:49.387+0000] {processor.py:161} INFO - Started process (PID=5282) to work on /home/airflow/.local/lib/python3.12/site-packages/airflow/example_dags/example_task_group_decorator.py
[2026-06-02T10:45:49.388+0000] {processor.py:830} INFO - Processing file /home/airflow/.local/lib/python3.12/site-packages/airflow/example_dags/example_task_group_decorator.py for tasks to queue
[2026-06-02T10:45:49.390+0000] {logging_mixin.py:188} INFO - [2026-06-02T10:45:49.390+0000] {dagbag.py:540} INFO - Filling up the DagBag from /home/airflow/.local/lib/python3.12/site-packages/airflow/example_dags/example_task_group_decorator.py
[2026-06-02T10:45:49.405+0000] {processor.py:840} INFO - DAG(s) 'example_task_group_decorator' retrieved from /home/airflow/.local/lib/python3.12/site-packages/airflow/example_dags/example_task_group_decorator.py
[2026-06-02T10:45:49.429+0000] {logging_mixin.py:188} INFO - [2026-06-02T10:45:49.429+0000] {dag.py:3096} INFO - Sync 1 DAGs
[2026-06-02T10:45:49.453+0000] {logging_mixin.py:188} INFO - [2026-06-02T10:45:49.453+0000] {dag.py:3954} INFO - Setting next_dagrun for example_task_group_decorator to 2026-06-01 00:00:00+00:00, run_after=2026-06-02 00:00:00+00:00
[2026-06-02T10:45:49.474+0000] {processor.py:183} INFO - Processing /home/airflow/.local/lib/python3.12/site-packages/airflow/example_dags/example_task_group_decorator.py took 0.094 seconds
[2026-06-02T10:46:19.876+0000] {processor.py:161} INFO - Started process (PID=5350) to work on /home/airflow/.local/lib/python3.12/site-packages/airflow/example_dags/example_task_group_decorator.py
[2026-06-02T10:46:19.877+0000] {processor.py:830} INFO - Processing file /home/airflow/.local/lib/python3.12/site-packages/airflow/example_dags/example_task_group_decorator.py for tasks to queue
[2026-06-02T10:46:19.880+0000] {logging_mixin.py:188} INFO - [2026-06-02T10:46:19.879+0000] {dagbag.py:540} INFO - Filling up the DagBag from /home/airflow/.local/lib/python3.12/site-packages/airflow/example_dags/example_task_group_decorator.py
[2026-06-02T10:46:19.893+0000] {processor.py:840} INFO - DAG(s) 'example_task_group_decorator' retrieved from /home/airflow/.local/lib/python3.12/site-packages/airflow/example_dags/example_task_group_decorator.py
[2026-06-02T10:46:19.920+0000] {logging_mixin.py:188} INFO - [2026-06-02T10:46:19.919+0000] {dag.py:3096} INFO - Sync 1 DAGs
[2026-06-02T10:46:19.940+0000] {logging_mixin.py:188} INFO - [2026-06-02T10:46:19.940+0000] {dag.py:3954} INFO - Setting next_dagrun for example_task_group_decorator to 2026-06-01 00:00:00+00:00, run_after=2026-06-02 00:00:00+00:00
[2026-06-02T10:46:19.959+0000] {processor.py:183} INFO - Processing /home/airflow/.local/lib/python3.12/site-packages/airflow/example_dags/example_task_group_decorator.py took 0.089 seconds
[2026-06-02T10:46:50.113+0000] {processor.py:161} INFO - Started process (PID=5412) to work on /home/airflow/.local/lib/python3.12/site-packages/airflow/example_dags/example_task_group_decorator.py
[2026-06-02T10:46:50.114+0000] {processor.py:830} INFO - Processing file /home/airflow/.local/lib/python3.12/site-packages/airflow/example_dags/example_task_group_decorator.py for tasks to queue
[2026-06-02T10:46:50.116+0000] {logging_mixin.py:188} INFO - [2026-06-02T10:46:50.116+0000] {dagbag.py:540} INFO - Filling up the DagBag from /home/airflow/.local/lib/python3.12/site-packages/airflow/example_dags/example_task_group_decorator.py
[2026-06-02T10:46:50.131+0000] {processor.py:840} INFO - DAG(s) 'example_task_group_decorator' retrieved from /home/airflow/.local/lib/python3.12/site-packages/airflow/example_dags/example_task_group_decorator.py
[2026-06-02T10:46:50.159+0000] {logging_mixin.py:188} INFO - [2026-06-02T10:46:50.158+0000] {dag.py:3096} INFO - Sync 1 DAGs
[2026-06-02T10:46:50.182+0000] {logging_mixin.py:188} INFO - [2026-06-02T10:46:50.181+0000] {dag.py:3954} INFO - Setting next_dagrun for example_task_group_decorator to 2026-06-01 00:00:00+00:00, run_after=2026-06-02 00:00:00+00:00
[2026-06-02T10:46:50.203+0000] {processor.py:183} INFO - Processing /home/airflow/.local/lib/python3.12/site-packages/airflow/example_dags/example_task_group_decorator.py took 0.097 seconds
[2026-06-02T10:47:20.551+0000] {processor.py:161} INFO - Started process (PID=5474) to work on /home/airflow/.local/lib/python3.12/site-packages/airflow/example_dags/example_task_group_decorator.py
[2026-06-02T10:47:20.552+0000] {processor.py:830} INFO - Processing file /home/airflow/.local/lib/python3.12/site-packages/airflow/example_dags/example_task_group_decorator.py for tasks to queue
[2026-06-02T10:47:20.554+0000] {logging_mixin.py:188} INFO - [2026-06-02T10:47:20.554+0000] {dagbag.py:540} INFO - Filling up the DagBag from /home/airflow/.local/lib/python3.12/site-packages/airflow/example_dags/example_task_group_decorator.py
[2026-06-02T10:47:20.567+0000] {processor.py:840} INFO - DAG(s) 'example_task_group_decorator' retrieved from /home/airflow/.local/lib/python3.12/site-packages/airflow/example_dags/example_task_group_decorator.py
[2026-06-02T10:47:20.589+0000] {logging_mixin.py:188} INFO - [2026-06-02T10:47:20.588+0000] {dag.py:3096} INFO - Sync 1 DAGs
[2026-06-02T10:47:20.610+0000] {logging_mixin.py:188} INFO - [2026-06-02T10:47:20.609+0000] {dag.py:3954} INFO - Setting next_dagrun for example_task_group_decorator to 2026-06-01 00:00:00+00:00, run_after=2026-06-02 00:00:00+00:00
[2026-06-02T10:47:20.628+0000] {processor.py:183} INFO - Processing /home/airflow/.local/lib/python3.12/site-packages/airflow/example_dags/example_task_group_decorator.py took 0.082 seconds
[2026-06-02T10:47:50.865+0000] {processor.py:161} INFO - Started process (PID=5536) to work on /home/airflow/.local/lib/python3.12/site-packages/airflow/example_dags/example_task_group_decorator.py
[2026-06-02T10:47:50.866+0000] {processor.py:830} INFO - Processing file /home/airflow/.local/lib/python3.12/site-packages/airflow/example_dags/example_task_group_decorator.py for tasks to queue
[2026-06-02T10:47:50.869+0000] {logging_mixin.py:188} INFO - [2026-06-02T10:47:50.869+0000] {dagbag.py:540} INFO - Filling up the DagBag from /home/airflow/.local/lib/python3.12/site-packages/airflow/example_dags/example_task_group_decorator.py
[2026-06-02T10:47:50.882+0000] {processor.py:840} INFO - DAG(s) 'example_task_group_decorator' retrieved from /home/airflow/.local/lib/python3.12/site-packages/airflow/example_dags/example_task_group_decorator.py
[2026-06-02T10:47:50.903+0000] {logging_mixin.py:188} INFO - [2026-06-02T10:47:50.903+0000] {dag.py:3096} INFO - Sync 1 DAGs
[2026-06-02T10:47:50.923+0000] {logging_mixin.py:188} INFO - [2026-06-02T10:47:50.922+0000] {dag.py:3954} INFO - Setting next_dagrun for example_task_group_decorator to 2026-06-01 00:00:00+00:00, run_after=2026-06-02 00:00:00+00:00
[2026-06-02T10:47:50.943+0000] {processor.py:183} INFO - Processing /home/airflow/.local/lib/python3.12/site-packages/airflow/example_dags/example_task_group_decorator.py took 0.084 seconds
[2026-06-02T10:48:21.704+0000] {processor.py:161} INFO - Started process (PID=5598) to work on /home/airflow/.local/lib/python3.12/site-packages/airflow/example_dags/example_task_group_decorator.py
[2026-06-02T10:48:21.705+0000] {processor.py:830} INFO - Processing file /home/airflow/.local/lib/python3.12/site-packages/airflow/example_dags/example_task_group_decorator.py for tasks to queue
[2026-06-02T10:48:21.707+0000] {logging_mixin.py:188} INFO - [2026-06-02T10:48:21.707+0000] {dagbag.py:540} INFO - Filling up the DagBag from /home/airflow/.local/lib/python3.12/site-packages/airflow/example_dags/example_task_group_decorator.py
[2026-06-02T10:48:21.719+0000] {processor.py:840} INFO - DAG(s) 'example_task_group_decorator' retrieved from /home/airflow/.local/lib/python3.12/site-packages/airflow/example_dags/example_task_group_decorator.py
[2026-06-02T10:48:21.741+0000] {logging_mixin.py:188} INFO - [2026-06-02T10:48:21.740+0000] {dag.py:3096} INFO - Sync 1 DAGs
[2026-06-02T10:48:21.759+0000] {logging_mixin.py:188} INFO - [2026-06-02T10:48:21.759+0000] {dag.py:3954} INFO - Setting next_dagrun for example_task_group_decorator to 2026-06-01 00:00:00+00:00, run_after=2026-06-02 00:00:00+00:00
[2026-06-02T10:48:21.777+0000] {processor.py:183} INFO - Processing /home/airflow/.local/lib/python3.12/site-packages/airflow/example_dags/example_task_group_decorator.py took 0.078 seconds
[2026-06-02T10:48:51.872+0000] {processor.py:161} INFO - Started process (PID=5660) to work on /home/airflow/.local/lib/python3.12/site-packages/airflow/example_dags/example_task_group_decorator.py
[2026-06-02T10:48:51.873+0000] {processor.py:830} INFO - Processing file /home/airflow/.local/lib/python3.12/site-packages/airflow/example_dags/example_task_group_decorator.py for tasks to queue
[2026-06-02T10:48:51.875+0000] {logging_mixin.py:188} INFO - [2026-06-02T10:48:51.874+0000] {dagbag.py:540} INFO - Filling up the DagBag from /home/airflow/.local/lib/python3.12/site-packages/airflow/example_dags/example_task_group_decorator.py
[2026-06-02T10:48:51.887+0000] {processor.py:840} INFO - DAG(s) 'example_task_group_decorator' retrieved from /home/airflow/.local/lib/python3.12/site-packages/airflow/example_dags/example_task_group_decorator.py
[2026-06-02T10:48:51.909+0000] {logging_mixin.py:188} INFO - [2026-06-02T10:48:51.908+0000] {dag.py:3096} INFO - Sync 1 DAGs
[2026-06-02T10:48:51.930+0000] {logging_mixin.py:188} INFO - [2026-06-02T10:48:51.930+0000] {dag.py:3954} INFO - Setting next_dagrun for example_task_group_decorator to 2026-06-01 00:00:00+00:00, run_after=2026-06-02 00:00:00+00:00
[2026-06-02T10:48:51.948+0000] {processor.py:183} INFO - Processing /home/airflow/.local/lib/python3.12/site-packages/airflow/example_dags/example_task_group_decorator.py took 0.082 seconds
[2026-06-02T10:49:23.036+0000] {processor.py:161} INFO - Started process (PID=5722) to work on /home/airflow/.local/lib/python3.12/site-packages/airflow/example_dags/example_task_group_decorator.py
[2026-06-02T10:49:23.037+0000] {processor.py:830} INFO - Processing file /home/airflow/.local/lib/python3.12/site-packages/airflow/example_dags/example_task_group_decorator.py for tasks to queue
[2026-06-02T10:49:23.039+0000] {logging_mixin.py:188} INFO - [2026-06-02T10:49:23.039+0000] {dagbag.py:540} INFO - Filling up the DagBag from /home/airflow/.local/lib/python3.12/site-packages/airflow/example_dags/example_task_group_decorator.py
[2026-06-02T10:49:23.051+0000] {processor.py:840} INFO - DAG(s) 'example_task_group_decorator' retrieved from /home/airflow/.local/lib/python3.12/site-packages/airflow/example_dags/example_task_group_decorator.py
[2026-06-02T10:49:23.073+0000] {logging_mixin.py:188} INFO - [2026-06-02T10:49:23.072+0000] {dag.py:3096} INFO - Sync 1 DAGs
[2026-06-02T10:49:23.091+0000] {logging_mixin.py:188} INFO - [2026-06-02T10:49:23.091+0000] {dag.py:3954} INFO - Setting next_dagrun for example_task_group_decorator to 2026-06-01 00:00:00+00:00, run_after=2026-06-02 00:00:00+00:00
[2026-06-02T10:49:23.109+0000] {processor.py:183} INFO - Processing /home/airflow/.local/lib/python3.12/site-packages/airflow/example_dags/example_task_group_decorator.py took 0.078 seconds
[2026-06-02T10:49:53.231+0000] {processor.py:161} INFO - Started process (PID=5784) to work on /home/airflow/.local/lib/python3.12/site-packages/airflow/example_dags/example_task_group_decorator.py
[2026-06-02T10:49:53.233+0000] {processor.py:830} INFO - Processing file /home/airflow/.local/lib/python3.12/site-packages/airflow/example_dags/example_task_group_decorator.py for tasks to queue
[2026-06-02T10:49:53.235+0000] {logging_mixin.py:188} INFO - [2026-06-02T10:49:53.234+0000] {dagbag.py:540} INFO - Filling up the DagBag from /home/airflow/.local/lib/python3.12/site-packages/airflow/example_dags/example_task_group_decorator.py
[2026-06-02T10:49:53.249+0000] {processor.py:840} INFO - DAG(s) 'example_task_group_decorator' retrieved from /home/airflow/.local/lib/python3.12/site-packages/airflow/example_dags/example_task_group_decorator.py
[2026-06-02T10:49:53.274+0000] {logging_mixin.py:188} INFO - [2026-06-02T10:49:53.274+0000] {dag.py:3096} INFO - Sync 1 DAGs
[2026-06-02T10:49:53.294+0000] {logging_mixin.py:188} INFO - [2026-06-02T10:49:53.293+0000] {dag.py:3954} INFO - Setting next_dagrun for example_task_group_decorator to 2026-06-01 00:00:00+00:00, run_after=2026-06-02 00:00:00+00:00
[2026-06-02T10:49:53.449+0000] {processor.py:183} INFO - Processing /home/airflow/.local/lib/python3.12/site-packages/airflow/example_dags/example_task_group_decorator.py took 0.225 seconds
[2026-06-02T10:50:23.541+0000] {processor.py:161} INFO - Started process (PID=5846) to work on /home/airflow/.local/lib/python3.12/site-packages/airflow/example_dags/example_task_group_decorator.py
[2026-06-02T10:50:23.542+0000] {processor.py:830} INFO - Processing file /home/airflow/.local/lib/python3.12/site-packages/airflow/example_dags/example_task_group_decorator.py for tasks to queue
[2026-06-02T10:50:23.544+0000] {logging_mixin.py:188} INFO - [2026-06-02T10:50:23.543+0000] {dagbag.py:540} INFO - Filling up the DagBag from /home/airflow/.local/lib/python3.12/site-packages/airflow/example_dags/example_task_group_decorator.py
[2026-06-02T10:50:23.556+0000] {processor.py:840} INFO - DAG(s) 'example_task_group_decorator' retrieved from /home/airflow/.local/lib/python3.12/site-packages/airflow/example_dags/example_task_group_decorator.py
[2026-06-02T10:50:23.577+0000] {logging_mixin.py:188} INFO - [2026-06-02T10:50:23.577+0000] {dag.py:3096} INFO - Sync 1 DAGs
[2026-06-02T10:50:23.597+0000] {logging_mixin.py:188} INFO - [2026-06-02T10:50:23.597+0000] {dag.py:3954} INFO - Setting next_dagrun for example_task_group_decorator to 2026-06-01 00:00:00+00:00, run_after=2026-06-02 00:00:00+00:00
[2026-06-02T10:50:23.615+0000] {processor.py:183} INFO - Processing /home/airflow/.local/lib/python3.12/site-packages/airflow/example_dags/example_task_group_decorator.py took 0.079 seconds
[2026-06-02T10:50:54.015+0000] {processor.py:161} INFO - Started process (PID=5908) to work on /home/airflow/.local/lib/python3.12/site-packages/airflow/example_dags/example_task_group_decorator.py
[2026-06-02T10:50:54.016+0000] {processor.py:830} INFO - Processing file /home/airflow/.local/lib/python3.12/site-packages/airflow/example_dags/example_task_group_decorator.py for tasks to queue
[2026-06-02T10:50:54.018+0000] {logging_mixin.py:188} INFO - [2026-06-02T10:50:54.018+0000] {dagbag.py:540} INFO - Filling up the DagBag from /home/airflow/.local/lib/python3.12/site-packages/airflow/example_dags/example_task_group_decorator.py
[2026-06-02T10:50:54.032+0000] {processor.py:840} INFO - DAG(s) 'example_task_group_decorator' retrieved from /home/airflow/.local/lib/python3.12/site-packages/airflow/example_dags/example_task_group_decorator.py
[2026-06-02T10:50:54.056+0000] {logging_mixin.py:188} INFO - [2026-06-02T10:50:54.055+0000] {dag.py:3096} INFO - Sync 1 DAGs
[2026-06-02T10:50:54.075+0000] {logging_mixin.py:188} INFO - [2026-06-02T10:50:54.075+0000] {dag.py:3954} INFO - Setting next_dagrun for example_task_group_decorator to 2026-06-01 00:00:00+00:00, run_after=2026-06-02 00:00:00+00:00
[2026-06-02T10:50:54.216+0000] {processor.py:183} INFO - Processing /home/airflow/.local/lib/python3.12/site-packages/airflow/example_dags/example_task_group_decorator.py took 0.206 seconds
[2026-06-02T10:51:24.614+0000] {processor.py:161} INFO - Started process (PID=5969) to work on /home/airflow/.local/lib/python3.12/site-packages/airflow/example_dags/example_task_group_decorator.py
[2026-06-02T10:51:24.615+0000] {processor.py:830} INFO - Processing file /home/airflow/.local/lib/python3.12/site-packages/airflow/example_dags/example_task_group_decorator.py for tasks to queue
[2026-06-02T10:51:24.617+0000] {logging_mixin.py:188} INFO - [2026-06-02T10:51:24.617+0000] {dagbag.py:540} INFO - Filling up the DagBag from /home/airflow/.local/lib/python3.12/site-packages/airflow/example_dags/example_task_group_decorator.py
[2026-06-02T10:51:24.630+0000] {processor.py:840} INFO - DAG(s) 'example_task_group_decorator' retrieved from /home/airflow/.local/lib/python3.12/site-packages/airflow/example_dags/example_task_group_decorator.py
[2026-06-02T10:51:24.653+0000] {logging_mixin.py:188} INFO - [2026-06-02T10:51:24.652+0000] {dag.py:3096} INFO - Sync 1 DAGs
[2026-06-02T10:51:24.673+0000] {logging_mixin.py:188} INFO - [2026-06-02T10:51:24.673+0000] {dag.py:3954} INFO - Setting next_dagrun for example_task_group_decorator to 2026-06-01 00:00:00+00:00, run_after=2026-06-02 00:00:00+00:00
[2026-06-02T10:51:24.811+0000] {processor.py:183} INFO - Processing /home/airflow/.local/lib/python3.12/site-packages/airflow/example_dags/example_task_group_decorator.py took 0.203 seconds
[2026-06-02T10:51:55.452+0000] {processor.py:161} INFO - Started process (PID=6031) to work on /home/airflow/.local/lib/python3.12/site-packages/airflow/example_dags/example_task_group_decorator.py
[2026-06-02T10:51:55.453+0000] {processor.py:830} INFO - Processing file /home/airflow/.local/lib/python3.12/site-packages/airflow/example_dags/example_task_group_decorator.py for tasks to queue
[2026-06-02T10:51:55.455+0000] {logging_mixin.py:188} INFO - [2026-06-02T10:51:55.455+0000] {dagbag.py:540} INFO - Filling up the DagBag from /home/airflow/.local/lib/python3.12/site-packages/airflow/example_dags/example_task_group_decorator.py
[2026-06-02T10:51:55.469+0000] {processor.py:840} INFO - DAG(s) 'example_task_group_decorator' retrieved from /home/airflow/.local/lib/python3.12/site-packages/airflow/example_dags/example_task_group_decorator.py
[2026-06-02T10:51:55.493+0000] {logging_mixin.py:188} INFO - [2026-06-02T10:51:55.493+0000] {dag.py:3096} INFO - Sync 1 DAGs
[2026-06-02T10:51:55.514+0000] {logging_mixin.py:188} INFO - [2026-06-02T10:51:55.514+0000] {dag.py:3954} INFO - Setting next_dagrun for example_task_group_decorator to 2026-06-01 00:00:00+00:00, run_after=2026-06-02 00:00:00+00:00
[2026-06-02T10:51:55.654+0000] {processor.py:183} INFO - Processing /home/airflow/.local/lib/python3.12/site-packages/airflow/example_dags/example_task_group_decorator.py took 0.208 seconds
[2026-06-02T10:52:25.837+0000] {processor.py:161} INFO - Started process (PID=6093) to work on /home/airflow/.local/lib/python3.12/site-packages/airflow/example_dags/example_task_group_decorator.py
[2026-06-02T10:52:25.838+0000] {processor.py:830} INFO - Processing file /home/airflow/.local/lib/python3.12/site-packages/airflow/example_dags/example_task_group_decorator.py for tasks to queue
[2026-06-02T10:52:25.840+0000] {logging_mixin.py:188} INFO - [2026-06-02T10:52:25.840+0000] {dagbag.py:540} INFO - Filling up the DagBag from /home/airflow/.local/lib/python3.12/site-packages/airflow/example_dags/example_task_group_decorator.py
[2026-06-02T10:52:25.854+0000] {processor.py:840} INFO - DAG(s) 'example_task_group_decorator' retrieved from /home/airflow/.local/lib/python3.12/site-packages/airflow/example_dags/example_task_group_decorator.py
[2026-06-02T10:52:25.877+0000] {logging_mixin.py:188} INFO - [2026-06-02T10:52:25.877+0000] {dag.py:3096} INFO - Sync 1 DAGs
[2026-06-02T10:52:25.898+0000] {logging_mixin.py:188} INFO - [2026-06-02T10:52:25.897+0000] {dag.py:3954} INFO - Setting next_dagrun for example_task_group_decorator to 2026-06-01 00:00:00+00:00, run_after=2026-06-02 00:00:00+00:00
[2026-06-02T10:52:26.031+0000] {processor.py:183} INFO - Processing /home/airflow/.local/lib/python3.12/site-packages/airflow/example_dags/example_task_group_decorator.py took 0.201 seconds
[2026-06-02T10:52:56.137+0000] {processor.py:161} INFO - Started process (PID=6155) to work on /home/airflow/.local/lib/python3.12/site-packages/airflow/example_dags/example_task_group_decorator.py
[2026-06-02T10:52:56.139+0000] {processor.py:830} INFO - Processing file /home/airflow/.local/lib/python3.12/site-packages/airflow/example_dags/example_task_group_decorator.py for tasks to queue
[2026-06-02T10:52:56.141+0000] {logging_mixin.py:188} INFO - [2026-06-02T10:52:56.140+0000] {dagbag.py:540} INFO - Filling up the DagBag from /home/airflow/.local/lib/python3.12/site-packages/airflow/example_dags/example_task_group_decorator.py
[2026-06-02T10:52:56.153+0000] {processor.py:840} INFO - DAG(s) 'example_task_group_decorator' retrieved from /home/airflow/.local/lib/python3.12/site-packages/airflow/example_dags/example_task_group_decorator.py
[2026-06-02T10:52:56.176+0000] {logging_mixin.py:188} INFO - [2026-06-02T10:52:56.175+0000] {dag.py:3096} INFO - Sync 1 DAGs
[2026-06-02T10:52:56.195+0000] {logging_mixin.py:188} INFO - [2026-06-02T10:52:56.195+0000] {dag.py:3954} INFO - Setting next_dagrun for example_task_group_decorator to 2026-06-01 00:00:00+00:00, run_after=2026-06-02 00:00:00+00:00
[2026-06-02T10:52:56.213+0000] {processor.py:183} INFO - Processing /home/airflow/.local/lib/python3.12/site-packages/airflow/example_dags/example_task_group_decorator.py took 0.081 seconds
[2026-06-02T10:53:26.328+0000] {processor.py:161} INFO - Started process (PID=6217) to work on /home/airflow/.local/lib/python3.12/site-packages/airflow/example_dags/example_task_group_decorator.py
[2026-06-02T10:53:26.329+0000] {processor.py:830} INFO - Processing file /home/airflow/.local/lib/python3.12/site-packages/airflow/example_dags/example_task_group_decorator.py for tasks to queue
[2026-06-02T10:53:26.331+0000] {logging_mixin.py:188} INFO - [2026-06-02T10:53:26.330+0000] {dagbag.py:540} INFO - Filling up the DagBag from /home/airflow/.local/lib/python3.12/site-packages/airflow/example_dags/example_task_group_decorator.py
[2026-06-02T10:53:26.344+0000] {processor.py:840} INFO - DAG(s) 'example_task_group_decorator' retrieved from /home/airflow/.local/lib/python3.12/site-packages/airflow/example_dags/example_task_group_decorator.py
[2026-06-02T10:53:26.371+0000] {logging_mixin.py:188} INFO - [2026-06-02T10:53:26.371+0000] {dag.py:3096} INFO - Sync 1 DAGs
[2026-06-02T10:53:26.396+0000] {logging_mixin.py:188} INFO - [2026-06-02T10:53:26.395+0000] {dag.py:3954} INFO - Setting next_dagrun for example_task_group_decorator to 2026-06-01 00:00:00+00:00, run_after=2026-06-02 00:00:00+00:00
[2026-06-02T10:53:26.417+0000] {processor.py:183} INFO - Processing /home/airflow/.local/lib/python3.12/site-packages/airflow/example_dags/example_task_group_decorator.py took 0.095 seconds
[2026-06-02T10:53:56.467+0000] {processor.py:161} INFO - Started process (PID=6277) to work on /home/airflow/.local/lib/python3.12/site-packages/airflow/example_dags/example_task_group_decorator.py
[2026-06-02T10:53:56.468+0000] {processor.py:830} INFO - Processing file /home/airflow/.local/lib/python3.12/site-packages/airflow/example_dags/example_task_group_decorator.py for tasks to queue
[2026-06-02T10:53:56.472+0000] {logging_mixin.py:188} INFO - [2026-06-02T10:53:56.471+0000] {dagbag.py:540} INFO - Filling up the DagBag from /home/airflow/.local/lib/python3.12/site-packages/airflow/example_dags/example_task_group_decorator.py
[2026-06-02T10:53:56.486+0000] {processor.py:840} INFO - DAG(s) 'example_task_group_decorator' retrieved from /home/airflow/.local/lib/python3.12/site-packages/airflow/example_dags/example_task_group_decorator.py
[2026-06-02T10:53:56.508+0000] {logging_mixin.py:188} INFO - [2026-06-02T10:53:56.508+0000] {dag.py:3096} INFO - Sync 1 DAGs
[2026-06-02T10:53:56.528+0000] {logging_mixin.py:188} INFO - [2026-06-02T10:53:56.527+0000] {dag.py:3954} INFO - Setting next_dagrun for example_task_group_decorator to 2026-06-01 00:00:00+00:00, run_after=2026-06-02 00:00:00+00:00
[2026-06-02T10:53:56.547+0000] {processor.py:183} INFO - Processing /home/airflow/.local/lib/python3.12/site-packages/airflow/example_dags/example_task_group_decorator.py took 0.086 seconds
[2026-06-02T10:54:26.594+0000] {processor.py:161} INFO - Started process (PID=6339) to work on /home/airflow/.local/lib/python3.12/site-packages/airflow/example_dags/example_task_group_decorator.py
[2026-06-02T10:54:26.596+0000] {processor.py:830} INFO - Processing file /home/airflow/.local/lib/python3.12/site-packages/airflow/example_dags/example_task_group_decorator.py for tasks to queue
[2026-06-02T10:54:26.598+0000] {logging_mixin.py:188} INFO - [2026-06-02T10:54:26.597+0000] {dagbag.py:540} INFO - Filling up the DagBag from /home/airflow/.local/lib/python3.12/site-packages/airflow/example_dags/example_task_group_decorator.py
[2026-06-02T10:54:26.610+0000] {processor.py:840} INFO - DAG(s) 'example_task_group_decorator' retrieved from /home/airflow/.local/lib/python3.12/site-packages/airflow/example_dags/example_task_group_decorator.py
[2026-06-02T10:54:26.632+0000] {logging_mixin.py:188} INFO - [2026-06-02T10:54:26.631+0000] {dag.py:3096} INFO - Sync 1 DAGs
[2026-06-02T10:54:26.651+0000] {logging_mixin.py:188} INFO - [2026-06-02T10:54:26.651+0000] {dag.py:3954} INFO - Setting next_dagrun for example_task_group_decorator to 2026-06-01 00:00:00+00:00, run_after=2026-06-02 00:00:00+00:00
[2026-06-02T10:54:26.668+0000] {processor.py:183} INFO - Processing /home/airflow/.local/lib/python3.12/site-packages/airflow/example_dags/example_task_group_decorator.py took 0.079 seconds
[2026-06-02T10:54:57.075+0000] {processor.py:161} INFO - Started process (PID=6401) to work on /home/airflow/.local/lib/python3.12/site-packages/airflow/example_dags/example_task_group_decorator.py
[2026-06-02T10:54:57.076+0000] {processor.py:830} INFO - Processing file /home/airflow/.local/lib/python3.12/site-packages/airflow/example_dags/example_task_group_decorator.py for tasks to queue
[2026-06-02T10:54:57.078+0000] {logging_mixin.py:188} INFO - [2026-06-02T10:54:57.078+0000] {dagbag.py:540} INFO - Filling up the DagBag from /home/airflow/.local/lib/python3.12/site-packages/airflow/example_dags/example_task_group_decorator.py
[2026-06-02T10:54:57.091+0000] {processor.py:840} INFO - DAG(s) 'example_task_group_decorator' retrieved from /home/airflow/.local/lib/python3.12/site-packages/airflow/example_dags/example_task_group_decorator.py
[2026-06-02T10:54:57.112+0000] {logging_mixin.py:188} INFO - [2026-06-02T10:54:57.112+0000] {dag.py:3096} INFO - Sync 1 DAGs
[2026-06-02T10:54:57.131+0000] {logging_mixin.py:188} INFO - [2026-06-02T10:54:57.131+0000] {dag.py:3954} INFO - Setting next_dagrun for example_task_group_decorator to 2026-06-01 00:00:00+00:00, run_after=2026-06-02 00:00:00+00:00
[2026-06-02T10:54:57.147+0000] {processor.py:183} INFO - Processing /home/airflow/.local/lib/python3.12/site-packages/airflow/example_dags/example_task_group_decorator.py took 0.079 seconds
[2026-06-02T10:55:27.272+0000] {processor.py:161} INFO - Started process (PID=6463) to work on /home/airflow/.local/lib/python3.12/site-packages/airflow/example_dags/example_task_group_decorator.py
[2026-06-02T10:55:27.273+0000] {processor.py:830} INFO - Processing file /home/airflow/.local/lib/python3.12/site-packages/airflow/example_dags/example_task_group_decorator.py for tasks to queue
[2026-06-02T10:55:27.275+0000] {logging_mixin.py:188} INFO - [2026-06-02T10:55:27.275+0000] {dagbag.py:540} INFO - Filling up the DagBag from /home/airflow/.local/lib/python3.12/site-packages/airflow/example_dags/example_task_group_decorator.py
[2026-06-02T10:55:27.288+0000] {processor.py:840} INFO - DAG(s) 'example_task_group_decorator' retrieved from /home/airflow/.local/lib/python3.12/site-packages/airflow/example_dags/example_task_group_decorator.py
[2026-06-02T10:55:27.308+0000] {logging_mixin.py:188} INFO - [2026-06-02T10:55:27.308+0000] {dag.py:3096} INFO - Sync 1 DAGs
[2026-06-02T10:55:27.328+0000] {logging_mixin.py:188} INFO - [2026-06-02T10:55:27.328+0000] {dag.py:3954} INFO - Setting next_dagrun for example_task_group_decorator to 2026-06-01 00:00:00+00:00, run_after=2026-06-02 00:00:00+00:00
[2026-06-02T10:55:27.344+0000] {processor.py:183} INFO - Processing /home/airflow/.local/lib/python3.12/site-packages/airflow/example_dags/example_task_group_decorator.py took 0.078 seconds
[2026-06-02T10:55:57.624+0000] {processor.py:161} INFO - Started process (PID=6525) to work on /home/airflow/.local/lib/python3.12/site-packages/airflow/example_dags/example_task_group_decorator.py
[2026-06-02T10:55:57.625+0000] {processor.py:830} INFO - Processing file /home/airflow/.local/lib/python3.12/site-packages/airflow/example_dags/example_task_group_decorator.py for tasks to queue
[2026-06-02T10:55:57.627+0000] {logging_mixin.py:188} INFO - [2026-06-02T10:55:57.626+0000] {dagbag.py:540} INFO - Filling up the DagBag from /home/airflow/.local/lib/python3.12/site-packages/airflow/example_dags/example_task_group_decorator.py
[2026-06-02T10:55:57.640+0000] {processor.py:840} INFO - DAG(s) 'example_task_group_decorator' retrieved from /home/airflow/.local/lib/python3.12/site-packages/airflow/example_dags/example_task_group_decorator.py
[2026-06-02T10:55:57.662+0000] {logging_mixin.py:188} INFO - [2026-06-02T10:55:57.661+0000] {dag.py:3096} INFO - Sync 1 DAGs
[2026-06-02T10:55:57.681+0000] {logging_mixin.py:188} INFO - [2026-06-02T10:55:57.681+0000] {dag.py:3954} INFO - Setting next_dagrun for example_task_group_decorator to 2026-06-01 00:00:00+00:00, run_after=2026-06-02 00:00:00+00:00
[2026-06-02T10:55:57.697+0000] {processor.py:183} INFO - Processing /home/airflow/.local/lib/python3.12/site-packages/airflow/example_dags/example_task_group_decorator.py took 0.078 seconds
[2026-06-02T10:56:27.872+0000] {processor.py:161} INFO - Started process (PID=6587) to work on /home/airflow/.local/lib/python3.12/site-packages/airflow/example_dags/example_task_group_decorator.py
[2026-06-02T10:56:27.873+0000] {processor.py:830} INFO - Processing file /home/airflow/.local/lib/python3.12/site-packages/airflow/example_dags/example_task_group_decorator.py for tasks to queue
[2026-06-02T10:56:27.875+0000] {logging_mixin.py:188} INFO - [2026-06-02T10:56:27.875+0000] {dagbag.py:540} INFO - Filling up the DagBag from /home/airflow/.local/lib/python3.12/site-packages/airflow/example_dags/example_task_group_decorator.py
[2026-06-02T10:56:27.888+0000] {processor.py:840} INFO - DAG(s) 'example_task_group_decorator' retrieved from /home/airflow/.local/lib/python3.12/site-packages/airflow/example_dags/example_task_group_decorator.py
[2026-06-02T10:56:27.909+0000] {logging_mixin.py:188} INFO - [2026-06-02T10:56:27.909+0000] {dag.py:3096} INFO - Sync 1 DAGs
[2026-06-02T10:56:27.928+0000] {logging_mixin.py:188} INFO - [2026-06-02T10:56:27.928+0000] {dag.py:3954} INFO - Setting next_dagrun for example_task_group_decorator to 2026-06-01 00:00:00+00:00, run_after=2026-06-02 00:00:00+00:00
[2026-06-02T10:56:27.944+0000] {processor.py:183} INFO - Processing /home/airflow/.local/lib/python3.12/site-packages/airflow/example_dags/example_task_group_decorator.py took 0.077 seconds
[2026-06-02T10:56:58.179+0000] {processor.py:161} INFO - Started process (PID=6649) to work on /home/airflow/.local/lib/python3.12/site-packages/airflow/example_dags/example_task_group_decorator.py
[2026-06-02T10:56:58.180+0000] {processor.py:830} INFO - Processing file /home/airflow/.local/lib/python3.12/site-packages/airflow/example_dags/example_task_group_decorator.py for tasks to queue
[2026-06-02T10:56:58.181+0000] {logging_mixin.py:188} INFO - [2026-06-02T10:56:58.181+0000] {dagbag.py:540} INFO - Filling up the DagBag from /home/airflow/.local/lib/python3.12/site-packages/airflow/example_dags/example_task_group_decorator.py
[2026-06-02T10:56:58.193+0000] {processor.py:840} INFO - DAG(s) 'example_task_group_decorator' retrieved from /home/airflow/.local/lib/python3.12/site-packages/airflow/example_dags/example_task_group_decorator.py
[2026-06-02T10:56:58.215+0000] {logging_mixin.py:188} INFO - [2026-06-02T10:56:58.215+0000] {dag.py:3096} INFO - Sync 1 DAGs
[2026-06-02T10:56:58.235+0000] {logging_mixin.py:188} INFO - [2026-06-02T10:56:58.235+0000] {dag.py:3954} INFO - Setting next_dagrun for example_task_group_decorator to 2026-06-01 00:00:00+00:00, run_after=2026-06-02 00:00:00+00:00
[2026-06-02T10:56:58.252+0000] {processor.py:183} INFO - Processing /home/airflow/.local/lib/python3.12/site-packages/airflow/example_dags/example_task_group_decorator.py took 0.079 seconds
[2026-06-02T10:57:28.378+0000] {processor.py:161} INFO - Started process (PID=6711) to work on /home/airflow/.local/lib/python3.12/site-packages/airflow/example_dags/example_task_group_decorator.py
[2026-06-02T10:57:28.380+0000] {processor.py:830} INFO - Processing file /home/airflow/.local/lib/python3.12/site-packages/airflow/example_dags/example_task_group_decorator.py for tasks to queue
[2026-06-02T10:57:28.382+0000] {logging_mixin.py:188} INFO - [2026-06-02T10:57:28.381+0000] {dagbag.py:540} INFO - Filling up the DagBag from /home/airflow/.local/lib/python3.12/site-packages/airflow/example_dags/example_task_group_decorator.py
[2026-06-02T10:57:28.408+0000] {processor.py:840} INFO - DAG(s) 'example_task_group_decorator' retrieved from /home/airflow/.local/lib/python3.12/site-packages/airflow/example_dags/example_task_group_decorator.py
[2026-06-02T10:57:28.443+0000] {logging_mixin.py:188} INFO - [2026-06-02T10:57:28.443+0000] {dag.py:3096} INFO - Sync 1 DAGs
[2026-06-02T10:57:28.475+0000] {logging_mixin.py:188} INFO - [2026-06-02T10:57:28.475+0000] {dag.py:3954} INFO - Setting next_dagrun for example_task_group_decorator to 2026-06-01 00:00:00+00:00, run_after=2026-06-02 00:00:00+00:00
[2026-06-02T10:57:28.507+0000] {processor.py:183} INFO - Processing /home/airflow/.local/lib/python3.12/site-packages/airflow/example_dags/example_task_group_decorator.py took 0.135 seconds
[2026-06-02T10:57:59.641+0000] {processor.py:161} INFO - Started process (PID=6773) to work on /home/airflow/.local/lib/python3.12/site-packages/airflow/example_dags/example_task_group_decorator.py
[2026-06-02T10:57:59.642+0000] {processor.py:830} INFO - Processing file /home/airflow/.local/lib/python3.12/site-packages/airflow/example_dags/example_task_group_decorator.py for tasks to queue
[2026-06-02T10:57:59.643+0000] {logging_mixin.py:188} INFO - [2026-06-02T10:57:59.643+0000] {dagbag.py:540} INFO - Filling up the DagBag from /home/airflow/.local/lib/python3.12/site-packages/airflow/example_dags/example_task_group_decorator.py
[2026-06-02T10:57:59.656+0000] {processor.py:840} INFO - DAG(s) 'example_task_group_decorator' retrieved from /home/airflow/.local/lib/python3.12/site-packages/airflow/example_dags/example_task_group_decorator.py
[2026-06-02T10:57:59.677+0000] {logging_mixin.py:188} INFO - [2026-06-02T10:57:59.676+0000] {dag.py:3096} INFO - Sync 1 DAGs
[2026-06-02T10:57:59.696+0000] {logging_mixin.py:188} INFO - [2026-06-02T10:57:59.695+0000] {dag.py:3954} INFO - Setting next_dagrun for example_task_group_decorator to 2026-06-01 00:00:00+00:00, run_after=2026-06-02 00:00:00+00:00
[2026-06-02T10:57:59.714+0000] {processor.py:183} INFO - Processing /home/airflow/.local/lib/python3.12/site-packages/airflow/example_dags/example_task_group_decorator.py took 0.079 seconds
[2026-06-02T10:58:30.179+0000] {processor.py:161} INFO - Started process (PID=6835) to work on /home/airflow/.local/lib/python3.12/site-packages/airflow/example_dags/example_task_group_decorator.py
[2026-06-02T10:58:30.180+0000] {processor.py:830} INFO - Processing file /home/airflow/.local/lib/python3.12/site-packages/airflow/example_dags/example_task_group_decorator.py for tasks to queue
[2026-06-02T10:58:30.182+0000] {logging_mixin.py:188} INFO - [2026-06-02T10:58:30.181+0000] {dagbag.py:540} INFO - Filling up the DagBag from /home/airflow/.local/lib/python3.12/site-packages/airflow/example_dags/example_task_group_decorator.py
[2026-06-02T10:58:30.196+0000] {processor.py:840} INFO - DAG(s) 'example_task_group_decorator' retrieved from /home/airflow/.local/lib/python3.12/site-packages/airflow/example_dags/example_task_group_decorator.py
[2026-06-02T10:58:30.218+0000] {logging_mixin.py:188} INFO - [2026-06-02T10:58:30.218+0000] {dag.py:3096} INFO - Sync 1 DAGs
[2026-06-02T10:58:30.239+0000] {logging_mixin.py:188} INFO - [2026-06-02T10:58:30.239+0000] {dag.py:3954} INFO - Setting next_dagrun for example_task_group_decorator to 2026-06-01 00:00:00+00:00, run_after=2026-06-02 00:00:00+00:00
[2026-06-02T10:58:30.258+0000] {processor.py:183} INFO - Processing /home/airflow/.local/lib/python3.12/site-packages/airflow/example_dags/example_task_group_decorator.py took 0.086 seconds
[2026-06-02T10:59:00.401+0000] {processor.py:161} INFO - Started process (PID=6898) to work on /home/airflow/.local/lib/python3.12/site-packages/airflow/example_dags/example_task_group_decorator.py
[2026-06-02T10:59:00.402+0000] {processor.py:830} INFO - Processing file /home/airflow/.local/lib/python3.12/site-packages/airflow/example_dags/example_task_group_decorator.py for tasks to queue
[2026-06-02T10:59:00.404+0000] {logging_mixin.py:188} INFO - [2026-06-02T10:59:00.404+0000] {dagbag.py:540} INFO - Filling up the DagBag from /home/airflow/.local/lib/python3.12/site-packages/airflow/example_dags/example_task_group_decorator.py
[2026-06-02T10:59:00.416+0000] {processor.py:840} INFO - DAG(s) 'example_task_group_decorator' retrieved from /home/airflow/.local/lib/python3.12/site-packages/airflow/example_dags/example_task_group_decorator.py
[2026-06-02T10:59:00.438+0000] {logging_mixin.py:188} INFO - [2026-06-02T10:59:00.438+0000] {dag.py:3096} INFO - Sync 1 DAGs
[2026-06-02T10:59:00.463+0000] {logging_mixin.py:188} INFO - [2026-06-02T10:59:00.463+0000] {dag.py:3954} INFO - Setting next_dagrun for example_task_group_decorator to 2026-06-01 00:00:00+00:00, run_after=2026-06-02 00:00:00+00:00
[2026-06-02T10:59:00.485+0000] {processor.py:183} INFO - Processing /home/airflow/.local/lib/python3.12/site-packages/airflow/example_dags/example_task_group_decorator.py took 0.090 seconds
[2026-06-02T10:59:30.635+0000] {processor.py:161} INFO - Started process (PID=6960) to work on /home/airflow/.local/lib/python3.12/site-packages/airflow/example_dags/example_task_group_decorator.py
[2026-06-02T10:59:30.636+0000] {processor.py:830} INFO - Processing file /home/airflow/.local/lib/python3.12/site-packages/airflow/example_dags/example_task_group_decorator.py for tasks to queue
[2026-06-02T10:59:30.638+0000] {logging_mixin.py:188} INFO - [2026-06-02T10:59:30.638+0000] {dagbag.py:540} INFO - Filling up the DagBag from /home/airflow/.local/lib/python3.12/site-packages/airflow/example_dags/example_task_group_decorator.py
[2026-06-02T10:59:30.650+0000] {processor.py:840} INFO - DAG(s) 'example_task_group_decorator' retrieved from /home/airflow/.local/lib/python3.12/site-packages/airflow/example_dags/example_task_group_decorator.py
[2026-06-02T10:59:30.671+0000] {logging_mixin.py:188} INFO - [2026-06-02T10:59:30.671+0000] {dag.py:3096} INFO - Sync 1 DAGs
[2026-06-02T10:59:30.691+0000] {logging_mixin.py:188} INFO - [2026-06-02T10:59:30.691+0000] {dag.py:3954} INFO - Setting next_dagrun for example_task_group_decorator to 2026-06-01 00:00:00+00:00, run_after=2026-06-02 00:00:00+00:00
[2026-06-02T10:59:30.709+0000] {processor.py:183} INFO - Processing /home/airflow/.local/lib/python3.12/site-packages/airflow/example_dags/example_task_group_decorator.py took 0.079 seconds
[2026-06-02T11:00:00.766+0000] {processor.py:161} INFO - Started process (PID=7021) to work on /home/airflow/.local/lib/python3.12/site-packages/airflow/example_dags/example_task_group_decorator.py
[2026-06-02T11:00:00.768+0000] {processor.py:830} INFO - Processing file /home/airflow/.local/lib/python3.12/site-packages/airflow/example_dags/example_task_group_decorator.py for tasks to queue
[2026-06-02T11:00:00.770+0000] {logging_mixin.py:188} INFO - [2026-06-02T11:00:00.769+0000] {dagbag.py:540} INFO - Filling up the DagBag from /home/airflow/.local/lib/python3.12/site-packages/airflow/example_dags/example_task_group_decorator.py
[2026-06-02T11:00:00.782+0000] {processor.py:840} INFO - DAG(s) 'example_task_group_decorator' retrieved from /home/airflow/.local/lib/python3.12/site-packages/airflow/example_dags/example_task_group_decorator.py
[2026-06-02T11:00:00.804+0000] {logging_mixin.py:188} INFO - [2026-06-02T11:00:00.804+0000] {dag.py:3096} INFO - Sync 1 DAGs
[2026-06-02T11:00:00.825+0000] {logging_mixin.py:188} INFO - [2026-06-02T11:00:00.824+0000] {dag.py:3954} INFO - Setting next_dagrun for example_task_group_decorator to 2026-06-01 00:00:00+00:00, run_after=2026-06-02 00:00:00+00:00
[2026-06-02T11:00:00.843+0000] {processor.py:183} INFO - Processing /home/airflow/.local/lib/python3.12/site-packages/airflow/example_dags/example_task_group_decorator.py took 0.082 seconds
[2026-06-02T11:00:31.864+0000] {processor.py:161} INFO - Started process (PID=7082) to work on /home/airflow/.local/lib/python3.12/site-packages/airflow/example_dags/example_task_group_decorator.py
[2026-06-02T11:00:31.865+0000] {processor.py:830} INFO - Processing file /home/airflow/.local/lib/python3.12/site-packages/airflow/example_dags/example_task_group_decorator.py for tasks to queue
[2026-06-02T11:00:31.867+0000] {logging_mixin.py:188} INFO - [2026-06-02T11:00:31.867+0000] {dagbag.py:540} INFO - Filling up the DagBag from /home/airflow/.local/lib/python3.12/site-packages/airflow/example_dags/example_task_group_decorator.py
[2026-06-02T11:00:31.878+0000] {processor.py:840} INFO - DAG(s) 'example_task_group_decorator' retrieved from /home/airflow/.local/lib/python3.12/site-packages/airflow/example_dags/example_task_group_decorator.py
[2026-06-02T11:00:31.899+0000] {logging_mixin.py:188} INFO - [2026-06-02T11:00:31.899+0000] {dag.py:3096} INFO - Sync 1 DAGs
[2026-06-02T11:00:31.917+0000] {logging_mixin.py:188} INFO - [2026-06-02T11:00:31.917+0000] {dag.py:3954} INFO - Setting next_dagrun for example_task_group_decorator to 2026-06-01 00:00:00+00:00, run_after=2026-06-02 00:00:00+00:00
[2026-06-02T11:00:31.934+0000] {processor.py:183} INFO - Processing /home/airflow/.local/lib/python3.12/site-packages/airflow/example_dags/example_task_group_decorator.py took 0.075 seconds
[2026-06-02T11:01:02.227+0000] {processor.py:161} INFO - Started process (PID=7144) to work on /home/airflow/.local/lib/python3.12/site-packages/airflow/example_dags/example_task_group_decorator.py
[2026-06-02T11:01:02.228+0000] {processor.py:830} INFO - Processing file /home/airflow/.local/lib/python3.12/site-packages/airflow/example_dags/example_task_group_decorator.py for tasks to queue
[2026-06-02T11:01:02.230+0000] {logging_mixin.py:188} INFO - [2026-06-02T11:01:02.229+0000] {dagbag.py:540} INFO - Filling up the DagBag from /home/airflow/.local/lib/python3.12/site-packages/airflow/example_dags/example_task_group_decorator.py
[2026-06-02T11:01:02.243+0000] {processor.py:840} INFO - DAG(s) 'example_task_group_decorator' retrieved from /home/airflow/.local/lib/python3.12/site-packages/airflow/example_dags/example_task_group_decorator.py
[2026-06-02T11:01:02.263+0000] {logging_mixin.py:188} INFO - [2026-06-02T11:01:02.263+0000] {dag.py:3096} INFO - Sync 1 DAGs
[2026-06-02T11:01:02.281+0000] {logging_mixin.py:188} INFO - [2026-06-02T11:01:02.281+0000] {dag.py:3954} INFO - Setting next_dagrun for example_task_group_decorator to 2026-06-01 00:00:00+00:00, run_after=2026-06-02 00:00:00+00:00
[2026-06-02T11:01:02.300+0000] {processor.py:183} INFO - Processing /home/airflow/.local/lib/python3.12/site-packages/airflow/example_dags/example_task_group_decorator.py took 0.079 seconds
[2026-06-02T11:01:32.361+0000] {processor.py:161} INFO - Started process (PID=7206) to work on /home/airflow/.local/lib/python3.12/site-packages/airflow/example_dags/example_task_group_decorator.py
[2026-06-02T11:01:32.362+0000] {processor.py:830} INFO - Processing file /home/airflow/.local/lib/python3.12/site-packages/airflow/example_dags/example_task_group_decorator.py for tasks to queue
[2026-06-02T11:01:32.364+0000] {logging_mixin.py:188} INFO - [2026-06-02T11:01:32.363+0000] {dagbag.py:540} INFO - Filling up the DagBag from /home/airflow/.local/lib/python3.12/site-packages/airflow/example_dags/example_task_group_decorator.py
[2026-06-02T11:01:32.376+0000] {processor.py:840} INFO - DAG(s) 'example_task_group_decorator' retrieved from /home/airflow/.local/lib/python3.12/site-packages/airflow/example_dags/example_task_group_decorator.py
[2026-06-02T11:01:32.397+0000] {logging_mixin.py:188} INFO - [2026-06-02T11:01:32.397+0000] {dag.py:3096} INFO - Sync 1 DAGs
[2026-06-02T11:01:32.415+0000] {logging_mixin.py:188} INFO - [2026-06-02T11:01:32.415+0000] {dag.py:3954} INFO - Setting next_dagrun for example_task_group_decorator to 2026-06-01 00:00:00+00:00, run_after=2026-06-02 00:00:00+00:00
[2026-06-02T11:01:32.434+0000] {processor.py:183} INFO - Processing /home/airflow/.local/lib/python3.12/site-packages/airflow/example_dags/example_task_group_decorator.py took 0.078 seconds
[2026-06-02T11:02:02.850+0000] {processor.py:161} INFO - Started process (PID=7268) to work on /home/airflow/.local/lib/python3.12/site-packages/airflow/example_dags/example_task_group_decorator.py
[2026-06-02T11:02:02.852+0000] {processor.py:830} INFO - Processing file /home/airflow/.local/lib/python3.12/site-packages/airflow/example_dags/example_task_group_decorator.py for tasks to queue
[2026-06-02T11:02:02.853+0000] {logging_mixin.py:188} INFO - [2026-06-02T11:02:02.853+0000] {dagbag.py:540} INFO - Filling up the DagBag from /home/airflow/.local/lib/python3.12/site-packages/airflow/example_dags/example_task_group_decorator.py
[2026-06-02T11:02:02.866+0000] {processor.py:840} INFO - DAG(s) 'example_task_group_decorator' retrieved from /home/airflow/.local/lib/python3.12/site-packages/airflow/example_dags/example_task_group_decorator.py
[2026-06-02T11:02:02.887+0000] {logging_mixin.py:188} INFO - [2026-06-02T11:02:02.887+0000] {dag.py:3096} INFO - Sync 1 DAGs
[2026-06-02T11:02:02.915+0000] {logging_mixin.py:188} INFO - [2026-06-02T11:02:02.914+0000] {dag.py:3954} INFO - Setting next_dagrun for example_task_group_decorator to 2026-06-01 00:00:00+00:00, run_after=2026-06-02 00:00:00+00:00
[2026-06-02T11:02:02.932+0000] {processor.py:183} INFO - Processing /home/airflow/.local/lib/python3.12/site-packages/airflow/example_dags/example_task_group_decorator.py took 0.088 seconds
[2026-06-02T11:02:33.047+0000] {processor.py:161} INFO - Started process (PID=7330) to work on /home/airflow/.local/lib/python3.12/site-packages/airflow/example_dags/example_task_group_decorator.py
[2026-06-02T11:02:33.048+0000] {processor.py:830} INFO - Processing file /home/airflow/.local/lib/python3.12/site-packages/airflow/example_dags/example_task_group_decorator.py for tasks to queue
[2026-06-02T11:02:33.050+0000] {logging_mixin.py:188} INFO - [2026-06-02T11:02:33.050+0000] {dagbag.py:540} INFO - Filling up the DagBag from /home/airflow/.local/lib/python3.12/site-packages/airflow/example_dags/example_task_group_decorator.py
[2026-06-02T11:02:33.063+0000] {processor.py:840} INFO - DAG(s) 'example_task_group_decorator' retrieved from /home/airflow/.local/lib/python3.12/site-packages/airflow/example_dags/example_task_group_decorator.py
[2026-06-02T11:02:33.087+0000] {logging_mixin.py:188} INFO - [2026-06-02T11:02:33.086+0000] {dag.py:3096} INFO - Sync 1 DAGs
[2026-06-02T11:02:33.107+0000] {logging_mixin.py:188} INFO - [2026-06-02T11:02:33.107+0000] {dag.py:3954} INFO - Setting next_dagrun for example_task_group_decorator to 2026-06-01 00:00:00+00:00, run_after=2026-06-02 00:00:00+00:00
[2026-06-02T11:02:33.127+0000] {processor.py:183} INFO - Processing /home/airflow/.local/lib/python3.12/site-packages/airflow/example_dags/example_task_group_decorator.py took 0.086 seconds
[2026-06-02T11:03:03.353+0000] {processor.py:161} INFO - Started process (PID=7392) to work on /home/airflow/.local/lib/python3.12/site-packages/airflow/example_dags/example_task_group_decorator.py
[2026-06-02T11:03:03.354+0000] {processor.py:830} INFO - Processing file /home/airflow/.local/lib/python3.12/site-packages/airflow/example_dags/example_task_group_decorator.py for tasks to queue
[2026-06-02T11:03:03.356+0000] {logging_mixin.py:188} INFO - [2026-06-02T11:03:03.356+0000] {dagbag.py:540} INFO - Filling up the DagBag from /home/airflow/.local/lib/python3.12/site-packages/airflow/example_dags/example_task_group_decorator.py
[2026-06-02T11:03:03.369+0000] {processor.py:840} INFO - DAG(s) 'example_task_group_decorator' retrieved from /home/airflow/.local/lib/python3.12/site-packages/airflow/example_dags/example_task_group_decorator.py
[2026-06-02T11:03:03.394+0000] {logging_mixin.py:188} INFO - [2026-06-02T11:03:03.394+0000] {dag.py:3096} INFO - Sync 1 DAGs
[2026-06-02T11:03:03.413+0000] {logging_mixin.py:188} INFO - [2026-06-02T11:03:03.413+0000] {dag.py:3954} INFO - Setting next_dagrun for example_task_group_decorator to 2026-06-01 00:00:00+00:00, run_after=2026-06-02 00:00:00+00:00
[2026-06-02T11:03:03.433+0000] {processor.py:183} INFO - Processing /home/airflow/.local/lib/python3.12/site-packages/airflow/example_dags/example_task_group_decorator.py took 0.085 seconds
[2026-06-02T11:03:33.665+0000] {processor.py:161} INFO - Started process (PID=7454) to work on /home/airflow/.local/lib/python3.12/site-packages/airflow/example_dags/example_task_group_decorator.py
[2026-06-02T11:03:33.666+0000] {processor.py:830} INFO - Processing file /home/airflow/.local/lib/python3.12/site-packages/airflow/example_dags/example_task_group_decorator.py for tasks to queue
[2026-06-02T11:03:33.668+0000] {logging_mixin.py:188} INFO - [2026-06-02T11:03:33.667+0000] {dagbag.py:540} INFO - Filling up the DagBag from /home/airflow/.local/lib/python3.12/site-packages/airflow/example_dags/example_task_group_decorator.py
[2026-06-02T11:03:33.680+0000] {processor.py:840} INFO - DAG(s) 'example_task_group_decorator' retrieved from /home/airflow/.local/lib/python3.12/site-packages/airflow/example_dags/example_task_group_decorator.py
[2026-06-02T11:03:33.703+0000] {logging_mixin.py:188} INFO - [2026-06-02T11:03:33.703+0000] {dag.py:3096} INFO - Sync 1 DAGs
[2026-06-02T11:03:33.722+0000] {logging_mixin.py:188} INFO - [2026-06-02T11:03:33.722+0000] {dag.py:3954} INFO - Setting next_dagrun for example_task_group_decorator to 2026-06-01 00:00:00+00:00, run_after=2026-06-02 00:00:00+00:00
[2026-06-02T11:03:33.741+0000] {processor.py:183} INFO - Processing /home/airflow/.local/lib/python3.12/site-packages/airflow/example_dags/example_task_group_decorator.py took 0.081 seconds
[2026-06-02T11:04:03.971+0000] {processor.py:161} INFO - Started process (PID=7516) to work on /home/airflow/.local/lib/python3.12/site-packages/airflow/example_dags/example_task_group_decorator.py
[2026-06-02T11:04:03.972+0000] {processor.py:830} INFO - Processing file /home/airflow/.local/lib/python3.12/site-packages/airflow/example_dags/example_task_group_decorator.py for tasks to queue
[2026-06-02T11:04:03.974+0000] {logging_mixin.py:188} INFO - [2026-06-02T11:04:03.974+0000] {dagbag.py:540} INFO - Filling up the DagBag from /home/airflow/.local/lib/python3.12/site-packages/airflow/example_dags/example_task_group_decorator.py
[2026-06-02T11:04:03.986+0000] {processor.py:840} INFO - DAG(s) 'example_task_group_decorator' retrieved from /home/airflow/.local/lib/python3.12/site-packages/airflow/example_dags/example_task_group_decorator.py
[2026-06-02T11:04:04.006+0000] {logging_mixin.py:188} INFO - [2026-06-02T11:04:04.006+0000] {dag.py:3096} INFO - Sync 1 DAGs
[2026-06-02T11:04:04.023+0000] {logging_mixin.py:188} INFO - [2026-06-02T11:04:04.023+0000] {dag.py:3954} INFO - Setting next_dagrun for example_task_group_decorator to 2026-06-01 00:00:00+00:00, run_after=2026-06-02 00:00:00+00:00
[2026-06-02T11:04:04.041+0000] {processor.py:183} INFO - Processing /home/airflow/.local/lib/python3.12/site-packages/airflow/example_dags/example_task_group_decorator.py took 0.075 seconds
[2026-06-02T11:04:34.099+0000] {processor.py:161} INFO - Started process (PID=7578) to work on /home/airflow/.local/lib/python3.12/site-packages/airflow/example_dags/example_task_group_decorator.py
[2026-06-02T11:04:34.100+0000] {processor.py:830} INFO - Processing file /home/airflow/.local/lib/python3.12/site-packages/airflow/example_dags/example_task_group_decorator.py for tasks to queue
[2026-06-02T11:04:34.102+0000] {logging_mixin.py:188} INFO - [2026-06-02T11:04:34.101+0000] {dagbag.py:540} INFO - Filling up the DagBag from /home/airflow/.local/lib/python3.12/site-packages/airflow/example_dags/example_task_group_decorator.py
[2026-06-02T11:04:34.113+0000] {processor.py:840} INFO - DAG(s) 'example_task_group_decorator' retrieved from /home/airflow/.local/lib/python3.12/site-packages/airflow/example_dags/example_task_group_decorator.py
[2026-06-02T11:04:34.134+0000] {logging_mixin.py:188} INFO - [2026-06-02T11:04:34.134+0000] {dag.py:3096} INFO - Sync 1 DAGs
[2026-06-02T11:04:34.152+0000] {logging_mixin.py:188} INFO - [2026-06-02T11:04:34.151+0000] {dag.py:3954} INFO - Setting next_dagrun for example_task_group_decorator to 2026-06-01 00:00:00+00:00, run_after=2026-06-02 00:00:00+00:00
[2026-06-02T11:04:34.169+0000] {processor.py:183} INFO - Processing /home/airflow/.local/lib/python3.12/site-packages/airflow/example_dags/example_task_group_decorator.py took 0.076 seconds
[2026-06-02T11:05:04.429+0000] {processor.py:161} INFO - Started process (PID=7640) to work on /home/airflow/.local/lib/python3.12/site-packages/airflow/example_dags/example_task_group_decorator.py
[2026-06-02T11:05:04.431+0000] {processor.py:830} INFO - Processing file /home/airflow/.local/lib/python3.12/site-packages/airflow/example_dags/example_task_group_decorator.py for tasks to queue
[2026-06-02T11:05:04.433+0000] {logging_mixin.py:188} INFO - [2026-06-02T11:05:04.433+0000] {dagbag.py:540} INFO - Filling up the DagBag from /home/airflow/.local/lib/python3.12/site-packages/airflow/example_dags/example_task_group_decorator.py
[2026-06-02T11:05:04.445+0000] {processor.py:840} INFO - DAG(s) 'example_task_group_decorator' retrieved from /home/airflow/.local/lib/python3.12/site-packages/airflow/example_dags/example_task_group_decorator.py
[2026-06-02T11:05:04.466+0000] {logging_mixin.py:188} INFO - [2026-06-02T11:05:04.466+0000] {dag.py:3096} INFO - Sync 1 DAGs
[2026-06-02T11:05:04.483+0000] {logging_mixin.py:188} INFO - [2026-06-02T11:05:04.483+0000] {dag.py:3954} INFO - Setting next_dagrun for example_task_group_decorator to 2026-06-01 00:00:00+00:00, run_after=2026-06-02 00:00:00+00:00
[2026-06-02T11:05:04.500+0000] {processor.py:183} INFO - Processing /home/airflow/.local/lib/python3.12/site-packages/airflow/example_dags/example_task_group_decorator.py took 0.076 seconds
[2026-06-02T11:05:34.696+0000] {processor.py:161} INFO - Started process (PID=7702) to work on /home/airflow/.local/lib/python3.12/site-packages/airflow/example_dags/example_task_group_decorator.py
[2026-06-02T11:05:34.698+0000] {processor.py:830} INFO - Processing file /home/airflow/.local/lib/python3.12/site-packages/airflow/example_dags/example_task_group_decorator.py for tasks to queue
[2026-06-02T11:05:34.700+0000] {logging_mixin.py:188} INFO - [2026-06-02T11:05:34.699+0000] {dagbag.py:540} INFO - Filling up the DagBag from /home/airflow/.local/lib/python3.12/site-packages/airflow/example_dags/example_task_group_decorator.py
[2026-06-02T11:05:34.711+0000] {processor.py:840} INFO - DAG(s) 'example_task_group_decorator' retrieved from /home/airflow/.local/lib/python3.12/site-packages/airflow/example_dags/example_task_group_decorator.py
[2026-06-02T11:05:34.732+0000] {logging_mixin.py:188} INFO - [2026-06-02T11:05:34.732+0000] {dag.py:3096} INFO - Sync 1 DAGs
[2026-06-02T11:05:34.749+0000] {logging_mixin.py:188} INFO - [2026-06-02T11:05:34.749+0000] {dag.py:3954} INFO - Setting next_dagrun for example_task_group_decorator to 2026-06-01 00:00:00+00:00, run_after=2026-06-02 00:00:00+00:00
[2026-06-02T11:05:34.766+0000] {processor.py:183} INFO - Processing /home/airflow/.local/lib/python3.12/site-packages/airflow/example_dags/example_task_group_decorator.py took 0.075 seconds
[2026-06-02T11:06:04.948+0000] {processor.py:161} INFO - Started process (PID=7764) to work on /home/airflow/.local/lib/python3.12/site-packages/airflow/example_dags/example_task_group_decorator.py
[2026-06-02T11:06:04.950+0000] {processor.py:830} INFO - Processing file /home/airflow/.local/lib/python3.12/site-packages/airflow/example_dags/example_task_group_decorator.py for tasks to queue
[2026-06-02T11:06:04.953+0000] {logging_mixin.py:188} INFO - [2026-06-02T11:06:04.952+0000] {dagbag.py:540} INFO - Filling up the DagBag from /home/airflow/.local/lib/python3.12/site-packages/airflow/example_dags/example_task_group_decorator.py
[2026-06-02T11:06:04.963+0000] {processor.py:840} INFO - DAG(s) 'example_task_group_decorator' retrieved from /home/airflow/.local/lib/python3.12/site-packages/airflow/example_dags/example_task_group_decorator.py
[2026-06-02T11:06:04.985+0000] {logging_mixin.py:188} INFO - [2026-06-02T11:06:04.985+0000] {dag.py:3096} INFO - Sync 1 DAGs
[2026-06-02T11:06:05.003+0000] {logging_mixin.py:188} INFO - [2026-06-02T11:06:05.003+0000] {dag.py:3954} INFO - Setting next_dagrun for example_task_group_decorator to 2026-06-01 00:00:00+00:00, run_after=2026-06-02 00:00:00+00:00
[2026-06-02T11:06:05.021+0000] {processor.py:183} INFO - Processing /home/airflow/.local/lib/python3.12/site-packages/airflow/example_dags/example_task_group_decorator.py took 0.077 seconds
[2026-06-02T11:06:35.303+0000] {processor.py:161} INFO - Started process (PID=7826) to work on /home/airflow/.local/lib/python3.12/site-packages/airflow/example_dags/example_task_group_decorator.py
[2026-06-02T11:06:35.305+0000] {processor.py:830} INFO - Processing file /home/airflow/.local/lib/python3.12/site-packages/airflow/example_dags/example_task_group_decorator.py for tasks to queue
[2026-06-02T11:06:35.307+0000] {logging_mixin.py:188} INFO - [2026-06-02T11:06:35.306+0000] {dagbag.py:540} INFO - Filling up the DagBag from /home/airflow/.local/lib/python3.12/site-packages/airflow/example_dags/example_task_group_decorator.py
[2026-06-02T11:06:35.319+0000] {processor.py:840} INFO - DAG(s) 'example_task_group_decorator' retrieved from /home/airflow/.local/lib/python3.12/site-packages/airflow/example_dags/example_task_group_decorator.py
[2026-06-02T11:06:35.343+0000] {logging_mixin.py:188} INFO - [2026-06-02T11:06:35.343+0000] {dag.py:3096} INFO - Sync 1 DAGs
[2026-06-02T11:06:35.364+0000] {logging_mixin.py:188} INFO - [2026-06-02T11:06:35.363+0000] {dag.py:3954} INFO - Setting next_dagrun for example_task_group_decorator to 2026-06-01 00:00:00+00:00, run_after=2026-06-02 00:00:00+00:00
[2026-06-02T11:06:35.383+0000] {processor.py:183} INFO - Processing /home/airflow/.local/lib/python3.12/site-packages/airflow/example_dags/example_task_group_decorator.py took 0.087 seconds
[2026-06-02T11:07:05.451+0000] {processor.py:161} INFO - Started process (PID=7888) to work on /home/airflow/.local/lib/python3.12/site-packages/airflow/example_dags/example_task_group_decorator.py
[2026-06-02T11:07:05.452+0000] {processor.py:830} INFO - Processing file /home/airflow/.local/lib/python3.12/site-packages/airflow/example_dags/example_task_group_decorator.py for tasks to queue
[2026-06-02T11:07:05.454+0000] {logging_mixin.py:188} INFO - [2026-06-02T11:07:05.454+0000] {dagbag.py:540} INFO - Filling up the DagBag from /home/airflow/.local/lib/python3.12/site-packages/airflow/example_dags/example_task_group_decorator.py
[2026-06-02T11:07:05.465+0000] {processor.py:840} INFO - DAG(s) 'example_task_group_decorator' retrieved from /home/airflow/.local/lib/python3.12/site-packages/airflow/example_dags/example_task_group_decorator.py
[2026-06-02T11:07:05.487+0000] {logging_mixin.py:188} INFO - [2026-06-02T11:07:05.487+0000] {dag.py:3096} INFO - Sync 1 DAGs
[2026-06-02T11:07:05.508+0000] {logging_mixin.py:188} INFO - [2026-06-02T11:07:05.508+0000] {dag.py:3954} INFO - Setting next_dagrun for example_task_group_decorator to 2026-06-01 00:00:00+00:00, run_after=2026-06-02 00:00:00+00:00
[2026-06-02T11:07:05.527+0000] {processor.py:183} INFO - Processing /home/airflow/.local/lib/python3.12/site-packages/airflow/example_dags/example_task_group_decorator.py took 0.083 seconds
[2026-06-02T11:07:35.672+0000] {processor.py:161} INFO - Started process (PID=7950) to work on /home/airflow/.local/lib/python3.12/site-packages/airflow/example_dags/example_task_group_decorator.py
[2026-06-02T11:07:35.674+0000] {processor.py:830} INFO - Processing file /home/airflow/.local/lib/python3.12/site-packages/airflow/example_dags/example_task_group_decorator.py for tasks to queue
[2026-06-02T11:07:35.676+0000] {logging_mixin.py:188} INFO - [2026-06-02T11:07:35.675+0000] {dagbag.py:540} INFO - Filling up the DagBag from /home/airflow/.local/lib/python3.12/site-packages/airflow/example_dags/example_task_group_decorator.py
[2026-06-02T11:07:35.687+0000] {processor.py:840} INFO - DAG(s) 'example_task_group_decorator' retrieved from /home/airflow/.local/lib/python3.12/site-packages/airflow/example_dags/example_task_group_decorator.py
[2026-06-02T11:07:35.709+0000] {logging_mixin.py:188} INFO - [2026-06-02T11:07:35.709+0000] {dag.py:3096} INFO - Sync 1 DAGs
[2026-06-02T11:07:35.729+0000] {logging_mixin.py:188} INFO - [2026-06-02T11:07:35.728+0000] {dag.py:3954} INFO - Setting next_dagrun for example_task_group_decorator to 2026-06-01 00:00:00+00:00, run_after=2026-06-02 00:00:00+00:00
[2026-06-02T11:07:35.747+0000] {processor.py:183} INFO - Processing /home/airflow/.local/lib/python3.12/site-packages/airflow/example_dags/example_task_group_decorator.py took 0.080 seconds
[2026-06-02T11:08:05.958+0000] {processor.py:161} INFO - Started process (PID=8012) to work on /home/airflow/.local/lib/python3.12/site-packages/airflow/example_dags/example_task_group_decorator.py
[2026-06-02T11:08:05.959+0000] {processor.py:830} INFO - Processing file /home/airflow/.local/lib/python3.12/site-packages/airflow/example_dags/example_task_group_decorator.py for tasks to queue
[2026-06-02T11:08:05.961+0000] {logging_mixin.py:188} INFO - [2026-06-02T11:08:05.961+0000] {dagbag.py:540} INFO - Filling up the DagBag from /home/airflow/.local/lib/python3.12/site-packages/airflow/example_dags/example_task_group_decorator.py
[2026-06-02T11:08:05.975+0000] {processor.py:840} INFO - DAG(s) 'example_task_group_decorator' retrieved from /home/airflow/.local/lib/python3.12/site-packages/airflow/example_dags/example_task_group_decorator.py
[2026-06-02T11:08:05.995+0000] {logging_mixin.py:188} INFO - [2026-06-02T11:08:05.995+0000] {dag.py:3096} INFO - Sync 1 DAGs
[2026-06-02T11:08:06.012+0000] {logging_mixin.py:188} INFO - [2026-06-02T11:08:06.012+0000] {dag.py:3954} INFO - Setting next_dagrun for example_task_group_decorator to 2026-06-01 00:00:00+00:00, run_after=2026-06-02 00:00:00+00:00
[2026-06-02T11:08:06.030+0000] {processor.py:183} INFO - Processing /home/airflow/.local/lib/python3.12/site-packages/airflow/example_dags/example_task_group_decorator.py took 0.078 seconds
[2026-06-02T11:08:36.295+0000] {processor.py:161} INFO - Started process (PID=8074) to work on /home/airflow/.local/lib/python3.12/site-packages/airflow/example_dags/example_task_group_decorator.py
[2026-06-02T11:08:36.296+0000] {processor.py:830} INFO - Processing file /home/airflow/.local/lib/python3.12/site-packages/airflow/example_dags/example_task_group_decorator.py for tasks to queue
[2026-06-02T11:08:36.297+0000] {logging_mixin.py:188} INFO - [2026-06-02T11:08:36.297+0000] {dagbag.py:540} INFO - Filling up the DagBag from /home/airflow/.local/lib/python3.12/site-packages/airflow/example_dags/example_task_group_decorator.py
[2026-06-02T11:08:36.309+0000] {processor.py:840} INFO - DAG(s) 'example_task_group_decorator' retrieved from /home/airflow/.local/lib/python3.12/site-packages/airflow/example_dags/example_task_group_decorator.py
[2026-06-02T11:08:36.330+0000] {logging_mixin.py:188} INFO - [2026-06-02T11:08:36.330+0000] {dag.py:3096} INFO - Sync 1 DAGs
[2026-06-02T11:08:36.348+0000] {logging_mixin.py:188} INFO - [2026-06-02T11:08:36.348+0000] {dag.py:3954} INFO - Setting next_dagrun for example_task_group_decorator to 2026-06-01 00:00:00+00:00, run_after=2026-06-02 00:00:00+00:00
[2026-06-02T11:08:36.365+0000] {processor.py:183} INFO - Processing /home/airflow/.local/lib/python3.12/site-packages/airflow/example_dags/example_task_group_decorator.py took 0.076 seconds
[2026-06-02T11:09:06.693+0000] {processor.py:161} INFO - Started process (PID=8136) to work on /home/airflow/.local/lib/python3.12/site-packages/airflow/example_dags/example_task_group_decorator.py
[2026-06-02T11:09:06.694+0000] {processor.py:830} INFO - Processing file /home/airflow/.local/lib/python3.12/site-packages/airflow/example_dags/example_task_group_decorator.py for tasks to queue
[2026-06-02T11:09:06.698+0000] {logging_mixin.py:188} INFO - [2026-06-02T11:09:06.697+0000] {dagbag.py:540} INFO - Filling up the DagBag from /home/airflow/.local/lib/python3.12/site-packages/airflow/example_dags/example_task_group_decorator.py
[2026-06-02T11:09:06.711+0000] {processor.py:840} INFO - DAG(s) 'example_task_group_decorator' retrieved from /home/airflow/.local/lib/python3.12/site-packages/airflow/example_dags/example_task_group_decorator.py
[2026-06-02T11:09:06.735+0000] {logging_mixin.py:188} INFO - [2026-06-02T11:09:06.734+0000] {dag.py:3096} INFO - Sync 1 DAGs
[2026-06-02T11:09:06.752+0000] {logging_mixin.py:188} INFO - [2026-06-02T11:09:06.752+0000] {dag.py:3954} INFO - Setting next_dagrun for example_task_group_decorator to 2026-06-01 00:00:00+00:00, run_after=2026-06-02 00:00:00+00:00
[2026-06-02T11:09:06.770+0000] {processor.py:183} INFO - Processing /home/airflow/.local/lib/python3.12/site-packages/airflow/example_dags/example_task_group_decorator.py took 0.083 seconds
[2026-06-02T11:09:37.019+0000] {processor.py:161} INFO - Started process (PID=8197) to work on /home/airflow/.local/lib/python3.12/site-packages/airflow/example_dags/example_task_group_decorator.py
[2026-06-02T11:09:37.021+0000] {processor.py:830} INFO - Processing file /home/airflow/.local/lib/python3.12/site-packages/airflow/example_dags/example_task_group_decorator.py for tasks to queue
[2026-06-02T11:09:37.023+0000] {logging_mixin.py:188} INFO - [2026-06-02T11:09:37.023+0000] {dagbag.py:540} INFO - Filling up the DagBag from /home/airflow/.local/lib/python3.12/site-packages/airflow/example_dags/example_task_group_decorator.py
[2026-06-02T11:09:37.036+0000] {processor.py:840} INFO - DAG(s) 'example_task_group_decorator' retrieved from /home/airflow/.local/lib/python3.12/site-packages/airflow/example_dags/example_task_group_decorator.py
[2026-06-02T11:09:37.059+0000] {logging_mixin.py:188} INFO - [2026-06-02T11:09:37.059+0000] {dag.py:3096} INFO - Sync 1 DAGs
[2026-06-02T11:09:37.081+0000] {logging_mixin.py:188} INFO - [2026-06-02T11:09:37.080+0000] {dag.py:3954} INFO - Setting next_dagrun for example_task_group_decorator to 2026-06-01 00:00:00+00:00, run_after=2026-06-02 00:00:00+00:00
[2026-06-02T11:09:37.101+0000] {processor.py:183} INFO - Processing /home/airflow/.local/lib/python3.12/site-packages/airflow/example_dags/example_task_group_decorator.py took 0.087 seconds
[2026-06-02T11:10:07.396+0000] {processor.py:161} INFO - Started process (PID=8259) to work on /home/airflow/.local/lib/python3.12/site-packages/airflow/example_dags/example_task_group_decorator.py
[2026-06-02T11:10:07.397+0000] {processor.py:830} INFO - Processing file /home/airflow/.local/lib/python3.12/site-packages/airflow/example_dags/example_task_group_decorator.py for tasks to queue
[2026-06-02T11:10:07.398+0000] {logging_mixin.py:188} INFO - [2026-06-02T11:10:07.398+0000] {dagbag.py:540} INFO - Filling up the DagBag from /home/airflow/.local/lib/python3.12/site-packages/airflow/example_dags/example_task_group_decorator.py
[2026-06-02T11:10:07.411+0000] {processor.py:840} INFO - DAG(s) 'example_task_group_decorator' retrieved from /home/airflow/.local/lib/python3.12/site-packages/airflow/example_dags/example_task_group_decorator.py
[2026-06-02T11:10:07.433+0000] {logging_mixin.py:188} INFO - [2026-06-02T11:10:07.433+0000] {dag.py:3096} INFO - Sync 1 DAGs
[2026-06-02T11:10:07.451+0000] {logging_mixin.py:188} INFO - [2026-06-02T11:10:07.451+0000] {dag.py:3954} INFO - Setting next_dagrun for example_task_group_decorator to 2026-06-01 00:00:00+00:00, run_after=2026-06-02 00:00:00+00:00
[2026-06-02T11:10:07.471+0000] {processor.py:183} INFO - Processing /home/airflow/.local/lib/python3.12/site-packages/airflow/example_dags/example_task_group_decorator.py took 0.081 seconds
[2026-06-02T11:10:37.759+0000] {processor.py:161} INFO - Started process (PID=8321) to work on /home/airflow/.local/lib/python3.12/site-packages/airflow/example_dags/example_task_group_decorator.py
[2026-06-02T11:10:37.761+0000] {processor.py:830} INFO - Processing file /home/airflow/.local/lib/python3.12/site-packages/airflow/example_dags/example_task_group_decorator.py for tasks to queue
[2026-06-02T11:10:37.763+0000] {logging_mixin.py:188} INFO - [2026-06-02T11:10:37.763+0000] {dagbag.py:540} INFO - Filling up the DagBag from /home/airflow/.local/lib/python3.12/site-packages/airflow/example_dags/example_task_group_decorator.py
[2026-06-02T11:10:37.776+0000] {processor.py:840} INFO - DAG(s) 'example_task_group_decorator' retrieved from /home/airflow/.local/lib/python3.12/site-packages/airflow/example_dags/example_task_group_decorator.py
[2026-06-02T11:10:37.797+0000] {logging_mixin.py:188} INFO - [2026-06-02T11:10:37.797+0000] {dag.py:3096} INFO - Sync 1 DAGs
[2026-06-02T11:10:37.816+0000] {logging_mixin.py:188} INFO - [2026-06-02T11:10:37.816+0000] {dag.py:3954} INFO - Setting next_dagrun for example_task_group_decorator to 2026-06-01 00:00:00+00:00, run_after=2026-06-02 00:00:00+00:00
[2026-06-02T11:10:37.833+0000] {processor.py:183} INFO - Processing /home/airflow/.local/lib/python3.12/site-packages/airflow/example_dags/example_task_group_decorator.py took 0.080 seconds
[2026-06-02T11:11:07.933+0000] {processor.py:161} INFO - Started process (PID=8383) to work on /home/airflow/.local/lib/python3.12/site-packages/airflow/example_dags/example_task_group_decorator.py
[2026-06-02T11:11:07.934+0000] {processor.py:830} INFO - Processing file /home/airflow/.local/lib/python3.12/site-packages/airflow/example_dags/example_task_group_decorator.py for tasks to queue
[2026-06-02T11:11:07.936+0000] {logging_mixin.py:188} INFO - [2026-06-02T11:11:07.935+0000] {dagbag.py:540} INFO - Filling up the DagBag from /home/airflow/.local/lib/python3.12/site-packages/airflow/example_dags/example_task_group_decorator.py
[2026-06-02T11:11:07.947+0000] {processor.py:840} INFO - DAG(s) 'example_task_group_decorator' retrieved from /home/airflow/.local/lib/python3.12/site-packages/airflow/example_dags/example_task_group_decorator.py
[2026-06-02T11:11:07.968+0000] {logging_mixin.py:188} INFO - [2026-06-02T11:11:07.967+0000] {dag.py:3096} INFO - Sync 1 DAGs
[2026-06-02T11:11:07.985+0000] {logging_mixin.py:188} INFO - [2026-06-02T11:11:07.985+0000] {dag.py:3954} INFO - Setting next_dagrun for example_task_group_decorator to 2026-06-01 00:00:00+00:00, run_after=2026-06-02 00:00:00+00:00
[2026-06-02T11:11:08.003+0000] {processor.py:183} INFO - Processing /home/airflow/.local/lib/python3.12/site-packages/airflow/example_dags/example_task_group_decorator.py took 0.075 seconds
[2026-06-02T11:11:38.247+0000] {processor.py:161} INFO - Started process (PID=8445) to work on /home/airflow/.local/lib/python3.12/site-packages/airflow/example_dags/example_task_group_decorator.py
[2026-06-02T11:11:38.248+0000] {processor.py:830} INFO - Processing file /home/airflow/.local/lib/python3.12/site-packages/airflow/example_dags/example_task_group_decorator.py for tasks to queue
[2026-06-02T11:11:38.251+0000] {logging_mixin.py:188} INFO - [2026-06-02T11:11:38.250+0000] {dagbag.py:540} INFO - Filling up the DagBag from /home/airflow/.local/lib/python3.12/site-packages/airflow/example_dags/example_task_group_decorator.py
[2026-06-02T11:11:38.262+0000] {processor.py:840} INFO - DAG(s) 'example_task_group_decorator' retrieved from /home/airflow/.local/lib/python3.12/site-packages/airflow/example_dags/example_task_group_decorator.py
[2026-06-02T11:11:38.284+0000] {logging_mixin.py:188} INFO - [2026-06-02T11:11:38.284+0000] {dag.py:3096} INFO - Sync 1 DAGs
[2026-06-02T11:11:38.302+0000] {logging_mixin.py:188} INFO - [2026-06-02T11:11:38.302+0000] {dag.py:3954} INFO - Setting next_dagrun for example_task_group_decorator to 2026-06-01 00:00:00+00:00, run_after=2026-06-02 00:00:00+00:00
[2026-06-02T11:11:38.320+0000] {processor.py:183} INFO - Processing /home/airflow/.local/lib/python3.12/site-packages/airflow/example_dags/example_task_group_decorator.py took 0.078 seconds
[2026-06-02T11:12:08.432+0000] {processor.py:161} INFO - Started process (PID=8507) to work on /home/airflow/.local/lib/python3.12/site-packages/airflow/example_dags/example_task_group_decorator.py
[2026-06-02T11:12:08.433+0000] {processor.py:830} INFO - Processing file /home/airflow/.local/lib/python3.12/site-packages/airflow/example_dags/example_task_group_decorator.py for tasks to queue
[2026-06-02T11:12:08.435+0000] {logging_mixin.py:188} INFO - [2026-06-02T11:12:08.435+0000] {dagbag.py:540} INFO - Filling up the DagBag from /home/airflow/.local/lib/python3.12/site-packages/airflow/example_dags/example_task_group_decorator.py
[2026-06-02T11:12:08.446+0000] {processor.py:840} INFO - DAG(s) 'example_task_group_decorator' retrieved from /home/airflow/.local/lib/python3.12/site-packages/airflow/example_dags/example_task_group_decorator.py
[2026-06-02T11:12:08.468+0000] {logging_mixin.py:188} INFO - [2026-06-02T11:12:08.468+0000] {dag.py:3096} INFO - Sync 1 DAGs
[2026-06-02T11:12:08.487+0000] {logging_mixin.py:188} INFO - [2026-06-02T11:12:08.486+0000] {dag.py:3954} INFO - Setting next_dagrun for example_task_group_decorator to 2026-06-01 00:00:00+00:00, run_after=2026-06-02 00:00:00+00:00
[2026-06-02T11:12:08.504+0000] {processor.py:183} INFO - Processing /home/airflow/.local/lib/python3.12/site-packages/airflow/example_dags/example_task_group_decorator.py took 0.076 seconds
[2026-06-02T11:12:38.683+0000] {processor.py:161} INFO - Started process (PID=8569) to work on /home/airflow/.local/lib/python3.12/site-packages/airflow/example_dags/example_task_group_decorator.py
[2026-06-02T11:12:38.684+0000] {processor.py:830} INFO - Processing file /home/airflow/.local/lib/python3.12/site-packages/airflow/example_dags/example_task_group_decorator.py for tasks to queue
[2026-06-02T11:12:38.686+0000] {logging_mixin.py:188} INFO - [2026-06-02T11:12:38.686+0000] {dagbag.py:540} INFO - Filling up the DagBag from /home/airflow/.local/lib/python3.12/site-packages/airflow/example_dags/example_task_group_decorator.py
[2026-06-02T11:12:38.698+0000] {processor.py:840} INFO - DAG(s) 'example_task_group_decorator' retrieved from /home/airflow/.local/lib/python3.12/site-packages/airflow/example_dags/example_task_group_decorator.py
[2026-06-02T11:12:38.718+0000] {logging_mixin.py:188} INFO - [2026-06-02T11:12:38.718+0000] {dag.py:3096} INFO - Sync 1 DAGs
[2026-06-02T11:12:38.737+0000] {logging_mixin.py:188} INFO - [2026-06-02T11:12:38.736+0000] {dag.py:3954} INFO - Setting next_dagrun for example_task_group_decorator to 2026-06-01 00:00:00+00:00, run_after=2026-06-02 00:00:00+00:00
[2026-06-02T11:12:38.754+0000] {processor.py:183} INFO - Processing /home/airflow/.local/lib/python3.12/site-packages/airflow/example_dags/example_task_group_decorator.py took 0.077 seconds
[2026-06-02T11:13:08.980+0000] {processor.py:161} INFO - Started process (PID=8631) to work on /home/airflow/.local/lib/python3.12/site-packages/airflow/example_dags/example_task_group_decorator.py
[2026-06-02T11:13:08.981+0000] {processor.py:830} INFO - Processing file /home/airflow/.local/lib/python3.12/site-packages/airflow/example_dags/example_task_group_decorator.py for tasks to queue
[2026-06-02T11:13:08.983+0000] {logging_mixin.py:188} INFO - [2026-06-02T11:13:08.982+0000] {dagbag.py:540} INFO - Filling up the DagBag from /home/airflow/.local/lib/python3.12/site-packages/airflow/example_dags/example_task_group_decorator.py
[2026-06-02T11:13:08.995+0000] {processor.py:840} INFO - DAG(s) 'example_task_group_decorator' retrieved from /home/airflow/.local/lib/python3.12/site-packages/airflow/example_dags/example_task_group_decorator.py
[2026-06-02T11:13:09.016+0000] {logging_mixin.py:188} INFO - [2026-06-02T11:13:09.016+0000] {dag.py:3096} INFO - Sync 1 DAGs
[2026-06-02T11:13:09.034+0000] {logging_mixin.py:188} INFO - [2026-06-02T11:13:09.034+0000] {dag.py:3954} INFO - Setting next_dagrun for example_task_group_decorator to 2026-06-01 00:00:00+00:00, run_after=2026-06-02 00:00:00+00:00
[2026-06-02T11:13:09.049+0000] {processor.py:183} INFO - Processing /home/airflow/.local/lib/python3.12/site-packages/airflow/example_dags/example_task_group_decorator.py took 0.075 seconds
[2026-06-02T11:13:39.125+0000] {processor.py:161} INFO - Started process (PID=8693) to work on /home/airflow/.local/lib/python3.12/site-packages/airflow/example_dags/example_task_group_decorator.py
[2026-06-02T11:13:39.126+0000] {processor.py:830} INFO - Processing file /home/airflow/.local/lib/python3.12/site-packages/airflow/example_dags/example_task_group_decorator.py for tasks to queue
[2026-06-02T11:13:39.128+0000] {logging_mixin.py:188} INFO - [2026-06-02T11:13:39.128+0000] {dagbag.py:540} INFO - Filling up the DagBag from /home/airflow/.local/lib/python3.12/site-packages/airflow/example_dags/example_task_group_decorator.py
[2026-06-02T11:13:39.140+0000] {processor.py:840} INFO - DAG(s) 'example_task_group_decorator' retrieved from /home/airflow/.local/lib/python3.12/site-packages/airflow/example_dags/example_task_group_decorator.py
[2026-06-02T11:13:39.164+0000] {logging_mixin.py:188} INFO - [2026-06-02T11:13:39.164+0000] {dag.py:3096} INFO - Sync 1 DAGs
[2026-06-02T11:13:39.181+0000] {logging_mixin.py:188} INFO - [2026-06-02T11:13:39.181+0000] {dag.py:3954} INFO - Setting next_dagrun for example_task_group_decorator to 2026-06-01 00:00:00+00:00, run_after=2026-06-02 00:00:00+00:00
[2026-06-02T11:13:39.199+0000] {processor.py:183} INFO - Processing /home/airflow/.local/lib/python3.12/site-packages/airflow/example_dags/example_task_group_decorator.py took 0.079 seconds
[2026-06-02T11:14:09.421+0000] {processor.py:161} INFO - Started process (PID=8755) to work on /home/airflow/.local/lib/python3.12/site-packages/airflow/example_dags/example_task_group_decorator.py
[2026-06-02T11:14:09.422+0000] {processor.py:830} INFO - Processing file /home/airflow/.local/lib/python3.12/site-packages/airflow/example_dags/example_task_group_decorator.py for tasks to queue
[2026-06-02T11:14:09.423+0000] {logging_mixin.py:188} INFO - [2026-06-02T11:14:09.423+0000] {dagbag.py:540} INFO - Filling up the DagBag from /home/airflow/.local/lib/python3.12/site-packages/airflow/example_dags/example_task_group_decorator.py
[2026-06-02T11:14:09.435+0000] {processor.py:840} INFO - DAG(s) 'example_task_group_decorator' retrieved from /home/airflow/.local/lib/python3.12/site-packages/airflow/example_dags/example_task_group_decorator.py
[2026-06-02T11:14:09.458+0000] {logging_mixin.py:188} INFO - [2026-06-02T11:14:09.458+0000] {dag.py:3096} INFO - Sync 1 DAGs
[2026-06-02T11:14:09.476+0000] {logging_mixin.py:188} INFO - [2026-06-02T11:14:09.476+0000] {dag.py:3954} INFO - Setting next_dagrun for example_task_group_decorator to 2026-06-01 00:00:00+00:00, run_after=2026-06-02 00:00:00+00:00
[2026-06-02T11:14:09.493+0000] {processor.py:183} INFO - Processing /home/airflow/.local/lib/python3.12/site-packages/airflow/example_dags/example_task_group_decorator.py took 0.078 seconds
[2026-06-02T11:14:40.162+0000] {processor.py:161} INFO - Started process (PID=8817) to work on /home/airflow/.local/lib/python3.12/site-packages/airflow/example_dags/example_task_group_decorator.py
[2026-06-02T11:14:40.163+0000] {processor.py:830} INFO - Processing file /home/airflow/.local/lib/python3.12/site-packages/airflow/example_dags/example_task_group_decorator.py for tasks to queue
[2026-06-02T11:14:40.165+0000] {logging_mixin.py:188} INFO - [2026-06-02T11:14:40.164+0000] {dagbag.py:540} INFO - Filling up the DagBag from /home/airflow/.local/lib/python3.12/site-packages/airflow/example_dags/example_task_group_decorator.py
[2026-06-02T11:14:40.178+0000] {processor.py:840} INFO - DAG(s) 'example_task_group_decorator' retrieved from /home/airflow/.local/lib/python3.12/site-packages/airflow/example_dags/example_task_group_decorator.py
[2026-06-02T11:14:40.202+0000] {logging_mixin.py:188} INFO - [2026-06-02T11:14:40.202+0000] {dag.py:3096} INFO - Sync 1 DAGs
[2026-06-02T11:14:40.223+0000] {logging_mixin.py:188} INFO - [2026-06-02T11:14:40.223+0000] {dag.py:3954} INFO - Setting next_dagrun for example_task_group_decorator to 2026-06-01 00:00:00+00:00, run_after=2026-06-02 00:00:00+00:00
[2026-06-02T11:14:40.245+0000] {processor.py:183} INFO - Processing /home/airflow/.local/lib/python3.12/site-packages/airflow/example_dags/example_task_group_decorator.py took 0.089 seconds
[2026-06-02T11:15:10.464+0000] {processor.py:161} INFO - Started process (PID=8879) to work on /home/airflow/.local/lib/python3.12/site-packages/airflow/example_dags/example_task_group_decorator.py
[2026-06-02T11:15:10.465+0000] {processor.py:830} INFO - Processing file /home/airflow/.local/lib/python3.12/site-packages/airflow/example_dags/example_task_group_decorator.py for tasks to queue
[2026-06-02T11:15:10.467+0000] {logging_mixin.py:188} INFO - [2026-06-02T11:15:10.467+0000] {dagbag.py:540} INFO - Filling up the DagBag from /home/airflow/.local/lib/python3.12/site-packages/airflow/example_dags/example_task_group_decorator.py
[2026-06-02T11:15:10.485+0000] {processor.py:840} INFO - DAG(s) 'example_task_group_decorator' retrieved from /home/airflow/.local/lib/python3.12/site-packages/airflow/example_dags/example_task_group_decorator.py
[2026-06-02T11:15:10.511+0000] {logging_mixin.py:188} INFO - [2026-06-02T11:15:10.511+0000] {dag.py:3096} INFO - Sync 1 DAGs
[2026-06-02T11:15:10.529+0000] {logging_mixin.py:188} INFO - [2026-06-02T11:15:10.529+0000] {dag.py:3954} INFO - Setting next_dagrun for example_task_group_decorator to 2026-06-01 00:00:00+00:00, run_after=2026-06-02 00:00:00+00:00
[2026-06-02T11:15:10.547+0000] {processor.py:183} INFO - Processing /home/airflow/.local/lib/python3.12/site-packages/airflow/example_dags/example_task_group_decorator.py took 0.089 seconds
[2026-06-02T11:15:40.821+0000] {processor.py:161} INFO - Started process (PID=8941) to work on /home/airflow/.local/lib/python3.12/site-packages/airflow/example_dags/example_task_group_decorator.py
[2026-06-02T11:15:40.822+0000] {processor.py:830} INFO - Processing file /home/airflow/.local/lib/python3.12/site-packages/airflow/example_dags/example_task_group_decorator.py for tasks to queue
[2026-06-02T11:15:40.824+0000] {logging_mixin.py:188} INFO - [2026-06-02T11:15:40.823+0000] {dagbag.py:540} INFO - Filling up the DagBag from /home/airflow/.local/lib/python3.12/site-packages/airflow/example_dags/example_task_group_decorator.py
[2026-06-02T11:15:40.837+0000] {processor.py:840} INFO - DAG(s) 'example_task_group_decorator' retrieved from /home/airflow/.local/lib/python3.12/site-packages/airflow/example_dags/example_task_group_decorator.py
[2026-06-02T11:15:40.858+0000] {logging_mixin.py:188} INFO - [2026-06-02T11:15:40.857+0000] {dag.py:3096} INFO - Sync 1 DAGs
[2026-06-02T11:15:40.875+0000] {logging_mixin.py:188} INFO - [2026-06-02T11:15:40.874+0000] {dag.py:3954} INFO - Setting next_dagrun for example_task_group_decorator to 2026-06-01 00:00:00+00:00, run_after=2026-06-02 00:00:00+00:00
[2026-06-02T11:15:40.892+0000] {processor.py:183} INFO - Processing /home/airflow/.local/lib/python3.12/site-packages/airflow/example_dags/example_task_group_decorator.py took 0.077 seconds
[2026-06-02T11:16:10.991+0000] {processor.py:161} INFO - Started process (PID=9003) to work on /home/airflow/.local/lib/python3.12/site-packages/airflow/example_dags/example_task_group_decorator.py
[2026-06-02T11:16:10.993+0000] {processor.py:830} INFO - Processing file /home/airflow/.local/lib/python3.12/site-packages/airflow/example_dags/example_task_group_decorator.py for tasks to queue
[2026-06-02T11:16:10.994+0000] {logging_mixin.py:188} INFO - [2026-06-02T11:16:10.994+0000] {dagbag.py:540} INFO - Filling up the DagBag from /home/airflow/.local/lib/python3.12/site-packages/airflow/example_dags/example_task_group_decorator.py
[2026-06-02T11:16:11.006+0000] {processor.py:840} INFO - DAG(s) 'example_task_group_decorator' retrieved from /home/airflow/.local/lib/python3.12/site-packages/airflow/example_dags/example_task_group_decorator.py
[2026-06-02T11:16:11.027+0000] {logging_mixin.py:188} INFO - [2026-06-02T11:16:11.026+0000] {dag.py:3096} INFO - Sync 1 DAGs
[2026-06-02T11:16:11.046+0000] {logging_mixin.py:188} INFO - [2026-06-02T11:16:11.046+0000] {dag.py:3954} INFO - Setting next_dagrun for example_task_group_decorator to 2026-06-01 00:00:00+00:00, run_after=2026-06-02 00:00:00+00:00
[2026-06-02T11:16:11.067+0000] {processor.py:183} INFO - Processing /home/airflow/.local/lib/python3.12/site-packages/airflow/example_dags/example_task_group_decorator.py took 0.080 seconds
[2026-06-02T11:16:41.313+0000] {processor.py:161} INFO - Started process (PID=9065) to work on /home/airflow/.local/lib/python3.12/site-packages/airflow/example_dags/example_task_group_decorator.py
[2026-06-02T11:16:41.314+0000] {processor.py:830} INFO - Processing file /home/airflow/.local/lib/python3.12/site-packages/airflow/example_dags/example_task_group_decorator.py for tasks to queue
[2026-06-02T11:16:41.316+0000] {logging_mixin.py:188} INFO - [2026-06-02T11:16:41.315+0000] {dagbag.py:540} INFO - Filling up the DagBag from /home/airflow/.local/lib/python3.12/site-packages/airflow/example_dags/example_task_group_decorator.py
[2026-06-02T11:16:41.327+0000] {processor.py:840} INFO - DAG(s) 'example_task_group_decorator' retrieved from /home/airflow/.local/lib/python3.12/site-packages/airflow/example_dags/example_task_group_decorator.py
[2026-06-02T11:16:41.349+0000] {logging_mixin.py:188} INFO - [2026-06-02T11:16:41.348+0000] {dag.py:3096} INFO - Sync 1 DAGs
[2026-06-02T11:16:41.367+0000] {logging_mixin.py:188} INFO - [2026-06-02T11:16:41.367+0000] {dag.py:3954} INFO - Setting next_dagrun for example_task_group_decorator to 2026-06-01 00:00:00+00:00, run_after=2026-06-02 00:00:00+00:00
[2026-06-02T11:16:41.383+0000] {processor.py:183} INFO - Processing /home/airflow/.local/lib/python3.12/site-packages/airflow/example_dags/example_task_group_decorator.py took 0.076 seconds
[2026-06-02T11:17:11.705+0000] {processor.py:161} INFO - Started process (PID=9127) to work on /home/airflow/.local/lib/python3.12/site-packages/airflow/example_dags/example_task_group_decorator.py
[2026-06-02T11:17:11.706+0000] {processor.py:830} INFO - Processing file /home/airflow/.local/lib/python3.12/site-packages/airflow/example_dags/example_task_group_decorator.py for tasks to queue
[2026-06-02T11:17:11.708+0000] {logging_mixin.py:188} INFO - [2026-06-02T11:17:11.708+0000] {dagbag.py:540} INFO - Filling up the DagBag from /home/airflow/.local/lib/python3.12/site-packages/airflow/example_dags/example_task_group_decorator.py
[2026-06-02T11:17:11.721+0000] {processor.py:840} INFO - DAG(s) 'example_task_group_decorator' retrieved from /home/airflow/.local/lib/python3.12/site-packages/airflow/example_dags/example_task_group_decorator.py
[2026-06-02T11:17:11.763+0000] {logging_mixin.py:188} INFO - [2026-06-02T11:17:11.762+0000] {dag.py:3096} INFO - Sync 1 DAGs
[2026-06-02T11:17:11.795+0000] {logging_mixin.py:188} INFO - [2026-06-02T11:17:11.794+0000] {dag.py:3954} INFO - Setting next_dagrun for example_task_group_decorator to 2026-06-01 00:00:00+00:00, run_after=2026-06-02 00:00:00+00:00
[2026-06-02T11:17:11.819+0000] {processor.py:183} INFO - Processing /home/airflow/.local/lib/python3.12/site-packages/airflow/example_dags/example_task_group_decorator.py took 0.121 seconds
[2026-06-02T11:17:42.044+0000] {processor.py:161} INFO - Started process (PID=9189) to work on /home/airflow/.local/lib/python3.12/site-packages/airflow/example_dags/example_task_group_decorator.py
[2026-06-02T11:17:42.045+0000] {processor.py:830} INFO - Processing file /home/airflow/.local/lib/python3.12/site-packages/airflow/example_dags/example_task_group_decorator.py for tasks to queue
[2026-06-02T11:17:42.047+0000] {logging_mixin.py:188} INFO - [2026-06-02T11:17:42.046+0000] {dagbag.py:540} INFO - Filling up the DagBag from /home/airflow/.local/lib/python3.12/site-packages/airflow/example_dags/example_task_group_decorator.py
[2026-06-02T11:17:42.060+0000] {processor.py:840} INFO - DAG(s) 'example_task_group_decorator' retrieved from /home/airflow/.local/lib/python3.12/site-packages/airflow/example_dags/example_task_group_decorator.py
[2026-06-02T11:17:42.081+0000] {logging_mixin.py:188} INFO - [2026-06-02T11:17:42.081+0000] {dag.py:3096} INFO - Sync 1 DAGs
[2026-06-02T11:17:42.098+0000] {logging_mixin.py:188} INFO - [2026-06-02T11:17:42.098+0000] {dag.py:3954} INFO - Setting next_dagrun for example_task_group_decorator to 2026-06-01 00:00:00+00:00, run_after=2026-06-02 00:00:00+00:00
[2026-06-02T11:17:42.116+0000] {processor.py:183} INFO - Processing /home/airflow/.local/lib/python3.12/site-packages/airflow/example_dags/example_task_group_decorator.py took 0.077 seconds
[2026-06-02T11:18:12.681+0000] {processor.py:161} INFO - Started process (PID=9251) to work on /home/airflow/.local/lib/python3.12/site-packages/airflow/example_dags/example_task_group_decorator.py
[2026-06-02T11:18:12.682+0000] {processor.py:830} INFO - Processing file /home/airflow/.local/lib/python3.12/site-packages/airflow/example_dags/example_task_group_decorator.py for tasks to queue
[2026-06-02T11:18:12.684+0000] {logging_mixin.py:188} INFO - [2026-06-02T11:18:12.683+0000] {dagbag.py:540} INFO - Filling up the DagBag from /home/airflow/.local/lib/python3.12/site-packages/airflow/example_dags/example_task_group_decorator.py
[2026-06-02T11:18:12.695+0000] {processor.py:840} INFO - DAG(s) 'example_task_group_decorator' retrieved from /home/airflow/.local/lib/python3.12/site-packages/airflow/example_dags/example_task_group_decorator.py
[2026-06-02T11:18:12.717+0000] {logging_mixin.py:188} INFO - [2026-06-02T11:18:12.717+0000] {dag.py:3096} INFO - Sync 1 DAGs
[2026-06-02T11:18:12.736+0000] {logging_mixin.py:188} INFO - [2026-06-02T11:18:12.736+0000] {dag.py:3954} INFO - Setting next_dagrun for example_task_group_decorator to 2026-06-01 00:00:00+00:00, run_after=2026-06-02 00:00:00+00:00
[2026-06-02T11:18:12.753+0000] {processor.py:183} INFO - Processing /home/airflow/.local/lib/python3.12/site-packages/airflow/example_dags/example_task_group_decorator.py took 0.078 seconds
[2026-06-02T11:18:43.087+0000] {processor.py:161} INFO - Started process (PID=9313) to work on /home/airflow/.local/lib/python3.12/site-packages/airflow/example_dags/example_task_group_decorator.py
[2026-06-02T11:18:43.088+0000] {processor.py:830} INFO - Processing file /home/airflow/.local/lib/python3.12/site-packages/airflow/example_dags/example_task_group_decorator.py for tasks to queue
[2026-06-02T11:18:43.090+0000] {logging_mixin.py:188} INFO - [2026-06-02T11:18:43.090+0000] {dagbag.py:540} INFO - Filling up the DagBag from /home/airflow/.local/lib/python3.12/site-packages/airflow/example_dags/example_task_group_decorator.py
[2026-06-02T11:18:43.101+0000] {processor.py:840} INFO - DAG(s) 'example_task_group_decorator' retrieved from /home/airflow/.local/lib/python3.12/site-packages/airflow/example_dags/example_task_group_decorator.py
[2026-06-02T11:18:43.123+0000] {logging_mixin.py:188} INFO - [2026-06-02T11:18:43.123+0000] {dag.py:3096} INFO - Sync 1 DAGs
[2026-06-02T11:18:43.142+0000] {logging_mixin.py:188} INFO - [2026-06-02T11:18:43.141+0000] {dag.py:3954} INFO - Setting next_dagrun for example_task_group_decorator to 2026-06-01 00:00:00+00:00, run_after=2026-06-02 00:00:00+00:00
[2026-06-02T11:18:43.157+0000] {processor.py:183} INFO - Processing /home/airflow/.local/lib/python3.12/site-packages/airflow/example_dags/example_task_group_decorator.py took 0.076 seconds
[2026-06-02T11:19:14.084+0000] {processor.py:161} INFO - Started process (PID=9375) to work on /home/airflow/.local/lib/python3.12/site-packages/airflow/example_dags/example_task_group_decorator.py
[2026-06-02T11:19:14.086+0000] {processor.py:830} INFO - Processing file /home/airflow/.local/lib/python3.12/site-packages/airflow/example_dags/example_task_group_decorator.py for tasks to queue
[2026-06-02T11:19:14.089+0000] {logging_mixin.py:188} INFO - [2026-06-02T11:19:14.088+0000] {dagbag.py:540} INFO - Filling up the DagBag from /home/airflow/.local/lib/python3.12/site-packages/airflow/example_dags/example_task_group_decorator.py
[2026-06-02T11:19:14.101+0000] {processor.py:840} INFO - DAG(s) 'example_task_group_decorator' retrieved from /home/airflow/.local/lib/python3.12/site-packages/airflow/example_dags/example_task_group_decorator.py
[2026-06-02T11:19:14.123+0000] {logging_mixin.py:188} INFO - [2026-06-02T11:19:14.123+0000] {dag.py:3096} INFO - Sync 1 DAGs
[2026-06-02T11:19:14.141+0000] {logging_mixin.py:188} INFO - [2026-06-02T11:19:14.141+0000] {dag.py:3954} INFO - Setting next_dagrun for example_task_group_decorator to 2026-06-01 00:00:00+00:00, run_after=2026-06-02 00:00:00+00:00
[2026-06-02T11:19:14.159+0000] {processor.py:183} INFO - Processing /home/airflow/.local/lib/python3.12/site-packages/airflow/example_dags/example_task_group_decorator.py took 0.081 seconds
[2026-06-02T11:19:44.193+0000] {processor.py:161} INFO - Started process (PID=9437) to work on /home/airflow/.local/lib/python3.12/site-packages/airflow/example_dags/example_task_group_decorator.py
[2026-06-02T11:19:44.194+0000] {processor.py:830} INFO - Processing file /home/airflow/.local/lib/python3.12/site-packages/airflow/example_dags/example_task_group_decorator.py for tasks to queue
[2026-06-02T11:19:44.196+0000] {logging_mixin.py:188} INFO - [2026-06-02T11:19:44.196+0000] {dagbag.py:540} INFO - Filling up the DagBag from /home/airflow/.local/lib/python3.12/site-packages/airflow/example_dags/example_task_group_decorator.py
[2026-06-02T11:19:44.210+0000] {processor.py:840} INFO - DAG(s) 'example_task_group_decorator' retrieved from /home/airflow/.local/lib/python3.12/site-packages/airflow/example_dags/example_task_group_decorator.py
[2026-06-02T11:19:44.231+0000] {logging_mixin.py:188} INFO - [2026-06-02T11:19:44.231+0000] {dag.py:3096} INFO - Sync 1 DAGs
[2026-06-02T11:19:44.250+0000] {logging_mixin.py:188} INFO - [2026-06-02T11:19:44.250+0000] {dag.py:3954} INFO - Setting next_dagrun for example_task_group_decorator to 2026-06-01 00:00:00+00:00, run_after=2026-06-02 00:00:00+00:00
[2026-06-02T11:19:44.265+0000] {processor.py:183} INFO - Processing /home/airflow/.local/lib/python3.12/site-packages/airflow/example_dags/example_task_group_decorator.py took 0.079 seconds
[2026-06-02T11:20:14.524+0000] {processor.py:161} INFO - Started process (PID=9499) to work on /home/airflow/.local/lib/python3.12/site-packages/airflow/example_dags/example_task_group_decorator.py
[2026-06-02T11:20:14.526+0000] {processor.py:830} INFO - Processing file /home/airflow/.local/lib/python3.12/site-packages/airflow/example_dags/example_task_group_decorator.py for tasks to queue
[2026-06-02T11:20:14.527+0000] {logging_mixin.py:188} INFO - [2026-06-02T11:20:14.527+0000] {dagbag.py:540} INFO - Filling up the DagBag from /home/airflow/.local/lib/python3.12/site-packages/airflow/example_dags/example_task_group_decorator.py
[2026-06-02T11:20:14.540+0000] {processor.py:840} INFO - DAG(s) 'example_task_group_decorator' retrieved from /home/airflow/.local/lib/python3.12/site-packages/airflow/example_dags/example_task_group_decorator.py
[2026-06-02T11:20:14.561+0000] {logging_mixin.py:188} INFO - [2026-06-02T11:20:14.561+0000] {dag.py:3096} INFO - Sync 1 DAGs
[2026-06-02T11:20:14.580+0000] {logging_mixin.py:188} INFO - [2026-06-02T11:20:14.580+0000] {dag.py:3954} INFO - Setting next_dagrun for example_task_group_decorator to 2026-06-01 00:00:00+00:00, run_after=2026-06-02 00:00:00+00:00
[2026-06-02T11:20:14.595+0000] {processor.py:183} INFO - Processing /home/airflow/.local/lib/python3.12/site-packages/airflow/example_dags/example_task_group_decorator.py took 0.076 seconds
[2026-06-02T11:20:44.706+0000] {processor.py:161} INFO - Started process (PID=9561) to work on /home/airflow/.local/lib/python3.12/site-packages/airflow/example_dags/example_task_group_decorator.py
[2026-06-02T11:20:44.707+0000] {processor.py:830} INFO - Processing file /home/airflow/.local/lib/python3.12/site-packages/airflow/example_dags/example_task_group_decorator.py for tasks to queue
[2026-06-02T11:20:44.709+0000] {logging_mixin.py:188} INFO - [2026-06-02T11:20:44.709+0000] {dagbag.py:540} INFO - Filling up the DagBag from /home/airflow/.local/lib/python3.12/site-packages/airflow/example_dags/example_task_group_decorator.py
[2026-06-02T11:20:44.720+0000] {processor.py:840} INFO - DAG(s) 'example_task_group_decorator' retrieved from /home/airflow/.local/lib/python3.12/site-packages/airflow/example_dags/example_task_group_decorator.py
[2026-06-02T11:20:44.743+0000] {logging_mixin.py:188} INFO - [2026-06-02T11:20:44.743+0000] {dag.py:3096} INFO - Sync 1 DAGs
[2026-06-02T11:20:44.763+0000] {logging_mixin.py:188} INFO - [2026-06-02T11:20:44.763+0000] {dag.py:3954} INFO - Setting next_dagrun for example_task_group_decorator to 2026-06-01 00:00:00+00:00, run_after=2026-06-02 00:00:00+00:00
[2026-06-02T11:20:44.782+0000] {processor.py:183} INFO - Processing /home/airflow/.local/lib/python3.12/site-packages/airflow/example_dags/example_task_group_decorator.py took 0.081 seconds
[2026-06-02T12:18:04.093+0000] {processor.py:161} INFO - Started process (PID=9621) to work on /home/airflow/.local/lib/python3.12/site-packages/airflow/example_dags/example_task_group_decorator.py
[2026-06-02T12:18:04.094+0000] {processor.py:830} INFO - Processing file /home/airflow/.local/lib/python3.12/site-packages/airflow/example_dags/example_task_group_decorator.py for tasks to queue
[2026-06-02T12:18:04.097+0000] {logging_mixin.py:188} INFO - [2026-06-02T12:18:04.097+0000] {dagbag.py:540} INFO - Filling up the DagBag from /home/airflow/.local/lib/python3.12/site-packages/airflow/example_dags/example_task_group_decorator.py
[2026-06-02T12:18:04.133+0000] {processor.py:840} INFO - DAG(s) 'example_task_group_decorator' retrieved from /home/airflow/.local/lib/python3.12/site-packages/airflow/example_dags/example_task_group_decorator.py
[2026-06-02T12:18:04.180+0000] {logging_mixin.py:188} INFO - [2026-06-02T12:18:04.180+0000] {dag.py:3096} INFO - Sync 1 DAGs
[2026-06-02T12:18:04.206+0000] {logging_mixin.py:188} INFO - [2026-06-02T12:18:04.206+0000] {dag.py:3954} INFO - Setting next_dagrun for example_task_group_decorator to 2026-06-01 00:00:00+00:00, run_after=2026-06-02 00:00:00+00:00
[2026-06-02T12:18:04.240+0000] {processor.py:183} INFO - Processing /home/airflow/.local/lib/python3.12/site-packages/airflow/example_dags/example_task_group_decorator.py took 0.157 seconds
[2026-06-02T12:18:34.286+0000] {processor.py:161} INFO - Started process (PID=9683) to work on /home/airflow/.local/lib/python3.12/site-packages/airflow/example_dags/example_task_group_decorator.py
[2026-06-02T12:18:34.286+0000] {processor.py:830} INFO - Processing file /home/airflow/.local/lib/python3.12/site-packages/airflow/example_dags/example_task_group_decorator.py for tasks to queue
[2026-06-02T12:18:34.288+0000] {logging_mixin.py:188} INFO - [2026-06-02T12:18:34.288+0000] {dagbag.py:540} INFO - Filling up the DagBag from /home/airflow/.local/lib/python3.12/site-packages/airflow/example_dags/example_task_group_decorator.py
[2026-06-02T12:18:34.300+0000] {processor.py:840} INFO - DAG(s) 'example_task_group_decorator' retrieved from /home/airflow/.local/lib/python3.12/site-packages/airflow/example_dags/example_task_group_decorator.py
[2026-06-02T12:18:34.320+0000] {logging_mixin.py:188} INFO - [2026-06-02T12:18:34.320+0000] {dag.py:3096} INFO - Sync 1 DAGs
[2026-06-02T12:18:34.338+0000] {logging_mixin.py:188} INFO - [2026-06-02T12:18:34.338+0000] {dag.py:3954} INFO - Setting next_dagrun for example_task_group_decorator to 2026-06-01 00:00:00+00:00, run_after=2026-06-02 00:00:00+00:00
[2026-06-02T12:18:34.353+0000] {processor.py:183} INFO - Processing /home/airflow/.local/lib/python3.12/site-packages/airflow/example_dags/example_task_group_decorator.py took 0.073 seconds
[2026-06-02T12:19:04.832+0000] {processor.py:161} INFO - Started process (PID=9745) to work on /home/airflow/.local/lib/python3.12/site-packages/airflow/example_dags/example_task_group_decorator.py
[2026-06-02T12:19:04.833+0000] {processor.py:830} INFO - Processing file /home/airflow/.local/lib/python3.12/site-packages/airflow/example_dags/example_task_group_decorator.py for tasks to queue
[2026-06-02T12:19:04.835+0000] {logging_mixin.py:188} INFO - [2026-06-02T12:19:04.835+0000] {dagbag.py:540} INFO - Filling up the DagBag from /home/airflow/.local/lib/python3.12/site-packages/airflow/example_dags/example_task_group_decorator.py
[2026-06-02T12:19:04.847+0000] {processor.py:840} INFO - DAG(s) 'example_task_group_decorator' retrieved from /home/airflow/.local/lib/python3.12/site-packages/airflow/example_dags/example_task_group_decorator.py
[2026-06-02T12:19:04.869+0000] {logging_mixin.py:188} INFO - [2026-06-02T12:19:04.869+0000] {dag.py:3096} INFO - Sync 1 DAGs
[2026-06-02T12:19:04.893+0000] {logging_mixin.py:188} INFO - [2026-06-02T12:19:04.893+0000] {dag.py:3954} INFO - Setting next_dagrun for example_task_group_decorator to 2026-06-01 00:00:00+00:00, run_after=2026-06-02 00:00:00+00:00
[2026-06-02T12:19:04.916+0000] {processor.py:183} INFO - Processing /home/airflow/.local/lib/python3.12/site-packages/airflow/example_dags/example_task_group_decorator.py took 0.089 seconds
[2026-06-02T12:19:35.224+0000] {processor.py:161} INFO - Started process (PID=9807) to work on /home/airflow/.local/lib/python3.12/site-packages/airflow/example_dags/example_task_group_decorator.py
[2026-06-02T12:19:35.225+0000] {processor.py:830} INFO - Processing file /home/airflow/.local/lib/python3.12/site-packages/airflow/example_dags/example_task_group_decorator.py for tasks to queue
[2026-06-02T12:19:35.227+0000] {logging_mixin.py:188} INFO - [2026-06-02T12:19:35.227+0000] {dagbag.py:540} INFO - Filling up the DagBag from /home/airflow/.local/lib/python3.12/site-packages/airflow/example_dags/example_task_group_decorator.py
[2026-06-02T12:19:35.238+0000] {processor.py:840} INFO - DAG(s) 'example_task_group_decorator' retrieved from /home/airflow/.local/lib/python3.12/site-packages/airflow/example_dags/example_task_group_decorator.py
[2026-06-02T12:19:35.260+0000] {logging_mixin.py:188} INFO - [2026-06-02T12:19:35.260+0000] {dag.py:3096} INFO - Sync 1 DAGs
[2026-06-02T12:19:35.278+0000] {logging_mixin.py:188} INFO - [2026-06-02T12:19:35.278+0000] {dag.py:3954} INFO - Setting next_dagrun for example_task_group_decorator to 2026-06-01 00:00:00+00:00, run_after=2026-06-02 00:00:00+00:00
[2026-06-02T12:19:35.296+0000] {processor.py:183} INFO - Processing /home/airflow/.local/lib/python3.12/site-packages/airflow/example_dags/example_task_group_decorator.py took 0.077 seconds
[2026-06-02T12:20:05.593+0000] {processor.py:161} INFO - Started process (PID=9869) to work on /home/airflow/.local/lib/python3.12/site-packages/airflow/example_dags/example_task_group_decorator.py
[2026-06-02T12:20:05.594+0000] {processor.py:830} INFO - Processing file /home/airflow/.local/lib/python3.12/site-packages/airflow/example_dags/example_task_group_decorator.py for tasks to queue
[2026-06-02T12:20:05.596+0000] {logging_mixin.py:188} INFO - [2026-06-02T12:20:05.596+0000] {dagbag.py:540} INFO - Filling up the DagBag from /home/airflow/.local/lib/python3.12/site-packages/airflow/example_dags/example_task_group_decorator.py
[2026-06-02T12:20:05.609+0000] {processor.py:840} INFO - DAG(s) 'example_task_group_decorator' retrieved from /home/airflow/.local/lib/python3.12/site-packages/airflow/example_dags/example_task_group_decorator.py
[2026-06-02T12:20:05.632+0000] {logging_mixin.py:188} INFO - [2026-06-02T12:20:05.631+0000] {dag.py:3096} INFO - Sync 1 DAGs
[2026-06-02T12:20:05.651+0000] {logging_mixin.py:188} INFO - [2026-06-02T12:20:05.651+0000] {dag.py:3954} INFO - Setting next_dagrun for example_task_group_decorator to 2026-06-01 00:00:00+00:00, run_after=2026-06-02 00:00:00+00:00
[2026-06-02T12:20:05.667+0000] {processor.py:183} INFO - Processing /home/airflow/.local/lib/python3.12/site-packages/airflow/example_dags/example_task_group_decorator.py took 0.079 seconds
[2026-06-02T12:20:35.818+0000] {processor.py:161} INFO - Started process (PID=9931) to work on /home/airflow/.local/lib/python3.12/site-packages/airflow/example_dags/example_task_group_decorator.py
[2026-06-02T12:20:35.819+0000] {processor.py:830} INFO - Processing file /home/airflow/.local/lib/python3.12/site-packages/airflow/example_dags/example_task_group_decorator.py for tasks to queue
[2026-06-02T12:20:35.820+0000] {logging_mixin.py:188} INFO - [2026-06-02T12:20:35.820+0000] {dagbag.py:540} INFO - Filling up the DagBag from /home/airflow/.local/lib/python3.12/site-packages/airflow/example_dags/example_task_group_decorator.py
[2026-06-02T12:20:35.832+0000] {processor.py:840} INFO - DAG(s) 'example_task_group_decorator' retrieved from /home/airflow/.local/lib/python3.12/site-packages/airflow/example_dags/example_task_group_decorator.py
[2026-06-02T12:20:35.852+0000] {logging_mixin.py:188} INFO - [2026-06-02T12:20:35.851+0000] {dag.py:3096} INFO - Sync 1 DAGs
[2026-06-02T12:20:35.871+0000] {logging_mixin.py:188} INFO - [2026-06-02T12:20:35.871+0000] {dag.py:3954} INFO - Setting next_dagrun for example_task_group_decorator to 2026-06-01 00:00:00+00:00, run_after=2026-06-02 00:00:00+00:00
[2026-06-02T12:20:35.889+0000] {processor.py:183} INFO - Processing /home/airflow/.local/lib/python3.12/site-packages/airflow/example_dags/example_task_group_decorator.py took 0.076 seconds
[2026-06-02T12:21:06.343+0000] {processor.py:161} INFO - Started process (PID=9993) to work on /home/airflow/.local/lib/python3.12/site-packages/airflow/example_dags/example_task_group_decorator.py
[2026-06-02T12:21:06.344+0000] {processor.py:830} INFO - Processing file /home/airflow/.local/lib/python3.12/site-packages/airflow/example_dags/example_task_group_decorator.py for tasks to queue
[2026-06-02T12:21:06.346+0000] {logging_mixin.py:188} INFO - [2026-06-02T12:21:06.345+0000] {dagbag.py:540} INFO - Filling up the DagBag from /home/airflow/.local/lib/python3.12/site-packages/airflow/example_dags/example_task_group_decorator.py
[2026-06-02T12:21:06.358+0000] {processor.py:840} INFO - DAG(s) 'example_task_group_decorator' retrieved from /home/airflow/.local/lib/python3.12/site-packages/airflow/example_dags/example_task_group_decorator.py
[2026-06-02T12:21:06.379+0000] {logging_mixin.py:188} INFO - [2026-06-02T12:21:06.379+0000] {dag.py:3096} INFO - Sync 1 DAGs
[2026-06-02T12:21:06.399+0000] {logging_mixin.py:188} INFO - [2026-06-02T12:21:06.399+0000] {dag.py:3954} INFO - Setting next_dagrun for example_task_group_decorator to 2026-06-01 00:00:00+00:00, run_after=2026-06-02 00:00:00+00:00
[2026-06-02T12:21:06.415+0000] {processor.py:183} INFO - Processing /home/airflow/.local/lib/python3.12/site-packages/airflow/example_dags/example_task_group_decorator.py took 0.078 seconds
[2026-06-02T12:21:36.981+0000] {processor.py:161} INFO - Started process (PID=10055) to work on /home/airflow/.local/lib/python3.12/site-packages/airflow/example_dags/example_task_group_decorator.py
[2026-06-02T12:21:36.983+0000] {processor.py:830} INFO - Processing file /home/airflow/.local/lib/python3.12/site-packages/airflow/example_dags/example_task_group_decorator.py for tasks to queue
[2026-06-02T12:21:36.986+0000] {logging_mixin.py:188} INFO - [2026-06-02T12:21:36.985+0000] {dagbag.py:540} INFO - Filling up the DagBag from /home/airflow/.local/lib/python3.12/site-packages/airflow/example_dags/example_task_group_decorator.py
[2026-06-02T12:21:37.001+0000] {processor.py:840} INFO - DAG(s) 'example_task_group_decorator' retrieved from /home/airflow/.local/lib/python3.12/site-packages/airflow/example_dags/example_task_group_decorator.py
[2026-06-02T12:21:37.035+0000] {logging_mixin.py:188} INFO - [2026-06-02T12:21:37.034+0000] {dag.py:3096} INFO - Sync 1 DAGs
[2026-06-02T12:21:37.060+0000] {logging_mixin.py:188} INFO - [2026-06-02T12:21:37.060+0000] {dag.py:3954} INFO - Setting next_dagrun for example_task_group_decorator to 2026-06-01 00:00:00+00:00, run_after=2026-06-02 00:00:00+00:00
[2026-06-02T12:21:37.089+0000] {processor.py:183} INFO - Processing /home/airflow/.local/lib/python3.12/site-packages/airflow/example_dags/example_task_group_decorator.py took 0.115 seconds
[2026-06-02T12:22:08.183+0000] {processor.py:161} INFO - Started process (PID=10117) to work on /home/airflow/.local/lib/python3.12/site-packages/airflow/example_dags/example_task_group_decorator.py
[2026-06-02T12:22:08.184+0000] {processor.py:830} INFO - Processing file /home/airflow/.local/lib/python3.12/site-packages/airflow/example_dags/example_task_group_decorator.py for tasks to queue
[2026-06-02T12:22:08.186+0000] {logging_mixin.py:188} INFO - [2026-06-02T12:22:08.185+0000] {dagbag.py:540} INFO - Filling up the DagBag from /home/airflow/.local/lib/python3.12/site-packages/airflow/example_dags/example_task_group_decorator.py
[2026-06-02T12:22:08.204+0000] {processor.py:840} INFO - DAG(s) 'example_task_group_decorator' retrieved from /home/airflow/.local/lib/python3.12/site-packages/airflow/example_dags/example_task_group_decorator.py
[2026-06-02T12:22:08.232+0000] {logging_mixin.py:188} INFO - [2026-06-02T12:22:08.232+0000] {dag.py:3096} INFO - Sync 1 DAGs
[2026-06-02T12:22:08.256+0000] {logging_mixin.py:188} INFO - [2026-06-02T12:22:08.255+0000] {dag.py:3954} INFO - Setting next_dagrun for example_task_group_decorator to 2026-06-01 00:00:00+00:00, run_after=2026-06-02 00:00:00+00:00
[2026-06-02T12:22:08.279+0000] {processor.py:183} INFO - Processing /home/airflow/.local/lib/python3.12/site-packages/airflow/example_dags/example_task_group_decorator.py took 0.104 seconds
[2026-06-02T12:22:38.435+0000] {processor.py:161} INFO - Started process (PID=10179) to work on /home/airflow/.local/lib/python3.12/site-packages/airflow/example_dags/example_task_group_decorator.py
[2026-06-02T12:22:38.436+0000] {processor.py:830} INFO - Processing file /home/airflow/.local/lib/python3.12/site-packages/airflow/example_dags/example_task_group_decorator.py for tasks to queue
[2026-06-02T12:22:38.438+0000] {logging_mixin.py:188} INFO - [2026-06-02T12:22:38.438+0000] {dagbag.py:540} INFO - Filling up the DagBag from /home/airflow/.local/lib/python3.12/site-packages/airflow/example_dags/example_task_group_decorator.py
[2026-06-02T12:22:38.451+0000] {processor.py:840} INFO - DAG(s) 'example_task_group_decorator' retrieved from /home/airflow/.local/lib/python3.12/site-packages/airflow/example_dags/example_task_group_decorator.py
[2026-06-02T12:22:38.472+0000] {logging_mixin.py:188} INFO - [2026-06-02T12:22:38.471+0000] {dag.py:3096} INFO - Sync 1 DAGs
[2026-06-02T12:22:38.489+0000] {logging_mixin.py:188} INFO - [2026-06-02T12:22:38.489+0000] {dag.py:3954} INFO - Setting next_dagrun for example_task_group_decorator to 2026-06-01 00:00:00+00:00, run_after=2026-06-02 00:00:00+00:00
[2026-06-02T12:22:38.505+0000] {processor.py:183} INFO - Processing /home/airflow/.local/lib/python3.12/site-packages/airflow/example_dags/example_task_group_decorator.py took 0.076 seconds
[2026-06-02T12:23:09.467+0000] {processor.py:161} INFO - Started process (PID=10241) to work on /home/airflow/.local/lib/python3.12/site-packages/airflow/example_dags/example_task_group_decorator.py
[2026-06-02T12:23:09.468+0000] {processor.py:830} INFO - Processing file /home/airflow/.local/lib/python3.12/site-packages/airflow/example_dags/example_task_group_decorator.py for tasks to queue
[2026-06-02T12:23:09.470+0000] {logging_mixin.py:188} INFO - [2026-06-02T12:23:09.470+0000] {dagbag.py:540} INFO - Filling up the DagBag from /home/airflow/.local/lib/python3.12/site-packages/airflow/example_dags/example_task_group_decorator.py
[2026-06-02T12:23:09.482+0000] {processor.py:840} INFO - DAG(s) 'example_task_group_decorator' retrieved from /home/airflow/.local/lib/python3.12/site-packages/airflow/example_dags/example_task_group_decorator.py
[2026-06-02T12:23:09.505+0000] {logging_mixin.py:188} INFO - [2026-06-02T12:23:09.505+0000] {dag.py:3096} INFO - Sync 1 DAGs
[2026-06-02T12:23:09.525+0000] {logging_mixin.py:188} INFO - [2026-06-02T12:23:09.525+0000] {dag.py:3954} INFO - Setting next_dagrun for example_task_group_decorator to 2026-06-01 00:00:00+00:00, run_after=2026-06-02 00:00:00+00:00
[2026-06-02T12:23:09.545+0000] {processor.py:183} INFO - Processing /home/airflow/.local/lib/python3.12/site-packages/airflow/example_dags/example_task_group_decorator.py took 0.085 seconds
[2026-06-02T12:23:40.216+0000] {processor.py:161} INFO - Started process (PID=10303) to work on /home/airflow/.local/lib/python3.12/site-packages/airflow/example_dags/example_task_group_decorator.py
[2026-06-02T12:23:40.218+0000] {processor.py:830} INFO - Processing file /home/airflow/.local/lib/python3.12/site-packages/airflow/example_dags/example_task_group_decorator.py for tasks to queue
[2026-06-02T12:23:40.221+0000] {logging_mixin.py:188} INFO - [2026-06-02T12:23:40.220+0000] {dagbag.py:540} INFO - Filling up the DagBag from /home/airflow/.local/lib/python3.12/site-packages/airflow/example_dags/example_task_group_decorator.py
[2026-06-02T12:23:40.238+0000] {processor.py:840} INFO - DAG(s) 'example_task_group_decorator' retrieved from /home/airflow/.local/lib/python3.12/site-packages/airflow/example_dags/example_task_group_decorator.py
[2026-06-02T12:23:40.259+0000] {logging_mixin.py:188} INFO - [2026-06-02T12:23:40.259+0000] {dag.py:3096} INFO - Sync 1 DAGs
[2026-06-02T12:23:40.278+0000] {logging_mixin.py:188} INFO - [2026-06-02T12:23:40.277+0000] {dag.py:3954} INFO - Setting next_dagrun for example_task_group_decorator to 2026-06-01 00:00:00+00:00, run_after=2026-06-02 00:00:00+00:00
[2026-06-02T12:23:40.293+0000] {processor.py:183} INFO - Processing /home/airflow/.local/lib/python3.12/site-packages/airflow/example_dags/example_task_group_decorator.py took 0.081 seconds
[2026-06-02T12:24:10.789+0000] {processor.py:161} INFO - Started process (PID=10365) to work on /home/airflow/.local/lib/python3.12/site-packages/airflow/example_dags/example_task_group_decorator.py
[2026-06-02T12:24:10.790+0000] {processor.py:830} INFO - Processing file /home/airflow/.local/lib/python3.12/site-packages/airflow/example_dags/example_task_group_decorator.py for tasks to queue
[2026-06-02T12:24:10.792+0000] {logging_mixin.py:188} INFO - [2026-06-02T12:24:10.792+0000] {dagbag.py:540} INFO - Filling up the DagBag from /home/airflow/.local/lib/python3.12/site-packages/airflow/example_dags/example_task_group_decorator.py
[2026-06-02T12:24:10.806+0000] {processor.py:840} INFO - DAG(s) 'example_task_group_decorator' retrieved from /home/airflow/.local/lib/python3.12/site-packages/airflow/example_dags/example_task_group_decorator.py
[2026-06-02T12:24:10.829+0000] {logging_mixin.py:188} INFO - [2026-06-02T12:24:10.829+0000] {dag.py:3096} INFO - Sync 1 DAGs
[2026-06-02T12:24:10.849+0000] {logging_mixin.py:188} INFO - [2026-06-02T12:24:10.849+0000] {dag.py:3954} INFO - Setting next_dagrun for example_task_group_decorator to 2026-06-01 00:00:00+00:00, run_after=2026-06-02 00:00:00+00:00
[2026-06-02T12:24:10.866+0000] {processor.py:183} INFO - Processing /home/airflow/.local/lib/python3.12/site-packages/airflow/example_dags/example_task_group_decorator.py took 0.083 seconds
[2026-06-02T12:24:41.378+0000] {processor.py:161} INFO - Started process (PID=10427) to work on /home/airflow/.local/lib/python3.12/site-packages/airflow/example_dags/example_task_group_decorator.py
[2026-06-02T12:24:41.379+0000] {processor.py:830} INFO - Processing file /home/airflow/.local/lib/python3.12/site-packages/airflow/example_dags/example_task_group_decorator.py for tasks to queue
[2026-06-02T12:24:41.381+0000] {logging_mixin.py:188} INFO - [2026-06-02T12:24:41.380+0000] {dagbag.py:540} INFO - Filling up the DagBag from /home/airflow/.local/lib/python3.12/site-packages/airflow/example_dags/example_task_group_decorator.py
[2026-06-02T12:24:41.393+0000] {processor.py:840} INFO - DAG(s) 'example_task_group_decorator' retrieved from /home/airflow/.local/lib/python3.12/site-packages/airflow/example_dags/example_task_group_decorator.py
[2026-06-02T12:24:41.414+0000] {logging_mixin.py:188} INFO - [2026-06-02T12:24:41.413+0000] {dag.py:3096} INFO - Sync 1 DAGs
[2026-06-02T12:24:41.434+0000] {logging_mixin.py:188} INFO - [2026-06-02T12:24:41.433+0000] {dag.py:3954} INFO - Setting next_dagrun for example_task_group_decorator to 2026-06-01 00:00:00+00:00, run_after=2026-06-02 00:00:00+00:00
[2026-06-02T12:24:41.452+0000] {processor.py:183} INFO - Processing /home/airflow/.local/lib/python3.12/site-packages/airflow/example_dags/example_task_group_decorator.py took 0.080 seconds
[2026-06-02T12:25:12.393+0000] {processor.py:161} INFO - Started process (PID=10489) to work on /home/airflow/.local/lib/python3.12/site-packages/airflow/example_dags/example_task_group_decorator.py
[2026-06-02T12:25:12.394+0000] {processor.py:830} INFO - Processing file /home/airflow/.local/lib/python3.12/site-packages/airflow/example_dags/example_task_group_decorator.py for tasks to queue
[2026-06-02T12:25:12.395+0000] {logging_mixin.py:188} INFO - [2026-06-02T12:25:12.395+0000] {dagbag.py:540} INFO - Filling up the DagBag from /home/airflow/.local/lib/python3.12/site-packages/airflow/example_dags/example_task_group_decorator.py
[2026-06-02T12:25:12.408+0000] {processor.py:840} INFO - DAG(s) 'example_task_group_decorator' retrieved from /home/airflow/.local/lib/python3.12/site-packages/airflow/example_dags/example_task_group_decorator.py
[2026-06-02T12:25:12.428+0000] {logging_mixin.py:188} INFO - [2026-06-02T12:25:12.428+0000] {dag.py:3096} INFO - Sync 1 DAGs
[2026-06-02T12:25:12.446+0000] {logging_mixin.py:188} INFO - [2026-06-02T12:25:12.446+0000] {dag.py:3954} INFO - Setting next_dagrun for example_task_group_decorator to 2026-06-01 00:00:00+00:00, run_after=2026-06-02 00:00:00+00:00
[2026-06-02T12:25:12.463+0000] {processor.py:183} INFO - Processing /home/airflow/.local/lib/python3.12/site-packages/airflow/example_dags/example_task_group_decorator.py took 0.076 seconds
[2026-06-02T12:25:43.219+0000] {processor.py:161} INFO - Started process (PID=10551) to work on /home/airflow/.local/lib/python3.12/site-packages/airflow/example_dags/example_task_group_decorator.py
[2026-06-02T12:25:43.221+0000] {processor.py:830} INFO - Processing file /home/airflow/.local/lib/python3.12/site-packages/airflow/example_dags/example_task_group_decorator.py for tasks to queue
[2026-06-02T12:25:43.222+0000] {logging_mixin.py:188} INFO - [2026-06-02T12:25:43.222+0000] {dagbag.py:540} INFO - Filling up the DagBag from /home/airflow/.local/lib/python3.12/site-packages/airflow/example_dags/example_task_group_decorator.py
[2026-06-02T12:25:43.234+0000] {processor.py:840} INFO - DAG(s) 'example_task_group_decorator' retrieved from /home/airflow/.local/lib/python3.12/site-packages/airflow/example_dags/example_task_group_decorator.py
[2026-06-02T12:25:43.255+0000] {logging_mixin.py:188} INFO - [2026-06-02T12:25:43.254+0000] {dag.py:3096} INFO - Sync 1 DAGs
[2026-06-02T12:25:43.273+0000] {logging_mixin.py:188} INFO - [2026-06-02T12:25:43.273+0000] {dag.py:3954} INFO - Setting next_dagrun for example_task_group_decorator to 2026-06-01 00:00:00+00:00, run_after=2026-06-02 00:00:00+00:00
[2026-06-02T12:25:43.289+0000] {processor.py:183} INFO - Processing /home/airflow/.local/lib/python3.12/site-packages/airflow/example_dags/example_task_group_decorator.py took 0.075 seconds
[2026-06-02T12:26:14.461+0000] {processor.py:161} INFO - Started process (PID=10613) to work on /home/airflow/.local/lib/python3.12/site-packages/airflow/example_dags/example_task_group_decorator.py
[2026-06-02T12:26:14.462+0000] {processor.py:830} INFO - Processing file /home/airflow/.local/lib/python3.12/site-packages/airflow/example_dags/example_task_group_decorator.py for tasks to queue
[2026-06-02T12:26:14.464+0000] {logging_mixin.py:188} INFO - [2026-06-02T12:26:14.464+0000] {dagbag.py:540} INFO - Filling up the DagBag from /home/airflow/.local/lib/python3.12/site-packages/airflow/example_dags/example_task_group_decorator.py
[2026-06-02T12:26:14.597+0000] {processor.py:840} INFO - DAG(s) 'example_task_group_decorator' retrieved from /home/airflow/.local/lib/python3.12/site-packages/airflow/example_dags/example_task_group_decorator.py
[2026-06-02T12:26:14.615+0000] {logging_mixin.py:188} INFO - [2026-06-02T12:26:14.615+0000] {dag.py:3096} INFO - Sync 1 DAGs
[2026-06-02T12:26:14.631+0000] {logging_mixin.py:188} INFO - [2026-06-02T12:26:14.631+0000] {dag.py:3954} INFO - Setting next_dagrun for example_task_group_decorator to 2026-06-01 00:00:00+00:00, run_after=2026-06-02 00:00:00+00:00
[2026-06-02T12:26:14.647+0000] {processor.py:183} INFO - Processing /home/airflow/.local/lib/python3.12/site-packages/airflow/example_dags/example_task_group_decorator.py took 0.192 seconds
[2026-06-02T12:26:45.059+0000] {processor.py:161} INFO - Started process (PID=10675) to work on /home/airflow/.local/lib/python3.12/site-packages/airflow/example_dags/example_task_group_decorator.py
[2026-06-02T12:26:45.061+0000] {processor.py:830} INFO - Processing file /home/airflow/.local/lib/python3.12/site-packages/airflow/example_dags/example_task_group_decorator.py for tasks to queue
[2026-06-02T12:26:45.063+0000] {logging_mixin.py:188} INFO - [2026-06-02T12:26:45.062+0000] {dagbag.py:540} INFO - Filling up the DagBag from /home/airflow/.local/lib/python3.12/site-packages/airflow/example_dags/example_task_group_decorator.py
[2026-06-02T12:26:45.074+0000] {processor.py:840} INFO - DAG(s) 'example_task_group_decorator' retrieved from /home/airflow/.local/lib/python3.12/site-packages/airflow/example_dags/example_task_group_decorator.py
[2026-06-02T12:26:45.096+0000] {logging_mixin.py:188} INFO - [2026-06-02T12:26:45.095+0000] {dag.py:3096} INFO - Sync 1 DAGs
[2026-06-02T12:26:45.118+0000] {logging_mixin.py:188} INFO - [2026-06-02T12:26:45.117+0000] {dag.py:3954} INFO - Setting next_dagrun for example_task_group_decorator to 2026-06-01 00:00:00+00:00, run_after=2026-06-02 00:00:00+00:00
[2026-06-02T12:26:45.135+0000] {processor.py:183} INFO - Processing /home/airflow/.local/lib/python3.12/site-packages/airflow/example_dags/example_task_group_decorator.py took 0.081 seconds
[2026-06-02T12:27:15.477+0000] {processor.py:161} INFO - Started process (PID=10737) to work on /home/airflow/.local/lib/python3.12/site-packages/airflow/example_dags/example_task_group_decorator.py
[2026-06-02T12:27:15.478+0000] {processor.py:830} INFO - Processing file /home/airflow/.local/lib/python3.12/site-packages/airflow/example_dags/example_task_group_decorator.py for tasks to queue
[2026-06-02T12:27:15.480+0000] {logging_mixin.py:188} INFO - [2026-06-02T12:27:15.480+0000] {dagbag.py:540} INFO - Filling up the DagBag from /home/airflow/.local/lib/python3.12/site-packages/airflow/example_dags/example_task_group_decorator.py
[2026-06-02T12:27:15.492+0000] {processor.py:840} INFO - DAG(s) 'example_task_group_decorator' retrieved from /home/airflow/.local/lib/python3.12/site-packages/airflow/example_dags/example_task_group_decorator.py
[2026-06-02T12:27:15.515+0000] {logging_mixin.py:188} INFO - [2026-06-02T12:27:15.515+0000] {dag.py:3096} INFO - Sync 1 DAGs
[2026-06-02T12:27:15.536+0000] {logging_mixin.py:188} INFO - [2026-06-02T12:27:15.536+0000] {dag.py:3954} INFO - Setting next_dagrun for example_task_group_decorator to 2026-06-01 00:00:00+00:00, run_after=2026-06-02 00:00:00+00:00
[2026-06-02T12:27:15.556+0000] {processor.py:183} INFO - Processing /home/airflow/.local/lib/python3.12/site-packages/airflow/example_dags/example_task_group_decorator.py took 0.083 seconds
[2026-06-02T12:27:45.656+0000] {processor.py:161} INFO - Started process (PID=10799) to work on /home/airflow/.local/lib/python3.12/site-packages/airflow/example_dags/example_task_group_decorator.py
[2026-06-02T12:27:45.657+0000] {processor.py:830} INFO - Processing file /home/airflow/.local/lib/python3.12/site-packages/airflow/example_dags/example_task_group_decorator.py for tasks to queue
[2026-06-02T12:27:45.659+0000] {logging_mixin.py:188} INFO - [2026-06-02T12:27:45.658+0000] {dagbag.py:540} INFO - Filling up the DagBag from /home/airflow/.local/lib/python3.12/site-packages/airflow/example_dags/example_task_group_decorator.py
[2026-06-02T12:27:45.671+0000] {processor.py:840} INFO - DAG(s) 'example_task_group_decorator' retrieved from /home/airflow/.local/lib/python3.12/site-packages/airflow/example_dags/example_task_group_decorator.py
[2026-06-02T12:27:45.694+0000] {logging_mixin.py:188} INFO - [2026-06-02T12:27:45.694+0000] {dag.py:3096} INFO - Sync 1 DAGs
[2026-06-02T12:27:45.717+0000] {logging_mixin.py:188} INFO - [2026-06-02T12:27:45.717+0000] {dag.py:3954} INFO - Setting next_dagrun for example_task_group_decorator to 2026-06-01 00:00:00+00:00, run_after=2026-06-02 00:00:00+00:00
[2026-06-02T12:27:45.735+0000] {processor.py:183} INFO - Processing /home/airflow/.local/lib/python3.12/site-packages/airflow/example_dags/example_task_group_decorator.py took 0.084 seconds
[2026-06-02T12:28:16.203+0000] {processor.py:161} INFO - Started process (PID=10861) to work on /home/airflow/.local/lib/python3.12/site-packages/airflow/example_dags/example_task_group_decorator.py
[2026-06-02T12:28:16.204+0000] {processor.py:830} INFO - Processing file /home/airflow/.local/lib/python3.12/site-packages/airflow/example_dags/example_task_group_decorator.py for tasks to queue
[2026-06-02T12:28:16.207+0000] {logging_mixin.py:188} INFO - [2026-06-02T12:28:16.206+0000] {dagbag.py:540} INFO - Filling up the DagBag from /home/airflow/.local/lib/python3.12/site-packages/airflow/example_dags/example_task_group_decorator.py
[2026-06-02T12:28:16.220+0000] {processor.py:840} INFO - DAG(s) 'example_task_group_decorator' retrieved from /home/airflow/.local/lib/python3.12/site-packages/airflow/example_dags/example_task_group_decorator.py
[2026-06-02T12:28:16.245+0000] {logging_mixin.py:188} INFO - [2026-06-02T12:28:16.245+0000] {dag.py:3096} INFO - Sync 1 DAGs
[2026-06-02T12:28:16.267+0000] {logging_mixin.py:188} INFO - [2026-06-02T12:28:16.267+0000] {dag.py:3954} INFO - Setting next_dagrun for example_task_group_decorator to 2026-06-01 00:00:00+00:00, run_after=2026-06-02 00:00:00+00:00
[2026-06-02T12:28:16.286+0000] {processor.py:183} INFO - Processing /home/airflow/.local/lib/python3.12/site-packages/airflow/example_dags/example_task_group_decorator.py took 0.093 seconds
[2026-06-02T12:28:46.855+0000] {processor.py:161} INFO - Started process (PID=10923) to work on /home/airflow/.local/lib/python3.12/site-packages/airflow/example_dags/example_task_group_decorator.py
[2026-06-02T12:28:46.857+0000] {processor.py:830} INFO - Processing file /home/airflow/.local/lib/python3.12/site-packages/airflow/example_dags/example_task_group_decorator.py for tasks to queue
[2026-06-02T12:28:46.860+0000] {logging_mixin.py:188} INFO - [2026-06-02T12:28:46.860+0000] {dagbag.py:540} INFO - Filling up the DagBag from /home/airflow/.local/lib/python3.12/site-packages/airflow/example_dags/example_task_group_decorator.py
[2026-06-02T12:28:46.876+0000] {processor.py:840} INFO - DAG(s) 'example_task_group_decorator' retrieved from /home/airflow/.local/lib/python3.12/site-packages/airflow/example_dags/example_task_group_decorator.py
[2026-06-02T12:28:46.898+0000] {logging_mixin.py:188} INFO - [2026-06-02T12:28:46.898+0000] {dag.py:3096} INFO - Sync 1 DAGs
[2026-06-02T12:28:46.918+0000] {logging_mixin.py:188} INFO - [2026-06-02T12:28:46.918+0000] {dag.py:3954} INFO - Setting next_dagrun for example_task_group_decorator to 2026-06-01 00:00:00+00:00, run_after=2026-06-02 00:00:00+00:00
[2026-06-02T12:28:46.939+0000] {processor.py:183} INFO - Processing /home/airflow/.local/lib/python3.12/site-packages/airflow/example_dags/example_task_group_decorator.py took 0.090 seconds
[2026-06-02T12:29:17.582+0000] {processor.py:161} INFO - Started process (PID=10985) to work on /home/airflow/.local/lib/python3.12/site-packages/airflow/example_dags/example_task_group_decorator.py
[2026-06-02T12:29:17.584+0000] {processor.py:830} INFO - Processing file /home/airflow/.local/lib/python3.12/site-packages/airflow/example_dags/example_task_group_decorator.py for tasks to queue
[2026-06-02T12:29:17.586+0000] {logging_mixin.py:188} INFO - [2026-06-02T12:29:17.586+0000] {dagbag.py:540} INFO - Filling up the DagBag from /home/airflow/.local/lib/python3.12/site-packages/airflow/example_dags/example_task_group_decorator.py
[2026-06-02T12:29:17.600+0000] {processor.py:840} INFO - DAG(s) 'example_task_group_decorator' retrieved from /home/airflow/.local/lib/python3.12/site-packages/airflow/example_dags/example_task_group_decorator.py
[2026-06-02T12:29:17.624+0000] {logging_mixin.py:188} INFO - [2026-06-02T12:29:17.623+0000] {dag.py:3096} INFO - Sync 1 DAGs
[2026-06-02T12:29:17.649+0000] {logging_mixin.py:188} INFO - [2026-06-02T12:29:17.649+0000] {dag.py:3954} INFO - Setting next_dagrun for example_task_group_decorator to 2026-06-01 00:00:00+00:00, run_after=2026-06-02 00:00:00+00:00
[2026-06-02T12:29:17.692+0000] {processor.py:183} INFO - Processing /home/airflow/.local/lib/python3.12/site-packages/airflow/example_dags/example_task_group_decorator.py took 0.117 seconds
[2026-06-02T12:29:47.932+0000] {processor.py:161} INFO - Started process (PID=11047) to work on /home/airflow/.local/lib/python3.12/site-packages/airflow/example_dags/example_task_group_decorator.py
[2026-06-02T12:29:47.933+0000] {processor.py:830} INFO - Processing file /home/airflow/.local/lib/python3.12/site-packages/airflow/example_dags/example_task_group_decorator.py for tasks to queue
[2026-06-02T12:29:47.935+0000] {logging_mixin.py:188} INFO - [2026-06-02T12:29:47.935+0000] {dagbag.py:540} INFO - Filling up the DagBag from /home/airflow/.local/lib/python3.12/site-packages/airflow/example_dags/example_task_group_decorator.py
[2026-06-02T12:29:47.948+0000] {processor.py:840} INFO - DAG(s) 'example_task_group_decorator' retrieved from /home/airflow/.local/lib/python3.12/site-packages/airflow/example_dags/example_task_group_decorator.py
[2026-06-02T12:29:47.973+0000] {logging_mixin.py:188} INFO - [2026-06-02T12:29:47.973+0000] {dag.py:3096} INFO - Sync 1 DAGs
[2026-06-02T12:29:47.994+0000] {logging_mixin.py:188} INFO - [2026-06-02T12:29:47.994+0000] {dag.py:3954} INFO - Setting next_dagrun for example_task_group_decorator to 2026-06-01 00:00:00+00:00, run_after=2026-06-02 00:00:00+00:00
[2026-06-02T12:29:48.013+0000] {processor.py:183} INFO - Processing /home/airflow/.local/lib/python3.12/site-packages/airflow/example_dags/example_task_group_decorator.py took 0.087 seconds
[2026-06-02T12:30:18.207+0000] {processor.py:161} INFO - Started process (PID=11109) to work on /home/airflow/.local/lib/python3.12/site-packages/airflow/example_dags/example_task_group_decorator.py
[2026-06-02T12:30:18.208+0000] {processor.py:830} INFO - Processing file /home/airflow/.local/lib/python3.12/site-packages/airflow/example_dags/example_task_group_decorator.py for tasks to queue
[2026-06-02T12:30:18.210+0000] {logging_mixin.py:188} INFO - [2026-06-02T12:30:18.210+0000] {dagbag.py:540} INFO - Filling up the DagBag from /home/airflow/.local/lib/python3.12/site-packages/airflow/example_dags/example_task_group_decorator.py
[2026-06-02T12:30:18.222+0000] {processor.py:840} INFO - DAG(s) 'example_task_group_decorator' retrieved from /home/airflow/.local/lib/python3.12/site-packages/airflow/example_dags/example_task_group_decorator.py
[2026-06-02T12:30:18.244+0000] {logging_mixin.py:188} INFO - [2026-06-02T12:30:18.243+0000] {dag.py:3096} INFO - Sync 1 DAGs
[2026-06-02T12:30:18.261+0000] {logging_mixin.py:188} INFO - [2026-06-02T12:30:18.261+0000] {dag.py:3954} INFO - Setting next_dagrun for example_task_group_decorator to 2026-06-01 00:00:00+00:00, run_after=2026-06-02 00:00:00+00:00
[2026-06-02T12:30:18.277+0000] {processor.py:183} INFO - Processing /home/airflow/.local/lib/python3.12/site-packages/airflow/example_dags/example_task_group_decorator.py took 0.075 seconds
[2026-06-02T12:30:48.355+0000] {processor.py:161} INFO - Started process (PID=11171) to work on /home/airflow/.local/lib/python3.12/site-packages/airflow/example_dags/example_task_group_decorator.py
[2026-06-02T12:30:48.357+0000] {processor.py:830} INFO - Processing file /home/airflow/.local/lib/python3.12/site-packages/airflow/example_dags/example_task_group_decorator.py for tasks to queue
[2026-06-02T12:30:48.360+0000] {logging_mixin.py:188} INFO - [2026-06-02T12:30:48.359+0000] {dagbag.py:540} INFO - Filling up the DagBag from /home/airflow/.local/lib/python3.12/site-packages/airflow/example_dags/example_task_group_decorator.py
[2026-06-02T12:30:48.375+0000] {processor.py:840} INFO - DAG(s) 'example_task_group_decorator' retrieved from /home/airflow/.local/lib/python3.12/site-packages/airflow/example_dags/example_task_group_decorator.py
[2026-06-02T12:30:48.397+0000] {logging_mixin.py:188} INFO - [2026-06-02T12:30:48.396+0000] {dag.py:3096} INFO - Sync 1 DAGs
[2026-06-02T12:30:48.416+0000] {logging_mixin.py:188} INFO - [2026-06-02T12:30:48.416+0000] {dag.py:3954} INFO - Setting next_dagrun for example_task_group_decorator to 2026-06-01 00:00:00+00:00, run_after=2026-06-02 00:00:00+00:00
[2026-06-02T12:30:48.440+0000] {processor.py:183} INFO - Processing /home/airflow/.local/lib/python3.12/site-packages/airflow/example_dags/example_task_group_decorator.py took 0.091 seconds
