[2026-06-02T03:55:50.105+0000] {processor.py:161} INFO - Started process (PID=24302) to work on /home/airflow/.local/lib/python3.12/site-packages/airflow/example_dags/example_local_kubernetes_executor.py
[2026-06-02T03:55:50.107+0000] {processor.py:830} INFO - Processing file /home/airflow/.local/lib/python3.12/site-packages/airflow/example_dags/example_local_kubernetes_executor.py for tasks to queue
[2026-06-02T03:55:50.115+0000] {logging_mixin.py:188} INFO - [2026-06-02T03:55:50.113+0000] {dagbag.py:540} INFO - Filling up the DagBag from /home/airflow/.local/lib/python3.12/site-packages/airflow/example_dags/example_local_kubernetes_executor.py
[2026-06-02T03:55:50.192+0000] {processor.py:840} INFO - DAG(s) 'example_local_kubernetes_executor' retrieved from /home/airflow/.local/lib/python3.12/site-packages/airflow/example_dags/example_local_kubernetes_executor.py
[2026-06-02T03:55:50.259+0000] {logging_mixin.py:188} INFO - [2026-06-02T03:55:50.258+0000] {dag.py:3096} INFO - Sync 1 DAGs
[2026-06-02T03:55:50.284+0000] {logging_mixin.py:188} INFO - [2026-06-02T03:55:50.284+0000] {dag.py:3954} INFO - Setting next_dagrun for example_local_kubernetes_executor to None, run_after=None
[2026-06-02T03:55:50.338+0000] {processor.py:183} INFO - Processing /home/airflow/.local/lib/python3.12/site-packages/airflow/example_dags/example_local_kubernetes_executor.py took 0.244 seconds
[2026-06-02T03:56:20.951+0000] {processor.py:161} INFO - Started process (PID=24361) to work on /home/airflow/.local/lib/python3.12/site-packages/airflow/example_dags/example_local_kubernetes_executor.py
[2026-06-02T03:56:20.952+0000] {processor.py:830} INFO - Processing file /home/airflow/.local/lib/python3.12/site-packages/airflow/example_dags/example_local_kubernetes_executor.py for tasks to queue
[2026-06-02T03:56:20.953+0000] {logging_mixin.py:188} INFO - [2026-06-02T03:56:20.953+0000] {dagbag.py:540} INFO - Filling up the DagBag from /home/airflow/.local/lib/python3.12/site-packages/airflow/example_dags/example_local_kubernetes_executor.py
[2026-06-02T03:56:20.960+0000] {processor.py:840} INFO - DAG(s) 'example_local_kubernetes_executor' retrieved from /home/airflow/.local/lib/python3.12/site-packages/airflow/example_dags/example_local_kubernetes_executor.py
[2026-06-02T03:56:20.987+0000] {logging_mixin.py:188} INFO - [2026-06-02T03:56:20.987+0000] {dag.py:3096} INFO - Sync 1 DAGs
[2026-06-02T03:56:20.996+0000] {logging_mixin.py:188} INFO - [2026-06-02T03:56:20.996+0000] {dag.py:3954} INFO - Setting next_dagrun for example_local_kubernetes_executor to None, run_after=None
[2026-06-02T03:56:21.012+0000] {processor.py:183} INFO - Processing /home/airflow/.local/lib/python3.12/site-packages/airflow/example_dags/example_local_kubernetes_executor.py took 0.067 seconds
[2026-06-02T03:56:51.706+0000] {processor.py:161} INFO - Started process (PID=24420) to work on /home/airflow/.local/lib/python3.12/site-packages/airflow/example_dags/example_local_kubernetes_executor.py
[2026-06-02T03:56:51.707+0000] {processor.py:830} INFO - Processing file /home/airflow/.local/lib/python3.12/site-packages/airflow/example_dags/example_local_kubernetes_executor.py for tasks to queue
[2026-06-02T03:56:51.709+0000] {logging_mixin.py:188} INFO - [2026-06-02T03:56:51.708+0000] {dagbag.py:540} INFO - Filling up the DagBag from /home/airflow/.local/lib/python3.12/site-packages/airflow/example_dags/example_local_kubernetes_executor.py
[2026-06-02T03:56:51.716+0000] {processor.py:840} INFO - DAG(s) 'example_local_kubernetes_executor' retrieved from /home/airflow/.local/lib/python3.12/site-packages/airflow/example_dags/example_local_kubernetes_executor.py
[2026-06-02T03:56:51.744+0000] {logging_mixin.py:188} INFO - [2026-06-02T03:56:51.744+0000] {dag.py:3096} INFO - Sync 1 DAGs
[2026-06-02T03:56:51.757+0000] {logging_mixin.py:188} INFO - [2026-06-02T03:56:51.757+0000] {dag.py:3954} INFO - Setting next_dagrun for example_local_kubernetes_executor to None, run_after=None
[2026-06-02T03:56:51.774+0000] {processor.py:183} INFO - Processing /home/airflow/.local/lib/python3.12/site-packages/airflow/example_dags/example_local_kubernetes_executor.py took 0.074 seconds
[2026-06-02T03:57:21.888+0000] {processor.py:161} INFO - Started process (PID=24479) to work on /home/airflow/.local/lib/python3.12/site-packages/airflow/example_dags/example_local_kubernetes_executor.py
[2026-06-02T03:57:21.889+0000] {processor.py:830} INFO - Processing file /home/airflow/.local/lib/python3.12/site-packages/airflow/example_dags/example_local_kubernetes_executor.py for tasks to queue
[2026-06-02T03:57:21.891+0000] {logging_mixin.py:188} INFO - [2026-06-02T03:57:21.891+0000] {dagbag.py:540} INFO - Filling up the DagBag from /home/airflow/.local/lib/python3.12/site-packages/airflow/example_dags/example_local_kubernetes_executor.py
[2026-06-02T03:57:21.898+0000] {processor.py:840} INFO - DAG(s) 'example_local_kubernetes_executor' retrieved from /home/airflow/.local/lib/python3.12/site-packages/airflow/example_dags/example_local_kubernetes_executor.py
[2026-06-02T03:57:21.927+0000] {logging_mixin.py:188} INFO - [2026-06-02T03:57:21.927+0000] {dag.py:3096} INFO - Sync 1 DAGs
[2026-06-02T03:57:21.940+0000] {logging_mixin.py:188} INFO - [2026-06-02T03:57:21.939+0000] {dag.py:3954} INFO - Setting next_dagrun for example_local_kubernetes_executor to None, run_after=None
[2026-06-02T03:57:21.958+0000] {processor.py:183} INFO - Processing /home/airflow/.local/lib/python3.12/site-packages/airflow/example_dags/example_local_kubernetes_executor.py took 0.075 seconds
[2026-06-02T03:57:52.069+0000] {processor.py:161} INFO - Started process (PID=24538) to work on /home/airflow/.local/lib/python3.12/site-packages/airflow/example_dags/example_local_kubernetes_executor.py
[2026-06-02T03:57:52.070+0000] {processor.py:830} INFO - Processing file /home/airflow/.local/lib/python3.12/site-packages/airflow/example_dags/example_local_kubernetes_executor.py for tasks to queue
[2026-06-02T03:57:52.072+0000] {logging_mixin.py:188} INFO - [2026-06-02T03:57:52.072+0000] {dagbag.py:540} INFO - Filling up the DagBag from /home/airflow/.local/lib/python3.12/site-packages/airflow/example_dags/example_local_kubernetes_executor.py
[2026-06-02T03:57:52.078+0000] {processor.py:840} INFO - DAG(s) 'example_local_kubernetes_executor' retrieved from /home/airflow/.local/lib/python3.12/site-packages/airflow/example_dags/example_local_kubernetes_executor.py
[2026-06-02T03:57:52.107+0000] {logging_mixin.py:188} INFO - [2026-06-02T03:57:52.106+0000] {dag.py:3096} INFO - Sync 1 DAGs
[2026-06-02T03:57:52.118+0000] {logging_mixin.py:188} INFO - [2026-06-02T03:57:52.118+0000] {dag.py:3954} INFO - Setting next_dagrun for example_local_kubernetes_executor to None, run_after=None
[2026-06-02T03:57:52.133+0000] {processor.py:183} INFO - Processing /home/airflow/.local/lib/python3.12/site-packages/airflow/example_dags/example_local_kubernetes_executor.py took 0.071 seconds
[2026-06-02T03:58:22.269+0000] {processor.py:161} INFO - Started process (PID=24597) to work on /home/airflow/.local/lib/python3.12/site-packages/airflow/example_dags/example_local_kubernetes_executor.py
[2026-06-02T03:58:22.270+0000] {processor.py:830} INFO - Processing file /home/airflow/.local/lib/python3.12/site-packages/airflow/example_dags/example_local_kubernetes_executor.py for tasks to queue
[2026-06-02T03:58:22.271+0000] {logging_mixin.py:188} INFO - [2026-06-02T03:58:22.271+0000] {dagbag.py:540} INFO - Filling up the DagBag from /home/airflow/.local/lib/python3.12/site-packages/airflow/example_dags/example_local_kubernetes_executor.py
[2026-06-02T03:58:22.278+0000] {processor.py:840} INFO - DAG(s) 'example_local_kubernetes_executor' retrieved from /home/airflow/.local/lib/python3.12/site-packages/airflow/example_dags/example_local_kubernetes_executor.py
[2026-06-02T03:58:22.305+0000] {logging_mixin.py:188} INFO - [2026-06-02T03:58:22.304+0000] {dag.py:3096} INFO - Sync 1 DAGs
[2026-06-02T03:58:22.315+0000] {logging_mixin.py:188} INFO - [2026-06-02T03:58:22.315+0000] {dag.py:3954} INFO - Setting next_dagrun for example_local_kubernetes_executor to None, run_after=None
[2026-06-02T03:58:22.332+0000] {processor.py:183} INFO - Processing /home/airflow/.local/lib/python3.12/site-packages/airflow/example_dags/example_local_kubernetes_executor.py took 0.069 seconds
[2026-06-02T03:58:52.407+0000] {processor.py:161} INFO - Started process (PID=24656) to work on /home/airflow/.local/lib/python3.12/site-packages/airflow/example_dags/example_local_kubernetes_executor.py
[2026-06-02T03:58:52.408+0000] {processor.py:830} INFO - Processing file /home/airflow/.local/lib/python3.12/site-packages/airflow/example_dags/example_local_kubernetes_executor.py for tasks to queue
[2026-06-02T03:58:52.410+0000] {logging_mixin.py:188} INFO - [2026-06-02T03:58:52.410+0000] {dagbag.py:540} INFO - Filling up the DagBag from /home/airflow/.local/lib/python3.12/site-packages/airflow/example_dags/example_local_kubernetes_executor.py
[2026-06-02T03:58:52.418+0000] {processor.py:840} INFO - DAG(s) 'example_local_kubernetes_executor' retrieved from /home/airflow/.local/lib/python3.12/site-packages/airflow/example_dags/example_local_kubernetes_executor.py
[2026-06-02T03:58:52.450+0000] {logging_mixin.py:188} INFO - [2026-06-02T03:58:52.450+0000] {dag.py:3096} INFO - Sync 1 DAGs
[2026-06-02T03:58:52.460+0000] {logging_mixin.py:188} INFO - [2026-06-02T03:58:52.460+0000] {dag.py:3954} INFO - Setting next_dagrun for example_local_kubernetes_executor to None, run_after=None
[2026-06-02T03:58:52.478+0000] {processor.py:183} INFO - Processing /home/airflow/.local/lib/python3.12/site-packages/airflow/example_dags/example_local_kubernetes_executor.py took 0.077 seconds
[2026-06-02T03:59:23.168+0000] {processor.py:161} INFO - Started process (PID=24715) to work on /home/airflow/.local/lib/python3.12/site-packages/airflow/example_dags/example_local_kubernetes_executor.py
[2026-06-02T03:59:23.169+0000] {processor.py:830} INFO - Processing file /home/airflow/.local/lib/python3.12/site-packages/airflow/example_dags/example_local_kubernetes_executor.py for tasks to queue
[2026-06-02T03:59:23.171+0000] {logging_mixin.py:188} INFO - [2026-06-02T03:59:23.171+0000] {dagbag.py:540} INFO - Filling up the DagBag from /home/airflow/.local/lib/python3.12/site-packages/airflow/example_dags/example_local_kubernetes_executor.py
[2026-06-02T03:59:23.178+0000] {processor.py:840} INFO - DAG(s) 'example_local_kubernetes_executor' retrieved from /home/airflow/.local/lib/python3.12/site-packages/airflow/example_dags/example_local_kubernetes_executor.py
[2026-06-02T03:59:23.204+0000] {logging_mixin.py:188} INFO - [2026-06-02T03:59:23.203+0000] {dag.py:3096} INFO - Sync 1 DAGs
[2026-06-02T03:59:23.214+0000] {logging_mixin.py:188} INFO - [2026-06-02T03:59:23.214+0000] {dag.py:3954} INFO - Setting next_dagrun for example_local_kubernetes_executor to None, run_after=None
[2026-06-02T03:59:23.230+0000] {processor.py:183} INFO - Processing /home/airflow/.local/lib/python3.12/site-packages/airflow/example_dags/example_local_kubernetes_executor.py took 0.067 seconds
[2026-06-02T03:59:53.837+0000] {processor.py:161} INFO - Started process (PID=24774) to work on /home/airflow/.local/lib/python3.12/site-packages/airflow/example_dags/example_local_kubernetes_executor.py
[2026-06-02T03:59:53.838+0000] {processor.py:830} INFO - Processing file /home/airflow/.local/lib/python3.12/site-packages/airflow/example_dags/example_local_kubernetes_executor.py for tasks to queue
[2026-06-02T03:59:53.840+0000] {logging_mixin.py:188} INFO - [2026-06-02T03:59:53.840+0000] {dagbag.py:540} INFO - Filling up the DagBag from /home/airflow/.local/lib/python3.12/site-packages/airflow/example_dags/example_local_kubernetes_executor.py
[2026-06-02T03:59:53.847+0000] {processor.py:840} INFO - DAG(s) 'example_local_kubernetes_executor' retrieved from /home/airflow/.local/lib/python3.12/site-packages/airflow/example_dags/example_local_kubernetes_executor.py
[2026-06-02T03:59:53.880+0000] {logging_mixin.py:188} INFO - [2026-06-02T03:59:53.880+0000] {dag.py:3096} INFO - Sync 1 DAGs
[2026-06-02T03:59:53.891+0000] {logging_mixin.py:188} INFO - [2026-06-02T03:59:53.891+0000] {dag.py:3954} INFO - Setting next_dagrun for example_local_kubernetes_executor to None, run_after=None
[2026-06-02T03:59:53.906+0000] {processor.py:183} INFO - Processing /home/airflow/.local/lib/python3.12/site-packages/airflow/example_dags/example_local_kubernetes_executor.py took 0.074 seconds
[2026-06-02T04:00:24.521+0000] {processor.py:161} INFO - Started process (PID=24833) to work on /home/airflow/.local/lib/python3.12/site-packages/airflow/example_dags/example_local_kubernetes_executor.py
[2026-06-02T04:00:24.522+0000] {processor.py:830} INFO - Processing file /home/airflow/.local/lib/python3.12/site-packages/airflow/example_dags/example_local_kubernetes_executor.py for tasks to queue
[2026-06-02T04:00:24.525+0000] {logging_mixin.py:188} INFO - [2026-06-02T04:00:24.525+0000] {dagbag.py:540} INFO - Filling up the DagBag from /home/airflow/.local/lib/python3.12/site-packages/airflow/example_dags/example_local_kubernetes_executor.py
[2026-06-02T04:00:24.533+0000] {processor.py:840} INFO - DAG(s) 'example_local_kubernetes_executor' retrieved from /home/airflow/.local/lib/python3.12/site-packages/airflow/example_dags/example_local_kubernetes_executor.py
[2026-06-02T04:00:24.563+0000] {logging_mixin.py:188} INFO - [2026-06-02T04:00:24.563+0000] {dag.py:3096} INFO - Sync 1 DAGs
[2026-06-02T04:00:24.574+0000] {logging_mixin.py:188} INFO - [2026-06-02T04:00:24.574+0000] {dag.py:3954} INFO - Setting next_dagrun for example_local_kubernetes_executor to None, run_after=None
[2026-06-02T04:00:24.592+0000] {processor.py:183} INFO - Processing /home/airflow/.local/lib/python3.12/site-packages/airflow/example_dags/example_local_kubernetes_executor.py took 0.076 seconds
[2026-06-02T04:00:55.270+0000] {processor.py:161} INFO - Started process (PID=24892) to work on /home/airflow/.local/lib/python3.12/site-packages/airflow/example_dags/example_local_kubernetes_executor.py
[2026-06-02T04:00:55.271+0000] {processor.py:830} INFO - Processing file /home/airflow/.local/lib/python3.12/site-packages/airflow/example_dags/example_local_kubernetes_executor.py for tasks to queue
[2026-06-02T04:00:55.272+0000] {logging_mixin.py:188} INFO - [2026-06-02T04:00:55.272+0000] {dagbag.py:540} INFO - Filling up the DagBag from /home/airflow/.local/lib/python3.12/site-packages/airflow/example_dags/example_local_kubernetes_executor.py
[2026-06-02T04:00:55.279+0000] {processor.py:840} INFO - DAG(s) 'example_local_kubernetes_executor' retrieved from /home/airflow/.local/lib/python3.12/site-packages/airflow/example_dags/example_local_kubernetes_executor.py
[2026-06-02T04:00:55.306+0000] {logging_mixin.py:188} INFO - [2026-06-02T04:00:55.306+0000] {dag.py:3096} INFO - Sync 1 DAGs
[2026-06-02T04:00:55.316+0000] {logging_mixin.py:188} INFO - [2026-06-02T04:00:55.316+0000] {dag.py:3954} INFO - Setting next_dagrun for example_local_kubernetes_executor to None, run_after=None
[2026-06-02T04:00:55.332+0000] {processor.py:183} INFO - Processing /home/airflow/.local/lib/python3.12/site-packages/airflow/example_dags/example_local_kubernetes_executor.py took 0.067 seconds
[2026-06-02T04:01:25.908+0000] {processor.py:161} INFO - Started process (PID=24951) to work on /home/airflow/.local/lib/python3.12/site-packages/airflow/example_dags/example_local_kubernetes_executor.py
[2026-06-02T04:01:25.909+0000] {processor.py:830} INFO - Processing file /home/airflow/.local/lib/python3.12/site-packages/airflow/example_dags/example_local_kubernetes_executor.py for tasks to queue
[2026-06-02T04:01:25.911+0000] {logging_mixin.py:188} INFO - [2026-06-02T04:01:25.911+0000] {dagbag.py:540} INFO - Filling up the DagBag from /home/airflow/.local/lib/python3.12/site-packages/airflow/example_dags/example_local_kubernetes_executor.py
[2026-06-02T04:01:25.918+0000] {processor.py:840} INFO - DAG(s) 'example_local_kubernetes_executor' retrieved from /home/airflow/.local/lib/python3.12/site-packages/airflow/example_dags/example_local_kubernetes_executor.py
[2026-06-02T04:01:25.945+0000] {logging_mixin.py:188} INFO - [2026-06-02T04:01:25.944+0000] {dag.py:3096} INFO - Sync 1 DAGs
[2026-06-02T04:01:25.955+0000] {logging_mixin.py:188} INFO - [2026-06-02T04:01:25.955+0000] {dag.py:3954} INFO - Setting next_dagrun for example_local_kubernetes_executor to None, run_after=None
[2026-06-02T04:01:25.972+0000] {processor.py:183} INFO - Processing /home/airflow/.local/lib/python3.12/site-packages/airflow/example_dags/example_local_kubernetes_executor.py took 0.069 seconds
[2026-06-02T04:01:56.538+0000] {processor.py:161} INFO - Started process (PID=25010) to work on /home/airflow/.local/lib/python3.12/site-packages/airflow/example_dags/example_local_kubernetes_executor.py
[2026-06-02T04:01:56.539+0000] {processor.py:830} INFO - Processing file /home/airflow/.local/lib/python3.12/site-packages/airflow/example_dags/example_local_kubernetes_executor.py for tasks to queue
[2026-06-02T04:01:56.541+0000] {logging_mixin.py:188} INFO - [2026-06-02T04:01:56.541+0000] {dagbag.py:540} INFO - Filling up the DagBag from /home/airflow/.local/lib/python3.12/site-packages/airflow/example_dags/example_local_kubernetes_executor.py
[2026-06-02T04:01:56.548+0000] {processor.py:840} INFO - DAG(s) 'example_local_kubernetes_executor' retrieved from /home/airflow/.local/lib/python3.12/site-packages/airflow/example_dags/example_local_kubernetes_executor.py
[2026-06-02T04:01:56.578+0000] {logging_mixin.py:188} INFO - [2026-06-02T04:01:56.577+0000] {dag.py:3096} INFO - Sync 1 DAGs
[2026-06-02T04:01:56.591+0000] {logging_mixin.py:188} INFO - [2026-06-02T04:01:56.591+0000] {dag.py:3954} INFO - Setting next_dagrun for example_local_kubernetes_executor to None, run_after=None
[2026-06-02T04:01:56.614+0000] {processor.py:183} INFO - Processing /home/airflow/.local/lib/python3.12/site-packages/airflow/example_dags/example_local_kubernetes_executor.py took 0.081 seconds
[2026-06-02T04:02:27.329+0000] {processor.py:161} INFO - Started process (PID=25069) to work on /home/airflow/.local/lib/python3.12/site-packages/airflow/example_dags/example_local_kubernetes_executor.py
[2026-06-02T04:02:27.331+0000] {processor.py:830} INFO - Processing file /home/airflow/.local/lib/python3.12/site-packages/airflow/example_dags/example_local_kubernetes_executor.py for tasks to queue
[2026-06-02T04:02:27.332+0000] {logging_mixin.py:188} INFO - [2026-06-02T04:02:27.332+0000] {dagbag.py:540} INFO - Filling up the DagBag from /home/airflow/.local/lib/python3.12/site-packages/airflow/example_dags/example_local_kubernetes_executor.py
[2026-06-02T04:02:27.339+0000] {processor.py:840} INFO - DAG(s) 'example_local_kubernetes_executor' retrieved from /home/airflow/.local/lib/python3.12/site-packages/airflow/example_dags/example_local_kubernetes_executor.py
[2026-06-02T04:02:27.366+0000] {logging_mixin.py:188} INFO - [2026-06-02T04:02:27.366+0000] {dag.py:3096} INFO - Sync 1 DAGs
[2026-06-02T04:02:27.377+0000] {logging_mixin.py:188} INFO - [2026-06-02T04:02:27.377+0000] {dag.py:3954} INFO - Setting next_dagrun for example_local_kubernetes_executor to None, run_after=None
[2026-06-02T04:02:27.393+0000] {processor.py:183} INFO - Processing /home/airflow/.local/lib/python3.12/site-packages/airflow/example_dags/example_local_kubernetes_executor.py took 0.068 seconds
[2026-06-02T04:02:57.854+0000] {processor.py:161} INFO - Started process (PID=25128) to work on /home/airflow/.local/lib/python3.12/site-packages/airflow/example_dags/example_local_kubernetes_executor.py
[2026-06-02T04:02:57.856+0000] {processor.py:830} INFO - Processing file /home/airflow/.local/lib/python3.12/site-packages/airflow/example_dags/example_local_kubernetes_executor.py for tasks to queue
[2026-06-02T04:02:57.858+0000] {logging_mixin.py:188} INFO - [2026-06-02T04:02:57.857+0000] {dagbag.py:540} INFO - Filling up the DagBag from /home/airflow/.local/lib/python3.12/site-packages/airflow/example_dags/example_local_kubernetes_executor.py
[2026-06-02T04:02:57.865+0000] {processor.py:840} INFO - DAG(s) 'example_local_kubernetes_executor' retrieved from /home/airflow/.local/lib/python3.12/site-packages/airflow/example_dags/example_local_kubernetes_executor.py
[2026-06-02T04:02:57.892+0000] {logging_mixin.py:188} INFO - [2026-06-02T04:02:57.892+0000] {dag.py:3096} INFO - Sync 1 DAGs
[2026-06-02T04:02:57.902+0000] {logging_mixin.py:188} INFO - [2026-06-02T04:02:57.902+0000] {dag.py:3954} INFO - Setting next_dagrun for example_local_kubernetes_executor to None, run_after=None
[2026-06-02T04:02:57.918+0000] {processor.py:183} INFO - Processing /home/airflow/.local/lib/python3.12/site-packages/airflow/example_dags/example_local_kubernetes_executor.py took 0.069 seconds
[2026-06-02T04:03:28.441+0000] {processor.py:161} INFO - Started process (PID=25187) to work on /home/airflow/.local/lib/python3.12/site-packages/airflow/example_dags/example_local_kubernetes_executor.py
[2026-06-02T04:03:28.443+0000] {processor.py:830} INFO - Processing file /home/airflow/.local/lib/python3.12/site-packages/airflow/example_dags/example_local_kubernetes_executor.py for tasks to queue
[2026-06-02T04:03:28.445+0000] {logging_mixin.py:188} INFO - [2026-06-02T04:03:28.445+0000] {dagbag.py:540} INFO - Filling up the DagBag from /home/airflow/.local/lib/python3.12/site-packages/airflow/example_dags/example_local_kubernetes_executor.py
[2026-06-02T04:03:28.455+0000] {processor.py:840} INFO - DAG(s) 'example_local_kubernetes_executor' retrieved from /home/airflow/.local/lib/python3.12/site-packages/airflow/example_dags/example_local_kubernetes_executor.py
[2026-06-02T04:03:28.485+0000] {logging_mixin.py:188} INFO - [2026-06-02T04:03:28.484+0000] {dag.py:3096} INFO - Sync 1 DAGs
[2026-06-02T04:03:28.496+0000] {logging_mixin.py:188} INFO - [2026-06-02T04:03:28.496+0000] {dag.py:3954} INFO - Setting next_dagrun for example_local_kubernetes_executor to None, run_after=None
[2026-06-02T04:03:28.512+0000] {processor.py:183} INFO - Processing /home/airflow/.local/lib/python3.12/site-packages/airflow/example_dags/example_local_kubernetes_executor.py took 0.078 seconds
[2026-06-02T04:03:59.111+0000] {processor.py:161} INFO - Started process (PID=25246) to work on /home/airflow/.local/lib/python3.12/site-packages/airflow/example_dags/example_local_kubernetes_executor.py
[2026-06-02T04:03:59.112+0000] {processor.py:830} INFO - Processing file /home/airflow/.local/lib/python3.12/site-packages/airflow/example_dags/example_local_kubernetes_executor.py for tasks to queue
[2026-06-02T04:03:59.114+0000] {logging_mixin.py:188} INFO - [2026-06-02T04:03:59.114+0000] {dagbag.py:540} INFO - Filling up the DagBag from /home/airflow/.local/lib/python3.12/site-packages/airflow/example_dags/example_local_kubernetes_executor.py
[2026-06-02T04:03:59.121+0000] {processor.py:840} INFO - DAG(s) 'example_local_kubernetes_executor' retrieved from /home/airflow/.local/lib/python3.12/site-packages/airflow/example_dags/example_local_kubernetes_executor.py
[2026-06-02T04:03:59.149+0000] {logging_mixin.py:188} INFO - [2026-06-02T04:03:59.149+0000] {dag.py:3096} INFO - Sync 1 DAGs
[2026-06-02T04:03:59.162+0000] {logging_mixin.py:188} INFO - [2026-06-02T04:03:59.162+0000] {dag.py:3954} INFO - Setting next_dagrun for example_local_kubernetes_executor to None, run_after=None
[2026-06-02T04:03:59.179+0000] {processor.py:183} INFO - Processing /home/airflow/.local/lib/python3.12/site-packages/airflow/example_dags/example_local_kubernetes_executor.py took 0.073 seconds
[2026-06-02T04:04:29.836+0000] {processor.py:161} INFO - Started process (PID=25305) to work on /home/airflow/.local/lib/python3.12/site-packages/airflow/example_dags/example_local_kubernetes_executor.py
[2026-06-02T04:04:29.838+0000] {processor.py:830} INFO - Processing file /home/airflow/.local/lib/python3.12/site-packages/airflow/example_dags/example_local_kubernetes_executor.py for tasks to queue
[2026-06-02T04:04:29.840+0000] {logging_mixin.py:188} INFO - [2026-06-02T04:04:29.839+0000] {dagbag.py:540} INFO - Filling up the DagBag from /home/airflow/.local/lib/python3.12/site-packages/airflow/example_dags/example_local_kubernetes_executor.py
[2026-06-02T04:04:29.848+0000] {processor.py:840} INFO - DAG(s) 'example_local_kubernetes_executor' retrieved from /home/airflow/.local/lib/python3.12/site-packages/airflow/example_dags/example_local_kubernetes_executor.py
[2026-06-02T04:04:29.878+0000] {logging_mixin.py:188} INFO - [2026-06-02T04:04:29.878+0000] {dag.py:3096} INFO - Sync 1 DAGs
[2026-06-02T04:04:29.888+0000] {logging_mixin.py:188} INFO - [2026-06-02T04:04:29.888+0000] {dag.py:3954} INFO - Setting next_dagrun for example_local_kubernetes_executor to None, run_after=None
[2026-06-02T04:04:29.903+0000] {processor.py:183} INFO - Processing /home/airflow/.local/lib/python3.12/site-packages/airflow/example_dags/example_local_kubernetes_executor.py took 0.072 seconds
[2026-06-02T04:05:00.522+0000] {processor.py:161} INFO - Started process (PID=25364) to work on /home/airflow/.local/lib/python3.12/site-packages/airflow/example_dags/example_local_kubernetes_executor.py
[2026-06-02T04:05:00.523+0000] {processor.py:830} INFO - Processing file /home/airflow/.local/lib/python3.12/site-packages/airflow/example_dags/example_local_kubernetes_executor.py for tasks to queue
[2026-06-02T04:05:00.525+0000] {logging_mixin.py:188} INFO - [2026-06-02T04:05:00.525+0000] {dagbag.py:540} INFO - Filling up the DagBag from /home/airflow/.local/lib/python3.12/site-packages/airflow/example_dags/example_local_kubernetes_executor.py
[2026-06-02T04:05:00.532+0000] {processor.py:840} INFO - DAG(s) 'example_local_kubernetes_executor' retrieved from /home/airflow/.local/lib/python3.12/site-packages/airflow/example_dags/example_local_kubernetes_executor.py
[2026-06-02T04:05:00.559+0000] {logging_mixin.py:188} INFO - [2026-06-02T04:05:00.559+0000] {dag.py:3096} INFO - Sync 1 DAGs
[2026-06-02T04:05:00.572+0000] {logging_mixin.py:188} INFO - [2026-06-02T04:05:00.572+0000] {dag.py:3954} INFO - Setting next_dagrun for example_local_kubernetes_executor to None, run_after=None
[2026-06-02T04:05:00.589+0000] {processor.py:183} INFO - Processing /home/airflow/.local/lib/python3.12/site-packages/airflow/example_dags/example_local_kubernetes_executor.py took 0.072 seconds
[2026-06-02T04:05:31.271+0000] {processor.py:161} INFO - Started process (PID=25423) to work on /home/airflow/.local/lib/python3.12/site-packages/airflow/example_dags/example_local_kubernetes_executor.py
[2026-06-02T04:05:31.272+0000] {processor.py:830} INFO - Processing file /home/airflow/.local/lib/python3.12/site-packages/airflow/example_dags/example_local_kubernetes_executor.py for tasks to queue
[2026-06-02T04:05:31.275+0000] {logging_mixin.py:188} INFO - [2026-06-02T04:05:31.274+0000] {dagbag.py:540} INFO - Filling up the DagBag from /home/airflow/.local/lib/python3.12/site-packages/airflow/example_dags/example_local_kubernetes_executor.py
[2026-06-02T04:05:31.281+0000] {processor.py:840} INFO - DAG(s) 'example_local_kubernetes_executor' retrieved from /home/airflow/.local/lib/python3.12/site-packages/airflow/example_dags/example_local_kubernetes_executor.py
[2026-06-02T04:05:31.308+0000] {logging_mixin.py:188} INFO - [2026-06-02T04:05:31.308+0000] {dag.py:3096} INFO - Sync 1 DAGs
[2026-06-02T04:05:31.319+0000] {logging_mixin.py:188} INFO - [2026-06-02T04:05:31.319+0000] {dag.py:3954} INFO - Setting next_dagrun for example_local_kubernetes_executor to None, run_after=None
[2026-06-02T04:05:31.335+0000] {processor.py:183} INFO - Processing /home/airflow/.local/lib/python3.12/site-packages/airflow/example_dags/example_local_kubernetes_executor.py took 0.068 seconds
[2026-06-02T04:06:01.987+0000] {processor.py:161} INFO - Started process (PID=25482) to work on /home/airflow/.local/lib/python3.12/site-packages/airflow/example_dags/example_local_kubernetes_executor.py
[2026-06-02T04:06:01.988+0000] {processor.py:830} INFO - Processing file /home/airflow/.local/lib/python3.12/site-packages/airflow/example_dags/example_local_kubernetes_executor.py for tasks to queue
[2026-06-02T04:06:01.991+0000] {logging_mixin.py:188} INFO - [2026-06-02T04:06:01.990+0000] {dagbag.py:540} INFO - Filling up the DagBag from /home/airflow/.local/lib/python3.12/site-packages/airflow/example_dags/example_local_kubernetes_executor.py
[2026-06-02T04:06:01.998+0000] {processor.py:840} INFO - DAG(s) 'example_local_kubernetes_executor' retrieved from /home/airflow/.local/lib/python3.12/site-packages/airflow/example_dags/example_local_kubernetes_executor.py
[2026-06-02T04:06:02.027+0000] {logging_mixin.py:188} INFO - [2026-06-02T04:06:02.026+0000] {dag.py:3096} INFO - Sync 1 DAGs
[2026-06-02T04:06:02.038+0000] {logging_mixin.py:188} INFO - [2026-06-02T04:06:02.038+0000] {dag.py:3954} INFO - Setting next_dagrun for example_local_kubernetes_executor to None, run_after=None
[2026-06-02T04:06:02.055+0000] {processor.py:183} INFO - Processing /home/airflow/.local/lib/python3.12/site-packages/airflow/example_dags/example_local_kubernetes_executor.py took 0.072 seconds
[2026-06-02T04:06:32.626+0000] {processor.py:161} INFO - Started process (PID=25541) to work on /home/airflow/.local/lib/python3.12/site-packages/airflow/example_dags/example_local_kubernetes_executor.py
[2026-06-02T04:06:32.628+0000] {processor.py:830} INFO - Processing file /home/airflow/.local/lib/python3.12/site-packages/airflow/example_dags/example_local_kubernetes_executor.py for tasks to queue
[2026-06-02T04:06:32.630+0000] {logging_mixin.py:188} INFO - [2026-06-02T04:06:32.629+0000] {dagbag.py:540} INFO - Filling up the DagBag from /home/airflow/.local/lib/python3.12/site-packages/airflow/example_dags/example_local_kubernetes_executor.py
[2026-06-02T04:06:32.638+0000] {processor.py:840} INFO - DAG(s) 'example_local_kubernetes_executor' retrieved from /home/airflow/.local/lib/python3.12/site-packages/airflow/example_dags/example_local_kubernetes_executor.py
[2026-06-02T04:06:32.666+0000] {logging_mixin.py:188} INFO - [2026-06-02T04:06:32.665+0000] {dag.py:3096} INFO - Sync 1 DAGs
[2026-06-02T04:06:32.678+0000] {logging_mixin.py:188} INFO - [2026-06-02T04:06:32.678+0000] {dag.py:3954} INFO - Setting next_dagrun for example_local_kubernetes_executor to None, run_after=None
[2026-06-02T04:06:32.695+0000] {processor.py:183} INFO - Processing /home/airflow/.local/lib/python3.12/site-packages/airflow/example_dags/example_local_kubernetes_executor.py took 0.073 seconds
[2026-06-02T04:07:03.210+0000] {processor.py:161} INFO - Started process (PID=25600) to work on /home/airflow/.local/lib/python3.12/site-packages/airflow/example_dags/example_local_kubernetes_executor.py
[2026-06-02T04:07:03.211+0000] {processor.py:830} INFO - Processing file /home/airflow/.local/lib/python3.12/site-packages/airflow/example_dags/example_local_kubernetes_executor.py for tasks to queue
[2026-06-02T04:07:03.213+0000] {logging_mixin.py:188} INFO - [2026-06-02T04:07:03.213+0000] {dagbag.py:540} INFO - Filling up the DagBag from /home/airflow/.local/lib/python3.12/site-packages/airflow/example_dags/example_local_kubernetes_executor.py
[2026-06-02T04:07:03.220+0000] {processor.py:840} INFO - DAG(s) 'example_local_kubernetes_executor' retrieved from /home/airflow/.local/lib/python3.12/site-packages/airflow/example_dags/example_local_kubernetes_executor.py
[2026-06-02T04:07:03.246+0000] {logging_mixin.py:188} INFO - [2026-06-02T04:07:03.246+0000] {dag.py:3096} INFO - Sync 1 DAGs
[2026-06-02T04:07:03.256+0000] {logging_mixin.py:188} INFO - [2026-06-02T04:07:03.256+0000] {dag.py:3954} INFO - Setting next_dagrun for example_local_kubernetes_executor to None, run_after=None
[2026-06-02T04:07:03.270+0000] {processor.py:183} INFO - Processing /home/airflow/.local/lib/python3.12/site-packages/airflow/example_dags/example_local_kubernetes_executor.py took 0.065 seconds
[2026-06-02T04:07:33.767+0000] {processor.py:161} INFO - Started process (PID=25659) to work on /home/airflow/.local/lib/python3.12/site-packages/airflow/example_dags/example_local_kubernetes_executor.py
[2026-06-02T04:07:33.768+0000] {processor.py:830} INFO - Processing file /home/airflow/.local/lib/python3.12/site-packages/airflow/example_dags/example_local_kubernetes_executor.py for tasks to queue
[2026-06-02T04:07:33.770+0000] {logging_mixin.py:188} INFO - [2026-06-02T04:07:33.769+0000] {dagbag.py:540} INFO - Filling up the DagBag from /home/airflow/.local/lib/python3.12/site-packages/airflow/example_dags/example_local_kubernetes_executor.py
[2026-06-02T04:07:33.776+0000] {processor.py:840} INFO - DAG(s) 'example_local_kubernetes_executor' retrieved from /home/airflow/.local/lib/python3.12/site-packages/airflow/example_dags/example_local_kubernetes_executor.py
[2026-06-02T04:07:33.803+0000] {logging_mixin.py:188} INFO - [2026-06-02T04:07:33.803+0000] {dag.py:3096} INFO - Sync 1 DAGs
[2026-06-02T04:07:33.815+0000] {logging_mixin.py:188} INFO - [2026-06-02T04:07:33.814+0000] {dag.py:3954} INFO - Setting next_dagrun for example_local_kubernetes_executor to None, run_after=None
[2026-06-02T04:07:33.834+0000] {processor.py:183} INFO - Processing /home/airflow/.local/lib/python3.12/site-packages/airflow/example_dags/example_local_kubernetes_executor.py took 0.072 seconds
[2026-06-02T04:08:04.294+0000] {processor.py:161} INFO - Started process (PID=25718) to work on /home/airflow/.local/lib/python3.12/site-packages/airflow/example_dags/example_local_kubernetes_executor.py
[2026-06-02T04:08:04.295+0000] {processor.py:830} INFO - Processing file /home/airflow/.local/lib/python3.12/site-packages/airflow/example_dags/example_local_kubernetes_executor.py for tasks to queue
[2026-06-02T04:08:04.297+0000] {logging_mixin.py:188} INFO - [2026-06-02T04:08:04.297+0000] {dagbag.py:540} INFO - Filling up the DagBag from /home/airflow/.local/lib/python3.12/site-packages/airflow/example_dags/example_local_kubernetes_executor.py
[2026-06-02T04:08:04.303+0000] {processor.py:840} INFO - DAG(s) 'example_local_kubernetes_executor' retrieved from /home/airflow/.local/lib/python3.12/site-packages/airflow/example_dags/example_local_kubernetes_executor.py
[2026-06-02T04:08:04.331+0000] {logging_mixin.py:188} INFO - [2026-06-02T04:08:04.330+0000] {dag.py:3096} INFO - Sync 1 DAGs
[2026-06-02T04:08:04.341+0000] {logging_mixin.py:188} INFO - [2026-06-02T04:08:04.341+0000] {dag.py:3954} INFO - Setting next_dagrun for example_local_kubernetes_executor to None, run_after=None
[2026-06-02T04:08:04.356+0000] {processor.py:183} INFO - Processing /home/airflow/.local/lib/python3.12/site-packages/airflow/example_dags/example_local_kubernetes_executor.py took 0.067 seconds
[2026-06-02T04:08:34.806+0000] {processor.py:161} INFO - Started process (PID=25777) to work on /home/airflow/.local/lib/python3.12/site-packages/airflow/example_dags/example_local_kubernetes_executor.py
[2026-06-02T04:08:34.807+0000] {processor.py:830} INFO - Processing file /home/airflow/.local/lib/python3.12/site-packages/airflow/example_dags/example_local_kubernetes_executor.py for tasks to queue
[2026-06-02T04:08:34.810+0000] {logging_mixin.py:188} INFO - [2026-06-02T04:08:34.810+0000] {dagbag.py:540} INFO - Filling up the DagBag from /home/airflow/.local/lib/python3.12/site-packages/airflow/example_dags/example_local_kubernetes_executor.py
[2026-06-02T04:08:34.817+0000] {processor.py:840} INFO - DAG(s) 'example_local_kubernetes_executor' retrieved from /home/airflow/.local/lib/python3.12/site-packages/airflow/example_dags/example_local_kubernetes_executor.py
[2026-06-02T04:08:34.857+0000] {logging_mixin.py:188} INFO - [2026-06-02T04:08:34.857+0000] {dag.py:3096} INFO - Sync 1 DAGs
[2026-06-02T04:08:34.870+0000] {logging_mixin.py:188} INFO - [2026-06-02T04:08:34.869+0000] {dag.py:3954} INFO - Setting next_dagrun for example_local_kubernetes_executor to None, run_after=None
[2026-06-02T04:08:34.891+0000] {processor.py:183} INFO - Processing /home/airflow/.local/lib/python3.12/site-packages/airflow/example_dags/example_local_kubernetes_executor.py took 0.091 seconds
[2026-06-02T04:09:05.466+0000] {processor.py:161} INFO - Started process (PID=25836) to work on /home/airflow/.local/lib/python3.12/site-packages/airflow/example_dags/example_local_kubernetes_executor.py
[2026-06-02T04:09:05.467+0000] {processor.py:830} INFO - Processing file /home/airflow/.local/lib/python3.12/site-packages/airflow/example_dags/example_local_kubernetes_executor.py for tasks to queue
[2026-06-02T04:09:05.469+0000] {logging_mixin.py:188} INFO - [2026-06-02T04:09:05.469+0000] {dagbag.py:540} INFO - Filling up the DagBag from /home/airflow/.local/lib/python3.12/site-packages/airflow/example_dags/example_local_kubernetes_executor.py
[2026-06-02T04:09:05.475+0000] {processor.py:840} INFO - DAG(s) 'example_local_kubernetes_executor' retrieved from /home/airflow/.local/lib/python3.12/site-packages/airflow/example_dags/example_local_kubernetes_executor.py
[2026-06-02T04:09:05.502+0000] {logging_mixin.py:188} INFO - [2026-06-02T04:09:05.502+0000] {dag.py:3096} INFO - Sync 1 DAGs
[2026-06-02T04:09:05.513+0000] {logging_mixin.py:188} INFO - [2026-06-02T04:09:05.513+0000] {dag.py:3954} INFO - Setting next_dagrun for example_local_kubernetes_executor to None, run_after=None
[2026-06-02T04:09:05.527+0000] {processor.py:183} INFO - Processing /home/airflow/.local/lib/python3.12/site-packages/airflow/example_dags/example_local_kubernetes_executor.py took 0.065 seconds
[2026-06-02T04:09:36.022+0000] {processor.py:161} INFO - Started process (PID=25895) to work on /home/airflow/.local/lib/python3.12/site-packages/airflow/example_dags/example_local_kubernetes_executor.py
[2026-06-02T04:09:36.023+0000] {processor.py:830} INFO - Processing file /home/airflow/.local/lib/python3.12/site-packages/airflow/example_dags/example_local_kubernetes_executor.py for tasks to queue
[2026-06-02T04:09:36.025+0000] {logging_mixin.py:188} INFO - [2026-06-02T04:09:36.025+0000] {dagbag.py:540} INFO - Filling up the DagBag from /home/airflow/.local/lib/python3.12/site-packages/airflow/example_dags/example_local_kubernetes_executor.py
[2026-06-02T04:09:36.032+0000] {processor.py:840} INFO - DAG(s) 'example_local_kubernetes_executor' retrieved from /home/airflow/.local/lib/python3.12/site-packages/airflow/example_dags/example_local_kubernetes_executor.py
[2026-06-02T04:09:36.060+0000] {logging_mixin.py:188} INFO - [2026-06-02T04:09:36.060+0000] {dag.py:3096} INFO - Sync 1 DAGs
[2026-06-02T04:09:36.070+0000] {logging_mixin.py:188} INFO - [2026-06-02T04:09:36.070+0000] {dag.py:3954} INFO - Setting next_dagrun for example_local_kubernetes_executor to None, run_after=None
[2026-06-02T04:09:36.087+0000] {processor.py:183} INFO - Processing /home/airflow/.local/lib/python3.12/site-packages/airflow/example_dags/example_local_kubernetes_executor.py took 0.070 seconds
[2026-06-02T04:10:06.660+0000] {processor.py:161} INFO - Started process (PID=25954) to work on /home/airflow/.local/lib/python3.12/site-packages/airflow/example_dags/example_local_kubernetes_executor.py
[2026-06-02T04:10:06.661+0000] {processor.py:830} INFO - Processing file /home/airflow/.local/lib/python3.12/site-packages/airflow/example_dags/example_local_kubernetes_executor.py for tasks to queue
[2026-06-02T04:10:06.663+0000] {logging_mixin.py:188} INFO - [2026-06-02T04:10:06.662+0000] {dagbag.py:540} INFO - Filling up the DagBag from /home/airflow/.local/lib/python3.12/site-packages/airflow/example_dags/example_local_kubernetes_executor.py
[2026-06-02T04:10:06.669+0000] {processor.py:840} INFO - DAG(s) 'example_local_kubernetes_executor' retrieved from /home/airflow/.local/lib/python3.12/site-packages/airflow/example_dags/example_local_kubernetes_executor.py
[2026-06-02T04:10:06.696+0000] {logging_mixin.py:188} INFO - [2026-06-02T04:10:06.696+0000] {dag.py:3096} INFO - Sync 1 DAGs
[2026-06-02T04:10:06.707+0000] {logging_mixin.py:188} INFO - [2026-06-02T04:10:06.707+0000] {dag.py:3954} INFO - Setting next_dagrun for example_local_kubernetes_executor to None, run_after=None
[2026-06-02T04:10:06.724+0000] {processor.py:183} INFO - Processing /home/airflow/.local/lib/python3.12/site-packages/airflow/example_dags/example_local_kubernetes_executor.py took 0.072 seconds
[2026-06-02T04:10:37.319+0000] {processor.py:161} INFO - Started process (PID=26013) to work on /home/airflow/.local/lib/python3.12/site-packages/airflow/example_dags/example_local_kubernetes_executor.py
[2026-06-02T04:10:37.320+0000] {processor.py:830} INFO - Processing file /home/airflow/.local/lib/python3.12/site-packages/airflow/example_dags/example_local_kubernetes_executor.py for tasks to queue
[2026-06-02T04:10:37.322+0000] {logging_mixin.py:188} INFO - [2026-06-02T04:10:37.322+0000] {dagbag.py:540} INFO - Filling up the DagBag from /home/airflow/.local/lib/python3.12/site-packages/airflow/example_dags/example_local_kubernetes_executor.py
[2026-06-02T04:10:37.329+0000] {processor.py:840} INFO - DAG(s) 'example_local_kubernetes_executor' retrieved from /home/airflow/.local/lib/python3.12/site-packages/airflow/example_dags/example_local_kubernetes_executor.py
[2026-06-02T04:10:37.358+0000] {logging_mixin.py:188} INFO - [2026-06-02T04:10:37.357+0000] {dag.py:3096} INFO - Sync 1 DAGs
[2026-06-02T04:10:37.368+0000] {logging_mixin.py:188} INFO - [2026-06-02T04:10:37.368+0000] {dag.py:3954} INFO - Setting next_dagrun for example_local_kubernetes_executor to None, run_after=None
[2026-06-02T04:10:37.384+0000] {processor.py:183} INFO - Processing /home/airflow/.local/lib/python3.12/site-packages/airflow/example_dags/example_local_kubernetes_executor.py took 0.070 seconds
[2026-06-02T04:11:07.995+0000] {processor.py:161} INFO - Started process (PID=26072) to work on /home/airflow/.local/lib/python3.12/site-packages/airflow/example_dags/example_local_kubernetes_executor.py
[2026-06-02T04:11:07.996+0000] {processor.py:830} INFO - Processing file /home/airflow/.local/lib/python3.12/site-packages/airflow/example_dags/example_local_kubernetes_executor.py for tasks to queue
[2026-06-02T04:11:07.998+0000] {logging_mixin.py:188} INFO - [2026-06-02T04:11:07.998+0000] {dagbag.py:540} INFO - Filling up the DagBag from /home/airflow/.local/lib/python3.12/site-packages/airflow/example_dags/example_local_kubernetes_executor.py
[2026-06-02T04:11:08.005+0000] {processor.py:840} INFO - DAG(s) 'example_local_kubernetes_executor' retrieved from /home/airflow/.local/lib/python3.12/site-packages/airflow/example_dags/example_local_kubernetes_executor.py
[2026-06-02T04:11:08.032+0000] {logging_mixin.py:188} INFO - [2026-06-02T04:11:08.031+0000] {dag.py:3096} INFO - Sync 1 DAGs
[2026-06-02T04:11:08.042+0000] {logging_mixin.py:188} INFO - [2026-06-02T04:11:08.042+0000] {dag.py:3954} INFO - Setting next_dagrun for example_local_kubernetes_executor to None, run_after=None
[2026-06-02T04:11:08.058+0000] {processor.py:183} INFO - Processing /home/airflow/.local/lib/python3.12/site-packages/airflow/example_dags/example_local_kubernetes_executor.py took 0.067 seconds
[2026-06-02T04:11:38.754+0000] {processor.py:161} INFO - Started process (PID=26131) to work on /home/airflow/.local/lib/python3.12/site-packages/airflow/example_dags/example_local_kubernetes_executor.py
[2026-06-02T04:11:38.755+0000] {processor.py:830} INFO - Processing file /home/airflow/.local/lib/python3.12/site-packages/airflow/example_dags/example_local_kubernetes_executor.py for tasks to queue
[2026-06-02T04:11:38.757+0000] {logging_mixin.py:188} INFO - [2026-06-02T04:11:38.757+0000] {dagbag.py:540} INFO - Filling up the DagBag from /home/airflow/.local/lib/python3.12/site-packages/airflow/example_dags/example_local_kubernetes_executor.py
[2026-06-02T04:11:38.764+0000] {processor.py:840} INFO - DAG(s) 'example_local_kubernetes_executor' retrieved from /home/airflow/.local/lib/python3.12/site-packages/airflow/example_dags/example_local_kubernetes_executor.py
[2026-06-02T04:11:38.797+0000] {logging_mixin.py:188} INFO - [2026-06-02T04:11:38.797+0000] {dag.py:3096} INFO - Sync 1 DAGs
[2026-06-02T04:11:38.807+0000] {logging_mixin.py:188} INFO - [2026-06-02T04:11:38.807+0000] {dag.py:3954} INFO - Setting next_dagrun for example_local_kubernetes_executor to None, run_after=None
[2026-06-02T04:11:38.822+0000] {processor.py:183} INFO - Processing /home/airflow/.local/lib/python3.12/site-packages/airflow/example_dags/example_local_kubernetes_executor.py took 0.073 seconds
[2026-06-02T04:12:09.200+0000] {processor.py:161} INFO - Started process (PID=26190) to work on /home/airflow/.local/lib/python3.12/site-packages/airflow/example_dags/example_local_kubernetes_executor.py
[2026-06-02T04:12:09.201+0000] {processor.py:830} INFO - Processing file /home/airflow/.local/lib/python3.12/site-packages/airflow/example_dags/example_local_kubernetes_executor.py for tasks to queue
[2026-06-02T04:12:09.203+0000] {logging_mixin.py:188} INFO - [2026-06-02T04:12:09.203+0000] {dagbag.py:540} INFO - Filling up the DagBag from /home/airflow/.local/lib/python3.12/site-packages/airflow/example_dags/example_local_kubernetes_executor.py
[2026-06-02T04:12:09.211+0000] {processor.py:840} INFO - DAG(s) 'example_local_kubernetes_executor' retrieved from /home/airflow/.local/lib/python3.12/site-packages/airflow/example_dags/example_local_kubernetes_executor.py
[2026-06-02T04:12:09.241+0000] {logging_mixin.py:188} INFO - [2026-06-02T04:12:09.241+0000] {dag.py:3096} INFO - Sync 1 DAGs
[2026-06-02T04:12:09.252+0000] {logging_mixin.py:188} INFO - [2026-06-02T04:12:09.252+0000] {dag.py:3954} INFO - Setting next_dagrun for example_local_kubernetes_executor to None, run_after=None
[2026-06-02T04:12:09.267+0000] {processor.py:183} INFO - Processing /home/airflow/.local/lib/python3.12/site-packages/airflow/example_dags/example_local_kubernetes_executor.py took 0.072 seconds
[2026-06-02T04:12:39.888+0000] {processor.py:161} INFO - Started process (PID=26249) to work on /home/airflow/.local/lib/python3.12/site-packages/airflow/example_dags/example_local_kubernetes_executor.py
[2026-06-02T04:12:39.889+0000] {processor.py:830} INFO - Processing file /home/airflow/.local/lib/python3.12/site-packages/airflow/example_dags/example_local_kubernetes_executor.py for tasks to queue
[2026-06-02T04:12:39.891+0000] {logging_mixin.py:188} INFO - [2026-06-02T04:12:39.891+0000] {dagbag.py:540} INFO - Filling up the DagBag from /home/airflow/.local/lib/python3.12/site-packages/airflow/example_dags/example_local_kubernetes_executor.py
[2026-06-02T04:12:39.898+0000] {processor.py:840} INFO - DAG(s) 'example_local_kubernetes_executor' retrieved from /home/airflow/.local/lib/python3.12/site-packages/airflow/example_dags/example_local_kubernetes_executor.py
[2026-06-02T04:12:39.925+0000] {logging_mixin.py:188} INFO - [2026-06-02T04:12:39.924+0000] {dag.py:3096} INFO - Sync 1 DAGs
[2026-06-02T04:12:39.936+0000] {logging_mixin.py:188} INFO - [2026-06-02T04:12:39.935+0000] {dag.py:3954} INFO - Setting next_dagrun for example_local_kubernetes_executor to None, run_after=None
[2026-06-02T04:12:39.952+0000] {processor.py:183} INFO - Processing /home/airflow/.local/lib/python3.12/site-packages/airflow/example_dags/example_local_kubernetes_executor.py took 0.068 seconds
[2026-06-02T04:13:10.683+0000] {processor.py:161} INFO - Started process (PID=26308) to work on /home/airflow/.local/lib/python3.12/site-packages/airflow/example_dags/example_local_kubernetes_executor.py
[2026-06-02T04:13:10.684+0000] {processor.py:830} INFO - Processing file /home/airflow/.local/lib/python3.12/site-packages/airflow/example_dags/example_local_kubernetes_executor.py for tasks to queue
[2026-06-02T04:13:10.686+0000] {logging_mixin.py:188} INFO - [2026-06-02T04:13:10.686+0000] {dagbag.py:540} INFO - Filling up the DagBag from /home/airflow/.local/lib/python3.12/site-packages/airflow/example_dags/example_local_kubernetes_executor.py
[2026-06-02T04:13:10.695+0000] {processor.py:840} INFO - DAG(s) 'example_local_kubernetes_executor' retrieved from /home/airflow/.local/lib/python3.12/site-packages/airflow/example_dags/example_local_kubernetes_executor.py
[2026-06-02T04:13:10.721+0000] {logging_mixin.py:188} INFO - [2026-06-02T04:13:10.721+0000] {dag.py:3096} INFO - Sync 1 DAGs
[2026-06-02T04:13:10.732+0000] {logging_mixin.py:188} INFO - [2026-06-02T04:13:10.732+0000] {dag.py:3954} INFO - Setting next_dagrun for example_local_kubernetes_executor to None, run_after=None
[2026-06-02T04:13:10.747+0000] {processor.py:183} INFO - Processing /home/airflow/.local/lib/python3.12/site-packages/airflow/example_dags/example_local_kubernetes_executor.py took 0.069 seconds
[2026-06-02T04:13:41.330+0000] {processor.py:161} INFO - Started process (PID=26367) to work on /home/airflow/.local/lib/python3.12/site-packages/airflow/example_dags/example_local_kubernetes_executor.py
[2026-06-02T04:13:41.331+0000] {processor.py:830} INFO - Processing file /home/airflow/.local/lib/python3.12/site-packages/airflow/example_dags/example_local_kubernetes_executor.py for tasks to queue
[2026-06-02T04:13:41.333+0000] {logging_mixin.py:188} INFO - [2026-06-02T04:13:41.333+0000] {dagbag.py:540} INFO - Filling up the DagBag from /home/airflow/.local/lib/python3.12/site-packages/airflow/example_dags/example_local_kubernetes_executor.py
[2026-06-02T04:13:41.340+0000] {processor.py:840} INFO - DAG(s) 'example_local_kubernetes_executor' retrieved from /home/airflow/.local/lib/python3.12/site-packages/airflow/example_dags/example_local_kubernetes_executor.py
[2026-06-02T04:13:41.367+0000] {logging_mixin.py:188} INFO - [2026-06-02T04:13:41.366+0000] {dag.py:3096} INFO - Sync 1 DAGs
[2026-06-02T04:13:41.379+0000] {logging_mixin.py:188} INFO - [2026-06-02T04:13:41.379+0000] {dag.py:3954} INFO - Setting next_dagrun for example_local_kubernetes_executor to None, run_after=None
[2026-06-02T04:13:41.394+0000] {processor.py:183} INFO - Processing /home/airflow/.local/lib/python3.12/site-packages/airflow/example_dags/example_local_kubernetes_executor.py took 0.070 seconds
[2026-06-02T04:14:11.995+0000] {processor.py:161} INFO - Started process (PID=26426) to work on /home/airflow/.local/lib/python3.12/site-packages/airflow/example_dags/example_local_kubernetes_executor.py
[2026-06-02T04:14:11.996+0000] {processor.py:830} INFO - Processing file /home/airflow/.local/lib/python3.12/site-packages/airflow/example_dags/example_local_kubernetes_executor.py for tasks to queue
[2026-06-02T04:14:11.998+0000] {logging_mixin.py:188} INFO - [2026-06-02T04:14:11.997+0000] {dagbag.py:540} INFO - Filling up the DagBag from /home/airflow/.local/lib/python3.12/site-packages/airflow/example_dags/example_local_kubernetes_executor.py
[2026-06-02T04:14:12.004+0000] {processor.py:840} INFO - DAG(s) 'example_local_kubernetes_executor' retrieved from /home/airflow/.local/lib/python3.12/site-packages/airflow/example_dags/example_local_kubernetes_executor.py
[2026-06-02T04:14:12.032+0000] {logging_mixin.py:188} INFO - [2026-06-02T04:14:12.032+0000] {dag.py:3096} INFO - Sync 1 DAGs
[2026-06-02T04:14:12.042+0000] {logging_mixin.py:188} INFO - [2026-06-02T04:14:12.042+0000] {dag.py:3954} INFO - Setting next_dagrun for example_local_kubernetes_executor to None, run_after=None
[2026-06-02T04:14:12.058+0000] {processor.py:183} INFO - Processing /home/airflow/.local/lib/python3.12/site-packages/airflow/example_dags/example_local_kubernetes_executor.py took 0.069 seconds
[2026-06-02T04:14:42.778+0000] {processor.py:161} INFO - Started process (PID=26485) to work on /home/airflow/.local/lib/python3.12/site-packages/airflow/example_dags/example_local_kubernetes_executor.py
[2026-06-02T04:14:42.780+0000] {processor.py:830} INFO - Processing file /home/airflow/.local/lib/python3.12/site-packages/airflow/example_dags/example_local_kubernetes_executor.py for tasks to queue
[2026-06-02T04:14:42.782+0000] {logging_mixin.py:188} INFO - [2026-06-02T04:14:42.781+0000] {dagbag.py:540} INFO - Filling up the DagBag from /home/airflow/.local/lib/python3.12/site-packages/airflow/example_dags/example_local_kubernetes_executor.py
[2026-06-02T04:14:42.788+0000] {processor.py:840} INFO - DAG(s) 'example_local_kubernetes_executor' retrieved from /home/airflow/.local/lib/python3.12/site-packages/airflow/example_dags/example_local_kubernetes_executor.py
[2026-06-02T04:14:42.816+0000] {logging_mixin.py:188} INFO - [2026-06-02T04:14:42.816+0000] {dag.py:3096} INFO - Sync 1 DAGs
[2026-06-02T04:14:42.827+0000] {logging_mixin.py:188} INFO - [2026-06-02T04:14:42.827+0000] {dag.py:3954} INFO - Setting next_dagrun for example_local_kubernetes_executor to None, run_after=None
[2026-06-02T04:14:42.843+0000] {processor.py:183} INFO - Processing /home/airflow/.local/lib/python3.12/site-packages/airflow/example_dags/example_local_kubernetes_executor.py took 0.070 seconds
[2026-06-02T04:15:13.408+0000] {processor.py:161} INFO - Started process (PID=26544) to work on /home/airflow/.local/lib/python3.12/site-packages/airflow/example_dags/example_local_kubernetes_executor.py
[2026-06-02T04:15:13.409+0000] {processor.py:830} INFO - Processing file /home/airflow/.local/lib/python3.12/site-packages/airflow/example_dags/example_local_kubernetes_executor.py for tasks to queue
[2026-06-02T04:15:13.411+0000] {logging_mixin.py:188} INFO - [2026-06-02T04:15:13.411+0000] {dagbag.py:540} INFO - Filling up the DagBag from /home/airflow/.local/lib/python3.12/site-packages/airflow/example_dags/example_local_kubernetes_executor.py
[2026-06-02T04:15:13.418+0000] {processor.py:840} INFO - DAG(s) 'example_local_kubernetes_executor' retrieved from /home/airflow/.local/lib/python3.12/site-packages/airflow/example_dags/example_local_kubernetes_executor.py
[2026-06-02T04:15:13.444+0000] {logging_mixin.py:188} INFO - [2026-06-02T04:15:13.444+0000] {dag.py:3096} INFO - Sync 1 DAGs
[2026-06-02T04:15:13.455+0000] {logging_mixin.py:188} INFO - [2026-06-02T04:15:13.454+0000] {dag.py:3954} INFO - Setting next_dagrun for example_local_kubernetes_executor to None, run_after=None
[2026-06-02T04:15:13.469+0000] {processor.py:183} INFO - Processing /home/airflow/.local/lib/python3.12/site-packages/airflow/example_dags/example_local_kubernetes_executor.py took 0.066 seconds
[2026-06-02T04:15:43.925+0000] {processor.py:161} INFO - Started process (PID=26603) to work on /home/airflow/.local/lib/python3.12/site-packages/airflow/example_dags/example_local_kubernetes_executor.py
[2026-06-02T04:15:43.926+0000] {processor.py:830} INFO - Processing file /home/airflow/.local/lib/python3.12/site-packages/airflow/example_dags/example_local_kubernetes_executor.py for tasks to queue
[2026-06-02T04:15:43.928+0000] {logging_mixin.py:188} INFO - [2026-06-02T04:15:43.927+0000] {dagbag.py:540} INFO - Filling up the DagBag from /home/airflow/.local/lib/python3.12/site-packages/airflow/example_dags/example_local_kubernetes_executor.py
[2026-06-02T04:15:43.934+0000] {processor.py:840} INFO - DAG(s) 'example_local_kubernetes_executor' retrieved from /home/airflow/.local/lib/python3.12/site-packages/airflow/example_dags/example_local_kubernetes_executor.py
[2026-06-02T04:15:43.961+0000] {logging_mixin.py:188} INFO - [2026-06-02T04:15:43.960+0000] {dag.py:3096} INFO - Sync 1 DAGs
[2026-06-02T04:15:43.970+0000] {logging_mixin.py:188} INFO - [2026-06-02T04:15:43.970+0000] {dag.py:3954} INFO - Setting next_dagrun for example_local_kubernetes_executor to None, run_after=None
[2026-06-02T04:15:43.986+0000] {processor.py:183} INFO - Processing /home/airflow/.local/lib/python3.12/site-packages/airflow/example_dags/example_local_kubernetes_executor.py took 0.066 seconds
[2026-06-02T04:16:14.684+0000] {processor.py:161} INFO - Started process (PID=26662) to work on /home/airflow/.local/lib/python3.12/site-packages/airflow/example_dags/example_local_kubernetes_executor.py
[2026-06-02T04:16:14.685+0000] {processor.py:830} INFO - Processing file /home/airflow/.local/lib/python3.12/site-packages/airflow/example_dags/example_local_kubernetes_executor.py for tasks to queue
[2026-06-02T04:16:14.686+0000] {logging_mixin.py:188} INFO - [2026-06-02T04:16:14.686+0000] {dagbag.py:540} INFO - Filling up the DagBag from /home/airflow/.local/lib/python3.12/site-packages/airflow/example_dags/example_local_kubernetes_executor.py
[2026-06-02T04:16:14.693+0000] {processor.py:840} INFO - DAG(s) 'example_local_kubernetes_executor' retrieved from /home/airflow/.local/lib/python3.12/site-packages/airflow/example_dags/example_local_kubernetes_executor.py
[2026-06-02T04:16:14.719+0000] {logging_mixin.py:188} INFO - [2026-06-02T04:16:14.719+0000] {dag.py:3096} INFO - Sync 1 DAGs
[2026-06-02T04:16:14.730+0000] {logging_mixin.py:188} INFO - [2026-06-02T04:16:14.730+0000] {dag.py:3954} INFO - Setting next_dagrun for example_local_kubernetes_executor to None, run_after=None
[2026-06-02T04:16:14.747+0000] {processor.py:183} INFO - Processing /home/airflow/.local/lib/python3.12/site-packages/airflow/example_dags/example_local_kubernetes_executor.py took 0.068 seconds
[2026-06-02T04:16:45.300+0000] {processor.py:161} INFO - Started process (PID=26721) to work on /home/airflow/.local/lib/python3.12/site-packages/airflow/example_dags/example_local_kubernetes_executor.py
[2026-06-02T04:16:45.301+0000] {processor.py:830} INFO - Processing file /home/airflow/.local/lib/python3.12/site-packages/airflow/example_dags/example_local_kubernetes_executor.py for tasks to queue
[2026-06-02T04:16:45.304+0000] {logging_mixin.py:188} INFO - [2026-06-02T04:16:45.303+0000] {dagbag.py:540} INFO - Filling up the DagBag from /home/airflow/.local/lib/python3.12/site-packages/airflow/example_dags/example_local_kubernetes_executor.py
[2026-06-02T04:16:45.312+0000] {processor.py:840} INFO - DAG(s) 'example_local_kubernetes_executor' retrieved from /home/airflow/.local/lib/python3.12/site-packages/airflow/example_dags/example_local_kubernetes_executor.py
[2026-06-02T04:16:45.343+0000] {logging_mixin.py:188} INFO - [2026-06-02T04:16:45.343+0000] {dag.py:3096} INFO - Sync 1 DAGs
[2026-06-02T04:16:45.356+0000] {logging_mixin.py:188} INFO - [2026-06-02T04:16:45.356+0000] {dag.py:3954} INFO - Setting next_dagrun for example_local_kubernetes_executor to None, run_after=None
[2026-06-02T04:16:45.377+0000] {processor.py:183} INFO - Processing /home/airflow/.local/lib/python3.12/site-packages/airflow/example_dags/example_local_kubernetes_executor.py took 0.082 seconds
[2026-06-02T04:17:15.910+0000] {processor.py:161} INFO - Started process (PID=26780) to work on /home/airflow/.local/lib/python3.12/site-packages/airflow/example_dags/example_local_kubernetes_executor.py
[2026-06-02T04:17:15.911+0000] {processor.py:830} INFO - Processing file /home/airflow/.local/lib/python3.12/site-packages/airflow/example_dags/example_local_kubernetes_executor.py for tasks to queue
[2026-06-02T04:17:15.913+0000] {logging_mixin.py:188} INFO - [2026-06-02T04:17:15.913+0000] {dagbag.py:540} INFO - Filling up the DagBag from /home/airflow/.local/lib/python3.12/site-packages/airflow/example_dags/example_local_kubernetes_executor.py
[2026-06-02T04:17:15.919+0000] {processor.py:840} INFO - DAG(s) 'example_local_kubernetes_executor' retrieved from /home/airflow/.local/lib/python3.12/site-packages/airflow/example_dags/example_local_kubernetes_executor.py
[2026-06-02T04:17:15.947+0000] {logging_mixin.py:188} INFO - [2026-06-02T04:17:15.947+0000] {dag.py:3096} INFO - Sync 1 DAGs
[2026-06-02T04:17:15.957+0000] {logging_mixin.py:188} INFO - [2026-06-02T04:17:15.957+0000] {dag.py:3954} INFO - Setting next_dagrun for example_local_kubernetes_executor to None, run_after=None
[2026-06-02T04:17:15.972+0000] {processor.py:183} INFO - Processing /home/airflow/.local/lib/python3.12/site-packages/airflow/example_dags/example_local_kubernetes_executor.py took 0.067 seconds
[2026-06-02T04:17:46.029+0000] {processor.py:161} INFO - Started process (PID=26839) to work on /home/airflow/.local/lib/python3.12/site-packages/airflow/example_dags/example_local_kubernetes_executor.py
[2026-06-02T04:17:46.030+0000] {processor.py:830} INFO - Processing file /home/airflow/.local/lib/python3.12/site-packages/airflow/example_dags/example_local_kubernetes_executor.py for tasks to queue
[2026-06-02T04:17:46.032+0000] {logging_mixin.py:188} INFO - [2026-06-02T04:17:46.032+0000] {dagbag.py:540} INFO - Filling up the DagBag from /home/airflow/.local/lib/python3.12/site-packages/airflow/example_dags/example_local_kubernetes_executor.py
[2026-06-02T04:17:46.039+0000] {processor.py:840} INFO - DAG(s) 'example_local_kubernetes_executor' retrieved from /home/airflow/.local/lib/python3.12/site-packages/airflow/example_dags/example_local_kubernetes_executor.py
[2026-06-02T04:17:46.065+0000] {logging_mixin.py:188} INFO - [2026-06-02T04:17:46.065+0000] {dag.py:3096} INFO - Sync 1 DAGs
[2026-06-02T04:17:46.076+0000] {logging_mixin.py:188} INFO - [2026-06-02T04:17:46.076+0000] {dag.py:3954} INFO - Setting next_dagrun for example_local_kubernetes_executor to None, run_after=None
[2026-06-02T04:17:46.092+0000] {processor.py:183} INFO - Processing /home/airflow/.local/lib/python3.12/site-packages/airflow/example_dags/example_local_kubernetes_executor.py took 0.067 seconds
[2026-06-02T04:18:16.777+0000] {processor.py:161} INFO - Started process (PID=26898) to work on /home/airflow/.local/lib/python3.12/site-packages/airflow/example_dags/example_local_kubernetes_executor.py
[2026-06-02T04:18:16.778+0000] {processor.py:830} INFO - Processing file /home/airflow/.local/lib/python3.12/site-packages/airflow/example_dags/example_local_kubernetes_executor.py for tasks to queue
[2026-06-02T04:18:16.780+0000] {logging_mixin.py:188} INFO - [2026-06-02T04:18:16.780+0000] {dagbag.py:540} INFO - Filling up the DagBag from /home/airflow/.local/lib/python3.12/site-packages/airflow/example_dags/example_local_kubernetes_executor.py
[2026-06-02T04:18:16.786+0000] {processor.py:840} INFO - DAG(s) 'example_local_kubernetes_executor' retrieved from /home/airflow/.local/lib/python3.12/site-packages/airflow/example_dags/example_local_kubernetes_executor.py
[2026-06-02T04:18:16.813+0000] {logging_mixin.py:188} INFO - [2026-06-02T04:18:16.813+0000] {dag.py:3096} INFO - Sync 1 DAGs
[2026-06-02T04:18:16.825+0000] {logging_mixin.py:188} INFO - [2026-06-02T04:18:16.825+0000] {dag.py:3954} INFO - Setting next_dagrun for example_local_kubernetes_executor to None, run_after=None
[2026-06-02T04:18:16.841+0000] {processor.py:183} INFO - Processing /home/airflow/.local/lib/python3.12/site-packages/airflow/example_dags/example_local_kubernetes_executor.py took 0.069 seconds
[2026-06-02T04:18:47.032+0000] {processor.py:161} INFO - Started process (PID=26957) to work on /home/airflow/.local/lib/python3.12/site-packages/airflow/example_dags/example_local_kubernetes_executor.py
[2026-06-02T04:18:47.033+0000] {processor.py:830} INFO - Processing file /home/airflow/.local/lib/python3.12/site-packages/airflow/example_dags/example_local_kubernetes_executor.py for tasks to queue
[2026-06-02T04:18:47.035+0000] {logging_mixin.py:188} INFO - [2026-06-02T04:18:47.035+0000] {dagbag.py:540} INFO - Filling up the DagBag from /home/airflow/.local/lib/python3.12/site-packages/airflow/example_dags/example_local_kubernetes_executor.py
[2026-06-02T04:18:47.042+0000] {processor.py:840} INFO - DAG(s) 'example_local_kubernetes_executor' retrieved from /home/airflow/.local/lib/python3.12/site-packages/airflow/example_dags/example_local_kubernetes_executor.py
[2026-06-02T04:18:47.069+0000] {logging_mixin.py:188} INFO - [2026-06-02T04:18:47.068+0000] {dag.py:3096} INFO - Sync 1 DAGs
[2026-06-02T04:18:47.081+0000] {logging_mixin.py:188} INFO - [2026-06-02T04:18:47.081+0000] {dag.py:3954} INFO - Setting next_dagrun for example_local_kubernetes_executor to None, run_after=None
[2026-06-02T04:18:47.095+0000] {processor.py:183} INFO - Processing /home/airflow/.local/lib/python3.12/site-packages/airflow/example_dags/example_local_kubernetes_executor.py took 0.068 seconds
[2026-06-02T04:19:17.740+0000] {processor.py:161} INFO - Started process (PID=27016) to work on /home/airflow/.local/lib/python3.12/site-packages/airflow/example_dags/example_local_kubernetes_executor.py
[2026-06-02T04:19:17.741+0000] {processor.py:830} INFO - Processing file /home/airflow/.local/lib/python3.12/site-packages/airflow/example_dags/example_local_kubernetes_executor.py for tasks to queue
[2026-06-02T04:19:17.743+0000] {logging_mixin.py:188} INFO - [2026-06-02T04:19:17.743+0000] {dagbag.py:540} INFO - Filling up the DagBag from /home/airflow/.local/lib/python3.12/site-packages/airflow/example_dags/example_local_kubernetes_executor.py
[2026-06-02T04:19:17.751+0000] {processor.py:840} INFO - DAG(s) 'example_local_kubernetes_executor' retrieved from /home/airflow/.local/lib/python3.12/site-packages/airflow/example_dags/example_local_kubernetes_executor.py
[2026-06-02T04:19:17.780+0000] {logging_mixin.py:188} INFO - [2026-06-02T04:19:17.780+0000] {dag.py:3096} INFO - Sync 1 DAGs
[2026-06-02T04:19:17.790+0000] {logging_mixin.py:188} INFO - [2026-06-02T04:19:17.789+0000] {dag.py:3954} INFO - Setting next_dagrun for example_local_kubernetes_executor to None, run_after=None
[2026-06-02T04:19:17.806+0000] {processor.py:183} INFO - Processing /home/airflow/.local/lib/python3.12/site-packages/airflow/example_dags/example_local_kubernetes_executor.py took 0.071 seconds
[2026-06-02T04:19:47.885+0000] {processor.py:161} INFO - Started process (PID=27075) to work on /home/airflow/.local/lib/python3.12/site-packages/airflow/example_dags/example_local_kubernetes_executor.py
[2026-06-02T04:19:47.886+0000] {processor.py:830} INFO - Processing file /home/airflow/.local/lib/python3.12/site-packages/airflow/example_dags/example_local_kubernetes_executor.py for tasks to queue
[2026-06-02T04:19:47.888+0000] {logging_mixin.py:188} INFO - [2026-06-02T04:19:47.888+0000] {dagbag.py:540} INFO - Filling up the DagBag from /home/airflow/.local/lib/python3.12/site-packages/airflow/example_dags/example_local_kubernetes_executor.py
[2026-06-02T04:19:47.895+0000] {processor.py:840} INFO - DAG(s) 'example_local_kubernetes_executor' retrieved from /home/airflow/.local/lib/python3.12/site-packages/airflow/example_dags/example_local_kubernetes_executor.py
[2026-06-02T04:19:47.924+0000] {logging_mixin.py:188} INFO - [2026-06-02T04:19:47.924+0000] {dag.py:3096} INFO - Sync 1 DAGs
[2026-06-02T04:19:47.935+0000] {logging_mixin.py:188} INFO - [2026-06-02T04:19:47.935+0000] {dag.py:3954} INFO - Setting next_dagrun for example_local_kubernetes_executor to None, run_after=None
[2026-06-02T04:19:47.951+0000] {processor.py:183} INFO - Processing /home/airflow/.local/lib/python3.12/site-packages/airflow/example_dags/example_local_kubernetes_executor.py took 0.071 seconds
[2026-06-02T04:20:18.712+0000] {processor.py:161} INFO - Started process (PID=27134) to work on /home/airflow/.local/lib/python3.12/site-packages/airflow/example_dags/example_local_kubernetes_executor.py
[2026-06-02T04:20:18.714+0000] {processor.py:830} INFO - Processing file /home/airflow/.local/lib/python3.12/site-packages/airflow/example_dags/example_local_kubernetes_executor.py for tasks to queue
[2026-06-02T04:20:18.716+0000] {logging_mixin.py:188} INFO - [2026-06-02T04:20:18.715+0000] {dagbag.py:540} INFO - Filling up the DagBag from /home/airflow/.local/lib/python3.12/site-packages/airflow/example_dags/example_local_kubernetes_executor.py
[2026-06-02T04:20:18.722+0000] {processor.py:840} INFO - DAG(s) 'example_local_kubernetes_executor' retrieved from /home/airflow/.local/lib/python3.12/site-packages/airflow/example_dags/example_local_kubernetes_executor.py
[2026-06-02T04:20:18.752+0000] {logging_mixin.py:188} INFO - [2026-06-02T04:20:18.751+0000] {dag.py:3096} INFO - Sync 1 DAGs
[2026-06-02T04:20:18.761+0000] {logging_mixin.py:188} INFO - [2026-06-02T04:20:18.761+0000] {dag.py:3954} INFO - Setting next_dagrun for example_local_kubernetes_executor to None, run_after=None
[2026-06-02T04:20:18.776+0000] {processor.py:183} INFO - Processing /home/airflow/.local/lib/python3.12/site-packages/airflow/example_dags/example_local_kubernetes_executor.py took 0.068 seconds
[2026-06-02T04:20:49.243+0000] {processor.py:161} INFO - Started process (PID=27193) to work on /home/airflow/.local/lib/python3.12/site-packages/airflow/example_dags/example_local_kubernetes_executor.py
[2026-06-02T04:20:49.244+0000] {processor.py:830} INFO - Processing file /home/airflow/.local/lib/python3.12/site-packages/airflow/example_dags/example_local_kubernetes_executor.py for tasks to queue
[2026-06-02T04:20:49.247+0000] {logging_mixin.py:188} INFO - [2026-06-02T04:20:49.247+0000] {dagbag.py:540} INFO - Filling up the DagBag from /home/airflow/.local/lib/python3.12/site-packages/airflow/example_dags/example_local_kubernetes_executor.py
[2026-06-02T04:20:49.254+0000] {processor.py:840} INFO - DAG(s) 'example_local_kubernetes_executor' retrieved from /home/airflow/.local/lib/python3.12/site-packages/airflow/example_dags/example_local_kubernetes_executor.py
[2026-06-02T04:20:49.280+0000] {logging_mixin.py:188} INFO - [2026-06-02T04:20:49.280+0000] {dag.py:3096} INFO - Sync 1 DAGs
[2026-06-02T04:20:49.290+0000] {logging_mixin.py:188} INFO - [2026-06-02T04:20:49.290+0000] {dag.py:3954} INFO - Setting next_dagrun for example_local_kubernetes_executor to None, run_after=None
[2026-06-02T04:20:49.305+0000] {processor.py:183} INFO - Processing /home/airflow/.local/lib/python3.12/site-packages/airflow/example_dags/example_local_kubernetes_executor.py took 0.066 seconds
[2026-06-02T04:21:19.410+0000] {processor.py:161} INFO - Started process (PID=27252) to work on /home/airflow/.local/lib/python3.12/site-packages/airflow/example_dags/example_local_kubernetes_executor.py
[2026-06-02T04:21:19.411+0000] {processor.py:830} INFO - Processing file /home/airflow/.local/lib/python3.12/site-packages/airflow/example_dags/example_local_kubernetes_executor.py for tasks to queue
[2026-06-02T04:21:19.413+0000] {logging_mixin.py:188} INFO - [2026-06-02T04:21:19.413+0000] {dagbag.py:540} INFO - Filling up the DagBag from /home/airflow/.local/lib/python3.12/site-packages/airflow/example_dags/example_local_kubernetes_executor.py
[2026-06-02T04:21:19.420+0000] {processor.py:840} INFO - DAG(s) 'example_local_kubernetes_executor' retrieved from /home/airflow/.local/lib/python3.12/site-packages/airflow/example_dags/example_local_kubernetes_executor.py
[2026-06-02T04:21:19.446+0000] {logging_mixin.py:188} INFO - [2026-06-02T04:21:19.446+0000] {dag.py:3096} INFO - Sync 1 DAGs
[2026-06-02T04:21:19.457+0000] {logging_mixin.py:188} INFO - [2026-06-02T04:21:19.457+0000] {dag.py:3954} INFO - Setting next_dagrun for example_local_kubernetes_executor to None, run_after=None
[2026-06-02T04:21:19.472+0000] {processor.py:183} INFO - Processing /home/airflow/.local/lib/python3.12/site-packages/airflow/example_dags/example_local_kubernetes_executor.py took 0.067 seconds
[2026-06-02T04:21:49.681+0000] {processor.py:161} INFO - Started process (PID=27311) to work on /home/airflow/.local/lib/python3.12/site-packages/airflow/example_dags/example_local_kubernetes_executor.py
[2026-06-02T04:21:49.682+0000] {processor.py:830} INFO - Processing file /home/airflow/.local/lib/python3.12/site-packages/airflow/example_dags/example_local_kubernetes_executor.py for tasks to queue
[2026-06-02T04:21:49.684+0000] {logging_mixin.py:188} INFO - [2026-06-02T04:21:49.684+0000] {dagbag.py:540} INFO - Filling up the DagBag from /home/airflow/.local/lib/python3.12/site-packages/airflow/example_dags/example_local_kubernetes_executor.py
[2026-06-02T04:21:49.691+0000] {processor.py:840} INFO - DAG(s) 'example_local_kubernetes_executor' retrieved from /home/airflow/.local/lib/python3.12/site-packages/airflow/example_dags/example_local_kubernetes_executor.py
[2026-06-02T04:21:49.719+0000] {logging_mixin.py:188} INFO - [2026-06-02T04:21:49.719+0000] {dag.py:3096} INFO - Sync 1 DAGs
[2026-06-02T04:21:49.731+0000] {logging_mixin.py:188} INFO - [2026-06-02T04:21:49.731+0000] {dag.py:3954} INFO - Setting next_dagrun for example_local_kubernetes_executor to None, run_after=None
[2026-06-02T04:21:49.748+0000] {processor.py:183} INFO - Processing /home/airflow/.local/lib/python3.12/site-packages/airflow/example_dags/example_local_kubernetes_executor.py took 0.071 seconds
[2026-06-02T04:22:19.976+0000] {processor.py:161} INFO - Started process (PID=27370) to work on /home/airflow/.local/lib/python3.12/site-packages/airflow/example_dags/example_local_kubernetes_executor.py
[2026-06-02T04:22:19.977+0000] {processor.py:830} INFO - Processing file /home/airflow/.local/lib/python3.12/site-packages/airflow/example_dags/example_local_kubernetes_executor.py for tasks to queue
[2026-06-02T04:22:19.980+0000] {logging_mixin.py:188} INFO - [2026-06-02T04:22:19.979+0000] {dagbag.py:540} INFO - Filling up the DagBag from /home/airflow/.local/lib/python3.12/site-packages/airflow/example_dags/example_local_kubernetes_executor.py
[2026-06-02T04:22:19.986+0000] {processor.py:840} INFO - DAG(s) 'example_local_kubernetes_executor' retrieved from /home/airflow/.local/lib/python3.12/site-packages/airflow/example_dags/example_local_kubernetes_executor.py
[2026-06-02T04:22:20.014+0000] {logging_mixin.py:188} INFO - [2026-06-02T04:22:20.014+0000] {dag.py:3096} INFO - Sync 1 DAGs
[2026-06-02T04:22:20.024+0000] {logging_mixin.py:188} INFO - [2026-06-02T04:22:20.024+0000] {dag.py:3954} INFO - Setting next_dagrun for example_local_kubernetes_executor to None, run_after=None
[2026-06-02T04:22:20.040+0000] {processor.py:183} INFO - Processing /home/airflow/.local/lib/python3.12/site-packages/airflow/example_dags/example_local_kubernetes_executor.py took 0.070 seconds
[2026-06-02T04:22:50.124+0000] {processor.py:161} INFO - Started process (PID=27429) to work on /home/airflow/.local/lib/python3.12/site-packages/airflow/example_dags/example_local_kubernetes_executor.py
[2026-06-02T04:22:50.125+0000] {processor.py:830} INFO - Processing file /home/airflow/.local/lib/python3.12/site-packages/airflow/example_dags/example_local_kubernetes_executor.py for tasks to queue
[2026-06-02T04:22:50.127+0000] {logging_mixin.py:188} INFO - [2026-06-02T04:22:50.127+0000] {dagbag.py:540} INFO - Filling up the DagBag from /home/airflow/.local/lib/python3.12/site-packages/airflow/example_dags/example_local_kubernetes_executor.py
[2026-06-02T04:22:50.134+0000] {processor.py:840} INFO - DAG(s) 'example_local_kubernetes_executor' retrieved from /home/airflow/.local/lib/python3.12/site-packages/airflow/example_dags/example_local_kubernetes_executor.py
[2026-06-02T04:22:50.162+0000] {logging_mixin.py:188} INFO - [2026-06-02T04:22:50.162+0000] {dag.py:3096} INFO - Sync 1 DAGs
[2026-06-02T04:22:50.173+0000] {logging_mixin.py:188} INFO - [2026-06-02T04:22:50.173+0000] {dag.py:3954} INFO - Setting next_dagrun for example_local_kubernetes_executor to None, run_after=None
[2026-06-02T04:22:50.188+0000] {processor.py:183} INFO - Processing /home/airflow/.local/lib/python3.12/site-packages/airflow/example_dags/example_local_kubernetes_executor.py took 0.069 seconds
[2026-06-02T04:23:20.341+0000] {processor.py:161} INFO - Started process (PID=27488) to work on /home/airflow/.local/lib/python3.12/site-packages/airflow/example_dags/example_local_kubernetes_executor.py
[2026-06-02T04:23:20.343+0000] {processor.py:830} INFO - Processing file /home/airflow/.local/lib/python3.12/site-packages/airflow/example_dags/example_local_kubernetes_executor.py for tasks to queue
[2026-06-02T04:23:20.345+0000] {logging_mixin.py:188} INFO - [2026-06-02T04:23:20.345+0000] {dagbag.py:540} INFO - Filling up the DagBag from /home/airflow/.local/lib/python3.12/site-packages/airflow/example_dags/example_local_kubernetes_executor.py
[2026-06-02T04:23:20.352+0000] {processor.py:840} INFO - DAG(s) 'example_local_kubernetes_executor' retrieved from /home/airflow/.local/lib/python3.12/site-packages/airflow/example_dags/example_local_kubernetes_executor.py
[2026-06-02T04:23:20.379+0000] {logging_mixin.py:188} INFO - [2026-06-02T04:23:20.378+0000] {dag.py:3096} INFO - Sync 1 DAGs
[2026-06-02T04:23:20.389+0000] {logging_mixin.py:188} INFO - [2026-06-02T04:23:20.389+0000] {dag.py:3954} INFO - Setting next_dagrun for example_local_kubernetes_executor to None, run_after=None
[2026-06-02T04:23:20.404+0000] {processor.py:183} INFO - Processing /home/airflow/.local/lib/python3.12/site-packages/airflow/example_dags/example_local_kubernetes_executor.py took 0.068 seconds
[2026-06-02T04:23:50.852+0000] {processor.py:161} INFO - Started process (PID=27553) to work on /home/airflow/.local/lib/python3.12/site-packages/airflow/example_dags/example_local_kubernetes_executor.py
[2026-06-02T04:23:50.853+0000] {processor.py:830} INFO - Processing file /home/airflow/.local/lib/python3.12/site-packages/airflow/example_dags/example_local_kubernetes_executor.py for tasks to queue
[2026-06-02T04:23:50.855+0000] {logging_mixin.py:188} INFO - [2026-06-02T04:23:50.855+0000] {dagbag.py:540} INFO - Filling up the DagBag from /home/airflow/.local/lib/python3.12/site-packages/airflow/example_dags/example_local_kubernetes_executor.py
[2026-06-02T04:23:50.863+0000] {processor.py:840} INFO - DAG(s) 'example_local_kubernetes_executor' retrieved from /home/airflow/.local/lib/python3.12/site-packages/airflow/example_dags/example_local_kubernetes_executor.py
[2026-06-02T04:23:50.891+0000] {logging_mixin.py:188} INFO - [2026-06-02T04:23:50.891+0000] {dag.py:3096} INFO - Sync 1 DAGs
[2026-06-02T04:23:50.901+0000] {logging_mixin.py:188} INFO - [2026-06-02T04:23:50.901+0000] {dag.py:3954} INFO - Setting next_dagrun for example_local_kubernetes_executor to None, run_after=None
[2026-06-02T04:23:50.918+0000] {processor.py:183} INFO - Processing /home/airflow/.local/lib/python3.12/site-packages/airflow/example_dags/example_local_kubernetes_executor.py took 0.072 seconds
[2026-06-02T04:24:21.516+0000] {processor.py:161} INFO - Started process (PID=27612) to work on /home/airflow/.local/lib/python3.12/site-packages/airflow/example_dags/example_local_kubernetes_executor.py
[2026-06-02T04:24:21.517+0000] {processor.py:830} INFO - Processing file /home/airflow/.local/lib/python3.12/site-packages/airflow/example_dags/example_local_kubernetes_executor.py for tasks to queue
[2026-06-02T04:24:21.519+0000] {logging_mixin.py:188} INFO - [2026-06-02T04:24:21.519+0000] {dagbag.py:540} INFO - Filling up the DagBag from /home/airflow/.local/lib/python3.12/site-packages/airflow/example_dags/example_local_kubernetes_executor.py
[2026-06-02T04:24:21.525+0000] {processor.py:840} INFO - DAG(s) 'example_local_kubernetes_executor' retrieved from /home/airflow/.local/lib/python3.12/site-packages/airflow/example_dags/example_local_kubernetes_executor.py
[2026-06-02T04:24:21.553+0000] {logging_mixin.py:188} INFO - [2026-06-02T04:24:21.552+0000] {dag.py:3096} INFO - Sync 1 DAGs
[2026-06-02T04:24:21.563+0000] {logging_mixin.py:188} INFO - [2026-06-02T04:24:21.562+0000] {dag.py:3954} INFO - Setting next_dagrun for example_local_kubernetes_executor to None, run_after=None
[2026-06-02T04:24:21.578+0000] {processor.py:183} INFO - Processing /home/airflow/.local/lib/python3.12/site-packages/airflow/example_dags/example_local_kubernetes_executor.py took 0.068 seconds
[2026-06-02T04:24:52.027+0000] {processor.py:161} INFO - Started process (PID=27671) to work on /home/airflow/.local/lib/python3.12/site-packages/airflow/example_dags/example_local_kubernetes_executor.py
[2026-06-02T04:24:52.028+0000] {processor.py:830} INFO - Processing file /home/airflow/.local/lib/python3.12/site-packages/airflow/example_dags/example_local_kubernetes_executor.py for tasks to queue
[2026-06-02T04:24:52.030+0000] {logging_mixin.py:188} INFO - [2026-06-02T04:24:52.030+0000] {dagbag.py:540} INFO - Filling up the DagBag from /home/airflow/.local/lib/python3.12/site-packages/airflow/example_dags/example_local_kubernetes_executor.py
[2026-06-02T04:24:52.037+0000] {processor.py:840} INFO - DAG(s) 'example_local_kubernetes_executor' retrieved from /home/airflow/.local/lib/python3.12/site-packages/airflow/example_dags/example_local_kubernetes_executor.py
[2026-06-02T04:24:52.064+0000] {logging_mixin.py:188} INFO - [2026-06-02T04:24:52.064+0000] {dag.py:3096} INFO - Sync 1 DAGs
[2026-06-02T04:24:52.075+0000] {logging_mixin.py:188} INFO - [2026-06-02T04:24:52.074+0000] {dag.py:3954} INFO - Setting next_dagrun for example_local_kubernetes_executor to None, run_after=None
[2026-06-02T04:24:52.091+0000] {processor.py:183} INFO - Processing /home/airflow/.local/lib/python3.12/site-packages/airflow/example_dags/example_local_kubernetes_executor.py took 0.069 seconds
[2026-06-02T04:25:22.374+0000] {processor.py:161} INFO - Started process (PID=27730) to work on /home/airflow/.local/lib/python3.12/site-packages/airflow/example_dags/example_local_kubernetes_executor.py
[2026-06-02T04:25:22.375+0000] {processor.py:830} INFO - Processing file /home/airflow/.local/lib/python3.12/site-packages/airflow/example_dags/example_local_kubernetes_executor.py for tasks to queue
[2026-06-02T04:25:22.377+0000] {logging_mixin.py:188} INFO - [2026-06-02T04:25:22.377+0000] {dagbag.py:540} INFO - Filling up the DagBag from /home/airflow/.local/lib/python3.12/site-packages/airflow/example_dags/example_local_kubernetes_executor.py
[2026-06-02T04:25:22.384+0000] {processor.py:840} INFO - DAG(s) 'example_local_kubernetes_executor' retrieved from /home/airflow/.local/lib/python3.12/site-packages/airflow/example_dags/example_local_kubernetes_executor.py
[2026-06-02T04:25:22.410+0000] {logging_mixin.py:188} INFO - [2026-06-02T04:25:22.410+0000] {dag.py:3096} INFO - Sync 1 DAGs
[2026-06-02T04:25:22.422+0000] {logging_mixin.py:188} INFO - [2026-06-02T04:25:22.422+0000] {dag.py:3954} INFO - Setting next_dagrun for example_local_kubernetes_executor to None, run_after=None
[2026-06-02T04:25:22.437+0000] {processor.py:183} INFO - Processing /home/airflow/.local/lib/python3.12/site-packages/airflow/example_dags/example_local_kubernetes_executor.py took 0.067 seconds
[2026-06-02T04:25:52.903+0000] {processor.py:161} INFO - Started process (PID=27789) to work on /home/airflow/.local/lib/python3.12/site-packages/airflow/example_dags/example_local_kubernetes_executor.py
[2026-06-02T04:25:52.904+0000] {processor.py:830} INFO - Processing file /home/airflow/.local/lib/python3.12/site-packages/airflow/example_dags/example_local_kubernetes_executor.py for tasks to queue
[2026-06-02T04:25:52.906+0000] {logging_mixin.py:188} INFO - [2026-06-02T04:25:52.905+0000] {dagbag.py:540} INFO - Filling up the DagBag from /home/airflow/.local/lib/python3.12/site-packages/airflow/example_dags/example_local_kubernetes_executor.py
[2026-06-02T04:25:52.912+0000] {processor.py:840} INFO - DAG(s) 'example_local_kubernetes_executor' retrieved from /home/airflow/.local/lib/python3.12/site-packages/airflow/example_dags/example_local_kubernetes_executor.py
[2026-06-02T04:25:52.939+0000] {logging_mixin.py:188} INFO - [2026-06-02T04:25:52.939+0000] {dag.py:3096} INFO - Sync 1 DAGs
[2026-06-02T04:25:52.950+0000] {logging_mixin.py:188} INFO - [2026-06-02T04:25:52.949+0000] {dag.py:3954} INFO - Setting next_dagrun for example_local_kubernetes_executor to None, run_after=None
[2026-06-02T04:25:52.964+0000] {processor.py:183} INFO - Processing /home/airflow/.local/lib/python3.12/site-packages/airflow/example_dags/example_local_kubernetes_executor.py took 0.067 seconds
[2026-06-02T04:26:23.404+0000] {processor.py:161} INFO - Started process (PID=27848) to work on /home/airflow/.local/lib/python3.12/site-packages/airflow/example_dags/example_local_kubernetes_executor.py
[2026-06-02T04:26:23.405+0000] {processor.py:830} INFO - Processing file /home/airflow/.local/lib/python3.12/site-packages/airflow/example_dags/example_local_kubernetes_executor.py for tasks to queue
[2026-06-02T04:26:23.407+0000] {logging_mixin.py:188} INFO - [2026-06-02T04:26:23.407+0000] {dagbag.py:540} INFO - Filling up the DagBag from /home/airflow/.local/lib/python3.12/site-packages/airflow/example_dags/example_local_kubernetes_executor.py
[2026-06-02T04:26:23.414+0000] {processor.py:840} INFO - DAG(s) 'example_local_kubernetes_executor' retrieved from /home/airflow/.local/lib/python3.12/site-packages/airflow/example_dags/example_local_kubernetes_executor.py
[2026-06-02T04:26:23.441+0000] {logging_mixin.py:188} INFO - [2026-06-02T04:26:23.440+0000] {dag.py:3096} INFO - Sync 1 DAGs
[2026-06-02T04:26:23.451+0000] {logging_mixin.py:188} INFO - [2026-06-02T04:26:23.451+0000] {dag.py:3954} INFO - Setting next_dagrun for example_local_kubernetes_executor to None, run_after=None
[2026-06-02T04:26:23.466+0000] {processor.py:183} INFO - Processing /home/airflow/.local/lib/python3.12/site-packages/airflow/example_dags/example_local_kubernetes_executor.py took 0.067 seconds
[2026-06-02T04:26:53.918+0000] {processor.py:161} INFO - Started process (PID=27907) to work on /home/airflow/.local/lib/python3.12/site-packages/airflow/example_dags/example_local_kubernetes_executor.py
[2026-06-02T04:26:53.919+0000] {processor.py:830} INFO - Processing file /home/airflow/.local/lib/python3.12/site-packages/airflow/example_dags/example_local_kubernetes_executor.py for tasks to queue
[2026-06-02T04:26:53.921+0000] {logging_mixin.py:188} INFO - [2026-06-02T04:26:53.920+0000] {dagbag.py:540} INFO - Filling up the DagBag from /home/airflow/.local/lib/python3.12/site-packages/airflow/example_dags/example_local_kubernetes_executor.py
[2026-06-02T04:26:53.927+0000] {processor.py:840} INFO - DAG(s) 'example_local_kubernetes_executor' retrieved from /home/airflow/.local/lib/python3.12/site-packages/airflow/example_dags/example_local_kubernetes_executor.py
[2026-06-02T04:26:53.955+0000] {logging_mixin.py:188} INFO - [2026-06-02T04:26:53.954+0000] {dag.py:3096} INFO - Sync 1 DAGs
[2026-06-02T04:26:53.966+0000] {logging_mixin.py:188} INFO - [2026-06-02T04:26:53.966+0000] {dag.py:3954} INFO - Setting next_dagrun for example_local_kubernetes_executor to None, run_after=None
[2026-06-02T04:26:53.983+0000] {processor.py:183} INFO - Processing /home/airflow/.local/lib/python3.12/site-packages/airflow/example_dags/example_local_kubernetes_executor.py took 0.070 seconds
[2026-06-02T04:27:24.341+0000] {processor.py:161} INFO - Started process (PID=27966) to work on /home/airflow/.local/lib/python3.12/site-packages/airflow/example_dags/example_local_kubernetes_executor.py
[2026-06-02T04:27:24.342+0000] {processor.py:830} INFO - Processing file /home/airflow/.local/lib/python3.12/site-packages/airflow/example_dags/example_local_kubernetes_executor.py for tasks to queue
[2026-06-02T04:27:24.344+0000] {logging_mixin.py:188} INFO - [2026-06-02T04:27:24.344+0000] {dagbag.py:540} INFO - Filling up the DagBag from /home/airflow/.local/lib/python3.12/site-packages/airflow/example_dags/example_local_kubernetes_executor.py
[2026-06-02T04:27:24.351+0000] {processor.py:840} INFO - DAG(s) 'example_local_kubernetes_executor' retrieved from /home/airflow/.local/lib/python3.12/site-packages/airflow/example_dags/example_local_kubernetes_executor.py
[2026-06-02T04:27:24.379+0000] {logging_mixin.py:188} INFO - [2026-06-02T04:27:24.379+0000] {dag.py:3096} INFO - Sync 1 DAGs
[2026-06-02T04:27:24.390+0000] {logging_mixin.py:188} INFO - [2026-06-02T04:27:24.390+0000] {dag.py:3954} INFO - Setting next_dagrun for example_local_kubernetes_executor to None, run_after=None
[2026-06-02T04:27:24.405+0000] {processor.py:183} INFO - Processing /home/airflow/.local/lib/python3.12/site-packages/airflow/example_dags/example_local_kubernetes_executor.py took 0.070 seconds
[2026-06-02T04:27:55.051+0000] {processor.py:161} INFO - Started process (PID=28025) to work on /home/airflow/.local/lib/python3.12/site-packages/airflow/example_dags/example_local_kubernetes_executor.py
[2026-06-02T04:27:55.052+0000] {processor.py:830} INFO - Processing file /home/airflow/.local/lib/python3.12/site-packages/airflow/example_dags/example_local_kubernetes_executor.py for tasks to queue
[2026-06-02T04:27:55.054+0000] {logging_mixin.py:188} INFO - [2026-06-02T04:27:55.053+0000] {dagbag.py:540} INFO - Filling up the DagBag from /home/airflow/.local/lib/python3.12/site-packages/airflow/example_dags/example_local_kubernetes_executor.py
[2026-06-02T04:27:55.060+0000] {processor.py:840} INFO - DAG(s) 'example_local_kubernetes_executor' retrieved from /home/airflow/.local/lib/python3.12/site-packages/airflow/example_dags/example_local_kubernetes_executor.py
[2026-06-02T04:27:55.086+0000] {logging_mixin.py:188} INFO - [2026-06-02T04:27:55.086+0000] {dag.py:3096} INFO - Sync 1 DAGs
[2026-06-02T04:27:55.096+0000] {logging_mixin.py:188} INFO - [2026-06-02T04:27:55.096+0000] {dag.py:3954} INFO - Setting next_dagrun for example_local_kubernetes_executor to None, run_after=None
[2026-06-02T04:27:55.112+0000] {processor.py:183} INFO - Processing /home/airflow/.local/lib/python3.12/site-packages/airflow/example_dags/example_local_kubernetes_executor.py took 0.066 seconds
[2026-06-02T04:28:25.652+0000] {processor.py:161} INFO - Started process (PID=28084) to work on /home/airflow/.local/lib/python3.12/site-packages/airflow/example_dags/example_local_kubernetes_executor.py
[2026-06-02T04:28:25.653+0000] {processor.py:830} INFO - Processing file /home/airflow/.local/lib/python3.12/site-packages/airflow/example_dags/example_local_kubernetes_executor.py for tasks to queue
[2026-06-02T04:28:25.655+0000] {logging_mixin.py:188} INFO - [2026-06-02T04:28:25.655+0000] {dagbag.py:540} INFO - Filling up the DagBag from /home/airflow/.local/lib/python3.12/site-packages/airflow/example_dags/example_local_kubernetes_executor.py
[2026-06-02T04:28:25.661+0000] {processor.py:840} INFO - DAG(s) 'example_local_kubernetes_executor' retrieved from /home/airflow/.local/lib/python3.12/site-packages/airflow/example_dags/example_local_kubernetes_executor.py
[2026-06-02T04:28:25.690+0000] {logging_mixin.py:188} INFO - [2026-06-02T04:28:25.689+0000] {dag.py:3096} INFO - Sync 1 DAGs
[2026-06-02T04:28:25.701+0000] {logging_mixin.py:188} INFO - [2026-06-02T04:28:25.700+0000] {dag.py:3954} INFO - Setting next_dagrun for example_local_kubernetes_executor to None, run_after=None
[2026-06-02T04:28:25.715+0000] {processor.py:183} INFO - Processing /home/airflow/.local/lib/python3.12/site-packages/airflow/example_dags/example_local_kubernetes_executor.py took 0.068 seconds
[2026-06-02T04:28:56.151+0000] {processor.py:161} INFO - Started process (PID=28143) to work on /home/airflow/.local/lib/python3.12/site-packages/airflow/example_dags/example_local_kubernetes_executor.py
[2026-06-02T04:28:56.152+0000] {processor.py:830} INFO - Processing file /home/airflow/.local/lib/python3.12/site-packages/airflow/example_dags/example_local_kubernetes_executor.py for tasks to queue
[2026-06-02T04:28:56.154+0000] {logging_mixin.py:188} INFO - [2026-06-02T04:28:56.154+0000] {dagbag.py:540} INFO - Filling up the DagBag from /home/airflow/.local/lib/python3.12/site-packages/airflow/example_dags/example_local_kubernetes_executor.py
[2026-06-02T04:28:56.161+0000] {processor.py:840} INFO - DAG(s) 'example_local_kubernetes_executor' retrieved from /home/airflow/.local/lib/python3.12/site-packages/airflow/example_dags/example_local_kubernetes_executor.py
[2026-06-02T04:28:56.188+0000] {logging_mixin.py:188} INFO - [2026-06-02T04:28:56.188+0000] {dag.py:3096} INFO - Sync 1 DAGs
[2026-06-02T04:28:56.199+0000] {logging_mixin.py:188} INFO - [2026-06-02T04:28:56.199+0000] {dag.py:3954} INFO - Setting next_dagrun for example_local_kubernetes_executor to None, run_after=None
[2026-06-02T04:28:56.218+0000] {processor.py:183} INFO - Processing /home/airflow/.local/lib/python3.12/site-packages/airflow/example_dags/example_local_kubernetes_executor.py took 0.072 seconds
[2026-06-02T04:29:26.769+0000] {processor.py:161} INFO - Started process (PID=28202) to work on /home/airflow/.local/lib/python3.12/site-packages/airflow/example_dags/example_local_kubernetes_executor.py
[2026-06-02T04:29:26.770+0000] {processor.py:830} INFO - Processing file /home/airflow/.local/lib/python3.12/site-packages/airflow/example_dags/example_local_kubernetes_executor.py for tasks to queue
[2026-06-02T04:29:26.772+0000] {logging_mixin.py:188} INFO - [2026-06-02T04:29:26.772+0000] {dagbag.py:540} INFO - Filling up the DagBag from /home/airflow/.local/lib/python3.12/site-packages/airflow/example_dags/example_local_kubernetes_executor.py
[2026-06-02T04:29:26.779+0000] {processor.py:840} INFO - DAG(s) 'example_local_kubernetes_executor' retrieved from /home/airflow/.local/lib/python3.12/site-packages/airflow/example_dags/example_local_kubernetes_executor.py
[2026-06-02T04:29:26.805+0000] {logging_mixin.py:188} INFO - [2026-06-02T04:29:26.805+0000] {dag.py:3096} INFO - Sync 1 DAGs
[2026-06-02T04:29:26.816+0000] {logging_mixin.py:188} INFO - [2026-06-02T04:29:26.816+0000] {dag.py:3954} INFO - Setting next_dagrun for example_local_kubernetes_executor to None, run_after=None
[2026-06-02T04:29:26.831+0000] {processor.py:183} INFO - Processing /home/airflow/.local/lib/python3.12/site-packages/airflow/example_dags/example_local_kubernetes_executor.py took 0.066 seconds
[2026-06-02T04:29:57.028+0000] {processor.py:161} INFO - Started process (PID=28261) to work on /home/airflow/.local/lib/python3.12/site-packages/airflow/example_dags/example_local_kubernetes_executor.py
[2026-06-02T04:29:57.029+0000] {processor.py:830} INFO - Processing file /home/airflow/.local/lib/python3.12/site-packages/airflow/example_dags/example_local_kubernetes_executor.py for tasks to queue
[2026-06-02T04:29:57.031+0000] {logging_mixin.py:188} INFO - [2026-06-02T04:29:57.030+0000] {dagbag.py:540} INFO - Filling up the DagBag from /home/airflow/.local/lib/python3.12/site-packages/airflow/example_dags/example_local_kubernetes_executor.py
[2026-06-02T04:29:57.040+0000] {processor.py:840} INFO - DAG(s) 'example_local_kubernetes_executor' retrieved from /home/airflow/.local/lib/python3.12/site-packages/airflow/example_dags/example_local_kubernetes_executor.py
[2026-06-02T04:29:57.066+0000] {logging_mixin.py:188} INFO - [2026-06-02T04:29:57.066+0000] {dag.py:3096} INFO - Sync 1 DAGs
[2026-06-02T04:29:57.078+0000] {logging_mixin.py:188} INFO - [2026-06-02T04:29:57.078+0000] {dag.py:3954} INFO - Setting next_dagrun for example_local_kubernetes_executor to None, run_after=None
[2026-06-02T04:29:57.096+0000] {processor.py:183} INFO - Processing /home/airflow/.local/lib/python3.12/site-packages/airflow/example_dags/example_local_kubernetes_executor.py took 0.073 seconds
[2026-06-02T04:30:27.646+0000] {processor.py:161} INFO - Started process (PID=28320) to work on /home/airflow/.local/lib/python3.12/site-packages/airflow/example_dags/example_local_kubernetes_executor.py
[2026-06-02T04:30:27.648+0000] {processor.py:830} INFO - Processing file /home/airflow/.local/lib/python3.12/site-packages/airflow/example_dags/example_local_kubernetes_executor.py for tasks to queue
[2026-06-02T04:30:27.650+0000] {logging_mixin.py:188} INFO - [2026-06-02T04:30:27.650+0000] {dagbag.py:540} INFO - Filling up the DagBag from /home/airflow/.local/lib/python3.12/site-packages/airflow/example_dags/example_local_kubernetes_executor.py
[2026-06-02T04:30:27.657+0000] {processor.py:840} INFO - DAG(s) 'example_local_kubernetes_executor' retrieved from /home/airflow/.local/lib/python3.12/site-packages/airflow/example_dags/example_local_kubernetes_executor.py
[2026-06-02T04:30:27.687+0000] {logging_mixin.py:188} INFO - [2026-06-02T04:30:27.686+0000] {dag.py:3096} INFO - Sync 1 DAGs
[2026-06-02T04:30:27.698+0000] {logging_mixin.py:188} INFO - [2026-06-02T04:30:27.697+0000] {dag.py:3954} INFO - Setting next_dagrun for example_local_kubernetes_executor to None, run_after=None
[2026-06-02T04:30:27.713+0000] {processor.py:183} INFO - Processing /home/airflow/.local/lib/python3.12/site-packages/airflow/example_dags/example_local_kubernetes_executor.py took 0.072 seconds
[2026-06-02T04:30:58.149+0000] {processor.py:161} INFO - Started process (PID=28379) to work on /home/airflow/.local/lib/python3.12/site-packages/airflow/example_dags/example_local_kubernetes_executor.py
[2026-06-02T04:30:58.150+0000] {processor.py:830} INFO - Processing file /home/airflow/.local/lib/python3.12/site-packages/airflow/example_dags/example_local_kubernetes_executor.py for tasks to queue
[2026-06-02T04:30:58.152+0000] {logging_mixin.py:188} INFO - [2026-06-02T04:30:58.152+0000] {dagbag.py:540} INFO - Filling up the DagBag from /home/airflow/.local/lib/python3.12/site-packages/airflow/example_dags/example_local_kubernetes_executor.py
[2026-06-02T04:30:58.161+0000] {processor.py:840} INFO - DAG(s) 'example_local_kubernetes_executor' retrieved from /home/airflow/.local/lib/python3.12/site-packages/airflow/example_dags/example_local_kubernetes_executor.py
[2026-06-02T04:30:58.187+0000] {logging_mixin.py:188} INFO - [2026-06-02T04:30:58.187+0000] {dag.py:3096} INFO - Sync 1 DAGs
[2026-06-02T04:30:58.198+0000] {logging_mixin.py:188} INFO - [2026-06-02T04:30:58.197+0000] {dag.py:3954} INFO - Setting next_dagrun for example_local_kubernetes_executor to None, run_after=None
[2026-06-02T04:30:58.215+0000] {processor.py:183} INFO - Processing /home/airflow/.local/lib/python3.12/site-packages/airflow/example_dags/example_local_kubernetes_executor.py took 0.071 seconds
[2026-06-02T04:31:28.656+0000] {processor.py:161} INFO - Started process (PID=28438) to work on /home/airflow/.local/lib/python3.12/site-packages/airflow/example_dags/example_local_kubernetes_executor.py
[2026-06-02T04:31:28.657+0000] {processor.py:830} INFO - Processing file /home/airflow/.local/lib/python3.12/site-packages/airflow/example_dags/example_local_kubernetes_executor.py for tasks to queue
[2026-06-02T04:31:28.659+0000] {logging_mixin.py:188} INFO - [2026-06-02T04:31:28.659+0000] {dagbag.py:540} INFO - Filling up the DagBag from /home/airflow/.local/lib/python3.12/site-packages/airflow/example_dags/example_local_kubernetes_executor.py
[2026-06-02T04:31:28.666+0000] {processor.py:840} INFO - DAG(s) 'example_local_kubernetes_executor' retrieved from /home/airflow/.local/lib/python3.12/site-packages/airflow/example_dags/example_local_kubernetes_executor.py
[2026-06-02T04:31:28.694+0000] {logging_mixin.py:188} INFO - [2026-06-02T04:31:28.694+0000] {dag.py:3096} INFO - Sync 1 DAGs
[2026-06-02T04:31:28.707+0000] {logging_mixin.py:188} INFO - [2026-06-02T04:31:28.707+0000] {dag.py:3954} INFO - Setting next_dagrun for example_local_kubernetes_executor to None, run_after=None
[2026-06-02T04:31:28.723+0000] {processor.py:183} INFO - Processing /home/airflow/.local/lib/python3.12/site-packages/airflow/example_dags/example_local_kubernetes_executor.py took 0.072 seconds
[2026-06-02T04:31:59.051+0000] {processor.py:161} INFO - Started process (PID=28497) to work on /home/airflow/.local/lib/python3.12/site-packages/airflow/example_dags/example_local_kubernetes_executor.py
[2026-06-02T04:31:59.052+0000] {processor.py:830} INFO - Processing file /home/airflow/.local/lib/python3.12/site-packages/airflow/example_dags/example_local_kubernetes_executor.py for tasks to queue
[2026-06-02T04:31:59.054+0000] {logging_mixin.py:188} INFO - [2026-06-02T04:31:59.054+0000] {dagbag.py:540} INFO - Filling up the DagBag from /home/airflow/.local/lib/python3.12/site-packages/airflow/example_dags/example_local_kubernetes_executor.py
[2026-06-02T04:31:59.061+0000] {processor.py:840} INFO - DAG(s) 'example_local_kubernetes_executor' retrieved from /home/airflow/.local/lib/python3.12/site-packages/airflow/example_dags/example_local_kubernetes_executor.py
[2026-06-02T04:31:59.086+0000] {logging_mixin.py:188} INFO - [2026-06-02T04:31:59.086+0000] {dag.py:3096} INFO - Sync 1 DAGs
[2026-06-02T04:31:59.098+0000] {logging_mixin.py:188} INFO - [2026-06-02T04:31:59.098+0000] {dag.py:3954} INFO - Setting next_dagrun for example_local_kubernetes_executor to None, run_after=None
[2026-06-02T04:31:59.113+0000] {processor.py:183} INFO - Processing /home/airflow/.local/lib/python3.12/site-packages/airflow/example_dags/example_local_kubernetes_executor.py took 0.066 seconds
[2026-06-02T04:32:29.572+0000] {processor.py:161} INFO - Started process (PID=28556) to work on /home/airflow/.local/lib/python3.12/site-packages/airflow/example_dags/example_local_kubernetes_executor.py
[2026-06-02T04:32:29.573+0000] {processor.py:830} INFO - Processing file /home/airflow/.local/lib/python3.12/site-packages/airflow/example_dags/example_local_kubernetes_executor.py for tasks to queue
[2026-06-02T04:32:29.575+0000] {logging_mixin.py:188} INFO - [2026-06-02T04:32:29.575+0000] {dagbag.py:540} INFO - Filling up the DagBag from /home/airflow/.local/lib/python3.12/site-packages/airflow/example_dags/example_local_kubernetes_executor.py
[2026-06-02T04:32:29.581+0000] {processor.py:840} INFO - DAG(s) 'example_local_kubernetes_executor' retrieved from /home/airflow/.local/lib/python3.12/site-packages/airflow/example_dags/example_local_kubernetes_executor.py
[2026-06-02T04:32:29.610+0000] {logging_mixin.py:188} INFO - [2026-06-02T04:32:29.610+0000] {dag.py:3096} INFO - Sync 1 DAGs
[2026-06-02T04:32:29.620+0000] {logging_mixin.py:188} INFO - [2026-06-02T04:32:29.620+0000] {dag.py:3954} INFO - Setting next_dagrun for example_local_kubernetes_executor to None, run_after=None
[2026-06-02T04:32:29.635+0000] {processor.py:183} INFO - Processing /home/airflow/.local/lib/python3.12/site-packages/airflow/example_dags/example_local_kubernetes_executor.py took 0.068 seconds
[2026-06-02T04:32:59.968+0000] {processor.py:161} INFO - Started process (PID=28615) to work on /home/airflow/.local/lib/python3.12/site-packages/airflow/example_dags/example_local_kubernetes_executor.py
[2026-06-02T04:32:59.969+0000] {processor.py:830} INFO - Processing file /home/airflow/.local/lib/python3.12/site-packages/airflow/example_dags/example_local_kubernetes_executor.py for tasks to queue
[2026-06-02T04:32:59.971+0000] {logging_mixin.py:188} INFO - [2026-06-02T04:32:59.971+0000] {dagbag.py:540} INFO - Filling up the DagBag from /home/airflow/.local/lib/python3.12/site-packages/airflow/example_dags/example_local_kubernetes_executor.py
[2026-06-02T04:32:59.978+0000] {processor.py:840} INFO - DAG(s) 'example_local_kubernetes_executor' retrieved from /home/airflow/.local/lib/python3.12/site-packages/airflow/example_dags/example_local_kubernetes_executor.py
[2026-06-02T04:33:00.004+0000] {logging_mixin.py:188} INFO - [2026-06-02T04:33:00.004+0000] {dag.py:3096} INFO - Sync 1 DAGs
[2026-06-02T04:33:00.017+0000] {logging_mixin.py:188} INFO - [2026-06-02T04:33:00.017+0000] {dag.py:3954} INFO - Setting next_dagrun for example_local_kubernetes_executor to None, run_after=None
[2026-06-02T04:33:00.035+0000] {processor.py:183} INFO - Processing /home/airflow/.local/lib/python3.12/site-packages/airflow/example_dags/example_local_kubernetes_executor.py took 0.072 seconds
[2026-06-02T04:33:30.610+0000] {processor.py:161} INFO - Started process (PID=28674) to work on /home/airflow/.local/lib/python3.12/site-packages/airflow/example_dags/example_local_kubernetes_executor.py
[2026-06-02T04:33:30.611+0000] {processor.py:830} INFO - Processing file /home/airflow/.local/lib/python3.12/site-packages/airflow/example_dags/example_local_kubernetes_executor.py for tasks to queue
[2026-06-02T04:33:30.613+0000] {logging_mixin.py:188} INFO - [2026-06-02T04:33:30.613+0000] {dagbag.py:540} INFO - Filling up the DagBag from /home/airflow/.local/lib/python3.12/site-packages/airflow/example_dags/example_local_kubernetes_executor.py
[2026-06-02T04:33:30.620+0000] {processor.py:840} INFO - DAG(s) 'example_local_kubernetes_executor' retrieved from /home/airflow/.local/lib/python3.12/site-packages/airflow/example_dags/example_local_kubernetes_executor.py
[2026-06-02T04:33:30.651+0000] {logging_mixin.py:188} INFO - [2026-06-02T04:33:30.650+0000] {dag.py:3096} INFO - Sync 1 DAGs
[2026-06-02T04:33:30.668+0000] {logging_mixin.py:188} INFO - [2026-06-02T04:33:30.668+0000] {dag.py:3954} INFO - Setting next_dagrun for example_local_kubernetes_executor to None, run_after=None
[2026-06-02T04:33:30.695+0000] {processor.py:183} INFO - Processing /home/airflow/.local/lib/python3.12/site-packages/airflow/example_dags/example_local_kubernetes_executor.py took 0.090 seconds
[2026-06-02T04:34:01.342+0000] {processor.py:161} INFO - Started process (PID=28733) to work on /home/airflow/.local/lib/python3.12/site-packages/airflow/example_dags/example_local_kubernetes_executor.py
[2026-06-02T04:34:01.343+0000] {processor.py:830} INFO - Processing file /home/airflow/.local/lib/python3.12/site-packages/airflow/example_dags/example_local_kubernetes_executor.py for tasks to queue
[2026-06-02T04:34:01.345+0000] {logging_mixin.py:188} INFO - [2026-06-02T04:34:01.345+0000] {dagbag.py:540} INFO - Filling up the DagBag from /home/airflow/.local/lib/python3.12/site-packages/airflow/example_dags/example_local_kubernetes_executor.py
[2026-06-02T04:34:01.352+0000] {processor.py:840} INFO - DAG(s) 'example_local_kubernetes_executor' retrieved from /home/airflow/.local/lib/python3.12/site-packages/airflow/example_dags/example_local_kubernetes_executor.py
[2026-06-02T04:34:01.379+0000] {logging_mixin.py:188} INFO - [2026-06-02T04:34:01.379+0000] {dag.py:3096} INFO - Sync 1 DAGs
[2026-06-02T04:34:01.390+0000] {logging_mixin.py:188} INFO - [2026-06-02T04:34:01.389+0000] {dag.py:3954} INFO - Setting next_dagrun for example_local_kubernetes_executor to None, run_after=None
[2026-06-02T04:34:01.405+0000] {processor.py:183} INFO - Processing /home/airflow/.local/lib/python3.12/site-packages/airflow/example_dags/example_local_kubernetes_executor.py took 0.069 seconds
[2026-06-02T04:34:31.497+0000] {processor.py:161} INFO - Started process (PID=28792) to work on /home/airflow/.local/lib/python3.12/site-packages/airflow/example_dags/example_local_kubernetes_executor.py
[2026-06-02T04:34:31.498+0000] {processor.py:830} INFO - Processing file /home/airflow/.local/lib/python3.12/site-packages/airflow/example_dags/example_local_kubernetes_executor.py for tasks to queue
[2026-06-02T04:34:31.500+0000] {logging_mixin.py:188} INFO - [2026-06-02T04:34:31.500+0000] {dagbag.py:540} INFO - Filling up the DagBag from /home/airflow/.local/lib/python3.12/site-packages/airflow/example_dags/example_local_kubernetes_executor.py
[2026-06-02T04:34:31.507+0000] {processor.py:840} INFO - DAG(s) 'example_local_kubernetes_executor' retrieved from /home/airflow/.local/lib/python3.12/site-packages/airflow/example_dags/example_local_kubernetes_executor.py
[2026-06-02T04:34:31.535+0000] {logging_mixin.py:188} INFO - [2026-06-02T04:34:31.535+0000] {dag.py:3096} INFO - Sync 1 DAGs
[2026-06-02T04:34:31.546+0000] {logging_mixin.py:188} INFO - [2026-06-02T04:34:31.546+0000] {dag.py:3954} INFO - Setting next_dagrun for example_local_kubernetes_executor to None, run_after=None
[2026-06-02T04:34:31.561+0000] {processor.py:183} INFO - Processing /home/airflow/.local/lib/python3.12/site-packages/airflow/example_dags/example_local_kubernetes_executor.py took 0.069 seconds
[2026-06-02T04:35:02.108+0000] {processor.py:161} INFO - Started process (PID=28851) to work on /home/airflow/.local/lib/python3.12/site-packages/airflow/example_dags/example_local_kubernetes_executor.py
[2026-06-02T04:35:02.110+0000] {processor.py:830} INFO - Processing file /home/airflow/.local/lib/python3.12/site-packages/airflow/example_dags/example_local_kubernetes_executor.py for tasks to queue
[2026-06-02T04:35:02.112+0000] {logging_mixin.py:188} INFO - [2026-06-02T04:35:02.111+0000] {dagbag.py:540} INFO - Filling up the DagBag from /home/airflow/.local/lib/python3.12/site-packages/airflow/example_dags/example_local_kubernetes_executor.py
[2026-06-02T04:35:02.120+0000] {processor.py:840} INFO - DAG(s) 'example_local_kubernetes_executor' retrieved from /home/airflow/.local/lib/python3.12/site-packages/airflow/example_dags/example_local_kubernetes_executor.py
[2026-06-02T04:35:02.150+0000] {logging_mixin.py:188} INFO - [2026-06-02T04:35:02.150+0000] {dag.py:3096} INFO - Sync 1 DAGs
[2026-06-02T04:35:02.164+0000] {logging_mixin.py:188} INFO - [2026-06-02T04:35:02.163+0000] {dag.py:3954} INFO - Setting next_dagrun for example_local_kubernetes_executor to None, run_after=None
[2026-06-02T04:35:02.179+0000] {processor.py:183} INFO - Processing /home/airflow/.local/lib/python3.12/site-packages/airflow/example_dags/example_local_kubernetes_executor.py took 0.079 seconds
[2026-06-02T04:35:32.549+0000] {processor.py:161} INFO - Started process (PID=28910) to work on /home/airflow/.local/lib/python3.12/site-packages/airflow/example_dags/example_local_kubernetes_executor.py
[2026-06-02T04:35:32.551+0000] {processor.py:830} INFO - Processing file /home/airflow/.local/lib/python3.12/site-packages/airflow/example_dags/example_local_kubernetes_executor.py for tasks to queue
[2026-06-02T04:35:32.553+0000] {logging_mixin.py:188} INFO - [2026-06-02T04:35:32.553+0000] {dagbag.py:540} INFO - Filling up the DagBag from /home/airflow/.local/lib/python3.12/site-packages/airflow/example_dags/example_local_kubernetes_executor.py
[2026-06-02T04:35:32.559+0000] {processor.py:840} INFO - DAG(s) 'example_local_kubernetes_executor' retrieved from /home/airflow/.local/lib/python3.12/site-packages/airflow/example_dags/example_local_kubernetes_executor.py
[2026-06-02T04:35:32.586+0000] {logging_mixin.py:188} INFO - [2026-06-02T04:35:32.586+0000] {dag.py:3096} INFO - Sync 1 DAGs
[2026-06-02T04:35:32.597+0000] {logging_mixin.py:188} INFO - [2026-06-02T04:35:32.597+0000] {dag.py:3954} INFO - Setting next_dagrun for example_local_kubernetes_executor to None, run_after=None
[2026-06-02T04:35:32.612+0000] {processor.py:183} INFO - Processing /home/airflow/.local/lib/python3.12/site-packages/airflow/example_dags/example_local_kubernetes_executor.py took 0.067 seconds
[2026-06-02T04:36:02.840+0000] {processor.py:161} INFO - Started process (PID=28969) to work on /home/airflow/.local/lib/python3.12/site-packages/airflow/example_dags/example_local_kubernetes_executor.py
[2026-06-02T04:36:02.841+0000] {processor.py:830} INFO - Processing file /home/airflow/.local/lib/python3.12/site-packages/airflow/example_dags/example_local_kubernetes_executor.py for tasks to queue
[2026-06-02T04:36:02.843+0000] {logging_mixin.py:188} INFO - [2026-06-02T04:36:02.842+0000] {dagbag.py:540} INFO - Filling up the DagBag from /home/airflow/.local/lib/python3.12/site-packages/airflow/example_dags/example_local_kubernetes_executor.py
[2026-06-02T04:36:02.849+0000] {processor.py:840} INFO - DAG(s) 'example_local_kubernetes_executor' retrieved from /home/airflow/.local/lib/python3.12/site-packages/airflow/example_dags/example_local_kubernetes_executor.py
[2026-06-02T04:36:02.876+0000] {logging_mixin.py:188} INFO - [2026-06-02T04:36:02.876+0000] {dag.py:3096} INFO - Sync 1 DAGs
[2026-06-02T04:36:02.887+0000] {logging_mixin.py:188} INFO - [2026-06-02T04:36:02.886+0000] {dag.py:3954} INFO - Setting next_dagrun for example_local_kubernetes_executor to None, run_after=None
[2026-06-02T04:36:02.903+0000] {processor.py:183} INFO - Processing /home/airflow/.local/lib/python3.12/site-packages/airflow/example_dags/example_local_kubernetes_executor.py took 0.068 seconds
[2026-06-02T04:36:33.116+0000] {processor.py:161} INFO - Started process (PID=29028) to work on /home/airflow/.local/lib/python3.12/site-packages/airflow/example_dags/example_local_kubernetes_executor.py
[2026-06-02T04:36:33.118+0000] {processor.py:830} INFO - Processing file /home/airflow/.local/lib/python3.12/site-packages/airflow/example_dags/example_local_kubernetes_executor.py for tasks to queue
[2026-06-02T04:36:33.119+0000] {logging_mixin.py:188} INFO - [2026-06-02T04:36:33.119+0000] {dagbag.py:540} INFO - Filling up the DagBag from /home/airflow/.local/lib/python3.12/site-packages/airflow/example_dags/example_local_kubernetes_executor.py
[2026-06-02T04:36:33.126+0000] {processor.py:840} INFO - DAG(s) 'example_local_kubernetes_executor' retrieved from /home/airflow/.local/lib/python3.12/site-packages/airflow/example_dags/example_local_kubernetes_executor.py
[2026-06-02T04:36:33.154+0000] {logging_mixin.py:188} INFO - [2026-06-02T04:36:33.154+0000] {dag.py:3096} INFO - Sync 1 DAGs
[2026-06-02T04:36:33.165+0000] {logging_mixin.py:188} INFO - [2026-06-02T04:36:33.164+0000] {dag.py:3954} INFO - Setting next_dagrun for example_local_kubernetes_executor to None, run_after=None
[2026-06-02T04:36:33.182+0000] {processor.py:183} INFO - Processing /home/airflow/.local/lib/python3.12/site-packages/airflow/example_dags/example_local_kubernetes_executor.py took 0.070 seconds
[2026-06-02T04:37:03.231+0000] {processor.py:161} INFO - Started process (PID=29087) to work on /home/airflow/.local/lib/python3.12/site-packages/airflow/example_dags/example_local_kubernetes_executor.py
[2026-06-02T04:37:03.232+0000] {processor.py:830} INFO - Processing file /home/airflow/.local/lib/python3.12/site-packages/airflow/example_dags/example_local_kubernetes_executor.py for tasks to queue
[2026-06-02T04:37:03.233+0000] {logging_mixin.py:188} INFO - [2026-06-02T04:37:03.233+0000] {dagbag.py:540} INFO - Filling up the DagBag from /home/airflow/.local/lib/python3.12/site-packages/airflow/example_dags/example_local_kubernetes_executor.py
[2026-06-02T04:37:03.240+0000] {processor.py:840} INFO - DAG(s) 'example_local_kubernetes_executor' retrieved from /home/airflow/.local/lib/python3.12/site-packages/airflow/example_dags/example_local_kubernetes_executor.py
[2026-06-02T04:37:03.267+0000] {logging_mixin.py:188} INFO - [2026-06-02T04:37:03.266+0000] {dag.py:3096} INFO - Sync 1 DAGs
[2026-06-02T04:37:03.276+0000] {logging_mixin.py:188} INFO - [2026-06-02T04:37:03.276+0000] {dag.py:3954} INFO - Setting next_dagrun for example_local_kubernetes_executor to None, run_after=None
[2026-06-02T04:37:03.292+0000] {processor.py:183} INFO - Processing /home/airflow/.local/lib/python3.12/site-packages/airflow/example_dags/example_local_kubernetes_executor.py took 0.066 seconds
[2026-06-02T04:37:33.737+0000] {processor.py:161} INFO - Started process (PID=29146) to work on /home/airflow/.local/lib/python3.12/site-packages/airflow/example_dags/example_local_kubernetes_executor.py
[2026-06-02T04:37:33.738+0000] {processor.py:830} INFO - Processing file /home/airflow/.local/lib/python3.12/site-packages/airflow/example_dags/example_local_kubernetes_executor.py for tasks to queue
[2026-06-02T04:37:33.740+0000] {logging_mixin.py:188} INFO - [2026-06-02T04:37:33.740+0000] {dagbag.py:540} INFO - Filling up the DagBag from /home/airflow/.local/lib/python3.12/site-packages/airflow/example_dags/example_local_kubernetes_executor.py
[2026-06-02T04:37:33.747+0000] {processor.py:840} INFO - DAG(s) 'example_local_kubernetes_executor' retrieved from /home/airflow/.local/lib/python3.12/site-packages/airflow/example_dags/example_local_kubernetes_executor.py
[2026-06-02T04:37:33.773+0000] {logging_mixin.py:188} INFO - [2026-06-02T04:37:33.773+0000] {dag.py:3096} INFO - Sync 1 DAGs
[2026-06-02T04:37:33.783+0000] {logging_mixin.py:188} INFO - [2026-06-02T04:37:33.783+0000] {dag.py:3954} INFO - Setting next_dagrun for example_local_kubernetes_executor to None, run_after=None
[2026-06-02T04:37:33.798+0000] {processor.py:183} INFO - Processing /home/airflow/.local/lib/python3.12/site-packages/airflow/example_dags/example_local_kubernetes_executor.py took 0.066 seconds
[2026-06-02T04:38:04.081+0000] {processor.py:161} INFO - Started process (PID=29205) to work on /home/airflow/.local/lib/python3.12/site-packages/airflow/example_dags/example_local_kubernetes_executor.py
[2026-06-02T04:38:04.083+0000] {processor.py:830} INFO - Processing file /home/airflow/.local/lib/python3.12/site-packages/airflow/example_dags/example_local_kubernetes_executor.py for tasks to queue
[2026-06-02T04:38:04.085+0000] {logging_mixin.py:188} INFO - [2026-06-02T04:38:04.084+0000] {dagbag.py:540} INFO - Filling up the DagBag from /home/airflow/.local/lib/python3.12/site-packages/airflow/example_dags/example_local_kubernetes_executor.py
[2026-06-02T04:38:04.091+0000] {processor.py:840} INFO - DAG(s) 'example_local_kubernetes_executor' retrieved from /home/airflow/.local/lib/python3.12/site-packages/airflow/example_dags/example_local_kubernetes_executor.py
[2026-06-02T04:38:04.119+0000] {logging_mixin.py:188} INFO - [2026-06-02T04:38:04.118+0000] {dag.py:3096} INFO - Sync 1 DAGs
[2026-06-02T04:38:04.130+0000] {logging_mixin.py:188} INFO - [2026-06-02T04:38:04.129+0000] {dag.py:3954} INFO - Setting next_dagrun for example_local_kubernetes_executor to None, run_after=None
[2026-06-02T04:38:04.144+0000] {processor.py:183} INFO - Processing /home/airflow/.local/lib/python3.12/site-packages/airflow/example_dags/example_local_kubernetes_executor.py took 0.067 seconds
[2026-06-02T04:38:34.766+0000] {processor.py:161} INFO - Started process (PID=29264) to work on /home/airflow/.local/lib/python3.12/site-packages/airflow/example_dags/example_local_kubernetes_executor.py
[2026-06-02T04:38:34.767+0000] {processor.py:830} INFO - Processing file /home/airflow/.local/lib/python3.12/site-packages/airflow/example_dags/example_local_kubernetes_executor.py for tasks to queue
[2026-06-02T04:38:34.769+0000] {logging_mixin.py:188} INFO - [2026-06-02T04:38:34.769+0000] {dagbag.py:540} INFO - Filling up the DagBag from /home/airflow/.local/lib/python3.12/site-packages/airflow/example_dags/example_local_kubernetes_executor.py
[2026-06-02T04:38:34.775+0000] {processor.py:840} INFO - DAG(s) 'example_local_kubernetes_executor' retrieved from /home/airflow/.local/lib/python3.12/site-packages/airflow/example_dags/example_local_kubernetes_executor.py
[2026-06-02T04:38:34.802+0000] {logging_mixin.py:188} INFO - [2026-06-02T04:38:34.802+0000] {dag.py:3096} INFO - Sync 1 DAGs
[2026-06-02T04:38:34.814+0000] {logging_mixin.py:188} INFO - [2026-06-02T04:38:34.813+0000] {dag.py:3954} INFO - Setting next_dagrun for example_local_kubernetes_executor to None, run_after=None
[2026-06-02T04:38:34.833+0000] {processor.py:183} INFO - Processing /home/airflow/.local/lib/python3.12/site-packages/airflow/example_dags/example_local_kubernetes_executor.py took 0.071 seconds
[2026-06-02T04:39:05.448+0000] {processor.py:161} INFO - Started process (PID=29323) to work on /home/airflow/.local/lib/python3.12/site-packages/airflow/example_dags/example_local_kubernetes_executor.py
[2026-06-02T04:39:05.449+0000] {processor.py:830} INFO - Processing file /home/airflow/.local/lib/python3.12/site-packages/airflow/example_dags/example_local_kubernetes_executor.py for tasks to queue
[2026-06-02T04:39:05.451+0000] {logging_mixin.py:188} INFO - [2026-06-02T04:39:05.451+0000] {dagbag.py:540} INFO - Filling up the DagBag from /home/airflow/.local/lib/python3.12/site-packages/airflow/example_dags/example_local_kubernetes_executor.py
[2026-06-02T04:39:05.458+0000] {processor.py:840} INFO - DAG(s) 'example_local_kubernetes_executor' retrieved from /home/airflow/.local/lib/python3.12/site-packages/airflow/example_dags/example_local_kubernetes_executor.py
[2026-06-02T04:39:05.611+0000] {logging_mixin.py:188} INFO - [2026-06-02T04:39:05.611+0000] {dag.py:3096} INFO - Sync 1 DAGs
[2026-06-02T04:39:05.620+0000] {logging_mixin.py:188} INFO - [2026-06-02T04:39:05.620+0000] {dag.py:3954} INFO - Setting next_dagrun for example_local_kubernetes_executor to None, run_after=None
[2026-06-02T04:39:05.636+0000] {processor.py:183} INFO - Processing /home/airflow/.local/lib/python3.12/site-packages/airflow/example_dags/example_local_kubernetes_executor.py took 0.192 seconds
[2026-06-02T04:39:36.485+0000] {processor.py:161} INFO - Started process (PID=29382) to work on /home/airflow/.local/lib/python3.12/site-packages/airflow/example_dags/example_local_kubernetes_executor.py
[2026-06-02T04:39:36.486+0000] {processor.py:830} INFO - Processing file /home/airflow/.local/lib/python3.12/site-packages/airflow/example_dags/example_local_kubernetes_executor.py for tasks to queue
[2026-06-02T04:39:36.488+0000] {logging_mixin.py:188} INFO - [2026-06-02T04:39:36.488+0000] {dagbag.py:540} INFO - Filling up the DagBag from /home/airflow/.local/lib/python3.12/site-packages/airflow/example_dags/example_local_kubernetes_executor.py
[2026-06-02T04:39:36.496+0000] {processor.py:840} INFO - DAG(s) 'example_local_kubernetes_executor' retrieved from /home/airflow/.local/lib/python3.12/site-packages/airflow/example_dags/example_local_kubernetes_executor.py
[2026-06-02T04:39:36.529+0000] {logging_mixin.py:188} INFO - [2026-06-02T04:39:36.529+0000] {dag.py:3096} INFO - Sync 1 DAGs
[2026-06-02T04:39:36.540+0000] {logging_mixin.py:188} INFO - [2026-06-02T04:39:36.540+0000] {dag.py:3954} INFO - Setting next_dagrun for example_local_kubernetes_executor to None, run_after=None
[2026-06-02T04:39:36.556+0000] {processor.py:183} INFO - Processing /home/airflow/.local/lib/python3.12/site-packages/airflow/example_dags/example_local_kubernetes_executor.py took 0.076 seconds
[2026-06-02T04:40:06.875+0000] {processor.py:161} INFO - Started process (PID=29441) to work on /home/airflow/.local/lib/python3.12/site-packages/airflow/example_dags/example_local_kubernetes_executor.py
[2026-06-02T04:40:06.876+0000] {processor.py:830} INFO - Processing file /home/airflow/.local/lib/python3.12/site-packages/airflow/example_dags/example_local_kubernetes_executor.py for tasks to queue
[2026-06-02T04:40:06.878+0000] {logging_mixin.py:188} INFO - [2026-06-02T04:40:06.877+0000] {dagbag.py:540} INFO - Filling up the DagBag from /home/airflow/.local/lib/python3.12/site-packages/airflow/example_dags/example_local_kubernetes_executor.py
[2026-06-02T04:40:06.884+0000] {processor.py:840} INFO - DAG(s) 'example_local_kubernetes_executor' retrieved from /home/airflow/.local/lib/python3.12/site-packages/airflow/example_dags/example_local_kubernetes_executor.py
[2026-06-02T04:40:06.911+0000] {logging_mixin.py:188} INFO - [2026-06-02T04:40:06.910+0000] {dag.py:3096} INFO - Sync 1 DAGs
[2026-06-02T04:40:06.921+0000] {logging_mixin.py:188} INFO - [2026-06-02T04:40:06.920+0000] {dag.py:3954} INFO - Setting next_dagrun for example_local_kubernetes_executor to None, run_after=None
[2026-06-02T04:40:06.937+0000] {processor.py:183} INFO - Processing /home/airflow/.local/lib/python3.12/site-packages/airflow/example_dags/example_local_kubernetes_executor.py took 0.068 seconds
[2026-06-02T04:40:37.145+0000] {processor.py:161} INFO - Started process (PID=29500) to work on /home/airflow/.local/lib/python3.12/site-packages/airflow/example_dags/example_local_kubernetes_executor.py
[2026-06-02T04:40:37.146+0000] {processor.py:830} INFO - Processing file /home/airflow/.local/lib/python3.12/site-packages/airflow/example_dags/example_local_kubernetes_executor.py for tasks to queue
[2026-06-02T04:40:37.148+0000] {logging_mixin.py:188} INFO - [2026-06-02T04:40:37.148+0000] {dagbag.py:540} INFO - Filling up the DagBag from /home/airflow/.local/lib/python3.12/site-packages/airflow/example_dags/example_local_kubernetes_executor.py
[2026-06-02T04:40:37.155+0000] {processor.py:840} INFO - DAG(s) 'example_local_kubernetes_executor' retrieved from /home/airflow/.local/lib/python3.12/site-packages/airflow/example_dags/example_local_kubernetes_executor.py
[2026-06-02T04:40:37.181+0000] {logging_mixin.py:188} INFO - [2026-06-02T04:40:37.181+0000] {dag.py:3096} INFO - Sync 1 DAGs
[2026-06-02T04:40:37.191+0000] {logging_mixin.py:188} INFO - [2026-06-02T04:40:37.191+0000] {dag.py:3954} INFO - Setting next_dagrun for example_local_kubernetes_executor to None, run_after=None
[2026-06-02T04:40:37.204+0000] {processor.py:183} INFO - Processing /home/airflow/.local/lib/python3.12/site-packages/airflow/example_dags/example_local_kubernetes_executor.py took 0.065 seconds
[2026-06-02T04:41:07.489+0000] {processor.py:161} INFO - Started process (PID=29559) to work on /home/airflow/.local/lib/python3.12/site-packages/airflow/example_dags/example_local_kubernetes_executor.py
[2026-06-02T04:41:07.490+0000] {processor.py:830} INFO - Processing file /home/airflow/.local/lib/python3.12/site-packages/airflow/example_dags/example_local_kubernetes_executor.py for tasks to queue
[2026-06-02T04:41:07.492+0000] {logging_mixin.py:188} INFO - [2026-06-02T04:41:07.492+0000] {dagbag.py:540} INFO - Filling up the DagBag from /home/airflow/.local/lib/python3.12/site-packages/airflow/example_dags/example_local_kubernetes_executor.py
[2026-06-02T04:41:07.498+0000] {processor.py:840} INFO - DAG(s) 'example_local_kubernetes_executor' retrieved from /home/airflow/.local/lib/python3.12/site-packages/airflow/example_dags/example_local_kubernetes_executor.py
[2026-06-02T04:41:07.525+0000] {logging_mixin.py:188} INFO - [2026-06-02T04:41:07.525+0000] {dag.py:3096} INFO - Sync 1 DAGs
[2026-06-02T04:41:07.534+0000] {logging_mixin.py:188} INFO - [2026-06-02T04:41:07.534+0000] {dag.py:3954} INFO - Setting next_dagrun for example_local_kubernetes_executor to None, run_after=None
[2026-06-02T04:41:07.550+0000] {processor.py:183} INFO - Processing /home/airflow/.local/lib/python3.12/site-packages/airflow/example_dags/example_local_kubernetes_executor.py took 0.066 seconds
[2026-06-02T04:41:37.785+0000] {processor.py:161} INFO - Started process (PID=29618) to work on /home/airflow/.local/lib/python3.12/site-packages/airflow/example_dags/example_local_kubernetes_executor.py
[2026-06-02T04:41:37.786+0000] {processor.py:830} INFO - Processing file /home/airflow/.local/lib/python3.12/site-packages/airflow/example_dags/example_local_kubernetes_executor.py for tasks to queue
[2026-06-02T04:41:37.788+0000] {logging_mixin.py:188} INFO - [2026-06-02T04:41:37.788+0000] {dagbag.py:540} INFO - Filling up the DagBag from /home/airflow/.local/lib/python3.12/site-packages/airflow/example_dags/example_local_kubernetes_executor.py
[2026-06-02T04:41:37.795+0000] {processor.py:840} INFO - DAG(s) 'example_local_kubernetes_executor' retrieved from /home/airflow/.local/lib/python3.12/site-packages/airflow/example_dags/example_local_kubernetes_executor.py
[2026-06-02T04:41:37.820+0000] {logging_mixin.py:188} INFO - [2026-06-02T04:41:37.820+0000] {dag.py:3096} INFO - Sync 1 DAGs
[2026-06-02T04:41:37.831+0000] {logging_mixin.py:188} INFO - [2026-06-02T04:41:37.830+0000] {dag.py:3954} INFO - Setting next_dagrun for example_local_kubernetes_executor to None, run_after=None
[2026-06-02T04:41:37.845+0000] {processor.py:183} INFO - Processing /home/airflow/.local/lib/python3.12/site-packages/airflow/example_dags/example_local_kubernetes_executor.py took 0.064 seconds
[2026-06-02T04:42:08.312+0000] {processor.py:161} INFO - Started process (PID=29677) to work on /home/airflow/.local/lib/python3.12/site-packages/airflow/example_dags/example_local_kubernetes_executor.py
[2026-06-02T04:42:08.313+0000] {processor.py:830} INFO - Processing file /home/airflow/.local/lib/python3.12/site-packages/airflow/example_dags/example_local_kubernetes_executor.py for tasks to queue
[2026-06-02T04:42:08.315+0000] {logging_mixin.py:188} INFO - [2026-06-02T04:42:08.315+0000] {dagbag.py:540} INFO - Filling up the DagBag from /home/airflow/.local/lib/python3.12/site-packages/airflow/example_dags/example_local_kubernetes_executor.py
[2026-06-02T04:42:08.322+0000] {processor.py:840} INFO - DAG(s) 'example_local_kubernetes_executor' retrieved from /home/airflow/.local/lib/python3.12/site-packages/airflow/example_dags/example_local_kubernetes_executor.py
[2026-06-02T04:42:08.348+0000] {logging_mixin.py:188} INFO - [2026-06-02T04:42:08.348+0000] {dag.py:3096} INFO - Sync 1 DAGs
[2026-06-02T04:42:08.359+0000] {logging_mixin.py:188} INFO - [2026-06-02T04:42:08.359+0000] {dag.py:3954} INFO - Setting next_dagrun for example_local_kubernetes_executor to None, run_after=None
[2026-06-02T04:42:08.373+0000] {processor.py:183} INFO - Processing /home/airflow/.local/lib/python3.12/site-packages/airflow/example_dags/example_local_kubernetes_executor.py took 0.066 seconds
[2026-06-02T04:42:38.665+0000] {processor.py:161} INFO - Started process (PID=29736) to work on /home/airflow/.local/lib/python3.12/site-packages/airflow/example_dags/example_local_kubernetes_executor.py
[2026-06-02T04:42:38.667+0000] {processor.py:830} INFO - Processing file /home/airflow/.local/lib/python3.12/site-packages/airflow/example_dags/example_local_kubernetes_executor.py for tasks to queue
[2026-06-02T04:42:38.671+0000] {logging_mixin.py:188} INFO - [2026-06-02T04:42:38.670+0000] {dagbag.py:540} INFO - Filling up the DagBag from /home/airflow/.local/lib/python3.12/site-packages/airflow/example_dags/example_local_kubernetes_executor.py
[2026-06-02T04:42:38.679+0000] {processor.py:840} INFO - DAG(s) 'example_local_kubernetes_executor' retrieved from /home/airflow/.local/lib/python3.12/site-packages/airflow/example_dags/example_local_kubernetes_executor.py
[2026-06-02T04:42:38.706+0000] {logging_mixin.py:188} INFO - [2026-06-02T04:42:38.706+0000] {dag.py:3096} INFO - Sync 1 DAGs
[2026-06-02T04:42:38.717+0000] {logging_mixin.py:188} INFO - [2026-06-02T04:42:38.716+0000] {dag.py:3954} INFO - Setting next_dagrun for example_local_kubernetes_executor to None, run_after=None
[2026-06-02T04:42:38.734+0000] {processor.py:183} INFO - Processing /home/airflow/.local/lib/python3.12/site-packages/airflow/example_dags/example_local_kubernetes_executor.py took 0.076 seconds
[2026-06-02T04:43:09.154+0000] {processor.py:161} INFO - Started process (PID=29795) to work on /home/airflow/.local/lib/python3.12/site-packages/airflow/example_dags/example_local_kubernetes_executor.py
[2026-06-02T04:43:09.155+0000] {processor.py:830} INFO - Processing file /home/airflow/.local/lib/python3.12/site-packages/airflow/example_dags/example_local_kubernetes_executor.py for tasks to queue
[2026-06-02T04:43:09.156+0000] {logging_mixin.py:188} INFO - [2026-06-02T04:43:09.156+0000] {dagbag.py:540} INFO - Filling up the DagBag from /home/airflow/.local/lib/python3.12/site-packages/airflow/example_dags/example_local_kubernetes_executor.py
[2026-06-02T04:43:09.163+0000] {processor.py:840} INFO - DAG(s) 'example_local_kubernetes_executor' retrieved from /home/airflow/.local/lib/python3.12/site-packages/airflow/example_dags/example_local_kubernetes_executor.py
[2026-06-02T04:43:09.190+0000] {logging_mixin.py:188} INFO - [2026-06-02T04:43:09.190+0000] {dag.py:3096} INFO - Sync 1 DAGs
[2026-06-02T04:43:09.200+0000] {logging_mixin.py:188} INFO - [2026-06-02T04:43:09.199+0000] {dag.py:3954} INFO - Setting next_dagrun for example_local_kubernetes_executor to None, run_after=None
[2026-06-02T04:43:09.214+0000] {processor.py:183} INFO - Processing /home/airflow/.local/lib/python3.12/site-packages/airflow/example_dags/example_local_kubernetes_executor.py took 0.065 seconds
[2026-06-02T04:43:39.468+0000] {processor.py:161} INFO - Started process (PID=29854) to work on /home/airflow/.local/lib/python3.12/site-packages/airflow/example_dags/example_local_kubernetes_executor.py
[2026-06-02T04:43:39.469+0000] {processor.py:830} INFO - Processing file /home/airflow/.local/lib/python3.12/site-packages/airflow/example_dags/example_local_kubernetes_executor.py for tasks to queue
[2026-06-02T04:43:39.471+0000] {logging_mixin.py:188} INFO - [2026-06-02T04:43:39.470+0000] {dagbag.py:540} INFO - Filling up the DagBag from /home/airflow/.local/lib/python3.12/site-packages/airflow/example_dags/example_local_kubernetes_executor.py
[2026-06-02T04:43:39.478+0000] {processor.py:840} INFO - DAG(s) 'example_local_kubernetes_executor' retrieved from /home/airflow/.local/lib/python3.12/site-packages/airflow/example_dags/example_local_kubernetes_executor.py
[2026-06-02T04:43:39.506+0000] {logging_mixin.py:188} INFO - [2026-06-02T04:43:39.506+0000] {dag.py:3096} INFO - Sync 1 DAGs
[2026-06-02T04:43:39.517+0000] {logging_mixin.py:188} INFO - [2026-06-02T04:43:39.517+0000] {dag.py:3954} INFO - Setting next_dagrun for example_local_kubernetes_executor to None, run_after=None
[2026-06-02T04:43:39.536+0000] {processor.py:183} INFO - Processing /home/airflow/.local/lib/python3.12/site-packages/airflow/example_dags/example_local_kubernetes_executor.py took 0.073 seconds
[2026-06-02T04:44:09.857+0000] {processor.py:161} INFO - Started process (PID=29913) to work on /home/airflow/.local/lib/python3.12/site-packages/airflow/example_dags/example_local_kubernetes_executor.py
[2026-06-02T04:44:09.858+0000] {processor.py:830} INFO - Processing file /home/airflow/.local/lib/python3.12/site-packages/airflow/example_dags/example_local_kubernetes_executor.py for tasks to queue
[2026-06-02T04:44:09.859+0000] {logging_mixin.py:188} INFO - [2026-06-02T04:44:09.859+0000] {dagbag.py:540} INFO - Filling up the DagBag from /home/airflow/.local/lib/python3.12/site-packages/airflow/example_dags/example_local_kubernetes_executor.py
[2026-06-02T04:44:09.869+0000] {processor.py:840} INFO - DAG(s) 'example_local_kubernetes_executor' retrieved from /home/airflow/.local/lib/python3.12/site-packages/airflow/example_dags/example_local_kubernetes_executor.py
[2026-06-02T04:44:09.896+0000] {logging_mixin.py:188} INFO - [2026-06-02T04:44:09.895+0000] {dag.py:3096} INFO - Sync 1 DAGs
[2026-06-02T04:44:09.905+0000] {logging_mixin.py:188} INFO - [2026-06-02T04:44:09.905+0000] {dag.py:3954} INFO - Setting next_dagrun for example_local_kubernetes_executor to None, run_after=None
[2026-06-02T04:44:09.921+0000] {processor.py:183} INFO - Processing /home/airflow/.local/lib/python3.12/site-packages/airflow/example_dags/example_local_kubernetes_executor.py took 0.069 seconds
[2026-06-02T04:44:40.203+0000] {processor.py:161} INFO - Started process (PID=29972) to work on /home/airflow/.local/lib/python3.12/site-packages/airflow/example_dags/example_local_kubernetes_executor.py
[2026-06-02T04:44:40.204+0000] {processor.py:830} INFO - Processing file /home/airflow/.local/lib/python3.12/site-packages/airflow/example_dags/example_local_kubernetes_executor.py for tasks to queue
[2026-06-02T04:44:40.206+0000] {logging_mixin.py:188} INFO - [2026-06-02T04:44:40.206+0000] {dagbag.py:540} INFO - Filling up the DagBag from /home/airflow/.local/lib/python3.12/site-packages/airflow/example_dags/example_local_kubernetes_executor.py
[2026-06-02T04:44:40.213+0000] {processor.py:840} INFO - DAG(s) 'example_local_kubernetes_executor' retrieved from /home/airflow/.local/lib/python3.12/site-packages/airflow/example_dags/example_local_kubernetes_executor.py
[2026-06-02T04:44:40.239+0000] {logging_mixin.py:188} INFO - [2026-06-02T04:44:40.238+0000] {dag.py:3096} INFO - Sync 1 DAGs
[2026-06-02T04:44:40.249+0000] {logging_mixin.py:188} INFO - [2026-06-02T04:44:40.249+0000] {dag.py:3954} INFO - Setting next_dagrun for example_local_kubernetes_executor to None, run_after=None
[2026-06-02T04:44:40.265+0000] {processor.py:183} INFO - Processing /home/airflow/.local/lib/python3.12/site-packages/airflow/example_dags/example_local_kubernetes_executor.py took 0.067 seconds
[2026-06-02T04:45:10.518+0000] {processor.py:161} INFO - Started process (PID=30031) to work on /home/airflow/.local/lib/python3.12/site-packages/airflow/example_dags/example_local_kubernetes_executor.py
[2026-06-02T04:45:10.519+0000] {processor.py:830} INFO - Processing file /home/airflow/.local/lib/python3.12/site-packages/airflow/example_dags/example_local_kubernetes_executor.py for tasks to queue
[2026-06-02T04:45:10.521+0000] {logging_mixin.py:188} INFO - [2026-06-02T04:45:10.521+0000] {dagbag.py:540} INFO - Filling up the DagBag from /home/airflow/.local/lib/python3.12/site-packages/airflow/example_dags/example_local_kubernetes_executor.py
[2026-06-02T04:45:10.527+0000] {processor.py:840} INFO - DAG(s) 'example_local_kubernetes_executor' retrieved from /home/airflow/.local/lib/python3.12/site-packages/airflow/example_dags/example_local_kubernetes_executor.py
[2026-06-02T04:45:10.555+0000] {logging_mixin.py:188} INFO - [2026-06-02T04:45:10.555+0000] {dag.py:3096} INFO - Sync 1 DAGs
[2026-06-02T04:45:10.565+0000] {logging_mixin.py:188} INFO - [2026-06-02T04:45:10.565+0000] {dag.py:3954} INFO - Setting next_dagrun for example_local_kubernetes_executor to None, run_after=None
[2026-06-02T04:45:10.581+0000] {processor.py:183} INFO - Processing /home/airflow/.local/lib/python3.12/site-packages/airflow/example_dags/example_local_kubernetes_executor.py took 0.067 seconds
[2026-06-02T04:45:41.053+0000] {processor.py:161} INFO - Started process (PID=30090) to work on /home/airflow/.local/lib/python3.12/site-packages/airflow/example_dags/example_local_kubernetes_executor.py
[2026-06-02T04:45:41.054+0000] {processor.py:830} INFO - Processing file /home/airflow/.local/lib/python3.12/site-packages/airflow/example_dags/example_local_kubernetes_executor.py for tasks to queue
[2026-06-02T04:45:41.056+0000] {logging_mixin.py:188} INFO - [2026-06-02T04:45:41.056+0000] {dagbag.py:540} INFO - Filling up the DagBag from /home/airflow/.local/lib/python3.12/site-packages/airflow/example_dags/example_local_kubernetes_executor.py
[2026-06-02T04:45:41.063+0000] {processor.py:840} INFO - DAG(s) 'example_local_kubernetes_executor' retrieved from /home/airflow/.local/lib/python3.12/site-packages/airflow/example_dags/example_local_kubernetes_executor.py
[2026-06-02T04:45:41.089+0000] {logging_mixin.py:188} INFO - [2026-06-02T04:45:41.089+0000] {dag.py:3096} INFO - Sync 1 DAGs
[2026-06-02T04:45:41.099+0000] {logging_mixin.py:188} INFO - [2026-06-02T04:45:41.099+0000] {dag.py:3954} INFO - Setting next_dagrun for example_local_kubernetes_executor to None, run_after=None
[2026-06-02T04:45:41.116+0000] {processor.py:183} INFO - Processing /home/airflow/.local/lib/python3.12/site-packages/airflow/example_dags/example_local_kubernetes_executor.py took 0.067 seconds
[2026-06-02T04:46:11.486+0000] {processor.py:161} INFO - Started process (PID=30149) to work on /home/airflow/.local/lib/python3.12/site-packages/airflow/example_dags/example_local_kubernetes_executor.py
[2026-06-02T04:46:11.487+0000] {processor.py:830} INFO - Processing file /home/airflow/.local/lib/python3.12/site-packages/airflow/example_dags/example_local_kubernetes_executor.py for tasks to queue
[2026-06-02T04:46:11.489+0000] {logging_mixin.py:188} INFO - [2026-06-02T04:46:11.488+0000] {dagbag.py:540} INFO - Filling up the DagBag from /home/airflow/.local/lib/python3.12/site-packages/airflow/example_dags/example_local_kubernetes_executor.py
[2026-06-02T04:46:11.495+0000] {processor.py:840} INFO - DAG(s) 'example_local_kubernetes_executor' retrieved from /home/airflow/.local/lib/python3.12/site-packages/airflow/example_dags/example_local_kubernetes_executor.py
[2026-06-02T04:46:11.521+0000] {logging_mixin.py:188} INFO - [2026-06-02T04:46:11.521+0000] {dag.py:3096} INFO - Sync 1 DAGs
[2026-06-02T04:46:11.531+0000] {logging_mixin.py:188} INFO - [2026-06-02T04:46:11.531+0000] {dag.py:3954} INFO - Setting next_dagrun for example_local_kubernetes_executor to None, run_after=None
[2026-06-02T04:46:11.547+0000] {processor.py:183} INFO - Processing /home/airflow/.local/lib/python3.12/site-packages/airflow/example_dags/example_local_kubernetes_executor.py took 0.066 seconds
[2026-06-02T04:46:41.833+0000] {processor.py:161} INFO - Started process (PID=30208) to work on /home/airflow/.local/lib/python3.12/site-packages/airflow/example_dags/example_local_kubernetes_executor.py
[2026-06-02T04:46:41.834+0000] {processor.py:830} INFO - Processing file /home/airflow/.local/lib/python3.12/site-packages/airflow/example_dags/example_local_kubernetes_executor.py for tasks to queue
[2026-06-02T04:46:41.836+0000] {logging_mixin.py:188} INFO - [2026-06-02T04:46:41.835+0000] {dagbag.py:540} INFO - Filling up the DagBag from /home/airflow/.local/lib/python3.12/site-packages/airflow/example_dags/example_local_kubernetes_executor.py
[2026-06-02T04:46:41.844+0000] {processor.py:840} INFO - DAG(s) 'example_local_kubernetes_executor' retrieved from /home/airflow/.local/lib/python3.12/site-packages/airflow/example_dags/example_local_kubernetes_executor.py
[2026-06-02T04:46:41.869+0000] {logging_mixin.py:188} INFO - [2026-06-02T04:46:41.869+0000] {dag.py:3096} INFO - Sync 1 DAGs
[2026-06-02T04:46:41.879+0000] {logging_mixin.py:188} INFO - [2026-06-02T04:46:41.879+0000] {dag.py:3954} INFO - Setting next_dagrun for example_local_kubernetes_executor to None, run_after=None
[2026-06-02T04:46:41.894+0000] {processor.py:183} INFO - Processing /home/airflow/.local/lib/python3.12/site-packages/airflow/example_dags/example_local_kubernetes_executor.py took 0.066 seconds
[2026-06-02T04:47:12.081+0000] {processor.py:161} INFO - Started process (PID=30267) to work on /home/airflow/.local/lib/python3.12/site-packages/airflow/example_dags/example_local_kubernetes_executor.py
[2026-06-02T04:47:12.082+0000] {processor.py:830} INFO - Processing file /home/airflow/.local/lib/python3.12/site-packages/airflow/example_dags/example_local_kubernetes_executor.py for tasks to queue
[2026-06-02T04:47:12.084+0000] {logging_mixin.py:188} INFO - [2026-06-02T04:47:12.083+0000] {dagbag.py:540} INFO - Filling up the DagBag from /home/airflow/.local/lib/python3.12/site-packages/airflow/example_dags/example_local_kubernetes_executor.py
[2026-06-02T04:47:12.090+0000] {processor.py:840} INFO - DAG(s) 'example_local_kubernetes_executor' retrieved from /home/airflow/.local/lib/python3.12/site-packages/airflow/example_dags/example_local_kubernetes_executor.py
[2026-06-02T04:47:12.117+0000] {logging_mixin.py:188} INFO - [2026-06-02T04:47:12.117+0000] {dag.py:3096} INFO - Sync 1 DAGs
[2026-06-02T04:47:12.127+0000] {logging_mixin.py:188} INFO - [2026-06-02T04:47:12.127+0000] {dag.py:3954} INFO - Setting next_dagrun for example_local_kubernetes_executor to None, run_after=None
[2026-06-02T04:47:12.141+0000] {processor.py:183} INFO - Processing /home/airflow/.local/lib/python3.12/site-packages/airflow/example_dags/example_local_kubernetes_executor.py took 0.065 seconds
[2026-06-02T04:47:42.416+0000] {processor.py:161} INFO - Started process (PID=30326) to work on /home/airflow/.local/lib/python3.12/site-packages/airflow/example_dags/example_local_kubernetes_executor.py
[2026-06-02T04:47:42.417+0000] {processor.py:830} INFO - Processing file /home/airflow/.local/lib/python3.12/site-packages/airflow/example_dags/example_local_kubernetes_executor.py for tasks to queue
[2026-06-02T04:47:42.419+0000] {logging_mixin.py:188} INFO - [2026-06-02T04:47:42.418+0000] {dagbag.py:540} INFO - Filling up the DagBag from /home/airflow/.local/lib/python3.12/site-packages/airflow/example_dags/example_local_kubernetes_executor.py
[2026-06-02T04:47:42.426+0000] {processor.py:840} INFO - DAG(s) 'example_local_kubernetes_executor' retrieved from /home/airflow/.local/lib/python3.12/site-packages/airflow/example_dags/example_local_kubernetes_executor.py
[2026-06-02T04:47:42.453+0000] {logging_mixin.py:188} INFO - [2026-06-02T04:47:42.453+0000] {dag.py:3096} INFO - Sync 1 DAGs
[2026-06-02T04:47:42.463+0000] {logging_mixin.py:188} INFO - [2026-06-02T04:47:42.463+0000] {dag.py:3954} INFO - Setting next_dagrun for example_local_kubernetes_executor to None, run_after=None
[2026-06-02T04:47:42.477+0000] {processor.py:183} INFO - Processing /home/airflow/.local/lib/python3.12/site-packages/airflow/example_dags/example_local_kubernetes_executor.py took 0.066 seconds
[2026-06-02T04:48:12.948+0000] {processor.py:161} INFO - Started process (PID=30385) to work on /home/airflow/.local/lib/python3.12/site-packages/airflow/example_dags/example_local_kubernetes_executor.py
[2026-06-02T04:48:12.949+0000] {processor.py:830} INFO - Processing file /home/airflow/.local/lib/python3.12/site-packages/airflow/example_dags/example_local_kubernetes_executor.py for tasks to queue
[2026-06-02T04:48:12.951+0000] {logging_mixin.py:188} INFO - [2026-06-02T04:48:12.951+0000] {dagbag.py:540} INFO - Filling up the DagBag from /home/airflow/.local/lib/python3.12/site-packages/airflow/example_dags/example_local_kubernetes_executor.py
[2026-06-02T04:48:12.958+0000] {processor.py:840} INFO - DAG(s) 'example_local_kubernetes_executor' retrieved from /home/airflow/.local/lib/python3.12/site-packages/airflow/example_dags/example_local_kubernetes_executor.py
[2026-06-02T04:48:12.983+0000] {logging_mixin.py:188} INFO - [2026-06-02T04:48:12.983+0000] {dag.py:3096} INFO - Sync 1 DAGs
[2026-06-02T04:48:12.994+0000] {logging_mixin.py:188} INFO - [2026-06-02T04:48:12.994+0000] {dag.py:3954} INFO - Setting next_dagrun for example_local_kubernetes_executor to None, run_after=None
[2026-06-02T04:48:13.009+0000] {processor.py:183} INFO - Processing /home/airflow/.local/lib/python3.12/site-packages/airflow/example_dags/example_local_kubernetes_executor.py took 0.065 seconds
[2026-06-02T04:48:43.202+0000] {processor.py:161} INFO - Started process (PID=30445) to work on /home/airflow/.local/lib/python3.12/site-packages/airflow/example_dags/example_local_kubernetes_executor.py
[2026-06-02T04:48:43.203+0000] {processor.py:830} INFO - Processing file /home/airflow/.local/lib/python3.12/site-packages/airflow/example_dags/example_local_kubernetes_executor.py for tasks to queue
[2026-06-02T04:48:43.205+0000] {logging_mixin.py:188} INFO - [2026-06-02T04:48:43.205+0000] {dagbag.py:540} INFO - Filling up the DagBag from /home/airflow/.local/lib/python3.12/site-packages/airflow/example_dags/example_local_kubernetes_executor.py
[2026-06-02T04:48:43.211+0000] {processor.py:840} INFO - DAG(s) 'example_local_kubernetes_executor' retrieved from /home/airflow/.local/lib/python3.12/site-packages/airflow/example_dags/example_local_kubernetes_executor.py
[2026-06-02T04:48:43.238+0000] {logging_mixin.py:188} INFO - [2026-06-02T04:48:43.237+0000] {dag.py:3096} INFO - Sync 1 DAGs
[2026-06-02T04:48:43.250+0000] {logging_mixin.py:188} INFO - [2026-06-02T04:48:43.249+0000] {dag.py:3954} INFO - Setting next_dagrun for example_local_kubernetes_executor to None, run_after=None
[2026-06-02T04:48:43.264+0000] {processor.py:183} INFO - Processing /home/airflow/.local/lib/python3.12/site-packages/airflow/example_dags/example_local_kubernetes_executor.py took 0.067 seconds
[2026-06-02T04:49:13.664+0000] {processor.py:161} INFO - Started process (PID=30504) to work on /home/airflow/.local/lib/python3.12/site-packages/airflow/example_dags/example_local_kubernetes_executor.py
[2026-06-02T04:49:13.665+0000] {processor.py:830} INFO - Processing file /home/airflow/.local/lib/python3.12/site-packages/airflow/example_dags/example_local_kubernetes_executor.py for tasks to queue
[2026-06-02T04:49:13.667+0000] {logging_mixin.py:188} INFO - [2026-06-02T04:49:13.667+0000] {dagbag.py:540} INFO - Filling up the DagBag from /home/airflow/.local/lib/python3.12/site-packages/airflow/example_dags/example_local_kubernetes_executor.py
[2026-06-02T04:49:13.673+0000] {processor.py:840} INFO - DAG(s) 'example_local_kubernetes_executor' retrieved from /home/airflow/.local/lib/python3.12/site-packages/airflow/example_dags/example_local_kubernetes_executor.py
[2026-06-02T04:49:13.699+0000] {logging_mixin.py:188} INFO - [2026-06-02T04:49:13.699+0000] {dag.py:3096} INFO - Sync 1 DAGs
[2026-06-02T04:49:13.710+0000] {logging_mixin.py:188} INFO - [2026-06-02T04:49:13.710+0000] {dag.py:3954} INFO - Setting next_dagrun for example_local_kubernetes_executor to None, run_after=None
[2026-06-02T04:49:13.726+0000] {processor.py:183} INFO - Processing /home/airflow/.local/lib/python3.12/site-packages/airflow/example_dags/example_local_kubernetes_executor.py took 0.067 seconds
[2026-06-02T04:49:44.006+0000] {processor.py:161} INFO - Started process (PID=30563) to work on /home/airflow/.local/lib/python3.12/site-packages/airflow/example_dags/example_local_kubernetes_executor.py
[2026-06-02T04:49:44.007+0000] {processor.py:830} INFO - Processing file /home/airflow/.local/lib/python3.12/site-packages/airflow/example_dags/example_local_kubernetes_executor.py for tasks to queue
[2026-06-02T04:49:44.009+0000] {logging_mixin.py:188} INFO - [2026-06-02T04:49:44.009+0000] {dagbag.py:540} INFO - Filling up the DagBag from /home/airflow/.local/lib/python3.12/site-packages/airflow/example_dags/example_local_kubernetes_executor.py
[2026-06-02T04:49:44.016+0000] {processor.py:840} INFO - DAG(s) 'example_local_kubernetes_executor' retrieved from /home/airflow/.local/lib/python3.12/site-packages/airflow/example_dags/example_local_kubernetes_executor.py
[2026-06-02T04:49:44.043+0000] {logging_mixin.py:188} INFO - [2026-06-02T04:49:44.043+0000] {dag.py:3096} INFO - Sync 1 DAGs
[2026-06-02T04:49:44.054+0000] {logging_mixin.py:188} INFO - [2026-06-02T04:49:44.054+0000] {dag.py:3954} INFO - Setting next_dagrun for example_local_kubernetes_executor to None, run_after=None
[2026-06-02T04:49:44.070+0000] {processor.py:183} INFO - Processing /home/airflow/.local/lib/python3.12/site-packages/airflow/example_dags/example_local_kubernetes_executor.py took 0.068 seconds
[2026-06-02T04:50:14.333+0000] {processor.py:161} INFO - Started process (PID=30622) to work on /home/airflow/.local/lib/python3.12/site-packages/airflow/example_dags/example_local_kubernetes_executor.py
[2026-06-02T04:50:14.334+0000] {processor.py:830} INFO - Processing file /home/airflow/.local/lib/python3.12/site-packages/airflow/example_dags/example_local_kubernetes_executor.py for tasks to queue
[2026-06-02T04:50:14.335+0000] {logging_mixin.py:188} INFO - [2026-06-02T04:50:14.335+0000] {dagbag.py:540} INFO - Filling up the DagBag from /home/airflow/.local/lib/python3.12/site-packages/airflow/example_dags/example_local_kubernetes_executor.py
[2026-06-02T04:50:14.342+0000] {processor.py:840} INFO - DAG(s) 'example_local_kubernetes_executor' retrieved from /home/airflow/.local/lib/python3.12/site-packages/airflow/example_dags/example_local_kubernetes_executor.py
[2026-06-02T04:50:14.370+0000] {logging_mixin.py:188} INFO - [2026-06-02T04:50:14.370+0000] {dag.py:3096} INFO - Sync 1 DAGs
[2026-06-02T04:50:14.381+0000] {logging_mixin.py:188} INFO - [2026-06-02T04:50:14.381+0000] {dag.py:3954} INFO - Setting next_dagrun for example_local_kubernetes_executor to None, run_after=None
[2026-06-02T04:50:14.397+0000] {processor.py:183} INFO - Processing /home/airflow/.local/lib/python3.12/site-packages/airflow/example_dags/example_local_kubernetes_executor.py took 0.068 seconds
[2026-06-02T04:50:44.645+0000] {processor.py:161} INFO - Started process (PID=30681) to work on /home/airflow/.local/lib/python3.12/site-packages/airflow/example_dags/example_local_kubernetes_executor.py
[2026-06-02T04:50:44.646+0000] {processor.py:830} INFO - Processing file /home/airflow/.local/lib/python3.12/site-packages/airflow/example_dags/example_local_kubernetes_executor.py for tasks to queue
[2026-06-02T04:50:44.648+0000] {logging_mixin.py:188} INFO - [2026-06-02T04:50:44.648+0000] {dagbag.py:540} INFO - Filling up the DagBag from /home/airflow/.local/lib/python3.12/site-packages/airflow/example_dags/example_local_kubernetes_executor.py
[2026-06-02T04:50:44.654+0000] {processor.py:840} INFO - DAG(s) 'example_local_kubernetes_executor' retrieved from /home/airflow/.local/lib/python3.12/site-packages/airflow/example_dags/example_local_kubernetes_executor.py
[2026-06-02T04:50:44.681+0000] {logging_mixin.py:188} INFO - [2026-06-02T04:50:44.681+0000] {dag.py:3096} INFO - Sync 1 DAGs
[2026-06-02T04:50:44.691+0000] {logging_mixin.py:188} INFO - [2026-06-02T04:50:44.690+0000] {dag.py:3954} INFO - Setting next_dagrun for example_local_kubernetes_executor to None, run_after=None
[2026-06-02T04:50:44.705+0000] {processor.py:183} INFO - Processing /home/airflow/.local/lib/python3.12/site-packages/airflow/example_dags/example_local_kubernetes_executor.py took 0.065 seconds
[2026-06-02T04:51:15.157+0000] {processor.py:161} INFO - Started process (PID=30740) to work on /home/airflow/.local/lib/python3.12/site-packages/airflow/example_dags/example_local_kubernetes_executor.py
[2026-06-02T04:51:15.158+0000] {processor.py:830} INFO - Processing file /home/airflow/.local/lib/python3.12/site-packages/airflow/example_dags/example_local_kubernetes_executor.py for tasks to queue
[2026-06-02T04:51:15.160+0000] {logging_mixin.py:188} INFO - [2026-06-02T04:51:15.160+0000] {dagbag.py:540} INFO - Filling up the DagBag from /home/airflow/.local/lib/python3.12/site-packages/airflow/example_dags/example_local_kubernetes_executor.py
[2026-06-02T04:51:15.167+0000] {processor.py:840} INFO - DAG(s) 'example_local_kubernetes_executor' retrieved from /home/airflow/.local/lib/python3.12/site-packages/airflow/example_dags/example_local_kubernetes_executor.py
[2026-06-02T04:51:15.196+0000] {logging_mixin.py:188} INFO - [2026-06-02T04:51:15.196+0000] {dag.py:3096} INFO - Sync 1 DAGs
[2026-06-02T04:51:15.206+0000] {logging_mixin.py:188} INFO - [2026-06-02T04:51:15.206+0000] {dag.py:3954} INFO - Setting next_dagrun for example_local_kubernetes_executor to None, run_after=None
[2026-06-02T04:51:15.222+0000] {processor.py:183} INFO - Processing /home/airflow/.local/lib/python3.12/site-packages/airflow/example_dags/example_local_kubernetes_executor.py took 0.070 seconds
[2026-06-02T04:51:45.367+0000] {processor.py:161} INFO - Started process (PID=30800) to work on /home/airflow/.local/lib/python3.12/site-packages/airflow/example_dags/example_local_kubernetes_executor.py
[2026-06-02T04:51:45.368+0000] {processor.py:830} INFO - Processing file /home/airflow/.local/lib/python3.12/site-packages/airflow/example_dags/example_local_kubernetes_executor.py for tasks to queue
[2026-06-02T04:51:45.370+0000] {logging_mixin.py:188} INFO - [2026-06-02T04:51:45.370+0000] {dagbag.py:540} INFO - Filling up the DagBag from /home/airflow/.local/lib/python3.12/site-packages/airflow/example_dags/example_local_kubernetes_executor.py
[2026-06-02T04:51:45.377+0000] {processor.py:840} INFO - DAG(s) 'example_local_kubernetes_executor' retrieved from /home/airflow/.local/lib/python3.12/site-packages/airflow/example_dags/example_local_kubernetes_executor.py
[2026-06-02T04:51:45.401+0000] {logging_mixin.py:188} INFO - [2026-06-02T04:51:45.401+0000] {dag.py:3096} INFO - Sync 1 DAGs
[2026-06-02T04:51:45.411+0000] {logging_mixin.py:188} INFO - [2026-06-02T04:51:45.411+0000] {dag.py:3954} INFO - Setting next_dagrun for example_local_kubernetes_executor to None, run_after=None
[2026-06-02T04:51:45.425+0000] {processor.py:183} INFO - Processing /home/airflow/.local/lib/python3.12/site-packages/airflow/example_dags/example_local_kubernetes_executor.py took 0.062 seconds
[2026-06-02T04:52:15.878+0000] {processor.py:161} INFO - Started process (PID=30859) to work on /home/airflow/.local/lib/python3.12/site-packages/airflow/example_dags/example_local_kubernetes_executor.py
[2026-06-02T04:52:15.879+0000] {processor.py:830} INFO - Processing file /home/airflow/.local/lib/python3.12/site-packages/airflow/example_dags/example_local_kubernetes_executor.py for tasks to queue
[2026-06-02T04:52:15.880+0000] {logging_mixin.py:188} INFO - [2026-06-02T04:52:15.880+0000] {dagbag.py:540} INFO - Filling up the DagBag from /home/airflow/.local/lib/python3.12/site-packages/airflow/example_dags/example_local_kubernetes_executor.py
[2026-06-02T04:52:15.887+0000] {processor.py:840} INFO - DAG(s) 'example_local_kubernetes_executor' retrieved from /home/airflow/.local/lib/python3.12/site-packages/airflow/example_dags/example_local_kubernetes_executor.py
[2026-06-02T04:52:15.914+0000] {logging_mixin.py:188} INFO - [2026-06-02T04:52:15.914+0000] {dag.py:3096} INFO - Sync 1 DAGs
[2026-06-02T04:52:15.925+0000] {logging_mixin.py:188} INFO - [2026-06-02T04:52:15.925+0000] {dag.py:3954} INFO - Setting next_dagrun for example_local_kubernetes_executor to None, run_after=None
[2026-06-02T04:52:15.942+0000] {processor.py:183} INFO - Processing /home/airflow/.local/lib/python3.12/site-packages/airflow/example_dags/example_local_kubernetes_executor.py took 0.069 seconds
[2026-06-02T04:52:46.416+0000] {processor.py:161} INFO - Started process (PID=30918) to work on /home/airflow/.local/lib/python3.12/site-packages/airflow/example_dags/example_local_kubernetes_executor.py
[2026-06-02T04:52:46.418+0000] {processor.py:830} INFO - Processing file /home/airflow/.local/lib/python3.12/site-packages/airflow/example_dags/example_local_kubernetes_executor.py for tasks to queue
[2026-06-02T04:52:46.420+0000] {logging_mixin.py:188} INFO - [2026-06-02T04:52:46.419+0000] {dagbag.py:540} INFO - Filling up the DagBag from /home/airflow/.local/lib/python3.12/site-packages/airflow/example_dags/example_local_kubernetes_executor.py
[2026-06-02T04:52:46.426+0000] {processor.py:840} INFO - DAG(s) 'example_local_kubernetes_executor' retrieved from /home/airflow/.local/lib/python3.12/site-packages/airflow/example_dags/example_local_kubernetes_executor.py
[2026-06-02T04:52:46.453+0000] {logging_mixin.py:188} INFO - [2026-06-02T04:52:46.453+0000] {dag.py:3096} INFO - Sync 1 DAGs
[2026-06-02T04:52:46.463+0000] {logging_mixin.py:188} INFO - [2026-06-02T04:52:46.463+0000] {dag.py:3954} INFO - Setting next_dagrun for example_local_kubernetes_executor to None, run_after=None
[2026-06-02T04:52:46.479+0000] {processor.py:183} INFO - Processing /home/airflow/.local/lib/python3.12/site-packages/airflow/example_dags/example_local_kubernetes_executor.py took 0.068 seconds
[2026-06-02T04:53:16.642+0000] {processor.py:161} INFO - Started process (PID=30977) to work on /home/airflow/.local/lib/python3.12/site-packages/airflow/example_dags/example_local_kubernetes_executor.py
[2026-06-02T04:53:16.643+0000] {processor.py:830} INFO - Processing file /home/airflow/.local/lib/python3.12/site-packages/airflow/example_dags/example_local_kubernetes_executor.py for tasks to queue
[2026-06-02T04:53:16.644+0000] {logging_mixin.py:188} INFO - [2026-06-02T04:53:16.644+0000] {dagbag.py:540} INFO - Filling up the DagBag from /home/airflow/.local/lib/python3.12/site-packages/airflow/example_dags/example_local_kubernetes_executor.py
[2026-06-02T04:53:16.651+0000] {processor.py:840} INFO - DAG(s) 'example_local_kubernetes_executor' retrieved from /home/airflow/.local/lib/python3.12/site-packages/airflow/example_dags/example_local_kubernetes_executor.py
[2026-06-02T04:53:16.677+0000] {logging_mixin.py:188} INFO - [2026-06-02T04:53:16.677+0000] {dag.py:3096} INFO - Sync 1 DAGs
[2026-06-02T04:53:16.687+0000] {logging_mixin.py:188} INFO - [2026-06-02T04:53:16.686+0000] {dag.py:3954} INFO - Setting next_dagrun for example_local_kubernetes_executor to None, run_after=None
[2026-06-02T04:53:16.702+0000] {processor.py:183} INFO - Processing /home/airflow/.local/lib/python3.12/site-packages/airflow/example_dags/example_local_kubernetes_executor.py took 0.064 seconds
[2026-06-02T04:53:46.988+0000] {processor.py:161} INFO - Started process (PID=31036) to work on /home/airflow/.local/lib/python3.12/site-packages/airflow/example_dags/example_local_kubernetes_executor.py
[2026-06-02T04:53:46.989+0000] {processor.py:830} INFO - Processing file /home/airflow/.local/lib/python3.12/site-packages/airflow/example_dags/example_local_kubernetes_executor.py for tasks to queue
[2026-06-02T04:53:46.990+0000] {logging_mixin.py:188} INFO - [2026-06-02T04:53:46.990+0000] {dagbag.py:540} INFO - Filling up the DagBag from /home/airflow/.local/lib/python3.12/site-packages/airflow/example_dags/example_local_kubernetes_executor.py
[2026-06-02T04:53:46.996+0000] {processor.py:840} INFO - DAG(s) 'example_local_kubernetes_executor' retrieved from /home/airflow/.local/lib/python3.12/site-packages/airflow/example_dags/example_local_kubernetes_executor.py
[2026-06-02T04:53:47.027+0000] {logging_mixin.py:188} INFO - [2026-06-02T04:53:47.027+0000] {dag.py:3096} INFO - Sync 1 DAGs
[2026-06-02T04:53:47.038+0000] {logging_mixin.py:188} INFO - [2026-06-02T04:53:47.038+0000] {dag.py:3954} INFO - Setting next_dagrun for example_local_kubernetes_executor to None, run_after=None
[2026-06-02T04:53:47.053+0000] {processor.py:183} INFO - Processing /home/airflow/.local/lib/python3.12/site-packages/airflow/example_dags/example_local_kubernetes_executor.py took 0.070 seconds
[2026-06-02T04:54:17.440+0000] {processor.py:161} INFO - Started process (PID=31096) to work on /home/airflow/.local/lib/python3.12/site-packages/airflow/example_dags/example_local_kubernetes_executor.py
[2026-06-02T04:54:17.441+0000] {processor.py:830} INFO - Processing file /home/airflow/.local/lib/python3.12/site-packages/airflow/example_dags/example_local_kubernetes_executor.py for tasks to queue
[2026-06-02T04:54:17.442+0000] {logging_mixin.py:188} INFO - [2026-06-02T04:54:17.442+0000] {dagbag.py:540} INFO - Filling up the DagBag from /home/airflow/.local/lib/python3.12/site-packages/airflow/example_dags/example_local_kubernetes_executor.py
[2026-06-02T04:54:17.448+0000] {processor.py:840} INFO - DAG(s) 'example_local_kubernetes_executor' retrieved from /home/airflow/.local/lib/python3.12/site-packages/airflow/example_dags/example_local_kubernetes_executor.py
[2026-06-02T04:54:17.475+0000] {logging_mixin.py:188} INFO - [2026-06-02T04:54:17.474+0000] {dag.py:3096} INFO - Sync 1 DAGs
[2026-06-02T04:54:17.485+0000] {logging_mixin.py:188} INFO - [2026-06-02T04:54:17.485+0000] {dag.py:3954} INFO - Setting next_dagrun for example_local_kubernetes_executor to None, run_after=None
[2026-06-02T04:54:17.500+0000] {processor.py:183} INFO - Processing /home/airflow/.local/lib/python3.12/site-packages/airflow/example_dags/example_local_kubernetes_executor.py took 0.067 seconds
[2026-06-02T04:54:47.842+0000] {processor.py:161} INFO - Started process (PID=31155) to work on /home/airflow/.local/lib/python3.12/site-packages/airflow/example_dags/example_local_kubernetes_executor.py
[2026-06-02T04:54:47.843+0000] {processor.py:830} INFO - Processing file /home/airflow/.local/lib/python3.12/site-packages/airflow/example_dags/example_local_kubernetes_executor.py for tasks to queue
[2026-06-02T04:54:47.844+0000] {logging_mixin.py:188} INFO - [2026-06-02T04:54:47.844+0000] {dagbag.py:540} INFO - Filling up the DagBag from /home/airflow/.local/lib/python3.12/site-packages/airflow/example_dags/example_local_kubernetes_executor.py
[2026-06-02T04:54:47.851+0000] {processor.py:840} INFO - DAG(s) 'example_local_kubernetes_executor' retrieved from /home/airflow/.local/lib/python3.12/site-packages/airflow/example_dags/example_local_kubernetes_executor.py
[2026-06-02T04:54:47.877+0000] {logging_mixin.py:188} INFO - [2026-06-02T04:54:47.876+0000] {dag.py:3096} INFO - Sync 1 DAGs
[2026-06-02T04:54:47.887+0000] {logging_mixin.py:188} INFO - [2026-06-02T04:54:47.886+0000] {dag.py:3954} INFO - Setting next_dagrun for example_local_kubernetes_executor to None, run_after=None
[2026-06-02T04:54:47.904+0000] {processor.py:183} INFO - Processing /home/airflow/.local/lib/python3.12/site-packages/airflow/example_dags/example_local_kubernetes_executor.py took 0.067 seconds
[2026-06-02T04:55:18.095+0000] {processor.py:161} INFO - Started process (PID=31214) to work on /home/airflow/.local/lib/python3.12/site-packages/airflow/example_dags/example_local_kubernetes_executor.py
[2026-06-02T04:55:18.096+0000] {processor.py:830} INFO - Processing file /home/airflow/.local/lib/python3.12/site-packages/airflow/example_dags/example_local_kubernetes_executor.py for tasks to queue
[2026-06-02T04:55:18.098+0000] {logging_mixin.py:188} INFO - [2026-06-02T04:55:18.098+0000] {dagbag.py:540} INFO - Filling up the DagBag from /home/airflow/.local/lib/python3.12/site-packages/airflow/example_dags/example_local_kubernetes_executor.py
[2026-06-02T04:55:18.104+0000] {processor.py:840} INFO - DAG(s) 'example_local_kubernetes_executor' retrieved from /home/airflow/.local/lib/python3.12/site-packages/airflow/example_dags/example_local_kubernetes_executor.py
[2026-06-02T04:55:18.130+0000] {logging_mixin.py:188} INFO - [2026-06-02T04:55:18.130+0000] {dag.py:3096} INFO - Sync 1 DAGs
[2026-06-02T04:55:18.140+0000] {logging_mixin.py:188} INFO - [2026-06-02T04:55:18.140+0000] {dag.py:3954} INFO - Setting next_dagrun for example_local_kubernetes_executor to None, run_after=None
[2026-06-02T04:55:18.154+0000] {processor.py:183} INFO - Processing /home/airflow/.local/lib/python3.12/site-packages/airflow/example_dags/example_local_kubernetes_executor.py took 0.064 seconds
[2026-06-02T04:55:48.504+0000] {processor.py:161} INFO - Started process (PID=31273) to work on /home/airflow/.local/lib/python3.12/site-packages/airflow/example_dags/example_local_kubernetes_executor.py
[2026-06-02T04:55:48.505+0000] {processor.py:830} INFO - Processing file /home/airflow/.local/lib/python3.12/site-packages/airflow/example_dags/example_local_kubernetes_executor.py for tasks to queue
[2026-06-02T04:55:48.507+0000] {logging_mixin.py:188} INFO - [2026-06-02T04:55:48.507+0000] {dagbag.py:540} INFO - Filling up the DagBag from /home/airflow/.local/lib/python3.12/site-packages/airflow/example_dags/example_local_kubernetes_executor.py
[2026-06-02T04:55:48.514+0000] {processor.py:840} INFO - DAG(s) 'example_local_kubernetes_executor' retrieved from /home/airflow/.local/lib/python3.12/site-packages/airflow/example_dags/example_local_kubernetes_executor.py
[2026-06-02T04:55:48.542+0000] {logging_mixin.py:188} INFO - [2026-06-02T04:55:48.542+0000] {dag.py:3096} INFO - Sync 1 DAGs
[2026-06-02T04:55:48.552+0000] {logging_mixin.py:188} INFO - [2026-06-02T04:55:48.551+0000] {dag.py:3954} INFO - Setting next_dagrun for example_local_kubernetes_executor to None, run_after=None
[2026-06-02T04:55:48.566+0000] {processor.py:183} INFO - Processing /home/airflow/.local/lib/python3.12/site-packages/airflow/example_dags/example_local_kubernetes_executor.py took 0.066 seconds
[2026-06-02T04:56:18.990+0000] {processor.py:161} INFO - Started process (PID=31332) to work on /home/airflow/.local/lib/python3.12/site-packages/airflow/example_dags/example_local_kubernetes_executor.py
[2026-06-02T04:56:18.991+0000] {processor.py:830} INFO - Processing file /home/airflow/.local/lib/python3.12/site-packages/airflow/example_dags/example_local_kubernetes_executor.py for tasks to queue
[2026-06-02T04:56:18.993+0000] {logging_mixin.py:188} INFO - [2026-06-02T04:56:18.992+0000] {dagbag.py:540} INFO - Filling up the DagBag from /home/airflow/.local/lib/python3.12/site-packages/airflow/example_dags/example_local_kubernetes_executor.py
[2026-06-02T04:56:18.999+0000] {processor.py:840} INFO - DAG(s) 'example_local_kubernetes_executor' retrieved from /home/airflow/.local/lib/python3.12/site-packages/airflow/example_dags/example_local_kubernetes_executor.py
[2026-06-02T04:56:19.025+0000] {logging_mixin.py:188} INFO - [2026-06-02T04:56:19.025+0000] {dag.py:3096} INFO - Sync 1 DAGs
[2026-06-02T04:56:19.034+0000] {logging_mixin.py:188} INFO - [2026-06-02T04:56:19.034+0000] {dag.py:3954} INFO - Setting next_dagrun for example_local_kubernetes_executor to None, run_after=None
[2026-06-02T04:56:19.051+0000] {processor.py:183} INFO - Processing /home/airflow/.local/lib/python3.12/site-packages/airflow/example_dags/example_local_kubernetes_executor.py took 0.066 seconds
[2026-06-02T04:56:49.264+0000] {processor.py:161} INFO - Started process (PID=31391) to work on /home/airflow/.local/lib/python3.12/site-packages/airflow/example_dags/example_local_kubernetes_executor.py
[2026-06-02T04:56:49.265+0000] {processor.py:830} INFO - Processing file /home/airflow/.local/lib/python3.12/site-packages/airflow/example_dags/example_local_kubernetes_executor.py for tasks to queue
[2026-06-02T04:56:49.267+0000] {logging_mixin.py:188} INFO - [2026-06-02T04:56:49.267+0000] {dagbag.py:540} INFO - Filling up the DagBag from /home/airflow/.local/lib/python3.12/site-packages/airflow/example_dags/example_local_kubernetes_executor.py
[2026-06-02T04:56:49.274+0000] {processor.py:840} INFO - DAG(s) 'example_local_kubernetes_executor' retrieved from /home/airflow/.local/lib/python3.12/site-packages/airflow/example_dags/example_local_kubernetes_executor.py
[2026-06-02T04:56:49.301+0000] {logging_mixin.py:188} INFO - [2026-06-02T04:56:49.301+0000] {dag.py:3096} INFO - Sync 1 DAGs
[2026-06-02T04:56:49.312+0000] {logging_mixin.py:188} INFO - [2026-06-02T04:56:49.312+0000] {dag.py:3954} INFO - Setting next_dagrun for example_local_kubernetes_executor to None, run_after=None
[2026-06-02T04:56:49.326+0000] {processor.py:183} INFO - Processing /home/airflow/.local/lib/python3.12/site-packages/airflow/example_dags/example_local_kubernetes_executor.py took 0.068 seconds
[2026-06-02T06:14:47.363+0000] {processor.py:161} INFO - Started process (PID=31450) to work on /home/airflow/.local/lib/python3.12/site-packages/airflow/example_dags/example_local_kubernetes_executor.py
[2026-06-02T06:14:47.375+0000] {processor.py:830} INFO - Processing file /home/airflow/.local/lib/python3.12/site-packages/airflow/example_dags/example_local_kubernetes_executor.py for tasks to queue
[2026-06-02T06:14:47.388+0000] {logging_mixin.py:188} INFO - [2026-06-02T06:14:47.387+0000] {dagbag.py:540} INFO - Filling up the DagBag from /home/airflow/.local/lib/python3.12/site-packages/airflow/example_dags/example_local_kubernetes_executor.py
[2026-06-02T06:14:47.424+0000] {processor.py:840} INFO - DAG(s) 'example_local_kubernetes_executor' retrieved from /home/airflow/.local/lib/python3.12/site-packages/airflow/example_dags/example_local_kubernetes_executor.py
[2026-06-02T06:23:40.657+0000] {logging_mixin.py:188} INFO - [2026-06-02T06:23:40.656+0000] {dag.py:3096} INFO - Sync 1 DAGs
[2026-06-02T06:23:40.710+0000] {logging_mixin.py:188} INFO - [2026-06-02T06:23:40.710+0000] {dag.py:3954} INFO - Setting next_dagrun for example_local_kubernetes_executor to None, run_after=None
[2026-06-02T08:04:32.138+0000] {processor.py:161} INFO - Started process (PID=31544) to work on /home/airflow/.local/lib/python3.12/site-packages/airflow/example_dags/example_local_kubernetes_executor.py
[2026-06-02T08:04:32.139+0000] {processor.py:830} INFO - Processing file /home/airflow/.local/lib/python3.12/site-packages/airflow/example_dags/example_local_kubernetes_executor.py for tasks to queue
[2026-06-02T08:04:32.140+0000] {logging_mixin.py:188} INFO - [2026-06-02T08:04:32.140+0000] {dagbag.py:540} INFO - Filling up the DagBag from /home/airflow/.local/lib/python3.12/site-packages/airflow/example_dags/example_local_kubernetes_executor.py
[2026-06-02T08:04:32.146+0000] {processor.py:840} INFO - DAG(s) 'example_local_kubernetes_executor' retrieved from /home/airflow/.local/lib/python3.12/site-packages/airflow/example_dags/example_local_kubernetes_executor.py
[2026-06-02T08:04:32.178+0000] {logging_mixin.py:188} INFO - [2026-06-02T08:04:32.178+0000] {dag.py:3096} INFO - Sync 1 DAGs
[2026-06-02T08:04:32.188+0000] {logging_mixin.py:188} INFO - [2026-06-02T08:04:32.188+0000] {dag.py:3954} INFO - Setting next_dagrun for example_local_kubernetes_executor to None, run_after=None
[2026-06-02T08:04:32.206+0000] {processor.py:183} INFO - Processing /home/airflow/.local/lib/python3.12/site-packages/airflow/example_dags/example_local_kubernetes_executor.py took 0.073 seconds
[2026-06-02T08:34:40.701+0000] {processor.py:161} INFO - Started process (PID=31592) to work on /home/airflow/.local/lib/python3.12/site-packages/airflow/example_dags/example_local_kubernetes_executor.py
[2026-06-02T08:34:40.706+0000] {processor.py:830} INFO - Processing file /home/airflow/.local/lib/python3.12/site-packages/airflow/example_dags/example_local_kubernetes_executor.py for tasks to queue
[2026-06-02T08:34:40.708+0000] {logging_mixin.py:188} INFO - [2026-06-02T08:34:40.708+0000] {dagbag.py:540} INFO - Filling up the DagBag from /home/airflow/.local/lib/python3.12/site-packages/airflow/example_dags/example_local_kubernetes_executor.py
[2026-06-02T08:34:40.730+0000] {processor.py:840} INFO - DAG(s) 'example_local_kubernetes_executor' retrieved from /home/airflow/.local/lib/python3.12/site-packages/airflow/example_dags/example_local_kubernetes_executor.py
[2026-06-02T08:34:40.837+0000] {logging_mixin.py:188} INFO - [2026-06-02T08:34:40.836+0000] {dag.py:3096} INFO - Sync 1 DAGs
[2026-06-02T08:34:40.866+0000] {logging_mixin.py:188} INFO - [2026-06-02T08:34:40.866+0000] {dag.py:3954} INFO - Setting next_dagrun for example_local_kubernetes_executor to None, run_after=None
[2026-06-02T08:34:40.909+0000] {processor.py:183} INFO - Processing /home/airflow/.local/lib/python3.12/site-packages/airflow/example_dags/example_local_kubernetes_executor.py took 0.224 seconds
[2026-06-02T08:35:11.095+0000] {processor.py:161} INFO - Started process (PID=31651) to work on /home/airflow/.local/lib/python3.12/site-packages/airflow/example_dags/example_local_kubernetes_executor.py
[2026-06-02T08:35:11.096+0000] {processor.py:830} INFO - Processing file /home/airflow/.local/lib/python3.12/site-packages/airflow/example_dags/example_local_kubernetes_executor.py for tasks to queue
[2026-06-02T08:35:11.097+0000] {logging_mixin.py:188} INFO - [2026-06-02T08:35:11.097+0000] {dagbag.py:540} INFO - Filling up the DagBag from /home/airflow/.local/lib/python3.12/site-packages/airflow/example_dags/example_local_kubernetes_executor.py
[2026-06-02T08:35:11.105+0000] {processor.py:840} INFO - DAG(s) 'example_local_kubernetes_executor' retrieved from /home/airflow/.local/lib/python3.12/site-packages/airflow/example_dags/example_local_kubernetes_executor.py
[2026-06-02T08:35:11.135+0000] {logging_mixin.py:188} INFO - [2026-06-02T08:35:11.135+0000] {dag.py:3096} INFO - Sync 1 DAGs
[2026-06-02T08:35:11.147+0000] {logging_mixin.py:188} INFO - [2026-06-02T08:35:11.147+0000] {dag.py:3954} INFO - Setting next_dagrun for example_local_kubernetes_executor to None, run_after=None
[2026-06-02T08:35:11.169+0000] {processor.py:183} INFO - Processing /home/airflow/.local/lib/python3.12/site-packages/airflow/example_dags/example_local_kubernetes_executor.py took 0.080 seconds
[2026-06-02T08:35:41.572+0000] {processor.py:161} INFO - Started process (PID=31710) to work on /home/airflow/.local/lib/python3.12/site-packages/airflow/example_dags/example_local_kubernetes_executor.py
[2026-06-02T08:35:41.576+0000] {processor.py:830} INFO - Processing file /home/airflow/.local/lib/python3.12/site-packages/airflow/example_dags/example_local_kubernetes_executor.py for tasks to queue
[2026-06-02T08:35:41.577+0000] {logging_mixin.py:188} INFO - [2026-06-02T08:35:41.576+0000] {dagbag.py:540} INFO - Filling up the DagBag from /home/airflow/.local/lib/python3.12/site-packages/airflow/example_dags/example_local_kubernetes_executor.py
[2026-06-02T08:35:41.586+0000] {processor.py:840} INFO - DAG(s) 'example_local_kubernetes_executor' retrieved from /home/airflow/.local/lib/python3.12/site-packages/airflow/example_dags/example_local_kubernetes_executor.py
[2026-06-02T08:35:41.639+0000] {logging_mixin.py:188} INFO - [2026-06-02T08:35:41.639+0000] {dag.py:3096} INFO - Sync 1 DAGs
[2026-06-02T08:35:41.653+0000] {logging_mixin.py:188} INFO - [2026-06-02T08:35:41.653+0000] {dag.py:3954} INFO - Setting next_dagrun for example_local_kubernetes_executor to None, run_after=None
[2026-06-02T08:35:41.679+0000] {processor.py:183} INFO - Processing /home/airflow/.local/lib/python3.12/site-packages/airflow/example_dags/example_local_kubernetes_executor.py took 0.116 seconds
[2026-06-02T08:36:12.024+0000] {processor.py:161} INFO - Started process (PID=31769) to work on /home/airflow/.local/lib/python3.12/site-packages/airflow/example_dags/example_local_kubernetes_executor.py
[2026-06-02T08:36:12.025+0000] {processor.py:830} INFO - Processing file /home/airflow/.local/lib/python3.12/site-packages/airflow/example_dags/example_local_kubernetes_executor.py for tasks to queue
[2026-06-02T08:36:12.026+0000] {logging_mixin.py:188} INFO - [2026-06-02T08:36:12.026+0000] {dagbag.py:540} INFO - Filling up the DagBag from /home/airflow/.local/lib/python3.12/site-packages/airflow/example_dags/example_local_kubernetes_executor.py
[2026-06-02T08:36:12.034+0000] {processor.py:840} INFO - DAG(s) 'example_local_kubernetes_executor' retrieved from /home/airflow/.local/lib/python3.12/site-packages/airflow/example_dags/example_local_kubernetes_executor.py
[2026-06-02T08:36:12.069+0000] {logging_mixin.py:188} INFO - [2026-06-02T08:36:12.068+0000] {dag.py:3096} INFO - Sync 1 DAGs
[2026-06-02T08:36:12.083+0000] {logging_mixin.py:188} INFO - [2026-06-02T08:36:12.082+0000] {dag.py:3954} INFO - Setting next_dagrun for example_local_kubernetes_executor to None, run_after=None
[2026-06-02T08:36:12.103+0000] {processor.py:183} INFO - Processing /home/airflow/.local/lib/python3.12/site-packages/airflow/example_dags/example_local_kubernetes_executor.py took 0.086 seconds
[2026-06-02T08:36:42.160+0000] {processor.py:161} INFO - Started process (PID=31828) to work on /home/airflow/.local/lib/python3.12/site-packages/airflow/example_dags/example_local_kubernetes_executor.py
[2026-06-02T08:36:42.161+0000] {processor.py:830} INFO - Processing file /home/airflow/.local/lib/python3.12/site-packages/airflow/example_dags/example_local_kubernetes_executor.py for tasks to queue
[2026-06-02T08:36:42.162+0000] {logging_mixin.py:188} INFO - [2026-06-02T08:36:42.162+0000] {dagbag.py:540} INFO - Filling up the DagBag from /home/airflow/.local/lib/python3.12/site-packages/airflow/example_dags/example_local_kubernetes_executor.py
[2026-06-02T08:36:42.170+0000] {processor.py:840} INFO - DAG(s) 'example_local_kubernetes_executor' retrieved from /home/airflow/.local/lib/python3.12/site-packages/airflow/example_dags/example_local_kubernetes_executor.py
[2026-06-02T08:36:42.207+0000] {logging_mixin.py:188} INFO - [2026-06-02T08:36:42.207+0000] {dag.py:3096} INFO - Sync 1 DAGs
[2026-06-02T08:36:42.218+0000] {logging_mixin.py:188} INFO - [2026-06-02T08:36:42.218+0000] {dag.py:3954} INFO - Setting next_dagrun for example_local_kubernetes_executor to None, run_after=None
[2026-06-02T08:36:42.242+0000] {processor.py:183} INFO - Processing /home/airflow/.local/lib/python3.12/site-packages/airflow/example_dags/example_local_kubernetes_executor.py took 0.087 seconds
[2026-06-02T08:37:12.434+0000] {processor.py:161} INFO - Started process (PID=31887) to work on /home/airflow/.local/lib/python3.12/site-packages/airflow/example_dags/example_local_kubernetes_executor.py
[2026-06-02T08:37:12.435+0000] {processor.py:830} INFO - Processing file /home/airflow/.local/lib/python3.12/site-packages/airflow/example_dags/example_local_kubernetes_executor.py for tasks to queue
[2026-06-02T08:37:12.437+0000] {logging_mixin.py:188} INFO - [2026-06-02T08:37:12.436+0000] {dagbag.py:540} INFO - Filling up the DagBag from /home/airflow/.local/lib/python3.12/site-packages/airflow/example_dags/example_local_kubernetes_executor.py
[2026-06-02T08:37:12.445+0000] {processor.py:840} INFO - DAG(s) 'example_local_kubernetes_executor' retrieved from /home/airflow/.local/lib/python3.12/site-packages/airflow/example_dags/example_local_kubernetes_executor.py
[2026-06-02T08:37:12.479+0000] {logging_mixin.py:188} INFO - [2026-06-02T08:37:12.479+0000] {dag.py:3096} INFO - Sync 1 DAGs
[2026-06-02T08:37:12.491+0000] {logging_mixin.py:188} INFO - [2026-06-02T08:37:12.491+0000] {dag.py:3954} INFO - Setting next_dagrun for example_local_kubernetes_executor to None, run_after=None
[2026-06-02T08:37:12.511+0000] {processor.py:183} INFO - Processing /home/airflow/.local/lib/python3.12/site-packages/airflow/example_dags/example_local_kubernetes_executor.py took 0.085 seconds
[2026-06-02T08:37:42.669+0000] {processor.py:161} INFO - Started process (PID=31946) to work on /home/airflow/.local/lib/python3.12/site-packages/airflow/example_dags/example_local_kubernetes_executor.py
[2026-06-02T08:37:42.671+0000] {processor.py:830} INFO - Processing file /home/airflow/.local/lib/python3.12/site-packages/airflow/example_dags/example_local_kubernetes_executor.py for tasks to queue
[2026-06-02T08:37:42.672+0000] {logging_mixin.py:188} INFO - [2026-06-02T08:37:42.672+0000] {dagbag.py:540} INFO - Filling up the DagBag from /home/airflow/.local/lib/python3.12/site-packages/airflow/example_dags/example_local_kubernetes_executor.py
[2026-06-02T08:37:42.680+0000] {processor.py:840} INFO - DAG(s) 'example_local_kubernetes_executor' retrieved from /home/airflow/.local/lib/python3.12/site-packages/airflow/example_dags/example_local_kubernetes_executor.py
[2026-06-02T08:37:42.709+0000] {logging_mixin.py:188} INFO - [2026-06-02T08:37:42.709+0000] {dag.py:3096} INFO - Sync 1 DAGs
[2026-06-02T08:37:42.721+0000] {logging_mixin.py:188} INFO - [2026-06-02T08:37:42.720+0000] {dag.py:3954} INFO - Setting next_dagrun for example_local_kubernetes_executor to None, run_after=None
[2026-06-02T08:37:42.743+0000] {processor.py:183} INFO - Processing /home/airflow/.local/lib/python3.12/site-packages/airflow/example_dags/example_local_kubernetes_executor.py took 0.079 seconds
[2026-06-02T08:38:12.929+0000] {processor.py:161} INFO - Started process (PID=32005) to work on /home/airflow/.local/lib/python3.12/site-packages/airflow/example_dags/example_local_kubernetes_executor.py
[2026-06-02T08:38:12.931+0000] {processor.py:830} INFO - Processing file /home/airflow/.local/lib/python3.12/site-packages/airflow/example_dags/example_local_kubernetes_executor.py for tasks to queue
[2026-06-02T08:38:12.932+0000] {logging_mixin.py:188} INFO - [2026-06-02T08:38:12.932+0000] {dagbag.py:540} INFO - Filling up the DagBag from /home/airflow/.local/lib/python3.12/site-packages/airflow/example_dags/example_local_kubernetes_executor.py
[2026-06-02T08:38:12.944+0000] {processor.py:840} INFO - DAG(s) 'example_local_kubernetes_executor' retrieved from /home/airflow/.local/lib/python3.12/site-packages/airflow/example_dags/example_local_kubernetes_executor.py
[2026-06-02T08:38:13.000+0000] {logging_mixin.py:188} INFO - [2026-06-02T08:38:12.999+0000] {dag.py:3096} INFO - Sync 1 DAGs
[2026-06-02T08:38:13.018+0000] {logging_mixin.py:188} INFO - [2026-06-02T08:38:13.018+0000] {dag.py:3954} INFO - Setting next_dagrun for example_local_kubernetes_executor to None, run_after=None
[2026-06-02T08:38:13.039+0000] {processor.py:183} INFO - Processing /home/airflow/.local/lib/python3.12/site-packages/airflow/example_dags/example_local_kubernetes_executor.py took 0.117 seconds
[2026-06-02T08:38:43.133+0000] {processor.py:161} INFO - Started process (PID=32064) to work on /home/airflow/.local/lib/python3.12/site-packages/airflow/example_dags/example_local_kubernetes_executor.py
[2026-06-02T08:38:43.135+0000] {processor.py:830} INFO - Processing file /home/airflow/.local/lib/python3.12/site-packages/airflow/example_dags/example_local_kubernetes_executor.py for tasks to queue
[2026-06-02T08:38:43.138+0000] {logging_mixin.py:188} INFO - [2026-06-02T08:38:43.137+0000] {dagbag.py:540} INFO - Filling up the DagBag from /home/airflow/.local/lib/python3.12/site-packages/airflow/example_dags/example_local_kubernetes_executor.py
[2026-06-02T08:38:43.151+0000] {processor.py:840} INFO - DAG(s) 'example_local_kubernetes_executor' retrieved from /home/airflow/.local/lib/python3.12/site-packages/airflow/example_dags/example_local_kubernetes_executor.py
[2026-06-02T08:38:43.211+0000] {logging_mixin.py:188} INFO - [2026-06-02T08:38:43.211+0000] {dag.py:3096} INFO - Sync 1 DAGs
[2026-06-02T08:38:43.228+0000] {logging_mixin.py:188} INFO - [2026-06-02T08:38:43.227+0000] {dag.py:3954} INFO - Setting next_dagrun for example_local_kubernetes_executor to None, run_after=None
[2026-06-02T08:38:43.252+0000] {processor.py:183} INFO - Processing /home/airflow/.local/lib/python3.12/site-packages/airflow/example_dags/example_local_kubernetes_executor.py took 0.132 seconds
[2026-06-02T08:39:13.315+0000] {processor.py:161} INFO - Started process (PID=32123) to work on /home/airflow/.local/lib/python3.12/site-packages/airflow/example_dags/example_local_kubernetes_executor.py
[2026-06-02T08:39:13.317+0000] {processor.py:830} INFO - Processing file /home/airflow/.local/lib/python3.12/site-packages/airflow/example_dags/example_local_kubernetes_executor.py for tasks to queue
[2026-06-02T08:39:13.318+0000] {logging_mixin.py:188} INFO - [2026-06-02T08:39:13.317+0000] {dagbag.py:540} INFO - Filling up the DagBag from /home/airflow/.local/lib/python3.12/site-packages/airflow/example_dags/example_local_kubernetes_executor.py
[2026-06-02T08:39:13.324+0000] {processor.py:840} INFO - DAG(s) 'example_local_kubernetes_executor' retrieved from /home/airflow/.local/lib/python3.12/site-packages/airflow/example_dags/example_local_kubernetes_executor.py
[2026-06-02T08:39:13.357+0000] {logging_mixin.py:188} INFO - [2026-06-02T08:39:13.356+0000] {dag.py:3096} INFO - Sync 1 DAGs
[2026-06-02T08:39:13.369+0000] {logging_mixin.py:188} INFO - [2026-06-02T08:39:13.369+0000] {dag.py:3954} INFO - Setting next_dagrun for example_local_kubernetes_executor to None, run_after=None
[2026-06-02T08:39:13.390+0000] {processor.py:183} INFO - Processing /home/airflow/.local/lib/python3.12/site-packages/airflow/example_dags/example_local_kubernetes_executor.py took 0.080 seconds
[2026-06-02T08:39:43.692+0000] {processor.py:161} INFO - Started process (PID=32183) to work on /home/airflow/.local/lib/python3.12/site-packages/airflow/example_dags/example_local_kubernetes_executor.py
[2026-06-02T08:39:43.693+0000] {processor.py:830} INFO - Processing file /home/airflow/.local/lib/python3.12/site-packages/airflow/example_dags/example_local_kubernetes_executor.py for tasks to queue
[2026-06-02T08:39:43.694+0000] {logging_mixin.py:188} INFO - [2026-06-02T08:39:43.694+0000] {dagbag.py:540} INFO - Filling up the DagBag from /home/airflow/.local/lib/python3.12/site-packages/airflow/example_dags/example_local_kubernetes_executor.py
[2026-06-02T08:39:43.701+0000] {processor.py:840} INFO - DAG(s) 'example_local_kubernetes_executor' retrieved from /home/airflow/.local/lib/python3.12/site-packages/airflow/example_dags/example_local_kubernetes_executor.py
[2026-06-02T08:39:43.737+0000] {logging_mixin.py:188} INFO - [2026-06-02T08:39:43.737+0000] {dag.py:3096} INFO - Sync 1 DAGs
[2026-06-02T08:39:43.751+0000] {logging_mixin.py:188} INFO - [2026-06-02T08:39:43.751+0000] {dag.py:3954} INFO - Setting next_dagrun for example_local_kubernetes_executor to None, run_after=None
[2026-06-02T08:39:43.769+0000] {processor.py:183} INFO - Processing /home/airflow/.local/lib/python3.12/site-packages/airflow/example_dags/example_local_kubernetes_executor.py took 0.084 seconds
[2026-06-02T08:40:14.247+0000] {processor.py:161} INFO - Started process (PID=32243) to work on /home/airflow/.local/lib/python3.12/site-packages/airflow/example_dags/example_local_kubernetes_executor.py
[2026-06-02T08:40:14.248+0000] {processor.py:830} INFO - Processing file /home/airflow/.local/lib/python3.12/site-packages/airflow/example_dags/example_local_kubernetes_executor.py for tasks to queue
[2026-06-02T08:40:14.249+0000] {logging_mixin.py:188} INFO - [2026-06-02T08:40:14.249+0000] {dagbag.py:540} INFO - Filling up the DagBag from /home/airflow/.local/lib/python3.12/site-packages/airflow/example_dags/example_local_kubernetes_executor.py
[2026-06-02T08:40:14.257+0000] {processor.py:840} INFO - DAG(s) 'example_local_kubernetes_executor' retrieved from /home/airflow/.local/lib/python3.12/site-packages/airflow/example_dags/example_local_kubernetes_executor.py
[2026-06-02T08:40:14.290+0000] {logging_mixin.py:188} INFO - [2026-06-02T08:40:14.289+0000] {dag.py:3096} INFO - Sync 1 DAGs
[2026-06-02T08:40:14.307+0000] {logging_mixin.py:188} INFO - [2026-06-02T08:40:14.307+0000] {dag.py:3954} INFO - Setting next_dagrun for example_local_kubernetes_executor to None, run_after=None
[2026-06-02T08:40:14.324+0000] {processor.py:183} INFO - Processing /home/airflow/.local/lib/python3.12/site-packages/airflow/example_dags/example_local_kubernetes_executor.py took 0.083 seconds
[2026-06-02T08:40:44.595+0000] {processor.py:161} INFO - Started process (PID=32303) to work on /home/airflow/.local/lib/python3.12/site-packages/airflow/example_dags/example_local_kubernetes_executor.py
[2026-06-02T08:40:44.596+0000] {processor.py:830} INFO - Processing file /home/airflow/.local/lib/python3.12/site-packages/airflow/example_dags/example_local_kubernetes_executor.py for tasks to queue
[2026-06-02T08:40:44.597+0000] {logging_mixin.py:188} INFO - [2026-06-02T08:40:44.596+0000] {dagbag.py:540} INFO - Filling up the DagBag from /home/airflow/.local/lib/python3.12/site-packages/airflow/example_dags/example_local_kubernetes_executor.py
[2026-06-02T08:40:44.603+0000] {processor.py:840} INFO - DAG(s) 'example_local_kubernetes_executor' retrieved from /home/airflow/.local/lib/python3.12/site-packages/airflow/example_dags/example_local_kubernetes_executor.py
[2026-06-02T08:40:44.632+0000] {logging_mixin.py:188} INFO - [2026-06-02T08:40:44.632+0000] {dag.py:3096} INFO - Sync 1 DAGs
[2026-06-02T08:40:44.642+0000] {logging_mixin.py:188} INFO - [2026-06-02T08:40:44.642+0000] {dag.py:3954} INFO - Setting next_dagrun for example_local_kubernetes_executor to None, run_after=None
[2026-06-02T08:40:44.658+0000] {processor.py:183} INFO - Processing /home/airflow/.local/lib/python3.12/site-packages/airflow/example_dags/example_local_kubernetes_executor.py took 0.069 seconds
[2026-06-02T08:41:15.631+0000] {processor.py:161} INFO - Started process (PID=32367) to work on /home/airflow/.local/lib/python3.12/site-packages/airflow/example_dags/example_local_kubernetes_executor.py
[2026-06-02T08:41:15.632+0000] {processor.py:830} INFO - Processing file /home/airflow/.local/lib/python3.12/site-packages/airflow/example_dags/example_local_kubernetes_executor.py for tasks to queue
[2026-06-02T08:41:15.633+0000] {logging_mixin.py:188} INFO - [2026-06-02T08:41:15.633+0000] {dagbag.py:540} INFO - Filling up the DagBag from /home/airflow/.local/lib/python3.12/site-packages/airflow/example_dags/example_local_kubernetes_executor.py
[2026-06-02T08:41:15.641+0000] {processor.py:840} INFO - DAG(s) 'example_local_kubernetes_executor' retrieved from /home/airflow/.local/lib/python3.12/site-packages/airflow/example_dags/example_local_kubernetes_executor.py
[2026-06-02T08:41:15.670+0000] {logging_mixin.py:188} INFO - [2026-06-02T08:41:15.670+0000] {dag.py:3096} INFO - Sync 1 DAGs
[2026-06-02T08:41:15.680+0000] {logging_mixin.py:188} INFO - [2026-06-02T08:41:15.680+0000] {dag.py:3954} INFO - Setting next_dagrun for example_local_kubernetes_executor to None, run_after=None
[2026-06-02T08:41:15.696+0000] {processor.py:183} INFO - Processing /home/airflow/.local/lib/python3.12/site-packages/airflow/example_dags/example_local_kubernetes_executor.py took 0.070 seconds
[2026-06-02T08:41:45.962+0000] {processor.py:161} INFO - Started process (PID=32427) to work on /home/airflow/.local/lib/python3.12/site-packages/airflow/example_dags/example_local_kubernetes_executor.py
[2026-06-02T08:41:45.964+0000] {processor.py:830} INFO - Processing file /home/airflow/.local/lib/python3.12/site-packages/airflow/example_dags/example_local_kubernetes_executor.py for tasks to queue
[2026-06-02T08:41:45.965+0000] {logging_mixin.py:188} INFO - [2026-06-02T08:41:45.964+0000] {dagbag.py:540} INFO - Filling up the DagBag from /home/airflow/.local/lib/python3.12/site-packages/airflow/example_dags/example_local_kubernetes_executor.py
[2026-06-02T08:41:45.971+0000] {processor.py:840} INFO - DAG(s) 'example_local_kubernetes_executor' retrieved from /home/airflow/.local/lib/python3.12/site-packages/airflow/example_dags/example_local_kubernetes_executor.py
[2026-06-02T08:41:46.002+0000] {logging_mixin.py:188} INFO - [2026-06-02T08:41:46.002+0000] {dag.py:3096} INFO - Sync 1 DAGs
[2026-06-02T08:41:46.014+0000] {logging_mixin.py:188} INFO - [2026-06-02T08:41:46.013+0000] {dag.py:3954} INFO - Setting next_dagrun for example_local_kubernetes_executor to None, run_after=None
[2026-06-02T08:41:46.032+0000] {processor.py:183} INFO - Processing /home/airflow/.local/lib/python3.12/site-packages/airflow/example_dags/example_local_kubernetes_executor.py took 0.075 seconds
[2026-06-02T08:42:16.110+0000] {processor.py:161} INFO - Started process (PID=32487) to work on /home/airflow/.local/lib/python3.12/site-packages/airflow/example_dags/example_local_kubernetes_executor.py
[2026-06-02T08:42:16.111+0000] {processor.py:830} INFO - Processing file /home/airflow/.local/lib/python3.12/site-packages/airflow/example_dags/example_local_kubernetes_executor.py for tasks to queue
[2026-06-02T08:42:16.112+0000] {logging_mixin.py:188} INFO - [2026-06-02T08:42:16.112+0000] {dagbag.py:540} INFO - Filling up the DagBag from /home/airflow/.local/lib/python3.12/site-packages/airflow/example_dags/example_local_kubernetes_executor.py
[2026-06-02T08:42:16.119+0000] {processor.py:840} INFO - DAG(s) 'example_local_kubernetes_executor' retrieved from /home/airflow/.local/lib/python3.12/site-packages/airflow/example_dags/example_local_kubernetes_executor.py
[2026-06-02T08:42:16.151+0000] {logging_mixin.py:188} INFO - [2026-06-02T08:42:16.151+0000] {dag.py:3096} INFO - Sync 1 DAGs
[2026-06-02T08:42:16.164+0000] {logging_mixin.py:188} INFO - [2026-06-02T08:42:16.164+0000] {dag.py:3954} INFO - Setting next_dagrun for example_local_kubernetes_executor to None, run_after=None
[2026-06-02T08:42:16.185+0000] {processor.py:183} INFO - Processing /home/airflow/.local/lib/python3.12/site-packages/airflow/example_dags/example_local_kubernetes_executor.py took 0.080 seconds
[2026-06-02T08:42:46.453+0000] {processor.py:161} INFO - Started process (PID=32546) to work on /home/airflow/.local/lib/python3.12/site-packages/airflow/example_dags/example_local_kubernetes_executor.py
[2026-06-02T08:42:46.454+0000] {processor.py:830} INFO - Processing file /home/airflow/.local/lib/python3.12/site-packages/airflow/example_dags/example_local_kubernetes_executor.py for tasks to queue
[2026-06-02T08:42:46.455+0000] {logging_mixin.py:188} INFO - [2026-06-02T08:42:46.455+0000] {dagbag.py:540} INFO - Filling up the DagBag from /home/airflow/.local/lib/python3.12/site-packages/airflow/example_dags/example_local_kubernetes_executor.py
[2026-06-02T08:42:46.465+0000] {processor.py:840} INFO - DAG(s) 'example_local_kubernetes_executor' retrieved from /home/airflow/.local/lib/python3.12/site-packages/airflow/example_dags/example_local_kubernetes_executor.py
[2026-06-02T08:42:46.502+0000] {logging_mixin.py:188} INFO - [2026-06-02T08:42:46.502+0000] {dag.py:3096} INFO - Sync 1 DAGs
[2026-06-02T08:42:46.513+0000] {logging_mixin.py:188} INFO - [2026-06-02T08:42:46.512+0000] {dag.py:3954} INFO - Setting next_dagrun for example_local_kubernetes_executor to None, run_after=None
[2026-06-02T08:42:46.528+0000] {processor.py:183} INFO - Processing /home/airflow/.local/lib/python3.12/site-packages/airflow/example_dags/example_local_kubernetes_executor.py took 0.082 seconds
[2026-06-02T08:43:16.979+0000] {processor.py:161} INFO - Started process (PID=32605) to work on /home/airflow/.local/lib/python3.12/site-packages/airflow/example_dags/example_local_kubernetes_executor.py
[2026-06-02T08:43:16.981+0000] {processor.py:830} INFO - Processing file /home/airflow/.local/lib/python3.12/site-packages/airflow/example_dags/example_local_kubernetes_executor.py for tasks to queue
[2026-06-02T08:43:16.982+0000] {logging_mixin.py:188} INFO - [2026-06-02T08:43:16.981+0000] {dagbag.py:540} INFO - Filling up the DagBag from /home/airflow/.local/lib/python3.12/site-packages/airflow/example_dags/example_local_kubernetes_executor.py
[2026-06-02T08:43:16.988+0000] {processor.py:840} INFO - DAG(s) 'example_local_kubernetes_executor' retrieved from /home/airflow/.local/lib/python3.12/site-packages/airflow/example_dags/example_local_kubernetes_executor.py
[2026-06-02T08:43:17.020+0000] {logging_mixin.py:188} INFO - [2026-06-02T08:43:17.020+0000] {dag.py:3096} INFO - Sync 1 DAGs
[2026-06-02T08:43:17.033+0000] {logging_mixin.py:188} INFO - [2026-06-02T08:43:17.033+0000] {dag.py:3954} INFO - Setting next_dagrun for example_local_kubernetes_executor to None, run_after=None
[2026-06-02T08:43:17.051+0000] {processor.py:183} INFO - Processing /home/airflow/.local/lib/python3.12/site-packages/airflow/example_dags/example_local_kubernetes_executor.py took 0.076 seconds
[2026-06-02T08:43:48.071+0000] {processor.py:161} INFO - Started process (PID=32664) to work on /home/airflow/.local/lib/python3.12/site-packages/airflow/example_dags/example_local_kubernetes_executor.py
[2026-06-02T08:43:48.072+0000] {processor.py:830} INFO - Processing file /home/airflow/.local/lib/python3.12/site-packages/airflow/example_dags/example_local_kubernetes_executor.py for tasks to queue
[2026-06-02T08:43:48.073+0000] {logging_mixin.py:188} INFO - [2026-06-02T08:43:48.073+0000] {dagbag.py:540} INFO - Filling up the DagBag from /home/airflow/.local/lib/python3.12/site-packages/airflow/example_dags/example_local_kubernetes_executor.py
[2026-06-02T08:43:48.082+0000] {processor.py:840} INFO - DAG(s) 'example_local_kubernetes_executor' retrieved from /home/airflow/.local/lib/python3.12/site-packages/airflow/example_dags/example_local_kubernetes_executor.py
[2026-06-02T08:43:48.114+0000] {logging_mixin.py:188} INFO - [2026-06-02T08:43:48.114+0000] {dag.py:3096} INFO - Sync 1 DAGs
[2026-06-02T08:43:48.126+0000] {logging_mixin.py:188} INFO - [2026-06-02T08:43:48.125+0000] {dag.py:3954} INFO - Setting next_dagrun for example_local_kubernetes_executor to None, run_after=None
[2026-06-02T08:43:48.144+0000] {processor.py:183} INFO - Processing /home/airflow/.local/lib/python3.12/site-packages/airflow/example_dags/example_local_kubernetes_executor.py took 0.078 seconds
[2026-06-02T08:44:18.375+0000] {processor.py:161} INFO - Started process (PID=32723) to work on /home/airflow/.local/lib/python3.12/site-packages/airflow/example_dags/example_local_kubernetes_executor.py
[2026-06-02T08:44:18.377+0000] {processor.py:830} INFO - Processing file /home/airflow/.local/lib/python3.12/site-packages/airflow/example_dags/example_local_kubernetes_executor.py for tasks to queue
[2026-06-02T08:44:18.378+0000] {logging_mixin.py:188} INFO - [2026-06-02T08:44:18.377+0000] {dagbag.py:540} INFO - Filling up the DagBag from /home/airflow/.local/lib/python3.12/site-packages/airflow/example_dags/example_local_kubernetes_executor.py
[2026-06-02T08:44:18.387+0000] {processor.py:840} INFO - DAG(s) 'example_local_kubernetes_executor' retrieved from /home/airflow/.local/lib/python3.12/site-packages/airflow/example_dags/example_local_kubernetes_executor.py
[2026-06-02T08:44:18.424+0000] {logging_mixin.py:188} INFO - [2026-06-02T08:44:18.424+0000] {dag.py:3096} INFO - Sync 1 DAGs
[2026-06-02T08:44:18.437+0000] {logging_mixin.py:188} INFO - [2026-06-02T08:44:18.437+0000] {dag.py:3954} INFO - Setting next_dagrun for example_local_kubernetes_executor to None, run_after=None
[2026-06-02T08:44:18.459+0000] {processor.py:183} INFO - Processing /home/airflow/.local/lib/python3.12/site-packages/airflow/example_dags/example_local_kubernetes_executor.py took 0.089 seconds
[2026-06-02T08:44:48.547+0000] {processor.py:161} INFO - Started process (PID=32783) to work on /home/airflow/.local/lib/python3.12/site-packages/airflow/example_dags/example_local_kubernetes_executor.py
[2026-06-02T08:44:48.548+0000] {processor.py:830} INFO - Processing file /home/airflow/.local/lib/python3.12/site-packages/airflow/example_dags/example_local_kubernetes_executor.py for tasks to queue
[2026-06-02T08:44:48.550+0000] {logging_mixin.py:188} INFO - [2026-06-02T08:44:48.549+0000] {dagbag.py:540} INFO - Filling up the DagBag from /home/airflow/.local/lib/python3.12/site-packages/airflow/example_dags/example_local_kubernetes_executor.py
[2026-06-02T08:44:48.557+0000] {processor.py:840} INFO - DAG(s) 'example_local_kubernetes_executor' retrieved from /home/airflow/.local/lib/python3.12/site-packages/airflow/example_dags/example_local_kubernetes_executor.py
[2026-06-02T08:44:48.591+0000] {logging_mixin.py:188} INFO - [2026-06-02T08:44:48.591+0000] {dag.py:3096} INFO - Sync 1 DAGs
[2026-06-02T08:44:48.603+0000] {logging_mixin.py:188} INFO - [2026-06-02T08:44:48.603+0000] {dag.py:3954} INFO - Setting next_dagrun for example_local_kubernetes_executor to None, run_after=None
[2026-06-02T08:44:48.623+0000] {processor.py:183} INFO - Processing /home/airflow/.local/lib/python3.12/site-packages/airflow/example_dags/example_local_kubernetes_executor.py took 0.083 seconds
[2026-06-02T08:45:18.864+0000] {processor.py:161} INFO - Started process (PID=32843) to work on /home/airflow/.local/lib/python3.12/site-packages/airflow/example_dags/example_local_kubernetes_executor.py
[2026-06-02T08:45:18.865+0000] {processor.py:830} INFO - Processing file /home/airflow/.local/lib/python3.12/site-packages/airflow/example_dags/example_local_kubernetes_executor.py for tasks to queue
[2026-06-02T08:45:18.866+0000] {logging_mixin.py:188} INFO - [2026-06-02T08:45:18.865+0000] {dagbag.py:540} INFO - Filling up the DagBag from /home/airflow/.local/lib/python3.12/site-packages/airflow/example_dags/example_local_kubernetes_executor.py
[2026-06-02T08:45:18.872+0000] {processor.py:840} INFO - DAG(s) 'example_local_kubernetes_executor' retrieved from /home/airflow/.local/lib/python3.12/site-packages/airflow/example_dags/example_local_kubernetes_executor.py
[2026-06-02T08:45:18.904+0000] {logging_mixin.py:188} INFO - [2026-06-02T08:45:18.904+0000] {dag.py:3096} INFO - Sync 1 DAGs
[2026-06-02T08:45:18.914+0000] {logging_mixin.py:188} INFO - [2026-06-02T08:45:18.914+0000] {dag.py:3954} INFO - Setting next_dagrun for example_local_kubernetes_executor to None, run_after=None
[2026-06-02T08:45:18.929+0000] {processor.py:183} INFO - Processing /home/airflow/.local/lib/python3.12/site-packages/airflow/example_dags/example_local_kubernetes_executor.py took 0.071 seconds
[2026-06-02T08:45:49.078+0000] {processor.py:161} INFO - Started process (PID=32903) to work on /home/airflow/.local/lib/python3.12/site-packages/airflow/example_dags/example_local_kubernetes_executor.py
[2026-06-02T08:45:49.079+0000] {processor.py:830} INFO - Processing file /home/airflow/.local/lib/python3.12/site-packages/airflow/example_dags/example_local_kubernetes_executor.py for tasks to queue
[2026-06-02T08:45:49.081+0000] {logging_mixin.py:188} INFO - [2026-06-02T08:45:49.080+0000] {dagbag.py:540} INFO - Filling up the DagBag from /home/airflow/.local/lib/python3.12/site-packages/airflow/example_dags/example_local_kubernetes_executor.py
[2026-06-02T08:45:49.087+0000] {processor.py:840} INFO - DAG(s) 'example_local_kubernetes_executor' retrieved from /home/airflow/.local/lib/python3.12/site-packages/airflow/example_dags/example_local_kubernetes_executor.py
[2026-06-02T08:45:49.123+0000] {logging_mixin.py:188} INFO - [2026-06-02T08:45:49.122+0000] {dag.py:3096} INFO - Sync 1 DAGs
[2026-06-02T08:45:49.136+0000] {logging_mixin.py:188} INFO - [2026-06-02T08:45:49.136+0000] {dag.py:3954} INFO - Setting next_dagrun for example_local_kubernetes_executor to None, run_after=None
[2026-06-02T08:45:49.158+0000] {processor.py:183} INFO - Processing /home/airflow/.local/lib/python3.12/site-packages/airflow/example_dags/example_local_kubernetes_executor.py took 0.085 seconds
[2026-06-02T08:46:19.397+0000] {processor.py:161} INFO - Started process (PID=32967) to work on /home/airflow/.local/lib/python3.12/site-packages/airflow/example_dags/example_local_kubernetes_executor.py
[2026-06-02T08:46:19.398+0000] {processor.py:830} INFO - Processing file /home/airflow/.local/lib/python3.12/site-packages/airflow/example_dags/example_local_kubernetes_executor.py for tasks to queue
[2026-06-02T08:46:19.399+0000] {logging_mixin.py:188} INFO - [2026-06-02T08:46:19.398+0000] {dagbag.py:540} INFO - Filling up the DagBag from /home/airflow/.local/lib/python3.12/site-packages/airflow/example_dags/example_local_kubernetes_executor.py
[2026-06-02T08:46:19.406+0000] {processor.py:840} INFO - DAG(s) 'example_local_kubernetes_executor' retrieved from /home/airflow/.local/lib/python3.12/site-packages/airflow/example_dags/example_local_kubernetes_executor.py
[2026-06-02T08:46:19.436+0000] {logging_mixin.py:188} INFO - [2026-06-02T08:46:19.435+0000] {dag.py:3096} INFO - Sync 1 DAGs
[2026-06-02T08:46:19.446+0000] {logging_mixin.py:188} INFO - [2026-06-02T08:46:19.445+0000] {dag.py:3954} INFO - Setting next_dagrun for example_local_kubernetes_executor to None, run_after=None
[2026-06-02T08:46:19.459+0000] {processor.py:183} INFO - Processing /home/airflow/.local/lib/python3.12/site-packages/airflow/example_dags/example_local_kubernetes_executor.py took 0.068 seconds
[2026-06-02T08:46:49.817+0000] {processor.py:161} INFO - Started process (PID=33032) to work on /home/airflow/.local/lib/python3.12/site-packages/airflow/example_dags/example_local_kubernetes_executor.py
[2026-06-02T08:46:49.818+0000] {processor.py:830} INFO - Processing file /home/airflow/.local/lib/python3.12/site-packages/airflow/example_dags/example_local_kubernetes_executor.py for tasks to queue
[2026-06-02T08:46:49.819+0000] {logging_mixin.py:188} INFO - [2026-06-02T08:46:49.819+0000] {dagbag.py:540} INFO - Filling up the DagBag from /home/airflow/.local/lib/python3.12/site-packages/airflow/example_dags/example_local_kubernetes_executor.py
[2026-06-02T08:46:49.826+0000] {processor.py:840} INFO - DAG(s) 'example_local_kubernetes_executor' retrieved from /home/airflow/.local/lib/python3.12/site-packages/airflow/example_dags/example_local_kubernetes_executor.py
[2026-06-02T08:46:49.858+0000] {logging_mixin.py:188} INFO - [2026-06-02T08:46:49.857+0000] {dag.py:3096} INFO - Sync 1 DAGs
[2026-06-02T08:46:49.868+0000] {logging_mixin.py:188} INFO - [2026-06-02T08:46:49.868+0000] {dag.py:3954} INFO - Setting next_dagrun for example_local_kubernetes_executor to None, run_after=None
[2026-06-02T08:46:49.882+0000] {processor.py:183} INFO - Processing /home/airflow/.local/lib/python3.12/site-packages/airflow/example_dags/example_local_kubernetes_executor.py took 0.070 seconds
[2026-06-02T08:47:20.221+0000] {processor.py:161} INFO - Started process (PID=33092) to work on /home/airflow/.local/lib/python3.12/site-packages/airflow/example_dags/example_local_kubernetes_executor.py
[2026-06-02T08:47:20.222+0000] {processor.py:830} INFO - Processing file /home/airflow/.local/lib/python3.12/site-packages/airflow/example_dags/example_local_kubernetes_executor.py for tasks to queue
[2026-06-02T08:47:20.223+0000] {logging_mixin.py:188} INFO - [2026-06-02T08:47:20.222+0000] {dagbag.py:540} INFO - Filling up the DagBag from /home/airflow/.local/lib/python3.12/site-packages/airflow/example_dags/example_local_kubernetes_executor.py
[2026-06-02T08:47:20.229+0000] {processor.py:840} INFO - DAG(s) 'example_local_kubernetes_executor' retrieved from /home/airflow/.local/lib/python3.12/site-packages/airflow/example_dags/example_local_kubernetes_executor.py
[2026-06-02T08:47:20.259+0000] {logging_mixin.py:188} INFO - [2026-06-02T08:47:20.259+0000] {dag.py:3096} INFO - Sync 1 DAGs
[2026-06-02T08:47:20.273+0000] {logging_mixin.py:188} INFO - [2026-06-02T08:47:20.272+0000] {dag.py:3954} INFO - Setting next_dagrun for example_local_kubernetes_executor to None, run_after=None
[2026-06-02T08:47:20.292+0000] {processor.py:183} INFO - Processing /home/airflow/.local/lib/python3.12/site-packages/airflow/example_dags/example_local_kubernetes_executor.py took 0.077 seconds
[2026-06-02T08:47:50.488+0000] {processor.py:161} INFO - Started process (PID=33152) to work on /home/airflow/.local/lib/python3.12/site-packages/airflow/example_dags/example_local_kubernetes_executor.py
[2026-06-02T08:47:50.489+0000] {processor.py:830} INFO - Processing file /home/airflow/.local/lib/python3.12/site-packages/airflow/example_dags/example_local_kubernetes_executor.py for tasks to queue
[2026-06-02T08:47:50.490+0000] {logging_mixin.py:188} INFO - [2026-06-02T08:47:50.489+0000] {dagbag.py:540} INFO - Filling up the DagBag from /home/airflow/.local/lib/python3.12/site-packages/airflow/example_dags/example_local_kubernetes_executor.py
[2026-06-02T08:47:50.496+0000] {processor.py:840} INFO - DAG(s) 'example_local_kubernetes_executor' retrieved from /home/airflow/.local/lib/python3.12/site-packages/airflow/example_dags/example_local_kubernetes_executor.py
[2026-06-02T08:47:50.529+0000] {logging_mixin.py:188} INFO - [2026-06-02T08:47:50.528+0000] {dag.py:3096} INFO - Sync 1 DAGs
[2026-06-02T08:47:50.540+0000] {logging_mixin.py:188} INFO - [2026-06-02T08:47:50.540+0000] {dag.py:3954} INFO - Setting next_dagrun for example_local_kubernetes_executor to None, run_after=None
[2026-06-02T08:47:50.559+0000] {processor.py:183} INFO - Processing /home/airflow/.local/lib/python3.12/site-packages/airflow/example_dags/example_local_kubernetes_executor.py took 0.076 seconds
[2026-06-02T08:48:20.920+0000] {processor.py:161} INFO - Started process (PID=33221) to work on /home/airflow/.local/lib/python3.12/site-packages/airflow/example_dags/example_local_kubernetes_executor.py
[2026-06-02T08:48:20.922+0000] {processor.py:830} INFO - Processing file /home/airflow/.local/lib/python3.12/site-packages/airflow/example_dags/example_local_kubernetes_executor.py for tasks to queue
[2026-06-02T08:48:20.923+0000] {logging_mixin.py:188} INFO - [2026-06-02T08:48:20.922+0000] {dagbag.py:540} INFO - Filling up the DagBag from /home/airflow/.local/lib/python3.12/site-packages/airflow/example_dags/example_local_kubernetes_executor.py
[2026-06-02T08:48:20.929+0000] {processor.py:840} INFO - DAG(s) 'example_local_kubernetes_executor' retrieved from /home/airflow/.local/lib/python3.12/site-packages/airflow/example_dags/example_local_kubernetes_executor.py
[2026-06-02T08:48:20.962+0000] {logging_mixin.py:188} INFO - [2026-06-02T08:48:20.961+0000] {dag.py:3096} INFO - Sync 1 DAGs
[2026-06-02T08:48:20.973+0000] {logging_mixin.py:188} INFO - [2026-06-02T08:48:20.973+0000] {dag.py:3954} INFO - Setting next_dagrun for example_local_kubernetes_executor to None, run_after=None
[2026-06-02T08:48:20.989+0000] {processor.py:183} INFO - Processing /home/airflow/.local/lib/python3.12/site-packages/airflow/example_dags/example_local_kubernetes_executor.py took 0.073 seconds
[2026-06-02T08:48:51.176+0000] {processor.py:161} INFO - Started process (PID=33289) to work on /home/airflow/.local/lib/python3.12/site-packages/airflow/example_dags/example_local_kubernetes_executor.py
[2026-06-02T08:48:51.177+0000] {processor.py:830} INFO - Processing file /home/airflow/.local/lib/python3.12/site-packages/airflow/example_dags/example_local_kubernetes_executor.py for tasks to queue
[2026-06-02T08:48:51.178+0000] {logging_mixin.py:188} INFO - [2026-06-02T08:48:51.178+0000] {dagbag.py:540} INFO - Filling up the DagBag from /home/airflow/.local/lib/python3.12/site-packages/airflow/example_dags/example_local_kubernetes_executor.py
[2026-06-02T08:48:51.185+0000] {processor.py:840} INFO - DAG(s) 'example_local_kubernetes_executor' retrieved from /home/airflow/.local/lib/python3.12/site-packages/airflow/example_dags/example_local_kubernetes_executor.py
[2026-06-02T08:48:51.222+0000] {logging_mixin.py:188} INFO - [2026-06-02T08:48:51.221+0000] {dag.py:3096} INFO - Sync 1 DAGs
[2026-06-02T08:48:51.232+0000] {logging_mixin.py:188} INFO - [2026-06-02T08:48:51.232+0000] {dag.py:3954} INFO - Setting next_dagrun for example_local_kubernetes_executor to None, run_after=None
[2026-06-02T08:48:51.248+0000] {processor.py:183} INFO - Processing /home/airflow/.local/lib/python3.12/site-packages/airflow/example_dags/example_local_kubernetes_executor.py took 0.079 seconds
[2026-06-02T08:49:21.667+0000] {processor.py:161} INFO - Started process (PID=33349) to work on /home/airflow/.local/lib/python3.12/site-packages/airflow/example_dags/example_local_kubernetes_executor.py
[2026-06-02T08:49:21.668+0000] {processor.py:830} INFO - Processing file /home/airflow/.local/lib/python3.12/site-packages/airflow/example_dags/example_local_kubernetes_executor.py for tasks to queue
[2026-06-02T08:49:21.668+0000] {logging_mixin.py:188} INFO - [2026-06-02T08:49:21.668+0000] {dagbag.py:540} INFO - Filling up the DagBag from /home/airflow/.local/lib/python3.12/site-packages/airflow/example_dags/example_local_kubernetes_executor.py
[2026-06-02T08:49:21.676+0000] {processor.py:840} INFO - DAG(s) 'example_local_kubernetes_executor' retrieved from /home/airflow/.local/lib/python3.12/site-packages/airflow/example_dags/example_local_kubernetes_executor.py
[2026-06-02T08:49:21.707+0000] {logging_mixin.py:188} INFO - [2026-06-02T08:49:21.707+0000] {dag.py:3096} INFO - Sync 1 DAGs
[2026-06-02T08:49:21.718+0000] {logging_mixin.py:188} INFO - [2026-06-02T08:49:21.718+0000] {dag.py:3954} INFO - Setting next_dagrun for example_local_kubernetes_executor to None, run_after=None
[2026-06-02T08:49:21.732+0000] {processor.py:183} INFO - Processing /home/airflow/.local/lib/python3.12/site-packages/airflow/example_dags/example_local_kubernetes_executor.py took 0.071 seconds
[2026-06-02T08:49:52.401+0000] {processor.py:161} INFO - Started process (PID=33409) to work on /home/airflow/.local/lib/python3.12/site-packages/airflow/example_dags/example_local_kubernetes_executor.py
[2026-06-02T08:49:52.402+0000] {processor.py:830} INFO - Processing file /home/airflow/.local/lib/python3.12/site-packages/airflow/example_dags/example_local_kubernetes_executor.py for tasks to queue
[2026-06-02T08:49:52.404+0000] {logging_mixin.py:188} INFO - [2026-06-02T08:49:52.403+0000] {dagbag.py:540} INFO - Filling up the DagBag from /home/airflow/.local/lib/python3.12/site-packages/airflow/example_dags/example_local_kubernetes_executor.py
[2026-06-02T08:49:52.415+0000] {processor.py:840} INFO - DAG(s) 'example_local_kubernetes_executor' retrieved from /home/airflow/.local/lib/python3.12/site-packages/airflow/example_dags/example_local_kubernetes_executor.py
[2026-06-02T08:49:52.466+0000] {logging_mixin.py:188} INFO - [2026-06-02T08:49:52.466+0000] {dag.py:3096} INFO - Sync 1 DAGs
[2026-06-02T08:49:52.485+0000] {logging_mixin.py:188} INFO - [2026-06-02T08:49:52.485+0000] {dag.py:3954} INFO - Setting next_dagrun for example_local_kubernetes_executor to None, run_after=None
[2026-06-02T08:49:52.513+0000] {processor.py:183} INFO - Processing /home/airflow/.local/lib/python3.12/site-packages/airflow/example_dags/example_local_kubernetes_executor.py took 0.119 seconds
[2026-06-02T08:51:22.269+0000] {processor.py:161} INFO - Started process (PID=133) to work on /home/airflow/.local/lib/python3.12/site-packages/airflow/example_dags/example_local_kubernetes_executor.py
[2026-06-02T08:51:22.270+0000] {processor.py:830} INFO - Processing file /home/airflow/.local/lib/python3.12/site-packages/airflow/example_dags/example_local_kubernetes_executor.py for tasks to queue
[2026-06-02T08:51:22.272+0000] {logging_mixin.py:188} INFO - [2026-06-02T08:51:22.272+0000] {dagbag.py:540} INFO - Filling up the DagBag from /home/airflow/.local/lib/python3.12/site-packages/airflow/example_dags/example_local_kubernetes_executor.py
[2026-06-02T08:51:22.279+0000] {processor.py:840} INFO - DAG(s) 'example_local_kubernetes_executor' retrieved from /home/airflow/.local/lib/python3.12/site-packages/airflow/example_dags/example_local_kubernetes_executor.py
[2026-06-02T08:51:22.337+0000] {logging_mixin.py:188} INFO - [2026-06-02T08:51:22.336+0000] {dag.py:3096} INFO - Sync 1 DAGs
[2026-06-02T08:51:22.346+0000] {logging_mixin.py:188} INFO - [2026-06-02T08:51:22.346+0000] {dag.py:3954} INFO - Setting next_dagrun for example_local_kubernetes_executor to None, run_after=None
[2026-06-02T08:51:22.363+0000] {processor.py:183} INFO - Processing /home/airflow/.local/lib/python3.12/site-packages/airflow/example_dags/example_local_kubernetes_executor.py took 0.099 seconds
[2026-06-02T08:51:53.013+0000] {processor.py:161} INFO - Started process (PID=199) to work on /home/airflow/.local/lib/python3.12/site-packages/airflow/example_dags/example_local_kubernetes_executor.py
[2026-06-02T08:51:53.015+0000] {processor.py:830} INFO - Processing file /home/airflow/.local/lib/python3.12/site-packages/airflow/example_dags/example_local_kubernetes_executor.py for tasks to queue
[2026-06-02T08:51:53.017+0000] {logging_mixin.py:188} INFO - [2026-06-02T08:51:53.016+0000] {dagbag.py:540} INFO - Filling up the DagBag from /home/airflow/.local/lib/python3.12/site-packages/airflow/example_dags/example_local_kubernetes_executor.py
[2026-06-02T08:51:53.023+0000] {processor.py:840} INFO - DAG(s) 'example_local_kubernetes_executor' retrieved from /home/airflow/.local/lib/python3.12/site-packages/airflow/example_dags/example_local_kubernetes_executor.py
[2026-06-02T08:51:53.054+0000] {logging_mixin.py:188} INFO - [2026-06-02T08:51:53.054+0000] {dag.py:3096} INFO - Sync 1 DAGs
[2026-06-02T08:51:53.066+0000] {logging_mixin.py:188} INFO - [2026-06-02T08:51:53.065+0000] {dag.py:3954} INFO - Setting next_dagrun for example_local_kubernetes_executor to None, run_after=None
[2026-06-02T08:51:53.215+0000] {processor.py:183} INFO - Processing /home/airflow/.local/lib/python3.12/site-packages/airflow/example_dags/example_local_kubernetes_executor.py took 0.207 seconds
[2026-06-02T08:52:25.026+0000] {processor.py:161} INFO - Started process (PID=259) to work on /home/airflow/.local/lib/python3.12/site-packages/airflow/example_dags/example_local_kubernetes_executor.py
[2026-06-02T08:52:25.027+0000] {processor.py:830} INFO - Processing file /home/airflow/.local/lib/python3.12/site-packages/airflow/example_dags/example_local_kubernetes_executor.py for tasks to queue
[2026-06-02T08:52:25.029+0000] {logging_mixin.py:188} INFO - [2026-06-02T08:52:25.029+0000] {dagbag.py:540} INFO - Filling up the DagBag from /home/airflow/.local/lib/python3.12/site-packages/airflow/example_dags/example_local_kubernetes_executor.py
[2026-06-02T08:52:25.035+0000] {processor.py:840} INFO - DAG(s) 'example_local_kubernetes_executor' retrieved from /home/airflow/.local/lib/python3.12/site-packages/airflow/example_dags/example_local_kubernetes_executor.py
[2026-06-02T08:52:25.068+0000] {logging_mixin.py:188} INFO - [2026-06-02T08:52:25.068+0000] {dag.py:3096} INFO - Sync 1 DAGs
[2026-06-02T08:52:25.084+0000] {logging_mixin.py:188} INFO - [2026-06-02T08:52:25.083+0000] {dag.py:3954} INFO - Setting next_dagrun for example_local_kubernetes_executor to None, run_after=None
[2026-06-02T08:52:25.102+0000] {processor.py:183} INFO - Processing /home/airflow/.local/lib/python3.12/site-packages/airflow/example_dags/example_local_kubernetes_executor.py took 0.081 seconds
[2026-06-02T08:52:55.253+0000] {processor.py:161} INFO - Started process (PID=319) to work on /home/airflow/.local/lib/python3.12/site-packages/airflow/example_dags/example_local_kubernetes_executor.py
[2026-06-02T08:52:55.255+0000] {processor.py:830} INFO - Processing file /home/airflow/.local/lib/python3.12/site-packages/airflow/example_dags/example_local_kubernetes_executor.py for tasks to queue
[2026-06-02T08:52:55.256+0000] {logging_mixin.py:188} INFO - [2026-06-02T08:52:55.256+0000] {dagbag.py:540} INFO - Filling up the DagBag from /home/airflow/.local/lib/python3.12/site-packages/airflow/example_dags/example_local_kubernetes_executor.py
[2026-06-02T08:52:55.265+0000] {processor.py:840} INFO - DAG(s) 'example_local_kubernetes_executor' retrieved from /home/airflow/.local/lib/python3.12/site-packages/airflow/example_dags/example_local_kubernetes_executor.py
[2026-06-02T08:52:55.293+0000] {logging_mixin.py:188} INFO - [2026-06-02T08:52:55.293+0000] {dag.py:3096} INFO - Sync 1 DAGs
[2026-06-02T08:52:55.303+0000] {logging_mixin.py:188} INFO - [2026-06-02T08:52:55.303+0000] {dag.py:3954} INFO - Setting next_dagrun for example_local_kubernetes_executor to None, run_after=None
[2026-06-02T08:52:55.317+0000] {processor.py:183} INFO - Processing /home/airflow/.local/lib/python3.12/site-packages/airflow/example_dags/example_local_kubernetes_executor.py took 0.069 seconds
[2026-06-02T08:53:26.199+0000] {processor.py:161} INFO - Started process (PID=379) to work on /home/airflow/.local/lib/python3.12/site-packages/airflow/example_dags/example_local_kubernetes_executor.py
[2026-06-02T08:53:26.200+0000] {processor.py:830} INFO - Processing file /home/airflow/.local/lib/python3.12/site-packages/airflow/example_dags/example_local_kubernetes_executor.py for tasks to queue
[2026-06-02T08:53:26.202+0000] {logging_mixin.py:188} INFO - [2026-06-02T08:53:26.202+0000] {dagbag.py:540} INFO - Filling up the DagBag from /home/airflow/.local/lib/python3.12/site-packages/airflow/example_dags/example_local_kubernetes_executor.py
[2026-06-02T08:53:26.209+0000] {processor.py:840} INFO - DAG(s) 'example_local_kubernetes_executor' retrieved from /home/airflow/.local/lib/python3.12/site-packages/airflow/example_dags/example_local_kubernetes_executor.py
[2026-06-02T08:53:26.237+0000] {logging_mixin.py:188} INFO - [2026-06-02T08:53:26.237+0000] {dag.py:3096} INFO - Sync 1 DAGs
[2026-06-02T08:53:26.248+0000] {logging_mixin.py:188} INFO - [2026-06-02T08:53:26.248+0000] {dag.py:3954} INFO - Setting next_dagrun for example_local_kubernetes_executor to None, run_after=None
[2026-06-02T08:53:26.264+0000] {processor.py:183} INFO - Processing /home/airflow/.local/lib/python3.12/site-packages/airflow/example_dags/example_local_kubernetes_executor.py took 0.071 seconds
[2026-06-02T08:53:56.498+0000] {processor.py:161} INFO - Started process (PID=443) to work on /home/airflow/.local/lib/python3.12/site-packages/airflow/example_dags/example_local_kubernetes_executor.py
[2026-06-02T08:53:56.499+0000] {processor.py:830} INFO - Processing file /home/airflow/.local/lib/python3.12/site-packages/airflow/example_dags/example_local_kubernetes_executor.py for tasks to queue
[2026-06-02T08:53:56.502+0000] {logging_mixin.py:188} INFO - [2026-06-02T08:53:56.501+0000] {dagbag.py:540} INFO - Filling up the DagBag from /home/airflow/.local/lib/python3.12/site-packages/airflow/example_dags/example_local_kubernetes_executor.py
[2026-06-02T08:53:56.508+0000] {processor.py:840} INFO - DAG(s) 'example_local_kubernetes_executor' retrieved from /home/airflow/.local/lib/python3.12/site-packages/airflow/example_dags/example_local_kubernetes_executor.py
[2026-06-02T08:53:56.540+0000] {logging_mixin.py:188} INFO - [2026-06-02T08:53:56.539+0000] {dag.py:3096} INFO - Sync 1 DAGs
[2026-06-02T08:53:56.554+0000] {logging_mixin.py:188} INFO - [2026-06-02T08:53:56.553+0000] {dag.py:3954} INFO - Setting next_dagrun for example_local_kubernetes_executor to None, run_after=None
[2026-06-02T08:53:56.570+0000] {processor.py:183} INFO - Processing /home/airflow/.local/lib/python3.12/site-packages/airflow/example_dags/example_local_kubernetes_executor.py took 0.077 seconds
[2026-06-02T08:54:26.699+0000] {processor.py:161} INFO - Started process (PID=503) to work on /home/airflow/.local/lib/python3.12/site-packages/airflow/example_dags/example_local_kubernetes_executor.py
[2026-06-02T08:54:26.700+0000] {processor.py:830} INFO - Processing file /home/airflow/.local/lib/python3.12/site-packages/airflow/example_dags/example_local_kubernetes_executor.py for tasks to queue
[2026-06-02T08:54:26.702+0000] {logging_mixin.py:188} INFO - [2026-06-02T08:54:26.702+0000] {dagbag.py:540} INFO - Filling up the DagBag from /home/airflow/.local/lib/python3.12/site-packages/airflow/example_dags/example_local_kubernetes_executor.py
[2026-06-02T08:54:26.709+0000] {processor.py:840} INFO - DAG(s) 'example_local_kubernetes_executor' retrieved from /home/airflow/.local/lib/python3.12/site-packages/airflow/example_dags/example_local_kubernetes_executor.py
[2026-06-02T08:54:26.735+0000] {logging_mixin.py:188} INFO - [2026-06-02T08:54:26.734+0000] {dag.py:3096} INFO - Sync 1 DAGs
[2026-06-02T08:54:26.744+0000] {logging_mixin.py:188} INFO - [2026-06-02T08:54:26.744+0000] {dag.py:3954} INFO - Setting next_dagrun for example_local_kubernetes_executor to None, run_after=None
[2026-06-02T08:54:26.760+0000] {processor.py:183} INFO - Processing /home/airflow/.local/lib/python3.12/site-packages/airflow/example_dags/example_local_kubernetes_executor.py took 0.066 seconds
[2026-06-02T08:54:57.258+0000] {processor.py:161} INFO - Started process (PID=563) to work on /home/airflow/.local/lib/python3.12/site-packages/airflow/example_dags/example_local_kubernetes_executor.py
[2026-06-02T08:54:57.260+0000] {processor.py:830} INFO - Processing file /home/airflow/.local/lib/python3.12/site-packages/airflow/example_dags/example_local_kubernetes_executor.py for tasks to queue
[2026-06-02T08:54:57.261+0000] {logging_mixin.py:188} INFO - [2026-06-02T08:54:57.261+0000] {dagbag.py:540} INFO - Filling up the DagBag from /home/airflow/.local/lib/python3.12/site-packages/airflow/example_dags/example_local_kubernetes_executor.py
[2026-06-02T08:54:57.268+0000] {processor.py:840} INFO - DAG(s) 'example_local_kubernetes_executor' retrieved from /home/airflow/.local/lib/python3.12/site-packages/airflow/example_dags/example_local_kubernetes_executor.py
[2026-06-02T08:54:57.300+0000] {logging_mixin.py:188} INFO - [2026-06-02T08:54:57.300+0000] {dag.py:3096} INFO - Sync 1 DAGs
[2026-06-02T08:54:57.310+0000] {logging_mixin.py:188} INFO - [2026-06-02T08:54:57.309+0000] {dag.py:3954} INFO - Setting next_dagrun for example_local_kubernetes_executor to None, run_after=None
[2026-06-02T08:54:57.326+0000] {processor.py:183} INFO - Processing /home/airflow/.local/lib/python3.12/site-packages/airflow/example_dags/example_local_kubernetes_executor.py took 0.073 seconds
[2026-06-02T08:55:28.411+0000] {processor.py:161} INFO - Started process (PID=623) to work on /home/airflow/.local/lib/python3.12/site-packages/airflow/example_dags/example_local_kubernetes_executor.py
[2026-06-02T08:55:28.412+0000] {processor.py:830} INFO - Processing file /home/airflow/.local/lib/python3.12/site-packages/airflow/example_dags/example_local_kubernetes_executor.py for tasks to queue
[2026-06-02T08:55:28.414+0000] {logging_mixin.py:188} INFO - [2026-06-02T08:55:28.414+0000] {dagbag.py:540} INFO - Filling up the DagBag from /home/airflow/.local/lib/python3.12/site-packages/airflow/example_dags/example_local_kubernetes_executor.py
[2026-06-02T08:55:28.425+0000] {processor.py:840} INFO - DAG(s) 'example_local_kubernetes_executor' retrieved from /home/airflow/.local/lib/python3.12/site-packages/airflow/example_dags/example_local_kubernetes_executor.py
[2026-06-02T08:55:28.462+0000] {logging_mixin.py:188} INFO - [2026-06-02T08:55:28.462+0000] {dag.py:3096} INFO - Sync 1 DAGs
[2026-06-02T08:55:28.476+0000] {logging_mixin.py:188} INFO - [2026-06-02T08:55:28.476+0000] {dag.py:3954} INFO - Setting next_dagrun for example_local_kubernetes_executor to None, run_after=None
[2026-06-02T08:55:28.501+0000] {processor.py:183} INFO - Processing /home/airflow/.local/lib/python3.12/site-packages/airflow/example_dags/example_local_kubernetes_executor.py took 0.097 seconds
[2026-06-02T08:55:58.565+0000] {processor.py:161} INFO - Started process (PID=683) to work on /home/airflow/.local/lib/python3.12/site-packages/airflow/example_dags/example_local_kubernetes_executor.py
[2026-06-02T08:55:58.566+0000] {processor.py:830} INFO - Processing file /home/airflow/.local/lib/python3.12/site-packages/airflow/example_dags/example_local_kubernetes_executor.py for tasks to queue
[2026-06-02T08:55:58.567+0000] {logging_mixin.py:188} INFO - [2026-06-02T08:55:58.567+0000] {dagbag.py:540} INFO - Filling up the DagBag from /home/airflow/.local/lib/python3.12/site-packages/airflow/example_dags/example_local_kubernetes_executor.py
[2026-06-02T08:55:58.574+0000] {processor.py:840} INFO - DAG(s) 'example_local_kubernetes_executor' retrieved from /home/airflow/.local/lib/python3.12/site-packages/airflow/example_dags/example_local_kubernetes_executor.py
[2026-06-02T08:55:58.601+0000] {logging_mixin.py:188} INFO - [2026-06-02T08:55:58.601+0000] {dag.py:3096} INFO - Sync 1 DAGs
[2026-06-02T08:55:58.613+0000] {logging_mixin.py:188} INFO - [2026-06-02T08:55:58.613+0000] {dag.py:3954} INFO - Setting next_dagrun for example_local_kubernetes_executor to None, run_after=None
[2026-06-02T08:55:58.632+0000] {processor.py:183} INFO - Processing /home/airflow/.local/lib/python3.12/site-packages/airflow/example_dags/example_local_kubernetes_executor.py took 0.073 seconds
[2026-06-02T08:56:28.902+0000] {processor.py:161} INFO - Started process (PID=743) to work on /home/airflow/.local/lib/python3.12/site-packages/airflow/example_dags/example_local_kubernetes_executor.py
[2026-06-02T08:56:28.903+0000] {processor.py:830} INFO - Processing file /home/airflow/.local/lib/python3.12/site-packages/airflow/example_dags/example_local_kubernetes_executor.py for tasks to queue
[2026-06-02T08:56:28.905+0000] {logging_mixin.py:188} INFO - [2026-06-02T08:56:28.904+0000] {dagbag.py:540} INFO - Filling up the DagBag from /home/airflow/.local/lib/python3.12/site-packages/airflow/example_dags/example_local_kubernetes_executor.py
[2026-06-02T08:56:28.911+0000] {processor.py:840} INFO - DAG(s) 'example_local_kubernetes_executor' retrieved from /home/airflow/.local/lib/python3.12/site-packages/airflow/example_dags/example_local_kubernetes_executor.py
[2026-06-02T08:56:28.939+0000] {logging_mixin.py:188} INFO - [2026-06-02T08:56:28.938+0000] {dag.py:3096} INFO - Sync 1 DAGs
[2026-06-02T08:56:28.952+0000] {logging_mixin.py:188} INFO - [2026-06-02T08:56:28.952+0000] {dag.py:3954} INFO - Setting next_dagrun for example_local_kubernetes_executor to None, run_after=None
[2026-06-02T08:56:28.969+0000] {processor.py:183} INFO - Processing /home/airflow/.local/lib/python3.12/site-packages/airflow/example_dags/example_local_kubernetes_executor.py took 0.073 seconds
[2026-06-02T08:56:59.028+0000] {processor.py:161} INFO - Started process (PID=803) to work on /home/airflow/.local/lib/python3.12/site-packages/airflow/example_dags/example_local_kubernetes_executor.py
[2026-06-02T08:56:59.029+0000] {processor.py:830} INFO - Processing file /home/airflow/.local/lib/python3.12/site-packages/airflow/example_dags/example_local_kubernetes_executor.py for tasks to queue
[2026-06-02T08:56:59.031+0000] {logging_mixin.py:188} INFO - [2026-06-02T08:56:59.031+0000] {dagbag.py:540} INFO - Filling up the DagBag from /home/airflow/.local/lib/python3.12/site-packages/airflow/example_dags/example_local_kubernetes_executor.py
[2026-06-02T08:56:59.038+0000] {processor.py:840} INFO - DAG(s) 'example_local_kubernetes_executor' retrieved from /home/airflow/.local/lib/python3.12/site-packages/airflow/example_dags/example_local_kubernetes_executor.py
[2026-06-02T08:56:59.067+0000] {logging_mixin.py:188} INFO - [2026-06-02T08:56:59.066+0000] {dag.py:3096} INFO - Sync 1 DAGs
[2026-06-02T08:56:59.077+0000] {logging_mixin.py:188} INFO - [2026-06-02T08:56:59.077+0000] {dag.py:3954} INFO - Setting next_dagrun for example_local_kubernetes_executor to None, run_after=None
[2026-06-02T08:56:59.092+0000] {processor.py:183} INFO - Processing /home/airflow/.local/lib/python3.12/site-packages/airflow/example_dags/example_local_kubernetes_executor.py took 0.070 seconds
[2026-06-02T08:57:30.485+0000] {processor.py:161} INFO - Started process (PID=863) to work on /home/airflow/.local/lib/python3.12/site-packages/airflow/example_dags/example_local_kubernetes_executor.py
[2026-06-02T08:57:30.487+0000] {processor.py:830} INFO - Processing file /home/airflow/.local/lib/python3.12/site-packages/airflow/example_dags/example_local_kubernetes_executor.py for tasks to queue
[2026-06-02T08:57:30.491+0000] {logging_mixin.py:188} INFO - [2026-06-02T08:57:30.491+0000] {dagbag.py:540} INFO - Filling up the DagBag from /home/airflow/.local/lib/python3.12/site-packages/airflow/example_dags/example_local_kubernetes_executor.py
[2026-06-02T08:57:30.500+0000] {processor.py:840} INFO - DAG(s) 'example_local_kubernetes_executor' retrieved from /home/airflow/.local/lib/python3.12/site-packages/airflow/example_dags/example_local_kubernetes_executor.py
[2026-06-02T08:57:30.539+0000] {logging_mixin.py:188} INFO - [2026-06-02T08:57:30.539+0000] {dag.py:3096} INFO - Sync 1 DAGs
[2026-06-02T08:57:30.552+0000] {logging_mixin.py:188} INFO - [2026-06-02T08:57:30.552+0000] {dag.py:3954} INFO - Setting next_dagrun for example_local_kubernetes_executor to None, run_after=None
[2026-06-02T08:57:30.573+0000] {processor.py:183} INFO - Processing /home/airflow/.local/lib/python3.12/site-packages/airflow/example_dags/example_local_kubernetes_executor.py took 0.096 seconds
[2026-06-02T08:58:01.470+0000] {processor.py:161} INFO - Started process (PID=923) to work on /home/airflow/.local/lib/python3.12/site-packages/airflow/example_dags/example_local_kubernetes_executor.py
[2026-06-02T08:58:01.471+0000] {processor.py:830} INFO - Processing file /home/airflow/.local/lib/python3.12/site-packages/airflow/example_dags/example_local_kubernetes_executor.py for tasks to queue
[2026-06-02T08:58:01.473+0000] {logging_mixin.py:188} INFO - [2026-06-02T08:58:01.472+0000] {dagbag.py:540} INFO - Filling up the DagBag from /home/airflow/.local/lib/python3.12/site-packages/airflow/example_dags/example_local_kubernetes_executor.py
[2026-06-02T08:58:01.479+0000] {processor.py:840} INFO - DAG(s) 'example_local_kubernetes_executor' retrieved from /home/airflow/.local/lib/python3.12/site-packages/airflow/example_dags/example_local_kubernetes_executor.py
[2026-06-02T08:58:01.506+0000] {logging_mixin.py:188} INFO - [2026-06-02T08:58:01.506+0000] {dag.py:3096} INFO - Sync 1 DAGs
[2026-06-02T08:58:01.518+0000] {logging_mixin.py:188} INFO - [2026-06-02T08:58:01.517+0000] {dag.py:3954} INFO - Setting next_dagrun for example_local_kubernetes_executor to None, run_after=None
[2026-06-02T08:58:01.534+0000] {processor.py:183} INFO - Processing /home/airflow/.local/lib/python3.12/site-packages/airflow/example_dags/example_local_kubernetes_executor.py took 0.069 seconds
[2026-06-02T08:58:32.104+0000] {processor.py:161} INFO - Started process (PID=983) to work on /home/airflow/.local/lib/python3.12/site-packages/airflow/example_dags/example_local_kubernetes_executor.py
[2026-06-02T08:58:32.106+0000] {processor.py:830} INFO - Processing file /home/airflow/.local/lib/python3.12/site-packages/airflow/example_dags/example_local_kubernetes_executor.py for tasks to queue
[2026-06-02T08:58:32.108+0000] {logging_mixin.py:188} INFO - [2026-06-02T08:58:32.107+0000] {dagbag.py:540} INFO - Filling up the DagBag from /home/airflow/.local/lib/python3.12/site-packages/airflow/example_dags/example_local_kubernetes_executor.py
[2026-06-02T08:58:32.116+0000] {processor.py:840} INFO - DAG(s) 'example_local_kubernetes_executor' retrieved from /home/airflow/.local/lib/python3.12/site-packages/airflow/example_dags/example_local_kubernetes_executor.py
[2026-06-02T08:58:32.150+0000] {logging_mixin.py:188} INFO - [2026-06-02T08:58:32.150+0000] {dag.py:3096} INFO - Sync 1 DAGs
[2026-06-02T08:58:32.166+0000] {logging_mixin.py:188} INFO - [2026-06-02T08:58:32.165+0000] {dag.py:3954} INFO - Setting next_dagrun for example_local_kubernetes_executor to None, run_after=None
[2026-06-02T08:58:32.189+0000] {processor.py:183} INFO - Processing /home/airflow/.local/lib/python3.12/site-packages/airflow/example_dags/example_local_kubernetes_executor.py took 0.091 seconds
[2026-06-02T09:00:16.312+0000] {processor.py:161} INFO - Started process (PID=155) to work on /home/airflow/.local/lib/python3.12/site-packages/airflow/example_dags/example_local_kubernetes_executor.py
[2026-06-02T09:00:16.314+0000] {processor.py:830} INFO - Processing file /home/airflow/.local/lib/python3.12/site-packages/airflow/example_dags/example_local_kubernetes_executor.py for tasks to queue
[2026-06-02T09:00:16.316+0000] {logging_mixin.py:188} INFO - [2026-06-02T09:00:16.315+0000] {dagbag.py:540} INFO - Filling up the DagBag from /home/airflow/.local/lib/python3.12/site-packages/airflow/example_dags/example_local_kubernetes_executor.py
[2026-06-02T09:00:16.322+0000] {processor.py:840} INFO - DAG(s) 'example_local_kubernetes_executor' retrieved from /home/airflow/.local/lib/python3.12/site-packages/airflow/example_dags/example_local_kubernetes_executor.py
[2026-06-02T09:00:16.423+0000] {logging_mixin.py:188} INFO - [2026-06-02T09:00:16.422+0000] {dag.py:3096} INFO - Sync 1 DAGs
[2026-06-02T09:00:16.432+0000] {logging_mixin.py:188} INFO - [2026-06-02T09:00:16.432+0000] {dag.py:3954} INFO - Setting next_dagrun for example_local_kubernetes_executor to None, run_after=None
[2026-06-02T09:00:16.450+0000] {processor.py:183} INFO - Processing /home/airflow/.local/lib/python3.12/site-packages/airflow/example_dags/example_local_kubernetes_executor.py took 0.142 seconds
[2026-06-02T09:00:46.952+0000] {processor.py:161} INFO - Started process (PID=215) to work on /home/airflow/.local/lib/python3.12/site-packages/airflow/example_dags/example_local_kubernetes_executor.py
[2026-06-02T09:00:46.953+0000] {processor.py:830} INFO - Processing file /home/airflow/.local/lib/python3.12/site-packages/airflow/example_dags/example_local_kubernetes_executor.py for tasks to queue
[2026-06-02T09:00:46.954+0000] {logging_mixin.py:188} INFO - [2026-06-02T09:00:46.954+0000] {dagbag.py:540} INFO - Filling up the DagBag from /home/airflow/.local/lib/python3.12/site-packages/airflow/example_dags/example_local_kubernetes_executor.py
[2026-06-02T09:00:46.961+0000] {processor.py:840} INFO - DAG(s) 'example_local_kubernetes_executor' retrieved from /home/airflow/.local/lib/python3.12/site-packages/airflow/example_dags/example_local_kubernetes_executor.py
[2026-06-02T09:00:46.989+0000] {logging_mixin.py:188} INFO - [2026-06-02T09:00:46.988+0000] {dag.py:3096} INFO - Sync 1 DAGs
[2026-06-02T09:00:47.000+0000] {logging_mixin.py:188} INFO - [2026-06-02T09:00:46.999+0000] {dag.py:3954} INFO - Setting next_dagrun for example_local_kubernetes_executor to None, run_after=None
[2026-06-02T09:00:47.016+0000] {processor.py:183} INFO - Processing /home/airflow/.local/lib/python3.12/site-packages/airflow/example_dags/example_local_kubernetes_executor.py took 0.069 seconds
[2026-06-02T09:01:17.625+0000] {processor.py:161} INFO - Started process (PID=275) to work on /home/airflow/.local/lib/python3.12/site-packages/airflow/example_dags/example_local_kubernetes_executor.py
[2026-06-02T09:01:17.627+0000] {processor.py:830} INFO - Processing file /home/airflow/.local/lib/python3.12/site-packages/airflow/example_dags/example_local_kubernetes_executor.py for tasks to queue
[2026-06-02T09:01:17.629+0000] {logging_mixin.py:188} INFO - [2026-06-02T09:01:17.629+0000] {dagbag.py:540} INFO - Filling up the DagBag from /home/airflow/.local/lib/python3.12/site-packages/airflow/example_dags/example_local_kubernetes_executor.py
[2026-06-02T09:01:17.636+0000] {processor.py:840} INFO - DAG(s) 'example_local_kubernetes_executor' retrieved from /home/airflow/.local/lib/python3.12/site-packages/airflow/example_dags/example_local_kubernetes_executor.py
[2026-06-02T09:01:17.664+0000] {logging_mixin.py:188} INFO - [2026-06-02T09:01:17.664+0000] {dag.py:3096} INFO - Sync 1 DAGs
[2026-06-02T09:01:17.675+0000] {logging_mixin.py:188} INFO - [2026-06-02T09:01:17.674+0000] {dag.py:3954} INFO - Setting next_dagrun for example_local_kubernetes_executor to None, run_after=None
[2026-06-02T09:01:17.693+0000] {processor.py:183} INFO - Processing /home/airflow/.local/lib/python3.12/site-packages/airflow/example_dags/example_local_kubernetes_executor.py took 0.073 seconds
[2026-06-02T09:01:47.815+0000] {processor.py:161} INFO - Started process (PID=335) to work on /home/airflow/.local/lib/python3.12/site-packages/airflow/example_dags/example_local_kubernetes_executor.py
[2026-06-02T09:01:47.816+0000] {processor.py:830} INFO - Processing file /home/airflow/.local/lib/python3.12/site-packages/airflow/example_dags/example_local_kubernetes_executor.py for tasks to queue
[2026-06-02T09:01:47.818+0000] {logging_mixin.py:188} INFO - [2026-06-02T09:01:47.818+0000] {dagbag.py:540} INFO - Filling up the DagBag from /home/airflow/.local/lib/python3.12/site-packages/airflow/example_dags/example_local_kubernetes_executor.py
[2026-06-02T09:01:47.824+0000] {processor.py:840} INFO - DAG(s) 'example_local_kubernetes_executor' retrieved from /home/airflow/.local/lib/python3.12/site-packages/airflow/example_dags/example_local_kubernetes_executor.py
[2026-06-02T09:01:47.854+0000] {logging_mixin.py:188} INFO - [2026-06-02T09:01:47.854+0000] {dag.py:3096} INFO - Sync 1 DAGs
[2026-06-02T09:01:47.866+0000] {logging_mixin.py:188} INFO - [2026-06-02T09:01:47.866+0000] {dag.py:3954} INFO - Setting next_dagrun for example_local_kubernetes_executor to None, run_after=None
[2026-06-02T09:01:47.884+0000] {processor.py:183} INFO - Processing /home/airflow/.local/lib/python3.12/site-packages/airflow/example_dags/example_local_kubernetes_executor.py took 0.074 seconds
[2026-06-02T09:02:18.015+0000] {processor.py:161} INFO - Started process (PID=395) to work on /home/airflow/.local/lib/python3.12/site-packages/airflow/example_dags/example_local_kubernetes_executor.py
[2026-06-02T09:02:18.017+0000] {processor.py:830} INFO - Processing file /home/airflow/.local/lib/python3.12/site-packages/airflow/example_dags/example_local_kubernetes_executor.py for tasks to queue
[2026-06-02T09:02:18.020+0000] {logging_mixin.py:188} INFO - [2026-06-02T09:02:18.019+0000] {dagbag.py:540} INFO - Filling up the DagBag from /home/airflow/.local/lib/python3.12/site-packages/airflow/example_dags/example_local_kubernetes_executor.py
[2026-06-02T09:02:18.027+0000] {processor.py:840} INFO - DAG(s) 'example_local_kubernetes_executor' retrieved from /home/airflow/.local/lib/python3.12/site-packages/airflow/example_dags/example_local_kubernetes_executor.py
[2026-06-02T09:02:18.060+0000] {logging_mixin.py:188} INFO - [2026-06-02T09:02:18.060+0000] {dag.py:3096} INFO - Sync 1 DAGs
[2026-06-02T09:02:18.073+0000] {logging_mixin.py:188} INFO - [2026-06-02T09:02:18.073+0000] {dag.py:3954} INFO - Setting next_dagrun for example_local_kubernetes_executor to None, run_after=None
[2026-06-02T09:02:18.096+0000] {processor.py:183} INFO - Processing /home/airflow/.local/lib/python3.12/site-packages/airflow/example_dags/example_local_kubernetes_executor.py took 0.085 seconds
[2026-06-02T09:02:48.154+0000] {processor.py:161} INFO - Started process (PID=455) to work on /home/airflow/.local/lib/python3.12/site-packages/airflow/example_dags/example_local_kubernetes_executor.py
[2026-06-02T09:02:48.155+0000] {processor.py:830} INFO - Processing file /home/airflow/.local/lib/python3.12/site-packages/airflow/example_dags/example_local_kubernetes_executor.py for tasks to queue
[2026-06-02T09:02:48.157+0000] {logging_mixin.py:188} INFO - [2026-06-02T09:02:48.157+0000] {dagbag.py:540} INFO - Filling up the DagBag from /home/airflow/.local/lib/python3.12/site-packages/airflow/example_dags/example_local_kubernetes_executor.py
[2026-06-02T09:02:48.164+0000] {processor.py:840} INFO - DAG(s) 'example_local_kubernetes_executor' retrieved from /home/airflow/.local/lib/python3.12/site-packages/airflow/example_dags/example_local_kubernetes_executor.py
[2026-06-02T09:02:48.191+0000] {logging_mixin.py:188} INFO - [2026-06-02T09:02:48.191+0000] {dag.py:3096} INFO - Sync 1 DAGs
[2026-06-02T09:02:48.202+0000] {logging_mixin.py:188} INFO - [2026-06-02T09:02:48.202+0000] {dag.py:3954} INFO - Setting next_dagrun for example_local_kubernetes_executor to None, run_after=None
[2026-06-02T09:02:48.217+0000] {processor.py:183} INFO - Processing /home/airflow/.local/lib/python3.12/site-packages/airflow/example_dags/example_local_kubernetes_executor.py took 0.068 seconds
[2026-06-02T09:03:18.566+0000] {processor.py:161} INFO - Started process (PID=515) to work on /home/airflow/.local/lib/python3.12/site-packages/airflow/example_dags/example_local_kubernetes_executor.py
[2026-06-02T09:03:18.567+0000] {processor.py:830} INFO - Processing file /home/airflow/.local/lib/python3.12/site-packages/airflow/example_dags/example_local_kubernetes_executor.py for tasks to queue
[2026-06-02T09:03:18.569+0000] {logging_mixin.py:188} INFO - [2026-06-02T09:03:18.569+0000] {dagbag.py:540} INFO - Filling up the DagBag from /home/airflow/.local/lib/python3.12/site-packages/airflow/example_dags/example_local_kubernetes_executor.py
[2026-06-02T09:03:18.575+0000] {processor.py:840} INFO - DAG(s) 'example_local_kubernetes_executor' retrieved from /home/airflow/.local/lib/python3.12/site-packages/airflow/example_dags/example_local_kubernetes_executor.py
[2026-06-02T09:03:18.601+0000] {logging_mixin.py:188} INFO - [2026-06-02T09:03:18.601+0000] {dag.py:3096} INFO - Sync 1 DAGs
[2026-06-02T09:03:18.611+0000] {logging_mixin.py:188} INFO - [2026-06-02T09:03:18.611+0000] {dag.py:3954} INFO - Setting next_dagrun for example_local_kubernetes_executor to None, run_after=None
[2026-06-02T09:03:18.626+0000] {processor.py:183} INFO - Processing /home/airflow/.local/lib/python3.12/site-packages/airflow/example_dags/example_local_kubernetes_executor.py took 0.064 seconds
[2026-06-02T09:03:48.866+0000] {processor.py:161} INFO - Started process (PID=575) to work on /home/airflow/.local/lib/python3.12/site-packages/airflow/example_dags/example_local_kubernetes_executor.py
[2026-06-02T09:03:48.867+0000] {processor.py:830} INFO - Processing file /home/airflow/.local/lib/python3.12/site-packages/airflow/example_dags/example_local_kubernetes_executor.py for tasks to queue
[2026-06-02T09:03:48.869+0000] {logging_mixin.py:188} INFO - [2026-06-02T09:03:48.868+0000] {dagbag.py:540} INFO - Filling up the DagBag from /home/airflow/.local/lib/python3.12/site-packages/airflow/example_dags/example_local_kubernetes_executor.py
[2026-06-02T09:03:48.876+0000] {processor.py:840} INFO - DAG(s) 'example_local_kubernetes_executor' retrieved from /home/airflow/.local/lib/python3.12/site-packages/airflow/example_dags/example_local_kubernetes_executor.py
[2026-06-02T09:03:48.904+0000] {logging_mixin.py:188} INFO - [2026-06-02T09:03:48.904+0000] {dag.py:3096} INFO - Sync 1 DAGs
[2026-06-02T09:03:48.915+0000] {logging_mixin.py:188} INFO - [2026-06-02T09:03:48.914+0000] {dag.py:3954} INFO - Setting next_dagrun for example_local_kubernetes_executor to None, run_after=None
[2026-06-02T09:03:48.931+0000] {processor.py:183} INFO - Processing /home/airflow/.local/lib/python3.12/site-packages/airflow/example_dags/example_local_kubernetes_executor.py took 0.071 seconds
[2026-06-02T09:04:19.474+0000] {processor.py:161} INFO - Started process (PID=635) to work on /home/airflow/.local/lib/python3.12/site-packages/airflow/example_dags/example_local_kubernetes_executor.py
[2026-06-02T09:04:19.475+0000] {processor.py:830} INFO - Processing file /home/airflow/.local/lib/python3.12/site-packages/airflow/example_dags/example_local_kubernetes_executor.py for tasks to queue
[2026-06-02T09:04:19.478+0000] {logging_mixin.py:188} INFO - [2026-06-02T09:04:19.477+0000] {dagbag.py:540} INFO - Filling up the DagBag from /home/airflow/.local/lib/python3.12/site-packages/airflow/example_dags/example_local_kubernetes_executor.py
[2026-06-02T09:04:19.484+0000] {processor.py:840} INFO - DAG(s) 'example_local_kubernetes_executor' retrieved from /home/airflow/.local/lib/python3.12/site-packages/airflow/example_dags/example_local_kubernetes_executor.py
[2026-06-02T09:04:19.517+0000] {logging_mixin.py:188} INFO - [2026-06-02T09:04:19.517+0000] {dag.py:3096} INFO - Sync 1 DAGs
[2026-06-02T09:04:19.530+0000] {logging_mixin.py:188} INFO - [2026-06-02T09:04:19.530+0000] {dag.py:3954} INFO - Setting next_dagrun for example_local_kubernetes_executor to None, run_after=None
[2026-06-02T09:04:19.548+0000] {processor.py:183} INFO - Processing /home/airflow/.local/lib/python3.12/site-packages/airflow/example_dags/example_local_kubernetes_executor.py took 0.079 seconds
[2026-06-02T09:06:01.363+0000] {processor.py:161} INFO - Started process (PID=155) to work on /home/airflow/.local/lib/python3.12/site-packages/airflow/example_dags/example_local_kubernetes_executor.py
[2026-06-02T09:06:01.364+0000] {processor.py:830} INFO - Processing file /home/airflow/.local/lib/python3.12/site-packages/airflow/example_dags/example_local_kubernetes_executor.py for tasks to queue
[2026-06-02T09:06:01.366+0000] {logging_mixin.py:188} INFO - [2026-06-02T09:06:01.366+0000] {dagbag.py:540} INFO - Filling up the DagBag from /home/airflow/.local/lib/python3.12/site-packages/airflow/example_dags/example_local_kubernetes_executor.py
[2026-06-02T09:06:01.375+0000] {processor.py:840} INFO - DAG(s) 'example_local_kubernetes_executor' retrieved from /home/airflow/.local/lib/python3.12/site-packages/airflow/example_dags/example_local_kubernetes_executor.py
[2026-06-02T09:06:01.473+0000] {logging_mixin.py:188} INFO - [2026-06-02T09:06:01.473+0000] {dag.py:3096} INFO - Sync 1 DAGs
[2026-06-02T09:06:01.483+0000] {logging_mixin.py:188} INFO - [2026-06-02T09:06:01.482+0000] {dag.py:3954} INFO - Setting next_dagrun for example_local_kubernetes_executor to None, run_after=None
[2026-06-02T09:06:01.502+0000] {processor.py:183} INFO - Processing /home/airflow/.local/lib/python3.12/site-packages/airflow/example_dags/example_local_kubernetes_executor.py took 0.144 seconds
[2026-06-02T09:06:32.407+0000] {processor.py:161} INFO - Started process (PID=215) to work on /home/airflow/.local/lib/python3.12/site-packages/airflow/example_dags/example_local_kubernetes_executor.py
[2026-06-02T09:06:32.408+0000] {processor.py:830} INFO - Processing file /home/airflow/.local/lib/python3.12/site-packages/airflow/example_dags/example_local_kubernetes_executor.py for tasks to queue
[2026-06-02T09:06:32.410+0000] {logging_mixin.py:188} INFO - [2026-06-02T09:06:32.409+0000] {dagbag.py:540} INFO - Filling up the DagBag from /home/airflow/.local/lib/python3.12/site-packages/airflow/example_dags/example_local_kubernetes_executor.py
[2026-06-02T09:06:32.416+0000] {processor.py:840} INFO - DAG(s) 'example_local_kubernetes_executor' retrieved from /home/airflow/.local/lib/python3.12/site-packages/airflow/example_dags/example_local_kubernetes_executor.py
[2026-06-02T09:06:32.451+0000] {logging_mixin.py:188} INFO - [2026-06-02T09:06:32.451+0000] {dag.py:3096} INFO - Sync 1 DAGs
[2026-06-02T09:06:32.463+0000] {logging_mixin.py:188} INFO - [2026-06-02T09:06:32.463+0000] {dag.py:3954} INFO - Setting next_dagrun for example_local_kubernetes_executor to None, run_after=None
[2026-06-02T09:06:32.482+0000] {processor.py:183} INFO - Processing /home/airflow/.local/lib/python3.12/site-packages/airflow/example_dags/example_local_kubernetes_executor.py took 0.080 seconds
[2026-06-02T09:07:03.220+0000] {processor.py:161} INFO - Started process (PID=275) to work on /home/airflow/.local/lib/python3.12/site-packages/airflow/example_dags/example_local_kubernetes_executor.py
[2026-06-02T09:07:03.221+0000] {processor.py:830} INFO - Processing file /home/airflow/.local/lib/python3.12/site-packages/airflow/example_dags/example_local_kubernetes_executor.py for tasks to queue
[2026-06-02T09:07:03.223+0000] {logging_mixin.py:188} INFO - [2026-06-02T09:07:03.222+0000] {dagbag.py:540} INFO - Filling up the DagBag from /home/airflow/.local/lib/python3.12/site-packages/airflow/example_dags/example_local_kubernetes_executor.py
[2026-06-02T09:07:03.229+0000] {processor.py:840} INFO - DAG(s) 'example_local_kubernetes_executor' retrieved from /home/airflow/.local/lib/python3.12/site-packages/airflow/example_dags/example_local_kubernetes_executor.py
[2026-06-02T09:07:03.255+0000] {logging_mixin.py:188} INFO - [2026-06-02T09:07:03.254+0000] {dag.py:3096} INFO - Sync 1 DAGs
[2026-06-02T09:07:03.264+0000] {logging_mixin.py:188} INFO - [2026-06-02T09:07:03.264+0000] {dag.py:3954} INFO - Setting next_dagrun for example_local_kubernetes_executor to None, run_after=None
[2026-06-02T09:07:03.279+0000] {processor.py:183} INFO - Processing /home/airflow/.local/lib/python3.12/site-packages/airflow/example_dags/example_local_kubernetes_executor.py took 0.064 seconds
[2026-06-02T09:07:33.382+0000] {processor.py:161} INFO - Started process (PID=335) to work on /home/airflow/.local/lib/python3.12/site-packages/airflow/example_dags/example_local_kubernetes_executor.py
[2026-06-02T09:07:33.383+0000] {processor.py:830} INFO - Processing file /home/airflow/.local/lib/python3.12/site-packages/airflow/example_dags/example_local_kubernetes_executor.py for tasks to queue
[2026-06-02T09:07:33.386+0000] {logging_mixin.py:188} INFO - [2026-06-02T09:07:33.386+0000] {dagbag.py:540} INFO - Filling up the DagBag from /home/airflow/.local/lib/python3.12/site-packages/airflow/example_dags/example_local_kubernetes_executor.py
[2026-06-02T09:07:33.395+0000] {processor.py:840} INFO - DAG(s) 'example_local_kubernetes_executor' retrieved from /home/airflow/.local/lib/python3.12/site-packages/airflow/example_dags/example_local_kubernetes_executor.py
[2026-06-02T09:07:33.406+0000] {logging_mixin.py:188} INFO - [2026-06-02T09:07:33.405+0000] {dag.py:3096} INFO - Sync 1 DAGs
[2026-06-02T09:07:33.421+0000] {logging_mixin.py:188} INFO - [2026-06-02T09:07:33.420+0000] {dag.py:3954} INFO - Setting next_dagrun for example_local_kubernetes_executor to None, run_after=None
[2026-06-02T09:07:33.437+0000] {processor.py:183} INFO - Processing /home/airflow/.local/lib/python3.12/site-packages/airflow/example_dags/example_local_kubernetes_executor.py took 0.062 seconds
[2026-06-02T09:08:05.751+0000] {processor.py:161} INFO - Started process (PID=395) to work on /home/airflow/.local/lib/python3.12/site-packages/airflow/example_dags/example_local_kubernetes_executor.py
[2026-06-02T09:08:05.753+0000] {processor.py:830} INFO - Processing file /home/airflow/.local/lib/python3.12/site-packages/airflow/example_dags/example_local_kubernetes_executor.py for tasks to queue
[2026-06-02T09:08:05.755+0000] {logging_mixin.py:188} INFO - [2026-06-02T09:08:05.755+0000] {dagbag.py:540} INFO - Filling up the DagBag from /home/airflow/.local/lib/python3.12/site-packages/airflow/example_dags/example_local_kubernetes_executor.py
[2026-06-02T09:08:05.762+0000] {processor.py:840} INFO - DAG(s) 'example_local_kubernetes_executor' retrieved from /home/airflow/.local/lib/python3.12/site-packages/airflow/example_dags/example_local_kubernetes_executor.py
[2026-06-02T09:08:05.856+0000] {logging_mixin.py:188} INFO - [2026-06-02T09:08:05.855+0000] {dag.py:3096} INFO - Sync 1 DAGs
[2026-06-02T09:08:05.864+0000] {logging_mixin.py:188} INFO - [2026-06-02T09:08:05.864+0000] {dag.py:3954} INFO - Setting next_dagrun for example_local_kubernetes_executor to None, run_after=None
[2026-06-02T09:08:05.879+0000] {processor.py:183} INFO - Processing /home/airflow/.local/lib/python3.12/site-packages/airflow/example_dags/example_local_kubernetes_executor.py took 0.133 seconds
[2026-06-02T09:08:36.029+0000] {processor.py:161} INFO - Started process (PID=455) to work on /home/airflow/.local/lib/python3.12/site-packages/airflow/example_dags/example_local_kubernetes_executor.py
[2026-06-02T09:08:36.030+0000] {processor.py:830} INFO - Processing file /home/airflow/.local/lib/python3.12/site-packages/airflow/example_dags/example_local_kubernetes_executor.py for tasks to queue
[2026-06-02T09:08:36.032+0000] {logging_mixin.py:188} INFO - [2026-06-02T09:08:36.032+0000] {dagbag.py:540} INFO - Filling up the DagBag from /home/airflow/.local/lib/python3.12/site-packages/airflow/example_dags/example_local_kubernetes_executor.py
[2026-06-02T09:08:36.039+0000] {processor.py:840} INFO - DAG(s) 'example_local_kubernetes_executor' retrieved from /home/airflow/.local/lib/python3.12/site-packages/airflow/example_dags/example_local_kubernetes_executor.py
[2026-06-02T09:08:36.067+0000] {logging_mixin.py:188} INFO - [2026-06-02T09:08:36.066+0000] {dag.py:3096} INFO - Sync 1 DAGs
[2026-06-02T09:08:36.077+0000] {logging_mixin.py:188} INFO - [2026-06-02T09:08:36.076+0000] {dag.py:3954} INFO - Setting next_dagrun for example_local_kubernetes_executor to None, run_after=None
[2026-06-02T09:08:36.093+0000] {processor.py:183} INFO - Processing /home/airflow/.local/lib/python3.12/site-packages/airflow/example_dags/example_local_kubernetes_executor.py took 0.069 seconds
[2026-06-02T09:09:06.264+0000] {processor.py:161} INFO - Started process (PID=515) to work on /home/airflow/.local/lib/python3.12/site-packages/airflow/example_dags/example_local_kubernetes_executor.py
[2026-06-02T09:09:06.266+0000] {processor.py:830} INFO - Processing file /home/airflow/.local/lib/python3.12/site-packages/airflow/example_dags/example_local_kubernetes_executor.py for tasks to queue
[2026-06-02T09:09:06.268+0000] {logging_mixin.py:188} INFO - [2026-06-02T09:09:06.267+0000] {dagbag.py:540} INFO - Filling up the DagBag from /home/airflow/.local/lib/python3.12/site-packages/airflow/example_dags/example_local_kubernetes_executor.py
[2026-06-02T09:09:06.274+0000] {processor.py:840} INFO - DAG(s) 'example_local_kubernetes_executor' retrieved from /home/airflow/.local/lib/python3.12/site-packages/airflow/example_dags/example_local_kubernetes_executor.py
[2026-06-02T09:09:06.306+0000] {logging_mixin.py:188} INFO - [2026-06-02T09:09:06.305+0000] {dag.py:3096} INFO - Sync 1 DAGs
[2026-06-02T09:09:06.322+0000] {logging_mixin.py:188} INFO - [2026-06-02T09:09:06.322+0000] {dag.py:3954} INFO - Setting next_dagrun for example_local_kubernetes_executor to None, run_after=None
[2026-06-02T09:09:06.359+0000] {processor.py:183} INFO - Processing /home/airflow/.local/lib/python3.12/site-packages/airflow/example_dags/example_local_kubernetes_executor.py took 0.099 seconds
[2026-06-02T09:09:36.773+0000] {processor.py:161} INFO - Started process (PID=575) to work on /home/airflow/.local/lib/python3.12/site-packages/airflow/example_dags/example_local_kubernetes_executor.py
[2026-06-02T09:09:36.774+0000] {processor.py:830} INFO - Processing file /home/airflow/.local/lib/python3.12/site-packages/airflow/example_dags/example_local_kubernetes_executor.py for tasks to queue
[2026-06-02T09:09:36.776+0000] {logging_mixin.py:188} INFO - [2026-06-02T09:09:36.776+0000] {dagbag.py:540} INFO - Filling up the DagBag from /home/airflow/.local/lib/python3.12/site-packages/airflow/example_dags/example_local_kubernetes_executor.py
[2026-06-02T09:09:36.782+0000] {processor.py:840} INFO - DAG(s) 'example_local_kubernetes_executor' retrieved from /home/airflow/.local/lib/python3.12/site-packages/airflow/example_dags/example_local_kubernetes_executor.py
[2026-06-02T09:09:36.810+0000] {logging_mixin.py:188} INFO - [2026-06-02T09:09:36.810+0000] {dag.py:3096} INFO - Sync 1 DAGs
[2026-06-02T09:09:36.820+0000] {logging_mixin.py:188} INFO - [2026-06-02T09:09:36.820+0000] {dag.py:3954} INFO - Setting next_dagrun for example_local_kubernetes_executor to None, run_after=None
[2026-06-02T09:09:36.839+0000] {processor.py:183} INFO - Processing /home/airflow/.local/lib/python3.12/site-packages/airflow/example_dags/example_local_kubernetes_executor.py took 0.071 seconds
[2026-06-02T09:10:06.918+0000] {processor.py:161} INFO - Started process (PID=635) to work on /home/airflow/.local/lib/python3.12/site-packages/airflow/example_dags/example_local_kubernetes_executor.py
[2026-06-02T09:10:06.919+0000] {processor.py:830} INFO - Processing file /home/airflow/.local/lib/python3.12/site-packages/airflow/example_dags/example_local_kubernetes_executor.py for tasks to queue
[2026-06-02T09:10:06.921+0000] {logging_mixin.py:188} INFO - [2026-06-02T09:10:06.921+0000] {dagbag.py:540} INFO - Filling up the DagBag from /home/airflow/.local/lib/python3.12/site-packages/airflow/example_dags/example_local_kubernetes_executor.py
[2026-06-02T09:10:06.928+0000] {processor.py:840} INFO - DAG(s) 'example_local_kubernetes_executor' retrieved from /home/airflow/.local/lib/python3.12/site-packages/airflow/example_dags/example_local_kubernetes_executor.py
[2026-06-02T09:10:06.957+0000] {logging_mixin.py:188} INFO - [2026-06-02T09:10:06.956+0000] {dag.py:3096} INFO - Sync 1 DAGs
[2026-06-02T09:10:06.968+0000] {logging_mixin.py:188} INFO - [2026-06-02T09:10:06.968+0000] {dag.py:3954} INFO - Setting next_dagrun for example_local_kubernetes_executor to None, run_after=None
[2026-06-02T09:10:06.984+0000] {processor.py:183} INFO - Processing /home/airflow/.local/lib/python3.12/site-packages/airflow/example_dags/example_local_kubernetes_executor.py took 0.071 seconds
[2026-06-02T09:10:38.047+0000] {processor.py:161} INFO - Started process (PID=695) to work on /home/airflow/.local/lib/python3.12/site-packages/airflow/example_dags/example_local_kubernetes_executor.py
[2026-06-02T09:10:38.049+0000] {processor.py:830} INFO - Processing file /home/airflow/.local/lib/python3.12/site-packages/airflow/example_dags/example_local_kubernetes_executor.py for tasks to queue
[2026-06-02T09:10:38.053+0000] {logging_mixin.py:188} INFO - [2026-06-02T09:10:38.052+0000] {dagbag.py:540} INFO - Filling up the DagBag from /home/airflow/.local/lib/python3.12/site-packages/airflow/example_dags/example_local_kubernetes_executor.py
[2026-06-02T09:10:38.071+0000] {processor.py:840} INFO - DAG(s) 'example_local_kubernetes_executor' retrieved from /home/airflow/.local/lib/python3.12/site-packages/airflow/example_dags/example_local_kubernetes_executor.py
[2026-06-02T09:10:38.142+0000] {logging_mixin.py:188} INFO - [2026-06-02T09:10:38.142+0000] {dag.py:3096} INFO - Sync 1 DAGs
[2026-06-02T09:10:38.161+0000] {logging_mixin.py:188} INFO - [2026-06-02T09:10:38.160+0000] {dag.py:3954} INFO - Setting next_dagrun for example_local_kubernetes_executor to None, run_after=None
[2026-06-02T09:10:38.201+0000] {processor.py:183} INFO - Processing /home/airflow/.local/lib/python3.12/site-packages/airflow/example_dags/example_local_kubernetes_executor.py took 0.164 seconds
[2026-06-02T09:11:08.626+0000] {processor.py:161} INFO - Started process (PID=755) to work on /home/airflow/.local/lib/python3.12/site-packages/airflow/example_dags/example_local_kubernetes_executor.py
[2026-06-02T09:11:08.627+0000] {processor.py:830} INFO - Processing file /home/airflow/.local/lib/python3.12/site-packages/airflow/example_dags/example_local_kubernetes_executor.py for tasks to queue
[2026-06-02T09:11:08.628+0000] {logging_mixin.py:188} INFO - [2026-06-02T09:11:08.628+0000] {dagbag.py:540} INFO - Filling up the DagBag from /home/airflow/.local/lib/python3.12/site-packages/airflow/example_dags/example_local_kubernetes_executor.py
[2026-06-02T09:11:08.636+0000] {processor.py:840} INFO - DAG(s) 'example_local_kubernetes_executor' retrieved from /home/airflow/.local/lib/python3.12/site-packages/airflow/example_dags/example_local_kubernetes_executor.py
[2026-06-02T09:11:08.667+0000] {logging_mixin.py:188} INFO - [2026-06-02T09:11:08.667+0000] {dag.py:3096} INFO - Sync 1 DAGs
[2026-06-02T09:11:08.678+0000] {logging_mixin.py:188} INFO - [2026-06-02T09:11:08.678+0000] {dag.py:3954} INFO - Setting next_dagrun for example_local_kubernetes_executor to None, run_after=None
[2026-06-02T09:11:08.695+0000] {processor.py:183} INFO - Processing /home/airflow/.local/lib/python3.12/site-packages/airflow/example_dags/example_local_kubernetes_executor.py took 0.075 seconds
[2026-06-02T09:11:39.076+0000] {processor.py:161} INFO - Started process (PID=815) to work on /home/airflow/.local/lib/python3.12/site-packages/airflow/example_dags/example_local_kubernetes_executor.py
[2026-06-02T09:11:39.078+0000] {processor.py:830} INFO - Processing file /home/airflow/.local/lib/python3.12/site-packages/airflow/example_dags/example_local_kubernetes_executor.py for tasks to queue
[2026-06-02T09:11:39.081+0000] {logging_mixin.py:188} INFO - [2026-06-02T09:11:39.080+0000] {dagbag.py:540} INFO - Filling up the DagBag from /home/airflow/.local/lib/python3.12/site-packages/airflow/example_dags/example_local_kubernetes_executor.py
[2026-06-02T09:11:39.088+0000] {processor.py:840} INFO - DAG(s) 'example_local_kubernetes_executor' retrieved from /home/airflow/.local/lib/python3.12/site-packages/airflow/example_dags/example_local_kubernetes_executor.py
[2026-06-02T09:11:39.120+0000] {logging_mixin.py:188} INFO - [2026-06-02T09:11:39.120+0000] {dag.py:3096} INFO - Sync 1 DAGs
[2026-06-02T09:11:39.134+0000] {logging_mixin.py:188} INFO - [2026-06-02T09:11:39.134+0000] {dag.py:3954} INFO - Setting next_dagrun for example_local_kubernetes_executor to None, run_after=None
[2026-06-02T09:11:39.152+0000] {processor.py:183} INFO - Processing /home/airflow/.local/lib/python3.12/site-packages/airflow/example_dags/example_local_kubernetes_executor.py took 0.086 seconds
[2026-06-02T09:12:09.480+0000] {processor.py:161} INFO - Started process (PID=875) to work on /home/airflow/.local/lib/python3.12/site-packages/airflow/example_dags/example_local_kubernetes_executor.py
[2026-06-02T09:12:09.481+0000] {processor.py:830} INFO - Processing file /home/airflow/.local/lib/python3.12/site-packages/airflow/example_dags/example_local_kubernetes_executor.py for tasks to queue
[2026-06-02T09:12:09.483+0000] {logging_mixin.py:188} INFO - [2026-06-02T09:12:09.482+0000] {dagbag.py:540} INFO - Filling up the DagBag from /home/airflow/.local/lib/python3.12/site-packages/airflow/example_dags/example_local_kubernetes_executor.py
[2026-06-02T09:12:09.490+0000] {processor.py:840} INFO - DAG(s) 'example_local_kubernetes_executor' retrieved from /home/airflow/.local/lib/python3.12/site-packages/airflow/example_dags/example_local_kubernetes_executor.py
[2026-06-02T09:12:09.518+0000] {logging_mixin.py:188} INFO - [2026-06-02T09:12:09.517+0000] {dag.py:3096} INFO - Sync 1 DAGs
[2026-06-02T09:12:09.528+0000] {logging_mixin.py:188} INFO - [2026-06-02T09:12:09.528+0000] {dag.py:3954} INFO - Setting next_dagrun for example_local_kubernetes_executor to None, run_after=None
[2026-06-02T09:12:09.544+0000] {processor.py:183} INFO - Processing /home/airflow/.local/lib/python3.12/site-packages/airflow/example_dags/example_local_kubernetes_executor.py took 0.070 seconds
[2026-06-02T09:12:40.158+0000] {processor.py:161} INFO - Started process (PID=935) to work on /home/airflow/.local/lib/python3.12/site-packages/airflow/example_dags/example_local_kubernetes_executor.py
[2026-06-02T09:12:40.159+0000] {processor.py:830} INFO - Processing file /home/airflow/.local/lib/python3.12/site-packages/airflow/example_dags/example_local_kubernetes_executor.py for tasks to queue
[2026-06-02T09:12:40.161+0000] {logging_mixin.py:188} INFO - [2026-06-02T09:12:40.161+0000] {dagbag.py:540} INFO - Filling up the DagBag from /home/airflow/.local/lib/python3.12/site-packages/airflow/example_dags/example_local_kubernetes_executor.py
[2026-06-02T09:12:40.168+0000] {processor.py:840} INFO - DAG(s) 'example_local_kubernetes_executor' retrieved from /home/airflow/.local/lib/python3.12/site-packages/airflow/example_dags/example_local_kubernetes_executor.py
[2026-06-02T09:12:40.196+0000] {logging_mixin.py:188} INFO - [2026-06-02T09:12:40.196+0000] {dag.py:3096} INFO - Sync 1 DAGs
[2026-06-02T09:12:40.208+0000] {logging_mixin.py:188} INFO - [2026-06-02T09:12:40.207+0000] {dag.py:3954} INFO - Setting next_dagrun for example_local_kubernetes_executor to None, run_after=None
[2026-06-02T09:12:40.223+0000] {processor.py:183} INFO - Processing /home/airflow/.local/lib/python3.12/site-packages/airflow/example_dags/example_local_kubernetes_executor.py took 0.071 seconds
[2026-06-02T09:13:10.711+0000] {processor.py:161} INFO - Started process (PID=995) to work on /home/airflow/.local/lib/python3.12/site-packages/airflow/example_dags/example_local_kubernetes_executor.py
[2026-06-02T09:13:10.712+0000] {processor.py:830} INFO - Processing file /home/airflow/.local/lib/python3.12/site-packages/airflow/example_dags/example_local_kubernetes_executor.py for tasks to queue
[2026-06-02T09:13:10.714+0000] {logging_mixin.py:188} INFO - [2026-06-02T09:13:10.713+0000] {dagbag.py:540} INFO - Filling up the DagBag from /home/airflow/.local/lib/python3.12/site-packages/airflow/example_dags/example_local_kubernetes_executor.py
[2026-06-02T09:13:10.721+0000] {processor.py:840} INFO - DAG(s) 'example_local_kubernetes_executor' retrieved from /home/airflow/.local/lib/python3.12/site-packages/airflow/example_dags/example_local_kubernetes_executor.py
[2026-06-02T09:13:10.756+0000] {logging_mixin.py:188} INFO - [2026-06-02T09:13:10.755+0000] {dag.py:3096} INFO - Sync 1 DAGs
[2026-06-02T09:13:10.766+0000] {logging_mixin.py:188} INFO - [2026-06-02T09:13:10.766+0000] {dag.py:3954} INFO - Setting next_dagrun for example_local_kubernetes_executor to None, run_after=None
[2026-06-02T09:13:10.782+0000] {processor.py:183} INFO - Processing /home/airflow/.local/lib/python3.12/site-packages/airflow/example_dags/example_local_kubernetes_executor.py took 0.077 seconds
[2026-06-02T09:13:41.508+0000] {processor.py:161} INFO - Started process (PID=1055) to work on /home/airflow/.local/lib/python3.12/site-packages/airflow/example_dags/example_local_kubernetes_executor.py
[2026-06-02T09:13:41.509+0000] {processor.py:830} INFO - Processing file /home/airflow/.local/lib/python3.12/site-packages/airflow/example_dags/example_local_kubernetes_executor.py for tasks to queue
[2026-06-02T09:13:41.512+0000] {logging_mixin.py:188} INFO - [2026-06-02T09:13:41.511+0000] {dagbag.py:540} INFO - Filling up the DagBag from /home/airflow/.local/lib/python3.12/site-packages/airflow/example_dags/example_local_kubernetes_executor.py
[2026-06-02T09:13:41.521+0000] {processor.py:840} INFO - DAG(s) 'example_local_kubernetes_executor' retrieved from /home/airflow/.local/lib/python3.12/site-packages/airflow/example_dags/example_local_kubernetes_executor.py
[2026-06-02T09:13:41.557+0000] {logging_mixin.py:188} INFO - [2026-06-02T09:13:41.557+0000] {dag.py:3096} INFO - Sync 1 DAGs
[2026-06-02T09:13:41.570+0000] {logging_mixin.py:188} INFO - [2026-06-02T09:13:41.570+0000] {dag.py:3954} INFO - Setting next_dagrun for example_local_kubernetes_executor to None, run_after=None
[2026-06-02T09:13:41.590+0000] {processor.py:183} INFO - Processing /home/airflow/.local/lib/python3.12/site-packages/airflow/example_dags/example_local_kubernetes_executor.py took 0.090 seconds
[2026-06-02T09:14:12.314+0000] {processor.py:161} INFO - Started process (PID=1115) to work on /home/airflow/.local/lib/python3.12/site-packages/airflow/example_dags/example_local_kubernetes_executor.py
[2026-06-02T09:14:12.315+0000] {processor.py:830} INFO - Processing file /home/airflow/.local/lib/python3.12/site-packages/airflow/example_dags/example_local_kubernetes_executor.py for tasks to queue
[2026-06-02T09:14:12.317+0000] {logging_mixin.py:188} INFO - [2026-06-02T09:14:12.317+0000] {dagbag.py:540} INFO - Filling up the DagBag from /home/airflow/.local/lib/python3.12/site-packages/airflow/example_dags/example_local_kubernetes_executor.py
[2026-06-02T09:14:12.326+0000] {processor.py:840} INFO - DAG(s) 'example_local_kubernetes_executor' retrieved from /home/airflow/.local/lib/python3.12/site-packages/airflow/example_dags/example_local_kubernetes_executor.py
[2026-06-02T09:14:12.358+0000] {logging_mixin.py:188} INFO - [2026-06-02T09:14:12.358+0000] {dag.py:3096} INFO - Sync 1 DAGs
[2026-06-02T09:14:12.544+0000] {logging_mixin.py:188} INFO - [2026-06-02T09:14:12.543+0000] {dag.py:3954} INFO - Setting next_dagrun for example_local_kubernetes_executor to None, run_after=None
[2026-06-02T09:14:12.572+0000] {processor.py:183} INFO - Processing /home/airflow/.local/lib/python3.12/site-packages/airflow/example_dags/example_local_kubernetes_executor.py took 0.263 seconds
[2026-06-02T09:14:43.167+0000] {processor.py:161} INFO - Started process (PID=1175) to work on /home/airflow/.local/lib/python3.12/site-packages/airflow/example_dags/example_local_kubernetes_executor.py
[2026-06-02T09:14:43.168+0000] {processor.py:830} INFO - Processing file /home/airflow/.local/lib/python3.12/site-packages/airflow/example_dags/example_local_kubernetes_executor.py for tasks to queue
[2026-06-02T09:14:43.170+0000] {logging_mixin.py:188} INFO - [2026-06-02T09:14:43.170+0000] {dagbag.py:540} INFO - Filling up the DagBag from /home/airflow/.local/lib/python3.12/site-packages/airflow/example_dags/example_local_kubernetes_executor.py
[2026-06-02T09:14:43.177+0000] {processor.py:840} INFO - DAG(s) 'example_local_kubernetes_executor' retrieved from /home/airflow/.local/lib/python3.12/site-packages/airflow/example_dags/example_local_kubernetes_executor.py
[2026-06-02T09:14:43.203+0000] {logging_mixin.py:188} INFO - [2026-06-02T09:14:43.203+0000] {dag.py:3096} INFO - Sync 1 DAGs
[2026-06-02T09:14:43.340+0000] {logging_mixin.py:188} INFO - [2026-06-02T09:14:43.340+0000] {dag.py:3954} INFO - Setting next_dagrun for example_local_kubernetes_executor to None, run_after=None
[2026-06-02T09:14:43.354+0000] {processor.py:183} INFO - Processing /home/airflow/.local/lib/python3.12/site-packages/airflow/example_dags/example_local_kubernetes_executor.py took 0.191 seconds
[2026-06-02T09:15:13.426+0000] {processor.py:161} INFO - Started process (PID=1235) to work on /home/airflow/.local/lib/python3.12/site-packages/airflow/example_dags/example_local_kubernetes_executor.py
[2026-06-02T09:15:13.427+0000] {processor.py:830} INFO - Processing file /home/airflow/.local/lib/python3.12/site-packages/airflow/example_dags/example_local_kubernetes_executor.py for tasks to queue
[2026-06-02T09:15:13.430+0000] {logging_mixin.py:188} INFO - [2026-06-02T09:15:13.429+0000] {dagbag.py:540} INFO - Filling up the DagBag from /home/airflow/.local/lib/python3.12/site-packages/airflow/example_dags/example_local_kubernetes_executor.py
[2026-06-02T09:15:13.438+0000] {processor.py:840} INFO - DAG(s) 'example_local_kubernetes_executor' retrieved from /home/airflow/.local/lib/python3.12/site-packages/airflow/example_dags/example_local_kubernetes_executor.py
[2026-06-02T09:15:13.468+0000] {logging_mixin.py:188} INFO - [2026-06-02T09:15:13.468+0000] {dag.py:3096} INFO - Sync 1 DAGs
[2026-06-02T09:15:13.480+0000] {logging_mixin.py:188} INFO - [2026-06-02T09:15:13.480+0000] {dag.py:3954} INFO - Setting next_dagrun for example_local_kubernetes_executor to None, run_after=None
[2026-06-02T09:15:13.495+0000] {processor.py:183} INFO - Processing /home/airflow/.local/lib/python3.12/site-packages/airflow/example_dags/example_local_kubernetes_executor.py took 0.074 seconds
[2026-06-02T09:15:43.756+0000] {processor.py:161} INFO - Started process (PID=1295) to work on /home/airflow/.local/lib/python3.12/site-packages/airflow/example_dags/example_local_kubernetes_executor.py
[2026-06-02T09:15:43.757+0000] {processor.py:830} INFO - Processing file /home/airflow/.local/lib/python3.12/site-packages/airflow/example_dags/example_local_kubernetes_executor.py for tasks to queue
[2026-06-02T09:15:43.758+0000] {logging_mixin.py:188} INFO - [2026-06-02T09:15:43.758+0000] {dagbag.py:540} INFO - Filling up the DagBag from /home/airflow/.local/lib/python3.12/site-packages/airflow/example_dags/example_local_kubernetes_executor.py
[2026-06-02T09:15:43.765+0000] {processor.py:840} INFO - DAG(s) 'example_local_kubernetes_executor' retrieved from /home/airflow/.local/lib/python3.12/site-packages/airflow/example_dags/example_local_kubernetes_executor.py
[2026-06-02T09:15:43.790+0000] {logging_mixin.py:188} INFO - [2026-06-02T09:15:43.789+0000] {dag.py:3096} INFO - Sync 1 DAGs
[2026-06-02T09:15:43.800+0000] {logging_mixin.py:188} INFO - [2026-06-02T09:15:43.800+0000] {dag.py:3954} INFO - Setting next_dagrun for example_local_kubernetes_executor to None, run_after=None
[2026-06-02T09:15:43.814+0000] {processor.py:183} INFO - Processing /home/airflow/.local/lib/python3.12/site-packages/airflow/example_dags/example_local_kubernetes_executor.py took 0.063 seconds
[2026-06-02T09:16:14.567+0000] {processor.py:161} INFO - Started process (PID=1355) to work on /home/airflow/.local/lib/python3.12/site-packages/airflow/example_dags/example_local_kubernetes_executor.py
[2026-06-02T09:16:14.569+0000] {processor.py:830} INFO - Processing file /home/airflow/.local/lib/python3.12/site-packages/airflow/example_dags/example_local_kubernetes_executor.py for tasks to queue
[2026-06-02T09:16:14.570+0000] {logging_mixin.py:188} INFO - [2026-06-02T09:16:14.570+0000] {dagbag.py:540} INFO - Filling up the DagBag from /home/airflow/.local/lib/python3.12/site-packages/airflow/example_dags/example_local_kubernetes_executor.py
[2026-06-02T09:16:14.576+0000] {processor.py:840} INFO - DAG(s) 'example_local_kubernetes_executor' retrieved from /home/airflow/.local/lib/python3.12/site-packages/airflow/example_dags/example_local_kubernetes_executor.py
[2026-06-02T09:16:14.603+0000] {logging_mixin.py:188} INFO - [2026-06-02T09:16:14.602+0000] {dag.py:3096} INFO - Sync 1 DAGs
[2026-06-02T09:16:14.614+0000] {logging_mixin.py:188} INFO - [2026-06-02T09:16:14.613+0000] {dag.py:3954} INFO - Setting next_dagrun for example_local_kubernetes_executor to None, run_after=None
[2026-06-02T09:16:14.627+0000] {processor.py:183} INFO - Processing /home/airflow/.local/lib/python3.12/site-packages/airflow/example_dags/example_local_kubernetes_executor.py took 0.065 seconds
[2026-06-02T09:16:45.448+0000] {processor.py:161} INFO - Started process (PID=1415) to work on /home/airflow/.local/lib/python3.12/site-packages/airflow/example_dags/example_local_kubernetes_executor.py
[2026-06-02T09:16:45.449+0000] {processor.py:830} INFO - Processing file /home/airflow/.local/lib/python3.12/site-packages/airflow/example_dags/example_local_kubernetes_executor.py for tasks to queue
[2026-06-02T09:16:45.451+0000] {logging_mixin.py:188} INFO - [2026-06-02T09:16:45.450+0000] {dagbag.py:540} INFO - Filling up the DagBag from /home/airflow/.local/lib/python3.12/site-packages/airflow/example_dags/example_local_kubernetes_executor.py
[2026-06-02T09:16:45.457+0000] {processor.py:840} INFO - DAG(s) 'example_local_kubernetes_executor' retrieved from /home/airflow/.local/lib/python3.12/site-packages/airflow/example_dags/example_local_kubernetes_executor.py
[2026-06-02T09:16:45.486+0000] {logging_mixin.py:188} INFO - [2026-06-02T09:16:45.486+0000] {dag.py:3096} INFO - Sync 1 DAGs
[2026-06-02T09:16:45.498+0000] {logging_mixin.py:188} INFO - [2026-06-02T09:16:45.497+0000] {dag.py:3954} INFO - Setting next_dagrun for example_local_kubernetes_executor to None, run_after=None
[2026-06-02T09:16:45.513+0000] {processor.py:183} INFO - Processing /home/airflow/.local/lib/python3.12/site-packages/airflow/example_dags/example_local_kubernetes_executor.py took 0.070 seconds
[2026-06-02T09:17:15.981+0000] {processor.py:161} INFO - Started process (PID=1475) to work on /home/airflow/.local/lib/python3.12/site-packages/airflow/example_dags/example_local_kubernetes_executor.py
[2026-06-02T09:17:15.982+0000] {processor.py:830} INFO - Processing file /home/airflow/.local/lib/python3.12/site-packages/airflow/example_dags/example_local_kubernetes_executor.py for tasks to queue
[2026-06-02T09:17:15.984+0000] {logging_mixin.py:188} INFO - [2026-06-02T09:17:15.984+0000] {dagbag.py:540} INFO - Filling up the DagBag from /home/airflow/.local/lib/python3.12/site-packages/airflow/example_dags/example_local_kubernetes_executor.py
[2026-06-02T09:17:15.991+0000] {processor.py:840} INFO - DAG(s) 'example_local_kubernetes_executor' retrieved from /home/airflow/.local/lib/python3.12/site-packages/airflow/example_dags/example_local_kubernetes_executor.py
[2026-06-02T09:17:16.019+0000] {logging_mixin.py:188} INFO - [2026-06-02T09:17:16.019+0000] {dag.py:3096} INFO - Sync 1 DAGs
[2026-06-02T09:17:16.030+0000] {logging_mixin.py:188} INFO - [2026-06-02T09:17:16.030+0000] {dag.py:3954} INFO - Setting next_dagrun for example_local_kubernetes_executor to None, run_after=None
[2026-06-02T09:17:16.046+0000] {processor.py:183} INFO - Processing /home/airflow/.local/lib/python3.12/site-packages/airflow/example_dags/example_local_kubernetes_executor.py took 0.070 seconds
[2026-06-02T09:17:46.112+0000] {processor.py:161} INFO - Started process (PID=1535) to work on /home/airflow/.local/lib/python3.12/site-packages/airflow/example_dags/example_local_kubernetes_executor.py
[2026-06-02T09:17:46.113+0000] {processor.py:830} INFO - Processing file /home/airflow/.local/lib/python3.12/site-packages/airflow/example_dags/example_local_kubernetes_executor.py for tasks to queue
[2026-06-02T09:17:46.115+0000] {logging_mixin.py:188} INFO - [2026-06-02T09:17:46.114+0000] {dagbag.py:540} INFO - Filling up the DagBag from /home/airflow/.local/lib/python3.12/site-packages/airflow/example_dags/example_local_kubernetes_executor.py
[2026-06-02T09:17:46.121+0000] {processor.py:840} INFO - DAG(s) 'example_local_kubernetes_executor' retrieved from /home/airflow/.local/lib/python3.12/site-packages/airflow/example_dags/example_local_kubernetes_executor.py
[2026-06-02T09:17:46.148+0000] {logging_mixin.py:188} INFO - [2026-06-02T09:17:46.148+0000] {dag.py:3096} INFO - Sync 1 DAGs
[2026-06-02T09:17:46.159+0000] {logging_mixin.py:188} INFO - [2026-06-02T09:17:46.159+0000] {dag.py:3954} INFO - Setting next_dagrun for example_local_kubernetes_executor to None, run_after=None
[2026-06-02T09:17:46.175+0000] {processor.py:183} INFO - Processing /home/airflow/.local/lib/python3.12/site-packages/airflow/example_dags/example_local_kubernetes_executor.py took 0.068 seconds
[2026-06-02T09:18:16.515+0000] {processor.py:161} INFO - Started process (PID=1595) to work on /home/airflow/.local/lib/python3.12/site-packages/airflow/example_dags/example_local_kubernetes_executor.py
[2026-06-02T09:18:16.516+0000] {processor.py:830} INFO - Processing file /home/airflow/.local/lib/python3.12/site-packages/airflow/example_dags/example_local_kubernetes_executor.py for tasks to queue
[2026-06-02T09:18:16.518+0000] {logging_mixin.py:188} INFO - [2026-06-02T09:18:16.517+0000] {dagbag.py:540} INFO - Filling up the DagBag from /home/airflow/.local/lib/python3.12/site-packages/airflow/example_dags/example_local_kubernetes_executor.py
[2026-06-02T09:18:16.524+0000] {processor.py:840} INFO - DAG(s) 'example_local_kubernetes_executor' retrieved from /home/airflow/.local/lib/python3.12/site-packages/airflow/example_dags/example_local_kubernetes_executor.py
[2026-06-02T09:18:16.555+0000] {logging_mixin.py:188} INFO - [2026-06-02T09:18:16.555+0000] {dag.py:3096} INFO - Sync 1 DAGs
[2026-06-02T09:18:16.567+0000] {logging_mixin.py:188} INFO - [2026-06-02T09:18:16.566+0000] {dag.py:3954} INFO - Setting next_dagrun for example_local_kubernetes_executor to None, run_after=None
[2026-06-02T09:18:16.585+0000] {processor.py:183} INFO - Processing /home/airflow/.local/lib/python3.12/site-packages/airflow/example_dags/example_local_kubernetes_executor.py took 0.078 seconds
[2026-06-02T09:22:20.174+0000] {processor.py:161} INFO - Started process (PID=156) to work on /home/airflow/.local/lib/python3.12/site-packages/airflow/example_dags/example_local_kubernetes_executor.py
[2026-06-02T09:22:20.175+0000] {processor.py:830} INFO - Processing file /home/airflow/.local/lib/python3.12/site-packages/airflow/example_dags/example_local_kubernetes_executor.py for tasks to queue
[2026-06-02T09:22:20.177+0000] {logging_mixin.py:188} INFO - [2026-06-02T09:22:20.177+0000] {dagbag.py:540} INFO - Filling up the DagBag from /home/airflow/.local/lib/python3.12/site-packages/airflow/example_dags/example_local_kubernetes_executor.py
[2026-06-02T09:22:20.184+0000] {processor.py:840} INFO - DAG(s) 'example_local_kubernetes_executor' retrieved from /home/airflow/.local/lib/python3.12/site-packages/airflow/example_dags/example_local_kubernetes_executor.py
[2026-06-02T09:22:20.280+0000] {logging_mixin.py:188} INFO - [2026-06-02T09:22:20.279+0000] {dag.py:3096} INFO - Sync 1 DAGs
[2026-06-02T09:22:20.288+0000] {logging_mixin.py:188} INFO - [2026-06-02T09:22:20.287+0000] {dag.py:3954} INFO - Setting next_dagrun for example_local_kubernetes_executor to None, run_after=None
[2026-06-02T09:22:20.309+0000] {processor.py:183} INFO - Processing /home/airflow/.local/lib/python3.12/site-packages/airflow/example_dags/example_local_kubernetes_executor.py took 0.140 seconds
[2026-06-02T09:22:50.415+0000] {processor.py:161} INFO - Started process (PID=216) to work on /home/airflow/.local/lib/python3.12/site-packages/airflow/example_dags/example_local_kubernetes_executor.py
[2026-06-02T09:22:50.417+0000] {processor.py:830} INFO - Processing file /home/airflow/.local/lib/python3.12/site-packages/airflow/example_dags/example_local_kubernetes_executor.py for tasks to queue
[2026-06-02T09:22:50.418+0000] {logging_mixin.py:188} INFO - [2026-06-02T09:22:50.418+0000] {dagbag.py:540} INFO - Filling up the DagBag from /home/airflow/.local/lib/python3.12/site-packages/airflow/example_dags/example_local_kubernetes_executor.py
[2026-06-02T09:22:50.424+0000] {processor.py:840} INFO - DAG(s) 'example_local_kubernetes_executor' retrieved from /home/airflow/.local/lib/python3.12/site-packages/airflow/example_dags/example_local_kubernetes_executor.py
[2026-06-02T09:22:50.450+0000] {logging_mixin.py:188} INFO - [2026-06-02T09:22:50.450+0000] {dag.py:3096} INFO - Sync 1 DAGs
[2026-06-02T09:22:50.460+0000] {logging_mixin.py:188} INFO - [2026-06-02T09:22:50.459+0000] {dag.py:3954} INFO - Setting next_dagrun for example_local_kubernetes_executor to None, run_after=None
[2026-06-02T09:22:50.476+0000] {processor.py:183} INFO - Processing /home/airflow/.local/lib/python3.12/site-packages/airflow/example_dags/example_local_kubernetes_executor.py took 0.065 seconds
[2026-06-02T09:23:20.701+0000] {processor.py:161} INFO - Started process (PID=277) to work on /home/airflow/.local/lib/python3.12/site-packages/airflow/example_dags/example_local_kubernetes_executor.py
[2026-06-02T09:23:20.702+0000] {processor.py:830} INFO - Processing file /home/airflow/.local/lib/python3.12/site-packages/airflow/example_dags/example_local_kubernetes_executor.py for tasks to queue
[2026-06-02T09:23:20.704+0000] {logging_mixin.py:188} INFO - [2026-06-02T09:23:20.704+0000] {dagbag.py:540} INFO - Filling up the DagBag from /home/airflow/.local/lib/python3.12/site-packages/airflow/example_dags/example_local_kubernetes_executor.py
[2026-06-02T09:23:20.710+0000] {processor.py:840} INFO - DAG(s) 'example_local_kubernetes_executor' retrieved from /home/airflow/.local/lib/python3.12/site-packages/airflow/example_dags/example_local_kubernetes_executor.py
[2026-06-02T09:23:20.735+0000] {logging_mixin.py:188} INFO - [2026-06-02T09:23:20.735+0000] {dag.py:3096} INFO - Sync 1 DAGs
[2026-06-02T09:23:20.745+0000] {logging_mixin.py:188} INFO - [2026-06-02T09:23:20.745+0000] {dag.py:3954} INFO - Setting next_dagrun for example_local_kubernetes_executor to None, run_after=None
[2026-06-02T09:23:20.759+0000] {processor.py:183} INFO - Processing /home/airflow/.local/lib/python3.12/site-packages/airflow/example_dags/example_local_kubernetes_executor.py took 0.062 seconds
[2026-06-02T09:23:51.122+0000] {processor.py:161} INFO - Started process (PID=337) to work on /home/airflow/.local/lib/python3.12/site-packages/airflow/example_dags/example_local_kubernetes_executor.py
[2026-06-02T09:23:51.123+0000] {processor.py:830} INFO - Processing file /home/airflow/.local/lib/python3.12/site-packages/airflow/example_dags/example_local_kubernetes_executor.py for tasks to queue
[2026-06-02T09:23:51.125+0000] {logging_mixin.py:188} INFO - [2026-06-02T09:23:51.125+0000] {dagbag.py:540} INFO - Filling up the DagBag from /home/airflow/.local/lib/python3.12/site-packages/airflow/example_dags/example_local_kubernetes_executor.py
[2026-06-02T09:23:51.131+0000] {processor.py:840} INFO - DAG(s) 'example_local_kubernetes_executor' retrieved from /home/airflow/.local/lib/python3.12/site-packages/airflow/example_dags/example_local_kubernetes_executor.py
[2026-06-02T09:23:51.160+0000] {logging_mixin.py:188} INFO - [2026-06-02T09:23:51.160+0000] {dag.py:3096} INFO - Sync 1 DAGs
[2026-06-02T09:23:51.172+0000] {logging_mixin.py:188} INFO - [2026-06-02T09:23:51.172+0000] {dag.py:3954} INFO - Setting next_dagrun for example_local_kubernetes_executor to None, run_after=None
[2026-06-02T09:23:51.188+0000] {processor.py:183} INFO - Processing /home/airflow/.local/lib/python3.12/site-packages/airflow/example_dags/example_local_kubernetes_executor.py took 0.071 seconds
[2026-06-02T09:24:21.234+0000] {processor.py:161} INFO - Started process (PID=397) to work on /home/airflow/.local/lib/python3.12/site-packages/airflow/example_dags/example_local_kubernetes_executor.py
[2026-06-02T09:24:21.236+0000] {processor.py:830} INFO - Processing file /home/airflow/.local/lib/python3.12/site-packages/airflow/example_dags/example_local_kubernetes_executor.py for tasks to queue
[2026-06-02T09:24:21.238+0000] {logging_mixin.py:188} INFO - [2026-06-02T09:24:21.238+0000] {dagbag.py:540} INFO - Filling up the DagBag from /home/airflow/.local/lib/python3.12/site-packages/airflow/example_dags/example_local_kubernetes_executor.py
[2026-06-02T09:24:21.245+0000] {processor.py:840} INFO - DAG(s) 'example_local_kubernetes_executor' retrieved from /home/airflow/.local/lib/python3.12/site-packages/airflow/example_dags/example_local_kubernetes_executor.py
[2026-06-02T09:24:21.274+0000] {logging_mixin.py:188} INFO - [2026-06-02T09:24:21.274+0000] {dag.py:3096} INFO - Sync 1 DAGs
[2026-06-02T09:24:21.284+0000] {logging_mixin.py:188} INFO - [2026-06-02T09:24:21.284+0000] {dag.py:3954} INFO - Setting next_dagrun for example_local_kubernetes_executor to None, run_after=None
[2026-06-02T09:24:21.299+0000] {processor.py:183} INFO - Processing /home/airflow/.local/lib/python3.12/site-packages/airflow/example_dags/example_local_kubernetes_executor.py took 0.070 seconds
[2026-06-02T09:24:51.449+0000] {processor.py:161} INFO - Started process (PID=457) to work on /home/airflow/.local/lib/python3.12/site-packages/airflow/example_dags/example_local_kubernetes_executor.py
[2026-06-02T09:24:51.450+0000] {processor.py:830} INFO - Processing file /home/airflow/.local/lib/python3.12/site-packages/airflow/example_dags/example_local_kubernetes_executor.py for tasks to queue
[2026-06-02T09:24:51.452+0000] {logging_mixin.py:188} INFO - [2026-06-02T09:24:51.452+0000] {dagbag.py:540} INFO - Filling up the DagBag from /home/airflow/.local/lib/python3.12/site-packages/airflow/example_dags/example_local_kubernetes_executor.py
[2026-06-02T09:24:51.459+0000] {processor.py:840} INFO - DAG(s) 'example_local_kubernetes_executor' retrieved from /home/airflow/.local/lib/python3.12/site-packages/airflow/example_dags/example_local_kubernetes_executor.py
[2026-06-02T09:24:51.489+0000] {logging_mixin.py:188} INFO - [2026-06-02T09:24:51.489+0000] {dag.py:3096} INFO - Sync 1 DAGs
[2026-06-02T09:24:51.498+0000] {logging_mixin.py:188} INFO - [2026-06-02T09:24:51.498+0000] {dag.py:3954} INFO - Setting next_dagrun for example_local_kubernetes_executor to None, run_after=None
[2026-06-02T09:24:51.512+0000] {processor.py:183} INFO - Processing /home/airflow/.local/lib/python3.12/site-packages/airflow/example_dags/example_local_kubernetes_executor.py took 0.069 seconds
[2026-06-02T09:25:22.504+0000] {processor.py:161} INFO - Started process (PID=517) to work on /home/airflow/.local/lib/python3.12/site-packages/airflow/example_dags/example_local_kubernetes_executor.py
[2026-06-02T09:25:22.506+0000] {processor.py:830} INFO - Processing file /home/airflow/.local/lib/python3.12/site-packages/airflow/example_dags/example_local_kubernetes_executor.py for tasks to queue
[2026-06-02T09:25:22.507+0000] {logging_mixin.py:188} INFO - [2026-06-02T09:25:22.507+0000] {dagbag.py:540} INFO - Filling up the DagBag from /home/airflow/.local/lib/python3.12/site-packages/airflow/example_dags/example_local_kubernetes_executor.py
[2026-06-02T09:25:22.514+0000] {processor.py:840} INFO - DAG(s) 'example_local_kubernetes_executor' retrieved from /home/airflow/.local/lib/python3.12/site-packages/airflow/example_dags/example_local_kubernetes_executor.py
[2026-06-02T09:25:22.544+0000] {logging_mixin.py:188} INFO - [2026-06-02T09:25:22.543+0000] {dag.py:3096} INFO - Sync 1 DAGs
[2026-06-02T09:25:22.556+0000] {logging_mixin.py:188} INFO - [2026-06-02T09:25:22.556+0000] {dag.py:3954} INFO - Setting next_dagrun for example_local_kubernetes_executor to None, run_after=None
[2026-06-02T09:25:22.572+0000] {processor.py:183} INFO - Processing /home/airflow/.local/lib/python3.12/site-packages/airflow/example_dags/example_local_kubernetes_executor.py took 0.073 seconds
[2026-06-02T09:25:52.951+0000] {processor.py:161} INFO - Started process (PID=577) to work on /home/airflow/.local/lib/python3.12/site-packages/airflow/example_dags/example_local_kubernetes_executor.py
[2026-06-02T09:25:52.953+0000] {processor.py:830} INFO - Processing file /home/airflow/.local/lib/python3.12/site-packages/airflow/example_dags/example_local_kubernetes_executor.py for tasks to queue
[2026-06-02T09:25:52.955+0000] {logging_mixin.py:188} INFO - [2026-06-02T09:25:52.954+0000] {dagbag.py:540} INFO - Filling up the DagBag from /home/airflow/.local/lib/python3.12/site-packages/airflow/example_dags/example_local_kubernetes_executor.py
[2026-06-02T09:25:52.961+0000] {processor.py:840} INFO - DAG(s) 'example_local_kubernetes_executor' retrieved from /home/airflow/.local/lib/python3.12/site-packages/airflow/example_dags/example_local_kubernetes_executor.py
[2026-06-02T09:25:52.988+0000] {logging_mixin.py:188} INFO - [2026-06-02T09:25:52.988+0000] {dag.py:3096} INFO - Sync 1 DAGs
[2026-06-02T09:25:52.998+0000] {logging_mixin.py:188} INFO - [2026-06-02T09:25:52.998+0000] {dag.py:3954} INFO - Setting next_dagrun for example_local_kubernetes_executor to None, run_after=None
[2026-06-02T09:25:53.016+0000] {processor.py:183} INFO - Processing /home/airflow/.local/lib/python3.12/site-packages/airflow/example_dags/example_local_kubernetes_executor.py took 0.070 seconds
[2026-06-02T09:26:23.397+0000] {processor.py:161} INFO - Started process (PID=637) to work on /home/airflow/.local/lib/python3.12/site-packages/airflow/example_dags/example_local_kubernetes_executor.py
[2026-06-02T09:26:23.399+0000] {processor.py:830} INFO - Processing file /home/airflow/.local/lib/python3.12/site-packages/airflow/example_dags/example_local_kubernetes_executor.py for tasks to queue
[2026-06-02T09:26:23.402+0000] {logging_mixin.py:188} INFO - [2026-06-02T09:26:23.401+0000] {dagbag.py:540} INFO - Filling up the DagBag from /home/airflow/.local/lib/python3.12/site-packages/airflow/example_dags/example_local_kubernetes_executor.py
[2026-06-02T09:26:23.408+0000] {processor.py:840} INFO - DAG(s) 'example_local_kubernetes_executor' retrieved from /home/airflow/.local/lib/python3.12/site-packages/airflow/example_dags/example_local_kubernetes_executor.py
[2026-06-02T09:26:23.437+0000] {logging_mixin.py:188} INFO - [2026-06-02T09:26:23.437+0000] {dag.py:3096} INFO - Sync 1 DAGs
[2026-06-02T09:26:23.448+0000] {logging_mixin.py:188} INFO - [2026-06-02T09:26:23.448+0000] {dag.py:3954} INFO - Setting next_dagrun for example_local_kubernetes_executor to None, run_after=None
[2026-06-02T09:26:23.464+0000] {processor.py:183} INFO - Processing /home/airflow/.local/lib/python3.12/site-packages/airflow/example_dags/example_local_kubernetes_executor.py took 0.073 seconds
[2026-06-02T09:26:54.186+0000] {processor.py:161} INFO - Started process (PID=697) to work on /home/airflow/.local/lib/python3.12/site-packages/airflow/example_dags/example_local_kubernetes_executor.py
[2026-06-02T09:26:54.188+0000] {processor.py:830} INFO - Processing file /home/airflow/.local/lib/python3.12/site-packages/airflow/example_dags/example_local_kubernetes_executor.py for tasks to queue
[2026-06-02T09:26:54.191+0000] {logging_mixin.py:188} INFO - [2026-06-02T09:26:54.191+0000] {dagbag.py:540} INFO - Filling up the DagBag from /home/airflow/.local/lib/python3.12/site-packages/airflow/example_dags/example_local_kubernetes_executor.py
[2026-06-02T09:26:54.199+0000] {processor.py:840} INFO - DAG(s) 'example_local_kubernetes_executor' retrieved from /home/airflow/.local/lib/python3.12/site-packages/airflow/example_dags/example_local_kubernetes_executor.py
[2026-06-02T09:26:54.230+0000] {logging_mixin.py:188} INFO - [2026-06-02T09:26:54.230+0000] {dag.py:3096} INFO - Sync 1 DAGs
[2026-06-02T09:26:54.243+0000] {logging_mixin.py:188} INFO - [2026-06-02T09:26:54.242+0000] {dag.py:3954} INFO - Setting next_dagrun for example_local_kubernetes_executor to None, run_after=None
[2026-06-02T09:26:54.259+0000] {processor.py:183} INFO - Processing /home/airflow/.local/lib/python3.12/site-packages/airflow/example_dags/example_local_kubernetes_executor.py took 0.079 seconds
[2026-06-02T09:27:24.642+0000] {processor.py:161} INFO - Started process (PID=761) to work on /home/airflow/.local/lib/python3.12/site-packages/airflow/example_dags/example_local_kubernetes_executor.py
[2026-06-02T09:27:24.643+0000] {processor.py:830} INFO - Processing file /home/airflow/.local/lib/python3.12/site-packages/airflow/example_dags/example_local_kubernetes_executor.py for tasks to queue
[2026-06-02T09:27:24.645+0000] {logging_mixin.py:188} INFO - [2026-06-02T09:27:24.645+0000] {dagbag.py:540} INFO - Filling up the DagBag from /home/airflow/.local/lib/python3.12/site-packages/airflow/example_dags/example_local_kubernetes_executor.py
[2026-06-02T09:27:24.652+0000] {processor.py:840} INFO - DAG(s) 'example_local_kubernetes_executor' retrieved from /home/airflow/.local/lib/python3.12/site-packages/airflow/example_dags/example_local_kubernetes_executor.py
[2026-06-02T09:27:24.682+0000] {logging_mixin.py:188} INFO - [2026-06-02T09:27:24.681+0000] {dag.py:3096} INFO - Sync 1 DAGs
[2026-06-02T09:27:24.694+0000] {logging_mixin.py:188} INFO - [2026-06-02T09:27:24.693+0000] {dag.py:3954} INFO - Setting next_dagrun for example_local_kubernetes_executor to None, run_after=None
[2026-06-02T09:27:24.712+0000] {processor.py:183} INFO - Processing /home/airflow/.local/lib/python3.12/site-packages/airflow/example_dags/example_local_kubernetes_executor.py took 0.076 seconds
[2026-06-02T09:27:55.608+0000] {processor.py:161} INFO - Started process (PID=821) to work on /home/airflow/.local/lib/python3.12/site-packages/airflow/example_dags/example_local_kubernetes_executor.py
[2026-06-02T09:27:55.610+0000] {processor.py:830} INFO - Processing file /home/airflow/.local/lib/python3.12/site-packages/airflow/example_dags/example_local_kubernetes_executor.py for tasks to queue
[2026-06-02T09:27:55.612+0000] {logging_mixin.py:188} INFO - [2026-06-02T09:27:55.611+0000] {dagbag.py:540} INFO - Filling up the DagBag from /home/airflow/.local/lib/python3.12/site-packages/airflow/example_dags/example_local_kubernetes_executor.py
[2026-06-02T09:27:55.618+0000] {processor.py:840} INFO - DAG(s) 'example_local_kubernetes_executor' retrieved from /home/airflow/.local/lib/python3.12/site-packages/airflow/example_dags/example_local_kubernetes_executor.py
[2026-06-02T09:27:55.648+0000] {logging_mixin.py:188} INFO - [2026-06-02T09:27:55.648+0000] {dag.py:3096} INFO - Sync 1 DAGs
[2026-06-02T09:27:55.661+0000] {logging_mixin.py:188} INFO - [2026-06-02T09:27:55.661+0000] {dag.py:3954} INFO - Setting next_dagrun for example_local_kubernetes_executor to None, run_after=None
[2026-06-02T09:27:55.678+0000] {processor.py:183} INFO - Processing /home/airflow/.local/lib/python3.12/site-packages/airflow/example_dags/example_local_kubernetes_executor.py took 0.075 seconds
[2026-06-02T09:28:26.708+0000] {processor.py:161} INFO - Started process (PID=881) to work on /home/airflow/.local/lib/python3.12/site-packages/airflow/example_dags/example_local_kubernetes_executor.py
[2026-06-02T09:28:26.710+0000] {processor.py:830} INFO - Processing file /home/airflow/.local/lib/python3.12/site-packages/airflow/example_dags/example_local_kubernetes_executor.py for tasks to queue
[2026-06-02T09:28:26.712+0000] {logging_mixin.py:188} INFO - [2026-06-02T09:28:26.711+0000] {dagbag.py:540} INFO - Filling up the DagBag from /home/airflow/.local/lib/python3.12/site-packages/airflow/example_dags/example_local_kubernetes_executor.py
[2026-06-02T09:28:26.720+0000] {processor.py:840} INFO - DAG(s) 'example_local_kubernetes_executor' retrieved from /home/airflow/.local/lib/python3.12/site-packages/airflow/example_dags/example_local_kubernetes_executor.py
[2026-06-02T09:28:26.751+0000] {logging_mixin.py:188} INFO - [2026-06-02T09:28:26.750+0000] {dag.py:3096} INFO - Sync 1 DAGs
[2026-06-02T09:28:26.764+0000] {logging_mixin.py:188} INFO - [2026-06-02T09:28:26.764+0000] {dag.py:3954} INFO - Setting next_dagrun for example_local_kubernetes_executor to None, run_after=None
[2026-06-02T09:28:26.783+0000] {processor.py:183} INFO - Processing /home/airflow/.local/lib/python3.12/site-packages/airflow/example_dags/example_local_kubernetes_executor.py took 0.080 seconds
[2026-06-02T09:35:07.068+0000] {processor.py:161} INFO - Started process (PID=155) to work on /home/airflow/.local/lib/python3.12/site-packages/airflow/example_dags/example_local_kubernetes_executor.py
[2026-06-02T09:35:07.069+0000] {processor.py:830} INFO - Processing file /home/airflow/.local/lib/python3.12/site-packages/airflow/example_dags/example_local_kubernetes_executor.py for tasks to queue
[2026-06-02T09:35:07.070+0000] {logging_mixin.py:188} INFO - [2026-06-02T09:35:07.070+0000] {dagbag.py:540} INFO - Filling up the DagBag from /home/airflow/.local/lib/python3.12/site-packages/airflow/example_dags/example_local_kubernetes_executor.py
[2026-06-02T09:35:07.078+0000] {processor.py:840} INFO - DAG(s) 'example_local_kubernetes_executor' retrieved from /home/airflow/.local/lib/python3.12/site-packages/airflow/example_dags/example_local_kubernetes_executor.py
[2026-06-02T09:35:07.173+0000] {logging_mixin.py:188} INFO - [2026-06-02T09:35:07.173+0000] {dag.py:3096} INFO - Sync 1 DAGs
[2026-06-02T09:35:07.181+0000] {logging_mixin.py:188} INFO - [2026-06-02T09:35:07.181+0000] {dag.py:3954} INFO - Setting next_dagrun for example_local_kubernetes_executor to None, run_after=None
[2026-06-02T09:35:07.198+0000] {processor.py:183} INFO - Processing /home/airflow/.local/lib/python3.12/site-packages/airflow/example_dags/example_local_kubernetes_executor.py took 0.135 seconds
[2026-06-02T09:35:38.053+0000] {processor.py:161} INFO - Started process (PID=215) to work on /home/airflow/.local/lib/python3.12/site-packages/airflow/example_dags/example_local_kubernetes_executor.py
[2026-06-02T09:35:38.054+0000] {processor.py:830} INFO - Processing file /home/airflow/.local/lib/python3.12/site-packages/airflow/example_dags/example_local_kubernetes_executor.py for tasks to queue
[2026-06-02T09:35:38.055+0000] {logging_mixin.py:188} INFO - [2026-06-02T09:35:38.055+0000] {dagbag.py:540} INFO - Filling up the DagBag from /home/airflow/.local/lib/python3.12/site-packages/airflow/example_dags/example_local_kubernetes_executor.py
[2026-06-02T09:35:38.062+0000] {processor.py:840} INFO - DAG(s) 'example_local_kubernetes_executor' retrieved from /home/airflow/.local/lib/python3.12/site-packages/airflow/example_dags/example_local_kubernetes_executor.py
[2026-06-02T09:35:38.090+0000] {logging_mixin.py:188} INFO - [2026-06-02T09:35:38.090+0000] {dag.py:3096} INFO - Sync 1 DAGs
[2026-06-02T09:35:38.101+0000] {logging_mixin.py:188} INFO - [2026-06-02T09:35:38.100+0000] {dag.py:3954} INFO - Setting next_dagrun for example_local_kubernetes_executor to None, run_after=None
[2026-06-02T09:35:38.121+0000] {processor.py:183} INFO - Processing /home/airflow/.local/lib/python3.12/site-packages/airflow/example_dags/example_local_kubernetes_executor.py took 0.073 seconds
[2026-06-02T09:36:08.188+0000] {processor.py:161} INFO - Started process (PID=275) to work on /home/airflow/.local/lib/python3.12/site-packages/airflow/example_dags/example_local_kubernetes_executor.py
[2026-06-02T09:36:08.189+0000] {processor.py:830} INFO - Processing file /home/airflow/.local/lib/python3.12/site-packages/airflow/example_dags/example_local_kubernetes_executor.py for tasks to queue
[2026-06-02T09:36:08.191+0000] {logging_mixin.py:188} INFO - [2026-06-02T09:36:08.191+0000] {dagbag.py:540} INFO - Filling up the DagBag from /home/airflow/.local/lib/python3.12/site-packages/airflow/example_dags/example_local_kubernetes_executor.py
[2026-06-02T09:36:08.197+0000] {processor.py:840} INFO - DAG(s) 'example_local_kubernetes_executor' retrieved from /home/airflow/.local/lib/python3.12/site-packages/airflow/example_dags/example_local_kubernetes_executor.py
[2026-06-02T09:36:08.225+0000] {logging_mixin.py:188} INFO - [2026-06-02T09:36:08.224+0000] {dag.py:3096} INFO - Sync 1 DAGs
[2026-06-02T09:36:08.234+0000] {logging_mixin.py:188} INFO - [2026-06-02T09:36:08.234+0000] {dag.py:3954} INFO - Setting next_dagrun for example_local_kubernetes_executor to None, run_after=None
[2026-06-02T09:36:08.250+0000] {processor.py:183} INFO - Processing /home/airflow/.local/lib/python3.12/site-packages/airflow/example_dags/example_local_kubernetes_executor.py took 0.068 seconds
[2026-06-02T09:36:38.290+0000] {processor.py:161} INFO - Started process (PID=335) to work on /home/airflow/.local/lib/python3.12/site-packages/airflow/example_dags/example_local_kubernetes_executor.py
[2026-06-02T09:36:38.291+0000] {processor.py:830} INFO - Processing file /home/airflow/.local/lib/python3.12/site-packages/airflow/example_dags/example_local_kubernetes_executor.py for tasks to queue
[2026-06-02T09:36:38.292+0000] {logging_mixin.py:188} INFO - [2026-06-02T09:36:38.292+0000] {dagbag.py:540} INFO - Filling up the DagBag from /home/airflow/.local/lib/python3.12/site-packages/airflow/example_dags/example_local_kubernetes_executor.py
[2026-06-02T09:36:38.298+0000] {processor.py:840} INFO - DAG(s) 'example_local_kubernetes_executor' retrieved from /home/airflow/.local/lib/python3.12/site-packages/airflow/example_dags/example_local_kubernetes_executor.py
[2026-06-02T09:36:38.325+0000] {logging_mixin.py:188} INFO - [2026-06-02T09:36:38.325+0000] {dag.py:3096} INFO - Sync 1 DAGs
[2026-06-02T09:36:38.335+0000] {logging_mixin.py:188} INFO - [2026-06-02T09:36:38.335+0000] {dag.py:3954} INFO - Setting next_dagrun for example_local_kubernetes_executor to None, run_after=None
[2026-06-02T09:36:38.350+0000] {processor.py:183} INFO - Processing /home/airflow/.local/lib/python3.12/site-packages/airflow/example_dags/example_local_kubernetes_executor.py took 0.065 seconds
[2026-06-02T09:37:08.512+0000] {processor.py:161} INFO - Started process (PID=395) to work on /home/airflow/.local/lib/python3.12/site-packages/airflow/example_dags/example_local_kubernetes_executor.py
[2026-06-02T09:37:08.513+0000] {processor.py:830} INFO - Processing file /home/airflow/.local/lib/python3.12/site-packages/airflow/example_dags/example_local_kubernetes_executor.py for tasks to queue
[2026-06-02T09:37:08.515+0000] {logging_mixin.py:188} INFO - [2026-06-02T09:37:08.515+0000] {dagbag.py:540} INFO - Filling up the DagBag from /home/airflow/.local/lib/python3.12/site-packages/airflow/example_dags/example_local_kubernetes_executor.py
[2026-06-02T09:37:08.521+0000] {processor.py:840} INFO - DAG(s) 'example_local_kubernetes_executor' retrieved from /home/airflow/.local/lib/python3.12/site-packages/airflow/example_dags/example_local_kubernetes_executor.py
[2026-06-02T09:37:08.548+0000] {logging_mixin.py:188} INFO - [2026-06-02T09:37:08.548+0000] {dag.py:3096} INFO - Sync 1 DAGs
[2026-06-02T09:37:08.559+0000] {logging_mixin.py:188} INFO - [2026-06-02T09:37:08.558+0000] {dag.py:3954} INFO - Setting next_dagrun for example_local_kubernetes_executor to None, run_after=None
[2026-06-02T09:37:08.572+0000] {processor.py:183} INFO - Processing /home/airflow/.local/lib/python3.12/site-packages/airflow/example_dags/example_local_kubernetes_executor.py took 0.066 seconds
[2026-06-02T09:37:38.666+0000] {processor.py:161} INFO - Started process (PID=455) to work on /home/airflow/.local/lib/python3.12/site-packages/airflow/example_dags/example_local_kubernetes_executor.py
[2026-06-02T09:37:38.667+0000] {processor.py:830} INFO - Processing file /home/airflow/.local/lib/python3.12/site-packages/airflow/example_dags/example_local_kubernetes_executor.py for tasks to queue
[2026-06-02T09:37:38.670+0000] {logging_mixin.py:188} INFO - [2026-06-02T09:37:38.669+0000] {dagbag.py:540} INFO - Filling up the DagBag from /home/airflow/.local/lib/python3.12/site-packages/airflow/example_dags/example_local_kubernetes_executor.py
[2026-06-02T09:37:38.676+0000] {processor.py:840} INFO - DAG(s) 'example_local_kubernetes_executor' retrieved from /home/airflow/.local/lib/python3.12/site-packages/airflow/example_dags/example_local_kubernetes_executor.py
[2026-06-02T09:37:38.706+0000] {logging_mixin.py:188} INFO - [2026-06-02T09:37:38.706+0000] {dag.py:3096} INFO - Sync 1 DAGs
[2026-06-02T09:37:38.716+0000] {logging_mixin.py:188} INFO - [2026-06-02T09:37:38.715+0000] {dag.py:3954} INFO - Setting next_dagrun for example_local_kubernetes_executor to None, run_after=None
[2026-06-02T09:37:38.730+0000] {processor.py:183} INFO - Processing /home/airflow/.local/lib/python3.12/site-packages/airflow/example_dags/example_local_kubernetes_executor.py took 0.068 seconds
[2026-06-02T09:38:08.837+0000] {processor.py:161} INFO - Started process (PID=515) to work on /home/airflow/.local/lib/python3.12/site-packages/airflow/example_dags/example_local_kubernetes_executor.py
[2026-06-02T09:38:08.838+0000] {processor.py:830} INFO - Processing file /home/airflow/.local/lib/python3.12/site-packages/airflow/example_dags/example_local_kubernetes_executor.py for tasks to queue
[2026-06-02T09:38:08.840+0000] {logging_mixin.py:188} INFO - [2026-06-02T09:38:08.840+0000] {dagbag.py:540} INFO - Filling up the DagBag from /home/airflow/.local/lib/python3.12/site-packages/airflow/example_dags/example_local_kubernetes_executor.py
[2026-06-02T09:38:08.846+0000] {processor.py:840} INFO - DAG(s) 'example_local_kubernetes_executor' retrieved from /home/airflow/.local/lib/python3.12/site-packages/airflow/example_dags/example_local_kubernetes_executor.py
[2026-06-02T09:38:08.874+0000] {logging_mixin.py:188} INFO - [2026-06-02T09:38:08.874+0000] {dag.py:3096} INFO - Sync 1 DAGs
[2026-06-02T09:38:08.884+0000] {logging_mixin.py:188} INFO - [2026-06-02T09:38:08.883+0000] {dag.py:3954} INFO - Setting next_dagrun for example_local_kubernetes_executor to None, run_after=None
[2026-06-02T09:38:08.898+0000] {processor.py:183} INFO - Processing /home/airflow/.local/lib/python3.12/site-packages/airflow/example_dags/example_local_kubernetes_executor.py took 0.066 seconds
[2026-06-02T09:38:39.118+0000] {processor.py:161} INFO - Started process (PID=575) to work on /home/airflow/.local/lib/python3.12/site-packages/airflow/example_dags/example_local_kubernetes_executor.py
[2026-06-02T09:38:39.119+0000] {processor.py:830} INFO - Processing file /home/airflow/.local/lib/python3.12/site-packages/airflow/example_dags/example_local_kubernetes_executor.py for tasks to queue
[2026-06-02T09:38:39.121+0000] {logging_mixin.py:188} INFO - [2026-06-02T09:38:39.121+0000] {dagbag.py:540} INFO - Filling up the DagBag from /home/airflow/.local/lib/python3.12/site-packages/airflow/example_dags/example_local_kubernetes_executor.py
[2026-06-02T09:38:39.127+0000] {processor.py:840} INFO - DAG(s) 'example_local_kubernetes_executor' retrieved from /home/airflow/.local/lib/python3.12/site-packages/airflow/example_dags/example_local_kubernetes_executor.py
[2026-06-02T09:38:39.154+0000] {logging_mixin.py:188} INFO - [2026-06-02T09:38:39.154+0000] {dag.py:3096} INFO - Sync 1 DAGs
[2026-06-02T09:38:39.163+0000] {logging_mixin.py:188} INFO - [2026-06-02T09:38:39.163+0000] {dag.py:3954} INFO - Setting next_dagrun for example_local_kubernetes_executor to None, run_after=None
[2026-06-02T09:38:39.178+0000] {processor.py:183} INFO - Processing /home/airflow/.local/lib/python3.12/site-packages/airflow/example_dags/example_local_kubernetes_executor.py took 0.066 seconds
[2026-06-02T09:39:09.751+0000] {processor.py:161} INFO - Started process (PID=635) to work on /home/airflow/.local/lib/python3.12/site-packages/airflow/example_dags/example_local_kubernetes_executor.py
[2026-06-02T09:39:09.752+0000] {processor.py:830} INFO - Processing file /home/airflow/.local/lib/python3.12/site-packages/airflow/example_dags/example_local_kubernetes_executor.py for tasks to queue
[2026-06-02T09:39:09.754+0000] {logging_mixin.py:188} INFO - [2026-06-02T09:39:09.754+0000] {dagbag.py:540} INFO - Filling up the DagBag from /home/airflow/.local/lib/python3.12/site-packages/airflow/example_dags/example_local_kubernetes_executor.py
[2026-06-02T09:39:09.760+0000] {processor.py:840} INFO - DAG(s) 'example_local_kubernetes_executor' retrieved from /home/airflow/.local/lib/python3.12/site-packages/airflow/example_dags/example_local_kubernetes_executor.py
[2026-06-02T09:39:09.788+0000] {logging_mixin.py:188} INFO - [2026-06-02T09:39:09.787+0000] {dag.py:3096} INFO - Sync 1 DAGs
[2026-06-02T09:39:09.797+0000] {logging_mixin.py:188} INFO - [2026-06-02T09:39:09.797+0000] {dag.py:3954} INFO - Setting next_dagrun for example_local_kubernetes_executor to None, run_after=None
[2026-06-02T09:39:09.812+0000] {processor.py:183} INFO - Processing /home/airflow/.local/lib/python3.12/site-packages/airflow/example_dags/example_local_kubernetes_executor.py took 0.066 seconds
[2026-06-02T09:39:40.099+0000] {processor.py:161} INFO - Started process (PID=695) to work on /home/airflow/.local/lib/python3.12/site-packages/airflow/example_dags/example_local_kubernetes_executor.py
[2026-06-02T09:39:40.101+0000] {processor.py:830} INFO - Processing file /home/airflow/.local/lib/python3.12/site-packages/airflow/example_dags/example_local_kubernetes_executor.py for tasks to queue
[2026-06-02T09:39:40.103+0000] {logging_mixin.py:188} INFO - [2026-06-02T09:39:40.103+0000] {dagbag.py:540} INFO - Filling up the DagBag from /home/airflow/.local/lib/python3.12/site-packages/airflow/example_dags/example_local_kubernetes_executor.py
[2026-06-02T09:39:40.110+0000] {processor.py:840} INFO - DAG(s) 'example_local_kubernetes_executor' retrieved from /home/airflow/.local/lib/python3.12/site-packages/airflow/example_dags/example_local_kubernetes_executor.py
[2026-06-02T09:39:40.139+0000] {logging_mixin.py:188} INFO - [2026-06-02T09:39:40.139+0000] {dag.py:3096} INFO - Sync 1 DAGs
[2026-06-02T09:39:40.149+0000] {logging_mixin.py:188} INFO - [2026-06-02T09:39:40.149+0000] {dag.py:3954} INFO - Setting next_dagrun for example_local_kubernetes_executor to None, run_after=None
[2026-06-02T09:39:40.164+0000] {processor.py:183} INFO - Processing /home/airflow/.local/lib/python3.12/site-packages/airflow/example_dags/example_local_kubernetes_executor.py took 0.069 seconds
[2026-06-02T09:40:11.229+0000] {processor.py:161} INFO - Started process (PID=755) to work on /home/airflow/.local/lib/python3.12/site-packages/airflow/example_dags/example_local_kubernetes_executor.py
[2026-06-02T09:40:11.231+0000] {processor.py:830} INFO - Processing file /home/airflow/.local/lib/python3.12/site-packages/airflow/example_dags/example_local_kubernetes_executor.py for tasks to queue
[2026-06-02T09:40:11.233+0000] {logging_mixin.py:188} INFO - [2026-06-02T09:40:11.233+0000] {dagbag.py:540} INFO - Filling up the DagBag from /home/airflow/.local/lib/python3.12/site-packages/airflow/example_dags/example_local_kubernetes_executor.py
[2026-06-02T09:40:11.243+0000] {processor.py:840} INFO - DAG(s) 'example_local_kubernetes_executor' retrieved from /home/airflow/.local/lib/python3.12/site-packages/airflow/example_dags/example_local_kubernetes_executor.py
[2026-06-02T09:40:11.275+0000] {logging_mixin.py:188} INFO - [2026-06-02T09:40:11.274+0000] {dag.py:3096} INFO - Sync 1 DAGs
[2026-06-02T09:40:11.286+0000] {logging_mixin.py:188} INFO - [2026-06-02T09:40:11.286+0000] {dag.py:3954} INFO - Setting next_dagrun for example_local_kubernetes_executor to None, run_after=None
[2026-06-02T09:40:11.310+0000] {processor.py:183} INFO - Processing /home/airflow/.local/lib/python3.12/site-packages/airflow/example_dags/example_local_kubernetes_executor.py took 0.095 seconds
[2026-06-02T09:40:41.496+0000] {processor.py:161} INFO - Started process (PID=815) to work on /home/airflow/.local/lib/python3.12/site-packages/airflow/example_dags/example_local_kubernetes_executor.py
[2026-06-02T09:40:41.497+0000] {processor.py:830} INFO - Processing file /home/airflow/.local/lib/python3.12/site-packages/airflow/example_dags/example_local_kubernetes_executor.py for tasks to queue
[2026-06-02T09:40:41.499+0000] {logging_mixin.py:188} INFO - [2026-06-02T09:40:41.499+0000] {dagbag.py:540} INFO - Filling up the DagBag from /home/airflow/.local/lib/python3.12/site-packages/airflow/example_dags/example_local_kubernetes_executor.py
[2026-06-02T09:40:41.506+0000] {processor.py:840} INFO - DAG(s) 'example_local_kubernetes_executor' retrieved from /home/airflow/.local/lib/python3.12/site-packages/airflow/example_dags/example_local_kubernetes_executor.py
[2026-06-02T09:40:41.535+0000] {logging_mixin.py:188} INFO - [2026-06-02T09:40:41.535+0000] {dag.py:3096} INFO - Sync 1 DAGs
[2026-06-02T09:40:41.546+0000] {logging_mixin.py:188} INFO - [2026-06-02T09:40:41.546+0000] {dag.py:3954} INFO - Setting next_dagrun for example_local_kubernetes_executor to None, run_after=None
[2026-06-02T09:40:41.561+0000] {processor.py:183} INFO - Processing /home/airflow/.local/lib/python3.12/site-packages/airflow/example_dags/example_local_kubernetes_executor.py took 0.069 seconds
[2026-06-02T09:41:12.235+0000] {processor.py:161} INFO - Started process (PID=875) to work on /home/airflow/.local/lib/python3.12/site-packages/airflow/example_dags/example_local_kubernetes_executor.py
[2026-06-02T09:41:12.236+0000] {processor.py:830} INFO - Processing file /home/airflow/.local/lib/python3.12/site-packages/airflow/example_dags/example_local_kubernetes_executor.py for tasks to queue
[2026-06-02T09:41:12.241+0000] {logging_mixin.py:188} INFO - [2026-06-02T09:41:12.240+0000] {dagbag.py:540} INFO - Filling up the DagBag from /home/airflow/.local/lib/python3.12/site-packages/airflow/example_dags/example_local_kubernetes_executor.py
[2026-06-02T09:41:12.250+0000] {processor.py:840} INFO - DAG(s) 'example_local_kubernetes_executor' retrieved from /home/airflow/.local/lib/python3.12/site-packages/airflow/example_dags/example_local_kubernetes_executor.py
[2026-06-02T09:41:12.284+0000] {logging_mixin.py:188} INFO - [2026-06-02T09:41:12.284+0000] {dag.py:3096} INFO - Sync 1 DAGs
[2026-06-02T09:41:12.298+0000] {logging_mixin.py:188} INFO - [2026-06-02T09:41:12.297+0000] {dag.py:3954} INFO - Setting next_dagrun for example_local_kubernetes_executor to None, run_after=None
[2026-06-02T09:41:12.323+0000] {processor.py:183} INFO - Processing /home/airflow/.local/lib/python3.12/site-packages/airflow/example_dags/example_local_kubernetes_executor.py took 0.095 seconds
[2026-06-02T09:41:43.495+0000] {processor.py:161} INFO - Started process (PID=935) to work on /home/airflow/.local/lib/python3.12/site-packages/airflow/example_dags/example_local_kubernetes_executor.py
[2026-06-02T09:41:43.496+0000] {processor.py:830} INFO - Processing file /home/airflow/.local/lib/python3.12/site-packages/airflow/example_dags/example_local_kubernetes_executor.py for tasks to queue
[2026-06-02T09:41:43.498+0000] {logging_mixin.py:188} INFO - [2026-06-02T09:41:43.498+0000] {dagbag.py:540} INFO - Filling up the DagBag from /home/airflow/.local/lib/python3.12/site-packages/airflow/example_dags/example_local_kubernetes_executor.py
[2026-06-02T09:41:43.504+0000] {processor.py:840} INFO - DAG(s) 'example_local_kubernetes_executor' retrieved from /home/airflow/.local/lib/python3.12/site-packages/airflow/example_dags/example_local_kubernetes_executor.py
[2026-06-02T09:41:43.533+0000] {logging_mixin.py:188} INFO - [2026-06-02T09:41:43.533+0000] {dag.py:3096} INFO - Sync 1 DAGs
[2026-06-02T09:41:43.544+0000] {logging_mixin.py:188} INFO - [2026-06-02T09:41:43.544+0000] {dag.py:3954} INFO - Setting next_dagrun for example_local_kubernetes_executor to None, run_after=None
[2026-06-02T09:41:43.559+0000] {processor.py:183} INFO - Processing /home/airflow/.local/lib/python3.12/site-packages/airflow/example_dags/example_local_kubernetes_executor.py took 0.069 seconds
[2026-06-02T09:42:14.494+0000] {processor.py:161} INFO - Started process (PID=995) to work on /home/airflow/.local/lib/python3.12/site-packages/airflow/example_dags/example_local_kubernetes_executor.py
[2026-06-02T09:42:14.496+0000] {processor.py:830} INFO - Processing file /home/airflow/.local/lib/python3.12/site-packages/airflow/example_dags/example_local_kubernetes_executor.py for tasks to queue
[2026-06-02T09:42:14.499+0000] {logging_mixin.py:188} INFO - [2026-06-02T09:42:14.498+0000] {dagbag.py:540} INFO - Filling up the DagBag from /home/airflow/.local/lib/python3.12/site-packages/airflow/example_dags/example_local_kubernetes_executor.py
[2026-06-02T09:42:14.506+0000] {processor.py:840} INFO - DAG(s) 'example_local_kubernetes_executor' retrieved from /home/airflow/.local/lib/python3.12/site-packages/airflow/example_dags/example_local_kubernetes_executor.py
[2026-06-02T09:42:14.550+0000] {logging_mixin.py:188} INFO - [2026-06-02T09:42:14.550+0000] {dag.py:3096} INFO - Sync 1 DAGs
[2026-06-02T09:42:14.565+0000] {logging_mixin.py:188} INFO - [2026-06-02T09:42:14.565+0000] {dag.py:3954} INFO - Setting next_dagrun for example_local_kubernetes_executor to None, run_after=None
[2026-06-02T09:42:14.585+0000] {processor.py:183} INFO - Processing /home/airflow/.local/lib/python3.12/site-packages/airflow/example_dags/example_local_kubernetes_executor.py took 0.097 seconds
[2026-06-02T09:42:44.727+0000] {processor.py:161} INFO - Started process (PID=1055) to work on /home/airflow/.local/lib/python3.12/site-packages/airflow/example_dags/example_local_kubernetes_executor.py
[2026-06-02T09:42:44.729+0000] {processor.py:830} INFO - Processing file /home/airflow/.local/lib/python3.12/site-packages/airflow/example_dags/example_local_kubernetes_executor.py for tasks to queue
[2026-06-02T09:42:44.731+0000] {logging_mixin.py:188} INFO - [2026-06-02T09:42:44.730+0000] {dagbag.py:540} INFO - Filling up the DagBag from /home/airflow/.local/lib/python3.12/site-packages/airflow/example_dags/example_local_kubernetes_executor.py
[2026-06-02T09:42:44.739+0000] {processor.py:840} INFO - DAG(s) 'example_local_kubernetes_executor' retrieved from /home/airflow/.local/lib/python3.12/site-packages/airflow/example_dags/example_local_kubernetes_executor.py
[2026-06-02T09:42:44.768+0000] {logging_mixin.py:188} INFO - [2026-06-02T09:42:44.768+0000] {dag.py:3096} INFO - Sync 1 DAGs
[2026-06-02T09:42:44.782+0000] {logging_mixin.py:188} INFO - [2026-06-02T09:42:44.781+0000] {dag.py:3954} INFO - Setting next_dagrun for example_local_kubernetes_executor to None, run_after=None
[2026-06-02T09:42:44.802+0000] {processor.py:183} INFO - Processing /home/airflow/.local/lib/python3.12/site-packages/airflow/example_dags/example_local_kubernetes_executor.py took 0.079 seconds
[2026-06-02T09:44:06.161+0000] {processor.py:161} INFO - Started process (PID=159) to work on /home/airflow/.local/lib/python3.12/site-packages/airflow/example_dags/example_local_kubernetes_executor.py
[2026-06-02T09:44:06.163+0000] {processor.py:830} INFO - Processing file /home/airflow/.local/lib/python3.12/site-packages/airflow/example_dags/example_local_kubernetes_executor.py for tasks to queue
[2026-06-02T09:44:06.165+0000] {logging_mixin.py:188} INFO - [2026-06-02T09:44:06.164+0000] {dagbag.py:540} INFO - Filling up the DagBag from /home/airflow/.local/lib/python3.12/site-packages/airflow/example_dags/example_local_kubernetes_executor.py
[2026-06-02T09:44:06.173+0000] {processor.py:840} INFO - DAG(s) 'example_local_kubernetes_executor' retrieved from /home/airflow/.local/lib/python3.12/site-packages/airflow/example_dags/example_local_kubernetes_executor.py
[2026-06-02T09:44:06.275+0000] {logging_mixin.py:188} INFO - [2026-06-02T09:44:06.275+0000] {dag.py:3096} INFO - Sync 1 DAGs
[2026-06-02T09:44:06.285+0000] {logging_mixin.py:188} INFO - [2026-06-02T09:44:06.285+0000] {dag.py:3954} INFO - Setting next_dagrun for example_local_kubernetes_executor to None, run_after=None
[2026-06-02T09:44:06.311+0000] {processor.py:183} INFO - Processing /home/airflow/.local/lib/python3.12/site-packages/airflow/example_dags/example_local_kubernetes_executor.py took 0.155 seconds
[2026-06-02T09:44:36.352+0000] {processor.py:161} INFO - Started process (PID=219) to work on /home/airflow/.local/lib/python3.12/site-packages/airflow/example_dags/example_local_kubernetes_executor.py
[2026-06-02T09:44:36.353+0000] {processor.py:830} INFO - Processing file /home/airflow/.local/lib/python3.12/site-packages/airflow/example_dags/example_local_kubernetes_executor.py for tasks to queue
[2026-06-02T09:44:36.355+0000] {logging_mixin.py:188} INFO - [2026-06-02T09:44:36.355+0000] {dagbag.py:540} INFO - Filling up the DagBag from /home/airflow/.local/lib/python3.12/site-packages/airflow/example_dags/example_local_kubernetes_executor.py
[2026-06-02T09:44:36.362+0000] {processor.py:840} INFO - DAG(s) 'example_local_kubernetes_executor' retrieved from /home/airflow/.local/lib/python3.12/site-packages/airflow/example_dags/example_local_kubernetes_executor.py
[2026-06-02T09:44:36.388+0000] {logging_mixin.py:188} INFO - [2026-06-02T09:44:36.388+0000] {dag.py:3096} INFO - Sync 1 DAGs
[2026-06-02T09:44:36.398+0000] {logging_mixin.py:188} INFO - [2026-06-02T09:44:36.398+0000] {dag.py:3954} INFO - Setting next_dagrun for example_local_kubernetes_executor to None, run_after=None
[2026-06-02T09:44:36.415+0000] {processor.py:183} INFO - Processing /home/airflow/.local/lib/python3.12/site-packages/airflow/example_dags/example_local_kubernetes_executor.py took 0.068 seconds
[2026-06-02T09:45:06.523+0000] {processor.py:161} INFO - Started process (PID=279) to work on /home/airflow/.local/lib/python3.12/site-packages/airflow/example_dags/example_local_kubernetes_executor.py
[2026-06-02T09:45:06.524+0000] {processor.py:830} INFO - Processing file /home/airflow/.local/lib/python3.12/site-packages/airflow/example_dags/example_local_kubernetes_executor.py for tasks to queue
[2026-06-02T09:45:06.526+0000] {logging_mixin.py:188} INFO - [2026-06-02T09:45:06.526+0000] {dagbag.py:540} INFO - Filling up the DagBag from /home/airflow/.local/lib/python3.12/site-packages/airflow/example_dags/example_local_kubernetes_executor.py
[2026-06-02T09:45:06.534+0000] {processor.py:840} INFO - DAG(s) 'example_local_kubernetes_executor' retrieved from /home/airflow/.local/lib/python3.12/site-packages/airflow/example_dags/example_local_kubernetes_executor.py
[2026-06-02T09:45:06.561+0000] {logging_mixin.py:188} INFO - [2026-06-02T09:45:06.560+0000] {dag.py:3096} INFO - Sync 1 DAGs
[2026-06-02T09:45:06.571+0000] {logging_mixin.py:188} INFO - [2026-06-02T09:45:06.571+0000] {dag.py:3954} INFO - Setting next_dagrun for example_local_kubernetes_executor to None, run_after=None
[2026-06-02T09:45:06.588+0000] {processor.py:183} INFO - Processing /home/airflow/.local/lib/python3.12/site-packages/airflow/example_dags/example_local_kubernetes_executor.py took 0.071 seconds
[2026-06-02T09:45:36.624+0000] {processor.py:161} INFO - Started process (PID=339) to work on /home/airflow/.local/lib/python3.12/site-packages/airflow/example_dags/example_local_kubernetes_executor.py
[2026-06-02T09:45:36.625+0000] {processor.py:830} INFO - Processing file /home/airflow/.local/lib/python3.12/site-packages/airflow/example_dags/example_local_kubernetes_executor.py for tasks to queue
[2026-06-02T09:45:36.627+0000] {logging_mixin.py:188} INFO - [2026-06-02T09:45:36.627+0000] {dagbag.py:540} INFO - Filling up the DagBag from /home/airflow/.local/lib/python3.12/site-packages/airflow/example_dags/example_local_kubernetes_executor.py
[2026-06-02T09:45:36.633+0000] {processor.py:840} INFO - DAG(s) 'example_local_kubernetes_executor' retrieved from /home/airflow/.local/lib/python3.12/site-packages/airflow/example_dags/example_local_kubernetes_executor.py
[2026-06-02T09:45:36.661+0000] {logging_mixin.py:188} INFO - [2026-06-02T09:45:36.661+0000] {dag.py:3096} INFO - Sync 1 DAGs
[2026-06-02T09:45:36.671+0000] {logging_mixin.py:188} INFO - [2026-06-02T09:45:36.671+0000] {dag.py:3954} INFO - Setting next_dagrun for example_local_kubernetes_executor to None, run_after=None
[2026-06-02T09:45:36.687+0000] {processor.py:183} INFO - Processing /home/airflow/.local/lib/python3.12/site-packages/airflow/example_dags/example_local_kubernetes_executor.py took 0.067 seconds
[2026-06-02T09:46:06.817+0000] {processor.py:161} INFO - Started process (PID=399) to work on /home/airflow/.local/lib/python3.12/site-packages/airflow/example_dags/example_local_kubernetes_executor.py
[2026-06-02T09:46:06.818+0000] {processor.py:830} INFO - Processing file /home/airflow/.local/lib/python3.12/site-packages/airflow/example_dags/example_local_kubernetes_executor.py for tasks to queue
[2026-06-02T09:46:06.820+0000] {logging_mixin.py:188} INFO - [2026-06-02T09:46:06.820+0000] {dagbag.py:540} INFO - Filling up the DagBag from /home/airflow/.local/lib/python3.12/site-packages/airflow/example_dags/example_local_kubernetes_executor.py
[2026-06-02T09:46:06.828+0000] {processor.py:840} INFO - DAG(s) 'example_local_kubernetes_executor' retrieved from /home/airflow/.local/lib/python3.12/site-packages/airflow/example_dags/example_local_kubernetes_executor.py
[2026-06-02T09:46:06.857+0000] {logging_mixin.py:188} INFO - [2026-06-02T09:46:06.857+0000] {dag.py:3096} INFO - Sync 1 DAGs
[2026-06-02T09:46:06.869+0000] {logging_mixin.py:188} INFO - [2026-06-02T09:46:06.868+0000] {dag.py:3954} INFO - Setting next_dagrun for example_local_kubernetes_executor to None, run_after=None
[2026-06-02T09:46:06.886+0000] {processor.py:183} INFO - Processing /home/airflow/.local/lib/python3.12/site-packages/airflow/example_dags/example_local_kubernetes_executor.py took 0.074 seconds
[2026-06-02T09:46:36.991+0000] {processor.py:161} INFO - Started process (PID=459) to work on /home/airflow/.local/lib/python3.12/site-packages/airflow/example_dags/example_local_kubernetes_executor.py
[2026-06-02T09:46:36.992+0000] {processor.py:830} INFO - Processing file /home/airflow/.local/lib/python3.12/site-packages/airflow/example_dags/example_local_kubernetes_executor.py for tasks to queue
[2026-06-02T09:46:36.994+0000] {logging_mixin.py:188} INFO - [2026-06-02T09:46:36.994+0000] {dagbag.py:540} INFO - Filling up the DagBag from /home/airflow/.local/lib/python3.12/site-packages/airflow/example_dags/example_local_kubernetes_executor.py
[2026-06-02T09:46:37.000+0000] {processor.py:840} INFO - DAG(s) 'example_local_kubernetes_executor' retrieved from /home/airflow/.local/lib/python3.12/site-packages/airflow/example_dags/example_local_kubernetes_executor.py
[2026-06-02T09:46:37.026+0000] {logging_mixin.py:188} INFO - [2026-06-02T09:46:37.026+0000] {dag.py:3096} INFO - Sync 1 DAGs
[2026-06-02T09:46:37.036+0000] {logging_mixin.py:188} INFO - [2026-06-02T09:46:37.036+0000] {dag.py:3954} INFO - Setting next_dagrun for example_local_kubernetes_executor to None, run_after=None
[2026-06-02T09:46:37.050+0000] {processor.py:183} INFO - Processing /home/airflow/.local/lib/python3.12/site-packages/airflow/example_dags/example_local_kubernetes_executor.py took 0.064 seconds
[2026-06-02T09:47:07.947+0000] {processor.py:161} INFO - Started process (PID=519) to work on /home/airflow/.local/lib/python3.12/site-packages/airflow/example_dags/example_local_kubernetes_executor.py
[2026-06-02T09:47:07.948+0000] {processor.py:830} INFO - Processing file /home/airflow/.local/lib/python3.12/site-packages/airflow/example_dags/example_local_kubernetes_executor.py for tasks to queue
[2026-06-02T09:47:07.950+0000] {logging_mixin.py:188} INFO - [2026-06-02T09:47:07.949+0000] {dagbag.py:540} INFO - Filling up the DagBag from /home/airflow/.local/lib/python3.12/site-packages/airflow/example_dags/example_local_kubernetes_executor.py
[2026-06-02T09:47:07.956+0000] {processor.py:840} INFO - DAG(s) 'example_local_kubernetes_executor' retrieved from /home/airflow/.local/lib/python3.12/site-packages/airflow/example_dags/example_local_kubernetes_executor.py
[2026-06-02T09:47:07.983+0000] {logging_mixin.py:188} INFO - [2026-06-02T09:47:07.983+0000] {dag.py:3096} INFO - Sync 1 DAGs
[2026-06-02T09:47:07.994+0000] {logging_mixin.py:188} INFO - [2026-06-02T09:47:07.993+0000] {dag.py:3954} INFO - Setting next_dagrun for example_local_kubernetes_executor to None, run_after=None
[2026-06-02T09:47:08.009+0000] {processor.py:183} INFO - Processing /home/airflow/.local/lib/python3.12/site-packages/airflow/example_dags/example_local_kubernetes_executor.py took 0.067 seconds
[2026-06-02T09:47:38.809+0000] {processor.py:161} INFO - Started process (PID=579) to work on /home/airflow/.local/lib/python3.12/site-packages/airflow/example_dags/example_local_kubernetes_executor.py
[2026-06-02T09:47:38.810+0000] {processor.py:830} INFO - Processing file /home/airflow/.local/lib/python3.12/site-packages/airflow/example_dags/example_local_kubernetes_executor.py for tasks to queue
[2026-06-02T09:47:38.812+0000] {logging_mixin.py:188} INFO - [2026-06-02T09:47:38.811+0000] {dagbag.py:540} INFO - Filling up the DagBag from /home/airflow/.local/lib/python3.12/site-packages/airflow/example_dags/example_local_kubernetes_executor.py
[2026-06-02T09:47:38.817+0000] {processor.py:840} INFO - DAG(s) 'example_local_kubernetes_executor' retrieved from /home/airflow/.local/lib/python3.12/site-packages/airflow/example_dags/example_local_kubernetes_executor.py
[2026-06-02T09:47:38.843+0000] {logging_mixin.py:188} INFO - [2026-06-02T09:47:38.843+0000] {dag.py:3096} INFO - Sync 1 DAGs
[2026-06-02T09:47:38.852+0000] {logging_mixin.py:188} INFO - [2026-06-02T09:47:38.852+0000] {dag.py:3954} INFO - Setting next_dagrun for example_local_kubernetes_executor to None, run_after=None
[2026-06-02T09:47:38.867+0000] {processor.py:183} INFO - Processing /home/airflow/.local/lib/python3.12/site-packages/airflow/example_dags/example_local_kubernetes_executor.py took 0.063 seconds
[2026-06-02T09:48:09.813+0000] {processor.py:161} INFO - Started process (PID=639) to work on /home/airflow/.local/lib/python3.12/site-packages/airflow/example_dags/example_local_kubernetes_executor.py
[2026-06-02T09:48:09.814+0000] {processor.py:830} INFO - Processing file /home/airflow/.local/lib/python3.12/site-packages/airflow/example_dags/example_local_kubernetes_executor.py for tasks to queue
[2026-06-02T09:48:09.816+0000] {logging_mixin.py:188} INFO - [2026-06-02T09:48:09.816+0000] {dagbag.py:540} INFO - Filling up the DagBag from /home/airflow/.local/lib/python3.12/site-packages/airflow/example_dags/example_local_kubernetes_executor.py
[2026-06-02T09:48:09.823+0000] {processor.py:840} INFO - DAG(s) 'example_local_kubernetes_executor' retrieved from /home/airflow/.local/lib/python3.12/site-packages/airflow/example_dags/example_local_kubernetes_executor.py
[2026-06-02T09:48:09.849+0000] {logging_mixin.py:188} INFO - [2026-06-02T09:48:09.849+0000] {dag.py:3096} INFO - Sync 1 DAGs
[2026-06-02T09:48:09.859+0000] {logging_mixin.py:188} INFO - [2026-06-02T09:48:09.859+0000] {dag.py:3954} INFO - Setting next_dagrun for example_local_kubernetes_executor to None, run_after=None
[2026-06-02T09:48:09.873+0000] {processor.py:183} INFO - Processing /home/airflow/.local/lib/python3.12/site-packages/airflow/example_dags/example_local_kubernetes_executor.py took 0.064 seconds
[2026-06-02T09:48:40.398+0000] {processor.py:161} INFO - Started process (PID=699) to work on /home/airflow/.local/lib/python3.12/site-packages/airflow/example_dags/example_local_kubernetes_executor.py
[2026-06-02T09:48:40.399+0000] {processor.py:830} INFO - Processing file /home/airflow/.local/lib/python3.12/site-packages/airflow/example_dags/example_local_kubernetes_executor.py for tasks to queue
[2026-06-02T09:48:40.402+0000] {logging_mixin.py:188} INFO - [2026-06-02T09:48:40.402+0000] {dagbag.py:540} INFO - Filling up the DagBag from /home/airflow/.local/lib/python3.12/site-packages/airflow/example_dags/example_local_kubernetes_executor.py
[2026-06-02T09:48:40.410+0000] {processor.py:840} INFO - DAG(s) 'example_local_kubernetes_executor' retrieved from /home/airflow/.local/lib/python3.12/site-packages/airflow/example_dags/example_local_kubernetes_executor.py
[2026-06-02T09:48:40.439+0000] {logging_mixin.py:188} INFO - [2026-06-02T09:48:40.438+0000] {dag.py:3096} INFO - Sync 1 DAGs
[2026-06-02T09:48:40.452+0000] {logging_mixin.py:188} INFO - [2026-06-02T09:48:40.452+0000] {dag.py:3954} INFO - Setting next_dagrun for example_local_kubernetes_executor to None, run_after=None
[2026-06-02T09:48:40.470+0000] {processor.py:183} INFO - Processing /home/airflow/.local/lib/python3.12/site-packages/airflow/example_dags/example_local_kubernetes_executor.py took 0.078 seconds
[2026-06-02T09:50:13.445+0000] {processor.py:161} INFO - Started process (PID=157) to work on /home/airflow/.local/lib/python3.12/site-packages/airflow/example_dags/example_local_kubernetes_executor.py
[2026-06-02T09:50:13.446+0000] {processor.py:830} INFO - Processing file /home/airflow/.local/lib/python3.12/site-packages/airflow/example_dags/example_local_kubernetes_executor.py for tasks to queue
[2026-06-02T09:50:13.448+0000] {logging_mixin.py:188} INFO - [2026-06-02T09:50:13.448+0000] {dagbag.py:540} INFO - Filling up the DagBag from /home/airflow/.local/lib/python3.12/site-packages/airflow/example_dags/example_local_kubernetes_executor.py
[2026-06-02T09:50:13.455+0000] {processor.py:840} INFO - DAG(s) 'example_local_kubernetes_executor' retrieved from /home/airflow/.local/lib/python3.12/site-packages/airflow/example_dags/example_local_kubernetes_executor.py
[2026-06-02T09:50:13.551+0000] {logging_mixin.py:188} INFO - [2026-06-02T09:50:13.551+0000] {override.py:1829} INFO - Created Permission View: can delete on DAG:example_local_kubernetes_executor
[2026-06-02T09:50:13.558+0000] {logging_mixin.py:188} INFO - [2026-06-02T09:50:13.558+0000] {override.py:1829} INFO - Created Permission View: can edit on DAG:example_local_kubernetes_executor
[2026-06-02T09:50:13.563+0000] {logging_mixin.py:188} INFO - [2026-06-02T09:50:13.563+0000] {override.py:1829} INFO - Created Permission View: can read on DAG:example_local_kubernetes_executor
[2026-06-02T09:50:13.564+0000] {logging_mixin.py:188} INFO - [2026-06-02T09:50:13.563+0000] {dag.py:3096} INFO - Sync 1 DAGs
[2026-06-02T09:50:13.571+0000] {logging_mixin.py:188} INFO - [2026-06-02T09:50:13.571+0000] {dag.py:3118} INFO - Creating ORM DAG for example_local_kubernetes_executor
[2026-06-02T09:50:13.572+0000] {logging_mixin.py:188} INFO - [2026-06-02T09:50:13.572+0000] {dag.py:3954} INFO - Setting next_dagrun for example_local_kubernetes_executor to None, run_after=None
[2026-06-02T09:50:13.586+0000] {processor.py:183} INFO - Processing /home/airflow/.local/lib/python3.12/site-packages/airflow/example_dags/example_local_kubernetes_executor.py took 0.146 seconds
[2026-06-02T09:50:43.935+0000] {processor.py:161} INFO - Started process (PID=217) to work on /home/airflow/.local/lib/python3.12/site-packages/airflow/example_dags/example_local_kubernetes_executor.py
[2026-06-02T09:50:43.937+0000] {processor.py:830} INFO - Processing file /home/airflow/.local/lib/python3.12/site-packages/airflow/example_dags/example_local_kubernetes_executor.py for tasks to queue
[2026-06-02T09:50:43.939+0000] {logging_mixin.py:188} INFO - [2026-06-02T09:50:43.938+0000] {dagbag.py:540} INFO - Filling up the DagBag from /home/airflow/.local/lib/python3.12/site-packages/airflow/example_dags/example_local_kubernetes_executor.py
[2026-06-02T09:50:43.945+0000] {processor.py:840} INFO - DAG(s) 'example_local_kubernetes_executor' retrieved from /home/airflow/.local/lib/python3.12/site-packages/airflow/example_dags/example_local_kubernetes_executor.py
[2026-06-02T09:50:43.976+0000] {logging_mixin.py:188} INFO - [2026-06-02T09:50:43.976+0000] {dag.py:3096} INFO - Sync 1 DAGs
[2026-06-02T09:50:43.986+0000] {logging_mixin.py:188} INFO - [2026-06-02T09:50:43.986+0000] {dag.py:3954} INFO - Setting next_dagrun for example_local_kubernetes_executor to None, run_after=None
[2026-06-02T09:50:44.002+0000] {processor.py:183} INFO - Processing /home/airflow/.local/lib/python3.12/site-packages/airflow/example_dags/example_local_kubernetes_executor.py took 0.071 seconds
[2026-06-02T09:51:14.317+0000] {processor.py:161} INFO - Started process (PID=277) to work on /home/airflow/.local/lib/python3.12/site-packages/airflow/example_dags/example_local_kubernetes_executor.py
[2026-06-02T09:51:14.318+0000] {processor.py:830} INFO - Processing file /home/airflow/.local/lib/python3.12/site-packages/airflow/example_dags/example_local_kubernetes_executor.py for tasks to queue
[2026-06-02T09:51:14.320+0000] {logging_mixin.py:188} INFO - [2026-06-02T09:51:14.320+0000] {dagbag.py:540} INFO - Filling up the DagBag from /home/airflow/.local/lib/python3.12/site-packages/airflow/example_dags/example_local_kubernetes_executor.py
[2026-06-02T09:51:14.328+0000] {processor.py:840} INFO - DAG(s) 'example_local_kubernetes_executor' retrieved from /home/airflow/.local/lib/python3.12/site-packages/airflow/example_dags/example_local_kubernetes_executor.py
[2026-06-02T09:51:14.358+0000] {logging_mixin.py:188} INFO - [2026-06-02T09:51:14.358+0000] {dag.py:3096} INFO - Sync 1 DAGs
[2026-06-02T09:51:14.369+0000] {logging_mixin.py:188} INFO - [2026-06-02T09:51:14.369+0000] {dag.py:3954} INFO - Setting next_dagrun for example_local_kubernetes_executor to None, run_after=None
[2026-06-02T09:51:14.385+0000] {processor.py:183} INFO - Processing /home/airflow/.local/lib/python3.12/site-packages/airflow/example_dags/example_local_kubernetes_executor.py took 0.075 seconds
[2026-06-02T09:51:44.591+0000] {processor.py:161} INFO - Started process (PID=337) to work on /home/airflow/.local/lib/python3.12/site-packages/airflow/example_dags/example_local_kubernetes_executor.py
[2026-06-02T09:51:44.592+0000] {processor.py:830} INFO - Processing file /home/airflow/.local/lib/python3.12/site-packages/airflow/example_dags/example_local_kubernetes_executor.py for tasks to queue
[2026-06-02T09:51:44.594+0000] {logging_mixin.py:188} INFO - [2026-06-02T09:51:44.594+0000] {dagbag.py:540} INFO - Filling up the DagBag from /home/airflow/.local/lib/python3.12/site-packages/airflow/example_dags/example_local_kubernetes_executor.py
[2026-06-02T09:51:44.600+0000] {processor.py:840} INFO - DAG(s) 'example_local_kubernetes_executor' retrieved from /home/airflow/.local/lib/python3.12/site-packages/airflow/example_dags/example_local_kubernetes_executor.py
[2026-06-02T09:51:44.630+0000] {logging_mixin.py:188} INFO - [2026-06-02T09:51:44.629+0000] {dag.py:3096} INFO - Sync 1 DAGs
[2026-06-02T09:51:44.648+0000] {logging_mixin.py:188} INFO - [2026-06-02T09:51:44.647+0000] {dag.py:3954} INFO - Setting next_dagrun for example_local_kubernetes_executor to None, run_after=None
[2026-06-02T09:51:44.666+0000] {processor.py:183} INFO - Processing /home/airflow/.local/lib/python3.12/site-packages/airflow/example_dags/example_local_kubernetes_executor.py took 0.080 seconds
[2026-06-02T09:52:15.440+0000] {processor.py:161} INFO - Started process (PID=397) to work on /home/airflow/.local/lib/python3.12/site-packages/airflow/example_dags/example_local_kubernetes_executor.py
[2026-06-02T09:52:15.441+0000] {processor.py:830} INFO - Processing file /home/airflow/.local/lib/python3.12/site-packages/airflow/example_dags/example_local_kubernetes_executor.py for tasks to queue
[2026-06-02T09:52:15.443+0000] {logging_mixin.py:188} INFO - [2026-06-02T09:52:15.443+0000] {dagbag.py:540} INFO - Filling up the DagBag from /home/airflow/.local/lib/python3.12/site-packages/airflow/example_dags/example_local_kubernetes_executor.py
[2026-06-02T09:52:15.448+0000] {processor.py:840} INFO - DAG(s) 'example_local_kubernetes_executor' retrieved from /home/airflow/.local/lib/python3.12/site-packages/airflow/example_dags/example_local_kubernetes_executor.py
[2026-06-02T09:52:15.475+0000] {logging_mixin.py:188} INFO - [2026-06-02T09:52:15.475+0000] {dag.py:3096} INFO - Sync 1 DAGs
[2026-06-02T09:52:15.484+0000] {logging_mixin.py:188} INFO - [2026-06-02T09:52:15.484+0000] {dag.py:3954} INFO - Setting next_dagrun for example_local_kubernetes_executor to None, run_after=None
[2026-06-02T09:52:15.499+0000] {processor.py:183} INFO - Processing /home/airflow/.local/lib/python3.12/site-packages/airflow/example_dags/example_local_kubernetes_executor.py took 0.063 seconds
[2026-06-02T09:52:45.662+0000] {processor.py:161} INFO - Started process (PID=458) to work on /home/airflow/.local/lib/python3.12/site-packages/airflow/example_dags/example_local_kubernetes_executor.py
[2026-06-02T09:52:45.664+0000] {processor.py:830} INFO - Processing file /home/airflow/.local/lib/python3.12/site-packages/airflow/example_dags/example_local_kubernetes_executor.py for tasks to queue
[2026-06-02T09:52:45.665+0000] {logging_mixin.py:188} INFO - [2026-06-02T09:52:45.665+0000] {dagbag.py:540} INFO - Filling up the DagBag from /home/airflow/.local/lib/python3.12/site-packages/airflow/example_dags/example_local_kubernetes_executor.py
[2026-06-02T09:52:45.671+0000] {processor.py:840} INFO - DAG(s) 'example_local_kubernetes_executor' retrieved from /home/airflow/.local/lib/python3.12/site-packages/airflow/example_dags/example_local_kubernetes_executor.py
[2026-06-02T09:52:45.698+0000] {logging_mixin.py:188} INFO - [2026-06-02T09:52:45.698+0000] {dag.py:3096} INFO - Sync 1 DAGs
[2026-06-02T09:52:45.708+0000] {logging_mixin.py:188} INFO - [2026-06-02T09:52:45.708+0000] {dag.py:3954} INFO - Setting next_dagrun for example_local_kubernetes_executor to None, run_after=None
[2026-06-02T09:52:45.724+0000] {processor.py:183} INFO - Processing /home/airflow/.local/lib/python3.12/site-packages/airflow/example_dags/example_local_kubernetes_executor.py took 0.066 seconds
[2026-06-02T09:53:16.438+0000] {processor.py:161} INFO - Started process (PID=518) to work on /home/airflow/.local/lib/python3.12/site-packages/airflow/example_dags/example_local_kubernetes_executor.py
[2026-06-02T09:53:16.439+0000] {processor.py:830} INFO - Processing file /home/airflow/.local/lib/python3.12/site-packages/airflow/example_dags/example_local_kubernetes_executor.py for tasks to queue
[2026-06-02T09:53:16.441+0000] {logging_mixin.py:188} INFO - [2026-06-02T09:53:16.441+0000] {dagbag.py:540} INFO - Filling up the DagBag from /home/airflow/.local/lib/python3.12/site-packages/airflow/example_dags/example_local_kubernetes_executor.py
[2026-06-02T09:53:16.447+0000] {processor.py:840} INFO - DAG(s) 'example_local_kubernetes_executor' retrieved from /home/airflow/.local/lib/python3.12/site-packages/airflow/example_dags/example_local_kubernetes_executor.py
[2026-06-02T09:53:16.474+0000] {logging_mixin.py:188} INFO - [2026-06-02T09:53:16.474+0000] {dag.py:3096} INFO - Sync 1 DAGs
[2026-06-02T09:53:16.485+0000] {logging_mixin.py:188} INFO - [2026-06-02T09:53:16.485+0000] {dag.py:3954} INFO - Setting next_dagrun for example_local_kubernetes_executor to None, run_after=None
[2026-06-02T09:53:16.501+0000] {processor.py:183} INFO - Processing /home/airflow/.local/lib/python3.12/site-packages/airflow/example_dags/example_local_kubernetes_executor.py took 0.068 seconds
[2026-06-02T09:53:47.500+0000] {processor.py:161} INFO - Started process (PID=578) to work on /home/airflow/.local/lib/python3.12/site-packages/airflow/example_dags/example_local_kubernetes_executor.py
[2026-06-02T09:53:47.501+0000] {processor.py:830} INFO - Processing file /home/airflow/.local/lib/python3.12/site-packages/airflow/example_dags/example_local_kubernetes_executor.py for tasks to queue
[2026-06-02T09:53:47.503+0000] {logging_mixin.py:188} INFO - [2026-06-02T09:53:47.503+0000] {dagbag.py:540} INFO - Filling up the DagBag from /home/airflow/.local/lib/python3.12/site-packages/airflow/example_dags/example_local_kubernetes_executor.py
[2026-06-02T09:53:47.510+0000] {processor.py:840} INFO - DAG(s) 'example_local_kubernetes_executor' retrieved from /home/airflow/.local/lib/python3.12/site-packages/airflow/example_dags/example_local_kubernetes_executor.py
[2026-06-02T09:53:47.536+0000] {logging_mixin.py:188} INFO - [2026-06-02T09:53:47.536+0000] {dag.py:3096} INFO - Sync 1 DAGs
[2026-06-02T09:53:47.547+0000] {logging_mixin.py:188} INFO - [2026-06-02T09:53:47.547+0000] {dag.py:3954} INFO - Setting next_dagrun for example_local_kubernetes_executor to None, run_after=None
[2026-06-02T09:53:47.563+0000] {processor.py:183} INFO - Processing /home/airflow/.local/lib/python3.12/site-packages/airflow/example_dags/example_local_kubernetes_executor.py took 0.067 seconds
[2026-06-02T09:54:18.111+0000] {processor.py:161} INFO - Started process (PID=642) to work on /home/airflow/.local/lib/python3.12/site-packages/airflow/example_dags/example_local_kubernetes_executor.py
[2026-06-02T09:54:18.113+0000] {processor.py:830} INFO - Processing file /home/airflow/.local/lib/python3.12/site-packages/airflow/example_dags/example_local_kubernetes_executor.py for tasks to queue
[2026-06-02T09:54:18.114+0000] {logging_mixin.py:188} INFO - [2026-06-02T09:54:18.114+0000] {dagbag.py:540} INFO - Filling up the DagBag from /home/airflow/.local/lib/python3.12/site-packages/airflow/example_dags/example_local_kubernetes_executor.py
[2026-06-02T09:54:18.121+0000] {processor.py:840} INFO - DAG(s) 'example_local_kubernetes_executor' retrieved from /home/airflow/.local/lib/python3.12/site-packages/airflow/example_dags/example_local_kubernetes_executor.py
[2026-06-02T09:54:18.147+0000] {logging_mixin.py:188} INFO - [2026-06-02T09:54:18.147+0000] {dag.py:3096} INFO - Sync 1 DAGs
[2026-06-02T09:54:18.159+0000] {logging_mixin.py:188} INFO - [2026-06-02T09:54:18.159+0000] {dag.py:3954} INFO - Setting next_dagrun for example_local_kubernetes_executor to None, run_after=None
[2026-06-02T09:54:18.175+0000] {processor.py:183} INFO - Processing /home/airflow/.local/lib/python3.12/site-packages/airflow/example_dags/example_local_kubernetes_executor.py took 0.069 seconds
[2026-06-02T09:54:48.698+0000] {processor.py:161} INFO - Started process (PID=702) to work on /home/airflow/.local/lib/python3.12/site-packages/airflow/example_dags/example_local_kubernetes_executor.py
[2026-06-02T09:54:48.700+0000] {processor.py:830} INFO - Processing file /home/airflow/.local/lib/python3.12/site-packages/airflow/example_dags/example_local_kubernetes_executor.py for tasks to queue
[2026-06-02T09:54:48.703+0000] {logging_mixin.py:188} INFO - [2026-06-02T09:54:48.703+0000] {dagbag.py:540} INFO - Filling up the DagBag from /home/airflow/.local/lib/python3.12/site-packages/airflow/example_dags/example_local_kubernetes_executor.py
[2026-06-02T09:54:48.716+0000] {processor.py:840} INFO - DAG(s) 'example_local_kubernetes_executor' retrieved from /home/airflow/.local/lib/python3.12/site-packages/airflow/example_dags/example_local_kubernetes_executor.py
[2026-06-02T09:54:48.771+0000] {logging_mixin.py:188} INFO - [2026-06-02T09:54:48.771+0000] {dag.py:3096} INFO - Sync 1 DAGs
[2026-06-02T09:54:48.791+0000] {logging_mixin.py:188} INFO - [2026-06-02T09:54:48.790+0000] {dag.py:3954} INFO - Setting next_dagrun for example_local_kubernetes_executor to None, run_after=None
[2026-06-02T09:54:48.826+0000] {processor.py:183} INFO - Processing /home/airflow/.local/lib/python3.12/site-packages/airflow/example_dags/example_local_kubernetes_executor.py took 0.135 seconds
[2026-06-02T09:55:19.544+0000] {processor.py:161} INFO - Started process (PID=762) to work on /home/airflow/.local/lib/python3.12/site-packages/airflow/example_dags/example_local_kubernetes_executor.py
[2026-06-02T09:55:19.546+0000] {processor.py:830} INFO - Processing file /home/airflow/.local/lib/python3.12/site-packages/airflow/example_dags/example_local_kubernetes_executor.py for tasks to queue
[2026-06-02T09:55:19.550+0000] {logging_mixin.py:188} INFO - [2026-06-02T09:55:19.549+0000] {dagbag.py:540} INFO - Filling up the DagBag from /home/airflow/.local/lib/python3.12/site-packages/airflow/example_dags/example_local_kubernetes_executor.py
[2026-06-02T09:55:19.561+0000] {processor.py:840} INFO - DAG(s) 'example_local_kubernetes_executor' retrieved from /home/airflow/.local/lib/python3.12/site-packages/airflow/example_dags/example_local_kubernetes_executor.py
[2026-06-02T09:55:19.596+0000] {logging_mixin.py:188} INFO - [2026-06-02T09:55:19.596+0000] {dag.py:3096} INFO - Sync 1 DAGs
[2026-06-02T09:55:19.611+0000] {logging_mixin.py:188} INFO - [2026-06-02T09:55:19.610+0000] {dag.py:3954} INFO - Setting next_dagrun for example_local_kubernetes_executor to None, run_after=None
[2026-06-02T09:55:19.628+0000] {processor.py:183} INFO - Processing /home/airflow/.local/lib/python3.12/site-packages/airflow/example_dags/example_local_kubernetes_executor.py took 0.090 seconds
[2026-06-02T09:57:51.727+0000] {processor.py:161} INFO - Started process (PID=155) to work on /home/airflow/.local/lib/python3.12/site-packages/airflow/example_dags/example_local_kubernetes_executor.py
[2026-06-02T09:57:51.729+0000] {processor.py:830} INFO - Processing file /home/airflow/.local/lib/python3.12/site-packages/airflow/example_dags/example_local_kubernetes_executor.py for tasks to queue
[2026-06-02T09:57:51.730+0000] {logging_mixin.py:188} INFO - [2026-06-02T09:57:51.730+0000] {dagbag.py:540} INFO - Filling up the DagBag from /home/airflow/.local/lib/python3.12/site-packages/airflow/example_dags/example_local_kubernetes_executor.py
[2026-06-02T09:57:51.737+0000] {processor.py:840} INFO - DAG(s) 'example_local_kubernetes_executor' retrieved from /home/airflow/.local/lib/python3.12/site-packages/airflow/example_dags/example_local_kubernetes_executor.py
[2026-06-02T09:57:51.838+0000] {logging_mixin.py:188} INFO - [2026-06-02T09:57:51.838+0000] {override.py:1829} INFO - Created Permission View: can delete on DAG:example_local_kubernetes_executor
[2026-06-02T09:57:51.849+0000] {logging_mixin.py:188} INFO - [2026-06-02T09:57:51.849+0000] {override.py:1829} INFO - Created Permission View: can edit on DAG:example_local_kubernetes_executor
[2026-06-02T09:57:51.856+0000] {logging_mixin.py:188} INFO - [2026-06-02T09:57:51.856+0000] {override.py:1829} INFO - Created Permission View: can read on DAG:example_local_kubernetes_executor
[2026-06-02T09:57:51.857+0000] {logging_mixin.py:188} INFO - [2026-06-02T09:57:51.857+0000] {dag.py:3096} INFO - Sync 1 DAGs
[2026-06-02T09:57:51.870+0000] {logging_mixin.py:188} INFO - [2026-06-02T09:57:51.870+0000] {dag.py:3118} INFO - Creating ORM DAG for example_local_kubernetes_executor
[2026-06-02T09:57:51.871+0000] {logging_mixin.py:188} INFO - [2026-06-02T09:57:51.871+0000] {dag.py:3954} INFO - Setting next_dagrun for example_local_kubernetes_executor to None, run_after=None
[2026-06-02T09:57:51.887+0000] {processor.py:183} INFO - Processing /home/airflow/.local/lib/python3.12/site-packages/airflow/example_dags/example_local_kubernetes_executor.py took 0.165 seconds
[2026-06-02T09:58:22.548+0000] {processor.py:161} INFO - Started process (PID=216) to work on /home/airflow/.local/lib/python3.12/site-packages/airflow/example_dags/example_local_kubernetes_executor.py
[2026-06-02T09:58:22.549+0000] {processor.py:830} INFO - Processing file /home/airflow/.local/lib/python3.12/site-packages/airflow/example_dags/example_local_kubernetes_executor.py for tasks to queue
[2026-06-02T09:58:22.551+0000] {logging_mixin.py:188} INFO - [2026-06-02T09:58:22.551+0000] {dagbag.py:540} INFO - Filling up the DagBag from /home/airflow/.local/lib/python3.12/site-packages/airflow/example_dags/example_local_kubernetes_executor.py
[2026-06-02T09:58:22.557+0000] {processor.py:840} INFO - DAG(s) 'example_local_kubernetes_executor' retrieved from /home/airflow/.local/lib/python3.12/site-packages/airflow/example_dags/example_local_kubernetes_executor.py
[2026-06-02T09:58:22.589+0000] {logging_mixin.py:188} INFO - [2026-06-02T09:58:22.589+0000] {dag.py:3096} INFO - Sync 1 DAGs
[2026-06-02T09:58:22.600+0000] {logging_mixin.py:188} INFO - [2026-06-02T09:58:22.600+0000] {dag.py:3954} INFO - Setting next_dagrun for example_local_kubernetes_executor to None, run_after=None
[2026-06-02T09:58:22.616+0000] {processor.py:183} INFO - Processing /home/airflow/.local/lib/python3.12/site-packages/airflow/example_dags/example_local_kubernetes_executor.py took 0.072 seconds
[2026-06-02T09:58:52.748+0000] {processor.py:161} INFO - Started process (PID=276) to work on /home/airflow/.local/lib/python3.12/site-packages/airflow/example_dags/example_local_kubernetes_executor.py
[2026-06-02T09:58:52.749+0000] {processor.py:830} INFO - Processing file /home/airflow/.local/lib/python3.12/site-packages/airflow/example_dags/example_local_kubernetes_executor.py for tasks to queue
[2026-06-02T09:58:52.752+0000] {logging_mixin.py:188} INFO - [2026-06-02T09:58:52.751+0000] {dagbag.py:540} INFO - Filling up the DagBag from /home/airflow/.local/lib/python3.12/site-packages/airflow/example_dags/example_local_kubernetes_executor.py
[2026-06-02T09:58:52.758+0000] {processor.py:840} INFO - DAG(s) 'example_local_kubernetes_executor' retrieved from /home/airflow/.local/lib/python3.12/site-packages/airflow/example_dags/example_local_kubernetes_executor.py
[2026-06-02T09:58:52.784+0000] {logging_mixin.py:188} INFO - [2026-06-02T09:58:52.784+0000] {dag.py:3096} INFO - Sync 1 DAGs
[2026-06-02T09:58:52.794+0000] {logging_mixin.py:188} INFO - [2026-06-02T09:58:52.794+0000] {dag.py:3954} INFO - Setting next_dagrun for example_local_kubernetes_executor to None, run_after=None
[2026-06-02T09:58:52.808+0000] {processor.py:183} INFO - Processing /home/airflow/.local/lib/python3.12/site-packages/airflow/example_dags/example_local_kubernetes_executor.py took 0.064 seconds
[2026-06-02T09:59:23.361+0000] {processor.py:161} INFO - Started process (PID=336) to work on /home/airflow/.local/lib/python3.12/site-packages/airflow/example_dags/example_local_kubernetes_executor.py
[2026-06-02T09:59:23.362+0000] {processor.py:830} INFO - Processing file /home/airflow/.local/lib/python3.12/site-packages/airflow/example_dags/example_local_kubernetes_executor.py for tasks to queue
[2026-06-02T09:59:23.364+0000] {logging_mixin.py:188} INFO - [2026-06-02T09:59:23.363+0000] {dagbag.py:540} INFO - Filling up the DagBag from /home/airflow/.local/lib/python3.12/site-packages/airflow/example_dags/example_local_kubernetes_executor.py
[2026-06-02T09:59:23.370+0000] {processor.py:840} INFO - DAG(s) 'example_local_kubernetes_executor' retrieved from /home/airflow/.local/lib/python3.12/site-packages/airflow/example_dags/example_local_kubernetes_executor.py
[2026-06-02T09:59:23.397+0000] {logging_mixin.py:188} INFO - [2026-06-02T09:59:23.397+0000] {dag.py:3096} INFO - Sync 1 DAGs
[2026-06-02T09:59:23.407+0000] {logging_mixin.py:188} INFO - [2026-06-02T09:59:23.407+0000] {dag.py:3954} INFO - Setting next_dagrun for example_local_kubernetes_executor to None, run_after=None
[2026-06-02T09:59:23.422+0000] {processor.py:183} INFO - Processing /home/airflow/.local/lib/python3.12/site-packages/airflow/example_dags/example_local_kubernetes_executor.py took 0.066 seconds
[2026-06-02T09:59:53.516+0000] {processor.py:161} INFO - Started process (PID=396) to work on /home/airflow/.local/lib/python3.12/site-packages/airflow/example_dags/example_local_kubernetes_executor.py
[2026-06-02T09:59:53.517+0000] {processor.py:830} INFO - Processing file /home/airflow/.local/lib/python3.12/site-packages/airflow/example_dags/example_local_kubernetes_executor.py for tasks to queue
[2026-06-02T09:59:53.520+0000] {logging_mixin.py:188} INFO - [2026-06-02T09:59:53.519+0000] {dagbag.py:540} INFO - Filling up the DagBag from /home/airflow/.local/lib/python3.12/site-packages/airflow/example_dags/example_local_kubernetes_executor.py
[2026-06-02T09:59:53.526+0000] {processor.py:840} INFO - DAG(s) 'example_local_kubernetes_executor' retrieved from /home/airflow/.local/lib/python3.12/site-packages/airflow/example_dags/example_local_kubernetes_executor.py
[2026-06-02T09:59:53.556+0000] {logging_mixin.py:188} INFO - [2026-06-02T09:59:53.555+0000] {dag.py:3096} INFO - Sync 1 DAGs
[2026-06-02T09:59:53.569+0000] {logging_mixin.py:188} INFO - [2026-06-02T09:59:53.569+0000] {dag.py:3954} INFO - Setting next_dagrun for example_local_kubernetes_executor to None, run_after=None
[2026-06-02T09:59:53.587+0000] {processor.py:183} INFO - Processing /home/airflow/.local/lib/python3.12/site-packages/airflow/example_dags/example_local_kubernetes_executor.py took 0.075 seconds
[2026-06-02T10:00:23.953+0000] {processor.py:161} INFO - Started process (PID=456) to work on /home/airflow/.local/lib/python3.12/site-packages/airflow/example_dags/example_local_kubernetes_executor.py
[2026-06-02T10:00:23.955+0000] {processor.py:830} INFO - Processing file /home/airflow/.local/lib/python3.12/site-packages/airflow/example_dags/example_local_kubernetes_executor.py for tasks to queue
[2026-06-02T10:00:23.957+0000] {logging_mixin.py:188} INFO - [2026-06-02T10:00:23.957+0000] {dagbag.py:540} INFO - Filling up the DagBag from /home/airflow/.local/lib/python3.12/site-packages/airflow/example_dags/example_local_kubernetes_executor.py
[2026-06-02T10:00:23.964+0000] {processor.py:840} INFO - DAG(s) 'example_local_kubernetes_executor' retrieved from /home/airflow/.local/lib/python3.12/site-packages/airflow/example_dags/example_local_kubernetes_executor.py
[2026-06-02T10:00:23.998+0000] {logging_mixin.py:188} INFO - [2026-06-02T10:00:23.998+0000] {dag.py:3096} INFO - Sync 1 DAGs
[2026-06-02T10:00:24.012+0000] {logging_mixin.py:188} INFO - [2026-06-02T10:00:24.012+0000] {dag.py:3954} INFO - Setting next_dagrun for example_local_kubernetes_executor to None, run_after=None
[2026-06-02T10:00:24.032+0000] {processor.py:183} INFO - Processing /home/airflow/.local/lib/python3.12/site-packages/airflow/example_dags/example_local_kubernetes_executor.py took 0.084 seconds
[2026-06-02T10:00:54.198+0000] {processor.py:161} INFO - Started process (PID=516) to work on /home/airflow/.local/lib/python3.12/site-packages/airflow/example_dags/example_local_kubernetes_executor.py
[2026-06-02T10:00:54.199+0000] {processor.py:830} INFO - Processing file /home/airflow/.local/lib/python3.12/site-packages/airflow/example_dags/example_local_kubernetes_executor.py for tasks to queue
[2026-06-02T10:00:54.201+0000] {logging_mixin.py:188} INFO - [2026-06-02T10:00:54.201+0000] {dagbag.py:540} INFO - Filling up the DagBag from /home/airflow/.local/lib/python3.12/site-packages/airflow/example_dags/example_local_kubernetes_executor.py
[2026-06-02T10:00:54.209+0000] {processor.py:840} INFO - DAG(s) 'example_local_kubernetes_executor' retrieved from /home/airflow/.local/lib/python3.12/site-packages/airflow/example_dags/example_local_kubernetes_executor.py
[2026-06-02T10:00:54.238+0000] {logging_mixin.py:188} INFO - [2026-06-02T10:00:54.237+0000] {dag.py:3096} INFO - Sync 1 DAGs
[2026-06-02T10:00:54.248+0000] {logging_mixin.py:188} INFO - [2026-06-02T10:00:54.248+0000] {dag.py:3954} INFO - Setting next_dagrun for example_local_kubernetes_executor to None, run_after=None
[2026-06-02T10:00:54.266+0000] {processor.py:183} INFO - Processing /home/airflow/.local/lib/python3.12/site-packages/airflow/example_dags/example_local_kubernetes_executor.py took 0.072 seconds
[2026-06-02T10:01:24.527+0000] {processor.py:161} INFO - Started process (PID=576) to work on /home/airflow/.local/lib/python3.12/site-packages/airflow/example_dags/example_local_kubernetes_executor.py
[2026-06-02T10:01:24.528+0000] {processor.py:830} INFO - Processing file /home/airflow/.local/lib/python3.12/site-packages/airflow/example_dags/example_local_kubernetes_executor.py for tasks to queue
[2026-06-02T10:01:24.529+0000] {logging_mixin.py:188} INFO - [2026-06-02T10:01:24.529+0000] {dagbag.py:540} INFO - Filling up the DagBag from /home/airflow/.local/lib/python3.12/site-packages/airflow/example_dags/example_local_kubernetes_executor.py
[2026-06-02T10:01:24.537+0000] {processor.py:840} INFO - DAG(s) 'example_local_kubernetes_executor' retrieved from /home/airflow/.local/lib/python3.12/site-packages/airflow/example_dags/example_local_kubernetes_executor.py
[2026-06-02T10:01:24.569+0000] {logging_mixin.py:188} INFO - [2026-06-02T10:01:24.569+0000] {dag.py:3096} INFO - Sync 1 DAGs
[2026-06-02T10:01:24.581+0000] {logging_mixin.py:188} INFO - [2026-06-02T10:01:24.581+0000] {dag.py:3954} INFO - Setting next_dagrun for example_local_kubernetes_executor to None, run_after=None
[2026-06-02T10:01:24.599+0000] {processor.py:183} INFO - Processing /home/airflow/.local/lib/python3.12/site-packages/airflow/example_dags/example_local_kubernetes_executor.py took 0.078 seconds
[2026-06-02T10:01:55.044+0000] {processor.py:161} INFO - Started process (PID=636) to work on /home/airflow/.local/lib/python3.12/site-packages/airflow/example_dags/example_local_kubernetes_executor.py
[2026-06-02T10:01:55.045+0000] {processor.py:830} INFO - Processing file /home/airflow/.local/lib/python3.12/site-packages/airflow/example_dags/example_local_kubernetes_executor.py for tasks to queue
[2026-06-02T10:01:55.046+0000] {logging_mixin.py:188} INFO - [2026-06-02T10:01:55.046+0000] {dagbag.py:540} INFO - Filling up the DagBag from /home/airflow/.local/lib/python3.12/site-packages/airflow/example_dags/example_local_kubernetes_executor.py
[2026-06-02T10:01:55.053+0000] {processor.py:840} INFO - DAG(s) 'example_local_kubernetes_executor' retrieved from /home/airflow/.local/lib/python3.12/site-packages/airflow/example_dags/example_local_kubernetes_executor.py
[2026-06-02T10:01:55.083+0000] {logging_mixin.py:188} INFO - [2026-06-02T10:01:55.082+0000] {dag.py:3096} INFO - Sync 1 DAGs
[2026-06-02T10:01:55.096+0000] {logging_mixin.py:188} INFO - [2026-06-02T10:01:55.096+0000] {dag.py:3954} INFO - Setting next_dagrun for example_local_kubernetes_executor to None, run_after=None
[2026-06-02T10:01:55.118+0000] {processor.py:183} INFO - Processing /home/airflow/.local/lib/python3.12/site-packages/airflow/example_dags/example_local_kubernetes_executor.py took 0.079 seconds
[2026-06-02T10:02:25.761+0000] {processor.py:161} INFO - Started process (PID=696) to work on /home/airflow/.local/lib/python3.12/site-packages/airflow/example_dags/example_local_kubernetes_executor.py
[2026-06-02T10:02:25.763+0000] {processor.py:830} INFO - Processing file /home/airflow/.local/lib/python3.12/site-packages/airflow/example_dags/example_local_kubernetes_executor.py for tasks to queue
[2026-06-02T10:02:25.765+0000] {logging_mixin.py:188} INFO - [2026-06-02T10:02:25.764+0000] {dagbag.py:540} INFO - Filling up the DagBag from /home/airflow/.local/lib/python3.12/site-packages/airflow/example_dags/example_local_kubernetes_executor.py
[2026-06-02T10:02:25.774+0000] {processor.py:840} INFO - DAG(s) 'example_local_kubernetes_executor' retrieved from /home/airflow/.local/lib/python3.12/site-packages/airflow/example_dags/example_local_kubernetes_executor.py
[2026-06-02T10:02:25.813+0000] {logging_mixin.py:188} INFO - [2026-06-02T10:02:25.813+0000] {dag.py:3096} INFO - Sync 1 DAGs
[2026-06-02T10:02:25.830+0000] {logging_mixin.py:188} INFO - [2026-06-02T10:02:25.829+0000] {dag.py:3954} INFO - Setting next_dagrun for example_local_kubernetes_executor to None, run_after=None
[2026-06-02T10:02:25.853+0000] {processor.py:183} INFO - Processing /home/airflow/.local/lib/python3.12/site-packages/airflow/example_dags/example_local_kubernetes_executor.py took 0.097 seconds
[2026-06-02T10:04:13.780+0000] {processor.py:161} INFO - Started process (PID=196) to work on /home/airflow/.local/lib/python3.12/site-packages/airflow/example_dags/example_local_kubernetes_executor.py
[2026-06-02T10:04:13.781+0000] {processor.py:830} INFO - Processing file /home/airflow/.local/lib/python3.12/site-packages/airflow/example_dags/example_local_kubernetes_executor.py for tasks to queue
[2026-06-02T10:04:13.783+0000] {logging_mixin.py:188} INFO - [2026-06-02T10:04:13.783+0000] {dagbag.py:540} INFO - Filling up the DagBag from /home/airflow/.local/lib/python3.12/site-packages/airflow/example_dags/example_local_kubernetes_executor.py
[2026-06-02T10:04:13.791+0000] {processor.py:840} INFO - DAG(s) 'example_local_kubernetes_executor' retrieved from /home/airflow/.local/lib/python3.12/site-packages/airflow/example_dags/example_local_kubernetes_executor.py
[2026-06-02T10:04:13.911+0000] {logging_mixin.py:188} INFO - [2026-06-02T10:04:13.910+0000] {override.py:1829} INFO - Created Permission View: can delete on DAG:example_local_kubernetes_executor
[2026-06-02T10:04:13.920+0000] {logging_mixin.py:188} INFO - [2026-06-02T10:04:13.920+0000] {override.py:1829} INFO - Created Permission View: can read on DAG:example_local_kubernetes_executor
[2026-06-02T10:04:13.926+0000] {logging_mixin.py:188} INFO - [2026-06-02T10:04:13.926+0000] {override.py:1829} INFO - Created Permission View: can edit on DAG:example_local_kubernetes_executor
[2026-06-02T10:04:13.927+0000] {logging_mixin.py:188} INFO - [2026-06-02T10:04:13.927+0000] {dag.py:3096} INFO - Sync 1 DAGs
[2026-06-02T10:04:13.937+0000] {logging_mixin.py:188} INFO - [2026-06-02T10:04:13.936+0000] {dag.py:3118} INFO - Creating ORM DAG for example_local_kubernetes_executor
[2026-06-02T10:04:13.938+0000] {logging_mixin.py:188} INFO - [2026-06-02T10:04:13.937+0000] {dag.py:3954} INFO - Setting next_dagrun for example_local_kubernetes_executor to None, run_after=None
[2026-06-02T10:04:13.954+0000] {processor.py:183} INFO - Processing /home/airflow/.local/lib/python3.12/site-packages/airflow/example_dags/example_local_kubernetes_executor.py took 0.182 seconds
[2026-06-02T10:04:44.099+0000] {processor.py:161} INFO - Started process (PID=258) to work on /home/airflow/.local/lib/python3.12/site-packages/airflow/example_dags/example_local_kubernetes_executor.py
[2026-06-02T10:04:44.100+0000] {processor.py:830} INFO - Processing file /home/airflow/.local/lib/python3.12/site-packages/airflow/example_dags/example_local_kubernetes_executor.py for tasks to queue
[2026-06-02T10:04:44.102+0000] {logging_mixin.py:188} INFO - [2026-06-02T10:04:44.102+0000] {dagbag.py:540} INFO - Filling up the DagBag from /home/airflow/.local/lib/python3.12/site-packages/airflow/example_dags/example_local_kubernetes_executor.py
[2026-06-02T10:04:44.110+0000] {processor.py:840} INFO - DAG(s) 'example_local_kubernetes_executor' retrieved from /home/airflow/.local/lib/python3.12/site-packages/airflow/example_dags/example_local_kubernetes_executor.py
[2026-06-02T10:04:44.147+0000] {logging_mixin.py:188} INFO - [2026-06-02T10:04:44.147+0000] {dag.py:3096} INFO - Sync 1 DAGs
[2026-06-02T10:04:44.160+0000] {logging_mixin.py:188} INFO - [2026-06-02T10:04:44.160+0000] {dag.py:3954} INFO - Setting next_dagrun for example_local_kubernetes_executor to None, run_after=None
[2026-06-02T10:04:44.187+0000] {processor.py:183} INFO - Processing /home/airflow/.local/lib/python3.12/site-packages/airflow/example_dags/example_local_kubernetes_executor.py took 0.095 seconds
[2026-06-02T10:05:15.048+0000] {processor.py:161} INFO - Started process (PID=320) to work on /home/airflow/.local/lib/python3.12/site-packages/airflow/example_dags/example_local_kubernetes_executor.py
[2026-06-02T10:05:15.049+0000] {processor.py:830} INFO - Processing file /home/airflow/.local/lib/python3.12/site-packages/airflow/example_dags/example_local_kubernetes_executor.py for tasks to queue
[2026-06-02T10:05:15.050+0000] {logging_mixin.py:188} INFO - [2026-06-02T10:05:15.050+0000] {dagbag.py:540} INFO - Filling up the DagBag from /home/airflow/.local/lib/python3.12/site-packages/airflow/example_dags/example_local_kubernetes_executor.py
[2026-06-02T10:05:15.056+0000] {processor.py:840} INFO - DAG(s) 'example_local_kubernetes_executor' retrieved from /home/airflow/.local/lib/python3.12/site-packages/airflow/example_dags/example_local_kubernetes_executor.py
[2026-06-02T10:05:15.086+0000] {logging_mixin.py:188} INFO - [2026-06-02T10:05:15.085+0000] {dag.py:3096} INFO - Sync 1 DAGs
[2026-06-02T10:05:15.099+0000] {logging_mixin.py:188} INFO - [2026-06-02T10:05:15.099+0000] {dag.py:3954} INFO - Setting next_dagrun for example_local_kubernetes_executor to None, run_after=None
[2026-06-02T10:05:15.116+0000] {processor.py:183} INFO - Processing /home/airflow/.local/lib/python3.12/site-packages/airflow/example_dags/example_local_kubernetes_executor.py took 0.073 seconds
[2026-06-02T10:05:45.388+0000] {processor.py:161} INFO - Started process (PID=398) to work on /home/airflow/.local/lib/python3.12/site-packages/airflow/example_dags/example_local_kubernetes_executor.py
[2026-06-02T10:05:45.391+0000] {processor.py:830} INFO - Processing file /home/airflow/.local/lib/python3.12/site-packages/airflow/example_dags/example_local_kubernetes_executor.py for tasks to queue
[2026-06-02T10:05:45.392+0000] {logging_mixin.py:188} INFO - [2026-06-02T10:05:45.392+0000] {dagbag.py:540} INFO - Filling up the DagBag from /home/airflow/.local/lib/python3.12/site-packages/airflow/example_dags/example_local_kubernetes_executor.py
[2026-06-02T10:05:45.399+0000] {processor.py:840} INFO - DAG(s) 'example_local_kubernetes_executor' retrieved from /home/airflow/.local/lib/python3.12/site-packages/airflow/example_dags/example_local_kubernetes_executor.py
[2026-06-02T10:05:45.428+0000] {logging_mixin.py:188} INFO - [2026-06-02T10:05:45.427+0000] {dag.py:3096} INFO - Sync 1 DAGs
[2026-06-02T10:05:45.438+0000] {logging_mixin.py:188} INFO - [2026-06-02T10:05:45.438+0000] {dag.py:3954} INFO - Setting next_dagrun for example_local_kubernetes_executor to None, run_after=None
[2026-06-02T10:05:45.455+0000] {processor.py:183} INFO - Processing /home/airflow/.local/lib/python3.12/site-packages/airflow/example_dags/example_local_kubernetes_executor.py took 0.071 seconds
[2026-06-02T10:06:15.705+0000] {processor.py:161} INFO - Started process (PID=460) to work on /home/airflow/.local/lib/python3.12/site-packages/airflow/example_dags/example_local_kubernetes_executor.py
[2026-06-02T10:06:15.706+0000] {processor.py:830} INFO - Processing file /home/airflow/.local/lib/python3.12/site-packages/airflow/example_dags/example_local_kubernetes_executor.py for tasks to queue
[2026-06-02T10:06:15.708+0000] {logging_mixin.py:188} INFO - [2026-06-02T10:06:15.708+0000] {dagbag.py:540} INFO - Filling up the DagBag from /home/airflow/.local/lib/python3.12/site-packages/airflow/example_dags/example_local_kubernetes_executor.py
[2026-06-02T10:06:15.715+0000] {processor.py:840} INFO - DAG(s) 'example_local_kubernetes_executor' retrieved from /home/airflow/.local/lib/python3.12/site-packages/airflow/example_dags/example_local_kubernetes_executor.py
[2026-06-02T10:06:15.743+0000] {logging_mixin.py:188} INFO - [2026-06-02T10:06:15.743+0000] {dag.py:3096} INFO - Sync 1 DAGs
[2026-06-02T10:06:15.754+0000] {logging_mixin.py:188} INFO - [2026-06-02T10:06:15.754+0000] {dag.py:3954} INFO - Setting next_dagrun for example_local_kubernetes_executor to None, run_after=None
[2026-06-02T10:06:15.772+0000] {processor.py:183} INFO - Processing /home/airflow/.local/lib/python3.12/site-packages/airflow/example_dags/example_local_kubernetes_executor.py took 0.073 seconds
[2026-06-02T10:06:46.147+0000] {processor.py:161} INFO - Started process (PID=528) to work on /home/airflow/.local/lib/python3.12/site-packages/airflow/example_dags/example_local_kubernetes_executor.py
[2026-06-02T10:06:46.149+0000] {processor.py:830} INFO - Processing file /home/airflow/.local/lib/python3.12/site-packages/airflow/example_dags/example_local_kubernetes_executor.py for tasks to queue
[2026-06-02T10:06:46.151+0000] {logging_mixin.py:188} INFO - [2026-06-02T10:06:46.150+0000] {dagbag.py:540} INFO - Filling up the DagBag from /home/airflow/.local/lib/python3.12/site-packages/airflow/example_dags/example_local_kubernetes_executor.py
[2026-06-02T10:06:46.157+0000] {processor.py:840} INFO - DAG(s) 'example_local_kubernetes_executor' retrieved from /home/airflow/.local/lib/python3.12/site-packages/airflow/example_dags/example_local_kubernetes_executor.py
[2026-06-02T10:06:46.192+0000] {logging_mixin.py:188} INFO - [2026-06-02T10:06:46.191+0000] {dag.py:3096} INFO - Sync 1 DAGs
[2026-06-02T10:06:46.202+0000] {logging_mixin.py:188} INFO - [2026-06-02T10:06:46.202+0000] {dag.py:3954} INFO - Setting next_dagrun for example_local_kubernetes_executor to None, run_after=None
[2026-06-02T10:06:46.223+0000] {processor.py:183} INFO - Processing /home/airflow/.local/lib/python3.12/site-packages/airflow/example_dags/example_local_kubernetes_executor.py took 0.080 seconds
[2026-06-02T10:07:16.408+0000] {processor.py:161} INFO - Started process (PID=590) to work on /home/airflow/.local/lib/python3.12/site-packages/airflow/example_dags/example_local_kubernetes_executor.py
[2026-06-02T10:07:16.410+0000] {processor.py:830} INFO - Processing file /home/airflow/.local/lib/python3.12/site-packages/airflow/example_dags/example_local_kubernetes_executor.py for tasks to queue
[2026-06-02T10:07:16.414+0000] {logging_mixin.py:188} INFO - [2026-06-02T10:07:16.413+0000] {dagbag.py:540} INFO - Filling up the DagBag from /home/airflow/.local/lib/python3.12/site-packages/airflow/example_dags/example_local_kubernetes_executor.py
[2026-06-02T10:07:16.424+0000] {processor.py:840} INFO - DAG(s) 'example_local_kubernetes_executor' retrieved from /home/airflow/.local/lib/python3.12/site-packages/airflow/example_dags/example_local_kubernetes_executor.py
[2026-06-02T10:07:16.465+0000] {logging_mixin.py:188} INFO - [2026-06-02T10:07:16.465+0000] {dag.py:3096} INFO - Sync 1 DAGs
[2026-06-02T10:07:16.478+0000] {logging_mixin.py:188} INFO - [2026-06-02T10:07:16.478+0000] {dag.py:3954} INFO - Setting next_dagrun for example_local_kubernetes_executor to None, run_after=None
[2026-06-02T10:07:16.506+0000] {processor.py:183} INFO - Processing /home/airflow/.local/lib/python3.12/site-packages/airflow/example_dags/example_local_kubernetes_executor.py took 0.108 seconds
[2026-06-02T10:07:46.929+0000] {processor.py:161} INFO - Started process (PID=652) to work on /home/airflow/.local/lib/python3.12/site-packages/airflow/example_dags/example_local_kubernetes_executor.py
[2026-06-02T10:07:46.930+0000] {processor.py:830} INFO - Processing file /home/airflow/.local/lib/python3.12/site-packages/airflow/example_dags/example_local_kubernetes_executor.py for tasks to queue
[2026-06-02T10:07:46.931+0000] {logging_mixin.py:188} INFO - [2026-06-02T10:07:46.931+0000] {dagbag.py:540} INFO - Filling up the DagBag from /home/airflow/.local/lib/python3.12/site-packages/airflow/example_dags/example_local_kubernetes_executor.py
[2026-06-02T10:07:46.938+0000] {processor.py:840} INFO - DAG(s) 'example_local_kubernetes_executor' retrieved from /home/airflow/.local/lib/python3.12/site-packages/airflow/example_dags/example_local_kubernetes_executor.py
[2026-06-02T10:07:46.968+0000] {logging_mixin.py:188} INFO - [2026-06-02T10:07:46.968+0000] {dag.py:3096} INFO - Sync 1 DAGs
[2026-06-02T10:07:46.982+0000] {logging_mixin.py:188} INFO - [2026-06-02T10:07:46.981+0000] {dag.py:3954} INFO - Setting next_dagrun for example_local_kubernetes_executor to None, run_after=None
[2026-06-02T10:07:46.999+0000] {processor.py:183} INFO - Processing /home/airflow/.local/lib/python3.12/site-packages/airflow/example_dags/example_local_kubernetes_executor.py took 0.076 seconds
[2026-06-02T10:08:17.429+0000] {processor.py:161} INFO - Started process (PID=714) to work on /home/airflow/.local/lib/python3.12/site-packages/airflow/example_dags/example_local_kubernetes_executor.py
[2026-06-02T10:08:17.431+0000] {processor.py:830} INFO - Processing file /home/airflow/.local/lib/python3.12/site-packages/airflow/example_dags/example_local_kubernetes_executor.py for tasks to queue
[2026-06-02T10:08:17.433+0000] {logging_mixin.py:188} INFO - [2026-06-02T10:08:17.433+0000] {dagbag.py:540} INFO - Filling up the DagBag from /home/airflow/.local/lib/python3.12/site-packages/airflow/example_dags/example_local_kubernetes_executor.py
[2026-06-02T10:08:17.441+0000] {processor.py:840} INFO - DAG(s) 'example_local_kubernetes_executor' retrieved from /home/airflow/.local/lib/python3.12/site-packages/airflow/example_dags/example_local_kubernetes_executor.py
[2026-06-02T10:08:17.480+0000] {logging_mixin.py:188} INFO - [2026-06-02T10:08:17.479+0000] {dag.py:3096} INFO - Sync 1 DAGs
[2026-06-02T10:08:17.497+0000] {logging_mixin.py:188} INFO - [2026-06-02T10:08:17.497+0000] {dag.py:3954} INFO - Setting next_dagrun for example_local_kubernetes_executor to None, run_after=None
[2026-06-02T10:08:17.528+0000] {processor.py:183} INFO - Processing /home/airflow/.local/lib/python3.12/site-packages/airflow/example_dags/example_local_kubernetes_executor.py took 0.108 seconds
[2026-06-02T10:08:48.285+0000] {processor.py:161} INFO - Started process (PID=776) to work on /home/airflow/.local/lib/python3.12/site-packages/airflow/example_dags/example_local_kubernetes_executor.py
[2026-06-02T10:08:48.287+0000] {processor.py:830} INFO - Processing file /home/airflow/.local/lib/python3.12/site-packages/airflow/example_dags/example_local_kubernetes_executor.py for tasks to queue
[2026-06-02T10:08:48.288+0000] {logging_mixin.py:188} INFO - [2026-06-02T10:08:48.288+0000] {dagbag.py:540} INFO - Filling up the DagBag from /home/airflow/.local/lib/python3.12/site-packages/airflow/example_dags/example_local_kubernetes_executor.py
[2026-06-02T10:08:48.296+0000] {processor.py:840} INFO - DAG(s) 'example_local_kubernetes_executor' retrieved from /home/airflow/.local/lib/python3.12/site-packages/airflow/example_dags/example_local_kubernetes_executor.py
[2026-06-02T10:08:48.327+0000] {logging_mixin.py:188} INFO - [2026-06-02T10:08:48.327+0000] {dag.py:3096} INFO - Sync 1 DAGs
[2026-06-02T10:08:48.340+0000] {logging_mixin.py:188} INFO - [2026-06-02T10:08:48.339+0000] {dag.py:3954} INFO - Setting next_dagrun for example_local_kubernetes_executor to None, run_after=None
[2026-06-02T10:08:48.363+0000] {processor.py:183} INFO - Processing /home/airflow/.local/lib/python3.12/site-packages/airflow/example_dags/example_local_kubernetes_executor.py took 0.083 seconds
[2026-06-02T10:09:19.069+0000] {processor.py:161} INFO - Started process (PID=838) to work on /home/airflow/.local/lib/python3.12/site-packages/airflow/example_dags/example_local_kubernetes_executor.py
[2026-06-02T10:09:19.070+0000] {processor.py:830} INFO - Processing file /home/airflow/.local/lib/python3.12/site-packages/airflow/example_dags/example_local_kubernetes_executor.py for tasks to queue
[2026-06-02T10:09:19.072+0000] {logging_mixin.py:188} INFO - [2026-06-02T10:09:19.072+0000] {dagbag.py:540} INFO - Filling up the DagBag from /home/airflow/.local/lib/python3.12/site-packages/airflow/example_dags/example_local_kubernetes_executor.py
[2026-06-02T10:09:19.079+0000] {processor.py:840} INFO - DAG(s) 'example_local_kubernetes_executor' retrieved from /home/airflow/.local/lib/python3.12/site-packages/airflow/example_dags/example_local_kubernetes_executor.py
[2026-06-02T10:09:19.108+0000] {logging_mixin.py:188} INFO - [2026-06-02T10:09:19.108+0000] {dag.py:3096} INFO - Sync 1 DAGs
[2026-06-02T10:09:19.124+0000] {logging_mixin.py:188} INFO - [2026-06-02T10:09:19.123+0000] {dag.py:3954} INFO - Setting next_dagrun for example_local_kubernetes_executor to None, run_after=None
[2026-06-02T10:09:19.145+0000] {processor.py:183} INFO - Processing /home/airflow/.local/lib/python3.12/site-packages/airflow/example_dags/example_local_kubernetes_executor.py took 0.081 seconds
[2026-06-02T10:09:49.840+0000] {processor.py:161} INFO - Started process (PID=900) to work on /home/airflow/.local/lib/python3.12/site-packages/airflow/example_dags/example_local_kubernetes_executor.py
[2026-06-02T10:09:49.841+0000] {processor.py:830} INFO - Processing file /home/airflow/.local/lib/python3.12/site-packages/airflow/example_dags/example_local_kubernetes_executor.py for tasks to queue
[2026-06-02T10:09:49.843+0000] {logging_mixin.py:188} INFO - [2026-06-02T10:09:49.843+0000] {dagbag.py:540} INFO - Filling up the DagBag from /home/airflow/.local/lib/python3.12/site-packages/airflow/example_dags/example_local_kubernetes_executor.py
[2026-06-02T10:09:49.849+0000] {processor.py:840} INFO - DAG(s) 'example_local_kubernetes_executor' retrieved from /home/airflow/.local/lib/python3.12/site-packages/airflow/example_dags/example_local_kubernetes_executor.py
[2026-06-02T10:09:49.881+0000] {logging_mixin.py:188} INFO - [2026-06-02T10:09:49.880+0000] {dag.py:3096} INFO - Sync 1 DAGs
[2026-06-02T10:09:49.894+0000] {logging_mixin.py:188} INFO - [2026-06-02T10:09:49.894+0000] {dag.py:3954} INFO - Setting next_dagrun for example_local_kubernetes_executor to None, run_after=None
[2026-06-02T10:09:49.912+0000] {processor.py:183} INFO - Processing /home/airflow/.local/lib/python3.12/site-packages/airflow/example_dags/example_local_kubernetes_executor.py took 0.078 seconds
[2026-06-02T10:10:20.177+0000] {processor.py:161} INFO - Started process (PID=962) to work on /home/airflow/.local/lib/python3.12/site-packages/airflow/example_dags/example_local_kubernetes_executor.py
[2026-06-02T10:10:20.178+0000] {processor.py:830} INFO - Processing file /home/airflow/.local/lib/python3.12/site-packages/airflow/example_dags/example_local_kubernetes_executor.py for tasks to queue
[2026-06-02T10:10:20.180+0000] {logging_mixin.py:188} INFO - [2026-06-02T10:10:20.179+0000] {dagbag.py:540} INFO - Filling up the DagBag from /home/airflow/.local/lib/python3.12/site-packages/airflow/example_dags/example_local_kubernetes_executor.py
[2026-06-02T10:10:20.186+0000] {processor.py:840} INFO - DAG(s) 'example_local_kubernetes_executor' retrieved from /home/airflow/.local/lib/python3.12/site-packages/airflow/example_dags/example_local_kubernetes_executor.py
[2026-06-02T10:10:20.215+0000] {logging_mixin.py:188} INFO - [2026-06-02T10:10:20.215+0000] {dag.py:3096} INFO - Sync 1 DAGs
[2026-06-02T10:10:20.226+0000] {logging_mixin.py:188} INFO - [2026-06-02T10:10:20.226+0000] {dag.py:3954} INFO - Setting next_dagrun for example_local_kubernetes_executor to None, run_after=None
[2026-06-02T10:10:20.244+0000] {processor.py:183} INFO - Processing /home/airflow/.local/lib/python3.12/site-packages/airflow/example_dags/example_local_kubernetes_executor.py took 0.072 seconds
[2026-06-02T10:10:50.586+0000] {processor.py:161} INFO - Started process (PID=1024) to work on /home/airflow/.local/lib/python3.12/site-packages/airflow/example_dags/example_local_kubernetes_executor.py
[2026-06-02T10:10:50.587+0000] {processor.py:830} INFO - Processing file /home/airflow/.local/lib/python3.12/site-packages/airflow/example_dags/example_local_kubernetes_executor.py for tasks to queue
[2026-06-02T10:10:50.590+0000] {logging_mixin.py:188} INFO - [2026-06-02T10:10:50.590+0000] {dagbag.py:540} INFO - Filling up the DagBag from /home/airflow/.local/lib/python3.12/site-packages/airflow/example_dags/example_local_kubernetes_executor.py
[2026-06-02T10:10:50.605+0000] {processor.py:840} INFO - DAG(s) 'example_local_kubernetes_executor' retrieved from /home/airflow/.local/lib/python3.12/site-packages/airflow/example_dags/example_local_kubernetes_executor.py
[2026-06-02T10:10:50.649+0000] {logging_mixin.py:188} INFO - [2026-06-02T10:10:50.649+0000] {dag.py:3096} INFO - Sync 1 DAGs
[2026-06-02T10:10:50.665+0000] {logging_mixin.py:188} INFO - [2026-06-02T10:10:50.664+0000] {dag.py:3954} INFO - Setting next_dagrun for example_local_kubernetes_executor to None, run_after=None
[2026-06-02T10:10:50.692+0000] {processor.py:183} INFO - Processing /home/airflow/.local/lib/python3.12/site-packages/airflow/example_dags/example_local_kubernetes_executor.py took 0.114 seconds
[2026-06-02T10:11:21.538+0000] {processor.py:161} INFO - Started process (PID=1086) to work on /home/airflow/.local/lib/python3.12/site-packages/airflow/example_dags/example_local_kubernetes_executor.py
[2026-06-02T10:11:21.540+0000] {processor.py:830} INFO - Processing file /home/airflow/.local/lib/python3.12/site-packages/airflow/example_dags/example_local_kubernetes_executor.py for tasks to queue
[2026-06-02T10:11:21.543+0000] {logging_mixin.py:188} INFO - [2026-06-02T10:11:21.542+0000] {dagbag.py:540} INFO - Filling up the DagBag from /home/airflow/.local/lib/python3.12/site-packages/airflow/example_dags/example_local_kubernetes_executor.py
[2026-06-02T10:11:21.552+0000] {processor.py:840} INFO - DAG(s) 'example_local_kubernetes_executor' retrieved from /home/airflow/.local/lib/python3.12/site-packages/airflow/example_dags/example_local_kubernetes_executor.py
[2026-06-02T10:11:21.597+0000] {logging_mixin.py:188} INFO - [2026-06-02T10:11:21.597+0000] {dag.py:3096} INFO - Sync 1 DAGs
[2026-06-02T10:11:21.617+0000] {logging_mixin.py:188} INFO - [2026-06-02T10:11:21.616+0000] {dag.py:3954} INFO - Setting next_dagrun for example_local_kubernetes_executor to None, run_after=None
[2026-06-02T10:11:21.640+0000] {processor.py:183} INFO - Processing /home/airflow/.local/lib/python3.12/site-packages/airflow/example_dags/example_local_kubernetes_executor.py took 0.109 seconds
[2026-06-02T10:11:51.793+0000] {processor.py:161} INFO - Started process (PID=1148) to work on /home/airflow/.local/lib/python3.12/site-packages/airflow/example_dags/example_local_kubernetes_executor.py
[2026-06-02T10:11:51.794+0000] {processor.py:830} INFO - Processing file /home/airflow/.local/lib/python3.12/site-packages/airflow/example_dags/example_local_kubernetes_executor.py for tasks to queue
[2026-06-02T10:11:51.795+0000] {logging_mixin.py:188} INFO - [2026-06-02T10:11:51.795+0000] {dagbag.py:540} INFO - Filling up the DagBag from /home/airflow/.local/lib/python3.12/site-packages/airflow/example_dags/example_local_kubernetes_executor.py
[2026-06-02T10:11:51.802+0000] {processor.py:840} INFO - DAG(s) 'example_local_kubernetes_executor' retrieved from /home/airflow/.local/lib/python3.12/site-packages/airflow/example_dags/example_local_kubernetes_executor.py
[2026-06-02T10:11:51.831+0000] {logging_mixin.py:188} INFO - [2026-06-02T10:11:51.830+0000] {dag.py:3096} INFO - Sync 1 DAGs
[2026-06-02T10:11:51.841+0000] {logging_mixin.py:188} INFO - [2026-06-02T10:11:51.841+0000] {dag.py:3954} INFO - Setting next_dagrun for example_local_kubernetes_executor to None, run_after=None
[2026-06-02T10:11:51.860+0000] {processor.py:183} INFO - Processing /home/airflow/.local/lib/python3.12/site-packages/airflow/example_dags/example_local_kubernetes_executor.py took 0.071 seconds
[2026-06-02T10:12:22.426+0000] {processor.py:161} INFO - Started process (PID=1210) to work on /home/airflow/.local/lib/python3.12/site-packages/airflow/example_dags/example_local_kubernetes_executor.py
[2026-06-02T10:12:22.427+0000] {processor.py:830} INFO - Processing file /home/airflow/.local/lib/python3.12/site-packages/airflow/example_dags/example_local_kubernetes_executor.py for tasks to queue
[2026-06-02T10:12:22.429+0000] {logging_mixin.py:188} INFO - [2026-06-02T10:12:22.429+0000] {dagbag.py:540} INFO - Filling up the DagBag from /home/airflow/.local/lib/python3.12/site-packages/airflow/example_dags/example_local_kubernetes_executor.py
[2026-06-02T10:12:22.594+0000] {processor.py:840} INFO - DAG(s) 'example_local_kubernetes_executor' retrieved from /home/airflow/.local/lib/python3.12/site-packages/airflow/example_dags/example_local_kubernetes_executor.py
[2026-06-02T10:12:22.623+0000] {logging_mixin.py:188} INFO - [2026-06-02T10:12:22.623+0000] {dag.py:3096} INFO - Sync 1 DAGs
[2026-06-02T10:12:22.634+0000] {logging_mixin.py:188} INFO - [2026-06-02T10:12:22.633+0000] {dag.py:3954} INFO - Setting next_dagrun for example_local_kubernetes_executor to None, run_after=None
[2026-06-02T10:12:22.655+0000] {processor.py:183} INFO - Processing /home/airflow/.local/lib/python3.12/site-packages/airflow/example_dags/example_local_kubernetes_executor.py took 0.235 seconds
